churn_prediction_id,customer_id,churn_prediction,churn_probability,churn_risk_level,model_name,model_version,prediction_timestamp
CHN000001,CUS000001,Not Churn,0.0848,Low,Synthetic Churn Risk Model,1.0,2026-06-30
CHN000002,CUS000002,Not Churn,0.0057,Low,Synthetic Churn Risk Model,1.0,2026-06-30
CHN000003,CUS000003,Not Churn,0.2619,Low,Synthetic Churn Risk Model,1.0,2026-06-30
CHN000004,CUS000004,Not Churn,0.1322,Low,Synthetic Churn Risk Model,1.0,2026-06-30
CHN000005,CUS000005,Not Churn,0.1862,Low,Synthetic Churn Risk Model,1.0,2026-06-30
CHN000006,CUS000006,Not Churn,0.1763,Low,Synthetic Churn Risk Model,1.0,2026-06-30
CHN000007,CUS000007,Not Churn,0.0205,Low,Synthetic Churn Risk Model,1.0,2026-06-30
CHN000008,CUS000008,Not Churn,0.0528,Low,Synthetic Churn Risk Model,1.0,2026-06-30
CHN000009,CUS000009,Not Churn,0.0614,Low,Synthetic Churn Risk Model,1.0,2026-06-30
CHN000010,CUS000010,Not Churn,0.407,Medium,Synthetic Churn Risk Model,1.0,2026-06-30
CHN000011,CUS000011,Not Churn,0.1846,Low,Synthetic Churn Risk Model,1.0,2026-06-30
CHN000012,CUS000012,Not Churn,0.2377,Low,Synthetic Churn Risk Model,1.0,2026-06-30
CHN000013,CUS000013,Not Churn,0.0549,Low,Synthetic Churn Risk Model,1.0,2026-06-30
CHN000014,CUS000014,Not Churn,0.1066,Low,Synthetic Churn Risk Model,1.0,2026-06-30
CHN000015,CUS000015,Not Churn,0.0483,Low,Synthetic Churn Risk Model,1.0,2026-06-30
CHN000016,CUS000016,Not Churn,0.415,Medium,Synthetic Churn Risk Model,1.0,2026-06-30
CHN000017,CUS000017,Not Churn,0.1409,Low,Synthetic Churn Risk Model,1.0,2026-06-30
CHN000018,CUS000018,Not Churn,0.0138,Low,Synthetic Churn Risk Model,1.0,2026-06-30
CHN000019,CUS000019,Not Churn,0.147,Low,Synthetic Churn Risk Model,1.0,2026-06-30
CHN000020,CUS000020,Not Churn,0.3987,Medium,Synthetic Churn Risk Model,1.0,2026-06-30
CHN000021,CUS000021,Not Churn,0.1742,Low,Synthetic Churn Risk Model,1.0,2026-06-30
CHN000022,CUS000022,Not Churn,0.1479,Low,Synthetic Churn Risk Model,1.0,2026-06-30
CHN000023,CUS000023,Not Churn,0.0592,Low,Synthetic Churn Risk Model,1.0,2026-06-30
CHN000024,CUS000024,Not Churn,0.4288,Medium,Synthetic Churn Risk Model,1.0,2026-06-30
CHN000025,CUS000025,Not Churn,0.4035,Medium,Synthetic Churn Risk Model,1.0,2026-06-30
CHN000026,CUS000026,Not Churn,0.0773,Low,Synthetic Churn Risk Model,1.0,2026-06-30
CHN000027,CUS000027,Not Churn,0.1514,Low,Synthetic Churn Risk Model,1.0,2026-06-30
CHN000028,CUS000028,Not Churn,0.0614,Low,Synthetic Churn Risk Model,1.0,2026-06-30
CHN000029,CUS000029,Not Churn,0.0182,Low,Synthetic Churn Risk Model,1.0,2026-06-30
CHN000030,CUS000030,Not Churn,0.0323,Low,Synthetic Churn Risk Model,1.0,2026-06-30
CHN000031,CUS000031,Not Churn,0.0782,Low,Synthetic Churn Risk Model,1.0,2026-06-30
CHN000032,CUS000032,Not Churn,0.1649,Low,Synthetic Churn Risk Model,1.0,2026-06-30
CHN000033,CUS000033,Not Churn,0.1394,Low,Synthetic Churn Risk Model,1.0,2026-06-30
CHN000034,CUS000034,Not Churn,0.0558,Low,Synthetic Churn Risk Model,1.0,2026-06-30
CHN000035,CUS000035,Not Churn,0.08,Low,Synthetic Churn Risk Model,1.0,2026-06-30
CHN000036,CUS000036,Not Churn,0.0292,Low,Synthetic Churn Risk Model,1.0,2026-06-30
CHN000037,CUS000037,Not Churn,0.4202,Medium,Synthetic Churn Risk Model,1.0,2026-06-30
CHN000038,CUS000038,Not Churn,0.062,Low,Synthetic Churn Risk Model,1.0,2026-06-30
CHN000039,CUS000039,Not Churn,0.0565,Low,Synthetic Churn Risk Model,1.0,2026-06-30
CHN000040,CUS000040,Not Churn,0.1102,Low,Synthetic Churn Risk Model,1.0,2026-06-30
CHN000041,CUS000041,Not Churn,0.1716,Low,Synthetic Churn Risk Model,1.0,2026-06-30
CHN000042,CUS000042,Not Churn,0.4352,Medium,Synthetic Churn Risk Model,1.0,2026-06-30
CHN000043,CUS000043,Not Churn,0.0094,Low,Synthetic Churn Risk Model,1.0,2026-06-30
CHN000044,CUS000044,Not Churn,0.4195,Medium,Synthetic Churn Risk Model,1.0,2026-06-30
CHN000045,CUS000045,Not Churn,0.4038,Medium,Synthetic Churn Risk Model,1.0,2026-06-30
CHN000046,CUS000046,Not Churn,0.4099,Medium,Synthetic Churn Risk Model,1.0,2026-06-30
CHN000047,CUS000047,Not Churn,0.2185,Low,Synthetic Churn Risk Model,1.0,2026-06-30
CHN000048,CUS000048,Not Churn,0.0522,Low,Synthetic Churn Risk Model,1.0,2026-06-30
CHN000049,CUS000049,Not Churn,0.0569,Low,Synthetic Churn Risk Model,1.0,2026-06-30
CHN000050,CUS000050,Not Churn,0.0871,Low,Synthetic Churn Risk Model,1.0,2026-06-30
CHN000051,CUS000051,Not Churn,0.1032,Low,Synthetic Churn Risk Model,1.0,2026-06-30
CHN000052,CUS000052,Not Churn,0.1416,Low,Synthetic Churn Risk Model,1.0,2026-06-30
CHN000053,CUS000053,Not Churn,0.1574,Low,Synthetic Churn Risk Model,1.0,2026-06-30
CHN000054,CUS000054,Not Churn,0.4146,Medium,Synthetic Churn Risk Model,1.0,2026-06-30
CHN000055,CUS000055,Not Churn,0.0359,Low,Synthetic Churn Risk Model,1.0,2026-06-30
CHN000056,CUS000056,Not Churn,0.1599,Low,Synthetic Churn Risk Model,1.0,2026-06-30
CHN000057,CUS000057,Not Churn,0.4204,Medium,Synthetic Churn Risk Model,1.0,2026-06-30
CHN000058,CUS000058,Not Churn,0.1282,Low,Synthetic Churn Risk Model,1.0,2026-06-30
CHN000059,CUS000059,Not Churn,0.4382,Medium,Synthetic Churn Risk Model,1.0,2026-06-30
CHN000060,CUS000060,Not Churn,0.0624,Low,Synthetic Churn Risk Model,1.0,2026-06-30
CHN000061,CUS000061,Not Churn,0.1399,Low,Synthetic Churn Risk Model,1.0,2026-06-30
CHN000062,CUS000062,Not Churn,0.3141,Medium,Synthetic Churn Risk Model,1.0,2026-06-30
CHN000063,CUS000063,Not Churn,0.4041,Medium,Synthetic Churn Risk Model,1.0,2026-06-30
CHN000064,CUS000064,Not Churn,0.5835,Medium,Synthetic Churn Risk Model,1.0,2026-06-30
CHN000065,CUS000065,Not Churn,0.4318,Medium,Synthetic Churn Risk Model,1.0,2026-06-30
CHN000066,CUS000066,Not Churn,0.4013,Medium,Synthetic Churn Risk Model,1.0,2026-06-30
CHN000067,CUS000067,Not Churn,0.4172,Medium,Synthetic Churn Risk Model,1.0,2026-06-30
CHN000068,CUS000068,Not Churn,0.0543,Low,Synthetic Churn Risk Model,1.0,2026-06-30
CHN000069,CUS000069,Not Churn,0.257,Low,Synthetic Churn Risk Model,1.0,2026-06-30
CHN000070,CUS000070,Not Churn,0.2903,Low,Synthetic Churn Risk Model,1.0,2026-06-30
CHN000071,CUS000071,Not Churn,0.095,Low,Synthetic Churn Risk Model,1.0,2026-06-30
CHN000072,CUS000072,Not Churn,0.0664,Low,Synthetic Churn Risk Model,1.0,2026-06-30
CHN000073,CUS000073,Not Churn,0.0982,Low,Synthetic Churn Risk Model,1.0,2026-06-30
CHN000074,CUS000074,Not Churn,0.4245,Medium,Synthetic Churn Risk Model,1.0,2026-06-30
CHN000075,CUS000075,Not Churn,0.4294,Medium,Synthetic Churn Risk Model,1.0,2026-06-30
CHN000076,CUS000076,Not Churn,0.148,Low,Synthetic Churn Risk Model,1.0,2026-06-30
CHN000077,CUS000077,Not Churn,0.402,Medium,Synthetic Churn Risk Model,1.0,2026-06-30
CHN000078,CUS000078,Not Churn,0.0392,Low,Synthetic Churn Risk Model,1.0,2026-06-30
CHN000079,CUS000079,Not Churn,0.3466,Medium,Synthetic Churn Risk Model,1.0,2026-06-30
CHN000080,CUS000080,Not Churn,0.0283,Low,Synthetic Churn Risk Model,1.0,2026-06-30
CHN000081,CUS000081,Not Churn,0.1844,Low,Synthetic Churn Risk Model,1.0,2026-06-30
CHN000082,CUS000082,Not Churn,0.4067,Medium,Synthetic Churn Risk Model,1.0,2026-06-30
CHN000083,CUS000083,Not Churn,0.0386,Low,Synthetic Churn Risk Model,1.0,2026-06-30
CHN000084,CUS000084,Not Churn,0.0173,Low,Synthetic Churn Risk Model,1.0,2026-06-30
CHN000085,CUS000085,Not Churn,0.0252,Low,Synthetic Churn Risk Model,1.0,2026-06-30
CHN000086,CUS000086,Not Churn,0.0685,Low,Synthetic Churn Risk Model,1.0,2026-06-30
CHN000087,CUS000087,Not Churn,0.2647,Low,Synthetic Churn Risk Model,1.0,2026-06-30
CHN000088,CUS000088,Not Churn,0.0729,Low,Synthetic Churn Risk Model,1.0,2026-06-30
CHN000089,CUS000089,Not Churn,0.1351,Low,Synthetic Churn Risk Model,1.0,2026-06-30
CHN000090,CUS000090,Not Churn,0.2249,Low,Synthetic Churn Risk Model,1.0,2026-06-30
CHN000091,CUS000091,Not Churn,0.0278,Low,Synthetic Churn Risk Model,1.0,2026-06-30
CHN000092,CUS000092,Not Churn,0.0576,Low,Synthetic Churn Risk Model,1.0,2026-06-30
CHN000093,CUS000093,Not Churn,0.4134,Medium,Synthetic Churn Risk Model,1.0,2026-06-30
CHN000094,CUS000094,Not Churn,0.0456,Low,Synthetic Churn Risk Model,1.0,2026-06-30
CHN000095,CUS000095,Not Churn,0.3194,Medium,Synthetic Churn Risk Model,1.0,2026-06-30
CHN000096,CUS000096,Not Churn,0.0829,Low,Synthetic Churn Risk Model,1.0,2026-06-30
CHN000097,CUS000097,Not Churn,0.1963,Low,Synthetic Churn Risk Model,1.0,2026-06-30
CHN000098,CUS000098,Not Churn,0.0598,Low,Synthetic Churn Risk Model,1.0,2026-06-30
CHN000099,CUS000099,Not Churn,0.0291,Low,Synthetic Churn Risk Model,1.0,2026-06-30
CHN000100,CUS000100,Not Churn,0.0271,Low,Synthetic Churn Risk Model,1.0,2026-06-30
CHN000101,CUS000101,Not Churn,0.4059,Medium,Synthetic Churn Risk Model,1.0,2026-06-30
CHN000102,CUS000102,Not Churn,0.3016,Medium,Synthetic Churn Risk Model,1.0,2026-06-30
CHN000103,CUS000103,Not Churn,0.2219,Low,Synthetic Churn Risk Model,1.0,2026-06-30
CHN000104,CUS000104,Not Churn,0.4064,Medium,Synthetic Churn Risk Model,1.0,2026-06-30
CHN000105,CUS000105,Not Churn,0.0125,Low,Synthetic Churn Risk Model,1.0,2026-06-30
CHN000106,CUS000106,Not Churn,0.2976,Low,Synthetic Churn Risk Model,1.0,2026-06-30
CHN000107,CUS000107,Not Churn,0.4118,Medium,Synthetic Churn Risk Model,1.0,2026-06-30
CHN000108,CUS000108,Not Churn,0.0925,Low,Synthetic Churn Risk Model,1.0,2026-06-30
CHN000109,CUS000109,Not Churn,0.0899,Low,Synthetic Churn Risk Model,1.0,2026-06-30
CHN000110,CUS000110,Not Churn,0.0721,Low,Synthetic Churn Risk Model,1.0,2026-06-30
CHN000111,CUS000111,Not Churn,0.116,Low,Synthetic Churn Risk Model,1.0,2026-06-30
CHN000112,CUS000112,Not Churn,0.0325,Low,Synthetic Churn Risk Model,1.0,2026-06-30
CHN000113,CUS000113,Not Churn,0.2318,Low,Synthetic Churn Risk Model,1.0,2026-06-30
CHN000114,CUS000114,Not Churn,0.0457,Low,Synthetic Churn Risk Model,1.0,2026-06-30
CHN000115,CUS000115,Not Churn,0.0462,Low,Synthetic Churn Risk Model,1.0,2026-06-30
CHN000116,CUS000116,Not Churn,0.4629,Medium,Synthetic Churn Risk Model,1.0,2026-06-30
CHN000117,CUS000117,Not Churn,0.0809,Low,Synthetic Churn Risk Model,1.0,2026-06-30
CHN000118,CUS000118,Not Churn,0.0522,Low,Synthetic Churn Risk Model,1.0,2026-06-30
CHN000119,CUS000119,Not Churn,0.1493,Low,Synthetic Churn Risk Model,1.0,2026-06-30
CHN000120,CUS000120,Not Churn,0.3153,Medium,Synthetic Churn Risk Model,1.0,2026-06-30
CHN000121,CUS000121,Not Churn,0.066,Low,Synthetic Churn Risk Model,1.0,2026-06-30
CHN000122,CUS000122,Not Churn,0.0583,Low,Synthetic Churn Risk Model,1.0,2026-06-30
CHN000123,CUS000123,Not Churn,0.1288,Low,Synthetic Churn Risk Model,1.0,2026-06-30
CHN000124,CUS000124,Not Churn,0.0034,Low,Synthetic Churn Risk Model,1.0,2026-06-30
CHN000125,CUS000125,Not Churn,0.4182,Medium,Synthetic Churn Risk Model,1.0,2026-06-30
CHN000126,CUS000126,Not Churn,0.0355,Low,Synthetic Churn Risk Model,1.0,2026-06-30
CHN000127,CUS000127,Not Churn,0.0506,Low,Synthetic Churn Risk Model,1.0,2026-06-30
CHN000128,CUS000128,Not Churn,0.4012,Medium,Synthetic Churn Risk Model,1.0,2026-06-30
CHN000129,CUS000129,Not Churn,0.0129,Low,Synthetic Churn Risk Model,1.0,2026-06-30
CHN000130,CUS000130,Not Churn,0.4163,Medium,Synthetic Churn Risk Model,1.0,2026-06-30
CHN000131,CUS000131,Not Churn,0.0911,Low,Synthetic Churn Risk Model,1.0,2026-06-30
CHN000132,CUS000132,Not Churn,0.4454,Medium,Synthetic Churn Risk Model,1.0,2026-06-30
CHN000133,CUS000133,Not Churn,0.0354,Low,Synthetic Churn Risk Model,1.0,2026-06-30
CHN000134,CUS000134,Not Churn,0.0491,Low,Synthetic Churn Risk Model,1.0,2026-06-30
CHN000135,CUS000135,Not Churn,0.0265,Low,Synthetic Churn Risk Model,1.0,2026-06-30
CHN000136,CUS000136,Not Churn,0.0133,Low,Synthetic Churn Risk Model,1.0,2026-06-30
CHN000137,CUS000137,Not Churn,0.0303,Low,Synthetic Churn Risk Model,1.0,2026-06-30
CHN000138,CUS000138,Not Churn,0.1234,Low,Synthetic Churn Risk Model,1.0,2026-06-30
CHN000139,CUS000139,Not Churn,0.1382,Low,Synthetic Churn Risk Model,1.0,2026-06-30
CHN000140,CUS000140,Not Churn,0.0816,Low,Synthetic Churn Risk Model,1.0,2026-06-30
CHN000141,CUS000141,Not Churn,0.0777,Low,Synthetic Churn Risk Model,1.0,2026-06-30
CHN000142,CUS000142,Not Churn,0.122,Low,Synthetic Churn Risk Model,1.0,2026-06-30
CHN000143,CUS000143,Not Churn,0.1666,Low,Synthetic Churn Risk Model,1.0,2026-06-30
CHN000144,CUS000144,Not Churn,0.1831,Low,Synthetic Churn Risk Model,1.0,2026-06-30
CHN000145,CUS000145,Not Churn,0.4241,Medium,Synthetic Churn Risk Model,1.0,2026-06-30
CHN000146,CUS000146,Not Churn,0.0924,Low,Synthetic Churn Risk Model,1.0,2026-06-30
CHN000147,CUS000147,Not Churn,0.0534,Low,Synthetic Churn Risk Model,1.0,2026-06-30
CHN000148,CUS000148,Not Churn,0.1591,Low,Synthetic Churn Risk Model,1.0,2026-06-30
CHN000149,CUS000149,Not Churn,0.0511,Low,Synthetic Churn Risk Model,1.0,2026-06-30
CHN000150,CUS000150,Not Churn,0.0975,Low,Synthetic Churn Risk Model,1.0,2026-06-30
CHN000151,CUS000151,Not Churn,0.0453,Low,Synthetic Churn Risk Model,1.0,2026-06-30
CHN000152,CUS000152,Not Churn,0.4168,Medium,Synthetic Churn Risk Model,1.0,2026-06-30
CHN000153,CUS000153,Not Churn,0.1525,Low,Synthetic Churn Risk Model,1.0,2026-06-30
CHN000154,CUS000154,Not Churn,0.0411,Low,Synthetic Churn Risk Model,1.0,2026-06-30
CHN000155,CUS000155,Not Churn,0.0562,Low,Synthetic Churn Risk Model,1.0,2026-06-30
CHN000156,CUS000156,Not Churn,0.1647,Low,Synthetic Churn Risk Model,1.0,2026-06-30
CHN000157,CUS000157,Not Churn,0.0674,Low,Synthetic Churn Risk Model,1.0,2026-06-30
CHN000158,CUS000158,Not Churn,0.1979,Low,Synthetic Churn Risk Model,1.0,2026-06-30
CHN000159,CUS000159,Not Churn,0.0321,Low,Synthetic Churn Risk Model,1.0,2026-06-30
CHN000160,CUS000160,Not Churn,0.4387,Medium,Synthetic Churn Risk Model,1.0,2026-06-30
CHN000161,CUS000161,Not Churn,0.0337,Low,Synthetic Churn Risk Model,1.0,2026-06-30
CHN000162,CUS000162,Not Churn,0.131,Low,Synthetic Churn Risk Model,1.0,2026-06-30
CHN000163,CUS000163,Not Churn,0.1958,Low,Synthetic Churn Risk Model,1.0,2026-06-30
CHN000164,CUS000164,Not Churn,0.0541,Low,Synthetic Churn Risk Model,1.0,2026-06-30
CHN000165,CUS000165,Not Churn,0.3958,Medium,Synthetic Churn Risk Model,1.0,2026-06-30
CHN000166,CUS000166,Not Churn,0.0151,Low,Synthetic Churn Risk Model,1.0,2026-06-30
CHN000167,CUS000167,Not Churn,0.4162,Medium,Synthetic Churn Risk Model,1.0,2026-06-30
CHN000168,CUS000168,Not Churn,0.4481,Medium,Synthetic Churn Risk Model,1.0,2026-06-30
CHN000169,CUS000169,Not Churn,0.2825,Low,Synthetic Churn Risk Model,1.0,2026-06-30
CHN000170,CUS000170,Not Churn,0.12,Low,Synthetic Churn Risk Model,1.0,2026-06-30
CHN000171,CUS000171,Not Churn,0.1588,Low,Synthetic Churn Risk Model,1.0,2026-06-30
CHN000172,CUS000172,Not Churn,0.0993,Low,Synthetic Churn Risk Model,1.0,2026-06-30
CHN000173,CUS000173,Not Churn,0.053,Low,Synthetic Churn Risk Model,1.0,2026-06-30
CHN000174,CUS000174,Not Churn,0.0223,Low,Synthetic Churn Risk Model,1.0,2026-06-30
CHN000175,CUS000175,Not Churn,0.1675,Low,Synthetic Churn Risk Model,1.0,2026-06-30
CHN000176,CUS000176,Not Churn,0.0374,Low,Synthetic Churn Risk Model,1.0,2026-06-30
CHN000177,CUS000177,Not Churn,0.0303,Low,Synthetic Churn Risk Model,1.0,2026-06-30
CHN000178,CUS000178,Not Churn,0.3635,Medium,Synthetic Churn Risk Model,1.0,2026-06-30
CHN000179,CUS000179,Not Churn,0.0234,Low,Synthetic Churn Risk Model,1.0,2026-06-30
CHN000180,CUS000180,Not Churn,0.1735,Low,Synthetic Churn Risk Model,1.0,2026-06-30
CHN000181,CUS000181,Not Churn,0.1316,Low,Synthetic Churn Risk Model,1.0,2026-06-30
CHN000182,CUS000182,Not Churn,0.372,Medium,Synthetic Churn Risk Model,1.0,2026-06-30
CHN000183,CUS000183,Not Churn,0.1547,Low,Synthetic Churn Risk Model,1.0,2026-06-30
CHN000184,CUS000184,Not Churn,0.0886,Low,Synthetic Churn Risk Model,1.0,2026-06-30
CHN000185,CUS000185,Not Churn,0.149,Low,Synthetic Churn Risk Model,1.0,2026-06-30
CHN000186,CUS000186,Not Churn,0.0936,Low,Synthetic Churn Risk Model,1.0,2026-06-30
CHN000187,CUS000187,Not Churn,0.1071,Low,Synthetic Churn Risk Model,1.0,2026-06-30
CHN000188,CUS000188,Not Churn,0.0744,Low,Synthetic Churn Risk Model,1.0,2026-06-30
CHN000189,CUS000189,Not Churn,0.3946,Medium,Synthetic Churn Risk Model,1.0,2026-06-30
CHN000190,CUS000190,Not Churn,0.5178,Medium,Synthetic Churn Risk Model,1.0,2026-06-30
CHN000191,CUS000191,Not Churn,0.4058,Medium,Synthetic Churn Risk Model,1.0,2026-06-30
CHN000192,CUS000192,Not Churn,0.0644,Low,Synthetic Churn Risk Model,1.0,2026-06-30
CHN000193,CUS000193,Not Churn,0.0914,Low,Synthetic Churn Risk Model,1.0,2026-06-30
CHN000194,CUS000194,Not Churn,0.4365,Medium,Synthetic Churn Risk Model,1.0,2026-06-30
CHN000195,CUS000195,Not Churn,0.1474,Low,Synthetic Churn Risk Model,1.0,2026-06-30
CHN000196,CUS000196,Not Churn,0.412,Medium,Synthetic Churn Risk Model,1.0,2026-06-30
CHN000197,CUS000197,Not Churn,0.0981,Low,Synthetic Churn Risk Model,1.0,2026-06-30
CHN000198,CUS000198,Not Churn,0.0649,Low,Synthetic Churn Risk Model,1.0,2026-06-30
CHN000199,CUS000199,Not Churn,0.0989,Low,Synthetic Churn Risk Model,1.0,2026-06-30
CHN000200,CUS000200,Not Churn,0.1625,Low,Synthetic Churn Risk Model,1.0,2026-06-30
CHN000201,CUS000201,Not Churn,0.097,Low,Synthetic Churn Risk Model,1.0,2026-06-30
CHN000202,CUS000202,Not Churn,0.4166,Medium,Synthetic Churn Risk Model,1.0,2026-06-30
CHN000203,CUS000203,Not Churn,0.0134,Low,Synthetic Churn Risk Model,1.0,2026-06-30
CHN000204,CUS000204,Not Churn,0.4229,Medium,Synthetic Churn Risk Model,1.0,2026-06-30
CHN000205,CUS000205,Not Churn,0.0782,Low,Synthetic Churn Risk Model,1.0,2026-06-30
CHN000206,CUS000206,Not Churn,0.0173,Low,Synthetic Churn Risk Model,1.0,2026-06-30
CHN000207,CUS000207,Not Churn,0.5081,Medium,Synthetic Churn Risk Model,1.0,2026-06-30
CHN000208,CUS000208,Not Churn,0.4164,Medium,Synthetic Churn Risk Model,1.0,2026-06-30
CHN000209,CUS000209,Not Churn,0.0163,Low,Synthetic Churn Risk Model,1.0,2026-06-30
CHN000210,CUS000210,Not Churn,0.0153,Low,Synthetic Churn Risk Model,1.0,2026-06-30
CHN000211,CUS000211,Not Churn,0.043,Low,Synthetic Churn Risk Model,1.0,2026-06-30
CHN000212,CUS000212,Not Churn,0.0637,Low,Synthetic Churn Risk Model,1.0,2026-06-30
CHN000213,CUS000213,Not Churn,0.1017,Low,Synthetic Churn Risk Model,1.0,2026-06-30
CHN000214,CUS000214,Not Churn,0.4361,Medium,Synthetic Churn Risk Model,1.0,2026-06-30
CHN000215,CUS000215,Not Churn,0.12,Low,Synthetic Churn Risk Model,1.0,2026-06-30
CHN000216,CUS000216,Not Churn,0.0264,Low,Synthetic Churn Risk Model,1.0,2026-06-30
CHN000217,CUS000217,Not Churn,0.1225,Low,Synthetic Churn Risk Model,1.0,2026-06-30
CHN000218,CUS000218,Not Churn,0.0479,Low,Synthetic Churn Risk Model,1.0,2026-06-30
CHN000219,CUS000219,Not Churn,0.4188,Medium,Synthetic Churn Risk Model,1.0,2026-06-30
CHN000220,CUS000220,Not Churn,0.0501,Low,Synthetic Churn Risk Model,1.0,2026-06-30
CHN000221,CUS000221,Not Churn,0.0342,Low,Synthetic Churn Risk Model,1.0,2026-06-30
CHN000222,CUS000222,Not Churn,0.0792,Low,Synthetic Churn Risk Model,1.0,2026-06-30
CHN000223,CUS000223,Not Churn,0.0597,Low,Synthetic Churn Risk Model,1.0,2026-06-30
CHN000224,CUS000224,Not Churn,0.4297,Medium,Synthetic Churn Risk Model,1.0,2026-06-30
CHN000225,CUS000225,Not Churn,0.0877,Low,Synthetic Churn Risk Model,1.0,2026-06-30
CHN000226,CUS000226,Not Churn,0.5233,Medium,Synthetic Churn Risk Model,1.0,2026-06-30
CHN000227,CUS000227,Not Churn,0.4256,Medium,Synthetic Churn Risk Model,1.0,2026-06-30
CHN000228,CUS000228,Not Churn,0.0436,Low,Synthetic Churn Risk Model,1.0,2026-06-30
CHN000229,CUS000229,Not Churn,0.0189,Low,Synthetic Churn Risk Model,1.0,2026-06-30
CHN000230,CUS000230,Not Churn,0.098,Low,Synthetic Churn Risk Model,1.0,2026-06-30
CHN000231,CUS000231,Not Churn,0.125,Low,Synthetic Churn Risk Model,1.0,2026-06-30
CHN000232,CUS000232,Not Churn,0.3668,Medium,Synthetic Churn Risk Model,1.0,2026-06-30
CHN000233,CUS000233,Not Churn,0.1725,Low,Synthetic Churn Risk Model,1.0,2026-06-30
CHN000234,CUS000234,Not Churn,0.1629,Low,Synthetic Churn Risk Model,1.0,2026-06-30
CHN000235,CUS000235,Not Churn,0.4119,Medium,Synthetic Churn Risk Model,1.0,2026-06-30
CHN000236,CUS000236,Not Churn,0.0369,Low,Synthetic Churn Risk Model,1.0,2026-06-30
CHN000237,CUS000237,Not Churn,0.0431,Low,Synthetic Churn Risk Model,1.0,2026-06-30
CHN000238,CUS000238,Not Churn,0.0322,Low,Synthetic Churn Risk Model,1.0,2026-06-30
CHN000239,CUS000239,Not Churn,0.0686,Low,Synthetic Churn Risk Model,1.0,2026-06-30
CHN000240,CUS000240,Not Churn,0.0747,Low,Synthetic Churn Risk Model,1.0,2026-06-30
CHN000241,CUS000241,Not Churn,0.4137,Medium,Synthetic Churn Risk Model,1.0,2026-06-30
CHN000242,CUS000242,Not Churn,0.1678,Low,Synthetic Churn Risk Model,1.0,2026-06-30
CHN000243,CUS000243,Not Churn,0.0934,Low,Synthetic Churn Risk Model,1.0,2026-06-30
CHN000244,CUS000244,Not Churn,0.2828,Low,Synthetic Churn Risk Model,1.0,2026-06-30
CHN000245,CUS000245,Not Churn,0.0678,Low,Synthetic Churn Risk Model,1.0,2026-06-30
CHN000246,CUS000246,Not Churn,0.0747,Low,Synthetic Churn Risk Model,1.0,2026-06-30
CHN000247,CUS000247,Not Churn,0.058,Low,Synthetic Churn Risk Model,1.0,2026-06-30
CHN000248,CUS000248,Not Churn,0.2127,Low,Synthetic Churn Risk Model,1.0,2026-06-30
CHN000249,CUS000249,Not Churn,0.4195,Medium,Synthetic Churn Risk Model,1.0,2026-06-30
CHN000250,CUS000250,Not Churn,0.0171,Low,Synthetic Churn Risk Model,1.0,2026-06-30
CHN000251,CUS000251,Not Churn,0.0552,Low,Synthetic Churn Risk Model,1.0,2026-06-30
CHN000252,CUS000252,Not Churn,0.4133,Medium,Synthetic Churn Risk Model,1.0,2026-06-30
CHN000253,CUS000253,Not Churn,0.0086,Low,Synthetic Churn Risk Model,1.0,2026-06-30
CHN000254,CUS000254,Not Churn,0.3313,Medium,Synthetic Churn Risk Model,1.0,2026-06-30
CHN000255,CUS000255,Not Churn,0.4066,Medium,Synthetic Churn Risk Model,1.0,2026-06-30
CHN000256,CUS000256,Not Churn,0.4036,Medium,Synthetic Churn Risk Model,1.0,2026-06-30
CHN000257,CUS000257,Not Churn,0.1513,Low,Synthetic Churn Risk Model,1.0,2026-06-30
CHN000258,CUS000258,Not Churn,0.0672,Low,Synthetic Churn Risk Model,1.0,2026-06-30
CHN000259,CUS000259,Not Churn,0.0801,Low,Synthetic Churn Risk Model,1.0,2026-06-30
CHN000260,CUS000260,Not Churn,0.0202,Low,Synthetic Churn Risk Model,1.0,2026-06-30
CHN000261,CUS000261,Not Churn,0.195,Low,Synthetic Churn Risk Model,1.0,2026-06-30
CHN000262,CUS000262,Not Churn,0.3397,Medium,Synthetic Churn Risk Model,1.0,2026-06-30
CHN000263,CUS000263,Not Churn,0.1513,Low,Synthetic Churn Risk Model,1.0,2026-06-30
CHN000264,CUS000264,Not Churn,0.0645,Low,Synthetic Churn Risk Model,1.0,2026-06-30
CHN000265,CUS000265,Not Churn,0.0119,Low,Synthetic Churn Risk Model,1.0,2026-06-30
CHN000266,CUS000266,Not Churn,0.4077,Medium,Synthetic Churn Risk Model,1.0,2026-06-30
CHN000267,CUS000267,Not Churn,0.0304,Low,Synthetic Churn Risk Model,1.0,2026-06-30
CHN000268,CUS000268,Not Churn,0.4054,Medium,Synthetic Churn Risk Model,1.0,2026-06-30
CHN000269,CUS000269,Not Churn,0.0386,Low,Synthetic Churn Risk Model,1.0,2026-06-30
CHN000270,CUS000270,Not Churn,0.0226,Low,Synthetic Churn Risk Model,1.0,2026-06-30
CHN000271,CUS000271,Not Churn,0.0975,Low,Synthetic Churn Risk Model,1.0,2026-06-30
CHN000272,CUS000272,Not Churn,0.2846,Low,Synthetic Churn Risk Model,1.0,2026-06-30
CHN000273,CUS000273,Not Churn,0.0451,Low,Synthetic Churn Risk Model,1.0,2026-06-30
CHN000274,CUS000274,Not Churn,0.0595,Low,Synthetic Churn Risk Model,1.0,2026-06-30
CHN000275,CUS000275,Not Churn,0.4173,Medium,Synthetic Churn Risk Model,1.0,2026-06-30
CHN000276,CUS000276,Not Churn,0.0562,Low,Synthetic Churn Risk Model,1.0,2026-06-30
CHN000277,CUS000277,Not Churn,0.0294,Low,Synthetic Churn Risk Model,1.0,2026-06-30
CHN000278,CUS000278,Not Churn,0.0532,Low,Synthetic Churn Risk Model,1.0,2026-06-30
CHN000279,CUS000279,Not Churn,0.4066,Medium,Synthetic Churn Risk Model,1.0,2026-06-30
CHN000280,CUS000280,Not Churn,0.0862,Low,Synthetic Churn Risk Model,1.0,2026-06-30
CHN000281,CUS000281,Not Churn,0.4094,Medium,Synthetic Churn Risk Model,1.0,2026-06-30
CHN000282,CUS000282,Not Churn,0.2117,Low,Synthetic Churn Risk Model,1.0,2026-06-30
CHN000283,CUS000283,Not Churn,0.4146,Medium,Synthetic Churn Risk Model,1.0,2026-06-30
CHN000284,CUS000284,Not Churn,0.4225,Medium,Synthetic Churn Risk Model,1.0,2026-06-30
CHN000285,CUS000285,Not Churn,0.0931,Low,Synthetic Churn Risk Model,1.0,2026-06-30
CHN000286,CUS000286,Not Churn,0.1805,Low,Synthetic Churn Risk Model,1.0,2026-06-30
CHN000287,CUS000287,Not Churn,0.0239,Low,Synthetic Churn Risk Model,1.0,2026-06-30
CHN000288,CUS000288,Not Churn,0.1643,Low,Synthetic Churn Risk Model,1.0,2026-06-30
CHN000289,CUS000289,Not Churn,0.1532,Low,Synthetic Churn Risk Model,1.0,2026-06-30
CHN000290,CUS000290,Not Churn,0.0202,Low,Synthetic Churn Risk Model,1.0,2026-06-30
CHN000291,CUS000291,Not Churn,0.4187,Medium,Synthetic Churn Risk Model,1.0,2026-06-30
CHN000292,CUS000292,Not Churn,0.0403,Low,Synthetic Churn Risk Model,1.0,2026-06-30
CHN000293,CUS000293,Not Churn,0.3951,Medium,Synthetic Churn Risk Model,1.0,2026-06-30
CHN000294,CUS000294,Not Churn,0.0611,Low,Synthetic Churn Risk Model,1.0,2026-06-30
CHN000295,CUS000295,Not Churn,0.0722,Low,Synthetic Churn Risk Model,1.0,2026-06-30
CHN000296,CUS000296,Not Churn,0.393,Medium,Synthetic Churn Risk Model,1.0,2026-06-30
CHN000297,CUS000297,Not Churn,0.3303,Medium,Synthetic Churn Risk Model,1.0,2026-06-30
CHN000298,CUS000298,Not Churn,0.0807,Low,Synthetic Churn Risk Model,1.0,2026-06-30
CHN000299,CUS000299,Not Churn,0.4432,Medium,Synthetic Churn Risk Model,1.0,2026-06-30
CHN000300,CUS000300,Not Churn,0.4113,Medium,Synthetic Churn Risk Model,1.0,2026-06-30
CHN000301,CUS000301,Not Churn,0.0493,Low,Synthetic Churn Risk Model,1.0,2026-06-30
CHN000302,CUS000302,Not Churn,0.4455,Medium,Synthetic Churn Risk Model,1.0,2026-06-30
CHN000303,CUS000303,Not Churn,0.1401,Low,Synthetic Churn Risk Model,1.0,2026-06-30
CHN000304,CUS000304,Not Churn,0.1018,Low,Synthetic Churn Risk Model,1.0,2026-06-30
CHN000305,CUS000305,Not Churn,0.0516,Low,Synthetic Churn Risk Model,1.0,2026-06-30
CHN000306,CUS000306,Not Churn,0.414,Medium,Synthetic Churn Risk Model,1.0,2026-06-30
CHN000307,CUS000307,Not Churn,0.1167,Low,Synthetic Churn Risk Model,1.0,2026-06-30
CHN000308,CUS000308,Not Churn,0.2155,Low,Synthetic Churn Risk Model,1.0,2026-06-30
CHN000309,CUS000309,Not Churn,0.1521,Low,Synthetic Churn Risk Model,1.0,2026-06-30
CHN000310,CUS000310,Not Churn,0.0421,Low,Synthetic Churn Risk Model,1.0,2026-06-30
CHN000311,CUS000311,Not Churn,0.3849,Medium,Synthetic Churn Risk Model,1.0,2026-06-30
CHN000312,CUS000312,Not Churn,0.0698,Low,Synthetic Churn Risk Model,1.0,2026-06-30
CHN000313,CUS000313,Not Churn,0.4025,Medium,Synthetic Churn Risk Model,1.0,2026-06-30
CHN000314,CUS000314,Not Churn,0.0972,Low,Synthetic Churn Risk Model,1.0,2026-06-30
CHN000315,CUS000315,Not Churn,0.0485,Low,Synthetic Churn Risk Model,1.0,2026-06-30
CHN000316,CUS000316,Not Churn,0.0476,Low,Synthetic Churn Risk Model,1.0,2026-06-30
CHN000317,CUS000317,Not Churn,0.0561,Low,Synthetic Churn Risk Model,1.0,2026-06-30
CHN000318,CUS000318,Not Churn,0.2801,Low,Synthetic Churn Risk Model,1.0,2026-06-30
CHN000319,CUS000319,Not Churn,0.1486,Low,Synthetic Churn Risk Model,1.0,2026-06-30
CHN000320,CUS000320,Not Churn,0.4267,Medium,Synthetic Churn Risk Model,1.0,2026-06-30
CHN000321,CUS000321,Not Churn,0.0633,Low,Synthetic Churn Risk Model,1.0,2026-06-30
CHN000322,CUS000322,Not Churn,0.042,Low,Synthetic Churn Risk Model,1.0,2026-06-30
CHN000323,CUS000323,Not Churn,0.1109,Low,Synthetic Churn Risk Model,1.0,2026-06-30
CHN000324,CUS000324,Not Churn,0.0579,Low,Synthetic Churn Risk Model,1.0,2026-06-30
CHN000325,CUS000325,Not Churn,0.0401,Low,Synthetic Churn Risk Model,1.0,2026-06-30
CHN000326,CUS000326,Not Churn,0.0232,Low,Synthetic Churn Risk Model,1.0,2026-06-30
CHN000327,CUS000327,Not Churn,0.1569,Low,Synthetic Churn Risk Model,1.0,2026-06-30
CHN000328,CUS000328,Not Churn,0.1846,Low,Synthetic Churn Risk Model,1.0,2026-06-30
CHN000329,CUS000329,Not Churn,0.0569,Low,Synthetic Churn Risk Model,1.0,2026-06-30
CHN000330,CUS000330,Not Churn,0.02,Low,Synthetic Churn Risk Model,1.0,2026-06-30
CHN000331,CUS000331,Not Churn,0.0572,Low,Synthetic Churn Risk Model,1.0,2026-06-30
CHN000332,CUS000332,Not Churn,0.0354,Low,Synthetic Churn Risk Model,1.0,2026-06-30
CHN000333,CUS000333,Not Churn,0.1619,Low,Synthetic Churn Risk Model,1.0,2026-06-30
CHN000334,CUS000334,Not Churn,0.2196,Low,Synthetic Churn Risk Model,1.0,2026-06-30
CHN000335,CUS000335,Not Churn,0.4128,Medium,Synthetic Churn Risk Model,1.0,2026-06-30
CHN000336,CUS000336,Not Churn,0.0295,Low,Synthetic Churn Risk Model,1.0,2026-06-30
CHN000337,CUS000337,Not Churn,0.5972,Medium,Synthetic Churn Risk Model,1.0,2026-06-30
CHN000338,CUS000338,Not Churn,0.3972,Medium,Synthetic Churn Risk Model,1.0,2026-06-30
CHN000339,CUS000339,Not Churn,0.0729,Low,Synthetic Churn Risk Model,1.0,2026-06-30
CHN000340,CUS000340,Not Churn,0.0748,Low,Synthetic Churn Risk Model,1.0,2026-06-30
CHN000341,CUS000341,Not Churn,0.4225,Medium,Synthetic Churn Risk Model,1.0,2026-06-30
CHN000342,CUS000342,Not Churn,0.1108,Low,Synthetic Churn Risk Model,1.0,2026-06-30
CHN000343,CUS000343,Not Churn,0.4336,Medium,Synthetic Churn Risk Model,1.0,2026-06-30
CHN000344,CUS000344,Not Churn,0.092,Low,Synthetic Churn Risk Model,1.0,2026-06-30
CHN000345,CUS000345,Not Churn,0.0467,Low,Synthetic Churn Risk Model,1.0,2026-06-30
CHN000346,CUS000346,Not Churn,0.0992,Low,Synthetic Churn Risk Model,1.0,2026-06-30
CHN000347,CUS000347,Not Churn,0.0349,Low,Synthetic Churn Risk Model,1.0,2026-06-30
CHN000348,CUS000348,Not Churn,0.4091,Medium,Synthetic Churn Risk Model,1.0,2026-06-30
CHN000349,CUS000349,Not Churn,0.2138,Low,Synthetic Churn Risk Model,1.0,2026-06-30
CHN000350,CUS000350,Not Churn,0.2383,Low,Synthetic Churn Risk Model,1.0,2026-06-30
CHN000351,CUS000351,Not Churn,0.0877,Low,Synthetic Churn Risk Model,1.0,2026-06-30
CHN000352,CUS000352,Not Churn,0.2901,Low,Synthetic Churn Risk Model,1.0,2026-06-30
CHN000353,CUS000353,Not Churn,0.0213,Low,Synthetic Churn Risk Model,1.0,2026-06-30
CHN000354,CUS000354,Not Churn,0.0691,Low,Synthetic Churn Risk Model,1.0,2026-06-30
CHN000355,CUS000355,Not Churn,0.0676,Low,Synthetic Churn Risk Model,1.0,2026-06-30
CHN000356,CUS000356,Not Churn,0.2309,Low,Synthetic Churn Risk Model,1.0,2026-06-30
CHN000357,CUS000357,Not Churn,0.1194,Low,Synthetic Churn Risk Model,1.0,2026-06-30
CHN000358,CUS000358,Not Churn,0.1089,Low,Synthetic Churn Risk Model,1.0,2026-06-30
CHN000359,CUS000359,Not Churn,0.4123,Medium,Synthetic Churn Risk Model,1.0,2026-06-30
CHN000360,CUS000360,Not Churn,0.2138,Low,Synthetic Churn Risk Model,1.0,2026-06-30
CHN000361,CUS000361,Not Churn,0.4158,Medium,Synthetic Churn Risk Model,1.0,2026-06-30
CHN000362,CUS000362,Not Churn,0.1805,Low,Synthetic Churn Risk Model,1.0,2026-06-30
CHN000363,CUS000363,Not Churn,0.1507,Low,Synthetic Churn Risk Model,1.0,2026-06-30
CHN000364,CUS000364,Not Churn,0.1192,Low,Synthetic Churn Risk Model,1.0,2026-06-30
CHN000365,CUS000365,Not Churn,0.0715,Low,Synthetic Churn Risk Model,1.0,2026-06-30
CHN000366,CUS000366,Not Churn,0.4302,Medium,Synthetic Churn Risk Model,1.0,2026-06-30
CHN000367,CUS000367,Not Churn,0.0774,Low,Synthetic Churn Risk Model,1.0,2026-06-30
CHN000368,CUS000368,Not Churn,0.098,Low,Synthetic Churn Risk Model,1.0,2026-06-30
CHN000369,CUS000369,Not Churn,0.0262,Low,Synthetic Churn Risk Model,1.0,2026-06-30
CHN000370,CUS000370,Not Churn,0.1735,Low,Synthetic Churn Risk Model,1.0,2026-06-30
CHN000371,CUS000371,Not Churn,0.1022,Low,Synthetic Churn Risk Model,1.0,2026-06-30
CHN000372,CUS000372,Not Churn,0.0982,Low,Synthetic Churn Risk Model,1.0,2026-06-30
CHN000373,CUS000373,Not Churn,0.3396,Medium,Synthetic Churn Risk Model,1.0,2026-06-30
CHN000374,CUS000374,Not Churn,0.1713,Low,Synthetic Churn Risk Model,1.0,2026-06-30
CHN000375,CUS000375,Not Churn,0.0523,Low,Synthetic Churn Risk Model,1.0,2026-06-30
CHN000376,CUS000376,Not Churn,0.4327,Medium,Synthetic Churn Risk Model,1.0,2026-06-30
CHN000377,CUS000377,Not Churn,0.0212,Low,Synthetic Churn Risk Model,1.0,2026-06-30
CHN000378,CUS000378,Not Churn,0.0677,Low,Synthetic Churn Risk Model,1.0,2026-06-30
CHN000379,CUS000379,Not Churn,0.4132,Medium,Synthetic Churn Risk Model,1.0,2026-06-30
CHN000380,CUS000380,Not Churn,0.1804,Low,Synthetic Churn Risk Model,1.0,2026-06-30
CHN000381,CUS000381,Not Churn,0.0415,Low,Synthetic Churn Risk Model,1.0,2026-06-30
CHN000382,CUS000382,Not Churn,0.2814,Low,Synthetic Churn Risk Model,1.0,2026-06-30
CHN000383,CUS000383,Not Churn,0.0768,Low,Synthetic Churn Risk Model,1.0,2026-06-30
CHN000384,CUS000384,Not Churn,0.0388,Low,Synthetic Churn Risk Model,1.0,2026-06-30
CHN000385,CUS000385,Not Churn,0.0975,Low,Synthetic Churn Risk Model,1.0,2026-06-30
CHN000386,CUS000386,Not Churn,0.1425,Low,Synthetic Churn Risk Model,1.0,2026-06-30
CHN000387,CUS000387,Not Churn,0.0526,Low,Synthetic Churn Risk Model,1.0,2026-06-30
CHN000388,CUS000388,Not Churn,0.0576,Low,Synthetic Churn Risk Model,1.0,2026-06-30
CHN000389,CUS000389,Not Churn,0.0425,Low,Synthetic Churn Risk Model,1.0,2026-06-30
CHN000390,CUS000390,Not Churn,0.404,Medium,Synthetic Churn Risk Model,1.0,2026-06-30
CHN000391,CUS000391,Not Churn,0.1615,Low,Synthetic Churn Risk Model,1.0,2026-06-30
CHN000392,CUS000392,Not Churn,0.4121,Medium,Synthetic Churn Risk Model,1.0,2026-06-30
CHN000393,CUS000393,Not Churn,0.0601,Low,Synthetic Churn Risk Model,1.0,2026-06-30
CHN000394,CUS000394,Not Churn,0.0715,Low,Synthetic Churn Risk Model,1.0,2026-06-30
CHN000395,CUS000395,Not Churn,0.0774,Low,Synthetic Churn Risk Model,1.0,2026-06-30
CHN000396,CUS000396,Not Churn,0.4702,Medium,Synthetic Churn Risk Model,1.0,2026-06-30
CHN000397,CUS000397,Not Churn,0.0762,Low,Synthetic Churn Risk Model,1.0,2026-06-30
CHN000398,CUS000398,Not Churn,0.0268,Low,Synthetic Churn Risk Model,1.0,2026-06-30
CHN000399,CUS000399,Not Churn,0.042,Low,Synthetic Churn Risk Model,1.0,2026-06-30
CHN000400,CUS000400,Not Churn,0.4201,Medium,Synthetic Churn Risk Model,1.0,2026-06-30
CHN000401,CUS000401,Not Churn,0.3072,Medium,Synthetic Churn Risk Model,1.0,2026-06-30
CHN000402,CUS000402,Not Churn,0.0838,Low,Synthetic Churn Risk Model,1.0,2026-06-30
CHN000403,CUS000403,Not Churn,0.4448,Medium,Synthetic Churn Risk Model,1.0,2026-06-30
CHN000404,CUS000404,Not Churn,0.013,Low,Synthetic Churn Risk Model,1.0,2026-06-30
CHN000405,CUS000405,Not Churn,0.0658,Low,Synthetic Churn Risk Model,1.0,2026-06-30
CHN000406,CUS000406,Not Churn,0.0376,Low,Synthetic Churn Risk Model,1.0,2026-06-30
CHN000407,CUS000407,Not Churn,0.4343,Medium,Synthetic Churn Risk Model,1.0,2026-06-30
CHN000408,CUS000408,Not Churn,0.2536,Low,Synthetic Churn Risk Model,1.0,2026-06-30
CHN000409,CUS000409,Not Churn,0.0717,Low,Synthetic Churn Risk Model,1.0,2026-06-30
CHN000410,CUS000410,Not Churn,0.021,Low,Synthetic Churn Risk Model,1.0,2026-06-30
CHN000411,CUS000411,Not Churn,0.0997,Low,Synthetic Churn Risk Model,1.0,2026-06-30
CHN000412,CUS000412,Not Churn,0.4043,Medium,Synthetic Churn Risk Model,1.0,2026-06-30
CHN000413,CUS000413,Not Churn,0.0447,Low,Synthetic Churn Risk Model,1.0,2026-06-30
CHN000414,CUS000414,Not Churn,0.1031,Low,Synthetic Churn Risk Model,1.0,2026-06-30
CHN000415,CUS000415,Not Churn,0.17,Low,Synthetic Churn Risk Model,1.0,2026-06-30
CHN000416,CUS000416,Not Churn,0.0349,Low,Synthetic Churn Risk Model,1.0,2026-06-30
CHN000417,CUS000417,Not Churn,0.1777,Low,Synthetic Churn Risk Model,1.0,2026-06-30
CHN000418,CUS000418,Not Churn,0.0781,Low,Synthetic Churn Risk Model,1.0,2026-06-30
CHN000419,CUS000419,Not Churn,0.1315,Low,Synthetic Churn Risk Model,1.0,2026-06-30
CHN000420,CUS000420,Not Churn,0.4214,Medium,Synthetic Churn Risk Model,1.0,2026-06-30
CHN000421,CUS000421,Not Churn,0.568,Medium,Synthetic Churn Risk Model,1.0,2026-06-30
CHN000422,CUS000422,Not Churn,0.0606,Low,Synthetic Churn Risk Model,1.0,2026-06-30
CHN000423,CUS000423,Not Churn,0.2288,Low,Synthetic Churn Risk Model,1.0,2026-06-30
CHN000424,CUS000424,Not Churn,0.4235,Medium,Synthetic Churn Risk Model,1.0,2026-06-30
CHN000425,CUS000425,Not Churn,0.2231,Low,Synthetic Churn Risk Model,1.0,2026-06-30
CHN000426,CUS000426,Not Churn,0.4104,Medium,Synthetic Churn Risk Model,1.0,2026-06-30
CHN000427,CUS000427,Not Churn,0.1437,Low,Synthetic Churn Risk Model,1.0,2026-06-30
CHN000428,CUS000428,Not Churn,0.0296,Low,Synthetic Churn Risk Model,1.0,2026-06-30
CHN000429,CUS000429,Not Churn,0.0585,Low,Synthetic Churn Risk Model,1.0,2026-06-30
CHN000430,CUS000430,Not Churn,0.0841,Low,Synthetic Churn Risk Model,1.0,2026-06-30
CHN000431,CUS000431,Not Churn,0.0905,Low,Synthetic Churn Risk Model,1.0,2026-06-30
CHN000432,CUS000432,Not Churn,0.4361,Medium,Synthetic Churn Risk Model,1.0,2026-06-30
CHN000433,CUS000433,Not Churn,0.3944,Medium,Synthetic Churn Risk Model,1.0,2026-06-30
CHN000434,CUS000434,Not Churn,0.065,Low,Synthetic Churn Risk Model,1.0,2026-06-30
CHN000435,CUS000435,Not Churn,0.067,Low,Synthetic Churn Risk Model,1.0,2026-06-30
CHN000436,CUS000436,Not Churn,0.4198,Medium,Synthetic Churn Risk Model,1.0,2026-06-30
CHN000437,CUS000437,Not Churn,0.0541,Low,Synthetic Churn Risk Model,1.0,2026-06-30
CHN000438,CUS000438,Not Churn,0.3421,Medium,Synthetic Churn Risk Model,1.0,2026-06-30
CHN000439,CUS000439,Not Churn,0.4022,Medium,Synthetic Churn Risk Model,1.0,2026-06-30
CHN000440,CUS000440,Not Churn,0.0334,Low,Synthetic Churn Risk Model,1.0,2026-06-30
CHN000441,CUS000441,Not Churn,0.0087,Low,Synthetic Churn Risk Model,1.0,2026-06-30
CHN000442,CUS000442,Not Churn,0.065,Low,Synthetic Churn Risk Model,1.0,2026-06-30
CHN000443,CUS000443,Not Churn,0.458,Medium,Synthetic Churn Risk Model,1.0,2026-06-30
CHN000444,CUS000444,Not Churn,0.3947,Medium,Synthetic Churn Risk Model,1.0,2026-06-30
CHN000445,CUS000445,Not Churn,0.2181,Low,Synthetic Churn Risk Model,1.0,2026-06-30
CHN000446,CUS000446,Not Churn,0.4135,Medium,Synthetic Churn Risk Model,1.0,2026-06-30
CHN000447,CUS000447,Not Churn,0.081,Low,Synthetic Churn Risk Model,1.0,2026-06-30
CHN000448,CUS000448,Not Churn,0.0821,Low,Synthetic Churn Risk Model,1.0,2026-06-30
CHN000449,CUS000449,Not Churn,0.0349,Low,Synthetic Churn Risk Model,1.0,2026-06-30
CHN000450,CUS000450,Not Churn,0.0964,Low,Synthetic Churn Risk Model,1.0,2026-06-30
CHN000451,CUS000451,Not Churn,0.2098,Low,Synthetic Churn Risk Model,1.0,2026-06-30
CHN000452,CUS000452,Not Churn,0.2866,Low,Synthetic Churn Risk Model,1.0,2026-06-30
CHN000453,CUS000453,Not Churn,0.0303,Low,Synthetic Churn Risk Model,1.0,2026-06-30
CHN000454,CUS000454,Not Churn,0.3988,Medium,Synthetic Churn Risk Model,1.0,2026-06-30
CHN000455,CUS000455,Not Churn,0.448,Medium,Synthetic Churn Risk Model,1.0,2026-06-30
CHN000456,CUS000456,Not Churn,0.0679,Low,Synthetic Churn Risk Model,1.0,2026-06-30
CHN000457,CUS000457,Not Churn,0.0553,Low,Synthetic Churn Risk Model,1.0,2026-06-30
CHN000458,CUS000458,Not Churn,0.0237,Low,Synthetic Churn Risk Model,1.0,2026-06-30
CHN000459,CUS000459,Not Churn,0.0291,Low,Synthetic Churn Risk Model,1.0,2026-06-30
CHN000460,CUS000460,Not Churn,0.4228,Medium,Synthetic Churn Risk Model,1.0,2026-06-30
CHN000461,CUS000461,Not Churn,0.0412,Low,Synthetic Churn Risk Model,1.0,2026-06-30
CHN000462,CUS000462,Not Churn,0.4172,Medium,Synthetic Churn Risk Model,1.0,2026-06-30
CHN000463,CUS000463,Not Churn,0.1436,Low,Synthetic Churn Risk Model,1.0,2026-06-30
CHN000464,CUS000464,Not Churn,0.1098,Low,Synthetic Churn Risk Model,1.0,2026-06-30
CHN000465,CUS000465,Not Churn,0.3975,Medium,Synthetic Churn Risk Model,1.0,2026-06-30
CHN000466,CUS000466,Not Churn,0.2706,Low,Synthetic Churn Risk Model,1.0,2026-06-30
CHN000467,CUS000467,Not Churn,0.437,Medium,Synthetic Churn Risk Model,1.0,2026-06-30
CHN000468,CUS000468,Not Churn,0.0392,Low,Synthetic Churn Risk Model,1.0,2026-06-30
CHN000469,CUS000469,Not Churn,0.2151,Low,Synthetic Churn Risk Model,1.0,2026-06-30
CHN000470,CUS000470,Not Churn,0.1074,Low,Synthetic Churn Risk Model,1.0,2026-06-30
CHN000471,CUS000471,Not Churn,0.0626,Low,Synthetic Churn Risk Model,1.0,2026-06-30
CHN000472,CUS000472,Not Churn,0.0679,Low,Synthetic Churn Risk Model,1.0,2026-06-30
CHN000473,CUS000473,Not Churn,0.1094,Low,Synthetic Churn Risk Model,1.0,2026-06-30
CHN000474,CUS000474,Not Churn,0.1506,Low,Synthetic Churn Risk Model,1.0,2026-06-30
CHN000475,CUS000475,Not Churn,0.4074,Medium,Synthetic Churn Risk Model,1.0,2026-06-30
CHN000476,CUS000476,Not Churn,0.0805,Low,Synthetic Churn Risk Model,1.0,2026-06-30
CHN000477,CUS000477,Not Churn,0.1746,Low,Synthetic Churn Risk Model,1.0,2026-06-30
CHN000478,CUS000478,Not Churn,0.1571,Low,Synthetic Churn Risk Model,1.0,2026-06-30
CHN000479,CUS000479,Not Churn,0.2191,Low,Synthetic Churn Risk Model,1.0,2026-06-30
CHN000480,CUS000480,Not Churn,0.0612,Low,Synthetic Churn Risk Model,1.0,2026-06-30
CHN000481,CUS000481,Not Churn,0.0612,Low,Synthetic Churn Risk Model,1.0,2026-06-30
CHN000482,CUS000482,Not Churn,0.0599,Low,Synthetic Churn Risk Model,1.0,2026-06-30
CHN000483,CUS000483,Not Churn,0.407,Medium,Synthetic Churn Risk Model,1.0,2026-06-30
CHN000484,CUS000484,Not Churn,0.0334,Low,Synthetic Churn Risk Model,1.0,2026-06-30
CHN000485,CUS000485,Not Churn,0.0956,Low,Synthetic Churn Risk Model,1.0,2026-06-30
CHN000486,CUS000486,Not Churn,0.3952,Medium,Synthetic Churn Risk Model,1.0,2026-06-30
CHN000487,CUS000487,Not Churn,0.005,Low,Synthetic Churn Risk Model,1.0,2026-06-30
CHN000488,CUS000488,Not Churn,0.3148,Medium,Synthetic Churn Risk Model,1.0,2026-06-30
CHN000489,CUS000489,Not Churn,0.0734,Low,Synthetic Churn Risk Model,1.0,2026-06-30
CHN000490,CUS000490,Not Churn,0.0345,Low,Synthetic Churn Risk Model,1.0,2026-06-30
CHN000491,CUS000491,Not Churn,0.4147,Medium,Synthetic Churn Risk Model,1.0,2026-06-30
CHN000492,CUS000492,Not Churn,0.4147,Medium,Synthetic Churn Risk Model,1.0,2026-06-30
CHN000493,CUS000493,Not Churn,0.0884,Low,Synthetic Churn Risk Model,1.0,2026-06-30
CHN000494,CUS000494,Not Churn,0.4346,Medium,Synthetic Churn Risk Model,1.0,2026-06-30
CHN000495,CUS000495,Not Churn,0.4098,Medium,Synthetic Churn Risk Model,1.0,2026-06-30
CHN000496,CUS000496,Not Churn,0.4063,Medium,Synthetic Churn Risk Model,1.0,2026-06-30
CHN000497,CUS000497,Not Churn,0.0955,Low,Synthetic Churn Risk Model,1.0,2026-06-30
CHN000498,CUS000498,Not Churn,0.1423,Low,Synthetic Churn Risk Model,1.0,2026-06-30
CHN000499,CUS000499,Not Churn,0.0878,Low,Synthetic Churn Risk Model,1.0,2026-06-30
CHN000500,CUS000500,Not Churn,0.059,Low,Synthetic Churn Risk Model,1.0,2026-06-30
CHN000501,CUS000501,Not Churn,0.1247,Low,Synthetic Churn Risk Model,1.0,2026-06-30
CHN000502,CUS000502,Not Churn,0.3211,Medium,Synthetic Churn Risk Model,1.0,2026-06-30
CHN000503,CUS000503,Not Churn,0.2163,Low,Synthetic Churn Risk Model,1.0,2026-06-30
CHN000504,CUS000504,Not Churn,0.1382,Low,Synthetic Churn Risk Model,1.0,2026-06-30
CHN000505,CUS000505,Not Churn,0.0114,Low,Synthetic Churn Risk Model,1.0,2026-06-30
CHN000506,CUS000506,Not Churn,0.4062,Medium,Synthetic Churn Risk Model,1.0,2026-06-30
CHN000507,CUS000507,Not Churn,0.2146,Low,Synthetic Churn Risk Model,1.0,2026-06-30
CHN000508,CUS000508,Not Churn,0.121,Low,Synthetic Churn Risk Model,1.0,2026-06-30
CHN000509,CUS000509,Not Churn,0.4161,Medium,Synthetic Churn Risk Model,1.0,2026-06-30
CHN000510,CUS000510,Not Churn,0.0914,Low,Synthetic Churn Risk Model,1.0,2026-06-30
CHN000511,CUS000511,Not Churn,0.2619,Low,Synthetic Churn Risk Model,1.0,2026-06-30
CHN000512,CUS000512,Not Churn,0.0353,Low,Synthetic Churn Risk Model,1.0,2026-06-30
CHN000513,CUS000513,Not Churn,0.0686,Low,Synthetic Churn Risk Model,1.0,2026-06-30
CHN000514,CUS000514,Not Churn,0.5154,Medium,Synthetic Churn Risk Model,1.0,2026-06-30
CHN000515,CUS000515,Not Churn,0.0802,Low,Synthetic Churn Risk Model,1.0,2026-06-30
CHN000516,CUS000516,Not Churn,0.331,Medium,Synthetic Churn Risk Model,1.0,2026-06-30
CHN000517,CUS000517,Not Churn,0.1755,Low,Synthetic Churn Risk Model,1.0,2026-06-30
CHN000518,CUS000518,Not Churn,0.3309,Medium,Synthetic Churn Risk Model,1.0,2026-06-30
CHN000519,CUS000519,Not Churn,0.1521,Low,Synthetic Churn Risk Model,1.0,2026-06-30
CHN000520,CUS000520,Not Churn,0.0292,Low,Synthetic Churn Risk Model,1.0,2026-06-30
CHN000521,CUS000521,Not Churn,0.1114,Low,Synthetic Churn Risk Model,1.0,2026-06-30
CHN000522,CUS000522,Not Churn,0.0523,Low,Synthetic Churn Risk Model,1.0,2026-06-30
CHN000523,CUS000523,Not Churn,0.0658,Low,Synthetic Churn Risk Model,1.0,2026-06-30
CHN000524,CUS000524,Not Churn,0.4111,Medium,Synthetic Churn Risk Model,1.0,2026-06-30
CHN000525,CUS000525,Not Churn,0.033,Low,Synthetic Churn Risk Model,1.0,2026-06-30
CHN000526,CUS000526,Not Churn,0.3859,Medium,Synthetic Churn Risk Model,1.0,2026-06-30
CHN000527,CUS000527,Not Churn,0.4052,Medium,Synthetic Churn Risk Model,1.0,2026-06-30
CHN000528,CUS000528,Not Churn,0.02,Low,Synthetic Churn Risk Model,1.0,2026-06-30
CHN000529,CUS000529,Not Churn,0.0539,Low,Synthetic Churn Risk Model,1.0,2026-06-30
CHN000530,CUS000530,Not Churn,0.0318,Low,Synthetic Churn Risk Model,1.0,2026-06-30
CHN000531,CUS000531,Not Churn,0.0448,Low,Synthetic Churn Risk Model,1.0,2026-06-30
CHN000532,CUS000532,Not Churn,0.0833,Low,Synthetic Churn Risk Model,1.0,2026-06-30
CHN000533,CUS000533,Not Churn,0.3596,Medium,Synthetic Churn Risk Model,1.0,2026-06-30
CHN000534,CUS000534,Not Churn,0.0306,Low,Synthetic Churn Risk Model,1.0,2026-06-30
CHN000535,CUS000535,Not Churn,0.424,Medium,Synthetic Churn Risk Model,1.0,2026-06-30
CHN000536,CUS000536,Not Churn,0.095,Low,Synthetic Churn Risk Model,1.0,2026-06-30
CHN000537,CUS000537,Not Churn,0.015,Low,Synthetic Churn Risk Model,1.0,2026-06-30
CHN000538,CUS000538,Not Churn,0.4637,Medium,Synthetic Churn Risk Model,1.0,2026-06-30
CHN000539,CUS000539,Not Churn,0.3972,Medium,Synthetic Churn Risk Model,1.0,2026-06-30
CHN000540,CUS000540,Not Churn,0.1203,Low,Synthetic Churn Risk Model,1.0,2026-06-30
CHN000541,CUS000541,Not Churn,0.1397,Low,Synthetic Churn Risk Model,1.0,2026-06-30
CHN000542,CUS000542,Not Churn,0.2214,Low,Synthetic Churn Risk Model,1.0,2026-06-30
CHN000543,CUS000543,Not Churn,0.4019,Medium,Synthetic Churn Risk Model,1.0,2026-06-30
CHN000544,CUS000544,Not Churn,0.0746,Low,Synthetic Churn Risk Model,1.0,2026-06-30
CHN000545,CUS000545,Not Churn,0.3073,Medium,Synthetic Churn Risk Model,1.0,2026-06-30
CHN000546,CUS000546,Not Churn,0.397,Medium,Synthetic Churn Risk Model,1.0,2026-06-30
CHN000547,CUS000547,Not Churn,0.0747,Low,Synthetic Churn Risk Model,1.0,2026-06-30
CHN000548,CUS000548,Not Churn,0.0448,Low,Synthetic Churn Risk Model,1.0,2026-06-30
CHN000549,CUS000549,Not Churn,0.1694,Low,Synthetic Churn Risk Model,1.0,2026-06-30
CHN000550,CUS000550,Not Churn,0.1047,Low,Synthetic Churn Risk Model,1.0,2026-06-30
CHN000551,CUS000551,Not Churn,0.1442,Low,Synthetic Churn Risk Model,1.0,2026-06-30
CHN000552,CUS000552,Not Churn,0.0225,Low,Synthetic Churn Risk Model,1.0,2026-06-30
CHN000553,CUS000553,Not Churn,0.0123,Low,Synthetic Churn Risk Model,1.0,2026-06-30
CHN000554,CUS000554,Not Churn,0.0675,Low,Synthetic Churn Risk Model,1.0,2026-06-30
CHN000555,CUS000555,Not Churn,0.1265,Low,Synthetic Churn Risk Model,1.0,2026-06-30
CHN000556,CUS000556,Not Churn,0.01,Low,Synthetic Churn Risk Model,1.0,2026-06-30
CHN000557,CUS000557,Not Churn,0.4081,Medium,Synthetic Churn Risk Model,1.0,2026-06-30
CHN000558,CUS000558,Not Churn,0.0338,Low,Synthetic Churn Risk Model,1.0,2026-06-30
CHN000559,CUS000559,Not Churn,0.0609,Low,Synthetic Churn Risk Model,1.0,2026-06-30
CHN000560,CUS000560,Not Churn,0.0215,Low,Synthetic Churn Risk Model,1.0,2026-06-30
CHN000561,CUS000561,Not Churn,0.0199,Low,Synthetic Churn Risk Model,1.0,2026-06-30
CHN000562,CUS000562,Not Churn,0.0501,Low,Synthetic Churn Risk Model,1.0,2026-06-30
CHN000563,CUS000563,Not Churn,0.4167,Medium,Synthetic Churn Risk Model,1.0,2026-06-30
CHN000564,CUS000564,Not Churn,0.395,Medium,Synthetic Churn Risk Model,1.0,2026-06-30
CHN000565,CUS000565,Not Churn,0.047,Low,Synthetic Churn Risk Model,1.0,2026-06-30
CHN000566,CUS000566,Not Churn,0.4066,Medium,Synthetic Churn Risk Model,1.0,2026-06-30
CHN000567,CUS000567,Not Churn,0.0545,Low,Synthetic Churn Risk Model,1.0,2026-06-30
CHN000568,CUS000568,Not Churn,0.4052,Medium,Synthetic Churn Risk Model,1.0,2026-06-30
CHN000569,CUS000569,Not Churn,0.0824,Low,Synthetic Churn Risk Model,1.0,2026-06-30
CHN000570,CUS000570,Not Churn,0.1113,Low,Synthetic Churn Risk Model,1.0,2026-06-30
CHN000571,CUS000571,Not Churn,0.0554,Low,Synthetic Churn Risk Model,1.0,2026-06-30
CHN000572,CUS000572,Not Churn,0.0614,Low,Synthetic Churn Risk Model,1.0,2026-06-30
CHN000573,CUS000573,Not Churn,0.4256,Medium,Synthetic Churn Risk Model,1.0,2026-06-30
CHN000574,CUS000574,Not Churn,0.4072,Medium,Synthetic Churn Risk Model,1.0,2026-06-30
CHN000575,CUS000575,Not Churn,0.3965,Medium,Synthetic Churn Risk Model,1.0,2026-06-30
CHN000576,CUS000576,Not Churn,0.3097,Medium,Synthetic Churn Risk Model,1.0,2026-06-30
CHN000577,CUS000577,Not Churn,0.3628,Medium,Synthetic Churn Risk Model,1.0,2026-06-30
CHN000578,CUS000578,Not Churn,0.4091,Medium,Synthetic Churn Risk Model,1.0,2026-06-30
CHN000579,CUS000579,Not Churn,0.4091,Medium,Synthetic Churn Risk Model,1.0,2026-06-30
CHN000580,CUS000580,Not Churn,0.016,Low,Synthetic Churn Risk Model,1.0,2026-06-30
CHN000581,CUS000581,Not Churn,0.0337,Low,Synthetic Churn Risk Model,1.0,2026-06-30
CHN000582,CUS000582,Not Churn,0.435,Medium,Synthetic Churn Risk Model,1.0,2026-06-30
CHN000583,CUS000583,Not Churn,0.1221,Low,Synthetic Churn Risk Model,1.0,2026-06-30
CHN000584,CUS000584,Not Churn,0.0191,Low,Synthetic Churn Risk Model,1.0,2026-06-30
CHN000585,CUS000585,Not Churn,0.0503,Low,Synthetic Churn Risk Model,1.0,2026-06-30
CHN000586,CUS000586,Not Churn,0.2819,Low,Synthetic Churn Risk Model,1.0,2026-06-30
CHN000587,CUS000587,Not Churn,0.2257,Low,Synthetic Churn Risk Model,1.0,2026-06-30
CHN000588,CUS000588,Not Churn,0.4372,Medium,Synthetic Churn Risk Model,1.0,2026-06-30
CHN000589,CUS000589,Not Churn,0.1019,Low,Synthetic Churn Risk Model,1.0,2026-06-30
CHN000590,CUS000590,Churn,0.9092,High,Synthetic Churn Risk Model,1.0,2026-06-30
CHN000591,CUS000591,Churn,0.9772,High,Synthetic Churn Risk Model,1.0,2026-06-30
CHN000592,CUS000592,Not Churn,0.0453,Low,Synthetic Churn Risk Model,1.0,2026-06-30
CHN000593,CUS000593,Not Churn,0.1598,Low,Synthetic Churn Risk Model,1.0,2026-06-30
CHN000594,CUS000594,Not Churn,0.0585,Low,Synthetic Churn Risk Model,1.0,2026-06-30
CHN000595,CUS000595,Not Churn,0.0348,Low,Synthetic Churn Risk Model,1.0,2026-06-30
CHN000596,CUS000596,Not Churn,0.2373,Low,Synthetic Churn Risk Model,1.0,2026-06-30
CHN000597,CUS000597,Not Churn,0.1355,Low,Synthetic Churn Risk Model,1.0,2026-06-30
CHN000598,CUS000598,Not Churn,0.1304,Low,Synthetic Churn Risk Model,1.0,2026-06-30
CHN000599,CUS000599,Not Churn,0.0448,Low,Synthetic Churn Risk Model,1.0,2026-06-30
CHN000600,CUS000600,Not Churn,0.4418,Medium,Synthetic Churn Risk Model,1.0,2026-06-30
CHN000601,CUS000601,Not Churn,0.0828,Low,Synthetic Churn Risk Model,1.0,2026-06-30
CHN000602,CUS000602,Not Churn,0.1046,Low,Synthetic Churn Risk Model,1.0,2026-06-30
CHN000603,CUS000603,Not Churn,0.0092,Low,Synthetic Churn Risk Model,1.0,2026-06-30
CHN000604,CUS000604,Not Churn,0.5322,Medium,Synthetic Churn Risk Model,1.0,2026-06-30
CHN000605,CUS000605,Not Churn,0.4511,Medium,Synthetic Churn Risk Model,1.0,2026-06-30
CHN000606,CUS000606,Not Churn,0.4061,Medium,Synthetic Churn Risk Model,1.0,2026-06-30
CHN000607,CUS000607,Not Churn,0.0727,Low,Synthetic Churn Risk Model,1.0,2026-06-30
CHN000608,CUS000608,Not Churn,0.4059,Medium,Synthetic Churn Risk Model,1.0,2026-06-30
CHN000609,CUS000609,Not Churn,0.1143,Low,Synthetic Churn Risk Model,1.0,2026-06-30
CHN000610,CUS000610,Not Churn,0.0283,Low,Synthetic Churn Risk Model,1.0,2026-06-30
CHN000611,CUS000611,Not Churn,0.0916,Low,Synthetic Churn Risk Model,1.0,2026-06-30
CHN000612,CUS000612,Not Churn,0.4143,Medium,Synthetic Churn Risk Model,1.0,2026-06-30
CHN000613,CUS000613,Not Churn,0.0915,Low,Synthetic Churn Risk Model,1.0,2026-06-30
CHN000614,CUS000614,Churn,0.7754,High,Synthetic Churn Risk Model,1.0,2026-06-30
CHN000615,CUS000615,Not Churn,0.4034,Medium,Synthetic Churn Risk Model,1.0,2026-06-30
CHN000616,CUS000616,Not Churn,0.0339,Low,Synthetic Churn Risk Model,1.0,2026-06-30
CHN000617,CUS000617,Not Churn,0.1282,Low,Synthetic Churn Risk Model,1.0,2026-06-30
CHN000618,CUS000618,Not Churn,0.0209,Low,Synthetic Churn Risk Model,1.0,2026-06-30
CHN000619,CUS000619,Not Churn,0.4169,Medium,Synthetic Churn Risk Model,1.0,2026-06-30
CHN000620,CUS000620,Not Churn,0.1413,Low,Synthetic Churn Risk Model,1.0,2026-06-30
CHN000621,CUS000621,Not Churn,0.1872,Low,Synthetic Churn Risk Model,1.0,2026-06-30
CHN000622,CUS000622,Not Churn,0.0339,Low,Synthetic Churn Risk Model,1.0,2026-06-30
CHN000623,CUS000623,Not Churn,0.3994,Medium,Synthetic Churn Risk Model,1.0,2026-06-30
CHN000624,CUS000624,Not Churn,0.0495,Low,Synthetic Churn Risk Model,1.0,2026-06-30
CHN000625,CUS000625,Not Churn,0.102,Low,Synthetic Churn Risk Model,1.0,2026-06-30
CHN000626,CUS000626,Not Churn,0.373,Medium,Synthetic Churn Risk Model,1.0,2026-06-30
CHN000627,CUS000627,Not Churn,0.0439,Low,Synthetic Churn Risk Model,1.0,2026-06-30
CHN000628,CUS000628,Not Churn,0.124,Low,Synthetic Churn Risk Model,1.0,2026-06-30
CHN000629,CUS000629,Not Churn,0.4029,Medium,Synthetic Churn Risk Model,1.0,2026-06-30
CHN000630,CUS000630,Not Churn,0.0632,Low,Synthetic Churn Risk Model,1.0,2026-06-30
CHN000631,CUS000631,Not Churn,0.0941,Low,Synthetic Churn Risk Model,1.0,2026-06-30
CHN000632,CUS000632,Not Churn,0.1883,Low,Synthetic Churn Risk Model,1.0,2026-06-30
CHN000633,CUS000633,Not Churn,0.4096,Medium,Synthetic Churn Risk Model,1.0,2026-06-30
CHN000634,CUS000634,Not Churn,0.1142,Low,Synthetic Churn Risk Model,1.0,2026-06-30
CHN000635,CUS000635,Not Churn,0.2746,Low,Synthetic Churn Risk Model,1.0,2026-06-30
CHN000636,CUS000636,Not Churn,0.1264,Low,Synthetic Churn Risk Model,1.0,2026-06-30
CHN000637,CUS000637,Not Churn,0.037,Low,Synthetic Churn Risk Model,1.0,2026-06-30
CHN000638,CUS000638,Not Churn,0.4908,Medium,Synthetic Churn Risk Model,1.0,2026-06-30
CHN000639,CUS000639,Not Churn,0.0042,Low,Synthetic Churn Risk Model,1.0,2026-06-30
CHN000640,CUS000640,Not Churn,0.0588,Low,Synthetic Churn Risk Model,1.0,2026-06-30
CHN000641,CUS000641,Churn,0.6926,High,Synthetic Churn Risk Model,1.0,2026-06-30
CHN000642,CUS000642,Not Churn,0.4159,Medium,Synthetic Churn Risk Model,1.0,2026-06-30
CHN000643,CUS000643,Not Churn,0.0304,Low,Synthetic Churn Risk Model,1.0,2026-06-30
CHN000644,CUS000644,Not Churn,0.109,Low,Synthetic Churn Risk Model,1.0,2026-06-30
CHN000645,CUS000645,Not Churn,0.0412,Low,Synthetic Churn Risk Model,1.0,2026-06-30
CHN000646,CUS000646,Not Churn,0.1713,Low,Synthetic Churn Risk Model,1.0,2026-06-30
CHN000647,CUS000647,Not Churn,0.0336,Low,Synthetic Churn Risk Model,1.0,2026-06-30
CHN000648,CUS000648,Not Churn,0.2083,Low,Synthetic Churn Risk Model,1.0,2026-06-30
CHN000649,CUS000649,Not Churn,0.0448,Low,Synthetic Churn Risk Model,1.0,2026-06-30
CHN000650,CUS000650,Not Churn,0.4006,Medium,Synthetic Churn Risk Model,1.0,2026-06-30
CHN000651,CUS000651,Not Churn,0.0544,Low,Synthetic Churn Risk Model,1.0,2026-06-30
CHN000652,CUS000652,Not Churn,0.4248,Medium,Synthetic Churn Risk Model,1.0,2026-06-30
CHN000653,CUS000653,Not Churn,0.1403,Low,Synthetic Churn Risk Model,1.0,2026-06-30
CHN000654,CUS000654,Not Churn,0.3622,Medium,Synthetic Churn Risk Model,1.0,2026-06-30
CHN000655,CUS000655,Not Churn,0.203,Low,Synthetic Churn Risk Model,1.0,2026-06-30
CHN000656,CUS000656,Not Churn,0.4391,Medium,Synthetic Churn Risk Model,1.0,2026-06-30
CHN000657,CUS000657,Not Churn,0.2385,Low,Synthetic Churn Risk Model,1.0,2026-06-30
CHN000658,CUS000658,Not Churn,0.2171,Low,Synthetic Churn Risk Model,1.0,2026-06-30
CHN000659,CUS000659,Not Churn,0.0803,Low,Synthetic Churn Risk Model,1.0,2026-06-30
CHN000660,CUS000660,Not Churn,0.4296,Medium,Synthetic Churn Risk Model,1.0,2026-06-30
CHN000661,CUS000661,Not Churn,0.4152,Medium,Synthetic Churn Risk Model,1.0,2026-06-30
CHN000662,CUS000662,Not Churn,0.2325,Low,Synthetic Churn Risk Model,1.0,2026-06-30
CHN000663,CUS000663,Not Churn,0.0474,Low,Synthetic Churn Risk Model,1.0,2026-06-30
CHN000664,CUS000664,Not Churn,0.0765,Low,Synthetic Churn Risk Model,1.0,2026-06-30
CHN000665,CUS000665,Not Churn,0.0539,Low,Synthetic Churn Risk Model,1.0,2026-06-30
CHN000666,CUS000666,Not Churn,0.3997,Medium,Synthetic Churn Risk Model,1.0,2026-06-30
CHN000667,CUS000667,Not Churn,0.1452,Low,Synthetic Churn Risk Model,1.0,2026-06-30
CHN000668,CUS000668,Not Churn,0.0224,Low,Synthetic Churn Risk Model,1.0,2026-06-30
CHN000669,CUS000669,Churn,0.6035,High,Synthetic Churn Risk Model,1.0,2026-06-30
CHN000670,CUS000670,Not Churn,0.4416,Medium,Synthetic Churn Risk Model,1.0,2026-06-30
CHN000671,CUS000671,Not Churn,0.4124,Medium,Synthetic Churn Risk Model,1.0,2026-06-30
CHN000672,CUS000672,Not Churn,0.4301,Medium,Synthetic Churn Risk Model,1.0,2026-06-30
CHN000673,CUS000673,Not Churn,0.0289,Low,Synthetic Churn Risk Model,1.0,2026-06-30
CHN000674,CUS000674,Not Churn,0.4201,Medium,Synthetic Churn Risk Model,1.0,2026-06-30
CHN000675,CUS000675,Not Churn,0.3025,Medium,Synthetic Churn Risk Model,1.0,2026-06-30
CHN000676,CUS000676,Not Churn,0.0266,Low,Synthetic Churn Risk Model,1.0,2026-06-30
CHN000677,CUS000677,Not Churn,0.1242,Low,Synthetic Churn Risk Model,1.0,2026-06-30
CHN000678,CUS000678,Not Churn,0.4,Medium,Synthetic Churn Risk Model,1.0,2026-06-30
CHN000679,CUS000679,Not Churn,0.032,Low,Synthetic Churn Risk Model,1.0,2026-06-30
CHN000680,CUS000680,Not Churn,0.0422,Low,Synthetic Churn Risk Model,1.0,2026-06-30
CHN000681,CUS000681,Not Churn,0.0292,Low,Synthetic Churn Risk Model,1.0,2026-06-30
CHN000682,CUS000682,Not Churn,0.0771,Low,Synthetic Churn Risk Model,1.0,2026-06-30
CHN000683,CUS000683,Not Churn,0.041,Low,Synthetic Churn Risk Model,1.0,2026-06-30
CHN000684,CUS000684,Not Churn,0.1072,Low,Synthetic Churn Risk Model,1.0,2026-06-30
CHN000685,CUS000685,Not Churn,0.119,Low,Synthetic Churn Risk Model,1.0,2026-06-30
CHN000686,CUS000686,Not Churn,0.1488,Low,Synthetic Churn Risk Model,1.0,2026-06-30
CHN000687,CUS000687,Not Churn,0.1072,Low,Synthetic Churn Risk Model,1.0,2026-06-30
CHN000688,CUS000688,Not Churn,0.2752,Low,Synthetic Churn Risk Model,1.0,2026-06-30
CHN000689,CUS000689,Not Churn,0.1778,Low,Synthetic Churn Risk Model,1.0,2026-06-30
CHN000690,CUS000690,Not Churn,0.1595,Low,Synthetic Churn Risk Model,1.0,2026-06-30
CHN000691,CUS000691,Not Churn,0.4222,Medium,Synthetic Churn Risk Model,1.0,2026-06-30
CHN000692,CUS000692,Not Churn,0.0315,Low,Synthetic Churn Risk Model,1.0,2026-06-30
CHN000693,CUS000693,Not Churn,0.1135,Low,Synthetic Churn Risk Model,1.0,2026-06-30
CHN000694,CUS000694,Not Churn,0.0323,Low,Synthetic Churn Risk Model,1.0,2026-06-30
CHN000695,CUS000695,Not Churn,0.1201,Low,Synthetic Churn Risk Model,1.0,2026-06-30
CHN000696,CUS000696,Not Churn,0.0596,Low,Synthetic Churn Risk Model,1.0,2026-06-30
CHN000697,CUS000697,Not Churn,0.2309,Low,Synthetic Churn Risk Model,1.0,2026-06-30
CHN000698,CUS000698,Not Churn,0.3031,Medium,Synthetic Churn Risk Model,1.0,2026-06-30
CHN000699,CUS000699,Not Churn,0.4117,Medium,Synthetic Churn Risk Model,1.0,2026-06-30
CHN000700,CUS000700,Not Churn,0.0427,Low,Synthetic Churn Risk Model,1.0,2026-06-30
CHN000701,CUS000701,Not Churn,0.0563,Low,Synthetic Churn Risk Model,1.0,2026-06-30
CHN000702,CUS000702,Not Churn,0.4149,Medium,Synthetic Churn Risk Model,1.0,2026-06-30
CHN000703,CUS000703,Not Churn,0.0433,Low,Synthetic Churn Risk Model,1.0,2026-06-30
CHN000704,CUS000704,Not Churn,0.0656,Low,Synthetic Churn Risk Model,1.0,2026-06-30
CHN000705,CUS000705,Not Churn,0.134,Low,Synthetic Churn Risk Model,1.0,2026-06-30
CHN000706,CUS000706,Not Churn,0.0382,Low,Synthetic Churn Risk Model,1.0,2026-06-30
CHN000707,CUS000707,Not Churn,0.4088,Medium,Synthetic Churn Risk Model,1.0,2026-06-30
CHN000708,CUS000708,Not Churn,0.0564,Low,Synthetic Churn Risk Model,1.0,2026-06-30
CHN000709,CUS000709,Not Churn,0.4069,Medium,Synthetic Churn Risk Model,1.0,2026-06-30
CHN000710,CUS000710,Not Churn,0.0804,Low,Synthetic Churn Risk Model,1.0,2026-06-30
CHN000711,CUS000711,Not Churn,0.3647,Medium,Synthetic Churn Risk Model,1.0,2026-06-30
CHN000712,CUS000712,Not Churn,0.3648,Medium,Synthetic Churn Risk Model,1.0,2026-06-30
CHN000713,CUS000713,Not Churn,0.414,Medium,Synthetic Churn Risk Model,1.0,2026-06-30
CHN000714,CUS000714,Not Churn,0.1773,Low,Synthetic Churn Risk Model,1.0,2026-06-30
CHN000715,CUS000715,Not Churn,0.4018,Medium,Synthetic Churn Risk Model,1.0,2026-06-30
CHN000716,CUS000716,Not Churn,0.0458,Low,Synthetic Churn Risk Model,1.0,2026-06-30
CHN000717,CUS000717,Not Churn,0.1269,Low,Synthetic Churn Risk Model,1.0,2026-06-30
CHN000718,CUS000718,Not Churn,0.0065,Low,Synthetic Churn Risk Model,1.0,2026-06-30
CHN000719,CUS000719,Not Churn,0.0892,Low,Synthetic Churn Risk Model,1.0,2026-06-30
CHN000720,CUS000720,Not Churn,0.184,Low,Synthetic Churn Risk Model,1.0,2026-06-30
CHN000721,CUS000721,Not Churn,0.0249,Low,Synthetic Churn Risk Model,1.0,2026-06-30
CHN000722,CUS000722,Not Churn,0.4337,Medium,Synthetic Churn Risk Model,1.0,2026-06-30
CHN000723,CUS000723,Not Churn,0.0521,Low,Synthetic Churn Risk Model,1.0,2026-06-30
CHN000724,CUS000724,Not Churn,0.0587,Low,Synthetic Churn Risk Model,1.0,2026-06-30
CHN000725,CUS000725,Not Churn,0.0883,Low,Synthetic Churn Risk Model,1.0,2026-06-30
CHN000726,CUS000726,Not Churn,0.0408,Low,Synthetic Churn Risk Model,1.0,2026-06-30
CHN000727,CUS000727,Not Churn,0.0285,Low,Synthetic Churn Risk Model,1.0,2026-06-30
CHN000728,CUS000728,Not Churn,0.2164,Low,Synthetic Churn Risk Model,1.0,2026-06-30
CHN000729,CUS000729,Not Churn,0.2025,Low,Synthetic Churn Risk Model,1.0,2026-06-30
CHN000730,CUS000730,Not Churn,0.352,Medium,Synthetic Churn Risk Model,1.0,2026-06-30
CHN000731,CUS000731,Not Churn,0.1529,Low,Synthetic Churn Risk Model,1.0,2026-06-30
CHN000732,CUS000732,Not Churn,0.2439,Low,Synthetic Churn Risk Model,1.0,2026-06-30
CHN000733,CUS000733,Not Churn,0.0729,Low,Synthetic Churn Risk Model,1.0,2026-06-30
CHN000734,CUS000734,Not Churn,0.0451,Low,Synthetic Churn Risk Model,1.0,2026-06-30
CHN000735,CUS000735,Not Churn,0.0207,Low,Synthetic Churn Risk Model,1.0,2026-06-30
CHN000736,CUS000736,Not Churn,0.0725,Low,Synthetic Churn Risk Model,1.0,2026-06-30
CHN000737,CUS000737,Not Churn,0.408,Medium,Synthetic Churn Risk Model,1.0,2026-06-30
CHN000738,CUS000738,Not Churn,0.1603,Low,Synthetic Churn Risk Model,1.0,2026-06-30
CHN000739,CUS000739,Not Churn,0.0463,Low,Synthetic Churn Risk Model,1.0,2026-06-30
CHN000740,CUS000740,Not Churn,0.0824,Low,Synthetic Churn Risk Model,1.0,2026-06-30
CHN000741,CUS000741,Not Churn,0.04,Low,Synthetic Churn Risk Model,1.0,2026-06-30
CHN000742,CUS000742,Not Churn,0.1325,Low,Synthetic Churn Risk Model,1.0,2026-06-30
CHN000743,CUS000743,Not Churn,0.4177,Medium,Synthetic Churn Risk Model,1.0,2026-06-30
CHN000744,CUS000744,Not Churn,0.5756,Medium,Synthetic Churn Risk Model,1.0,2026-06-30
CHN000745,CUS000745,Not Churn,0.0071,Low,Synthetic Churn Risk Model,1.0,2026-06-30
CHN000746,CUS000746,Not Churn,0.126,Low,Synthetic Churn Risk Model,1.0,2026-06-30
CHN000747,CUS000747,Not Churn,0.1403,Low,Synthetic Churn Risk Model,1.0,2026-06-30
CHN000748,CUS000748,Not Churn,0.4329,Medium,Synthetic Churn Risk Model,1.0,2026-06-30
CHN000749,CUS000749,Not Churn,0.2275,Low,Synthetic Churn Risk Model,1.0,2026-06-30
CHN000750,CUS000750,Not Churn,0.079,Low,Synthetic Churn Risk Model,1.0,2026-06-30
CHN000751,CUS000751,Not Churn,0.4275,Medium,Synthetic Churn Risk Model,1.0,2026-06-30
CHN000752,CUS000752,Not Churn,0.0458,Low,Synthetic Churn Risk Model,1.0,2026-06-30
CHN000753,CUS000753,Not Churn,0.1074,Low,Synthetic Churn Risk Model,1.0,2026-06-30
CHN000754,CUS000754,Not Churn,0.2728,Low,Synthetic Churn Risk Model,1.0,2026-06-30
CHN000755,CUS000755,Not Churn,0.0788,Low,Synthetic Churn Risk Model,1.0,2026-06-30
CHN000756,CUS000756,Not Churn,0.1062,Low,Synthetic Churn Risk Model,1.0,2026-06-30
CHN000757,CUS000757,Not Churn,0.3967,Medium,Synthetic Churn Risk Model,1.0,2026-06-30
CHN000758,CUS000758,Not Churn,0.0307,Low,Synthetic Churn Risk Model,1.0,2026-06-30
CHN000759,CUS000759,Not Churn,0.1049,Low,Synthetic Churn Risk Model,1.0,2026-06-30
CHN000760,CUS000760,Not Churn,0.1923,Low,Synthetic Churn Risk Model,1.0,2026-06-30
CHN000761,CUS000761,Not Churn,0.1082,Low,Synthetic Churn Risk Model,1.0,2026-06-30
CHN000762,CUS000762,Not Churn,0.0816,Low,Synthetic Churn Risk Model,1.0,2026-06-30
CHN000763,CUS000763,Not Churn,0.0432,Low,Synthetic Churn Risk Model,1.0,2026-06-30
CHN000764,CUS000764,Not Churn,0.0445,Low,Synthetic Churn Risk Model,1.0,2026-06-30
CHN000765,CUS000765,Not Churn,0.0541,Low,Synthetic Churn Risk Model,1.0,2026-06-30
CHN000766,CUS000766,Not Churn,0.1895,Low,Synthetic Churn Risk Model,1.0,2026-06-30
CHN000767,CUS000767,Not Churn,0.1539,Low,Synthetic Churn Risk Model,1.0,2026-06-30
CHN000768,CUS000768,Not Churn,0.4108,Medium,Synthetic Churn Risk Model,1.0,2026-06-30
CHN000769,CUS000769,Not Churn,0.0416,Low,Synthetic Churn Risk Model,1.0,2026-06-30
CHN000770,CUS000770,Not Churn,0.0345,Low,Synthetic Churn Risk Model,1.0,2026-06-30
CHN000771,CUS000771,Not Churn,0.1934,Low,Synthetic Churn Risk Model,1.0,2026-06-30
CHN000772,CUS000772,Not Churn,0.1004,Low,Synthetic Churn Risk Model,1.0,2026-06-30
CHN000773,CUS000773,Not Churn,0.1927,Low,Synthetic Churn Risk Model,1.0,2026-06-30
CHN000774,CUS000774,Not Churn,0.4109,Medium,Synthetic Churn Risk Model,1.0,2026-06-30
CHN000775,CUS000775,Not Churn,0.1131,Low,Synthetic Churn Risk Model,1.0,2026-06-30
CHN000776,CUS000776,Not Churn,0.0631,Low,Synthetic Churn Risk Model,1.0,2026-06-30
CHN000777,CUS000777,Not Churn,0.0924,Low,Synthetic Churn Risk Model,1.0,2026-06-30
CHN000778,CUS000778,Not Churn,0.2514,Low,Synthetic Churn Risk Model,1.0,2026-06-30
CHN000779,CUS000779,Not Churn,0.096,Low,Synthetic Churn Risk Model,1.0,2026-06-30
CHN000780,CUS000780,Not Churn,0.1294,Low,Synthetic Churn Risk Model,1.0,2026-06-30
CHN000781,CUS000781,Not Churn,0.3122,Medium,Synthetic Churn Risk Model,1.0,2026-06-30
CHN000782,CUS000782,Not Churn,0.2326,Low,Synthetic Churn Risk Model,1.0,2026-06-30
CHN000783,CUS000783,Not Churn,0.4086,Medium,Synthetic Churn Risk Model,1.0,2026-06-30
CHN000784,CUS000784,Not Churn,0.0111,Low,Synthetic Churn Risk Model,1.0,2026-06-30
CHN000785,CUS000785,Not Churn,0.0611,Low,Synthetic Churn Risk Model,1.0,2026-06-30
CHN000786,CUS000786,Not Churn,0.4034,Medium,Synthetic Churn Risk Model,1.0,2026-06-30
CHN000787,CUS000787,Not Churn,0.2042,Low,Synthetic Churn Risk Model,1.0,2026-06-30
CHN000788,CUS000788,Not Churn,0.1856,Low,Synthetic Churn Risk Model,1.0,2026-06-30
CHN000789,CUS000789,Not Churn,0.4105,Medium,Synthetic Churn Risk Model,1.0,2026-06-30
CHN000790,CUS000790,Not Churn,0.0445,Low,Synthetic Churn Risk Model,1.0,2026-06-30
CHN000791,CUS000791,Not Churn,0.1836,Low,Synthetic Churn Risk Model,1.0,2026-06-30
CHN000792,CUS000792,Not Churn,0.428,Medium,Synthetic Churn Risk Model,1.0,2026-06-30
CHN000793,CUS000793,Not Churn,0.1751,Low,Synthetic Churn Risk Model,1.0,2026-06-30
CHN000794,CUS000794,Not Churn,0.0489,Low,Synthetic Churn Risk Model,1.0,2026-06-30
CHN000795,CUS000795,Not Churn,0.1045,Low,Synthetic Churn Risk Model,1.0,2026-06-30
CHN000796,CUS000796,Not Churn,0.4083,Medium,Synthetic Churn Risk Model,1.0,2026-06-30
CHN000797,CUS000797,Not Churn,0.0339,Low,Synthetic Churn Risk Model,1.0,2026-06-30
CHN000798,CUS000798,Not Churn,0.1563,Low,Synthetic Churn Risk Model,1.0,2026-06-30
CHN000799,CUS000799,Not Churn,0.4178,Medium,Synthetic Churn Risk Model,1.0,2026-06-30
CHN000800,CUS000800,Not Churn,0.1097,Low,Synthetic Churn Risk Model,1.0,2026-06-30
CHN000801,CUS000801,Not Churn,0.0717,Low,Synthetic Churn Risk Model,1.0,2026-06-30
CHN000802,CUS000802,Not Churn,0.0746,Low,Synthetic Churn Risk Model,1.0,2026-06-30
CHN000803,CUS000803,Not Churn,0.4027,Medium,Synthetic Churn Risk Model,1.0,2026-06-30
CHN000804,CUS000804,Not Churn,0.1519,Low,Synthetic Churn Risk Model,1.0,2026-06-30
CHN000805,CUS000805,Not Churn,0.4192,Medium,Synthetic Churn Risk Model,1.0,2026-06-30
CHN000806,CUS000806,Not Churn,0.1115,Low,Synthetic Churn Risk Model,1.0,2026-06-30
CHN000807,CUS000807,Not Churn,0.1286,Low,Synthetic Churn Risk Model,1.0,2026-06-30
CHN000808,CUS000808,Not Churn,0.0397,Low,Synthetic Churn Risk Model,1.0,2026-06-30
CHN000809,CUS000809,Not Churn,0.1201,Low,Synthetic Churn Risk Model,1.0,2026-06-30
CHN000810,CUS000810,Not Churn,0.0332,Low,Synthetic Churn Risk Model,1.0,2026-06-30
CHN000811,CUS000811,Not Churn,0.0243,Low,Synthetic Churn Risk Model,1.0,2026-06-30
CHN000812,CUS000812,Not Churn,0.0673,Low,Synthetic Churn Risk Model,1.0,2026-06-30
CHN000813,CUS000813,Not Churn,0.0414,Low,Synthetic Churn Risk Model,1.0,2026-06-30
CHN000814,CUS000814,Not Churn,0.0266,Low,Synthetic Churn Risk Model,1.0,2026-06-30
CHN000815,CUS000815,Not Churn,0.316,Medium,Synthetic Churn Risk Model,1.0,2026-06-30
CHN000816,CUS000816,Not Churn,0.0948,Low,Synthetic Churn Risk Model,1.0,2026-06-30
CHN000817,CUS000817,Not Churn,0.392,Medium,Synthetic Churn Risk Model,1.0,2026-06-30
CHN000818,CUS000818,Not Churn,0.2298,Low,Synthetic Churn Risk Model,1.0,2026-06-30
CHN000819,CUS000819,Not Churn,0.1209,Low,Synthetic Churn Risk Model,1.0,2026-06-30
CHN000820,CUS000820,Not Churn,0.1105,Low,Synthetic Churn Risk Model,1.0,2026-06-30
CHN000821,CUS000821,Not Churn,0.0331,Low,Synthetic Churn Risk Model,1.0,2026-06-30
CHN000822,CUS000822,Not Churn,0.4156,Medium,Synthetic Churn Risk Model,1.0,2026-06-30
CHN000823,CUS000823,Not Churn,0.0902,Low,Synthetic Churn Risk Model,1.0,2026-06-30
CHN000824,CUS000824,Not Churn,0.1249,Low,Synthetic Churn Risk Model,1.0,2026-06-30
CHN000825,CUS000825,Not Churn,0.0843,Low,Synthetic Churn Risk Model,1.0,2026-06-30
CHN000826,CUS000826,Not Churn,0.2112,Low,Synthetic Churn Risk Model,1.0,2026-06-30
CHN000827,CUS000827,Not Churn,0.4067,Medium,Synthetic Churn Risk Model,1.0,2026-06-30
CHN000828,CUS000828,Not Churn,0.0548,Low,Synthetic Churn Risk Model,1.0,2026-06-30
CHN000829,CUS000829,Not Churn,0.0986,Low,Synthetic Churn Risk Model,1.0,2026-06-30
CHN000830,CUS000830,Not Churn,0.0491,Low,Synthetic Churn Risk Model,1.0,2026-06-30
CHN000831,CUS000831,Not Churn,0.3933,Medium,Synthetic Churn Risk Model,1.0,2026-06-30
CHN000832,CUS000832,Not Churn,0.0663,Low,Synthetic Churn Risk Model,1.0,2026-06-30
CHN000833,CUS000833,Not Churn,0.0571,Low,Synthetic Churn Risk Model,1.0,2026-06-30
CHN000834,CUS000834,Not Churn,0.1742,Low,Synthetic Churn Risk Model,1.0,2026-06-30
CHN000835,CUS000835,Not Churn,0.4207,Medium,Synthetic Churn Risk Model,1.0,2026-06-30
CHN000836,CUS000836,Not Churn,0.4056,Medium,Synthetic Churn Risk Model,1.0,2026-06-30
CHN000837,CUS000837,Not Churn,0.0323,Low,Synthetic Churn Risk Model,1.0,2026-06-30
CHN000838,CUS000838,Not Churn,0.0203,Low,Synthetic Churn Risk Model,1.0,2026-06-30
CHN000839,CUS000839,Not Churn,0.0309,Low,Synthetic Churn Risk Model,1.0,2026-06-30
CHN000840,CUS000840,Not Churn,0.1342,Low,Synthetic Churn Risk Model,1.0,2026-06-30
CHN000841,CUS000841,Not Churn,0.0584,Low,Synthetic Churn Risk Model,1.0,2026-06-30
CHN000842,CUS000842,Not Churn,0.3983,Medium,Synthetic Churn Risk Model,1.0,2026-06-30
CHN000843,CUS000843,Not Churn,0.0423,Low,Synthetic Churn Risk Model,1.0,2026-06-30
CHN000844,CUS000844,Not Churn,0.0481,Low,Synthetic Churn Risk Model,1.0,2026-06-30
CHN000845,CUS000845,Not Churn,0.1594,Low,Synthetic Churn Risk Model,1.0,2026-06-30
CHN000846,CUS000846,Not Churn,0.077,Low,Synthetic Churn Risk Model,1.0,2026-06-30
CHN000847,CUS000847,Not Churn,0.1271,Low,Synthetic Churn Risk Model,1.0,2026-06-30
CHN000848,CUS000848,Not Churn,0.4705,Medium,Synthetic Churn Risk Model,1.0,2026-06-30
CHN000849,CUS000849,Not Churn,0.055,Low,Synthetic Churn Risk Model,1.0,2026-06-30
CHN000850,CUS000850,Not Churn,0.0487,Low,Synthetic Churn Risk Model,1.0,2026-06-30
CHN000851,CUS000851,Not Churn,0.3985,Medium,Synthetic Churn Risk Model,1.0,2026-06-30
CHN000852,CUS000852,Not Churn,0.0822,Low,Synthetic Churn Risk Model,1.0,2026-06-30
CHN000853,CUS000853,Not Churn,0.0834,Low,Synthetic Churn Risk Model,1.0,2026-06-30
CHN000854,CUS000854,Not Churn,0.2269,Low,Synthetic Churn Risk Model,1.0,2026-06-30
CHN000855,CUS000855,Not Churn,0.4173,Medium,Synthetic Churn Risk Model,1.0,2026-06-30
CHN000856,CUS000856,Not Churn,0.2964,Low,Synthetic Churn Risk Model,1.0,2026-06-30
CHN000857,CUS000857,Not Churn,0.4297,Medium,Synthetic Churn Risk Model,1.0,2026-06-30
CHN000858,CUS000858,Not Churn,0.3219,Medium,Synthetic Churn Risk Model,1.0,2026-06-30
CHN000859,CUS000859,Not Churn,0.2588,Low,Synthetic Churn Risk Model,1.0,2026-06-30
CHN000860,CUS000860,Not Churn,0.0573,Low,Synthetic Churn Risk Model,1.0,2026-06-30
CHN000861,CUS000861,Not Churn,0.0361,Low,Synthetic Churn Risk Model,1.0,2026-06-30
CHN000862,CUS000862,Not Churn,0.078,Low,Synthetic Churn Risk Model,1.0,2026-06-30
CHN000863,CUS000863,Not Churn,0.1976,Low,Synthetic Churn Risk Model,1.0,2026-06-30
CHN000864,CUS000864,Not Churn,0.0449,Low,Synthetic Churn Risk Model,1.0,2026-06-30
CHN000865,CUS000865,Not Churn,0.091,Low,Synthetic Churn Risk Model,1.0,2026-06-30
CHN000866,CUS000866,Not Churn,0.0363,Low,Synthetic Churn Risk Model,1.0,2026-06-30
CHN000867,CUS000867,Not Churn,0.4312,Medium,Synthetic Churn Risk Model,1.0,2026-06-30
CHN000868,CUS000868,Not Churn,0.0518,Low,Synthetic Churn Risk Model,1.0,2026-06-30
CHN000869,CUS000869,Not Churn,0.4227,Medium,Synthetic Churn Risk Model,1.0,2026-06-30
CHN000870,CUS000870,Not Churn,0.1126,Low,Synthetic Churn Risk Model,1.0,2026-06-30
CHN000871,CUS000871,Not Churn,0.2047,Low,Synthetic Churn Risk Model,1.0,2026-06-30
CHN000872,CUS000872,Not Churn,0.0858,Low,Synthetic Churn Risk Model,1.0,2026-06-30
CHN000873,CUS000873,Not Churn,0.1228,Low,Synthetic Churn Risk Model,1.0,2026-06-30
CHN000874,CUS000874,Not Churn,0.1973,Low,Synthetic Churn Risk Model,1.0,2026-06-30
CHN000875,CUS000875,Not Churn,0.2226,Low,Synthetic Churn Risk Model,1.0,2026-06-30
CHN000876,CUS000876,Not Churn,0.0861,Low,Synthetic Churn Risk Model,1.0,2026-06-30
CHN000877,CUS000877,Not Churn,0.0657,Low,Synthetic Churn Risk Model,1.0,2026-06-30
CHN000878,CUS000878,Not Churn,0.4226,Medium,Synthetic Churn Risk Model,1.0,2026-06-30
CHN000879,CUS000879,Not Churn,0.0766,Low,Synthetic Churn Risk Model,1.0,2026-06-30
CHN000880,CUS000880,Not Churn,0.0776,Low,Synthetic Churn Risk Model,1.0,2026-06-30
CHN000881,CUS000881,Not Churn,0.4282,Medium,Synthetic Churn Risk Model,1.0,2026-06-30
CHN000882,CUS000882,Not Churn,0.0398,Low,Synthetic Churn Risk Model,1.0,2026-06-30
CHN000883,CUS000883,Not Churn,0.151,Low,Synthetic Churn Risk Model,1.0,2026-06-30
CHN000884,CUS000884,Not Churn,0.0904,Low,Synthetic Churn Risk Model,1.0,2026-06-30
CHN000885,CUS000885,Not Churn,0.4093,Medium,Synthetic Churn Risk Model,1.0,2026-06-30
CHN000886,CUS000886,Not Churn,0.0938,Low,Synthetic Churn Risk Model,1.0,2026-06-30
CHN000887,CUS000887,Not Churn,0.4419,Medium,Synthetic Churn Risk Model,1.0,2026-06-30
CHN000888,CUS000888,Not Churn,0.1015,Low,Synthetic Churn Risk Model,1.0,2026-06-30
CHN000889,CUS000889,Not Churn,0.2615,Low,Synthetic Churn Risk Model,1.0,2026-06-30
CHN000890,CUS000890,Not Churn,0.1642,Low,Synthetic Churn Risk Model,1.0,2026-06-30
CHN000891,CUS000891,Not Churn,0.4189,Medium,Synthetic Churn Risk Model,1.0,2026-06-30
CHN000892,CUS000892,Not Churn,0.55,Medium,Synthetic Churn Risk Model,1.0,2026-06-30
CHN000893,CUS000893,Not Churn,0.4048,Medium,Synthetic Churn Risk Model,1.0,2026-06-30
CHN000894,CUS000894,Not Churn,0.3975,Medium,Synthetic Churn Risk Model,1.0,2026-06-30
CHN000895,CUS000895,Not Churn,0.1076,Low,Synthetic Churn Risk Model,1.0,2026-06-30
CHN000896,CUS000896,Not Churn,0.027,Low,Synthetic Churn Risk Model,1.0,2026-06-30
CHN000897,CUS000897,Not Churn,0.1522,Low,Synthetic Churn Risk Model,1.0,2026-06-30
CHN000898,CUS000898,Not Churn,0.4408,Medium,Synthetic Churn Risk Model,1.0,2026-06-30
CHN000899,CUS000899,Not Churn,0.0861,Low,Synthetic Churn Risk Model,1.0,2026-06-30
CHN000900,CUS000900,Not Churn,0.0613,Low,Synthetic Churn Risk Model,1.0,2026-06-30
CHN000901,CUS000901,Not Churn,0.4175,Medium,Synthetic Churn Risk Model,1.0,2026-06-30
CHN000902,CUS000902,Not Churn,0.3976,Medium,Synthetic Churn Risk Model,1.0,2026-06-30
CHN000903,CUS000903,Not Churn,0.4592,Medium,Synthetic Churn Risk Model,1.0,2026-06-30
CHN000904,CUS000904,Not Churn,0.2657,Low,Synthetic Churn Risk Model,1.0,2026-06-30
CHN000905,CUS000905,Not Churn,0.3428,Medium,Synthetic Churn Risk Model,1.0,2026-06-30
CHN000906,CUS000906,Not Churn,0.1399,Low,Synthetic Churn Risk Model,1.0,2026-06-30
CHN000907,CUS000907,Not Churn,0.1561,Low,Synthetic Churn Risk Model,1.0,2026-06-30
CHN000908,CUS000908,Not Churn,0.0197,Low,Synthetic Churn Risk Model,1.0,2026-06-30
CHN000909,CUS000909,Not Churn,0.052,Low,Synthetic Churn Risk Model,1.0,2026-06-30
CHN000910,CUS000910,Not Churn,0.0604,Low,Synthetic Churn Risk Model,1.0,2026-06-30
CHN000911,CUS000911,Not Churn,0.1708,Low,Synthetic Churn Risk Model,1.0,2026-06-30
CHN000912,CUS000912,Not Churn,0.0853,Low,Synthetic Churn Risk Model,1.0,2026-06-30
CHN000913,CUS000913,Not Churn,0.1946,Low,Synthetic Churn Risk Model,1.0,2026-06-30
CHN000914,CUS000914,Not Churn,0.0238,Low,Synthetic Churn Risk Model,1.0,2026-06-30
CHN000915,CUS000915,Not Churn,0.0442,Low,Synthetic Churn Risk Model,1.0,2026-06-30
CHN000916,CUS000916,Not Churn,0.1248,Low,Synthetic Churn Risk Model,1.0,2026-06-30
CHN000917,CUS000917,Not Churn,0.0896,Low,Synthetic Churn Risk Model,1.0,2026-06-30
CHN000918,CUS000918,Not Churn,0.1024,Low,Synthetic Churn Risk Model,1.0,2026-06-30
CHN000919,CUS000919,Not Churn,0.044,Low,Synthetic Churn Risk Model,1.0,2026-06-30
CHN000920,CUS000920,Not Churn,0.411,Medium,Synthetic Churn Risk Model,1.0,2026-06-30
CHN000921,CUS000921,Not Churn,0.4281,Medium,Synthetic Churn Risk Model,1.0,2026-06-30
CHN000922,CUS000922,Not Churn,0.0525,Low,Synthetic Churn Risk Model,1.0,2026-06-30
CHN000923,CUS000923,Not Churn,0.0336,Low,Synthetic Churn Risk Model,1.0,2026-06-30
CHN000924,CUS000924,Not Churn,0.0918,Low,Synthetic Churn Risk Model,1.0,2026-06-30
CHN000925,CUS000925,Not Churn,0.4145,Medium,Synthetic Churn Risk Model,1.0,2026-06-30
CHN000926,CUS000926,Not Churn,0.153,Low,Synthetic Churn Risk Model,1.0,2026-06-30
CHN000927,CUS000927,Not Churn,0.5338,Medium,Synthetic Churn Risk Model,1.0,2026-06-30
CHN000928,CUS000928,Not Churn,0.0832,Low,Synthetic Churn Risk Model,1.0,2026-06-30
CHN000929,CUS000929,Not Churn,0.4092,Medium,Synthetic Churn Risk Model,1.0,2026-06-30
CHN000930,CUS000930,Not Churn,0.4061,Medium,Synthetic Churn Risk Model,1.0,2026-06-30
CHN000931,CUS000931,Not Churn,0.503,Medium,Synthetic Churn Risk Model,1.0,2026-06-30
CHN000932,CUS000932,Not Churn,0.031,Low,Synthetic Churn Risk Model,1.0,2026-06-30
CHN000933,CUS000933,Not Churn,0.4172,Medium,Synthetic Churn Risk Model,1.0,2026-06-30
CHN000934,CUS000934,Not Churn,0.4062,Medium,Synthetic Churn Risk Model,1.0,2026-06-30
CHN000935,CUS000935,Not Churn,0.0964,Low,Synthetic Churn Risk Model,1.0,2026-06-30
CHN000936,CUS000936,Not Churn,0.1228,Low,Synthetic Churn Risk Model,1.0,2026-06-30
CHN000937,CUS000937,Not Churn,0.0565,Low,Synthetic Churn Risk Model,1.0,2026-06-30
CHN000938,CUS000938,Not Churn,0.0311,Low,Synthetic Churn Risk Model,1.0,2026-06-30
CHN000939,CUS000939,Not Churn,0.2105,Low,Synthetic Churn Risk Model,1.0,2026-06-30
CHN000940,CUS000940,Not Churn,0.1194,Low,Synthetic Churn Risk Model,1.0,2026-06-30
CHN000941,CUS000941,Not Churn,0.119,Low,Synthetic Churn Risk Model,1.0,2026-06-30
CHN000942,CUS000942,Not Churn,0.0781,Low,Synthetic Churn Risk Model,1.0,2026-06-30
CHN000943,CUS000943,Not Churn,0.2768,Low,Synthetic Churn Risk Model,1.0,2026-06-30
CHN000944,CUS000944,Not Churn,0.1774,Low,Synthetic Churn Risk Model,1.0,2026-06-30
CHN000945,CUS000945,Not Churn,0.0297,Low,Synthetic Churn Risk Model,1.0,2026-06-30
CHN000946,CUS000946,Not Churn,0.2551,Low,Synthetic Churn Risk Model,1.0,2026-06-30
CHN000947,CUS000947,Not Churn,0.057,Low,Synthetic Churn Risk Model,1.0,2026-06-30
CHN000948,CUS000948,Not Churn,0.0861,Low,Synthetic Churn Risk Model,1.0,2026-06-30
CHN000949,CUS000949,Not Churn,0.1141,Low,Synthetic Churn Risk Model,1.0,2026-06-30
CHN000950,CUS000950,Not Churn,0.2272,Low,Synthetic Churn Risk Model,1.0,2026-06-30
CHN000951,CUS000951,Not Churn,0.0109,Low,Synthetic Churn Risk Model,1.0,2026-06-30
CHN000952,CUS000952,Not Churn,0.0422,Low,Synthetic Churn Risk Model,1.0,2026-06-30
CHN000953,CUS000953,Not Churn,0.0986,Low,Synthetic Churn Risk Model,1.0,2026-06-30
CHN000954,CUS000954,Not Churn,0.4039,Medium,Synthetic Churn Risk Model,1.0,2026-06-30
CHN000955,CUS000955,Not Churn,0.1171,Low,Synthetic Churn Risk Model,1.0,2026-06-30
CHN000956,CUS000956,Not Churn,0.1939,Low,Synthetic Churn Risk Model,1.0,2026-06-30
CHN000957,CUS000957,Not Churn,0.1467,Low,Synthetic Churn Risk Model,1.0,2026-06-30
CHN000958,CUS000958,Not Churn,0.2376,Low,Synthetic Churn Risk Model,1.0,2026-06-30
CHN000959,CUS000959,Not Churn,0.3563,Medium,Synthetic Churn Risk Model,1.0,2026-06-30
CHN000960,CUS000960,Not Churn,0.0623,Low,Synthetic Churn Risk Model,1.0,2026-06-30
CHN000961,CUS000961,Not Churn,0.1183,Low,Synthetic Churn Risk Model,1.0,2026-06-30
CHN000962,CUS000962,Not Churn,0.1993,Low,Synthetic Churn Risk Model,1.0,2026-06-30
CHN000963,CUS000963,Churn,0.6859,High,Synthetic Churn Risk Model,1.0,2026-06-30
CHN000964,CUS000964,Not Churn,0.0576,Low,Synthetic Churn Risk Model,1.0,2026-06-30
CHN000965,CUS000965,Not Churn,0.2115,Low,Synthetic Churn Risk Model,1.0,2026-06-30
CHN000966,CUS000966,Not Churn,0.4733,Medium,Synthetic Churn Risk Model,1.0,2026-06-30
CHN000967,CUS000967,Not Churn,0.417,Medium,Synthetic Churn Risk Model,1.0,2026-06-30
CHN000968,CUS000968,Not Churn,0.088,Low,Synthetic Churn Risk Model,1.0,2026-06-30
CHN000969,CUS000969,Not Churn,0.401,Medium,Synthetic Churn Risk Model,1.0,2026-06-30
CHN000970,CUS000970,Not Churn,0.096,Low,Synthetic Churn Risk Model,1.0,2026-06-30
CHN000971,CUS000971,Not Churn,0.1138,Low,Synthetic Churn Risk Model,1.0,2026-06-30
CHN000972,CUS000972,Not Churn,0.0818,Low,Synthetic Churn Risk Model,1.0,2026-06-30
CHN000973,CUS000973,Not Churn,0.08,Low,Synthetic Churn Risk Model,1.0,2026-06-30
CHN000974,CUS000974,Not Churn,0.1821,Low,Synthetic Churn Risk Model,1.0,2026-06-30
CHN000975,CUS000975,Not Churn,0.0101,Low,Synthetic Churn Risk Model,1.0,2026-06-30
CHN000976,CUS000976,Not Churn,0.2036,Low,Synthetic Churn Risk Model,1.0,2026-06-30
CHN000977,CUS000977,Not Churn,0.045,Low,Synthetic Churn Risk Model,1.0,2026-06-30
CHN000978,CUS000978,Not Churn,0.0582,Low,Synthetic Churn Risk Model,1.0,2026-06-30
CHN000979,CUS000979,Not Churn,0.0308,Low,Synthetic Churn Risk Model,1.0,2026-06-30
CHN000980,CUS000980,Not Churn,0.3977,Medium,Synthetic Churn Risk Model,1.0,2026-06-30
CHN000981,CUS000981,Not Churn,0.4003,Medium,Synthetic Churn Risk Model,1.0,2026-06-30
CHN000982,CUS000982,Not Churn,0.4294,Medium,Synthetic Churn Risk Model,1.0,2026-06-30
CHN000983,CUS000983,Not Churn,0.2647,Low,Synthetic Churn Risk Model,1.0,2026-06-30
CHN000984,CUS000984,Not Churn,0.0198,Low,Synthetic Churn Risk Model,1.0,2026-06-30
CHN000985,CUS000985,Not Churn,0.2455,Low,Synthetic Churn Risk Model,1.0,2026-06-30
CHN000986,CUS000986,Not Churn,0.0543,Low,Synthetic Churn Risk Model,1.0,2026-06-30
CHN000987,CUS000987,Not Churn,0.1033,Low,Synthetic Churn Risk Model,1.0,2026-06-30
CHN000988,CUS000988,Not Churn,0.1024,Low,Synthetic Churn Risk Model,1.0,2026-06-30
CHN000989,CUS000989,Not Churn,0.4358,Medium,Synthetic Churn Risk Model,1.0,2026-06-30
CHN000990,CUS000990,Not Churn,0.0413,Low,Synthetic Churn Risk Model,1.0,2026-06-30
CHN000991,CUS000991,Not Churn,0.0987,Low,Synthetic Churn Risk Model,1.0,2026-06-30
CHN000992,CUS000992,Not Churn,0.0917,Low,Synthetic Churn Risk Model,1.0,2026-06-30
CHN000993,CUS000993,Not Churn,0.4072,Medium,Synthetic Churn Risk Model,1.0,2026-06-30
CHN000994,CUS000994,Not Churn,0.0922,Low,Synthetic Churn Risk Model,1.0,2026-06-30
CHN000995,CUS000995,Not Churn,0.1369,Low,Synthetic Churn Risk Model,1.0,2026-06-30
CHN000996,CUS000996,Not Churn,0.412,Medium,Synthetic Churn Risk Model,1.0,2026-06-30
CHN000997,CUS000997,Not Churn,0.0403,Low,Synthetic Churn Risk Model,1.0,2026-06-30
CHN000998,CUS000998,Not Churn,0.0466,Low,Synthetic Churn Risk Model,1.0,2026-06-30
CHN000999,CUS000999,Not Churn,0.4069,Medium,Synthetic Churn Risk Model,1.0,2026-06-30
CHN001000,CUS001000,Not Churn,0.4104,Medium,Synthetic Churn Risk Model,1.0,2026-06-30
CHN001001,CUS001001,Not Churn,0.0303,Low,Synthetic Churn Risk Model,1.0,2026-06-30
CHN001002,CUS001002,Not Churn,0.1474,Low,Synthetic Churn Risk Model,1.0,2026-06-30
CHN001003,CUS001003,Not Churn,0.0309,Low,Synthetic Churn Risk Model,1.0,2026-06-30
CHN001004,CUS001004,Not Churn,0.4147,Medium,Synthetic Churn Risk Model,1.0,2026-06-30
CHN001005,CUS001005,Not Churn,0.1341,Low,Synthetic Churn Risk Model,1.0,2026-06-30
CHN001006,CUS001006,Not Churn,0.0222,Low,Synthetic Churn Risk Model,1.0,2026-06-30
CHN001007,CUS001007,Not Churn,0.2649,Low,Synthetic Churn Risk Model,1.0,2026-06-30
CHN001008,CUS001008,Not Churn,0.0584,Low,Synthetic Churn Risk Model,1.0,2026-06-30
CHN001009,CUS001009,Not Churn,0.4011,Medium,Synthetic Churn Risk Model,1.0,2026-06-30
CHN001010,CUS001010,Not Churn,0.0499,Low,Synthetic Churn Risk Model,1.0,2026-06-30
CHN001011,CUS001011,Not Churn,0.4378,Medium,Synthetic Churn Risk Model,1.0,2026-06-30
CHN001012,CUS001012,Not Churn,0.1551,Low,Synthetic Churn Risk Model,1.0,2026-06-30
CHN001013,CUS001013,Not Churn,0.3968,Medium,Synthetic Churn Risk Model,1.0,2026-06-30
CHN001014,CUS001014,Not Churn,0.4367,Medium,Synthetic Churn Risk Model,1.0,2026-06-30
CHN001015,CUS001015,Not Churn,0.0948,Low,Synthetic Churn Risk Model,1.0,2026-06-30
CHN001016,CUS001016,Not Churn,0.1196,Low,Synthetic Churn Risk Model,1.0,2026-06-30
CHN001017,CUS001017,Not Churn,0.4585,Medium,Synthetic Churn Risk Model,1.0,2026-06-30
CHN001018,CUS001018,Not Churn,0.0541,Low,Synthetic Churn Risk Model,1.0,2026-06-30
CHN001019,CUS001019,Not Churn,0.2457,Low,Synthetic Churn Risk Model,1.0,2026-06-30
CHN001020,CUS001020,Not Churn,0.2734,Low,Synthetic Churn Risk Model,1.0,2026-06-30
CHN001021,CUS001021,Not Churn,0.0332,Low,Synthetic Churn Risk Model,1.0,2026-06-30
CHN001022,CUS001022,Not Churn,0.2857,Low,Synthetic Churn Risk Model,1.0,2026-06-30
CHN001023,CUS001023,Not Churn,0.0547,Low,Synthetic Churn Risk Model,1.0,2026-06-30
CHN001024,CUS001024,Not Churn,0.1853,Low,Synthetic Churn Risk Model,1.0,2026-06-30
CHN001025,CUS001025,Not Churn,0.0441,Low,Synthetic Churn Risk Model,1.0,2026-06-30
CHN001026,CUS001026,Not Churn,0.1408,Low,Synthetic Churn Risk Model,1.0,2026-06-30
CHN001027,CUS001027,Not Churn,0.0993,Low,Synthetic Churn Risk Model,1.0,2026-06-30
CHN001028,CUS001028,Not Churn,0.0767,Low,Synthetic Churn Risk Model,1.0,2026-06-30
CHN001029,CUS001029,Not Churn,0.0468,Low,Synthetic Churn Risk Model,1.0,2026-06-30
CHN001030,CUS001030,Not Churn,0.2826,Low,Synthetic Churn Risk Model,1.0,2026-06-30
CHN001031,CUS001031,Not Churn,0.2352,Low,Synthetic Churn Risk Model,1.0,2026-06-30
CHN001032,CUS001032,Not Churn,0.393,Medium,Synthetic Churn Risk Model,1.0,2026-06-30
CHN001033,CUS001033,Not Churn,0.4167,Medium,Synthetic Churn Risk Model,1.0,2026-06-30
CHN001034,CUS001034,Not Churn,0.1987,Low,Synthetic Churn Risk Model,1.0,2026-06-30
CHN001035,CUS001035,Not Churn,0.2481,Low,Synthetic Churn Risk Model,1.0,2026-06-30
CHN001036,CUS001036,Not Churn,0.4649,Medium,Synthetic Churn Risk Model,1.0,2026-06-30
CHN001037,CUS001037,Not Churn,0.4243,Medium,Synthetic Churn Risk Model,1.0,2026-06-30
CHN001038,CUS001038,Not Churn,0.0385,Low,Synthetic Churn Risk Model,1.0,2026-06-30
CHN001039,CUS001039,Not Churn,0.4175,Medium,Synthetic Churn Risk Model,1.0,2026-06-30
CHN001040,CUS001040,Not Churn,0.0692,Low,Synthetic Churn Risk Model,1.0,2026-06-30
CHN001041,CUS001041,Not Churn,0.1422,Low,Synthetic Churn Risk Model,1.0,2026-06-30
CHN001042,CUS001042,Not Churn,0.0215,Low,Synthetic Churn Risk Model,1.0,2026-06-30
CHN001043,CUS001043,Not Churn,0.4106,Medium,Synthetic Churn Risk Model,1.0,2026-06-30
CHN001044,CUS001044,Not Churn,0.2432,Low,Synthetic Churn Risk Model,1.0,2026-06-30
CHN001045,CUS001045,Not Churn,0.05,Low,Synthetic Churn Risk Model,1.0,2026-06-30
CHN001046,CUS001046,Not Churn,0.0837,Low,Synthetic Churn Risk Model,1.0,2026-06-30
CHN001047,CUS001047,Not Churn,0.0762,Low,Synthetic Churn Risk Model,1.0,2026-06-30
CHN001048,CUS001048,Not Churn,0.0672,Low,Synthetic Churn Risk Model,1.0,2026-06-30
CHN001049,CUS001049,Not Churn,0.0897,Low,Synthetic Churn Risk Model,1.0,2026-06-30
CHN001050,CUS001050,Not Churn,0.1285,Low,Synthetic Churn Risk Model,1.0,2026-06-30
CHN001051,CUS001051,Not Churn,0.07,Low,Synthetic Churn Risk Model,1.0,2026-06-30
CHN001052,CUS001052,Not Churn,0.0568,Low,Synthetic Churn Risk Model,1.0,2026-06-30
CHN001053,CUS001053,Not Churn,0.0047,Low,Synthetic Churn Risk Model,1.0,2026-06-30
CHN001054,CUS001054,Not Churn,0.0548,Low,Synthetic Churn Risk Model,1.0,2026-06-30
CHN001055,CUS001055,Not Churn,0.1047,Low,Synthetic Churn Risk Model,1.0,2026-06-30
CHN001056,CUS001056,Not Churn,0.0491,Low,Synthetic Churn Risk Model,1.0,2026-06-30
CHN001057,CUS001057,Not Churn,0.3969,Medium,Synthetic Churn Risk Model,1.0,2026-06-30
CHN001058,CUS001058,Not Churn,0.0626,Low,Synthetic Churn Risk Model,1.0,2026-06-30
CHN001059,CUS001059,Not Churn,0.122,Low,Synthetic Churn Risk Model,1.0,2026-06-30
CHN001060,CUS001060,Not Churn,0.2053,Low,Synthetic Churn Risk Model,1.0,2026-06-30
CHN001061,CUS001061,Not Churn,0.4274,Medium,Synthetic Churn Risk Model,1.0,2026-06-30
CHN001062,CUS001062,Not Churn,0.0427,Low,Synthetic Churn Risk Model,1.0,2026-06-30
CHN001063,CUS001063,Not Churn,0.0173,Low,Synthetic Churn Risk Model,1.0,2026-06-30
CHN001064,CUS001064,Not Churn,0.033,Low,Synthetic Churn Risk Model,1.0,2026-06-30
CHN001065,CUS001065,Not Churn,0.3349,Medium,Synthetic Churn Risk Model,1.0,2026-06-30
CHN001066,CUS001066,Not Churn,0.0753,Low,Synthetic Churn Risk Model,1.0,2026-06-30
CHN001067,CUS001067,Not Churn,0.4066,Medium,Synthetic Churn Risk Model,1.0,2026-06-30
CHN001068,CUS001068,Not Churn,0.0413,Low,Synthetic Churn Risk Model,1.0,2026-06-30
CHN001069,CUS001069,Not Churn,0.0567,Low,Synthetic Churn Risk Model,1.0,2026-06-30
CHN001070,CUS001070,Not Churn,0.0511,Low,Synthetic Churn Risk Model,1.0,2026-06-30
CHN001071,CUS001071,Not Churn,0.4043,Medium,Synthetic Churn Risk Model,1.0,2026-06-30
CHN001072,CUS001072,Not Churn,0.0712,Low,Synthetic Churn Risk Model,1.0,2026-06-30
CHN001073,CUS001073,Not Churn,0.0632,Low,Synthetic Churn Risk Model,1.0,2026-06-30
CHN001074,CUS001074,Not Churn,0.0395,Low,Synthetic Churn Risk Model,1.0,2026-06-30
CHN001075,CUS001075,Not Churn,0.4164,Medium,Synthetic Churn Risk Model,1.0,2026-06-30
CHN001076,CUS001076,Not Churn,0.0691,Low,Synthetic Churn Risk Model,1.0,2026-06-30
CHN001077,CUS001077,Churn,0.8292,High,Synthetic Churn Risk Model,1.0,2026-06-30
CHN001078,CUS001078,Not Churn,0.4071,Medium,Synthetic Churn Risk Model,1.0,2026-06-30
CHN001079,CUS001079,Not Churn,0.1978,Low,Synthetic Churn Risk Model,1.0,2026-06-30
CHN001080,CUS001080,Not Churn,0.0594,Low,Synthetic Churn Risk Model,1.0,2026-06-30
CHN001081,CUS001081,Not Churn,0.0918,Low,Synthetic Churn Risk Model,1.0,2026-06-30
CHN001082,CUS001082,Not Churn,0.0625,Low,Synthetic Churn Risk Model,1.0,2026-06-30
CHN001083,CUS001083,Not Churn,0.0468,Low,Synthetic Churn Risk Model,1.0,2026-06-30
CHN001084,CUS001084,Not Churn,0.0637,Low,Synthetic Churn Risk Model,1.0,2026-06-30
CHN001085,CUS001085,Not Churn,0.1511,Low,Synthetic Churn Risk Model,1.0,2026-06-30
CHN001086,CUS001086,Not Churn,0.1165,Low,Synthetic Churn Risk Model,1.0,2026-06-30
CHN001087,CUS001087,Not Churn,0.41,Medium,Synthetic Churn Risk Model,1.0,2026-06-30
CHN001088,CUS001088,Not Churn,0.41,Medium,Synthetic Churn Risk Model,1.0,2026-06-30
CHN001089,CUS001089,Not Churn,0.262,Low,Synthetic Churn Risk Model,1.0,2026-06-30
CHN001090,CUS001090,Not Churn,0.4157,Medium,Synthetic Churn Risk Model,1.0,2026-06-30
CHN001091,CUS001091,Not Churn,0.0735,Low,Synthetic Churn Risk Model,1.0,2026-06-30
CHN001092,CUS001092,Not Churn,0.4263,Medium,Synthetic Churn Risk Model,1.0,2026-06-30
CHN001093,CUS001093,Not Churn,0.0268,Low,Synthetic Churn Risk Model,1.0,2026-06-30
CHN001094,CUS001094,Not Churn,0.425,Medium,Synthetic Churn Risk Model,1.0,2026-06-30
CHN001095,CUS001095,Not Churn,0.0451,Low,Synthetic Churn Risk Model,1.0,2026-06-30
CHN001096,CUS001096,Not Churn,0.1484,Low,Synthetic Churn Risk Model,1.0,2026-06-30
CHN001097,CUS001097,Not Churn,0.4066,Medium,Synthetic Churn Risk Model,1.0,2026-06-30
CHN001098,CUS001098,Not Churn,0.0313,Low,Synthetic Churn Risk Model,1.0,2026-06-30
CHN001099,CUS001099,Not Churn,0.0465,Low,Synthetic Churn Risk Model,1.0,2026-06-30
CHN001100,CUS001100,Not Churn,0.1751,Low,Synthetic Churn Risk Model,1.0,2026-06-30
CHN001101,CUS001101,Not Churn,0.0441,Low,Synthetic Churn Risk Model,1.0,2026-06-30
CHN001102,CUS001102,Not Churn,0.027,Low,Synthetic Churn Risk Model,1.0,2026-06-30
CHN001103,CUS001103,Not Churn,0.1033,Low,Synthetic Churn Risk Model,1.0,2026-06-30
CHN001104,CUS001104,Not Churn,0.1435,Low,Synthetic Churn Risk Model,1.0,2026-06-30
CHN001105,CUS001105,Not Churn,0.1218,Low,Synthetic Churn Risk Model,1.0,2026-06-30
CHN001106,CUS001106,Not Churn,0.4012,Medium,Synthetic Churn Risk Model,1.0,2026-06-30
CHN001107,CUS001107,Not Churn,0.1254,Low,Synthetic Churn Risk Model,1.0,2026-06-30
CHN001108,CUS001108,Not Churn,0.1031,Low,Synthetic Churn Risk Model,1.0,2026-06-30
CHN001109,CUS001109,Not Churn,0.4033,Medium,Synthetic Churn Risk Model,1.0,2026-06-30
CHN001110,CUS001110,Not Churn,0.2163,Low,Synthetic Churn Risk Model,1.0,2026-06-30
CHN001111,CUS001111,Not Churn,0.0983,Low,Synthetic Churn Risk Model,1.0,2026-06-30
CHN001112,CUS001112,Not Churn,0.0215,Low,Synthetic Churn Risk Model,1.0,2026-06-30
CHN001113,CUS001113,Not Churn,0.1024,Low,Synthetic Churn Risk Model,1.0,2026-06-30
CHN001114,CUS001114,Not Churn,0.4167,Medium,Synthetic Churn Risk Model,1.0,2026-06-30
CHN001115,CUS001115,Not Churn,0.1016,Low,Synthetic Churn Risk Model,1.0,2026-06-30
CHN001116,CUS001116,Not Churn,0.0379,Low,Synthetic Churn Risk Model,1.0,2026-06-30
CHN001117,CUS001117,Not Churn,0.0478,Low,Synthetic Churn Risk Model,1.0,2026-06-30
CHN001118,CUS001118,Not Churn,0.0611,Low,Synthetic Churn Risk Model,1.0,2026-06-30
CHN001119,CUS001119,Not Churn,0.0366,Low,Synthetic Churn Risk Model,1.0,2026-06-30
CHN001120,CUS001120,Not Churn,0.0545,Low,Synthetic Churn Risk Model,1.0,2026-06-30
CHN001121,CUS001121,Not Churn,0.0657,Low,Synthetic Churn Risk Model,1.0,2026-06-30
CHN001122,CUS001122,Not Churn,0.1953,Low,Synthetic Churn Risk Model,1.0,2026-06-30
CHN001123,CUS001123,Not Churn,0.4258,Medium,Synthetic Churn Risk Model,1.0,2026-06-30
CHN001124,CUS001124,Not Churn,0.1007,Low,Synthetic Churn Risk Model,1.0,2026-06-30
CHN001125,CUS001125,Not Churn,0.0582,Low,Synthetic Churn Risk Model,1.0,2026-06-30
CHN001126,CUS001126,Not Churn,0.1474,Low,Synthetic Churn Risk Model,1.0,2026-06-30
CHN001127,CUS001127,Not Churn,0.0774,Low,Synthetic Churn Risk Model,1.0,2026-06-30
CHN001128,CUS001128,Not Churn,0.1197,Low,Synthetic Churn Risk Model,1.0,2026-06-30
CHN001129,CUS001129,Not Churn,0.4005,Medium,Synthetic Churn Risk Model,1.0,2026-06-30
CHN001130,CUS001130,Not Churn,0.2947,Low,Synthetic Churn Risk Model,1.0,2026-06-30
CHN001131,CUS001131,Not Churn,0.4015,Medium,Synthetic Churn Risk Model,1.0,2026-06-30
CHN001132,CUS001132,Churn,0.6231,High,Synthetic Churn Risk Model,1.0,2026-06-30
CHN001133,CUS001133,Not Churn,0.1359,Low,Synthetic Churn Risk Model,1.0,2026-06-30
CHN001134,CUS001134,Not Churn,0.0917,Low,Synthetic Churn Risk Model,1.0,2026-06-30
CHN001135,CUS001135,Not Churn,0.4215,Medium,Synthetic Churn Risk Model,1.0,2026-06-30
CHN001136,CUS001136,Not Churn,0.4029,Medium,Synthetic Churn Risk Model,1.0,2026-06-30
CHN001137,CUS001137,Not Churn,0.4125,Medium,Synthetic Churn Risk Model,1.0,2026-06-30
CHN001138,CUS001138,Not Churn,0.4199,Medium,Synthetic Churn Risk Model,1.0,2026-06-30
CHN001139,CUS001139,Not Churn,0.0153,Low,Synthetic Churn Risk Model,1.0,2026-06-30
CHN001140,CUS001140,Not Churn,0.0386,Low,Synthetic Churn Risk Model,1.0,2026-06-30
CHN001141,CUS001141,Not Churn,0.0429,Low,Synthetic Churn Risk Model,1.0,2026-06-30
CHN001142,CUS001142,Not Churn,0.0117,Low,Synthetic Churn Risk Model,1.0,2026-06-30
CHN001143,CUS001143,Not Churn,0.4129,Medium,Synthetic Churn Risk Model,1.0,2026-06-30
CHN001144,CUS001144,Not Churn,0.1045,Low,Synthetic Churn Risk Model,1.0,2026-06-30
CHN001145,CUS001145,Not Churn,0.1115,Low,Synthetic Churn Risk Model,1.0,2026-06-30
CHN001146,CUS001146,Not Churn,0.5927,Medium,Synthetic Churn Risk Model,1.0,2026-06-30
CHN001147,CUS001147,Not Churn,0.5022,Medium,Synthetic Churn Risk Model,1.0,2026-06-30
CHN001148,CUS001148,Not Churn,0.0539,Low,Synthetic Churn Risk Model,1.0,2026-06-30
CHN001149,CUS001149,Not Churn,0.4075,Medium,Synthetic Churn Risk Model,1.0,2026-06-30
CHN001150,CUS001150,Not Churn,0.0394,Low,Synthetic Churn Risk Model,1.0,2026-06-30
CHN001151,CUS001151,Not Churn,0.1768,Low,Synthetic Churn Risk Model,1.0,2026-06-30
CHN001152,CUS001152,Not Churn,0.0358,Low,Synthetic Churn Risk Model,1.0,2026-06-30
CHN001153,CUS001153,Not Churn,0.4021,Medium,Synthetic Churn Risk Model,1.0,2026-06-30
CHN001154,CUS001154,Not Churn,0.4267,Medium,Synthetic Churn Risk Model,1.0,2026-06-30
CHN001155,CUS001155,Not Churn,0.4548,Medium,Synthetic Churn Risk Model,1.0,2026-06-30
CHN001156,CUS001156,Not Churn,0.0509,Low,Synthetic Churn Risk Model,1.0,2026-06-30
CHN001157,CUS001157,Not Churn,0.037,Low,Synthetic Churn Risk Model,1.0,2026-06-30
CHN001158,CUS001158,Not Churn,0.1497,Low,Synthetic Churn Risk Model,1.0,2026-06-30
CHN001159,CUS001159,Not Churn,0.0411,Low,Synthetic Churn Risk Model,1.0,2026-06-30
CHN001160,CUS001160,Not Churn,0.0564,Low,Synthetic Churn Risk Model,1.0,2026-06-30
CHN001161,CUS001161,Not Churn,0.089,Low,Synthetic Churn Risk Model,1.0,2026-06-30
CHN001162,CUS001162,Not Churn,0.2463,Low,Synthetic Churn Risk Model,1.0,2026-06-30
CHN001163,CUS001163,Not Churn,0.43,Medium,Synthetic Churn Risk Model,1.0,2026-06-30
CHN001164,CUS001164,Not Churn,0.2907,Low,Synthetic Churn Risk Model,1.0,2026-06-30
CHN001165,CUS001165,Not Churn,0.2216,Low,Synthetic Churn Risk Model,1.0,2026-06-30
CHN001166,CUS001166,Not Churn,0.4331,Medium,Synthetic Churn Risk Model,1.0,2026-06-30
CHN001167,CUS001167,Not Churn,0.0862,Low,Synthetic Churn Risk Model,1.0,2026-06-30
CHN001168,CUS001168,Not Churn,0.416,Medium,Synthetic Churn Risk Model,1.0,2026-06-30
CHN001169,CUS001169,Not Churn,0.4052,Medium,Synthetic Churn Risk Model,1.0,2026-06-30
CHN001170,CUS001170,Not Churn,0.2967,Low,Synthetic Churn Risk Model,1.0,2026-06-30
CHN001171,CUS001171,Not Churn,0.031,Low,Synthetic Churn Risk Model,1.0,2026-06-30
CHN001172,CUS001172,Not Churn,0.0178,Low,Synthetic Churn Risk Model,1.0,2026-06-30
CHN001173,CUS001173,Not Churn,0.4126,Medium,Synthetic Churn Risk Model,1.0,2026-06-30
CHN001174,CUS001174,Not Churn,0.4246,Medium,Synthetic Churn Risk Model,1.0,2026-06-30
CHN001175,CUS001175,Not Churn,0.1192,Low,Synthetic Churn Risk Model,1.0,2026-06-30
CHN001176,CUS001176,Not Churn,0.2363,Low,Synthetic Churn Risk Model,1.0,2026-06-30
CHN001177,CUS001177,Not Churn,0.4003,Medium,Synthetic Churn Risk Model,1.0,2026-06-30
CHN001178,CUS001178,Not Churn,0.045,Low,Synthetic Churn Risk Model,1.0,2026-06-30
CHN001179,CUS001179,Not Churn,0.4077,Medium,Synthetic Churn Risk Model,1.0,2026-06-30
CHN001180,CUS001180,Not Churn,0.0505,Low,Synthetic Churn Risk Model,1.0,2026-06-30
CHN001181,CUS001181,Not Churn,0.1144,Low,Synthetic Churn Risk Model,1.0,2026-06-30
CHN001182,CUS001182,Not Churn,0.0299,Low,Synthetic Churn Risk Model,1.0,2026-06-30
CHN001183,CUS001183,Not Churn,0.16,Low,Synthetic Churn Risk Model,1.0,2026-06-30
CHN001184,CUS001184,Not Churn,0.4354,Medium,Synthetic Churn Risk Model,1.0,2026-06-30
CHN001185,CUS001185,Not Churn,0.0166,Low,Synthetic Churn Risk Model,1.0,2026-06-30
CHN001186,CUS001186,Not Churn,0.1379,Low,Synthetic Churn Risk Model,1.0,2026-06-30
CHN001187,CUS001187,Not Churn,0.3995,Medium,Synthetic Churn Risk Model,1.0,2026-06-30
CHN001188,CUS001188,Not Churn,0.034,Low,Synthetic Churn Risk Model,1.0,2026-06-30
CHN001189,CUS001189,Not Churn,0.137,Low,Synthetic Churn Risk Model,1.0,2026-06-30
CHN001190,CUS001190,Not Churn,0.0338,Low,Synthetic Churn Risk Model,1.0,2026-06-30
CHN001191,CUS001191,Not Churn,0.1051,Low,Synthetic Churn Risk Model,1.0,2026-06-30
CHN001192,CUS001192,Not Churn,0.0865,Low,Synthetic Churn Risk Model,1.0,2026-06-30
CHN001193,CUS001193,Not Churn,0.0222,Low,Synthetic Churn Risk Model,1.0,2026-06-30
CHN001194,CUS001194,Not Churn,0.3117,Medium,Synthetic Churn Risk Model,1.0,2026-06-30
CHN001195,CUS001195,Not Churn,0.0456,Low,Synthetic Churn Risk Model,1.0,2026-06-30
CHN001196,CUS001196,Not Churn,0.0895,Low,Synthetic Churn Risk Model,1.0,2026-06-30
CHN001197,CUS001197,Not Churn,0.4097,Medium,Synthetic Churn Risk Model,1.0,2026-06-30
CHN001198,CUS001198,Not Churn,0.1294,Low,Synthetic Churn Risk Model,1.0,2026-06-30
CHN001199,CUS001199,Not Churn,0.1388,Low,Synthetic Churn Risk Model,1.0,2026-06-30
CHN001200,CUS001200,Not Churn,0.4233,Medium,Synthetic Churn Risk Model,1.0,2026-06-30
CHN001201,CUS001201,Not Churn,0.0693,Low,Synthetic Churn Risk Model,1.0,2026-06-30
CHN001202,CUS001202,Not Churn,0.2116,Low,Synthetic Churn Risk Model,1.0,2026-06-30
CHN001203,CUS001203,Not Churn,0.0353,Low,Synthetic Churn Risk Model,1.0,2026-06-30
CHN001204,CUS001204,Not Churn,0.0787,Low,Synthetic Churn Risk Model,1.0,2026-06-30
CHN001205,CUS001205,Not Churn,0.0707,Low,Synthetic Churn Risk Model,1.0,2026-06-30
CHN001206,CUS001206,Not Churn,0.1936,Low,Synthetic Churn Risk Model,1.0,2026-06-30
CHN001207,CUS001207,Not Churn,0.552,Medium,Synthetic Churn Risk Model,1.0,2026-06-30
CHN001208,CUS001208,Not Churn,0.1394,Low,Synthetic Churn Risk Model,1.0,2026-06-30
CHN001209,CUS001209,Not Churn,0.0993,Low,Synthetic Churn Risk Model,1.0,2026-06-30
CHN001210,CUS001210,Not Churn,0.0763,Low,Synthetic Churn Risk Model,1.0,2026-06-30
CHN001211,CUS001211,Not Churn,0.039,Low,Synthetic Churn Risk Model,1.0,2026-06-30
CHN001212,CUS001212,Not Churn,0.1007,Low,Synthetic Churn Risk Model,1.0,2026-06-30
CHN001213,CUS001213,Not Churn,0.2312,Low,Synthetic Churn Risk Model,1.0,2026-06-30
CHN001214,CUS001214,Not Churn,0.0646,Low,Synthetic Churn Risk Model,1.0,2026-06-30
CHN001215,CUS001215,Not Churn,0.078,Low,Synthetic Churn Risk Model,1.0,2026-06-30
CHN001216,CUS001216,Not Churn,0.0338,Low,Synthetic Churn Risk Model,1.0,2026-06-30
CHN001217,CUS001217,Not Churn,0.4142,Medium,Synthetic Churn Risk Model,1.0,2026-06-30
CHN001218,CUS001218,Not Churn,0.0444,Low,Synthetic Churn Risk Model,1.0,2026-06-30
CHN001219,CUS001219,Not Churn,0.1209,Low,Synthetic Churn Risk Model,1.0,2026-06-30
CHN001220,CUS001220,Not Churn,0.0401,Low,Synthetic Churn Risk Model,1.0,2026-06-30
CHN001221,CUS001221,Not Churn,0.0381,Low,Synthetic Churn Risk Model,1.0,2026-06-30
CHN001222,CUS001222,Not Churn,0.0146,Low,Synthetic Churn Risk Model,1.0,2026-06-30
CHN001223,CUS001223,Not Churn,0.1371,Low,Synthetic Churn Risk Model,1.0,2026-06-30
CHN001224,CUS001224,Not Churn,0.398,Medium,Synthetic Churn Risk Model,1.0,2026-06-30
CHN001225,CUS001225,Not Churn,0.2364,Low,Synthetic Churn Risk Model,1.0,2026-06-30
CHN001226,CUS001226,Not Churn,0.0583,Low,Synthetic Churn Risk Model,1.0,2026-06-30
CHN001227,CUS001227,Not Churn,0.0626,Low,Synthetic Churn Risk Model,1.0,2026-06-30
CHN001228,CUS001228,Not Churn,0.09,Low,Synthetic Churn Risk Model,1.0,2026-06-30
CHN001229,CUS001229,Not Churn,0.5491,Medium,Synthetic Churn Risk Model,1.0,2026-06-30
CHN001230,CUS001230,Not Churn,0.1872,Low,Synthetic Churn Risk Model,1.0,2026-06-30
CHN001231,CUS001231,Not Churn,0.0512,Low,Synthetic Churn Risk Model,1.0,2026-06-30
CHN001232,CUS001232,Not Churn,0.0879,Low,Synthetic Churn Risk Model,1.0,2026-06-30
CHN001233,CUS001233,Not Churn,0.0686,Low,Synthetic Churn Risk Model,1.0,2026-06-30
CHN001234,CUS001234,Not Churn,0.391,Medium,Synthetic Churn Risk Model,1.0,2026-06-30
CHN001235,CUS001235,Not Churn,0.033,Low,Synthetic Churn Risk Model,1.0,2026-06-30
CHN001236,CUS001236,Not Churn,0.1094,Low,Synthetic Churn Risk Model,1.0,2026-06-30
CHN001237,CUS001237,Not Churn,0.0952,Low,Synthetic Churn Risk Model,1.0,2026-06-30
CHN001238,CUS001238,Not Churn,0.086,Low,Synthetic Churn Risk Model,1.0,2026-06-30
CHN001239,CUS001239,Not Churn,0.3976,Medium,Synthetic Churn Risk Model,1.0,2026-06-30
CHN001240,CUS001240,Not Churn,0.5205,Medium,Synthetic Churn Risk Model,1.0,2026-06-30
CHN001241,CUS001241,Not Churn,0.0989,Low,Synthetic Churn Risk Model,1.0,2026-06-30
CHN001242,CUS001242,Not Churn,0.2966,Low,Synthetic Churn Risk Model,1.0,2026-06-30
CHN001243,CUS001243,Not Churn,0.144,Low,Synthetic Churn Risk Model,1.0,2026-06-30
CHN001244,CUS001244,Not Churn,0.3997,Medium,Synthetic Churn Risk Model,1.0,2026-06-30
CHN001245,CUS001245,Not Churn,0.2026,Low,Synthetic Churn Risk Model,1.0,2026-06-30
CHN001246,CUS001246,Not Churn,0.0414,Low,Synthetic Churn Risk Model,1.0,2026-06-30
CHN001247,CUS001247,Not Churn,0.4167,Medium,Synthetic Churn Risk Model,1.0,2026-06-30
CHN001248,CUS001248,Not Churn,0.0338,Low,Synthetic Churn Risk Model,1.0,2026-06-30
CHN001249,CUS001249,Not Churn,0.0433,Low,Synthetic Churn Risk Model,1.0,2026-06-30
CHN001250,CUS001250,Not Churn,0.0541,Low,Synthetic Churn Risk Model,1.0,2026-06-30
CHN001251,CUS001251,Not Churn,0.4505,Medium,Synthetic Churn Risk Model,1.0,2026-06-30
CHN001252,CUS001252,Not Churn,0.5579,Medium,Synthetic Churn Risk Model,1.0,2026-06-30
CHN001253,CUS001253,Not Churn,0.1126,Low,Synthetic Churn Risk Model,1.0,2026-06-30
CHN001254,CUS001254,Not Churn,0.3683,Medium,Synthetic Churn Risk Model,1.0,2026-06-30
CHN001255,CUS001255,Not Churn,0.1433,Low,Synthetic Churn Risk Model,1.0,2026-06-30
CHN001256,CUS001256,Churn,0.6146,High,Synthetic Churn Risk Model,1.0,2026-06-30
CHN001257,CUS001257,Not Churn,0.1541,Low,Synthetic Churn Risk Model,1.0,2026-06-30
CHN001258,CUS001258,Not Churn,0.0657,Low,Synthetic Churn Risk Model,1.0,2026-06-30
CHN001259,CUS001259,Not Churn,0.3988,Medium,Synthetic Churn Risk Model,1.0,2026-06-30
CHN001260,CUS001260,Not Churn,0.4272,Medium,Synthetic Churn Risk Model,1.0,2026-06-30
CHN001261,CUS001261,Not Churn,0.4611,Medium,Synthetic Churn Risk Model,1.0,2026-06-30
CHN001262,CUS001262,Not Churn,0.016,Low,Synthetic Churn Risk Model,1.0,2026-06-30
CHN001263,CUS001263,Not Churn,0.1123,Low,Synthetic Churn Risk Model,1.0,2026-06-30
CHN001264,CUS001264,Not Churn,0.2087,Low,Synthetic Churn Risk Model,1.0,2026-06-30
CHN001265,CUS001265,Not Churn,0.1741,Low,Synthetic Churn Risk Model,1.0,2026-06-30
CHN001266,CUS001266,Not Churn,0.0278,Low,Synthetic Churn Risk Model,1.0,2026-06-30
CHN001267,CUS001267,Not Churn,0.0297,Low,Synthetic Churn Risk Model,1.0,2026-06-30
CHN001268,CUS001268,Not Churn,0.007,Low,Synthetic Churn Risk Model,1.0,2026-06-30
CHN001269,CUS001269,Not Churn,0.1303,Low,Synthetic Churn Risk Model,1.0,2026-06-30
CHN001270,CUS001270,Not Churn,0.4111,Medium,Synthetic Churn Risk Model,1.0,2026-06-30
CHN001271,CUS001271,Not Churn,0.4374,Medium,Synthetic Churn Risk Model,1.0,2026-06-30
CHN001272,CUS001272,Not Churn,0.0488,Low,Synthetic Churn Risk Model,1.0,2026-06-30
CHN001273,CUS001273,Not Churn,0.0221,Low,Synthetic Churn Risk Model,1.0,2026-06-30
CHN001274,CUS001274,Not Churn,0.0523,Low,Synthetic Churn Risk Model,1.0,2026-06-30
CHN001275,CUS001275,Not Churn,0.4451,Medium,Synthetic Churn Risk Model,1.0,2026-06-30
CHN001276,CUS001276,Not Churn,0.4256,Medium,Synthetic Churn Risk Model,1.0,2026-06-30
CHN001277,CUS001277,Not Churn,0.0265,Low,Synthetic Churn Risk Model,1.0,2026-06-30
CHN001278,CUS001278,Not Churn,0.1729,Low,Synthetic Churn Risk Model,1.0,2026-06-30
CHN001279,CUS001279,Not Churn,0.079,Low,Synthetic Churn Risk Model,1.0,2026-06-30
CHN001280,CUS001280,Not Churn,0.2603,Low,Synthetic Churn Risk Model,1.0,2026-06-30
CHN001281,CUS001281,Not Churn,0.4101,Medium,Synthetic Churn Risk Model,1.0,2026-06-30
CHN001282,CUS001282,Not Churn,0.0634,Low,Synthetic Churn Risk Model,1.0,2026-06-30
CHN001283,CUS001283,Not Churn,0.0334,Low,Synthetic Churn Risk Model,1.0,2026-06-30
CHN001284,CUS001284,Not Churn,0.3947,Medium,Synthetic Churn Risk Model,1.0,2026-06-30
CHN001285,CUS001285,Not Churn,0.1961,Low,Synthetic Churn Risk Model,1.0,2026-06-30
CHN001286,CUS001286,Not Churn,0.2647,Low,Synthetic Churn Risk Model,1.0,2026-06-30
CHN001287,CUS001287,Not Churn,0.1079,Low,Synthetic Churn Risk Model,1.0,2026-06-30
CHN001288,CUS001288,Not Churn,0.065,Low,Synthetic Churn Risk Model,1.0,2026-06-30
CHN001289,CUS001289,Not Churn,0.4386,Medium,Synthetic Churn Risk Model,1.0,2026-06-30
CHN001290,CUS001290,Not Churn,0.0437,Low,Synthetic Churn Risk Model,1.0,2026-06-30
CHN001291,CUS001291,Not Churn,0.0519,Low,Synthetic Churn Risk Model,1.0,2026-06-30
CHN001292,CUS001292,Not Churn,0.1151,Low,Synthetic Churn Risk Model,1.0,2026-06-30
CHN001293,CUS001293,Not Churn,0.0711,Low,Synthetic Churn Risk Model,1.0,2026-06-30
CHN001294,CUS001294,Not Churn,0.0504,Low,Synthetic Churn Risk Model,1.0,2026-06-30
CHN001295,CUS001295,Not Churn,0.0566,Low,Synthetic Churn Risk Model,1.0,2026-06-30
CHN001296,CUS001296,Not Churn,0.1901,Low,Synthetic Churn Risk Model,1.0,2026-06-30
CHN001297,CUS001297,Not Churn,0.1081,Low,Synthetic Churn Risk Model,1.0,2026-06-30
CHN001298,CUS001298,Not Churn,0.0188,Low,Synthetic Churn Risk Model,1.0,2026-06-30
CHN001299,CUS001299,Not Churn,0.1208,Low,Synthetic Churn Risk Model,1.0,2026-06-30
CHN001300,CUS001300,Not Churn,0.0265,Low,Synthetic Churn Risk Model,1.0,2026-06-30
CHN001301,CUS001301,Not Churn,0.2083,Low,Synthetic Churn Risk Model,1.0,2026-06-30
CHN001302,CUS001302,Not Churn,0.0914,Low,Synthetic Churn Risk Model,1.0,2026-06-30
CHN001303,CUS001303,Not Churn,0.1698,Low,Synthetic Churn Risk Model,1.0,2026-06-30
CHN001304,CUS001304,Not Churn,0.2791,Low,Synthetic Churn Risk Model,1.0,2026-06-30
CHN001305,CUS001305,Not Churn,0.0226,Low,Synthetic Churn Risk Model,1.0,2026-06-30
CHN001306,CUS001306,Not Churn,0.1052,Low,Synthetic Churn Risk Model,1.0,2026-06-30
CHN001307,CUS001307,Not Churn,0.4185,Medium,Synthetic Churn Risk Model,1.0,2026-06-30
CHN001308,CUS001308,Not Churn,0.41,Medium,Synthetic Churn Risk Model,1.0,2026-06-30
CHN001309,CUS001309,Not Churn,0.2047,Low,Synthetic Churn Risk Model,1.0,2026-06-30
CHN001310,CUS001310,Not Churn,0.05,Low,Synthetic Churn Risk Model,1.0,2026-06-30
CHN001311,CUS001311,Not Churn,0.0245,Low,Synthetic Churn Risk Model,1.0,2026-06-30
CHN001312,CUS001312,Not Churn,0.1207,Low,Synthetic Churn Risk Model,1.0,2026-06-30
CHN001313,CUS001313,Not Churn,0.5883,Medium,Synthetic Churn Risk Model,1.0,2026-06-30
CHN001314,CUS001314,Not Churn,0.3981,Medium,Synthetic Churn Risk Model,1.0,2026-06-30
CHN001315,CUS001315,Not Churn,0.4,Medium,Synthetic Churn Risk Model,1.0,2026-06-30
CHN001316,CUS001316,Not Churn,0.1581,Low,Synthetic Churn Risk Model,1.0,2026-06-30
CHN001317,CUS001317,Not Churn,0.0467,Low,Synthetic Churn Risk Model,1.0,2026-06-30
CHN001318,CUS001318,Not Churn,0.4177,Medium,Synthetic Churn Risk Model,1.0,2026-06-30
CHN001319,CUS001319,Not Churn,0.4,Medium,Synthetic Churn Risk Model,1.0,2026-06-30
CHN001320,CUS001320,Not Churn,0.1493,Low,Synthetic Churn Risk Model,1.0,2026-06-30
CHN001321,CUS001321,Not Churn,0.0655,Low,Synthetic Churn Risk Model,1.0,2026-06-30
CHN001322,CUS001322,Not Churn,0.0677,Low,Synthetic Churn Risk Model,1.0,2026-06-30
CHN001323,CUS001323,Not Churn,0.4034,Medium,Synthetic Churn Risk Model,1.0,2026-06-30
CHN001324,CUS001324,Not Churn,0.0531,Low,Synthetic Churn Risk Model,1.0,2026-06-30
CHN001325,CUS001325,Not Churn,0.0875,Low,Synthetic Churn Risk Model,1.0,2026-06-30
CHN001326,CUS001326,Not Churn,0.4137,Medium,Synthetic Churn Risk Model,1.0,2026-06-30
CHN001327,CUS001327,Not Churn,0.4265,Medium,Synthetic Churn Risk Model,1.0,2026-06-30
CHN001328,CUS001328,Not Churn,0.0235,Low,Synthetic Churn Risk Model,1.0,2026-06-30
CHN001329,CUS001329,Not Churn,0.2671,Low,Synthetic Churn Risk Model,1.0,2026-06-30
CHN001330,CUS001330,Not Churn,0.0885,Low,Synthetic Churn Risk Model,1.0,2026-06-30
CHN001331,CUS001331,Not Churn,0.204,Low,Synthetic Churn Risk Model,1.0,2026-06-30
CHN001332,CUS001332,Not Churn,0.3741,Medium,Synthetic Churn Risk Model,1.0,2026-06-30
CHN001333,CUS001333,Not Churn,0.4369,Medium,Synthetic Churn Risk Model,1.0,2026-06-30
CHN001334,CUS001334,Not Churn,0.0691,Low,Synthetic Churn Risk Model,1.0,2026-06-30
CHN001335,CUS001335,Not Churn,0.0476,Low,Synthetic Churn Risk Model,1.0,2026-06-30
CHN001336,CUS001336,Not Churn,0.3945,Medium,Synthetic Churn Risk Model,1.0,2026-06-30
CHN001337,CUS001337,Not Churn,0.1019,Low,Synthetic Churn Risk Model,1.0,2026-06-30
CHN001338,CUS001338,Not Churn,0.084,Low,Synthetic Churn Risk Model,1.0,2026-06-30
CHN001339,CUS001339,Not Churn,0.288,Low,Synthetic Churn Risk Model,1.0,2026-06-30
CHN001340,CUS001340,Not Churn,0.2299,Low,Synthetic Churn Risk Model,1.0,2026-06-30
CHN001341,CUS001341,Not Churn,0.4402,Medium,Synthetic Churn Risk Model,1.0,2026-06-30
CHN001342,CUS001342,Not Churn,0.0675,Low,Synthetic Churn Risk Model,1.0,2026-06-30
CHN001343,CUS001343,Not Churn,0.0388,Low,Synthetic Churn Risk Model,1.0,2026-06-30
CHN001344,CUS001344,Not Churn,0.4141,Medium,Synthetic Churn Risk Model,1.0,2026-06-30
CHN001345,CUS001345,Not Churn,0.1032,Low,Synthetic Churn Risk Model,1.0,2026-06-30
CHN001346,CUS001346,Not Churn,0.2143,Low,Synthetic Churn Risk Model,1.0,2026-06-30
CHN001347,CUS001347,Not Churn,0.093,Low,Synthetic Churn Risk Model,1.0,2026-06-30
CHN001348,CUS001348,Not Churn,0.0883,Low,Synthetic Churn Risk Model,1.0,2026-06-30
CHN001349,CUS001349,Not Churn,0.4182,Medium,Synthetic Churn Risk Model,1.0,2026-06-30
CHN001350,CUS001350,Not Churn,0.1005,Low,Synthetic Churn Risk Model,1.0,2026-06-30
CHN001351,CUS001351,Not Churn,0.0954,Low,Synthetic Churn Risk Model,1.0,2026-06-30
CHN001352,CUS001352,Not Churn,0.4013,Medium,Synthetic Churn Risk Model,1.0,2026-06-30
CHN001353,CUS001353,Not Churn,0.0696,Low,Synthetic Churn Risk Model,1.0,2026-06-30
CHN001354,CUS001354,Not Churn,0.0552,Low,Synthetic Churn Risk Model,1.0,2026-06-30
CHN001355,CUS001355,Not Churn,0.4039,Medium,Synthetic Churn Risk Model,1.0,2026-06-30
CHN001356,CUS001356,Not Churn,0.4104,Medium,Synthetic Churn Risk Model,1.0,2026-06-30
CHN001357,CUS001357,Not Churn,0.0221,Low,Synthetic Churn Risk Model,1.0,2026-06-30
CHN001358,CUS001358,Not Churn,0.152,Low,Synthetic Churn Risk Model,1.0,2026-06-30
CHN001359,CUS001359,Not Churn,0.0951,Low,Synthetic Churn Risk Model,1.0,2026-06-30
CHN001360,CUS001360,Not Churn,0.0334,Low,Synthetic Churn Risk Model,1.0,2026-06-30
CHN001361,CUS001361,Not Churn,0.0643,Low,Synthetic Churn Risk Model,1.0,2026-06-30
CHN001362,CUS001362,Not Churn,0.0373,Low,Synthetic Churn Risk Model,1.0,2026-06-30
CHN001363,CUS001363,Not Churn,0.0765,Low,Synthetic Churn Risk Model,1.0,2026-06-30
CHN001364,CUS001364,Not Churn,0.0514,Low,Synthetic Churn Risk Model,1.0,2026-06-30
CHN001365,CUS001365,Not Churn,0.4022,Medium,Synthetic Churn Risk Model,1.0,2026-06-30
CHN001366,CUS001366,Not Churn,0.4135,Medium,Synthetic Churn Risk Model,1.0,2026-06-30
CHN001367,CUS001367,Not Churn,0.0221,Low,Synthetic Churn Risk Model,1.0,2026-06-30
CHN001368,CUS001368,Not Churn,0.3996,Medium,Synthetic Churn Risk Model,1.0,2026-06-30
CHN001369,CUS001369,Not Churn,0.4191,Medium,Synthetic Churn Risk Model,1.0,2026-06-30
CHN001370,CUS001370,Not Churn,0.2216,Low,Synthetic Churn Risk Model,1.0,2026-06-30
CHN001371,CUS001371,Not Churn,0.1289,Low,Synthetic Churn Risk Model,1.0,2026-06-30
CHN001372,CUS001372,Not Churn,0.1013,Low,Synthetic Churn Risk Model,1.0,2026-06-30
CHN001373,CUS001373,Not Churn,0.0921,Low,Synthetic Churn Risk Model,1.0,2026-06-30
CHN001374,CUS001374,Not Churn,0.0548,Low,Synthetic Churn Risk Model,1.0,2026-06-30
CHN001375,CUS001375,Not Churn,0.4039,Medium,Synthetic Churn Risk Model,1.0,2026-06-30
CHN001376,CUS001376,Not Churn,0.3598,Medium,Synthetic Churn Risk Model,1.0,2026-06-30
CHN001377,CUS001377,Not Churn,0.1612,Low,Synthetic Churn Risk Model,1.0,2026-06-30
CHN001378,CUS001378,Not Churn,0.4279,Medium,Synthetic Churn Risk Model,1.0,2026-06-30
CHN001379,CUS001379,Not Churn,0.1995,Low,Synthetic Churn Risk Model,1.0,2026-06-30
CHN001380,CUS001380,Not Churn,0.108,Low,Synthetic Churn Risk Model,1.0,2026-06-30
CHN001381,CUS001381,Not Churn,0.1041,Low,Synthetic Churn Risk Model,1.0,2026-06-30
CHN001382,CUS001382,Not Churn,0.0934,Low,Synthetic Churn Risk Model,1.0,2026-06-30
CHN001383,CUS001383,Not Churn,0.0498,Low,Synthetic Churn Risk Model,1.0,2026-06-30
CHN001384,CUS001384,Not Churn,0.0773,Low,Synthetic Churn Risk Model,1.0,2026-06-30
CHN001385,CUS001385,Not Churn,0.0971,Low,Synthetic Churn Risk Model,1.0,2026-06-30
CHN001386,CUS001386,Not Churn,0.0673,Low,Synthetic Churn Risk Model,1.0,2026-06-30
CHN001387,CUS001387,Not Churn,0.0838,Low,Synthetic Churn Risk Model,1.0,2026-06-30
CHN001388,CUS001388,Not Churn,0.0666,Low,Synthetic Churn Risk Model,1.0,2026-06-30
CHN001389,CUS001389,Not Churn,0.0315,Low,Synthetic Churn Risk Model,1.0,2026-06-30
CHN001390,CUS001390,Not Churn,0.01,Low,Synthetic Churn Risk Model,1.0,2026-06-30
CHN001391,CUS001391,Not Churn,0.4317,Medium,Synthetic Churn Risk Model,1.0,2026-06-30
CHN001392,CUS001392,Not Churn,0.4196,Medium,Synthetic Churn Risk Model,1.0,2026-06-30
CHN001393,CUS001393,Not Churn,0.0316,Low,Synthetic Churn Risk Model,1.0,2026-06-30
CHN001394,CUS001394,Not Churn,0.0442,Low,Synthetic Churn Risk Model,1.0,2026-06-30
CHN001395,CUS001395,Not Churn,0.2999,Low,Synthetic Churn Risk Model,1.0,2026-06-30
CHN001396,CUS001396,Not Churn,0.1444,Low,Synthetic Churn Risk Model,1.0,2026-06-30
CHN001397,CUS001397,Not Churn,0.0996,Low,Synthetic Churn Risk Model,1.0,2026-06-30
CHN001398,CUS001398,Not Churn,0.122,Low,Synthetic Churn Risk Model,1.0,2026-06-30
CHN001399,CUS001399,Not Churn,0.0201,Low,Synthetic Churn Risk Model,1.0,2026-06-30
CHN001400,CUS001400,Not Churn,0.1624,Low,Synthetic Churn Risk Model,1.0,2026-06-30
CHN001401,CUS001401,Not Churn,0.0331,Low,Synthetic Churn Risk Model,1.0,2026-06-30
CHN001402,CUS001402,Not Churn,0.0607,Low,Synthetic Churn Risk Model,1.0,2026-06-30
CHN001403,CUS001403,Not Churn,0.45,Medium,Synthetic Churn Risk Model,1.0,2026-06-30
CHN001404,CUS001404,Not Churn,0.0141,Low,Synthetic Churn Risk Model,1.0,2026-06-30
CHN001405,CUS001405,Not Churn,0.058,Low,Synthetic Churn Risk Model,1.0,2026-06-30
CHN001406,CUS001406,Not Churn,0.2037,Low,Synthetic Churn Risk Model,1.0,2026-06-30
CHN001407,CUS001407,Not Churn,0.0773,Low,Synthetic Churn Risk Model,1.0,2026-06-30
CHN001408,CUS001408,Not Churn,0.4095,Medium,Synthetic Churn Risk Model,1.0,2026-06-30
CHN001409,CUS001409,Churn,0.6437,High,Synthetic Churn Risk Model,1.0,2026-06-30
CHN001410,CUS001410,Not Churn,0.0219,Low,Synthetic Churn Risk Model,1.0,2026-06-30
CHN001411,CUS001411,Not Churn,0.0459,Low,Synthetic Churn Risk Model,1.0,2026-06-30
CHN001412,CUS001412,Not Churn,0.4128,Medium,Synthetic Churn Risk Model,1.0,2026-06-30
CHN001413,CUS001413,Not Churn,0.4316,Medium,Synthetic Churn Risk Model,1.0,2026-06-30
CHN001414,CUS001414,Not Churn,0.3966,Medium,Synthetic Churn Risk Model,1.0,2026-06-30
CHN001415,CUS001415,Not Churn,0.4139,Medium,Synthetic Churn Risk Model,1.0,2026-06-30
CHN001416,CUS001416,Not Churn,0.431,Medium,Synthetic Churn Risk Model,1.0,2026-06-30
CHN001417,CUS001417,Not Churn,0.4147,Medium,Synthetic Churn Risk Model,1.0,2026-06-30
CHN001418,CUS001418,Not Churn,0.1208,Low,Synthetic Churn Risk Model,1.0,2026-06-30
CHN001419,CUS001419,Not Churn,0.0735,Low,Synthetic Churn Risk Model,1.0,2026-06-30
CHN001420,CUS001420,Not Churn,0.0808,Low,Synthetic Churn Risk Model,1.0,2026-06-30
CHN001421,CUS001421,Not Churn,0.4165,Medium,Synthetic Churn Risk Model,1.0,2026-06-30
CHN001422,CUS001422,Not Churn,0.421,Medium,Synthetic Churn Risk Model,1.0,2026-06-30
CHN001423,CUS001423,Not Churn,0.0611,Low,Synthetic Churn Risk Model,1.0,2026-06-30
CHN001424,CUS001424,Not Churn,0.177,Low,Synthetic Churn Risk Model,1.0,2026-06-30
CHN001425,CUS001425,Not Churn,0.4073,Medium,Synthetic Churn Risk Model,1.0,2026-06-30
CHN001426,CUS001426,Not Churn,0.2782,Low,Synthetic Churn Risk Model,1.0,2026-06-30
CHN001427,CUS001427,Not Churn,0.2375,Low,Synthetic Churn Risk Model,1.0,2026-06-30
CHN001428,CUS001428,Not Churn,0.0735,Low,Synthetic Churn Risk Model,1.0,2026-06-30
CHN001429,CUS001429,Not Churn,0.2214,Low,Synthetic Churn Risk Model,1.0,2026-06-30
CHN001430,CUS001430,Not Churn,0.0088,Low,Synthetic Churn Risk Model,1.0,2026-06-30
CHN001431,CUS001431,Not Churn,0.4327,Medium,Synthetic Churn Risk Model,1.0,2026-06-30
CHN001432,CUS001432,Not Churn,0.0756,Low,Synthetic Churn Risk Model,1.0,2026-06-30
CHN001433,CUS001433,Not Churn,0.0815,Low,Synthetic Churn Risk Model,1.0,2026-06-30
CHN001434,CUS001434,Not Churn,0.0524,Low,Synthetic Churn Risk Model,1.0,2026-06-30
CHN001435,CUS001435,Not Churn,0.4261,Medium,Synthetic Churn Risk Model,1.0,2026-06-30
CHN001436,CUS001436,Not Churn,0.4055,Medium,Synthetic Churn Risk Model,1.0,2026-06-30
CHN001437,CUS001437,Not Churn,0.0371,Low,Synthetic Churn Risk Model,1.0,2026-06-30
CHN001438,CUS001438,Not Churn,0.0293,Low,Synthetic Churn Risk Model,1.0,2026-06-30
CHN001439,CUS001439,Not Churn,0.1312,Low,Synthetic Churn Risk Model,1.0,2026-06-30
CHN001440,CUS001440,Not Churn,0.0344,Low,Synthetic Churn Risk Model,1.0,2026-06-30
CHN001441,CUS001441,Not Churn,0.0583,Low,Synthetic Churn Risk Model,1.0,2026-06-30
CHN001442,CUS001442,Not Churn,0.0503,Low,Synthetic Churn Risk Model,1.0,2026-06-30
CHN001443,CUS001443,Not Churn,0.0644,Low,Synthetic Churn Risk Model,1.0,2026-06-30
CHN001444,CUS001444,Not Churn,0.0474,Low,Synthetic Churn Risk Model,1.0,2026-06-30
CHN001445,CUS001445,Not Churn,0.0525,Low,Synthetic Churn Risk Model,1.0,2026-06-30
CHN001446,CUS001446,Not Churn,0.1209,Low,Synthetic Churn Risk Model,1.0,2026-06-30
CHN001447,CUS001447,Not Churn,0.4379,Medium,Synthetic Churn Risk Model,1.0,2026-06-30
CHN001448,CUS001448,Not Churn,0.2441,Low,Synthetic Churn Risk Model,1.0,2026-06-30
CHN001449,CUS001449,Not Churn,0.0426,Low,Synthetic Churn Risk Model,1.0,2026-06-30
CHN001450,CUS001450,Not Churn,0.0542,Low,Synthetic Churn Risk Model,1.0,2026-06-30
CHN001451,CUS001451,Churn,0.6261,High,Synthetic Churn Risk Model,1.0,2026-06-30
CHN001452,CUS001452,Not Churn,0.083,Low,Synthetic Churn Risk Model,1.0,2026-06-30
CHN001453,CUS001453,Not Churn,0.4174,Medium,Synthetic Churn Risk Model,1.0,2026-06-30
CHN001454,CUS001454,Not Churn,0.4247,Medium,Synthetic Churn Risk Model,1.0,2026-06-30
CHN001455,CUS001455,Not Churn,0.4154,Medium,Synthetic Churn Risk Model,1.0,2026-06-30
CHN001456,CUS001456,Not Churn,0.1241,Low,Synthetic Churn Risk Model,1.0,2026-06-30
CHN001457,CUS001457,Not Churn,0.0587,Low,Synthetic Churn Risk Model,1.0,2026-06-30
CHN001458,CUS001458,Not Churn,0.0106,Low,Synthetic Churn Risk Model,1.0,2026-06-30
CHN001459,CUS001459,Not Churn,0.4113,Medium,Synthetic Churn Risk Model,1.0,2026-06-30
CHN001460,CUS001460,Not Churn,0.4104,Medium,Synthetic Churn Risk Model,1.0,2026-06-30
CHN001461,CUS001461,Not Churn,0.1099,Low,Synthetic Churn Risk Model,1.0,2026-06-30
CHN001462,CUS001462,Not Churn,0.0808,Low,Synthetic Churn Risk Model,1.0,2026-06-30
CHN001463,CUS001463,Not Churn,0.1755,Low,Synthetic Churn Risk Model,1.0,2026-06-30
CHN001464,CUS001464,Not Churn,0.061,Low,Synthetic Churn Risk Model,1.0,2026-06-30
CHN001465,CUS001465,Not Churn,0.1229,Low,Synthetic Churn Risk Model,1.0,2026-06-30
CHN001466,CUS001466,Not Churn,0.0416,Low,Synthetic Churn Risk Model,1.0,2026-06-30
CHN001467,CUS001467,Not Churn,0.0184,Low,Synthetic Churn Risk Model,1.0,2026-06-30
CHN001468,CUS001468,Not Churn,0.1266,Low,Synthetic Churn Risk Model,1.0,2026-06-30
CHN001469,CUS001469,Not Churn,0.0489,Low,Synthetic Churn Risk Model,1.0,2026-06-30
CHN001470,CUS001470,Not Churn,0.0632,Low,Synthetic Churn Risk Model,1.0,2026-06-30
CHN001471,CUS001471,Not Churn,0.0552,Low,Synthetic Churn Risk Model,1.0,2026-06-30
CHN001472,CUS001472,Not Churn,0.068,Low,Synthetic Churn Risk Model,1.0,2026-06-30
CHN001473,CUS001473,Not Churn,0.0698,Low,Synthetic Churn Risk Model,1.0,2026-06-30
CHN001474,CUS001474,Not Churn,0.123,Low,Synthetic Churn Risk Model,1.0,2026-06-30
CHN001475,CUS001475,Not Churn,0.3989,Medium,Synthetic Churn Risk Model,1.0,2026-06-30
CHN001476,CUS001476,Not Churn,0.0161,Low,Synthetic Churn Risk Model,1.0,2026-06-30
CHN001477,CUS001477,Not Churn,0.2016,Low,Synthetic Churn Risk Model,1.0,2026-06-30
CHN001478,CUS001478,Not Churn,0.4234,Medium,Synthetic Churn Risk Model,1.0,2026-06-30
CHN001479,CUS001479,Not Churn,0.4191,Medium,Synthetic Churn Risk Model,1.0,2026-06-30
CHN001480,CUS001480,Not Churn,0.3519,Medium,Synthetic Churn Risk Model,1.0,2026-06-30
CHN001481,CUS001481,Not Churn,0.3243,Medium,Synthetic Churn Risk Model,1.0,2026-06-30
CHN001482,CUS001482,Not Churn,0.0264,Low,Synthetic Churn Risk Model,1.0,2026-06-30
CHN001483,CUS001483,Not Churn,0.1802,Low,Synthetic Churn Risk Model,1.0,2026-06-30
CHN001484,CUS001484,Not Churn,0.3148,Medium,Synthetic Churn Risk Model,1.0,2026-06-30
CHN001485,CUS001485,Not Churn,0.4123,Medium,Synthetic Churn Risk Model,1.0,2026-06-30
CHN001486,CUS001486,Not Churn,0.0684,Low,Synthetic Churn Risk Model,1.0,2026-06-30
CHN001487,CUS001487,Not Churn,0.0248,Low,Synthetic Churn Risk Model,1.0,2026-06-30
CHN001488,CUS001488,Not Churn,0.0716,Low,Synthetic Churn Risk Model,1.0,2026-06-30
CHN001489,CUS001489,Not Churn,0.3972,Medium,Synthetic Churn Risk Model,1.0,2026-06-30
CHN001490,CUS001490,Not Churn,0.099,Low,Synthetic Churn Risk Model,1.0,2026-06-30
CHN001491,CUS001491,Not Churn,0.0639,Low,Synthetic Churn Risk Model,1.0,2026-06-30
CHN001492,CUS001492,Not Churn,0.2298,Low,Synthetic Churn Risk Model,1.0,2026-06-30
CHN001493,CUS001493,Not Churn,0.167,Low,Synthetic Churn Risk Model,1.0,2026-06-30
CHN001494,CUS001494,Not Churn,0.4236,Medium,Synthetic Churn Risk Model,1.0,2026-06-30
CHN001495,CUS001495,Not Churn,0.0979,Low,Synthetic Churn Risk Model,1.0,2026-06-30
CHN001496,CUS001496,Not Churn,0.1492,Low,Synthetic Churn Risk Model,1.0,2026-06-30
CHN001497,CUS001497,Not Churn,0.416,Medium,Synthetic Churn Risk Model,1.0,2026-06-30
CHN001498,CUS001498,Not Churn,0.0849,Low,Synthetic Churn Risk Model,1.0,2026-06-30
CHN001499,CUS001499,Not Churn,0.4325,Medium,Synthetic Churn Risk Model,1.0,2026-06-30
CHN001500,CUS001500,Not Churn,0.3705,Medium,Synthetic Churn Risk Model,1.0,2026-06-30
CHN001501,CUS001501,Not Churn,0.4015,Medium,Synthetic Churn Risk Model,1.0,2026-06-30
CHN001502,CUS001502,Not Churn,0.2108,Low,Synthetic Churn Risk Model,1.0,2026-06-30
CHN001503,CUS001503,Not Churn,0.4232,Medium,Synthetic Churn Risk Model,1.0,2026-06-30
CHN001504,CUS001504,Not Churn,0.0876,Low,Synthetic Churn Risk Model,1.0,2026-06-30
CHN001505,CUS001505,Not Churn,0.1296,Low,Synthetic Churn Risk Model,1.0,2026-06-30
CHN001506,CUS001506,Not Churn,0.1374,Low,Synthetic Churn Risk Model,1.0,2026-06-30
CHN001507,CUS001507,Not Churn,0.0228,Low,Synthetic Churn Risk Model,1.0,2026-06-30
CHN001508,CUS001508,Not Churn,0.2223,Low,Synthetic Churn Risk Model,1.0,2026-06-30
CHN001509,CUS001509,Not Churn,0.3991,Medium,Synthetic Churn Risk Model,1.0,2026-06-30
CHN001510,CUS001510,Not Churn,0.0225,Low,Synthetic Churn Risk Model,1.0,2026-06-30
CHN001511,CUS001511,Not Churn,0.4121,Medium,Synthetic Churn Risk Model,1.0,2026-06-30
CHN001512,CUS001512,Not Churn,0.0919,Low,Synthetic Churn Risk Model,1.0,2026-06-30
CHN001513,CUS001513,Not Churn,0.0457,Low,Synthetic Churn Risk Model,1.0,2026-06-30
CHN001514,CUS001514,Not Churn,0.0855,Low,Synthetic Churn Risk Model,1.0,2026-06-30
CHN001515,CUS001515,Not Churn,0.0962,Low,Synthetic Churn Risk Model,1.0,2026-06-30
CHN001516,CUS001516,Not Churn,0.4036,Medium,Synthetic Churn Risk Model,1.0,2026-06-30
CHN001517,CUS001517,Not Churn,0.4139,Medium,Synthetic Churn Risk Model,1.0,2026-06-30
CHN001518,CUS001518,Not Churn,0.0778,Low,Synthetic Churn Risk Model,1.0,2026-06-30
CHN001519,CUS001519,Not Churn,0.0675,Low,Synthetic Churn Risk Model,1.0,2026-06-30
CHN001520,CUS001520,Not Churn,0.1801,Low,Synthetic Churn Risk Model,1.0,2026-06-30
CHN001521,CUS001521,Not Churn,0.4086,Medium,Synthetic Churn Risk Model,1.0,2026-06-30
CHN001522,CUS001522,Not Churn,0.1574,Low,Synthetic Churn Risk Model,1.0,2026-06-30
CHN001523,CUS001523,Not Churn,0.0652,Low,Synthetic Churn Risk Model,1.0,2026-06-30
CHN001524,CUS001524,Not Churn,0.0572,Low,Synthetic Churn Risk Model,1.0,2026-06-30
CHN001525,CUS001525,Not Churn,0.0925,Low,Synthetic Churn Risk Model,1.0,2026-06-30
CHN001526,CUS001526,Not Churn,0.0226,Low,Synthetic Churn Risk Model,1.0,2026-06-30
CHN001527,CUS001527,Not Churn,0.0268,Low,Synthetic Churn Risk Model,1.0,2026-06-30
CHN001528,CUS001528,Not Churn,0.4318,Medium,Synthetic Churn Risk Model,1.0,2026-06-30
CHN001529,CUS001529,Not Churn,0.3971,Medium,Synthetic Churn Risk Model,1.0,2026-06-30
CHN001530,CUS001530,Not Churn,0.0668,Low,Synthetic Churn Risk Model,1.0,2026-06-30
CHN001531,CUS001531,Not Churn,0.0643,Low,Synthetic Churn Risk Model,1.0,2026-06-30
CHN001532,CUS001532,Not Churn,0.0079,Low,Synthetic Churn Risk Model,1.0,2026-06-30
CHN001533,CUS001533,Not Churn,0.0976,Low,Synthetic Churn Risk Model,1.0,2026-06-30
CHN001534,CUS001534,Not Churn,0.0406,Low,Synthetic Churn Risk Model,1.0,2026-06-30
CHN001535,CUS001535,Not Churn,0.0556,Low,Synthetic Churn Risk Model,1.0,2026-06-30
CHN001536,CUS001536,Not Churn,0.3929,Medium,Synthetic Churn Risk Model,1.0,2026-06-30
CHN001537,CUS001537,Not Churn,0.2374,Low,Synthetic Churn Risk Model,1.0,2026-06-30
CHN001538,CUS001538,Not Churn,0.4249,Medium,Synthetic Churn Risk Model,1.0,2026-06-30
CHN001539,CUS001539,Not Churn,0.121,Low,Synthetic Churn Risk Model,1.0,2026-06-30
CHN001540,CUS001540,Not Churn,0.0486,Low,Synthetic Churn Risk Model,1.0,2026-06-30
CHN001541,CUS001541,Not Churn,0.0172,Low,Synthetic Churn Risk Model,1.0,2026-06-30
CHN001542,CUS001542,Not Churn,0.0742,Low,Synthetic Churn Risk Model,1.0,2026-06-30
CHN001543,CUS001543,Not Churn,0.0769,Low,Synthetic Churn Risk Model,1.0,2026-06-30
CHN001544,CUS001544,Not Churn,0.4033,Medium,Synthetic Churn Risk Model,1.0,2026-06-30
CHN001545,CUS001545,Not Churn,0.0921,Low,Synthetic Churn Risk Model,1.0,2026-06-30
CHN001546,CUS001546,Not Churn,0.4121,Medium,Synthetic Churn Risk Model,1.0,2026-06-30
CHN001547,CUS001547,Not Churn,0.2137,Low,Synthetic Churn Risk Model,1.0,2026-06-30
CHN001548,CUS001548,Not Churn,0.1194,Low,Synthetic Churn Risk Model,1.0,2026-06-30
CHN001549,CUS001549,Not Churn,0.1954,Low,Synthetic Churn Risk Model,1.0,2026-06-30
CHN001550,CUS001550,Not Churn,0.4144,Medium,Synthetic Churn Risk Model,1.0,2026-06-30
CHN001551,CUS001551,Not Churn,0.0423,Low,Synthetic Churn Risk Model,1.0,2026-06-30
CHN001552,CUS001552,Not Churn,0.0321,Low,Synthetic Churn Risk Model,1.0,2026-06-30
CHN001553,CUS001553,Not Churn,0.0902,Low,Synthetic Churn Risk Model,1.0,2026-06-30
CHN001554,CUS001554,Not Churn,0.1174,Low,Synthetic Churn Risk Model,1.0,2026-06-30
CHN001555,CUS001555,Not Churn,0.4261,Medium,Synthetic Churn Risk Model,1.0,2026-06-30
CHN001556,CUS001556,Not Churn,0.1829,Low,Synthetic Churn Risk Model,1.0,2026-06-30
CHN001557,CUS001557,Not Churn,0.1761,Low,Synthetic Churn Risk Model,1.0,2026-06-30
CHN001558,CUS001558,Not Churn,0.4042,Medium,Synthetic Churn Risk Model,1.0,2026-06-30
CHN001559,CUS001559,Not Churn,0.0394,Low,Synthetic Churn Risk Model,1.0,2026-06-30
CHN001560,CUS001560,Not Churn,0.0031,Low,Synthetic Churn Risk Model,1.0,2026-06-30
CHN001561,CUS001561,Not Churn,0.3978,Medium,Synthetic Churn Risk Model,1.0,2026-06-30
CHN001562,CUS001562,Not Churn,0.0274,Low,Synthetic Churn Risk Model,1.0,2026-06-30
CHN001563,CUS001563,Not Churn,0.1198,Low,Synthetic Churn Risk Model,1.0,2026-06-30
CHN001564,CUS001564,Not Churn,0.0289,Low,Synthetic Churn Risk Model,1.0,2026-06-30
CHN001565,CUS001565,Not Churn,0.1283,Low,Synthetic Churn Risk Model,1.0,2026-06-30
CHN001566,CUS001566,Not Churn,0.4121,Medium,Synthetic Churn Risk Model,1.0,2026-06-30
CHN001567,CUS001567,Not Churn,0.5863,Medium,Synthetic Churn Risk Model,1.0,2026-06-30
CHN001568,CUS001568,Not Churn,0.0031,Low,Synthetic Churn Risk Model,1.0,2026-06-30
CHN001569,CUS001569,Not Churn,0.1318,Low,Synthetic Churn Risk Model,1.0,2026-06-30
CHN001570,CUS001570,Not Churn,0.4364,Medium,Synthetic Churn Risk Model,1.0,2026-06-30
CHN001571,CUS001571,Not Churn,0.4198,Medium,Synthetic Churn Risk Model,1.0,2026-06-30
CHN001572,CUS001572,Not Churn,0.5318,Medium,Synthetic Churn Risk Model,1.0,2026-06-30
CHN001573,CUS001573,Not Churn,0.0944,Low,Synthetic Churn Risk Model,1.0,2026-06-30
CHN001574,CUS001574,Not Churn,0.2902,Low,Synthetic Churn Risk Model,1.0,2026-06-30
CHN001575,CUS001575,Not Churn,0.1923,Low,Synthetic Churn Risk Model,1.0,2026-06-30
CHN001576,CUS001576,Not Churn,0.0509,Low,Synthetic Churn Risk Model,1.0,2026-06-30
CHN001577,CUS001577,Not Churn,0.034,Low,Synthetic Churn Risk Model,1.0,2026-06-30
CHN001578,CUS001578,Not Churn,0.029,Low,Synthetic Churn Risk Model,1.0,2026-06-30
CHN001579,CUS001579,Not Churn,0.0111,Low,Synthetic Churn Risk Model,1.0,2026-06-30
CHN001580,CUS001580,Not Churn,0.1801,Low,Synthetic Churn Risk Model,1.0,2026-06-30
CHN001581,CUS001581,Not Churn,0.3491,Medium,Synthetic Churn Risk Model,1.0,2026-06-30
CHN001582,CUS001582,Not Churn,0.4034,Medium,Synthetic Churn Risk Model,1.0,2026-06-30
CHN001583,CUS001583,Not Churn,0.0423,Low,Synthetic Churn Risk Model,1.0,2026-06-30
CHN001584,CUS001584,Not Churn,0.0915,Low,Synthetic Churn Risk Model,1.0,2026-06-30
CHN001585,CUS001585,Not Churn,0.0331,Low,Synthetic Churn Risk Model,1.0,2026-06-30
CHN001586,CUS001586,Not Churn,0.0838,Low,Synthetic Churn Risk Model,1.0,2026-06-30
CHN001587,CUS001587,Not Churn,0.4454,Medium,Synthetic Churn Risk Model,1.0,2026-06-30
CHN001588,CUS001588,Not Churn,0.4303,Medium,Synthetic Churn Risk Model,1.0,2026-06-30
CHN001589,CUS001589,Not Churn,0.0672,Low,Synthetic Churn Risk Model,1.0,2026-06-30
CHN001590,CUS001590,Not Churn,0.0312,Low,Synthetic Churn Risk Model,1.0,2026-06-30
CHN001591,CUS001591,Not Churn,0.2473,Low,Synthetic Churn Risk Model,1.0,2026-06-30
CHN001592,CUS001592,Not Churn,0.4177,Medium,Synthetic Churn Risk Model,1.0,2026-06-30
CHN001593,CUS001593,Not Churn,0.42,Medium,Synthetic Churn Risk Model,1.0,2026-06-30
CHN001594,CUS001594,Not Churn,0.156,Low,Synthetic Churn Risk Model,1.0,2026-06-30
CHN001595,CUS001595,Not Churn,0.051,Low,Synthetic Churn Risk Model,1.0,2026-06-30
CHN001596,CUS001596,Not Churn,0.0901,Low,Synthetic Churn Risk Model,1.0,2026-06-30
CHN001597,CUS001597,Not Churn,0.1831,Low,Synthetic Churn Risk Model,1.0,2026-06-30
CHN001598,CUS001598,Not Churn,0.0734,Low,Synthetic Churn Risk Model,1.0,2026-06-30
CHN001599,CUS001599,Not Churn,0.0989,Low,Synthetic Churn Risk Model,1.0,2026-06-30
CHN001600,CUS001600,Not Churn,0.4148,Medium,Synthetic Churn Risk Model,1.0,2026-06-30
CHN001601,CUS001601,Not Churn,0.0951,Low,Synthetic Churn Risk Model,1.0,2026-06-30
CHN001602,CUS001602,Not Churn,0.405,Medium,Synthetic Churn Risk Model,1.0,2026-06-30
CHN001603,CUS001603,Not Churn,0.3985,Medium,Synthetic Churn Risk Model,1.0,2026-06-30
CHN001604,CUS001604,Not Churn,0.0637,Low,Synthetic Churn Risk Model,1.0,2026-06-30
CHN001605,CUS001605,Not Churn,0.4145,Medium,Synthetic Churn Risk Model,1.0,2026-06-30
CHN001606,CUS001606,Not Churn,0.0609,Low,Synthetic Churn Risk Model,1.0,2026-06-30
CHN001607,CUS001607,Not Churn,0.0301,Low,Synthetic Churn Risk Model,1.0,2026-06-30
CHN001608,CUS001608,Not Churn,0.3192,Medium,Synthetic Churn Risk Model,1.0,2026-06-30
CHN001609,CUS001609,Not Churn,0.052,Low,Synthetic Churn Risk Model,1.0,2026-06-30
CHN001610,CUS001610,Not Churn,0.4103,Medium,Synthetic Churn Risk Model,1.0,2026-06-30
CHN001611,CUS001611,Not Churn,0.0399,Low,Synthetic Churn Risk Model,1.0,2026-06-30
CHN001612,CUS001612,Not Churn,0.3051,Medium,Synthetic Churn Risk Model,1.0,2026-06-30
CHN001613,CUS001613,Not Churn,0.2275,Low,Synthetic Churn Risk Model,1.0,2026-06-30
CHN001614,CUS001614,Not Churn,0.0526,Low,Synthetic Churn Risk Model,1.0,2026-06-30
CHN001615,CUS001615,Not Churn,0.0327,Low,Synthetic Churn Risk Model,1.0,2026-06-30
CHN001616,CUS001616,Not Churn,0.1715,Low,Synthetic Churn Risk Model,1.0,2026-06-30
CHN001617,CUS001617,Not Churn,0.2249,Low,Synthetic Churn Risk Model,1.0,2026-06-30
CHN001618,CUS001618,Not Churn,0.1146,Low,Synthetic Churn Risk Model,1.0,2026-06-30
CHN001619,CUS001619,Not Churn,0.0416,Low,Synthetic Churn Risk Model,1.0,2026-06-30
CHN001620,CUS001620,Not Churn,0.3676,Medium,Synthetic Churn Risk Model,1.0,2026-06-30
CHN001621,CUS001621,Not Churn,0.1835,Low,Synthetic Churn Risk Model,1.0,2026-06-30
CHN001622,CUS001622,Not Churn,0.0744,Low,Synthetic Churn Risk Model,1.0,2026-06-30
CHN001623,CUS001623,Not Churn,0.4197,Medium,Synthetic Churn Risk Model,1.0,2026-06-30
CHN001624,CUS001624,Not Churn,0.0953,Low,Synthetic Churn Risk Model,1.0,2026-06-30
CHN001625,CUS001625,Not Churn,0.0776,Low,Synthetic Churn Risk Model,1.0,2026-06-30
CHN001626,CUS001626,Not Churn,0.4121,Medium,Synthetic Churn Risk Model,1.0,2026-06-30
CHN001627,CUS001627,Not Churn,0.0213,Low,Synthetic Churn Risk Model,1.0,2026-06-30
CHN001628,CUS001628,Not Churn,0.4189,Medium,Synthetic Churn Risk Model,1.0,2026-06-30
CHN001629,CUS001629,Not Churn,0.0544,Low,Synthetic Churn Risk Model,1.0,2026-06-30
CHN001630,CUS001630,Not Churn,0.1333,Low,Synthetic Churn Risk Model,1.0,2026-06-30
CHN001631,CUS001631,Not Churn,0.1235,Low,Synthetic Churn Risk Model,1.0,2026-06-30
CHN001632,CUS001632,Not Churn,0.4123,Medium,Synthetic Churn Risk Model,1.0,2026-06-30
CHN001633,CUS001633,Not Churn,0.0563,Low,Synthetic Churn Risk Model,1.0,2026-06-30
CHN001634,CUS001634,Not Churn,0.0462,Low,Synthetic Churn Risk Model,1.0,2026-06-30
CHN001635,CUS001635,Not Churn,0.1296,Low,Synthetic Churn Risk Model,1.0,2026-06-30
CHN001636,CUS001636,Not Churn,0.1105,Low,Synthetic Churn Risk Model,1.0,2026-06-30
CHN001637,CUS001637,Not Churn,0.1314,Low,Synthetic Churn Risk Model,1.0,2026-06-30
CHN001638,CUS001638,Not Churn,0.054,Low,Synthetic Churn Risk Model,1.0,2026-06-30
CHN001639,CUS001639,Not Churn,0.0914,Low,Synthetic Churn Risk Model,1.0,2026-06-30
CHN001640,CUS001640,Not Churn,0.1057,Low,Synthetic Churn Risk Model,1.0,2026-06-30
CHN001641,CUS001641,Not Churn,0.413,Medium,Synthetic Churn Risk Model,1.0,2026-06-30
CHN001642,CUS001642,Not Churn,0.026,Low,Synthetic Churn Risk Model,1.0,2026-06-30
CHN001643,CUS001643,Not Churn,0.0814,Low,Synthetic Churn Risk Model,1.0,2026-06-30
CHN001644,CUS001644,Not Churn,0.3929,Medium,Synthetic Churn Risk Model,1.0,2026-06-30
CHN001645,CUS001645,Not Churn,0.4149,Medium,Synthetic Churn Risk Model,1.0,2026-06-30
CHN001646,CUS001646,Not Churn,0.4059,Medium,Synthetic Churn Risk Model,1.0,2026-06-30
CHN001647,CUS001647,Not Churn,0.0373,Low,Synthetic Churn Risk Model,1.0,2026-06-30
CHN001648,CUS001648,Not Churn,0.3949,Medium,Synthetic Churn Risk Model,1.0,2026-06-30
CHN001649,CUS001649,Not Churn,0.1244,Low,Synthetic Churn Risk Model,1.0,2026-06-30
CHN001650,CUS001650,Not Churn,0.0941,Low,Synthetic Churn Risk Model,1.0,2026-06-30
CHN001651,CUS001651,Not Churn,0.029,Low,Synthetic Churn Risk Model,1.0,2026-06-30
CHN001652,CUS001652,Not Churn,0.4062,Medium,Synthetic Churn Risk Model,1.0,2026-06-30
CHN001653,CUS001653,Not Churn,0.4044,Medium,Synthetic Churn Risk Model,1.0,2026-06-30
CHN001654,CUS001654,Not Churn,0.0607,Low,Synthetic Churn Risk Model,1.0,2026-06-30
CHN001655,CUS001655,Not Churn,0.1016,Low,Synthetic Churn Risk Model,1.0,2026-06-30
CHN001656,CUS001656,Churn,0.6839,High,Synthetic Churn Risk Model,1.0,2026-06-30
CHN001657,CUS001657,Not Churn,0.0546,Low,Synthetic Churn Risk Model,1.0,2026-06-30
CHN001658,CUS001658,Not Churn,0.0799,Low,Synthetic Churn Risk Model,1.0,2026-06-30
CHN001659,CUS001659,Not Churn,0.0432,Low,Synthetic Churn Risk Model,1.0,2026-06-30
CHN001660,CUS001660,Not Churn,0.2107,Low,Synthetic Churn Risk Model,1.0,2026-06-30
CHN001661,CUS001661,Not Churn,0.3928,Medium,Synthetic Churn Risk Model,1.0,2026-06-30
CHN001662,CUS001662,Not Churn,0.0209,Low,Synthetic Churn Risk Model,1.0,2026-06-30
CHN001663,CUS001663,Not Churn,0.4206,Medium,Synthetic Churn Risk Model,1.0,2026-06-30
CHN001664,CUS001664,Not Churn,0.0818,Low,Synthetic Churn Risk Model,1.0,2026-06-30
CHN001665,CUS001665,Not Churn,0.0317,Low,Synthetic Churn Risk Model,1.0,2026-06-30
CHN001666,CUS001666,Not Churn,0.3603,Medium,Synthetic Churn Risk Model,1.0,2026-06-30
CHN001667,CUS001667,Not Churn,0.4267,Medium,Synthetic Churn Risk Model,1.0,2026-06-30
CHN001668,CUS001668,Not Churn,0.0821,Low,Synthetic Churn Risk Model,1.0,2026-06-30
CHN001669,CUS001669,Not Churn,0.0223,Low,Synthetic Churn Risk Model,1.0,2026-06-30
CHN001670,CUS001670,Not Churn,0.0204,Low,Synthetic Churn Risk Model,1.0,2026-06-30
CHN001671,CUS001671,Not Churn,0.0486,Low,Synthetic Churn Risk Model,1.0,2026-06-30
CHN001672,CUS001672,Not Churn,0.036,Low,Synthetic Churn Risk Model,1.0,2026-06-30
CHN001673,CUS001673,Not Churn,0.0171,Low,Synthetic Churn Risk Model,1.0,2026-06-30
CHN001674,CUS001674,Not Churn,0.086,Low,Synthetic Churn Risk Model,1.0,2026-06-30
CHN001675,CUS001675,Not Churn,0.0238,Low,Synthetic Churn Risk Model,1.0,2026-06-30
CHN001676,CUS001676,Not Churn,0.0342,Low,Synthetic Churn Risk Model,1.0,2026-06-30
CHN001677,CUS001677,Not Churn,0.0713,Low,Synthetic Churn Risk Model,1.0,2026-06-30
CHN001678,CUS001678,Not Churn,0.4228,Medium,Synthetic Churn Risk Model,1.0,2026-06-30
CHN001679,CUS001679,Not Churn,0.4882,Medium,Synthetic Churn Risk Model,1.0,2026-06-30
CHN001680,CUS001680,Not Churn,0.1943,Low,Synthetic Churn Risk Model,1.0,2026-06-30
CHN001681,CUS001681,Not Churn,0.0173,Low,Synthetic Churn Risk Model,1.0,2026-06-30
CHN001682,CUS001682,Not Churn,0.426,Medium,Synthetic Churn Risk Model,1.0,2026-06-30
CHN001683,CUS001683,Not Churn,0.3834,Medium,Synthetic Churn Risk Model,1.0,2026-06-30
CHN001684,CUS001684,Not Churn,0.1421,Low,Synthetic Churn Risk Model,1.0,2026-06-30
CHN001685,CUS001685,Not Churn,0.4205,Medium,Synthetic Churn Risk Model,1.0,2026-06-30
CHN001686,CUS001686,Not Churn,0.2764,Low,Synthetic Churn Risk Model,1.0,2026-06-30
CHN001687,CUS001687,Not Churn,0.0485,Low,Synthetic Churn Risk Model,1.0,2026-06-30
CHN001688,CUS001688,Not Churn,0.4212,Medium,Synthetic Churn Risk Model,1.0,2026-06-30
CHN001689,CUS001689,Not Churn,0.0784,Low,Synthetic Churn Risk Model,1.0,2026-06-30
CHN001690,CUS001690,Not Churn,0.0569,Low,Synthetic Churn Risk Model,1.0,2026-06-30
CHN001691,CUS001691,Not Churn,0.0371,Low,Synthetic Churn Risk Model,1.0,2026-06-30
CHN001692,CUS001692,Not Churn,0.1451,Low,Synthetic Churn Risk Model,1.0,2026-06-30
CHN001693,CUS001693,Not Churn,0.396,Medium,Synthetic Churn Risk Model,1.0,2026-06-30
CHN001694,CUS001694,Not Churn,0.2278,Low,Synthetic Churn Risk Model,1.0,2026-06-30
CHN001695,CUS001695,Not Churn,0.3938,Medium,Synthetic Churn Risk Model,1.0,2026-06-30
CHN001696,CUS001696,Not Churn,0.4179,Medium,Synthetic Churn Risk Model,1.0,2026-06-30
CHN001697,CUS001697,Not Churn,0.2724,Low,Synthetic Churn Risk Model,1.0,2026-06-30
CHN001698,CUS001698,Not Churn,0.1304,Low,Synthetic Churn Risk Model,1.0,2026-06-30
CHN001699,CUS001699,Not Churn,0.0289,Low,Synthetic Churn Risk Model,1.0,2026-06-30
CHN001700,CUS001700,Not Churn,0.417,Medium,Synthetic Churn Risk Model,1.0,2026-06-30
CHN001701,CUS001701,Not Churn,0.1461,Low,Synthetic Churn Risk Model,1.0,2026-06-30
CHN001702,CUS001702,Not Churn,0.4381,Medium,Synthetic Churn Risk Model,1.0,2026-06-30
CHN001703,CUS001703,Not Churn,0.4293,Medium,Synthetic Churn Risk Model,1.0,2026-06-30
CHN001704,CUS001704,Not Churn,0.0643,Low,Synthetic Churn Risk Model,1.0,2026-06-30
CHN001705,CUS001705,Not Churn,0.1938,Low,Synthetic Churn Risk Model,1.0,2026-06-30
CHN001706,CUS001706,Not Churn,0.0466,Low,Synthetic Churn Risk Model,1.0,2026-06-30
CHN001707,CUS001707,Not Churn,0.1099,Low,Synthetic Churn Risk Model,1.0,2026-06-30
CHN001708,CUS001708,Not Churn,0.0422,Low,Synthetic Churn Risk Model,1.0,2026-06-30
CHN001709,CUS001709,Not Churn,0.3999,Medium,Synthetic Churn Risk Model,1.0,2026-06-30
CHN001710,CUS001710,Not Churn,0.0378,Low,Synthetic Churn Risk Model,1.0,2026-06-30
CHN001711,CUS001711,Not Churn,0.1202,Low,Synthetic Churn Risk Model,1.0,2026-06-30
CHN001712,CUS001712,Not Churn,0.3986,Medium,Synthetic Churn Risk Model,1.0,2026-06-30
CHN001713,CUS001713,Not Churn,0.4392,Medium,Synthetic Churn Risk Model,1.0,2026-06-30
CHN001714,CUS001714,Not Churn,0.4355,Medium,Synthetic Churn Risk Model,1.0,2026-06-30
CHN001715,CUS001715,Not Churn,0.06,Low,Synthetic Churn Risk Model,1.0,2026-06-30
CHN001716,CUS001716,Not Churn,0.4035,Medium,Synthetic Churn Risk Model,1.0,2026-06-30
CHN001717,CUS001717,Not Churn,0.1648,Low,Synthetic Churn Risk Model,1.0,2026-06-30
CHN001718,CUS001718,Not Churn,0.39,Medium,Synthetic Churn Risk Model,1.0,2026-06-30
CHN001719,CUS001719,Not Churn,0.4181,Medium,Synthetic Churn Risk Model,1.0,2026-06-30
CHN001720,CUS001720,Not Churn,0.2201,Low,Synthetic Churn Risk Model,1.0,2026-06-30
CHN001721,CUS001721,Not Churn,0.1096,Low,Synthetic Churn Risk Model,1.0,2026-06-30
CHN001722,CUS001722,Not Churn,0.4168,Medium,Synthetic Churn Risk Model,1.0,2026-06-30
CHN001723,CUS001723,Not Churn,0.2773,Low,Synthetic Churn Risk Model,1.0,2026-06-30
CHN001724,CUS001724,Not Churn,0.0395,Low,Synthetic Churn Risk Model,1.0,2026-06-30
CHN001725,CUS001725,Not Churn,0.2233,Low,Synthetic Churn Risk Model,1.0,2026-06-30
CHN001726,CUS001726,Not Churn,0.0555,Low,Synthetic Churn Risk Model,1.0,2026-06-30
CHN001727,CUS001727,Not Churn,0.0775,Low,Synthetic Churn Risk Model,1.0,2026-06-30
CHN001728,CUS001728,Not Churn,0.1867,Low,Synthetic Churn Risk Model,1.0,2026-06-30
CHN001729,CUS001729,Not Churn,0.1677,Low,Synthetic Churn Risk Model,1.0,2026-06-30
CHN001730,CUS001730,Not Churn,0.0634,Low,Synthetic Churn Risk Model,1.0,2026-06-30
CHN001731,CUS001731,Not Churn,0.4021,Medium,Synthetic Churn Risk Model,1.0,2026-06-30
CHN001732,CUS001732,Not Churn,0.1325,Low,Synthetic Churn Risk Model,1.0,2026-06-30
CHN001733,CUS001733,Not Churn,0.1225,Low,Synthetic Churn Risk Model,1.0,2026-06-30
CHN001734,CUS001734,Not Churn,0.0379,Low,Synthetic Churn Risk Model,1.0,2026-06-30
CHN001735,CUS001735,Not Churn,0.0306,Low,Synthetic Churn Risk Model,1.0,2026-06-30
CHN001736,CUS001736,Not Churn,0.0692,Low,Synthetic Churn Risk Model,1.0,2026-06-30
CHN001737,CUS001737,Not Churn,0.128,Low,Synthetic Churn Risk Model,1.0,2026-06-30
CHN001738,CUS001738,Not Churn,0.1082,Low,Synthetic Churn Risk Model,1.0,2026-06-30
CHN001739,CUS001739,Not Churn,0.3918,Medium,Synthetic Churn Risk Model,1.0,2026-06-30
CHN001740,CUS001740,Not Churn,0.0667,Low,Synthetic Churn Risk Model,1.0,2026-06-30
CHN001741,CUS001741,Not Churn,0.0244,Low,Synthetic Churn Risk Model,1.0,2026-06-30
CHN001742,CUS001742,Not Churn,0.4018,Medium,Synthetic Churn Risk Model,1.0,2026-06-30
CHN001743,CUS001743,Not Churn,0.0062,Low,Synthetic Churn Risk Model,1.0,2026-06-30
CHN001744,CUS001744,Not Churn,0.0235,Low,Synthetic Churn Risk Model,1.0,2026-06-30
CHN001745,CUS001745,Not Churn,0.0956,Low,Synthetic Churn Risk Model,1.0,2026-06-30
CHN001746,CUS001746,Not Churn,0.3681,Medium,Synthetic Churn Risk Model,1.0,2026-06-30
CHN001747,CUS001747,Not Churn,0.0069,Low,Synthetic Churn Risk Model,1.0,2026-06-30
CHN001748,CUS001748,Not Churn,0.4145,Medium,Synthetic Churn Risk Model,1.0,2026-06-30
CHN001749,CUS001749,Not Churn,0.4042,Medium,Synthetic Churn Risk Model,1.0,2026-06-30
CHN001750,CUS001750,Not Churn,0.0256,Low,Synthetic Churn Risk Model,1.0,2026-06-30
CHN001751,CUS001751,Not Churn,0.153,Low,Synthetic Churn Risk Model,1.0,2026-06-30
CHN001752,CUS001752,Not Churn,0.0329,Low,Synthetic Churn Risk Model,1.0,2026-06-30
CHN001753,CUS001753,Not Churn,0.0828,Low,Synthetic Churn Risk Model,1.0,2026-06-30
CHN001754,CUS001754,Not Churn,0.0246,Low,Synthetic Churn Risk Model,1.0,2026-06-30
CHN001755,CUS001755,Not Churn,0.3963,Medium,Synthetic Churn Risk Model,1.0,2026-06-30
CHN001756,CUS001756,Not Churn,0.0304,Low,Synthetic Churn Risk Model,1.0,2026-06-30
CHN001757,CUS001757,Not Churn,0.022,Low,Synthetic Churn Risk Model,1.0,2026-06-30
CHN001758,CUS001758,Not Churn,0.4474,Medium,Synthetic Churn Risk Model,1.0,2026-06-30
CHN001759,CUS001759,Not Churn,0.3863,Medium,Synthetic Churn Risk Model,1.0,2026-06-30
CHN001760,CUS001760,Not Churn,0.1009,Low,Synthetic Churn Risk Model,1.0,2026-06-30
CHN001761,CUS001761,Not Churn,0.1333,Low,Synthetic Churn Risk Model,1.0,2026-06-30
CHN001762,CUS001762,Not Churn,0.4126,Medium,Synthetic Churn Risk Model,1.0,2026-06-30
CHN001763,CUS001763,Not Churn,0.4183,Medium,Synthetic Churn Risk Model,1.0,2026-06-30
CHN001764,CUS001764,Not Churn,0.0976,Low,Synthetic Churn Risk Model,1.0,2026-06-30
CHN001765,CUS001765,Not Churn,0.089,Low,Synthetic Churn Risk Model,1.0,2026-06-30
CHN001766,CUS001766,Not Churn,0.0522,Low,Synthetic Churn Risk Model,1.0,2026-06-30
CHN001767,CUS001767,Not Churn,0.0492,Low,Synthetic Churn Risk Model,1.0,2026-06-30
CHN001768,CUS001768,Not Churn,0.3542,Medium,Synthetic Churn Risk Model,1.0,2026-06-30
CHN001769,CUS001769,Not Churn,0.1592,Low,Synthetic Churn Risk Model,1.0,2026-06-30
CHN001770,CUS001770,Not Churn,0.0459,Low,Synthetic Churn Risk Model,1.0,2026-06-30
CHN001771,CUS001771,Not Churn,0.0789,Low,Synthetic Churn Risk Model,1.0,2026-06-30
CHN001772,CUS001772,Not Churn,0.4061,Medium,Synthetic Churn Risk Model,1.0,2026-06-30
CHN001773,CUS001773,Not Churn,0.1019,Low,Synthetic Churn Risk Model,1.0,2026-06-30
CHN001774,CUS001774,Not Churn,0.1204,Low,Synthetic Churn Risk Model,1.0,2026-06-30
CHN001775,CUS001775,Not Churn,0.4101,Medium,Synthetic Churn Risk Model,1.0,2026-06-30
CHN001776,CUS001776,Not Churn,0.0506,Low,Synthetic Churn Risk Model,1.0,2026-06-30
CHN001777,CUS001777,Not Churn,0.4039,Medium,Synthetic Churn Risk Model,1.0,2026-06-30
CHN001778,CUS001778,Not Churn,0.2206,Low,Synthetic Churn Risk Model,1.0,2026-06-30
CHN001779,CUS001779,Not Churn,0.0409,Low,Synthetic Churn Risk Model,1.0,2026-06-30
CHN001780,CUS001780,Not Churn,0.1282,Low,Synthetic Churn Risk Model,1.0,2026-06-30
CHN001781,CUS001781,Not Churn,0.0337,Low,Synthetic Churn Risk Model,1.0,2026-06-30
CHN001782,CUS001782,Not Churn,0.0296,Low,Synthetic Churn Risk Model,1.0,2026-06-30
CHN001783,CUS001783,Not Churn,0.0419,Low,Synthetic Churn Risk Model,1.0,2026-06-30
CHN001784,CUS001784,Churn,0.6259,High,Synthetic Churn Risk Model,1.0,2026-06-30
CHN001785,CUS001785,Not Churn,0.1055,Low,Synthetic Churn Risk Model,1.0,2026-06-30
CHN001786,CUS001786,Not Churn,0.0679,Low,Synthetic Churn Risk Model,1.0,2026-06-30
CHN001787,CUS001787,Not Churn,0.1402,Low,Synthetic Churn Risk Model,1.0,2026-06-30
CHN001788,CUS001788,Not Churn,0.532,Medium,Synthetic Churn Risk Model,1.0,2026-06-30
CHN001789,CUS001789,Not Churn,0.0405,Low,Synthetic Churn Risk Model,1.0,2026-06-30
CHN001790,CUS001790,Not Churn,0.033,Low,Synthetic Churn Risk Model,1.0,2026-06-30
CHN001791,CUS001791,Not Churn,0.4214,Medium,Synthetic Churn Risk Model,1.0,2026-06-30
CHN001792,CUS001792,Not Churn,0.0236,Low,Synthetic Churn Risk Model,1.0,2026-06-30
CHN001793,CUS001793,Not Churn,0.1123,Low,Synthetic Churn Risk Model,1.0,2026-06-30
CHN001794,CUS001794,Not Churn,0.0501,Low,Synthetic Churn Risk Model,1.0,2026-06-30
CHN001795,CUS001795,Not Churn,0.0724,Low,Synthetic Churn Risk Model,1.0,2026-06-30
CHN001796,CUS001796,Not Churn,0.0538,Low,Synthetic Churn Risk Model,1.0,2026-06-30
CHN001797,CUS001797,Not Churn,0.2475,Low,Synthetic Churn Risk Model,1.0,2026-06-30
CHN001798,CUS001798,Not Churn,0.4187,Medium,Synthetic Churn Risk Model,1.0,2026-06-30
CHN001799,CUS001799,Not Churn,0.3736,Medium,Synthetic Churn Risk Model,1.0,2026-06-30
CHN001800,CUS001800,Not Churn,0.3993,Medium,Synthetic Churn Risk Model,1.0,2026-06-30
CHN001801,CUS001801,Not Churn,0.0618,Low,Synthetic Churn Risk Model,1.0,2026-06-30
CHN001802,CUS001802,Not Churn,0.3928,Medium,Synthetic Churn Risk Model,1.0,2026-06-30
CHN001803,CUS001803,Not Churn,0.3142,Medium,Synthetic Churn Risk Model,1.0,2026-06-30
CHN001804,CUS001804,Not Churn,0.2869,Low,Synthetic Churn Risk Model,1.0,2026-06-30
CHN001805,CUS001805,Not Churn,0.0622,Low,Synthetic Churn Risk Model,1.0,2026-06-30
CHN001806,CUS001806,Not Churn,0.0232,Low,Synthetic Churn Risk Model,1.0,2026-06-30
CHN001807,CUS001807,Not Churn,0.0799,Low,Synthetic Churn Risk Model,1.0,2026-06-30
CHN001808,CUS001808,Not Churn,0.4167,Medium,Synthetic Churn Risk Model,1.0,2026-06-30
CHN001809,CUS001809,Not Churn,0.4192,Medium,Synthetic Churn Risk Model,1.0,2026-06-30
CHN001810,CUS001810,Not Churn,0.0543,Low,Synthetic Churn Risk Model,1.0,2026-06-30
CHN001811,CUS001811,Not Churn,0.381,Medium,Synthetic Churn Risk Model,1.0,2026-06-30
CHN001812,CUS001812,Not Churn,0.3057,Medium,Synthetic Churn Risk Model,1.0,2026-06-30
CHN001813,CUS001813,Not Churn,0.0491,Low,Synthetic Churn Risk Model,1.0,2026-06-30
CHN001814,CUS001814,Not Churn,0.0508,Low,Synthetic Churn Risk Model,1.0,2026-06-30
CHN001815,CUS001815,Not Churn,0.1026,Low,Synthetic Churn Risk Model,1.0,2026-06-30
CHN001816,CUS001816,Not Churn,0.4295,Medium,Synthetic Churn Risk Model,1.0,2026-06-30
CHN001817,CUS001817,Not Churn,0.0623,Low,Synthetic Churn Risk Model,1.0,2026-06-30
CHN001818,CUS001818,Not Churn,0.0681,Low,Synthetic Churn Risk Model,1.0,2026-06-30
CHN001819,CUS001819,Not Churn,0.1246,Low,Synthetic Churn Risk Model,1.0,2026-06-30
CHN001820,CUS001820,Not Churn,0.0252,Low,Synthetic Churn Risk Model,1.0,2026-06-30
CHN001821,CUS001821,Not Churn,0.0784,Low,Synthetic Churn Risk Model,1.0,2026-06-30
CHN001822,CUS001822,Not Churn,0.0606,Low,Synthetic Churn Risk Model,1.0,2026-06-30
CHN001823,CUS001823,Not Churn,0.2265,Low,Synthetic Churn Risk Model,1.0,2026-06-30
CHN001824,CUS001824,Not Churn,0.0108,Low,Synthetic Churn Risk Model,1.0,2026-06-30
CHN001825,CUS001825,Not Churn,0.0559,Low,Synthetic Churn Risk Model,1.0,2026-06-30
CHN001826,CUS001826,Not Churn,0.0325,Low,Synthetic Churn Risk Model,1.0,2026-06-30
CHN001827,CUS001827,Not Churn,0.017,Low,Synthetic Churn Risk Model,1.0,2026-06-30
CHN001828,CUS001828,Not Churn,0.4227,Medium,Synthetic Churn Risk Model,1.0,2026-06-30
CHN001829,CUS001829,Not Churn,0.0155,Low,Synthetic Churn Risk Model,1.0,2026-06-30
CHN001830,CUS001830,Not Churn,0.4079,Medium,Synthetic Churn Risk Model,1.0,2026-06-30
CHN001831,CUS001831,Not Churn,0.0667,Low,Synthetic Churn Risk Model,1.0,2026-06-30
CHN001832,CUS001832,Not Churn,0.0242,Low,Synthetic Churn Risk Model,1.0,2026-06-30
CHN001833,CUS001833,Not Churn,0.4312,Medium,Synthetic Churn Risk Model,1.0,2026-06-30
CHN001834,CUS001834,Not Churn,0.0835,Low,Synthetic Churn Risk Model,1.0,2026-06-30
CHN001835,CUS001835,Not Churn,0.0592,Low,Synthetic Churn Risk Model,1.0,2026-06-30
CHN001836,CUS001836,Not Churn,0.038,Low,Synthetic Churn Risk Model,1.0,2026-06-30
CHN001837,CUS001837,Not Churn,0.2147,Low,Synthetic Churn Risk Model,1.0,2026-06-30
CHN001838,CUS001838,Not Churn,0.2007,Low,Synthetic Churn Risk Model,1.0,2026-06-30
CHN001839,CUS001839,Not Churn,0.0843,Low,Synthetic Churn Risk Model,1.0,2026-06-30
CHN001840,CUS001840,Not Churn,0.4331,Medium,Synthetic Churn Risk Model,1.0,2026-06-30
CHN001841,CUS001841,Not Churn,0.1149,Low,Synthetic Churn Risk Model,1.0,2026-06-30
CHN001842,CUS001842,Not Churn,0.4032,Medium,Synthetic Churn Risk Model,1.0,2026-06-30
CHN001843,CUS001843,Not Churn,0.2355,Low,Synthetic Churn Risk Model,1.0,2026-06-30
CHN001844,CUS001844,Not Churn,0.0588,Low,Synthetic Churn Risk Model,1.0,2026-06-30
CHN001845,CUS001845,Not Churn,0.4311,Medium,Synthetic Churn Risk Model,1.0,2026-06-30
CHN001846,CUS001846,Not Churn,0.0354,Low,Synthetic Churn Risk Model,1.0,2026-06-30
CHN001847,CUS001847,Churn,0.9399,High,Synthetic Churn Risk Model,1.0,2026-06-30
CHN001848,CUS001848,Not Churn,0.4231,Medium,Synthetic Churn Risk Model,1.0,2026-06-30
CHN001849,CUS001849,Not Churn,0.4348,Medium,Synthetic Churn Risk Model,1.0,2026-06-30
CHN001850,CUS001850,Not Churn,0.0798,Low,Synthetic Churn Risk Model,1.0,2026-06-30
CHN001851,CUS001851,Not Churn,0.4029,Medium,Synthetic Churn Risk Model,1.0,2026-06-30
CHN001852,CUS001852,Not Churn,0.0617,Low,Synthetic Churn Risk Model,1.0,2026-06-30
CHN001853,CUS001853,Not Churn,0.0989,Low,Synthetic Churn Risk Model,1.0,2026-06-30
CHN001854,CUS001854,Not Churn,0.1736,Low,Synthetic Churn Risk Model,1.0,2026-06-30
CHN001855,CUS001855,Not Churn,0.1244,Low,Synthetic Churn Risk Model,1.0,2026-06-30
CHN001856,CUS001856,Not Churn,0.4069,Medium,Synthetic Churn Risk Model,1.0,2026-06-30
CHN001857,CUS001857,Not Churn,0.4106,Medium,Synthetic Churn Risk Model,1.0,2026-06-30
CHN001858,CUS001858,Not Churn,0.2436,Low,Synthetic Churn Risk Model,1.0,2026-06-30
CHN001859,CUS001859,Not Churn,0.112,Low,Synthetic Churn Risk Model,1.0,2026-06-30
CHN001860,CUS001860,Not Churn,0.0585,Low,Synthetic Churn Risk Model,1.0,2026-06-30
CHN001861,CUS001861,Not Churn,0.3932,Medium,Synthetic Churn Risk Model,1.0,2026-06-30
CHN001862,CUS001862,Not Churn,0.0413,Low,Synthetic Churn Risk Model,1.0,2026-06-30
CHN001863,CUS001863,Not Churn,0.1608,Low,Synthetic Churn Risk Model,1.0,2026-06-30
CHN001864,CUS001864,Not Churn,0.0484,Low,Synthetic Churn Risk Model,1.0,2026-06-30
CHN001865,CUS001865,Not Churn,0.4002,Medium,Synthetic Churn Risk Model,1.0,2026-06-30
CHN001866,CUS001866,Not Churn,0.2336,Low,Synthetic Churn Risk Model,1.0,2026-06-30
CHN001867,CUS001867,Not Churn,0.4087,Medium,Synthetic Churn Risk Model,1.0,2026-06-30
CHN001868,CUS001868,Not Churn,0.1683,Low,Synthetic Churn Risk Model,1.0,2026-06-30
CHN001869,CUS001869,Not Churn,0.3947,Medium,Synthetic Churn Risk Model,1.0,2026-06-30
CHN001870,CUS001870,Not Churn,0.0442,Low,Synthetic Churn Risk Model,1.0,2026-06-30
CHN001871,CUS001871,Not Churn,0.0561,Low,Synthetic Churn Risk Model,1.0,2026-06-30
CHN001872,CUS001872,Not Churn,0.1304,Low,Synthetic Churn Risk Model,1.0,2026-06-30
CHN001873,CUS001873,Not Churn,0.0778,Low,Synthetic Churn Risk Model,1.0,2026-06-30
CHN001874,CUS001874,Not Churn,0.3978,Medium,Synthetic Churn Risk Model,1.0,2026-06-30
CHN001875,CUS001875,Not Churn,0.0444,Low,Synthetic Churn Risk Model,1.0,2026-06-30
CHN001876,CUS001876,Not Churn,0.0251,Low,Synthetic Churn Risk Model,1.0,2026-06-30
CHN001877,CUS001877,Not Churn,0.0391,Low,Synthetic Churn Risk Model,1.0,2026-06-30
CHN001878,CUS001878,Not Churn,0.4477,Medium,Synthetic Churn Risk Model,1.0,2026-06-30
CHN001879,CUS001879,Not Churn,0.0614,Low,Synthetic Churn Risk Model,1.0,2026-06-30
CHN001880,CUS001880,Not Churn,0.0855,Low,Synthetic Churn Risk Model,1.0,2026-06-30
CHN001881,CUS001881,Not Churn,0.2027,Low,Synthetic Churn Risk Model,1.0,2026-06-30
CHN001882,CUS001882,Not Churn,0.0398,Low,Synthetic Churn Risk Model,1.0,2026-06-30
CHN001883,CUS001883,Not Churn,0.323,Medium,Synthetic Churn Risk Model,1.0,2026-06-30
CHN001884,CUS001884,Not Churn,0.0232,Low,Synthetic Churn Risk Model,1.0,2026-06-30
CHN001885,CUS001885,Not Churn,0.0287,Low,Synthetic Churn Risk Model,1.0,2026-06-30
CHN001886,CUS001886,Not Churn,0.2426,Low,Synthetic Churn Risk Model,1.0,2026-06-30
CHN001887,CUS001887,Not Churn,0.1179,Low,Synthetic Churn Risk Model,1.0,2026-06-30
CHN001888,CUS001888,Not Churn,0.0291,Low,Synthetic Churn Risk Model,1.0,2026-06-30
CHN001889,CUS001889,Not Churn,0.0421,Low,Synthetic Churn Risk Model,1.0,2026-06-30
CHN001890,CUS001890,Not Churn,0.0468,Low,Synthetic Churn Risk Model,1.0,2026-06-30
CHN001891,CUS001891,Not Churn,0.0572,Low,Synthetic Churn Risk Model,1.0,2026-06-30
CHN001892,CUS001892,Not Churn,0.1128,Low,Synthetic Churn Risk Model,1.0,2026-06-30
CHN001893,CUS001893,Not Churn,0.0603,Low,Synthetic Churn Risk Model,1.0,2026-06-30
CHN001894,CUS001894,Not Churn,0.26,Low,Synthetic Churn Risk Model,1.0,2026-06-30
CHN001895,CUS001895,Not Churn,0.0301,Low,Synthetic Churn Risk Model,1.0,2026-06-30
CHN001896,CUS001896,Not Churn,0.0536,Low,Synthetic Churn Risk Model,1.0,2026-06-30
CHN001897,CUS001897,Not Churn,0.0345,Low,Synthetic Churn Risk Model,1.0,2026-06-30
CHN001898,CUS001898,Not Churn,0.146,Low,Synthetic Churn Risk Model,1.0,2026-06-30
CHN001899,CUS001899,Not Churn,0.1231,Low,Synthetic Churn Risk Model,1.0,2026-06-30
CHN001900,CUS001900,Not Churn,0.4128,Medium,Synthetic Churn Risk Model,1.0,2026-06-30
CHN001901,CUS001901,Not Churn,0.2918,Low,Synthetic Churn Risk Model,1.0,2026-06-30
CHN001902,CUS001902,Not Churn,0.211,Low,Synthetic Churn Risk Model,1.0,2026-06-30
CHN001903,CUS001903,Not Churn,0.0812,Low,Synthetic Churn Risk Model,1.0,2026-06-30
CHN001904,CUS001904,Not Churn,0.0916,Low,Synthetic Churn Risk Model,1.0,2026-06-30
CHN001905,CUS001905,Not Churn,0.0884,Low,Synthetic Churn Risk Model,1.0,2026-06-30
CHN001906,CUS001906,Not Churn,0.2503,Low,Synthetic Churn Risk Model,1.0,2026-06-30
CHN001907,CUS001907,Not Churn,0.0272,Low,Synthetic Churn Risk Model,1.0,2026-06-30
CHN001908,CUS001908,Not Churn,0.2425,Low,Synthetic Churn Risk Model,1.0,2026-06-30
CHN001909,CUS001909,Not Churn,0.1061,Low,Synthetic Churn Risk Model,1.0,2026-06-30
CHN001910,CUS001910,Not Churn,0.0329,Low,Synthetic Churn Risk Model,1.0,2026-06-30
CHN001911,CUS001911,Not Churn,0.4452,Medium,Synthetic Churn Risk Model,1.0,2026-06-30
CHN001912,CUS001912,Not Churn,0.0521,Low,Synthetic Churn Risk Model,1.0,2026-06-30
CHN001913,CUS001913,Not Churn,0.0295,Low,Synthetic Churn Risk Model,1.0,2026-06-30
CHN001914,CUS001914,Not Churn,0.4047,Medium,Synthetic Churn Risk Model,1.0,2026-06-30
CHN001915,CUS001915,Not Churn,0.42,Medium,Synthetic Churn Risk Model,1.0,2026-06-30
CHN001916,CUS001916,Not Churn,0.031,Low,Synthetic Churn Risk Model,1.0,2026-06-30
CHN001917,CUS001917,Not Churn,0.0507,Low,Synthetic Churn Risk Model,1.0,2026-06-30
CHN001918,CUS001918,Not Churn,0.0826,Low,Synthetic Churn Risk Model,1.0,2026-06-30
CHN001919,CUS001919,Not Churn,0.0796,Low,Synthetic Churn Risk Model,1.0,2026-06-30
CHN001920,CUS001920,Not Churn,0.1985,Low,Synthetic Churn Risk Model,1.0,2026-06-30
CHN001921,CUS001921,Not Churn,0.4214,Medium,Synthetic Churn Risk Model,1.0,2026-06-30
CHN001922,CUS001922,Not Churn,0.0251,Low,Synthetic Churn Risk Model,1.0,2026-06-30
CHN001923,CUS001923,Not Churn,0.2179,Low,Synthetic Churn Risk Model,1.0,2026-06-30
CHN001924,CUS001924,Not Churn,0.0515,Low,Synthetic Churn Risk Model,1.0,2026-06-30
CHN001925,CUS001925,Not Churn,0.0416,Low,Synthetic Churn Risk Model,1.0,2026-06-30
CHN001926,CUS001926,Not Churn,0.4097,Medium,Synthetic Churn Risk Model,1.0,2026-06-30
CHN001927,CUS001927,Not Churn,0.0515,Low,Synthetic Churn Risk Model,1.0,2026-06-30
CHN001928,CUS001928,Not Churn,0.1097,Low,Synthetic Churn Risk Model,1.0,2026-06-30
CHN001929,CUS001929,Not Churn,0.0606,Low,Synthetic Churn Risk Model,1.0,2026-06-30
CHN001930,CUS001930,Not Churn,0.0547,Low,Synthetic Churn Risk Model,1.0,2026-06-30
CHN001931,CUS001931,Not Churn,0.412,Medium,Synthetic Churn Risk Model,1.0,2026-06-30
CHN001932,CUS001932,Not Churn,0.0109,Low,Synthetic Churn Risk Model,1.0,2026-06-30
CHN001933,CUS001933,Not Churn,0.013,Low,Synthetic Churn Risk Model,1.0,2026-06-30
CHN001934,CUS001934,Not Churn,0.3972,Medium,Synthetic Churn Risk Model,1.0,2026-06-30
CHN001935,CUS001935,Not Churn,0.1144,Low,Synthetic Churn Risk Model,1.0,2026-06-30
CHN001936,CUS001936,Not Churn,0.4334,Medium,Synthetic Churn Risk Model,1.0,2026-06-30
CHN001937,CUS001937,Not Churn,0.0236,Low,Synthetic Churn Risk Model,1.0,2026-06-30
CHN001938,CUS001938,Not Churn,0.0876,Low,Synthetic Churn Risk Model,1.0,2026-06-30
CHN001939,CUS001939,Not Churn,0.0642,Low,Synthetic Churn Risk Model,1.0,2026-06-30
CHN001940,CUS001940,Not Churn,0.33,Medium,Synthetic Churn Risk Model,1.0,2026-06-30
CHN001941,CUS001941,Not Churn,0.0335,Low,Synthetic Churn Risk Model,1.0,2026-06-30
CHN001942,CUS001942,Not Churn,0.0465,Low,Synthetic Churn Risk Model,1.0,2026-06-30
CHN001943,CUS001943,Not Churn,0.1858,Low,Synthetic Churn Risk Model,1.0,2026-06-30
CHN001944,CUS001944,Not Churn,0.0986,Low,Synthetic Churn Risk Model,1.0,2026-06-30
CHN001945,CUS001945,Not Churn,0.0324,Low,Synthetic Churn Risk Model,1.0,2026-06-30
CHN001946,CUS001946,Not Churn,0.0717,Low,Synthetic Churn Risk Model,1.0,2026-06-30
CHN001947,CUS001947,Not Churn,0.032,Low,Synthetic Churn Risk Model,1.0,2026-06-30
CHN001948,CUS001948,Not Churn,0.4199,Medium,Synthetic Churn Risk Model,1.0,2026-06-30
CHN001949,CUS001949,Not Churn,0.2152,Low,Synthetic Churn Risk Model,1.0,2026-06-30
CHN001950,CUS001950,Not Churn,0.2812,Low,Synthetic Churn Risk Model,1.0,2026-06-30
CHN001951,CUS001951,Not Churn,0.125,Low,Synthetic Churn Risk Model,1.0,2026-06-30
CHN001952,CUS001952,Not Churn,0.064,Low,Synthetic Churn Risk Model,1.0,2026-06-30
CHN001953,CUS001953,Not Churn,0.1132,Low,Synthetic Churn Risk Model,1.0,2026-06-30
CHN001954,CUS001954,Not Churn,0.408,Medium,Synthetic Churn Risk Model,1.0,2026-06-30
CHN001955,CUS001955,Not Churn,0.0754,Low,Synthetic Churn Risk Model,1.0,2026-06-30
CHN001956,CUS001956,Not Churn,0.2893,Low,Synthetic Churn Risk Model,1.0,2026-06-30
CHN001957,CUS001957,Not Churn,0.0611,Low,Synthetic Churn Risk Model,1.0,2026-06-30
CHN001958,CUS001958,Not Churn,0.0936,Low,Synthetic Churn Risk Model,1.0,2026-06-30
CHN001959,CUS001959,Not Churn,0.5455,Medium,Synthetic Churn Risk Model,1.0,2026-06-30
CHN001960,CUS001960,Not Churn,0.1261,Low,Synthetic Churn Risk Model,1.0,2026-06-30
CHN001961,CUS001961,Not Churn,0.1041,Low,Synthetic Churn Risk Model,1.0,2026-06-30
CHN001962,CUS001962,Not Churn,0.2507,Low,Synthetic Churn Risk Model,1.0,2026-06-30
CHN001963,CUS001963,Not Churn,0.4195,Medium,Synthetic Churn Risk Model,1.0,2026-06-30
CHN001964,CUS001964,Not Churn,0.3977,Medium,Synthetic Churn Risk Model,1.0,2026-06-30
CHN001965,CUS001965,Not Churn,0.0666,Low,Synthetic Churn Risk Model,1.0,2026-06-30
CHN001966,CUS001966,Not Churn,0.1665,Low,Synthetic Churn Risk Model,1.0,2026-06-30
CHN001967,CUS001967,Not Churn,0.4135,Medium,Synthetic Churn Risk Model,1.0,2026-06-30
CHN001968,CUS001968,Not Churn,0.07,Low,Synthetic Churn Risk Model,1.0,2026-06-30
CHN001969,CUS001969,Not Churn,0.4247,Medium,Synthetic Churn Risk Model,1.0,2026-06-30
CHN001970,CUS001970,Not Churn,0.0869,Low,Synthetic Churn Risk Model,1.0,2026-06-30
CHN001971,CUS001971,Not Churn,0.0706,Low,Synthetic Churn Risk Model,1.0,2026-06-30
CHN001972,CUS001972,Not Churn,0.0895,Low,Synthetic Churn Risk Model,1.0,2026-06-30
CHN001973,CUS001973,Not Churn,0.4259,Medium,Synthetic Churn Risk Model,1.0,2026-06-30
CHN001974,CUS001974,Not Churn,0.0022,Low,Synthetic Churn Risk Model,1.0,2026-06-30
CHN001975,CUS001975,Not Churn,0.0722,Low,Synthetic Churn Risk Model,1.0,2026-06-30
CHN001976,CUS001976,Not Churn,0.0274,Low,Synthetic Churn Risk Model,1.0,2026-06-30
CHN001977,CUS001977,Not Churn,0.4117,Medium,Synthetic Churn Risk Model,1.0,2026-06-30
CHN001978,CUS001978,Not Churn,0.129,Low,Synthetic Churn Risk Model,1.0,2026-06-30
CHN001979,CUS001979,Not Churn,0.1709,Low,Synthetic Churn Risk Model,1.0,2026-06-30
CHN001980,CUS001980,Not Churn,0.1359,Low,Synthetic Churn Risk Model,1.0,2026-06-30
CHN001981,CUS001981,Not Churn,0.1711,Low,Synthetic Churn Risk Model,1.0,2026-06-30
CHN001982,CUS001982,Not Churn,0.2745,Low,Synthetic Churn Risk Model,1.0,2026-06-30
CHN001983,CUS001983,Not Churn,0.0187,Low,Synthetic Churn Risk Model,1.0,2026-06-30
CHN001984,CUS001984,Not Churn,0.4036,Medium,Synthetic Churn Risk Model,1.0,2026-06-30
CHN001985,CUS001985,Not Churn,0.4643,Medium,Synthetic Churn Risk Model,1.0,2026-06-30
CHN001986,CUS001986,Not Churn,0.1295,Low,Synthetic Churn Risk Model,1.0,2026-06-30
CHN001987,CUS001987,Not Churn,0.1017,Low,Synthetic Churn Risk Model,1.0,2026-06-30
CHN001988,CUS001988,Not Churn,0.2237,Low,Synthetic Churn Risk Model,1.0,2026-06-30
CHN001989,CUS001989,Not Churn,0.0459,Low,Synthetic Churn Risk Model,1.0,2026-06-30
CHN001990,CUS001990,Not Churn,0.1085,Low,Synthetic Churn Risk Model,1.0,2026-06-30
CHN001991,CUS001991,Not Churn,0.0523,Low,Synthetic Churn Risk Model,1.0,2026-06-30
CHN001992,CUS001992,Not Churn,0.055,Low,Synthetic Churn Risk Model,1.0,2026-06-30
CHN001993,CUS001993,Not Churn,0.3947,Medium,Synthetic Churn Risk Model,1.0,2026-06-30
CHN001994,CUS001994,Not Churn,0.1632,Low,Synthetic Churn Risk Model,1.0,2026-06-30
CHN001995,CUS001995,Not Churn,0.4032,Medium,Synthetic Churn Risk Model,1.0,2026-06-30
CHN001996,CUS001996,Not Churn,0.4092,Medium,Synthetic Churn Risk Model,1.0,2026-06-30
CHN001997,CUS001997,Not Churn,0.0869,Low,Synthetic Churn Risk Model,1.0,2026-06-30
CHN001998,CUS001998,Not Churn,0.0869,Low,Synthetic Churn Risk Model,1.0,2026-06-30
CHN001999,CUS001999,Not Churn,0.363,Medium,Synthetic Churn Risk Model,1.0,2026-06-30
CHN002000,CUS002000,Not Churn,0.4362,Medium,Synthetic Churn Risk Model,1.0,2026-06-30
CHN002001,CUS002001,Not Churn,0.3105,Medium,Synthetic Churn Risk Model,1.0,2026-06-30
CHN002002,CUS002002,Not Churn,0.038,Low,Synthetic Churn Risk Model,1.0,2026-06-30
CHN002003,CUS002003,Not Churn,0.1442,Low,Synthetic Churn Risk Model,1.0,2026-06-30
CHN002004,CUS002004,Not Churn,0.4162,Medium,Synthetic Churn Risk Model,1.0,2026-06-30
CHN002005,CUS002005,Not Churn,0.2015,Low,Synthetic Churn Risk Model,1.0,2026-06-30
CHN002006,CUS002006,Not Churn,0.3989,Medium,Synthetic Churn Risk Model,1.0,2026-06-30
CHN002007,CUS002007,Not Churn,0.118,Low,Synthetic Churn Risk Model,1.0,2026-06-30
CHN002008,CUS002008,Not Churn,0.0659,Low,Synthetic Churn Risk Model,1.0,2026-06-30
CHN002009,CUS002009,Not Churn,0.0469,Low,Synthetic Churn Risk Model,1.0,2026-06-30
CHN002010,CUS002010,Not Churn,0.0648,Low,Synthetic Churn Risk Model,1.0,2026-06-30
CHN002011,CUS002011,Not Churn,0.1083,Low,Synthetic Churn Risk Model,1.0,2026-06-30
CHN002012,CUS002012,Not Churn,0.0947,Low,Synthetic Churn Risk Model,1.0,2026-06-30
CHN002013,CUS002013,Not Churn,0.2261,Low,Synthetic Churn Risk Model,1.0,2026-06-30
CHN002014,CUS002014,Not Churn,0.1358,Low,Synthetic Churn Risk Model,1.0,2026-06-30
CHN002015,CUS002015,Not Churn,0.4179,Medium,Synthetic Churn Risk Model,1.0,2026-06-30
CHN002016,CUS002016,Not Churn,0.1031,Low,Synthetic Churn Risk Model,1.0,2026-06-30
CHN002017,CUS002017,Not Churn,0.1113,Low,Synthetic Churn Risk Model,1.0,2026-06-30
CHN002018,CUS002018,Not Churn,0.0264,Low,Synthetic Churn Risk Model,1.0,2026-06-30
CHN002019,CUS002019,Not Churn,0.4373,Medium,Synthetic Churn Risk Model,1.0,2026-06-30
CHN002020,CUS002020,Not Churn,0.0625,Low,Synthetic Churn Risk Model,1.0,2026-06-30
CHN002021,CUS002021,Not Churn,0.3028,Medium,Synthetic Churn Risk Model,1.0,2026-06-30
CHN002022,CUS002022,Not Churn,0.0264,Low,Synthetic Churn Risk Model,1.0,2026-06-30
CHN002023,CUS002023,Not Churn,0.2938,Low,Synthetic Churn Risk Model,1.0,2026-06-30
CHN002024,CUS002024,Not Churn,0.235,Low,Synthetic Churn Risk Model,1.0,2026-06-30
CHN002025,CUS002025,Not Churn,0.0795,Low,Synthetic Churn Risk Model,1.0,2026-06-30
CHN002026,CUS002026,Not Churn,0.1015,Low,Synthetic Churn Risk Model,1.0,2026-06-30
CHN002027,CUS002027,Not Churn,0.0688,Low,Synthetic Churn Risk Model,1.0,2026-06-30
CHN002028,CUS002028,Not Churn,0.0794,Low,Synthetic Churn Risk Model,1.0,2026-06-30
CHN002029,CUS002029,Not Churn,0.1218,Low,Synthetic Churn Risk Model,1.0,2026-06-30
CHN002030,CUS002030,Not Churn,0.0443,Low,Synthetic Churn Risk Model,1.0,2026-06-30
CHN002031,CUS002031,Not Churn,0.0187,Low,Synthetic Churn Risk Model,1.0,2026-06-30
CHN002032,CUS002032,Not Churn,0.1096,Low,Synthetic Churn Risk Model,1.0,2026-06-30
CHN002033,CUS002033,Not Churn,0.1048,Low,Synthetic Churn Risk Model,1.0,2026-06-30
CHN002034,CUS002034,Not Churn,0.1184,Low,Synthetic Churn Risk Model,1.0,2026-06-30
CHN002035,CUS002035,Not Churn,0.4077,Medium,Synthetic Churn Risk Model,1.0,2026-06-30
CHN002036,CUS002036,Not Churn,0.0092,Low,Synthetic Churn Risk Model,1.0,2026-06-30
CHN002037,CUS002037,Not Churn,0.4199,Medium,Synthetic Churn Risk Model,1.0,2026-06-30
CHN002038,CUS002038,Not Churn,0.4021,Medium,Synthetic Churn Risk Model,1.0,2026-06-30
CHN002039,CUS002039,Not Churn,0.0592,Low,Synthetic Churn Risk Model,1.0,2026-06-30
CHN002040,CUS002040,Not Churn,0.3992,Medium,Synthetic Churn Risk Model,1.0,2026-06-30
CHN002041,CUS002041,Not Churn,0.0524,Low,Synthetic Churn Risk Model,1.0,2026-06-30
CHN002042,CUS002042,Not Churn,0.0645,Low,Synthetic Churn Risk Model,1.0,2026-06-30
CHN002043,CUS002043,Not Churn,0.1289,Low,Synthetic Churn Risk Model,1.0,2026-06-30
CHN002044,CUS002044,Not Churn,0.1431,Low,Synthetic Churn Risk Model,1.0,2026-06-30
CHN002045,CUS002045,Not Churn,0.4339,Medium,Synthetic Churn Risk Model,1.0,2026-06-30
CHN002046,CUS002046,Not Churn,0.1125,Low,Synthetic Churn Risk Model,1.0,2026-06-30
CHN002047,CUS002047,Not Churn,0.0829,Low,Synthetic Churn Risk Model,1.0,2026-06-30
CHN002048,CUS002048,Not Churn,0.3945,Medium,Synthetic Churn Risk Model,1.0,2026-06-30
CHN002049,CUS002049,Not Churn,0.0385,Low,Synthetic Churn Risk Model,1.0,2026-06-30
CHN002050,CUS002050,Not Churn,0.03,Low,Synthetic Churn Risk Model,1.0,2026-06-30
CHN002051,CUS002051,Not Churn,0.1354,Low,Synthetic Churn Risk Model,1.0,2026-06-30
CHN002052,CUS002052,Not Churn,0.0796,Low,Synthetic Churn Risk Model,1.0,2026-06-30
CHN002053,CUS002053,Not Churn,0.0684,Low,Synthetic Churn Risk Model,1.0,2026-06-30
CHN002054,CUS002054,Not Churn,0.0706,Low,Synthetic Churn Risk Model,1.0,2026-06-30
CHN002055,CUS002055,Not Churn,0.4155,Medium,Synthetic Churn Risk Model,1.0,2026-06-30
CHN002056,CUS002056,Not Churn,0.0673,Low,Synthetic Churn Risk Model,1.0,2026-06-30
CHN002057,CUS002057,Not Churn,0.0339,Low,Synthetic Churn Risk Model,1.0,2026-06-30
CHN002058,CUS002058,Not Churn,0.0099,Low,Synthetic Churn Risk Model,1.0,2026-06-30
CHN002059,CUS002059,Not Churn,0.13,Low,Synthetic Churn Risk Model,1.0,2026-06-30
CHN002060,CUS002060,Not Churn,0.4856,Medium,Synthetic Churn Risk Model,1.0,2026-06-30
CHN002061,CUS002061,Not Churn,0.2162,Low,Synthetic Churn Risk Model,1.0,2026-06-30
CHN002062,CUS002062,Not Churn,0.5468,Medium,Synthetic Churn Risk Model,1.0,2026-06-30
CHN002063,CUS002063,Not Churn,0.1072,Low,Synthetic Churn Risk Model,1.0,2026-06-30
CHN002064,CUS002064,Not Churn,0.0521,Low,Synthetic Churn Risk Model,1.0,2026-06-30
CHN002065,CUS002065,Not Churn,0.0728,Low,Synthetic Churn Risk Model,1.0,2026-06-30
CHN002066,CUS002066,Not Churn,0.0788,Low,Synthetic Churn Risk Model,1.0,2026-06-30
CHN002067,CUS002067,Not Churn,0.1417,Low,Synthetic Churn Risk Model,1.0,2026-06-30
CHN002068,CUS002068,Not Churn,0.0352,Low,Synthetic Churn Risk Model,1.0,2026-06-30
CHN002069,CUS002069,Not Churn,0.4119,Medium,Synthetic Churn Risk Model,1.0,2026-06-30
CHN002070,CUS002070,Not Churn,0.1211,Low,Synthetic Churn Risk Model,1.0,2026-06-30
CHN002071,CUS002071,Not Churn,0.0769,Low,Synthetic Churn Risk Model,1.0,2026-06-30
CHN002072,CUS002072,Not Churn,0.029,Low,Synthetic Churn Risk Model,1.0,2026-06-30
CHN002073,CUS002073,Not Churn,0.0011,Low,Synthetic Churn Risk Model,1.0,2026-06-30
CHN002074,CUS002074,Not Churn,0.0225,Low,Synthetic Churn Risk Model,1.0,2026-06-30
CHN002075,CUS002075,Not Churn,0.0273,Low,Synthetic Churn Risk Model,1.0,2026-06-30
CHN002076,CUS002076,Not Churn,0.2789,Low,Synthetic Churn Risk Model,1.0,2026-06-30
CHN002077,CUS002077,Not Churn,0.0467,Low,Synthetic Churn Risk Model,1.0,2026-06-30
CHN002078,CUS002078,Not Churn,0.2969,Low,Synthetic Churn Risk Model,1.0,2026-06-30
CHN002079,CUS002079,Not Churn,0.1184,Low,Synthetic Churn Risk Model,1.0,2026-06-30
CHN002080,CUS002080,Not Churn,0.0367,Low,Synthetic Churn Risk Model,1.0,2026-06-30
CHN002081,CUS002081,Not Churn,0.0425,Low,Synthetic Churn Risk Model,1.0,2026-06-30
CHN002082,CUS002082,Not Churn,0.0742,Low,Synthetic Churn Risk Model,1.0,2026-06-30
CHN002083,CUS002083,Not Churn,0.2344,Low,Synthetic Churn Risk Model,1.0,2026-06-30
CHN002084,CUS002084,Not Churn,0.0797,Low,Synthetic Churn Risk Model,1.0,2026-06-30
CHN002085,CUS002085,Not Churn,0.4091,Medium,Synthetic Churn Risk Model,1.0,2026-06-30
CHN002086,CUS002086,Not Churn,0.4143,Medium,Synthetic Churn Risk Model,1.0,2026-06-30
CHN002087,CUS002087,Not Churn,0.4405,Medium,Synthetic Churn Risk Model,1.0,2026-06-30
CHN002088,CUS002088,Not Churn,0.1497,Low,Synthetic Churn Risk Model,1.0,2026-06-30
CHN002089,CUS002089,Not Churn,0.4268,Medium,Synthetic Churn Risk Model,1.0,2026-06-30
CHN002090,CUS002090,Not Churn,0.0756,Low,Synthetic Churn Risk Model,1.0,2026-06-30
CHN002091,CUS002091,Not Churn,0.0685,Low,Synthetic Churn Risk Model,1.0,2026-06-30
CHN002092,CUS002092,Not Churn,0.1219,Low,Synthetic Churn Risk Model,1.0,2026-06-30
CHN002093,CUS002093,Not Churn,0.0348,Low,Synthetic Churn Risk Model,1.0,2026-06-30
CHN002094,CUS002094,Not Churn,0.0508,Low,Synthetic Churn Risk Model,1.0,2026-06-30
CHN002095,CUS002095,Not Churn,0.0881,Low,Synthetic Churn Risk Model,1.0,2026-06-30
CHN002096,CUS002096,Not Churn,0.0375,Low,Synthetic Churn Risk Model,1.0,2026-06-30
CHN002097,CUS002097,Not Churn,0.0313,Low,Synthetic Churn Risk Model,1.0,2026-06-30
CHN002098,CUS002098,Not Churn,0.0992,Low,Synthetic Churn Risk Model,1.0,2026-06-30
CHN002099,CUS002099,Not Churn,0.4175,Medium,Synthetic Churn Risk Model,1.0,2026-06-30
CHN002100,CUS002100,Not Churn,0.4122,Medium,Synthetic Churn Risk Model,1.0,2026-06-30
CHN002101,CUS002101,Not Churn,0.1136,Low,Synthetic Churn Risk Model,1.0,2026-06-30
CHN002102,CUS002102,Not Churn,0.0353,Low,Synthetic Churn Risk Model,1.0,2026-06-30
CHN002103,CUS002103,Not Churn,0.0544,Low,Synthetic Churn Risk Model,1.0,2026-06-30
CHN002104,CUS002104,Not Churn,0.4215,Medium,Synthetic Churn Risk Model,1.0,2026-06-30
CHN002105,CUS002105,Not Churn,0.0645,Low,Synthetic Churn Risk Model,1.0,2026-06-30
CHN002106,CUS002106,Not Churn,0.0889,Low,Synthetic Churn Risk Model,1.0,2026-06-30
CHN002107,CUS002107,Not Churn,0.4306,Medium,Synthetic Churn Risk Model,1.0,2026-06-30
CHN002108,CUS002108,Not Churn,0.406,Medium,Synthetic Churn Risk Model,1.0,2026-06-30
CHN002109,CUS002109,Not Churn,0.248,Low,Synthetic Churn Risk Model,1.0,2026-06-30
CHN002110,CUS002110,Not Churn,0.399,Medium,Synthetic Churn Risk Model,1.0,2026-06-30
CHN002111,CUS002111,Not Churn,0.1669,Low,Synthetic Churn Risk Model,1.0,2026-06-30
CHN002112,CUS002112,Not Churn,0.4131,Medium,Synthetic Churn Risk Model,1.0,2026-06-30
CHN002113,CUS002113,Not Churn,0.059,Low,Synthetic Churn Risk Model,1.0,2026-06-30
CHN002114,CUS002114,Not Churn,0.1401,Low,Synthetic Churn Risk Model,1.0,2026-06-30
CHN002115,CUS002115,Not Churn,0.4097,Medium,Synthetic Churn Risk Model,1.0,2026-06-30
CHN002116,CUS002116,Not Churn,0.0383,Low,Synthetic Churn Risk Model,1.0,2026-06-30
CHN002117,CUS002117,Not Churn,0.1545,Low,Synthetic Churn Risk Model,1.0,2026-06-30
CHN002118,CUS002118,Not Churn,0.3671,Medium,Synthetic Churn Risk Model,1.0,2026-06-30
CHN002119,CUS002119,Not Churn,0.02,Low,Synthetic Churn Risk Model,1.0,2026-06-30
CHN002120,CUS002120,Not Churn,0.4169,Medium,Synthetic Churn Risk Model,1.0,2026-06-30
CHN002121,CUS002121,Not Churn,0.1296,Low,Synthetic Churn Risk Model,1.0,2026-06-30
CHN002122,CUS002122,Not Churn,0.3555,Medium,Synthetic Churn Risk Model,1.0,2026-06-30
CHN002123,CUS002123,Not Churn,0.0288,Low,Synthetic Churn Risk Model,1.0,2026-06-30
CHN002124,CUS002124,Not Churn,0.2592,Low,Synthetic Churn Risk Model,1.0,2026-06-30
CHN002125,CUS002125,Not Churn,0.3713,Medium,Synthetic Churn Risk Model,1.0,2026-06-30
CHN002126,CUS002126,Not Churn,0.4064,Medium,Synthetic Churn Risk Model,1.0,2026-06-30
CHN002127,CUS002127,Not Churn,0.062,Low,Synthetic Churn Risk Model,1.0,2026-06-30
CHN002128,CUS002128,Not Churn,0.1197,Low,Synthetic Churn Risk Model,1.0,2026-06-30
CHN002129,CUS002129,Not Churn,0.4279,Medium,Synthetic Churn Risk Model,1.0,2026-06-30
CHN002130,CUS002130,Not Churn,0.4092,Medium,Synthetic Churn Risk Model,1.0,2026-06-30
CHN002131,CUS002131,Not Churn,0.0484,Low,Synthetic Churn Risk Model,1.0,2026-06-30
CHN002132,CUS002132,Not Churn,0.454,Medium,Synthetic Churn Risk Model,1.0,2026-06-30
CHN002133,CUS002133,Not Churn,0.0454,Low,Synthetic Churn Risk Model,1.0,2026-06-30
CHN002134,CUS002134,Not Churn,0.1841,Low,Synthetic Churn Risk Model,1.0,2026-06-30
CHN002135,CUS002135,Not Churn,0.4252,Medium,Synthetic Churn Risk Model,1.0,2026-06-30
CHN002136,CUS002136,Not Churn,0.0535,Low,Synthetic Churn Risk Model,1.0,2026-06-30
CHN002137,CUS002137,Not Churn,0.4038,Medium,Synthetic Churn Risk Model,1.0,2026-06-30
CHN002138,CUS002138,Not Churn,0.2521,Low,Synthetic Churn Risk Model,1.0,2026-06-30
CHN002139,CUS002139,Not Churn,0.1763,Low,Synthetic Churn Risk Model,1.0,2026-06-30
CHN002140,CUS002140,Not Churn,0.0847,Low,Synthetic Churn Risk Model,1.0,2026-06-30
CHN002141,CUS002141,Not Churn,0.0783,Low,Synthetic Churn Risk Model,1.0,2026-06-30
CHN002142,CUS002142,Not Churn,0.0344,Low,Synthetic Churn Risk Model,1.0,2026-06-30
CHN002143,CUS002143,Not Churn,0.2452,Low,Synthetic Churn Risk Model,1.0,2026-06-30
CHN002144,CUS002144,Not Churn,0.4092,Medium,Synthetic Churn Risk Model,1.0,2026-06-30
CHN002145,CUS002145,Not Churn,0.0206,Low,Synthetic Churn Risk Model,1.0,2026-06-30
CHN002146,CUS002146,Not Churn,0.0061,Low,Synthetic Churn Risk Model,1.0,2026-06-30
CHN002147,CUS002147,Not Churn,0.0053,Low,Synthetic Churn Risk Model,1.0,2026-06-30
CHN002148,CUS002148,Not Churn,0.0728,Low,Synthetic Churn Risk Model,1.0,2026-06-30
CHN002149,CUS002149,Not Churn,0.4328,Medium,Synthetic Churn Risk Model,1.0,2026-06-30
CHN002150,CUS002150,Not Churn,0.0741,Low,Synthetic Churn Risk Model,1.0,2026-06-30
CHN002151,CUS002151,Not Churn,0.4327,Medium,Synthetic Churn Risk Model,1.0,2026-06-30
CHN002152,CUS002152,Not Churn,0.0127,Low,Synthetic Churn Risk Model,1.0,2026-06-30
CHN002153,CUS002153,Not Churn,0.1346,Low,Synthetic Churn Risk Model,1.0,2026-06-30
CHN002154,CUS002154,Not Churn,0.0682,Low,Synthetic Churn Risk Model,1.0,2026-06-30
CHN002155,CUS002155,Not Churn,0.424,Medium,Synthetic Churn Risk Model,1.0,2026-06-30
CHN002156,CUS002156,Not Churn,0.3988,Medium,Synthetic Churn Risk Model,1.0,2026-06-30
CHN002157,CUS002157,Not Churn,0.0581,Low,Synthetic Churn Risk Model,1.0,2026-06-30
CHN002158,CUS002158,Not Churn,0.4325,Medium,Synthetic Churn Risk Model,1.0,2026-06-30
CHN002159,CUS002159,Not Churn,0.45,Medium,Synthetic Churn Risk Model,1.0,2026-06-30
CHN002160,CUS002160,Not Churn,0.4821,Medium,Synthetic Churn Risk Model,1.0,2026-06-30
CHN002161,CUS002161,Not Churn,0.1211,Low,Synthetic Churn Risk Model,1.0,2026-06-30
CHN002162,CUS002162,Not Churn,0.0947,Low,Synthetic Churn Risk Model,1.0,2026-06-30
CHN002163,CUS002163,Not Churn,0.2716,Low,Synthetic Churn Risk Model,1.0,2026-06-30
CHN002164,CUS002164,Not Churn,0.3936,Medium,Synthetic Churn Risk Model,1.0,2026-06-30
CHN002165,CUS002165,Not Churn,0.399,Medium,Synthetic Churn Risk Model,1.0,2026-06-30
CHN002166,CUS002166,Not Churn,0.0157,Low,Synthetic Churn Risk Model,1.0,2026-06-30
CHN002167,CUS002167,Not Churn,0.4249,Medium,Synthetic Churn Risk Model,1.0,2026-06-30
CHN002168,CUS002168,Not Churn,0.0242,Low,Synthetic Churn Risk Model,1.0,2026-06-30
CHN002169,CUS002169,Not Churn,0.1213,Low,Synthetic Churn Risk Model,1.0,2026-06-30
CHN002170,CUS002170,Not Churn,0.4127,Medium,Synthetic Churn Risk Model,1.0,2026-06-30
CHN002171,CUS002171,Not Churn,0.0711,Low,Synthetic Churn Risk Model,1.0,2026-06-30
CHN002172,CUS002172,Not Churn,0.0548,Low,Synthetic Churn Risk Model,1.0,2026-06-30
CHN002173,CUS002173,Not Churn,0.0633,Low,Synthetic Churn Risk Model,1.0,2026-06-30
CHN002174,CUS002174,Not Churn,0.0189,Low,Synthetic Churn Risk Model,1.0,2026-06-30
CHN002175,CUS002175,Churn,0.7152,High,Synthetic Churn Risk Model,1.0,2026-06-30
CHN002176,CUS002176,Not Churn,0.4073,Medium,Synthetic Churn Risk Model,1.0,2026-06-30
CHN002177,CUS002177,Not Churn,0.1222,Low,Synthetic Churn Risk Model,1.0,2026-06-30
CHN002178,CUS002178,Not Churn,0.3023,Medium,Synthetic Churn Risk Model,1.0,2026-06-30
CHN002179,CUS002179,Not Churn,0.4208,Medium,Synthetic Churn Risk Model,1.0,2026-06-30
CHN002180,CUS002180,Not Churn,0.4083,Medium,Synthetic Churn Risk Model,1.0,2026-06-30
CHN002181,CUS002181,Not Churn,0.0438,Low,Synthetic Churn Risk Model,1.0,2026-06-30
CHN002182,CUS002182,Not Churn,0.1003,Low,Synthetic Churn Risk Model,1.0,2026-06-30
CHN002183,CUS002183,Not Churn,0.4233,Medium,Synthetic Churn Risk Model,1.0,2026-06-30
CHN002184,CUS002184,Not Churn,0.0636,Low,Synthetic Churn Risk Model,1.0,2026-06-30
CHN002185,CUS002185,Not Churn,0.3492,Medium,Synthetic Churn Risk Model,1.0,2026-06-30
CHN002186,CUS002186,Not Churn,0.1192,Low,Synthetic Churn Risk Model,1.0,2026-06-30
CHN002187,CUS002187,Not Churn,0.0686,Low,Synthetic Churn Risk Model,1.0,2026-06-30
CHN002188,CUS002188,Not Churn,0.1247,Low,Synthetic Churn Risk Model,1.0,2026-06-30
CHN002189,CUS002189,Not Churn,0.4203,Medium,Synthetic Churn Risk Model,1.0,2026-06-30
CHN002190,CUS002190,Not Churn,0.1054,Low,Synthetic Churn Risk Model,1.0,2026-06-30
CHN002191,CUS002191,Not Churn,0.2586,Low,Synthetic Churn Risk Model,1.0,2026-06-30
CHN002192,CUS002192,Not Churn,0.4057,Medium,Synthetic Churn Risk Model,1.0,2026-06-30
CHN002193,CUS002193,Not Churn,0.1685,Low,Synthetic Churn Risk Model,1.0,2026-06-30
CHN002194,CUS002194,Not Churn,0.0782,Low,Synthetic Churn Risk Model,1.0,2026-06-30
CHN002195,CUS002195,Not Churn,0.1622,Low,Synthetic Churn Risk Model,1.0,2026-06-30
CHN002196,CUS002196,Not Churn,0.0597,Low,Synthetic Churn Risk Model,1.0,2026-06-30
CHN002197,CUS002197,Not Churn,0.3432,Medium,Synthetic Churn Risk Model,1.0,2026-06-30
CHN002198,CUS002198,Churn,0.871,High,Synthetic Churn Risk Model,1.0,2026-06-30
CHN002199,CUS002199,Not Churn,0.0338,Low,Synthetic Churn Risk Model,1.0,2026-06-30
CHN002200,CUS002200,Not Churn,0.2209,Low,Synthetic Churn Risk Model,1.0,2026-06-30
CHN002201,CUS002201,Not Churn,0.4139,Medium,Synthetic Churn Risk Model,1.0,2026-06-30
CHN002202,CUS002202,Not Churn,0.0092,Low,Synthetic Churn Risk Model,1.0,2026-06-30
CHN002203,CUS002203,Not Churn,0.0184,Low,Synthetic Churn Risk Model,1.0,2026-06-30
CHN002204,CUS002204,Not Churn,0.4397,Medium,Synthetic Churn Risk Model,1.0,2026-06-30
CHN002205,CUS002205,Not Churn,0.5303,Medium,Synthetic Churn Risk Model,1.0,2026-06-30
CHN002206,CUS002206,Not Churn,0.0692,Low,Synthetic Churn Risk Model,1.0,2026-06-30
CHN002207,CUS002207,Not Churn,0.4115,Medium,Synthetic Churn Risk Model,1.0,2026-06-30
CHN002208,CUS002208,Not Churn,0.0283,Low,Synthetic Churn Risk Model,1.0,2026-06-30
CHN002209,CUS002209,Not Churn,0.0166,Low,Synthetic Churn Risk Model,1.0,2026-06-30
CHN002210,CUS002210,Not Churn,0.0446,Low,Synthetic Churn Risk Model,1.0,2026-06-30
CHN002211,CUS002211,Not Churn,0.2108,Low,Synthetic Churn Risk Model,1.0,2026-06-30
CHN002212,CUS002212,Not Churn,0.4301,Medium,Synthetic Churn Risk Model,1.0,2026-06-30
CHN002213,CUS002213,Not Churn,0.417,Medium,Synthetic Churn Risk Model,1.0,2026-06-30
CHN002214,CUS002214,Not Churn,0.4222,Medium,Synthetic Churn Risk Model,1.0,2026-06-30
CHN002215,CUS002215,Not Churn,0.0286,Low,Synthetic Churn Risk Model,1.0,2026-06-30
CHN002216,CUS002216,Not Churn,0.0077,Low,Synthetic Churn Risk Model,1.0,2026-06-30
CHN002217,CUS002217,Not Churn,0.4025,Medium,Synthetic Churn Risk Model,1.0,2026-06-30
CHN002218,CUS002218,Not Churn,0.0771,Low,Synthetic Churn Risk Model,1.0,2026-06-30
CHN002219,CUS002219,Not Churn,0.0501,Low,Synthetic Churn Risk Model,1.0,2026-06-30
CHN002220,CUS002220,Not Churn,0.0677,Low,Synthetic Churn Risk Model,1.0,2026-06-30
CHN002221,CUS002221,Not Churn,0.4095,Medium,Synthetic Churn Risk Model,1.0,2026-06-30
CHN002222,CUS002222,Not Churn,0.0593,Low,Synthetic Churn Risk Model,1.0,2026-06-30
CHN002223,CUS002223,Not Churn,0.051,Low,Synthetic Churn Risk Model,1.0,2026-06-30
CHN002224,CUS002224,Not Churn,0.0534,Low,Synthetic Churn Risk Model,1.0,2026-06-30
CHN002225,CUS002225,Not Churn,0.0681,Low,Synthetic Churn Risk Model,1.0,2026-06-30
CHN002226,CUS002226,Not Churn,0.3027,Medium,Synthetic Churn Risk Model,1.0,2026-06-30
CHN002227,CUS002227,Not Churn,0.1009,Low,Synthetic Churn Risk Model,1.0,2026-06-30
CHN002228,CUS002228,Not Churn,0.0128,Low,Synthetic Churn Risk Model,1.0,2026-06-30
CHN002229,CUS002229,Not Churn,0.4156,Medium,Synthetic Churn Risk Model,1.0,2026-06-30
CHN002230,CUS002230,Not Churn,0.1987,Low,Synthetic Churn Risk Model,1.0,2026-06-30
CHN002231,CUS002231,Not Churn,0.056,Low,Synthetic Churn Risk Model,1.0,2026-06-30
CHN002232,CUS002232,Not Churn,0.1838,Low,Synthetic Churn Risk Model,1.0,2026-06-30
CHN002233,CUS002233,Not Churn,0.0743,Low,Synthetic Churn Risk Model,1.0,2026-06-30
CHN002234,CUS002234,Not Churn,0.5569,Medium,Synthetic Churn Risk Model,1.0,2026-06-30
CHN002235,CUS002235,Not Churn,0.1001,Low,Synthetic Churn Risk Model,1.0,2026-06-30
CHN002236,CUS002236,Not Churn,0.4241,Medium,Synthetic Churn Risk Model,1.0,2026-06-30
CHN002237,CUS002237,Not Churn,0.0921,Low,Synthetic Churn Risk Model,1.0,2026-06-30
CHN002238,CUS002238,Not Churn,0.071,Low,Synthetic Churn Risk Model,1.0,2026-06-30
CHN002239,CUS002239,Not Churn,0.1483,Low,Synthetic Churn Risk Model,1.0,2026-06-30
CHN002240,CUS002240,Not Churn,0.0053,Low,Synthetic Churn Risk Model,1.0,2026-06-30
CHN002241,CUS002241,Not Churn,0.0441,Low,Synthetic Churn Risk Model,1.0,2026-06-30
CHN002242,CUS002242,Not Churn,0.0255,Low,Synthetic Churn Risk Model,1.0,2026-06-30
CHN002243,CUS002243,Not Churn,0.0049,Low,Synthetic Churn Risk Model,1.0,2026-06-30
CHN002244,CUS002244,Not Churn,0.4126,Medium,Synthetic Churn Risk Model,1.0,2026-06-30
CHN002245,CUS002245,Not Churn,0.1017,Low,Synthetic Churn Risk Model,1.0,2026-06-30
CHN002246,CUS002246,Not Churn,0.4061,Medium,Synthetic Churn Risk Model,1.0,2026-06-30
CHN002247,CUS002247,Not Churn,0.4201,Medium,Synthetic Churn Risk Model,1.0,2026-06-30
CHN002248,CUS002248,Not Churn,0.1001,Low,Synthetic Churn Risk Model,1.0,2026-06-30
CHN002249,CUS002249,Not Churn,0.0827,Low,Synthetic Churn Risk Model,1.0,2026-06-30
CHN002250,CUS002250,Not Churn,0.0274,Low,Synthetic Churn Risk Model,1.0,2026-06-30
CHN002251,CUS002251,Not Churn,0.0509,Low,Synthetic Churn Risk Model,1.0,2026-06-30
CHN002252,CUS002252,Not Churn,0.4177,Medium,Synthetic Churn Risk Model,1.0,2026-06-30
CHN002253,CUS002253,Not Churn,0.4093,Medium,Synthetic Churn Risk Model,1.0,2026-06-30
CHN002254,CUS002254,Not Churn,0.1024,Low,Synthetic Churn Risk Model,1.0,2026-06-30
CHN002255,CUS002255,Not Churn,0.4447,Medium,Synthetic Churn Risk Model,1.0,2026-06-30
CHN002256,CUS002256,Not Churn,0.0358,Low,Synthetic Churn Risk Model,1.0,2026-06-30
CHN002257,CUS002257,Not Churn,0.4057,Medium,Synthetic Churn Risk Model,1.0,2026-06-30
CHN002258,CUS002258,Not Churn,0.4077,Medium,Synthetic Churn Risk Model,1.0,2026-06-30
CHN002259,CUS002259,Churn,0.6052,High,Synthetic Churn Risk Model,1.0,2026-06-30
CHN002260,CUS002260,Not Churn,0.399,Medium,Synthetic Churn Risk Model,1.0,2026-06-30
CHN002261,CUS002261,Not Churn,0.0588,Low,Synthetic Churn Risk Model,1.0,2026-06-30
CHN002262,CUS002262,Not Churn,0.2142,Low,Synthetic Churn Risk Model,1.0,2026-06-30
CHN002263,CUS002263,Not Churn,0.3207,Medium,Synthetic Churn Risk Model,1.0,2026-06-30
CHN002264,CUS002264,Not Churn,0.1499,Low,Synthetic Churn Risk Model,1.0,2026-06-30
CHN002265,CUS002265,Not Churn,0.1242,Low,Synthetic Churn Risk Model,1.0,2026-06-30
CHN002266,CUS002266,Not Churn,0.1258,Low,Synthetic Churn Risk Model,1.0,2026-06-30
CHN002267,CUS002267,Not Churn,0.126,Low,Synthetic Churn Risk Model,1.0,2026-06-30
CHN002268,CUS002268,Not Churn,0.4346,Medium,Synthetic Churn Risk Model,1.0,2026-06-30
CHN002269,CUS002269,Not Churn,0.0383,Low,Synthetic Churn Risk Model,1.0,2026-06-30
CHN002270,CUS002270,Not Churn,0.1801,Low,Synthetic Churn Risk Model,1.0,2026-06-30
CHN002271,CUS002271,Not Churn,0.1636,Low,Synthetic Churn Risk Model,1.0,2026-06-30
CHN002272,CUS002272,Not Churn,0.1557,Low,Synthetic Churn Risk Model,1.0,2026-06-30
CHN002273,CUS002273,Not Churn,0.4221,Medium,Synthetic Churn Risk Model,1.0,2026-06-30
CHN002274,CUS002274,Not Churn,0.0577,Low,Synthetic Churn Risk Model,1.0,2026-06-30
CHN002275,CUS002275,Not Churn,0.1512,Low,Synthetic Churn Risk Model,1.0,2026-06-30
CHN002276,CUS002276,Not Churn,0.2861,Low,Synthetic Churn Risk Model,1.0,2026-06-30
CHN002277,CUS002277,Not Churn,0.0309,Low,Synthetic Churn Risk Model,1.0,2026-06-30
CHN002278,CUS002278,Not Churn,0.4055,Medium,Synthetic Churn Risk Model,1.0,2026-06-30
CHN002279,CUS002279,Not Churn,0.0186,Low,Synthetic Churn Risk Model,1.0,2026-06-30
CHN002280,CUS002280,Not Churn,0.238,Low,Synthetic Churn Risk Model,1.0,2026-06-30
CHN002281,CUS002281,Not Churn,0.3947,Medium,Synthetic Churn Risk Model,1.0,2026-06-30
CHN002282,CUS002282,Not Churn,0.4187,Medium,Synthetic Churn Risk Model,1.0,2026-06-30
CHN002283,CUS002283,Not Churn,0.065,Low,Synthetic Churn Risk Model,1.0,2026-06-30
CHN002284,CUS002284,Not Churn,0.4199,Medium,Synthetic Churn Risk Model,1.0,2026-06-30
CHN002285,CUS002285,Not Churn,0.297,Low,Synthetic Churn Risk Model,1.0,2026-06-30
CHN002286,CUS002286,Not Churn,0.1414,Low,Synthetic Churn Risk Model,1.0,2026-06-30
CHN002287,CUS002287,Not Churn,0.0502,Low,Synthetic Churn Risk Model,1.0,2026-06-30
CHN002288,CUS002288,Not Churn,0.054,Low,Synthetic Churn Risk Model,1.0,2026-06-30
CHN002289,CUS002289,Not Churn,0.0551,Low,Synthetic Churn Risk Model,1.0,2026-06-30
CHN002290,CUS002290,Not Churn,0.427,Medium,Synthetic Churn Risk Model,1.0,2026-06-30
CHN002291,CUS002291,Not Churn,0.3938,Medium,Synthetic Churn Risk Model,1.0,2026-06-30
CHN002292,CUS002292,Not Churn,0.038,Low,Synthetic Churn Risk Model,1.0,2026-06-30
CHN002293,CUS002293,Not Churn,0.4214,Medium,Synthetic Churn Risk Model,1.0,2026-06-30
CHN002294,CUS002294,Not Churn,0.2488,Low,Synthetic Churn Risk Model,1.0,2026-06-30
CHN002295,CUS002295,Not Churn,0.3911,Medium,Synthetic Churn Risk Model,1.0,2026-06-30
CHN002296,CUS002296,Not Churn,0.0042,Low,Synthetic Churn Risk Model,1.0,2026-06-30
CHN002297,CUS002297,Not Churn,0.1226,Low,Synthetic Churn Risk Model,1.0,2026-06-30
CHN002298,CUS002298,Not Churn,0.0349,Low,Synthetic Churn Risk Model,1.0,2026-06-30
CHN002299,CUS002299,Not Churn,0.3592,Medium,Synthetic Churn Risk Model,1.0,2026-06-30
CHN002300,CUS002300,Not Churn,0.0848,Low,Synthetic Churn Risk Model,1.0,2026-06-30
CHN002301,CUS002301,Not Churn,0.1015,Low,Synthetic Churn Risk Model,1.0,2026-06-30
CHN002302,CUS002302,Not Churn,0.1224,Low,Synthetic Churn Risk Model,1.0,2026-06-30
CHN002303,CUS002303,Not Churn,0.3993,Medium,Synthetic Churn Risk Model,1.0,2026-06-30
CHN002304,CUS002304,Not Churn,0.0613,Low,Synthetic Churn Risk Model,1.0,2026-06-30
CHN002305,CUS002305,Not Churn,0.1538,Low,Synthetic Churn Risk Model,1.0,2026-06-30
CHN002306,CUS002306,Not Churn,0.1363,Low,Synthetic Churn Risk Model,1.0,2026-06-30
CHN002307,CUS002307,Not Churn,0.1431,Low,Synthetic Churn Risk Model,1.0,2026-06-30
CHN002308,CUS002308,Not Churn,0.0178,Low,Synthetic Churn Risk Model,1.0,2026-06-30
CHN002309,CUS002309,Not Churn,0.013,Low,Synthetic Churn Risk Model,1.0,2026-06-30
CHN002310,CUS002310,Not Churn,0.0171,Low,Synthetic Churn Risk Model,1.0,2026-06-30
CHN002311,CUS002311,Not Churn,0.0646,Low,Synthetic Churn Risk Model,1.0,2026-06-30
CHN002312,CUS002312,Not Churn,0.095,Low,Synthetic Churn Risk Model,1.0,2026-06-30
CHN002313,CUS002313,Not Churn,0.3424,Medium,Synthetic Churn Risk Model,1.0,2026-06-30
CHN002314,CUS002314,Not Churn,0.2455,Low,Synthetic Churn Risk Model,1.0,2026-06-30
CHN002315,CUS002315,Not Churn,0.0469,Low,Synthetic Churn Risk Model,1.0,2026-06-30
CHN002316,CUS002316,Not Churn,0.0813,Low,Synthetic Churn Risk Model,1.0,2026-06-30
CHN002317,CUS002317,Not Churn,0.1061,Low,Synthetic Churn Risk Model,1.0,2026-06-30
CHN002318,CUS002318,Not Churn,0.4426,Medium,Synthetic Churn Risk Model,1.0,2026-06-30
CHN002319,CUS002319,Not Churn,0.0657,Low,Synthetic Churn Risk Model,1.0,2026-06-30
CHN002320,CUS002320,Not Churn,0.0606,Low,Synthetic Churn Risk Model,1.0,2026-06-30
CHN002321,CUS002321,Not Churn,0.4109,Medium,Synthetic Churn Risk Model,1.0,2026-06-30
CHN002322,CUS002322,Not Churn,0.0103,Low,Synthetic Churn Risk Model,1.0,2026-06-30
CHN002323,CUS002323,Not Churn,0.4054,Medium,Synthetic Churn Risk Model,1.0,2026-06-30
CHN002324,CUS002324,Not Churn,0.417,Medium,Synthetic Churn Risk Model,1.0,2026-06-30
CHN002325,CUS002325,Not Churn,0.4151,Medium,Synthetic Churn Risk Model,1.0,2026-06-30
CHN002326,CUS002326,Not Churn,0.0482,Low,Synthetic Churn Risk Model,1.0,2026-06-30
CHN002327,CUS002327,Not Churn,0.0231,Low,Synthetic Churn Risk Model,1.0,2026-06-30
CHN002328,CUS002328,Not Churn,0.1452,Low,Synthetic Churn Risk Model,1.0,2026-06-30
CHN002329,CUS002329,Not Churn,0.0706,Low,Synthetic Churn Risk Model,1.0,2026-06-30
CHN002330,CUS002330,Not Churn,0.1273,Low,Synthetic Churn Risk Model,1.0,2026-06-30
CHN002331,CUS002331,Not Churn,0.0363,Low,Synthetic Churn Risk Model,1.0,2026-06-30
CHN002332,CUS002332,Not Churn,0.4936,Medium,Synthetic Churn Risk Model,1.0,2026-06-30
CHN002333,CUS002333,Not Churn,0.4026,Medium,Synthetic Churn Risk Model,1.0,2026-06-30
CHN002334,CUS002334,Not Churn,0.1362,Low,Synthetic Churn Risk Model,1.0,2026-06-30
CHN002335,CUS002335,Not Churn,0.3931,Medium,Synthetic Churn Risk Model,1.0,2026-06-30
CHN002336,CUS002336,Not Churn,0.405,Medium,Synthetic Churn Risk Model,1.0,2026-06-30
CHN002337,CUS002337,Not Churn,0.4088,Medium,Synthetic Churn Risk Model,1.0,2026-06-30
CHN002338,CUS002338,Not Churn,0.099,Low,Synthetic Churn Risk Model,1.0,2026-06-30
CHN002339,CUS002339,Not Churn,0.0196,Low,Synthetic Churn Risk Model,1.0,2026-06-30
CHN002340,CUS002340,Not Churn,0.4193,Medium,Synthetic Churn Risk Model,1.0,2026-06-30
CHN002341,CUS002341,Not Churn,0.4896,Medium,Synthetic Churn Risk Model,1.0,2026-06-30
CHN002342,CUS002342,Not Churn,0.0895,Low,Synthetic Churn Risk Model,1.0,2026-06-30
CHN002343,CUS002343,Not Churn,0.2667,Low,Synthetic Churn Risk Model,1.0,2026-06-30
CHN002344,CUS002344,Not Churn,0.1305,Low,Synthetic Churn Risk Model,1.0,2026-06-30
CHN002345,CUS002345,Not Churn,0.0351,Low,Synthetic Churn Risk Model,1.0,2026-06-30
CHN002346,CUS002346,Not Churn,0.0317,Low,Synthetic Churn Risk Model,1.0,2026-06-30
CHN002347,CUS002347,Not Churn,0.2258,Low,Synthetic Churn Risk Model,1.0,2026-06-30
CHN002348,CUS002348,Not Churn,0.0796,Low,Synthetic Churn Risk Model,1.0,2026-06-30
CHN002349,CUS002349,Not Churn,0.0521,Low,Synthetic Churn Risk Model,1.0,2026-06-30
CHN002350,CUS002350,Not Churn,0.4145,Medium,Synthetic Churn Risk Model,1.0,2026-06-30
CHN002351,CUS002351,Not Churn,0.031,Low,Synthetic Churn Risk Model,1.0,2026-06-30
CHN002352,CUS002352,Not Churn,0.4212,Medium,Synthetic Churn Risk Model,1.0,2026-06-30
CHN002353,CUS002353,Not Churn,0.0828,Low,Synthetic Churn Risk Model,1.0,2026-06-30
CHN002354,CUS002354,Not Churn,0.1273,Low,Synthetic Churn Risk Model,1.0,2026-06-30
CHN002355,CUS002355,Not Churn,0.1045,Low,Synthetic Churn Risk Model,1.0,2026-06-30
CHN002356,CUS002356,Not Churn,0.0481,Low,Synthetic Churn Risk Model,1.0,2026-06-30
CHN002357,CUS002357,Not Churn,0.0824,Low,Synthetic Churn Risk Model,1.0,2026-06-30
CHN002358,CUS002358,Not Churn,0.1816,Low,Synthetic Churn Risk Model,1.0,2026-06-30
CHN002359,CUS002359,Not Churn,0.4106,Medium,Synthetic Churn Risk Model,1.0,2026-06-30
CHN002360,CUS002360,Not Churn,0.0423,Low,Synthetic Churn Risk Model,1.0,2026-06-30
CHN002361,CUS002361,Not Churn,0.0291,Low,Synthetic Churn Risk Model,1.0,2026-06-30
CHN002362,CUS002362,Not Churn,0.2313,Low,Synthetic Churn Risk Model,1.0,2026-06-30
CHN002363,CUS002363,Not Churn,0.4296,Medium,Synthetic Churn Risk Model,1.0,2026-06-30
CHN002364,CUS002364,Not Churn,0.0807,Low,Synthetic Churn Risk Model,1.0,2026-06-30
CHN002365,CUS002365,Not Churn,0.0825,Low,Synthetic Churn Risk Model,1.0,2026-06-30
CHN002366,CUS002366,Not Churn,0.1156,Low,Synthetic Churn Risk Model,1.0,2026-06-30
CHN002367,CUS002367,Not Churn,0.2059,Low,Synthetic Churn Risk Model,1.0,2026-06-30
CHN002368,CUS002368,Not Churn,0.0315,Low,Synthetic Churn Risk Model,1.0,2026-06-30
CHN002369,CUS002369,Not Churn,0.0158,Low,Synthetic Churn Risk Model,1.0,2026-06-30
CHN002370,CUS002370,Not Churn,0.4178,Medium,Synthetic Churn Risk Model,1.0,2026-06-30
CHN002371,CUS002371,Not Churn,0.0793,Low,Synthetic Churn Risk Model,1.0,2026-06-30
CHN002372,CUS002372,Not Churn,0.4191,Medium,Synthetic Churn Risk Model,1.0,2026-06-30
CHN002373,CUS002373,Not Churn,0.1194,Low,Synthetic Churn Risk Model,1.0,2026-06-30
CHN002374,CUS002374,Not Churn,0.0998,Low,Synthetic Churn Risk Model,1.0,2026-06-30
CHN002375,CUS002375,Not Churn,0.1438,Low,Synthetic Churn Risk Model,1.0,2026-06-30
CHN002376,CUS002376,Not Churn,0.1395,Low,Synthetic Churn Risk Model,1.0,2026-06-30
CHN002377,CUS002377,Not Churn,0.1055,Low,Synthetic Churn Risk Model,1.0,2026-06-30
CHN002378,CUS002378,Not Churn,0.1078,Low,Synthetic Churn Risk Model,1.0,2026-06-30
CHN002379,CUS002379,Not Churn,0.0219,Low,Synthetic Churn Risk Model,1.0,2026-06-30
CHN002380,CUS002380,Not Churn,0.0203,Low,Synthetic Churn Risk Model,1.0,2026-06-30
CHN002381,CUS002381,Not Churn,0.4113,Medium,Synthetic Churn Risk Model,1.0,2026-06-30
CHN002382,CUS002382,Not Churn,0.0081,Low,Synthetic Churn Risk Model,1.0,2026-06-30
CHN002383,CUS002383,Not Churn,0.0301,Low,Synthetic Churn Risk Model,1.0,2026-06-30
CHN002384,CUS002384,Not Churn,0.2074,Low,Synthetic Churn Risk Model,1.0,2026-06-30
CHN002385,CUS002385,Not Churn,0.3913,Medium,Synthetic Churn Risk Model,1.0,2026-06-30
CHN002386,CUS002386,Not Churn,0.0428,Low,Synthetic Churn Risk Model,1.0,2026-06-30
CHN002387,CUS002387,Not Churn,0.1725,Low,Synthetic Churn Risk Model,1.0,2026-06-30
CHN002388,CUS002388,Not Churn,0.0778,Low,Synthetic Churn Risk Model,1.0,2026-06-30
CHN002389,CUS002389,Not Churn,0.5624,Medium,Synthetic Churn Risk Model,1.0,2026-06-30
CHN002390,CUS002390,Not Churn,0.4001,Medium,Synthetic Churn Risk Model,1.0,2026-06-30
CHN002391,CUS002391,Not Churn,0.4223,Medium,Synthetic Churn Risk Model,1.0,2026-06-30
CHN002392,CUS002392,Not Churn,0.0507,Low,Synthetic Churn Risk Model,1.0,2026-06-30
CHN002393,CUS002393,Not Churn,0.1719,Low,Synthetic Churn Risk Model,1.0,2026-06-30
CHN002394,CUS002394,Not Churn,0.4102,Medium,Synthetic Churn Risk Model,1.0,2026-06-30
CHN002395,CUS002395,Not Churn,0.0787,Low,Synthetic Churn Risk Model,1.0,2026-06-30
CHN002396,CUS002396,Not Churn,0.4204,Medium,Synthetic Churn Risk Model,1.0,2026-06-30
CHN002397,CUS002397,Not Churn,0.4105,Medium,Synthetic Churn Risk Model,1.0,2026-06-30
CHN002398,CUS002398,Not Churn,0.0825,Low,Synthetic Churn Risk Model,1.0,2026-06-30
CHN002399,CUS002399,Not Churn,0.4134,Medium,Synthetic Churn Risk Model,1.0,2026-06-30
CHN002400,CUS002400,Not Churn,0.4267,Medium,Synthetic Churn Risk Model,1.0,2026-06-30
CHN002401,CUS002401,Not Churn,0.4069,Medium,Synthetic Churn Risk Model,1.0,2026-06-30
CHN002402,CUS002402,Not Churn,0.3799,Medium,Synthetic Churn Risk Model,1.0,2026-06-30
CHN002403,CUS002403,Not Churn,0.0969,Low,Synthetic Churn Risk Model,1.0,2026-06-30
CHN002404,CUS002404,Not Churn,0.1166,Low,Synthetic Churn Risk Model,1.0,2026-06-30
CHN002405,CUS002405,Not Churn,0.044,Low,Synthetic Churn Risk Model,1.0,2026-06-30
CHN002406,CUS002406,Not Churn,0.0621,Low,Synthetic Churn Risk Model,1.0,2026-06-30
CHN002407,CUS002407,Not Churn,0.041,Low,Synthetic Churn Risk Model,1.0,2026-06-30
CHN002408,CUS002408,Not Churn,0.1703,Low,Synthetic Churn Risk Model,1.0,2026-06-30
CHN002409,CUS002409,Not Churn,0.2666,Low,Synthetic Churn Risk Model,1.0,2026-06-30
CHN002410,CUS002410,Not Churn,0.0826,Low,Synthetic Churn Risk Model,1.0,2026-06-30
CHN002411,CUS002411,Not Churn,0.2314,Low,Synthetic Churn Risk Model,1.0,2026-06-30
CHN002412,CUS002412,Not Churn,0.3943,Medium,Synthetic Churn Risk Model,1.0,2026-06-30
CHN002413,CUS002413,Not Churn,0.2216,Low,Synthetic Churn Risk Model,1.0,2026-06-30
CHN002414,CUS002414,Not Churn,0.4134,Medium,Synthetic Churn Risk Model,1.0,2026-06-30
CHN002415,CUS002415,Not Churn,0.0855,Low,Synthetic Churn Risk Model,1.0,2026-06-30
CHN002416,CUS002416,Not Churn,0.066,Low,Synthetic Churn Risk Model,1.0,2026-06-30
CHN002417,CUS002417,Not Churn,0.4261,Medium,Synthetic Churn Risk Model,1.0,2026-06-30
CHN002418,CUS002418,Not Churn,0.0308,Low,Synthetic Churn Risk Model,1.0,2026-06-30
CHN002419,CUS002419,Not Churn,0.4197,Medium,Synthetic Churn Risk Model,1.0,2026-06-30
CHN002420,CUS002420,Not Churn,0.1207,Low,Synthetic Churn Risk Model,1.0,2026-06-30
CHN002421,CUS002421,Not Churn,0.4162,Medium,Synthetic Churn Risk Model,1.0,2026-06-30
CHN002422,CUS002422,Not Churn,0.4102,Medium,Synthetic Churn Risk Model,1.0,2026-06-30
CHN002423,CUS002423,Not Churn,0.5758,Medium,Synthetic Churn Risk Model,1.0,2026-06-30
CHN002424,CUS002424,Not Churn,0.0647,Low,Synthetic Churn Risk Model,1.0,2026-06-30
CHN002425,CUS002425,Not Churn,0.0958,Low,Synthetic Churn Risk Model,1.0,2026-06-30
CHN002426,CUS002426,Not Churn,0.1016,Low,Synthetic Churn Risk Model,1.0,2026-06-30
CHN002427,CUS002427,Not Churn,0.2589,Low,Synthetic Churn Risk Model,1.0,2026-06-30
CHN002428,CUS002428,Not Churn,0.0703,Low,Synthetic Churn Risk Model,1.0,2026-06-30
CHN002429,CUS002429,Not Churn,0.0232,Low,Synthetic Churn Risk Model,1.0,2026-06-30
CHN002430,CUS002430,Not Churn,0.4045,Medium,Synthetic Churn Risk Model,1.0,2026-06-30
CHN002431,CUS002431,Not Churn,0.0831,Low,Synthetic Churn Risk Model,1.0,2026-06-30
CHN002432,CUS002432,Not Churn,0.0555,Low,Synthetic Churn Risk Model,1.0,2026-06-30
CHN002433,CUS002433,Not Churn,0.0663,Low,Synthetic Churn Risk Model,1.0,2026-06-30
CHN002434,CUS002434,Not Churn,0.4893,Medium,Synthetic Churn Risk Model,1.0,2026-06-30
CHN002435,CUS002435,Not Churn,0.0982,Low,Synthetic Churn Risk Model,1.0,2026-06-30
CHN002436,CUS002436,Not Churn,0.1994,Low,Synthetic Churn Risk Model,1.0,2026-06-30
CHN002437,CUS002437,Not Churn,0.0287,Low,Synthetic Churn Risk Model,1.0,2026-06-30
CHN002438,CUS002438,Not Churn,0.4133,Medium,Synthetic Churn Risk Model,1.0,2026-06-30
CHN002439,CUS002439,Not Churn,0.1216,Low,Synthetic Churn Risk Model,1.0,2026-06-30
CHN002440,CUS002440,Not Churn,0.4096,Medium,Synthetic Churn Risk Model,1.0,2026-06-30
CHN002441,CUS002441,Not Churn,0.0741,Low,Synthetic Churn Risk Model,1.0,2026-06-30
CHN002442,CUS002442,Not Churn,0.0722,Low,Synthetic Churn Risk Model,1.0,2026-06-30
CHN002443,CUS002443,Not Churn,0.429,Medium,Synthetic Churn Risk Model,1.0,2026-06-30
CHN002444,CUS002444,Not Churn,0.1611,Low,Synthetic Churn Risk Model,1.0,2026-06-30
CHN002445,CUS002445,Not Churn,0.0552,Low,Synthetic Churn Risk Model,1.0,2026-06-30
CHN002446,CUS002446,Not Churn,0.4106,Medium,Synthetic Churn Risk Model,1.0,2026-06-30
CHN002447,CUS002447,Not Churn,0.0405,Low,Synthetic Churn Risk Model,1.0,2026-06-30
CHN002448,CUS002448,Not Churn,0.3894,Medium,Synthetic Churn Risk Model,1.0,2026-06-30
CHN002449,CUS002449,Not Churn,0.4138,Medium,Synthetic Churn Risk Model,1.0,2026-06-30
CHN002450,CUS002450,Not Churn,0.4071,Medium,Synthetic Churn Risk Model,1.0,2026-06-30
CHN002451,CUS002451,Not Churn,0.1261,Low,Synthetic Churn Risk Model,1.0,2026-06-30
CHN002452,CUS002452,Not Churn,0.1301,Low,Synthetic Churn Risk Model,1.0,2026-06-30
CHN002453,CUS002453,Not Churn,0.0686,Low,Synthetic Churn Risk Model,1.0,2026-06-30
CHN002454,CUS002454,Not Churn,0.1378,Low,Synthetic Churn Risk Model,1.0,2026-06-30
CHN002455,CUS002455,Churn,0.6183,High,Synthetic Churn Risk Model,1.0,2026-06-30
CHN002456,CUS002456,Not Churn,0.4336,Medium,Synthetic Churn Risk Model,1.0,2026-06-30
CHN002457,CUS002457,Not Churn,0.0399,Low,Synthetic Churn Risk Model,1.0,2026-06-30
CHN002458,CUS002458,Not Churn,0.3425,Medium,Synthetic Churn Risk Model,1.0,2026-06-30
CHN002459,CUS002459,Not Churn,0.0226,Low,Synthetic Churn Risk Model,1.0,2026-06-30
CHN002460,CUS002460,Not Churn,0.3103,Medium,Synthetic Churn Risk Model,1.0,2026-06-30
CHN002461,CUS002461,Not Churn,0.109,Low,Synthetic Churn Risk Model,1.0,2026-06-30
CHN002462,CUS002462,Not Churn,0.0131,Low,Synthetic Churn Risk Model,1.0,2026-06-30
CHN002463,CUS002463,Not Churn,0.1158,Low,Synthetic Churn Risk Model,1.0,2026-06-30
CHN002464,CUS002464,Not Churn,0.4132,Medium,Synthetic Churn Risk Model,1.0,2026-06-30
CHN002465,CUS002465,Not Churn,0.0196,Low,Synthetic Churn Risk Model,1.0,2026-06-30
CHN002466,CUS002466,Not Churn,0.4059,Medium,Synthetic Churn Risk Model,1.0,2026-06-30
CHN002467,CUS002467,Not Churn,0.0486,Low,Synthetic Churn Risk Model,1.0,2026-06-30
CHN002468,CUS002468,Not Churn,0.0259,Low,Synthetic Churn Risk Model,1.0,2026-06-30
CHN002469,CUS002469,Not Churn,0.3431,Medium,Synthetic Churn Risk Model,1.0,2026-06-30
CHN002470,CUS002470,Not Churn,0.4055,Medium,Synthetic Churn Risk Model,1.0,2026-06-30
CHN002471,CUS002471,Not Churn,0.2668,Low,Synthetic Churn Risk Model,1.0,2026-06-30
CHN002472,CUS002472,Not Churn,0.0424,Low,Synthetic Churn Risk Model,1.0,2026-06-30
CHN002473,CUS002473,Not Churn,0.0595,Low,Synthetic Churn Risk Model,1.0,2026-06-30
CHN002474,CUS002474,Churn,0.7541,High,Synthetic Churn Risk Model,1.0,2026-06-30
CHN002475,CUS002475,Not Churn,0.264,Low,Synthetic Churn Risk Model,1.0,2026-06-30
CHN002476,CUS002476,Not Churn,0.1053,Low,Synthetic Churn Risk Model,1.0,2026-06-30
CHN002477,CUS002477,Not Churn,0.1231,Low,Synthetic Churn Risk Model,1.0,2026-06-30
CHN002478,CUS002478,Not Churn,0.0492,Low,Synthetic Churn Risk Model,1.0,2026-06-30
CHN002479,CUS002479,Not Churn,0.0353,Low,Synthetic Churn Risk Model,1.0,2026-06-30
CHN002480,CUS002480,Not Churn,0.0778,Low,Synthetic Churn Risk Model,1.0,2026-06-30
CHN002481,CUS002481,Not Churn,0.1224,Low,Synthetic Churn Risk Model,1.0,2026-06-30
CHN002482,CUS002482,Not Churn,0.0644,Low,Synthetic Churn Risk Model,1.0,2026-06-30
CHN002483,CUS002483,Not Churn,0.2065,Low,Synthetic Churn Risk Model,1.0,2026-06-30
CHN002484,CUS002484,Not Churn,0.4193,Medium,Synthetic Churn Risk Model,1.0,2026-06-30
CHN002485,CUS002485,Not Churn,0.1516,Low,Synthetic Churn Risk Model,1.0,2026-06-30
CHN002486,CUS002486,Not Churn,0.1081,Low,Synthetic Churn Risk Model,1.0,2026-06-30
CHN002487,CUS002487,Not Churn,0.3316,Medium,Synthetic Churn Risk Model,1.0,2026-06-30
CHN002488,CUS002488,Not Churn,0.4259,Medium,Synthetic Churn Risk Model,1.0,2026-06-30
CHN002489,CUS002489,Not Churn,0.4249,Medium,Synthetic Churn Risk Model,1.0,2026-06-30
CHN002490,CUS002490,Not Churn,0.0867,Low,Synthetic Churn Risk Model,1.0,2026-06-30
CHN002491,CUS002491,Not Churn,0.2008,Low,Synthetic Churn Risk Model,1.0,2026-06-30
CHN002492,CUS002492,Not Churn,0.0665,Low,Synthetic Churn Risk Model,1.0,2026-06-30
CHN002493,CUS002493,Not Churn,0.0512,Low,Synthetic Churn Risk Model,1.0,2026-06-30
CHN002494,CUS002494,Not Churn,0.3907,Medium,Synthetic Churn Risk Model,1.0,2026-06-30
CHN002495,CUS002495,Not Churn,0.057,Low,Synthetic Churn Risk Model,1.0,2026-06-30
CHN002496,CUS002496,Not Churn,0.3956,Medium,Synthetic Churn Risk Model,1.0,2026-06-30
CHN002497,CUS002497,Not Churn,0.428,Medium,Synthetic Churn Risk Model,1.0,2026-06-30
CHN002498,CUS002498,Not Churn,0.4413,Medium,Synthetic Churn Risk Model,1.0,2026-06-30
CHN002499,CUS002499,Not Churn,0.0915,Low,Synthetic Churn Risk Model,1.0,2026-06-30
CHN002500,CUS002500,Not Churn,0.0113,Low,Synthetic Churn Risk Model,1.0,2026-06-30
CHN002501,CUS002501,Not Churn,0.0582,Low,Synthetic Churn Risk Model,1.0,2026-06-30
CHN002502,CUS002502,Not Churn,0.0068,Low,Synthetic Churn Risk Model,1.0,2026-06-30
CHN002503,CUS002503,Not Churn,0.4077,Medium,Synthetic Churn Risk Model,1.0,2026-06-30
CHN002504,CUS002504,Not Churn,0.1543,Low,Synthetic Churn Risk Model,1.0,2026-06-30
CHN002505,CUS002505,Not Churn,0.2932,Low,Synthetic Churn Risk Model,1.0,2026-06-30
CHN002506,CUS002506,Not Churn,0.1335,Low,Synthetic Churn Risk Model,1.0,2026-06-30
CHN002507,CUS002507,Not Churn,0.1736,Low,Synthetic Churn Risk Model,1.0,2026-06-30
CHN002508,CUS002508,Not Churn,0.4038,Medium,Synthetic Churn Risk Model,1.0,2026-06-30
CHN002509,CUS002509,Not Churn,0.4172,Medium,Synthetic Churn Risk Model,1.0,2026-06-30
CHN002510,CUS002510,Not Churn,0.3856,Medium,Synthetic Churn Risk Model,1.0,2026-06-30
CHN002511,CUS002511,Not Churn,0.0705,Low,Synthetic Churn Risk Model,1.0,2026-06-30
CHN002512,CUS002512,Not Churn,0.1411,Low,Synthetic Churn Risk Model,1.0,2026-06-30
CHN002513,CUS002513,Not Churn,0.4212,Medium,Synthetic Churn Risk Model,1.0,2026-06-30
CHN002514,CUS002514,Not Churn,0.4329,Medium,Synthetic Churn Risk Model,1.0,2026-06-30
CHN002515,CUS002515,Not Churn,0.0895,Low,Synthetic Churn Risk Model,1.0,2026-06-30
CHN002516,CUS002516,Not Churn,0.1568,Low,Synthetic Churn Risk Model,1.0,2026-06-30
CHN002517,CUS002517,Not Churn,0.243,Low,Synthetic Churn Risk Model,1.0,2026-06-30
CHN002518,CUS002518,Not Churn,0.0469,Low,Synthetic Churn Risk Model,1.0,2026-06-30
CHN002519,CUS002519,Not Churn,0.0104,Low,Synthetic Churn Risk Model,1.0,2026-06-30
CHN002520,CUS002520,Not Churn,0.0415,Low,Synthetic Churn Risk Model,1.0,2026-06-30
CHN002521,CUS002521,Not Churn,0.2487,Low,Synthetic Churn Risk Model,1.0,2026-06-30
CHN002522,CUS002522,Not Churn,0.0487,Low,Synthetic Churn Risk Model,1.0,2026-06-30
CHN002523,CUS002523,Not Churn,0.0949,Low,Synthetic Churn Risk Model,1.0,2026-06-30
CHN002524,CUS002524,Not Churn,0.5158,Medium,Synthetic Churn Risk Model,1.0,2026-06-30
CHN002525,CUS002525,Not Churn,0.2091,Low,Synthetic Churn Risk Model,1.0,2026-06-30
CHN002526,CUS002526,Churn,0.6047,High,Synthetic Churn Risk Model,1.0,2026-06-30
CHN002527,CUS002527,Not Churn,0.0278,Low,Synthetic Churn Risk Model,1.0,2026-06-30
CHN002528,CUS002528,Not Churn,0.4274,Medium,Synthetic Churn Risk Model,1.0,2026-06-30
CHN002529,CUS002529,Not Churn,0.161,Low,Synthetic Churn Risk Model,1.0,2026-06-30
CHN002530,CUS002530,Not Churn,0.1083,Low,Synthetic Churn Risk Model,1.0,2026-06-30
CHN002531,CUS002531,Not Churn,0.3976,Medium,Synthetic Churn Risk Model,1.0,2026-06-30
CHN002532,CUS002532,Not Churn,0.0268,Low,Synthetic Churn Risk Model,1.0,2026-06-30
CHN002533,CUS002533,Not Churn,0.125,Low,Synthetic Churn Risk Model,1.0,2026-06-30
CHN002534,CUS002534,Not Churn,0.0816,Low,Synthetic Churn Risk Model,1.0,2026-06-30
CHN002535,CUS002535,Not Churn,0.0185,Low,Synthetic Churn Risk Model,1.0,2026-06-30
CHN002536,CUS002536,Not Churn,0.214,Low,Synthetic Churn Risk Model,1.0,2026-06-30
CHN002537,CUS002537,Not Churn,0.442,Medium,Synthetic Churn Risk Model,1.0,2026-06-30
CHN002538,CUS002538,Not Churn,0.1032,Low,Synthetic Churn Risk Model,1.0,2026-06-30
CHN002539,CUS002539,Not Churn,0.0552,Low,Synthetic Churn Risk Model,1.0,2026-06-30
CHN002540,CUS002540,Not Churn,0.1102,Low,Synthetic Churn Risk Model,1.0,2026-06-30
CHN002541,CUS002541,Not Churn,0.4226,Medium,Synthetic Churn Risk Model,1.0,2026-06-30
CHN002542,CUS002542,Not Churn,0.3592,Medium,Synthetic Churn Risk Model,1.0,2026-06-30
CHN002543,CUS002543,Not Churn,0.3954,Medium,Synthetic Churn Risk Model,1.0,2026-06-30
CHN002544,CUS002544,Not Churn,0.0567,Low,Synthetic Churn Risk Model,1.0,2026-06-30
CHN002545,CUS002545,Not Churn,0.4099,Medium,Synthetic Churn Risk Model,1.0,2026-06-30
CHN002546,CUS002546,Not Churn,0.0692,Low,Synthetic Churn Risk Model,1.0,2026-06-30
CHN002547,CUS002547,Not Churn,0.1689,Low,Synthetic Churn Risk Model,1.0,2026-06-30
CHN002548,CUS002548,Not Churn,0.1534,Low,Synthetic Churn Risk Model,1.0,2026-06-30
CHN002549,CUS002549,Not Churn,0.4461,Medium,Synthetic Churn Risk Model,1.0,2026-06-30
CHN002550,CUS002550,Not Churn,0.0784,Low,Synthetic Churn Risk Model,1.0,2026-06-30
CHN002551,CUS002551,Not Churn,0.1669,Low,Synthetic Churn Risk Model,1.0,2026-06-30
CHN002552,CUS002552,Not Churn,0.2387,Low,Synthetic Churn Risk Model,1.0,2026-06-30
CHN002553,CUS002553,Not Churn,0.1076,Low,Synthetic Churn Risk Model,1.0,2026-06-30
CHN002554,CUS002554,Not Churn,0.4229,Medium,Synthetic Churn Risk Model,1.0,2026-06-30
CHN002555,CUS002555,Not Churn,0.1478,Low,Synthetic Churn Risk Model,1.0,2026-06-30
CHN002556,CUS002556,Not Churn,0.396,Medium,Synthetic Churn Risk Model,1.0,2026-06-30
CHN002557,CUS002557,Not Churn,0.0445,Low,Synthetic Churn Risk Model,1.0,2026-06-30
CHN002558,CUS002558,Not Churn,0.0939,Low,Synthetic Churn Risk Model,1.0,2026-06-30
CHN002559,CUS002559,Not Churn,0.0665,Low,Synthetic Churn Risk Model,1.0,2026-06-30
CHN002560,CUS002560,Not Churn,0.0435,Low,Synthetic Churn Risk Model,1.0,2026-06-30
CHN002561,CUS002561,Not Churn,0.009,Low,Synthetic Churn Risk Model,1.0,2026-06-30
CHN002562,CUS002562,Not Churn,0.0588,Low,Synthetic Churn Risk Model,1.0,2026-06-30
CHN002563,CUS002563,Not Churn,0.0309,Low,Synthetic Churn Risk Model,1.0,2026-06-30
CHN002564,CUS002564,Not Churn,0.124,Low,Synthetic Churn Risk Model,1.0,2026-06-30
CHN002565,CUS002565,Not Churn,0.0396,Low,Synthetic Churn Risk Model,1.0,2026-06-30
CHN002566,CUS002566,Not Churn,0.0399,Low,Synthetic Churn Risk Model,1.0,2026-06-30
CHN002567,CUS002567,Churn,0.7236,High,Synthetic Churn Risk Model,1.0,2026-06-30
CHN002568,CUS002568,Not Churn,0.4288,Medium,Synthetic Churn Risk Model,1.0,2026-06-30
CHN002569,CUS002569,Not Churn,0.0862,Low,Synthetic Churn Risk Model,1.0,2026-06-30
CHN002570,CUS002570,Not Churn,0.0952,Low,Synthetic Churn Risk Model,1.0,2026-06-30
CHN002571,CUS002571,Churn,0.6689,High,Synthetic Churn Risk Model,1.0,2026-06-30
CHN002572,CUS002572,Not Churn,0.0439,Low,Synthetic Churn Risk Model,1.0,2026-06-30
CHN002573,CUS002573,Not Churn,0.4304,Medium,Synthetic Churn Risk Model,1.0,2026-06-30
CHN002574,CUS002574,Not Churn,0.0379,Low,Synthetic Churn Risk Model,1.0,2026-06-30
CHN002575,CUS002575,Not Churn,0.426,Medium,Synthetic Churn Risk Model,1.0,2026-06-30
CHN002576,CUS002576,Not Churn,0.4136,Medium,Synthetic Churn Risk Model,1.0,2026-06-30
CHN002577,CUS002577,Not Churn,0.4339,Medium,Synthetic Churn Risk Model,1.0,2026-06-30
CHN002578,CUS002578,Not Churn,0.2947,Low,Synthetic Churn Risk Model,1.0,2026-06-30
CHN002579,CUS002579,Not Churn,0.2778,Low,Synthetic Churn Risk Model,1.0,2026-06-30
CHN002580,CUS002580,Not Churn,0.1688,Low,Synthetic Churn Risk Model,1.0,2026-06-30
CHN002581,CUS002581,Not Churn,0.4198,Medium,Synthetic Churn Risk Model,1.0,2026-06-30
CHN002582,CUS002582,Not Churn,0.4209,Medium,Synthetic Churn Risk Model,1.0,2026-06-30
CHN002583,CUS002583,Not Churn,0.0707,Low,Synthetic Churn Risk Model,1.0,2026-06-30
CHN002584,CUS002584,Not Churn,0.0961,Low,Synthetic Churn Risk Model,1.0,2026-06-30
CHN002585,CUS002585,Not Churn,0.3655,Medium,Synthetic Churn Risk Model,1.0,2026-06-30
CHN002586,CUS002586,Not Churn,0.0824,Low,Synthetic Churn Risk Model,1.0,2026-06-30
CHN002587,CUS002587,Not Churn,0.0199,Low,Synthetic Churn Risk Model,1.0,2026-06-30
CHN002588,CUS002588,Not Churn,0.0148,Low,Synthetic Churn Risk Model,1.0,2026-06-30
CHN002589,CUS002589,Not Churn,0.0542,Low,Synthetic Churn Risk Model,1.0,2026-06-30
CHN002590,CUS002590,Not Churn,0.0424,Low,Synthetic Churn Risk Model,1.0,2026-06-30
CHN002591,CUS002591,Not Churn,0.1289,Low,Synthetic Churn Risk Model,1.0,2026-06-30
CHN002592,CUS002592,Not Churn,0.1686,Low,Synthetic Churn Risk Model,1.0,2026-06-30
CHN002593,CUS002593,Not Churn,0.3541,Medium,Synthetic Churn Risk Model,1.0,2026-06-30
CHN002594,CUS002594,Not Churn,0.0437,Low,Synthetic Churn Risk Model,1.0,2026-06-30
CHN002595,CUS002595,Not Churn,0.2566,Low,Synthetic Churn Risk Model,1.0,2026-06-30
CHN002596,CUS002596,Not Churn,0.1366,Low,Synthetic Churn Risk Model,1.0,2026-06-30
CHN002597,CUS002597,Churn,0.979,High,Synthetic Churn Risk Model,1.0,2026-06-30
CHN002598,CUS002598,Not Churn,0.4291,Medium,Synthetic Churn Risk Model,1.0,2026-06-30
CHN002599,CUS002599,Not Churn,0.4063,Medium,Synthetic Churn Risk Model,1.0,2026-06-30
CHN002600,CUS002600,Not Churn,0.0615,Low,Synthetic Churn Risk Model,1.0,2026-06-30
CHN002601,CUS002601,Not Churn,0.3765,Medium,Synthetic Churn Risk Model,1.0,2026-06-30
CHN002602,CUS002602,Not Churn,0.0327,Low,Synthetic Churn Risk Model,1.0,2026-06-30
CHN002603,CUS002603,Not Churn,0.4121,Medium,Synthetic Churn Risk Model,1.0,2026-06-30
CHN002604,CUS002604,Not Churn,0.4093,Medium,Synthetic Churn Risk Model,1.0,2026-06-30
CHN002605,CUS002605,Not Churn,0.0105,Low,Synthetic Churn Risk Model,1.0,2026-06-30
CHN002606,CUS002606,Not Churn,0.4128,Medium,Synthetic Churn Risk Model,1.0,2026-06-30
CHN002607,CUS002607,Not Churn,0.1209,Low,Synthetic Churn Risk Model,1.0,2026-06-30
CHN002608,CUS002608,Not Churn,0.4069,Medium,Synthetic Churn Risk Model,1.0,2026-06-30
CHN002609,CUS002609,Not Churn,0.402,Medium,Synthetic Churn Risk Model,1.0,2026-06-30
CHN002610,CUS002610,Not Churn,0.1485,Low,Synthetic Churn Risk Model,1.0,2026-06-30
CHN002611,CUS002611,Not Churn,0.026,Low,Synthetic Churn Risk Model,1.0,2026-06-30
CHN002612,CUS002612,Not Churn,0.1031,Low,Synthetic Churn Risk Model,1.0,2026-06-30
CHN002613,CUS002613,Not Churn,0.0215,Low,Synthetic Churn Risk Model,1.0,2026-06-30
CHN002614,CUS002614,Not Churn,0.1892,Low,Synthetic Churn Risk Model,1.0,2026-06-30
CHN002615,CUS002615,Not Churn,0.0758,Low,Synthetic Churn Risk Model,1.0,2026-06-30
CHN002616,CUS002616,Not Churn,0.0547,Low,Synthetic Churn Risk Model,1.0,2026-06-30
CHN002617,CUS002617,Not Churn,0.021,Low,Synthetic Churn Risk Model,1.0,2026-06-30
CHN002618,CUS002618,Not Churn,0.0975,Low,Synthetic Churn Risk Model,1.0,2026-06-30
CHN002619,CUS002619,Not Churn,0.0327,Low,Synthetic Churn Risk Model,1.0,2026-06-30
CHN002620,CUS002620,Not Churn,0.2183,Low,Synthetic Churn Risk Model,1.0,2026-06-30
CHN002621,CUS002621,Not Churn,0.0892,Low,Synthetic Churn Risk Model,1.0,2026-06-30
CHN002622,CUS002622,Not Churn,0.0222,Low,Synthetic Churn Risk Model,1.0,2026-06-30
CHN002623,CUS002623,Not Churn,0.4218,Medium,Synthetic Churn Risk Model,1.0,2026-06-30
CHN002624,CUS002624,Not Churn,0.0242,Low,Synthetic Churn Risk Model,1.0,2026-06-30
CHN002625,CUS002625,Not Churn,0.0354,Low,Synthetic Churn Risk Model,1.0,2026-06-30
CHN002626,CUS002626,Not Churn,0.4354,Medium,Synthetic Churn Risk Model,1.0,2026-06-30
CHN002627,CUS002627,Not Churn,0.1311,Low,Synthetic Churn Risk Model,1.0,2026-06-30
CHN002628,CUS002628,Not Churn,0.3367,Medium,Synthetic Churn Risk Model,1.0,2026-06-30
CHN002629,CUS002629,Not Churn,0.1251,Low,Synthetic Churn Risk Model,1.0,2026-06-30
CHN002630,CUS002630,Not Churn,0.1328,Low,Synthetic Churn Risk Model,1.0,2026-06-30
CHN002631,CUS002631,Not Churn,0.4137,Medium,Synthetic Churn Risk Model,1.0,2026-06-30
CHN002632,CUS002632,Not Churn,0.381,Medium,Synthetic Churn Risk Model,1.0,2026-06-30
CHN002633,CUS002633,Not Churn,0.0456,Low,Synthetic Churn Risk Model,1.0,2026-06-30
CHN002634,CUS002634,Not Churn,0.4139,Medium,Synthetic Churn Risk Model,1.0,2026-06-30
CHN002635,CUS002635,Not Churn,0.4237,Medium,Synthetic Churn Risk Model,1.0,2026-06-30
CHN002636,CUS002636,Not Churn,0.1355,Low,Synthetic Churn Risk Model,1.0,2026-06-30
CHN002637,CUS002637,Not Churn,0.0838,Low,Synthetic Churn Risk Model,1.0,2026-06-30
CHN002638,CUS002638,Not Churn,0.4215,Medium,Synthetic Churn Risk Model,1.0,2026-06-30
CHN002639,CUS002639,Not Churn,0.1029,Low,Synthetic Churn Risk Model,1.0,2026-06-30
CHN002640,CUS002640,Not Churn,0.0664,Low,Synthetic Churn Risk Model,1.0,2026-06-30
CHN002641,CUS002641,Not Churn,0.0655,Low,Synthetic Churn Risk Model,1.0,2026-06-30
CHN002642,CUS002642,Not Churn,0.091,Low,Synthetic Churn Risk Model,1.0,2026-06-30
CHN002643,CUS002643,Not Churn,0.1307,Low,Synthetic Churn Risk Model,1.0,2026-06-30
CHN002644,CUS002644,Not Churn,0.4039,Medium,Synthetic Churn Risk Model,1.0,2026-06-30
CHN002645,CUS002645,Not Churn,0.0417,Low,Synthetic Churn Risk Model,1.0,2026-06-30
CHN002646,CUS002646,Not Churn,0.3199,Medium,Synthetic Churn Risk Model,1.0,2026-06-30
CHN002647,CUS002647,Not Churn,0.431,Medium,Synthetic Churn Risk Model,1.0,2026-06-30
CHN002648,CUS002648,Not Churn,0.0276,Low,Synthetic Churn Risk Model,1.0,2026-06-30
CHN002649,CUS002649,Not Churn,0.2076,Low,Synthetic Churn Risk Model,1.0,2026-06-30
CHN002650,CUS002650,Not Churn,0.0638,Low,Synthetic Churn Risk Model,1.0,2026-06-30
CHN002651,CUS002651,Not Churn,0.4219,Medium,Synthetic Churn Risk Model,1.0,2026-06-30
CHN002652,CUS002652,Not Churn,0.0182,Low,Synthetic Churn Risk Model,1.0,2026-06-30
CHN002653,CUS002653,Not Churn,0.0258,Low,Synthetic Churn Risk Model,1.0,2026-06-30
CHN002654,CUS002654,Not Churn,0.047,Low,Synthetic Churn Risk Model,1.0,2026-06-30
CHN002655,CUS002655,Not Churn,0.4083,Medium,Synthetic Churn Risk Model,1.0,2026-06-30
CHN002656,CUS002656,Not Churn,0.1616,Low,Synthetic Churn Risk Model,1.0,2026-06-30
CHN002657,CUS002657,Not Churn,0.2229,Low,Synthetic Churn Risk Model,1.0,2026-06-30
CHN002658,CUS002658,Not Churn,0.042,Low,Synthetic Churn Risk Model,1.0,2026-06-30
CHN002659,CUS002659,Not Churn,0.2832,Low,Synthetic Churn Risk Model,1.0,2026-06-30
CHN002660,CUS002660,Not Churn,0.0833,Low,Synthetic Churn Risk Model,1.0,2026-06-30
CHN002661,CUS002661,Not Churn,0.1343,Low,Synthetic Churn Risk Model,1.0,2026-06-30
CHN002662,CUS002662,Not Churn,0.0413,Low,Synthetic Churn Risk Model,1.0,2026-06-30
CHN002663,CUS002663,Not Churn,0.3968,Medium,Synthetic Churn Risk Model,1.0,2026-06-30
CHN002664,CUS002664,Not Churn,0.4155,Medium,Synthetic Churn Risk Model,1.0,2026-06-30
CHN002665,CUS002665,Not Churn,0.4013,Medium,Synthetic Churn Risk Model,1.0,2026-06-30
CHN002666,CUS002666,Not Churn,0.0912,Low,Synthetic Churn Risk Model,1.0,2026-06-30
CHN002667,CUS002667,Not Churn,0.0536,Low,Synthetic Churn Risk Model,1.0,2026-06-30
CHN002668,CUS002668,Not Churn,0.1603,Low,Synthetic Churn Risk Model,1.0,2026-06-30
CHN002669,CUS002669,Not Churn,0.1911,Low,Synthetic Churn Risk Model,1.0,2026-06-30
CHN002670,CUS002670,Not Churn,0.1378,Low,Synthetic Churn Risk Model,1.0,2026-06-30
CHN002671,CUS002671,Not Churn,0.4091,Medium,Synthetic Churn Risk Model,1.0,2026-06-30
CHN002672,CUS002672,Not Churn,0.1064,Low,Synthetic Churn Risk Model,1.0,2026-06-30
CHN002673,CUS002673,Not Churn,0.284,Low,Synthetic Churn Risk Model,1.0,2026-06-30
CHN002674,CUS002674,Not Churn,0.2598,Low,Synthetic Churn Risk Model,1.0,2026-06-30
CHN002675,CUS002675,Not Churn,0.4056,Medium,Synthetic Churn Risk Model,1.0,2026-06-30
CHN002676,CUS002676,Not Churn,0.0978,Low,Synthetic Churn Risk Model,1.0,2026-06-30
CHN002677,CUS002677,Not Churn,0.4131,Medium,Synthetic Churn Risk Model,1.0,2026-06-30
CHN002678,CUS002678,Not Churn,0.0321,Low,Synthetic Churn Risk Model,1.0,2026-06-30
CHN002679,CUS002679,Not Churn,0.1258,Low,Synthetic Churn Risk Model,1.0,2026-06-30
CHN002680,CUS002680,Not Churn,0.0431,Low,Synthetic Churn Risk Model,1.0,2026-06-30
CHN002681,CUS002681,Not Churn,0.2868,Low,Synthetic Churn Risk Model,1.0,2026-06-30
CHN002682,CUS002682,Not Churn,0.0076,Low,Synthetic Churn Risk Model,1.0,2026-06-30
CHN002683,CUS002683,Not Churn,0.0704,Low,Synthetic Churn Risk Model,1.0,2026-06-30
CHN002684,CUS002684,Not Churn,0.0602,Low,Synthetic Churn Risk Model,1.0,2026-06-30
CHN002685,CUS002685,Not Churn,0.0157,Low,Synthetic Churn Risk Model,1.0,2026-06-30
CHN002686,CUS002686,Not Churn,0.0642,Low,Synthetic Churn Risk Model,1.0,2026-06-30
CHN002687,CUS002687,Not Churn,0.3023,Medium,Synthetic Churn Risk Model,1.0,2026-06-30
CHN002688,CUS002688,Not Churn,0.072,Low,Synthetic Churn Risk Model,1.0,2026-06-30
CHN002689,CUS002689,Not Churn,0.0577,Low,Synthetic Churn Risk Model,1.0,2026-06-30
CHN002690,CUS002690,Not Churn,0.0664,Low,Synthetic Churn Risk Model,1.0,2026-06-30
CHN002691,CUS002691,Not Churn,0.1304,Low,Synthetic Churn Risk Model,1.0,2026-06-30
CHN002692,CUS002692,Not Churn,0.0767,Low,Synthetic Churn Risk Model,1.0,2026-06-30
CHN002693,CUS002693,Not Churn,0.204,Low,Synthetic Churn Risk Model,1.0,2026-06-30
CHN002694,CUS002694,Not Churn,0.0277,Low,Synthetic Churn Risk Model,1.0,2026-06-30
CHN002695,CUS002695,Not Churn,0.5302,Medium,Synthetic Churn Risk Model,1.0,2026-06-30
CHN002696,CUS002696,Not Churn,0.0375,Low,Synthetic Churn Risk Model,1.0,2026-06-30
CHN002697,CUS002697,Not Churn,0.1051,Low,Synthetic Churn Risk Model,1.0,2026-06-30
CHN002698,CUS002698,Not Churn,0.3093,Medium,Synthetic Churn Risk Model,1.0,2026-06-30
CHN002699,CUS002699,Not Churn,0.0843,Low,Synthetic Churn Risk Model,1.0,2026-06-30
CHN002700,CUS002700,Not Churn,0.0229,Low,Synthetic Churn Risk Model,1.0,2026-06-30
CHN002701,CUS002701,Not Churn,0.0113,Low,Synthetic Churn Risk Model,1.0,2026-06-30
CHN002702,CUS002702,Not Churn,0.4303,Medium,Synthetic Churn Risk Model,1.0,2026-06-30
CHN002703,CUS002703,Not Churn,0.0726,Low,Synthetic Churn Risk Model,1.0,2026-06-30
CHN002704,CUS002704,Not Churn,0.0803,Low,Synthetic Churn Risk Model,1.0,2026-06-30
CHN002705,CUS002705,Not Churn,0.4144,Medium,Synthetic Churn Risk Model,1.0,2026-06-30
CHN002706,CUS002706,Not Churn,0.4198,Medium,Synthetic Churn Risk Model,1.0,2026-06-30
CHN002707,CUS002707,Not Churn,0.3943,Medium,Synthetic Churn Risk Model,1.0,2026-06-30
CHN002708,CUS002708,Not Churn,0.056,Low,Synthetic Churn Risk Model,1.0,2026-06-30
CHN002709,CUS002709,Not Churn,0.2019,Low,Synthetic Churn Risk Model,1.0,2026-06-30
CHN002710,CUS002710,Not Churn,0.5884,Medium,Synthetic Churn Risk Model,1.0,2026-06-30
CHN002711,CUS002711,Not Churn,0.0497,Low,Synthetic Churn Risk Model,1.0,2026-06-30
CHN002712,CUS002712,Not Churn,0.0588,Low,Synthetic Churn Risk Model,1.0,2026-06-30
CHN002713,CUS002713,Not Churn,0.0409,Low,Synthetic Churn Risk Model,1.0,2026-06-30
CHN002714,CUS002714,Not Churn,0.0792,Low,Synthetic Churn Risk Model,1.0,2026-06-30
CHN002715,CUS002715,Not Churn,0.0523,Low,Synthetic Churn Risk Model,1.0,2026-06-30
CHN002716,CUS002716,Not Churn,0.0642,Low,Synthetic Churn Risk Model,1.0,2026-06-30
CHN002717,CUS002717,Not Churn,0.0793,Low,Synthetic Churn Risk Model,1.0,2026-06-30
CHN002718,CUS002718,Not Churn,0.4247,Medium,Synthetic Churn Risk Model,1.0,2026-06-30
CHN002719,CUS002719,Not Churn,0.0332,Low,Synthetic Churn Risk Model,1.0,2026-06-30
CHN002720,CUS002720,Not Churn,0.2085,Low,Synthetic Churn Risk Model,1.0,2026-06-30
CHN002721,CUS002721,Not Churn,0.4067,Medium,Synthetic Churn Risk Model,1.0,2026-06-30
CHN002722,CUS002722,Not Churn,0.0786,Low,Synthetic Churn Risk Model,1.0,2026-06-30
CHN002723,CUS002723,Not Churn,0.027,Low,Synthetic Churn Risk Model,1.0,2026-06-30
CHN002724,CUS002724,Not Churn,0.429,Medium,Synthetic Churn Risk Model,1.0,2026-06-30
CHN002725,CUS002725,Not Churn,0.2908,Low,Synthetic Churn Risk Model,1.0,2026-06-30
CHN002726,CUS002726,Not Churn,0.0624,Low,Synthetic Churn Risk Model,1.0,2026-06-30
CHN002727,CUS002727,Not Churn,0.0574,Low,Synthetic Churn Risk Model,1.0,2026-06-30
CHN002728,CUS002728,Not Churn,0.216,Low,Synthetic Churn Risk Model,1.0,2026-06-30
CHN002729,CUS002729,Not Churn,0.0503,Low,Synthetic Churn Risk Model,1.0,2026-06-30
CHN002730,CUS002730,Not Churn,0.0677,Low,Synthetic Churn Risk Model,1.0,2026-06-30
CHN002731,CUS002731,Not Churn,0.077,Low,Synthetic Churn Risk Model,1.0,2026-06-30
CHN002732,CUS002732,Not Churn,0.1206,Low,Synthetic Churn Risk Model,1.0,2026-06-30
CHN002733,CUS002733,Not Churn,0.0828,Low,Synthetic Churn Risk Model,1.0,2026-06-30
CHN002734,CUS002734,Not Churn,0.1165,Low,Synthetic Churn Risk Model,1.0,2026-06-30
CHN002735,CUS002735,Not Churn,0.147,Low,Synthetic Churn Risk Model,1.0,2026-06-30
CHN002736,CUS002736,Not Churn,0.045,Low,Synthetic Churn Risk Model,1.0,2026-06-30
CHN002737,CUS002737,Not Churn,0.3892,Medium,Synthetic Churn Risk Model,1.0,2026-06-30
CHN002738,CUS002738,Not Churn,0.1242,Low,Synthetic Churn Risk Model,1.0,2026-06-30
CHN002739,CUS002739,Not Churn,0.0595,Low,Synthetic Churn Risk Model,1.0,2026-06-30
CHN002740,CUS002740,Not Churn,0.0325,Low,Synthetic Churn Risk Model,1.0,2026-06-30
CHN002741,CUS002741,Not Churn,0.4035,Medium,Synthetic Churn Risk Model,1.0,2026-06-30
CHN002742,CUS002742,Not Churn,0.2829,Low,Synthetic Churn Risk Model,1.0,2026-06-30
CHN002743,CUS002743,Not Churn,0.4132,Medium,Synthetic Churn Risk Model,1.0,2026-06-30
CHN002744,CUS002744,Not Churn,0.0218,Low,Synthetic Churn Risk Model,1.0,2026-06-30
CHN002745,CUS002745,Not Churn,0.4037,Medium,Synthetic Churn Risk Model,1.0,2026-06-30
CHN002746,CUS002746,Not Churn,0.1138,Low,Synthetic Churn Risk Model,1.0,2026-06-30
CHN002747,CUS002747,Not Churn,0.0599,Low,Synthetic Churn Risk Model,1.0,2026-06-30
CHN002748,CUS002748,Not Churn,0.0236,Low,Synthetic Churn Risk Model,1.0,2026-06-30
CHN002749,CUS002749,Not Churn,0.106,Low,Synthetic Churn Risk Model,1.0,2026-06-30
CHN002750,CUS002750,Not Churn,0.0692,Low,Synthetic Churn Risk Model,1.0,2026-06-30
CHN002751,CUS002751,Not Churn,0.4386,Medium,Synthetic Churn Risk Model,1.0,2026-06-30
CHN002752,CUS002752,Not Churn,0.4211,Medium,Synthetic Churn Risk Model,1.0,2026-06-30
CHN002753,CUS002753,Not Churn,0.1167,Low,Synthetic Churn Risk Model,1.0,2026-06-30
CHN002754,CUS002754,Not Churn,0.0364,Low,Synthetic Churn Risk Model,1.0,2026-06-30
CHN002755,CUS002755,Not Churn,0.0152,Low,Synthetic Churn Risk Model,1.0,2026-06-30
CHN002756,CUS002756,Not Churn,0.4043,Medium,Synthetic Churn Risk Model,1.0,2026-06-30
CHN002757,CUS002757,Not Churn,0.0706,Low,Synthetic Churn Risk Model,1.0,2026-06-30
CHN002758,CUS002758,Not Churn,0.404,Medium,Synthetic Churn Risk Model,1.0,2026-06-30
CHN002759,CUS002759,Not Churn,0.1242,Low,Synthetic Churn Risk Model,1.0,2026-06-30
CHN002760,CUS002760,Not Churn,0.0366,Low,Synthetic Churn Risk Model,1.0,2026-06-30
CHN002761,CUS002761,Not Churn,0.0854,Low,Synthetic Churn Risk Model,1.0,2026-06-30
CHN002762,CUS002762,Not Churn,0.1839,Low,Synthetic Churn Risk Model,1.0,2026-06-30
CHN002763,CUS002763,Not Churn,0.0248,Low,Synthetic Churn Risk Model,1.0,2026-06-30
CHN002764,CUS002764,Not Churn,0.0286,Low,Synthetic Churn Risk Model,1.0,2026-06-30
CHN002765,CUS002765,Not Churn,0.1173,Low,Synthetic Churn Risk Model,1.0,2026-06-30
CHN002766,CUS002766,Not Churn,0.4184,Medium,Synthetic Churn Risk Model,1.0,2026-06-30
CHN002767,CUS002767,Not Churn,0.0575,Low,Synthetic Churn Risk Model,1.0,2026-06-30
CHN002768,CUS002768,Not Churn,0.1283,Low,Synthetic Churn Risk Model,1.0,2026-06-30
CHN002769,CUS002769,Not Churn,0.0902,Low,Synthetic Churn Risk Model,1.0,2026-06-30
CHN002770,CUS002770,Not Churn,0.0398,Low,Synthetic Churn Risk Model,1.0,2026-06-30
CHN002771,CUS002771,Not Churn,0.1369,Low,Synthetic Churn Risk Model,1.0,2026-06-30
CHN002772,CUS002772,Not Churn,0.1953,Low,Synthetic Churn Risk Model,1.0,2026-06-30
CHN002773,CUS002773,Not Churn,0.0379,Low,Synthetic Churn Risk Model,1.0,2026-06-30
CHN002774,CUS002774,Not Churn,0.0064,Low,Synthetic Churn Risk Model,1.0,2026-06-30
CHN002775,CUS002775,Churn,0.8892,High,Synthetic Churn Risk Model,1.0,2026-06-30
CHN002776,CUS002776,Not Churn,0.414,Medium,Synthetic Churn Risk Model,1.0,2026-06-30
CHN002777,CUS002777,Not Churn,0.0207,Low,Synthetic Churn Risk Model,1.0,2026-06-30
CHN002778,CUS002778,Not Churn,0.41,Medium,Synthetic Churn Risk Model,1.0,2026-06-30
CHN002779,CUS002779,Not Churn,0.1971,Low,Synthetic Churn Risk Model,1.0,2026-06-30
CHN002780,CUS002780,Not Churn,0.1558,Low,Synthetic Churn Risk Model,1.0,2026-06-30
CHN002781,CUS002781,Not Churn,0.158,Low,Synthetic Churn Risk Model,1.0,2026-06-30
CHN002782,CUS002782,Not Churn,0.0867,Low,Synthetic Churn Risk Model,1.0,2026-06-30
CHN002783,CUS002783,Not Churn,0.1576,Low,Synthetic Churn Risk Model,1.0,2026-06-30
CHN002784,CUS002784,Not Churn,0.4005,Medium,Synthetic Churn Risk Model,1.0,2026-06-30
CHN002785,CUS002785,Not Churn,0.0207,Low,Synthetic Churn Risk Model,1.0,2026-06-30
CHN002786,CUS002786,Not Churn,0.4377,Medium,Synthetic Churn Risk Model,1.0,2026-06-30
CHN002787,CUS002787,Not Churn,0.4161,Medium,Synthetic Churn Risk Model,1.0,2026-06-30
CHN002788,CUS002788,Not Churn,0.0195,Low,Synthetic Churn Risk Model,1.0,2026-06-30
CHN002789,CUS002789,Not Churn,0.0771,Low,Synthetic Churn Risk Model,1.0,2026-06-30
CHN002790,CUS002790,Not Churn,0.2121,Low,Synthetic Churn Risk Model,1.0,2026-06-30
CHN002791,CUS002791,Not Churn,0.3337,Medium,Synthetic Churn Risk Model,1.0,2026-06-30
CHN002792,CUS002792,Not Churn,0.3066,Medium,Synthetic Churn Risk Model,1.0,2026-06-30
CHN002793,CUS002793,Not Churn,0.0939,Low,Synthetic Churn Risk Model,1.0,2026-06-30
CHN002794,CUS002794,Not Churn,0.2746,Low,Synthetic Churn Risk Model,1.0,2026-06-30
CHN002795,CUS002795,Not Churn,0.1341,Low,Synthetic Churn Risk Model,1.0,2026-06-30
CHN002796,CUS002796,Not Churn,0.126,Low,Synthetic Churn Risk Model,1.0,2026-06-30
CHN002797,CUS002797,Not Churn,0.1062,Low,Synthetic Churn Risk Model,1.0,2026-06-30
CHN002798,CUS002798,Not Churn,0.4222,Medium,Synthetic Churn Risk Model,1.0,2026-06-30
CHN002799,CUS002799,Not Churn,0.0706,Low,Synthetic Churn Risk Model,1.0,2026-06-30
CHN002800,CUS002800,Not Churn,0.463,Medium,Synthetic Churn Risk Model,1.0,2026-06-30
CHN002801,CUS002801,Churn,0.6663,High,Synthetic Churn Risk Model,1.0,2026-06-30
CHN002802,CUS002802,Not Churn,0.0314,Low,Synthetic Churn Risk Model,1.0,2026-06-30
CHN002803,CUS002803,Not Churn,0.4096,Medium,Synthetic Churn Risk Model,1.0,2026-06-30
CHN002804,CUS002804,Not Churn,0.0897,Low,Synthetic Churn Risk Model,1.0,2026-06-30
CHN002805,CUS002805,Not Churn,0.4174,Medium,Synthetic Churn Risk Model,1.0,2026-06-30
CHN002806,CUS002806,Not Churn,0.4226,Medium,Synthetic Churn Risk Model,1.0,2026-06-30
CHN002807,CUS002807,Not Churn,0.0422,Low,Synthetic Churn Risk Model,1.0,2026-06-30
CHN002808,CUS002808,Not Churn,0.3507,Medium,Synthetic Churn Risk Model,1.0,2026-06-30
CHN002809,CUS002809,Not Churn,0.2566,Low,Synthetic Churn Risk Model,1.0,2026-06-30
CHN002810,CUS002810,Not Churn,0.0919,Low,Synthetic Churn Risk Model,1.0,2026-06-30
CHN002811,CUS002811,Not Churn,0.1113,Low,Synthetic Churn Risk Model,1.0,2026-06-30
CHN002812,CUS002812,Not Churn,0.0847,Low,Synthetic Churn Risk Model,1.0,2026-06-30
CHN002813,CUS002813,Not Churn,0.3984,Medium,Synthetic Churn Risk Model,1.0,2026-06-30
CHN002814,CUS002814,Not Churn,0.0347,Low,Synthetic Churn Risk Model,1.0,2026-06-30
CHN002815,CUS002815,Not Churn,0.2854,Low,Synthetic Churn Risk Model,1.0,2026-06-30
CHN002816,CUS002816,Not Churn,0.1491,Low,Synthetic Churn Risk Model,1.0,2026-06-30
CHN002817,CUS002817,Not Churn,0.1042,Low,Synthetic Churn Risk Model,1.0,2026-06-30
CHN002818,CUS002818,Churn,0.6343,High,Synthetic Churn Risk Model,1.0,2026-06-30
CHN002819,CUS002819,Not Churn,0.1818,Low,Synthetic Churn Risk Model,1.0,2026-06-30
CHN002820,CUS002820,Not Churn,0.0473,Low,Synthetic Churn Risk Model,1.0,2026-06-30
CHN002821,CUS002821,Not Churn,0.4516,Medium,Synthetic Churn Risk Model,1.0,2026-06-30
CHN002822,CUS002822,Not Churn,0.0817,Low,Synthetic Churn Risk Model,1.0,2026-06-30
CHN002823,CUS002823,Not Churn,0.1842,Low,Synthetic Churn Risk Model,1.0,2026-06-30
CHN002824,CUS002824,Not Churn,0.1881,Low,Synthetic Churn Risk Model,1.0,2026-06-30
CHN002825,CUS002825,Not Churn,0.0851,Low,Synthetic Churn Risk Model,1.0,2026-06-30
CHN002826,CUS002826,Not Churn,0.1634,Low,Synthetic Churn Risk Model,1.0,2026-06-30
CHN002827,CUS002827,Not Churn,0.1757,Low,Synthetic Churn Risk Model,1.0,2026-06-30
CHN002828,CUS002828,Not Churn,0.0536,Low,Synthetic Churn Risk Model,1.0,2026-06-30
CHN002829,CUS002829,Not Churn,0.1105,Low,Synthetic Churn Risk Model,1.0,2026-06-30
CHN002830,CUS002830,Not Churn,0.1156,Low,Synthetic Churn Risk Model,1.0,2026-06-30
CHN002831,CUS002831,Not Churn,0.0657,Low,Synthetic Churn Risk Model,1.0,2026-06-30
CHN002832,CUS002832,Not Churn,0.0216,Low,Synthetic Churn Risk Model,1.0,2026-06-30
CHN002833,CUS002833,Not Churn,0.4302,Medium,Synthetic Churn Risk Model,1.0,2026-06-30
CHN002834,CUS002834,Not Churn,0.1108,Low,Synthetic Churn Risk Model,1.0,2026-06-30
CHN002835,CUS002835,Not Churn,0.4165,Medium,Synthetic Churn Risk Model,1.0,2026-06-30
CHN002836,CUS002836,Not Churn,0.1498,Low,Synthetic Churn Risk Model,1.0,2026-06-30
CHN002837,CUS002837,Not Churn,0.4242,Medium,Synthetic Churn Risk Model,1.0,2026-06-30
CHN002838,CUS002838,Not Churn,0.0445,Low,Synthetic Churn Risk Model,1.0,2026-06-30
CHN002839,CUS002839,Not Churn,0.4164,Medium,Synthetic Churn Risk Model,1.0,2026-06-30
CHN002840,CUS002840,Not Churn,0.0333,Low,Synthetic Churn Risk Model,1.0,2026-06-30
CHN002841,CUS002841,Not Churn,0.0583,Low,Synthetic Churn Risk Model,1.0,2026-06-30
CHN002842,CUS002842,Not Churn,0.1836,Low,Synthetic Churn Risk Model,1.0,2026-06-30
CHN002843,CUS002843,Not Churn,0.4126,Medium,Synthetic Churn Risk Model,1.0,2026-06-30
CHN002844,CUS002844,Not Churn,0.0428,Low,Synthetic Churn Risk Model,1.0,2026-06-30
CHN002845,CUS002845,Not Churn,0.2056,Low,Synthetic Churn Risk Model,1.0,2026-06-30
CHN002846,CUS002846,Not Churn,0.1292,Low,Synthetic Churn Risk Model,1.0,2026-06-30
CHN002847,CUS002847,Not Churn,0.0819,Low,Synthetic Churn Risk Model,1.0,2026-06-30
CHN002848,CUS002848,Not Churn,0.0372,Low,Synthetic Churn Risk Model,1.0,2026-06-30
CHN002849,CUS002849,Not Churn,0.4188,Medium,Synthetic Churn Risk Model,1.0,2026-06-30
CHN002850,CUS002850,Not Churn,0.1055,Low,Synthetic Churn Risk Model,1.0,2026-06-30
CHN002851,CUS002851,Not Churn,0.0336,Low,Synthetic Churn Risk Model,1.0,2026-06-30
CHN002852,CUS002852,Not Churn,0.1727,Low,Synthetic Churn Risk Model,1.0,2026-06-30
CHN002853,CUS002853,Not Churn,0.0371,Low,Synthetic Churn Risk Model,1.0,2026-06-30
CHN002854,CUS002854,Not Churn,0.0348,Low,Synthetic Churn Risk Model,1.0,2026-06-30
CHN002855,CUS002855,Not Churn,0.4204,Medium,Synthetic Churn Risk Model,1.0,2026-06-30
CHN002856,CUS002856,Not Churn,0.114,Low,Synthetic Churn Risk Model,1.0,2026-06-30
CHN002857,CUS002857,Not Churn,0.0443,Low,Synthetic Churn Risk Model,1.0,2026-06-30
CHN002858,CUS002858,Not Churn,0.4696,Medium,Synthetic Churn Risk Model,1.0,2026-06-30
CHN002859,CUS002859,Not Churn,0.1035,Low,Synthetic Churn Risk Model,1.0,2026-06-30
CHN002860,CUS002860,Not Churn,0.052,Low,Synthetic Churn Risk Model,1.0,2026-06-30
CHN002861,CUS002861,Not Churn,0.2549,Low,Synthetic Churn Risk Model,1.0,2026-06-30
CHN002862,CUS002862,Not Churn,0.4526,Medium,Synthetic Churn Risk Model,1.0,2026-06-30
CHN002863,CUS002863,Not Churn,0.0578,Low,Synthetic Churn Risk Model,1.0,2026-06-30
CHN002864,CUS002864,Not Churn,0.0312,Low,Synthetic Churn Risk Model,1.0,2026-06-30
CHN002865,CUS002865,Not Churn,0.1339,Low,Synthetic Churn Risk Model,1.0,2026-06-30
CHN002866,CUS002866,Not Churn,0.1782,Low,Synthetic Churn Risk Model,1.0,2026-06-30
CHN002867,CUS002867,Not Churn,0.1122,Low,Synthetic Churn Risk Model,1.0,2026-06-30
CHN002868,CUS002868,Not Churn,0.0571,Low,Synthetic Churn Risk Model,1.0,2026-06-30
CHN002869,CUS002869,Not Churn,0.0409,Low,Synthetic Churn Risk Model,1.0,2026-06-30
CHN002870,CUS002870,Not Churn,0.0654,Low,Synthetic Churn Risk Model,1.0,2026-06-30
CHN002871,CUS002871,Not Churn,0.0685,Low,Synthetic Churn Risk Model,1.0,2026-06-30
CHN002872,CUS002872,Not Churn,0.065,Low,Synthetic Churn Risk Model,1.0,2026-06-30
CHN002873,CUS002873,Not Churn,0.2287,Low,Synthetic Churn Risk Model,1.0,2026-06-30
CHN002874,CUS002874,Not Churn,0.1644,Low,Synthetic Churn Risk Model,1.0,2026-06-30
CHN002875,CUS002875,Not Churn,0.0439,Low,Synthetic Churn Risk Model,1.0,2026-06-30
CHN002876,CUS002876,Not Churn,0.4036,Medium,Synthetic Churn Risk Model,1.0,2026-06-30
CHN002877,CUS002877,Not Churn,0.4025,Medium,Synthetic Churn Risk Model,1.0,2026-06-30
CHN002878,CUS002878,Not Churn,0.0262,Low,Synthetic Churn Risk Model,1.0,2026-06-30
CHN002879,CUS002879,Not Churn,0.1119,Low,Synthetic Churn Risk Model,1.0,2026-06-30
CHN002880,CUS002880,Not Churn,0.1265,Low,Synthetic Churn Risk Model,1.0,2026-06-30
CHN002881,CUS002881,Not Churn,0.1147,Low,Synthetic Churn Risk Model,1.0,2026-06-30
CHN002882,CUS002882,Not Churn,0.0724,Low,Synthetic Churn Risk Model,1.0,2026-06-30
CHN002883,CUS002883,Not Churn,0.1028,Low,Synthetic Churn Risk Model,1.0,2026-06-30
CHN002884,CUS002884,Not Churn,0.1207,Low,Synthetic Churn Risk Model,1.0,2026-06-30
CHN002885,CUS002885,Not Churn,0.4056,Medium,Synthetic Churn Risk Model,1.0,2026-06-30
CHN002886,CUS002886,Not Churn,0.3669,Medium,Synthetic Churn Risk Model,1.0,2026-06-30
CHN002887,CUS002887,Not Churn,0.1016,Low,Synthetic Churn Risk Model,1.0,2026-06-30
CHN002888,CUS002888,Not Churn,0.0556,Low,Synthetic Churn Risk Model,1.0,2026-06-30
CHN002889,CUS002889,Churn,0.6653,High,Synthetic Churn Risk Model,1.0,2026-06-30
CHN002890,CUS002890,Not Churn,0.0332,Low,Synthetic Churn Risk Model,1.0,2026-06-30
CHN002891,CUS002891,Not Churn,0.4113,Medium,Synthetic Churn Risk Model,1.0,2026-06-30
CHN002892,CUS002892,Not Churn,0.0191,Low,Synthetic Churn Risk Model,1.0,2026-06-30
CHN002893,CUS002893,Not Churn,0.0508,Low,Synthetic Churn Risk Model,1.0,2026-06-30
CHN002894,CUS002894,Not Churn,0.3288,Medium,Synthetic Churn Risk Model,1.0,2026-06-30
CHN002895,CUS002895,Not Churn,0.2491,Low,Synthetic Churn Risk Model,1.0,2026-06-30
CHN002896,CUS002896,Not Churn,0.1205,Low,Synthetic Churn Risk Model,1.0,2026-06-30
CHN002897,CUS002897,Not Churn,0.0032,Low,Synthetic Churn Risk Model,1.0,2026-06-30
CHN002898,CUS002898,Not Churn,0.0696,Low,Synthetic Churn Risk Model,1.0,2026-06-30
CHN002899,CUS002899,Not Churn,0.0289,Low,Synthetic Churn Risk Model,1.0,2026-06-30
CHN002900,CUS002900,Not Churn,0.2532,Low,Synthetic Churn Risk Model,1.0,2026-06-30
CHN002901,CUS002901,Not Churn,0.4081,Medium,Synthetic Churn Risk Model,1.0,2026-06-30
CHN002902,CUS002902,Not Churn,0.0492,Low,Synthetic Churn Risk Model,1.0,2026-06-30
CHN002903,CUS002903,Not Churn,0.0047,Low,Synthetic Churn Risk Model,1.0,2026-06-30
CHN002904,CUS002904,Not Churn,0.0628,Low,Synthetic Churn Risk Model,1.0,2026-06-30
CHN002905,CUS002905,Not Churn,0.1883,Low,Synthetic Churn Risk Model,1.0,2026-06-30
CHN002906,CUS002906,Not Churn,0.4381,Medium,Synthetic Churn Risk Model,1.0,2026-06-30
CHN002907,CUS002907,Not Churn,0.121,Low,Synthetic Churn Risk Model,1.0,2026-06-30
CHN002908,CUS002908,Not Churn,0.0119,Low,Synthetic Churn Risk Model,1.0,2026-06-30
CHN002909,CUS002909,Not Churn,0.0208,Low,Synthetic Churn Risk Model,1.0,2026-06-30
CHN002910,CUS002910,Not Churn,0.0207,Low,Synthetic Churn Risk Model,1.0,2026-06-30
CHN002911,CUS002911,Not Churn,0.4038,Medium,Synthetic Churn Risk Model,1.0,2026-06-30
CHN002912,CUS002912,Not Churn,0.0915,Low,Synthetic Churn Risk Model,1.0,2026-06-30
CHN002913,CUS002913,Not Churn,0.0383,Low,Synthetic Churn Risk Model,1.0,2026-06-30
CHN002914,CUS002914,Not Churn,0.1046,Low,Synthetic Churn Risk Model,1.0,2026-06-30
CHN002915,CUS002915,Not Churn,0.0571,Low,Synthetic Churn Risk Model,1.0,2026-06-30
CHN002916,CUS002916,Not Churn,0.123,Low,Synthetic Churn Risk Model,1.0,2026-06-30
CHN002917,CUS002917,Not Churn,0.059,Low,Synthetic Churn Risk Model,1.0,2026-06-30
CHN002918,CUS002918,Not Churn,0.413,Medium,Synthetic Churn Risk Model,1.0,2026-06-30
CHN002919,CUS002919,Not Churn,0.4057,Medium,Synthetic Churn Risk Model,1.0,2026-06-30
CHN002920,CUS002920,Not Churn,0.1,Low,Synthetic Churn Risk Model,1.0,2026-06-30
CHN002921,CUS002921,Not Churn,0.4304,Medium,Synthetic Churn Risk Model,1.0,2026-06-30
CHN002922,CUS002922,Not Churn,0.0442,Low,Synthetic Churn Risk Model,1.0,2026-06-30
CHN002923,CUS002923,Not Churn,0.4167,Medium,Synthetic Churn Risk Model,1.0,2026-06-30
CHN002924,CUS002924,Not Churn,0.4253,Medium,Synthetic Churn Risk Model,1.0,2026-06-30
CHN002925,CUS002925,Not Churn,0.1351,Low,Synthetic Churn Risk Model,1.0,2026-06-30
CHN002926,CUS002926,Not Churn,0.0184,Low,Synthetic Churn Risk Model,1.0,2026-06-30
CHN002927,CUS002927,Not Churn,0.1085,Low,Synthetic Churn Risk Model,1.0,2026-06-30
CHN002928,CUS002928,Not Churn,0.061,Low,Synthetic Churn Risk Model,1.0,2026-06-30
CHN002929,CUS002929,Not Churn,0.0875,Low,Synthetic Churn Risk Model,1.0,2026-06-30
CHN002930,CUS002930,Not Churn,0.149,Low,Synthetic Churn Risk Model,1.0,2026-06-30
CHN002931,CUS002931,Not Churn,0.0911,Low,Synthetic Churn Risk Model,1.0,2026-06-30
CHN002932,CUS002932,Not Churn,0.4115,Medium,Synthetic Churn Risk Model,1.0,2026-06-30
CHN002933,CUS002933,Not Churn,0.4485,Medium,Synthetic Churn Risk Model,1.0,2026-06-30
CHN002934,CUS002934,Not Churn,0.4218,Medium,Synthetic Churn Risk Model,1.0,2026-06-30
CHN002935,CUS002935,Not Churn,0.2131,Low,Synthetic Churn Risk Model,1.0,2026-06-30
CHN002936,CUS002936,Not Churn,0.0418,Low,Synthetic Churn Risk Model,1.0,2026-06-30
CHN002937,CUS002937,Not Churn,0.0096,Low,Synthetic Churn Risk Model,1.0,2026-06-30
CHN002938,CUS002938,Not Churn,0.1016,Low,Synthetic Churn Risk Model,1.0,2026-06-30
CHN002939,CUS002939,Not Churn,0.4138,Medium,Synthetic Churn Risk Model,1.0,2026-06-30
CHN002940,CUS002940,Not Churn,0.0661,Low,Synthetic Churn Risk Model,1.0,2026-06-30
CHN002941,CUS002941,Not Churn,0.3953,Medium,Synthetic Churn Risk Model,1.0,2026-06-30
CHN002942,CUS002942,Not Churn,0.0678,Low,Synthetic Churn Risk Model,1.0,2026-06-30
CHN002943,CUS002943,Not Churn,0.2355,Low,Synthetic Churn Risk Model,1.0,2026-06-30
CHN002944,CUS002944,Not Churn,0.0889,Low,Synthetic Churn Risk Model,1.0,2026-06-30
CHN002945,CUS002945,Not Churn,0.012,Low,Synthetic Churn Risk Model,1.0,2026-06-30
CHN002946,CUS002946,Not Churn,0.0662,Low,Synthetic Churn Risk Model,1.0,2026-06-30
CHN002947,CUS002947,Not Churn,0.428,Medium,Synthetic Churn Risk Model,1.0,2026-06-30
CHN002948,CUS002948,Not Churn,0.0952,Low,Synthetic Churn Risk Model,1.0,2026-06-30
CHN002949,CUS002949,Not Churn,0.1276,Low,Synthetic Churn Risk Model,1.0,2026-06-30
CHN002950,CUS002950,Not Churn,0.0973,Low,Synthetic Churn Risk Model,1.0,2026-06-30
CHN002951,CUS002951,Not Churn,0.4149,Medium,Synthetic Churn Risk Model,1.0,2026-06-30
CHN002952,CUS002952,Not Churn,0.0145,Low,Synthetic Churn Risk Model,1.0,2026-06-30
CHN002953,CUS002953,Not Churn,0.0378,Low,Synthetic Churn Risk Model,1.0,2026-06-30
CHN002954,CUS002954,Not Churn,0.0499,Low,Synthetic Churn Risk Model,1.0,2026-06-30
CHN002955,CUS002955,Not Churn,0.4055,Medium,Synthetic Churn Risk Model,1.0,2026-06-30
CHN002956,CUS002956,Not Churn,0.4229,Medium,Synthetic Churn Risk Model,1.0,2026-06-30
CHN002957,CUS002957,Not Churn,0.4164,Medium,Synthetic Churn Risk Model,1.0,2026-06-30
CHN002958,CUS002958,Not Churn,0.163,Low,Synthetic Churn Risk Model,1.0,2026-06-30
CHN002959,CUS002959,Not Churn,0.2828,Low,Synthetic Churn Risk Model,1.0,2026-06-30
CHN002960,CUS002960,Not Churn,0.0603,Low,Synthetic Churn Risk Model,1.0,2026-06-30
CHN002961,CUS002961,Not Churn,0.0537,Low,Synthetic Churn Risk Model,1.0,2026-06-30
CHN002962,CUS002962,Not Churn,0.3549,Medium,Synthetic Churn Risk Model,1.0,2026-06-30
CHN002963,CUS002963,Not Churn,0.1159,Low,Synthetic Churn Risk Model,1.0,2026-06-30
CHN002964,CUS002964,Not Churn,0.058,Low,Synthetic Churn Risk Model,1.0,2026-06-30
CHN002965,CUS002965,Not Churn,0.4129,Medium,Synthetic Churn Risk Model,1.0,2026-06-30
CHN002966,CUS002966,Not Churn,0.3945,Medium,Synthetic Churn Risk Model,1.0,2026-06-30
CHN002967,CUS002967,Not Churn,0.0559,Low,Synthetic Churn Risk Model,1.0,2026-06-30
CHN002968,CUS002968,Not Churn,0.418,Medium,Synthetic Churn Risk Model,1.0,2026-06-30
CHN002969,CUS002969,Not Churn,0.1644,Low,Synthetic Churn Risk Model,1.0,2026-06-30
CHN002970,CUS002970,Not Churn,0.2651,Low,Synthetic Churn Risk Model,1.0,2026-06-30
CHN002971,CUS002971,Not Churn,0.0823,Low,Synthetic Churn Risk Model,1.0,2026-06-30
CHN002972,CUS002972,Not Churn,0.1201,Low,Synthetic Churn Risk Model,1.0,2026-06-30
CHN002973,CUS002973,Not Churn,0.1818,Low,Synthetic Churn Risk Model,1.0,2026-06-30
CHN002974,CUS002974,Not Churn,0.0706,Low,Synthetic Churn Risk Model,1.0,2026-06-30
CHN002975,CUS002975,Not Churn,0.1558,Low,Synthetic Churn Risk Model,1.0,2026-06-30
CHN002976,CUS002976,Not Churn,0.086,Low,Synthetic Churn Risk Model,1.0,2026-06-30
CHN002977,CUS002977,Not Churn,0.1471,Low,Synthetic Churn Risk Model,1.0,2026-06-30
CHN002978,CUS002978,Not Churn,0.093,Low,Synthetic Churn Risk Model,1.0,2026-06-30
CHN002979,CUS002979,Not Churn,0.0606,Low,Synthetic Churn Risk Model,1.0,2026-06-30
CHN002980,CUS002980,Not Churn,0.0748,Low,Synthetic Churn Risk Model,1.0,2026-06-30
CHN002981,CUS002981,Not Churn,0.055,Low,Synthetic Churn Risk Model,1.0,2026-06-30
CHN002982,CUS002982,Not Churn,0.0964,Low,Synthetic Churn Risk Model,1.0,2026-06-30
CHN002983,CUS002983,Not Churn,0.164,Low,Synthetic Churn Risk Model,1.0,2026-06-30
CHN002984,CUS002984,Not Churn,0.4219,Medium,Synthetic Churn Risk Model,1.0,2026-06-30
CHN002985,CUS002985,Not Churn,0.0604,Low,Synthetic Churn Risk Model,1.0,2026-06-30
CHN002986,CUS002986,Not Churn,0.4176,Medium,Synthetic Churn Risk Model,1.0,2026-06-30
CHN002987,CUS002987,Not Churn,0.0257,Low,Synthetic Churn Risk Model,1.0,2026-06-30
CHN002988,CUS002988,Not Churn,0.0097,Low,Synthetic Churn Risk Model,1.0,2026-06-30
CHN002989,CUS002989,Not Churn,0.077,Low,Synthetic Churn Risk Model,1.0,2026-06-30
CHN002990,CUS002990,Not Churn,0.1229,Low,Synthetic Churn Risk Model,1.0,2026-06-30
CHN002991,CUS002991,Not Churn,0.09,Low,Synthetic Churn Risk Model,1.0,2026-06-30
CHN002992,CUS002992,Not Churn,0.1727,Low,Synthetic Churn Risk Model,1.0,2026-06-30
CHN002993,CUS002993,Not Churn,0.4002,Medium,Synthetic Churn Risk Model,1.0,2026-06-30
CHN002994,CUS002994,Not Churn,0.0935,Low,Synthetic Churn Risk Model,1.0,2026-06-30
CHN002995,CUS002995,Not Churn,0.0964,Low,Synthetic Churn Risk Model,1.0,2026-06-30
CHN002996,CUS002996,Not Churn,0.0154,Low,Synthetic Churn Risk Model,1.0,2026-06-30
CHN002997,CUS002997,Not Churn,0.4414,Medium,Synthetic Churn Risk Model,1.0,2026-06-30
CHN002998,CUS002998,Not Churn,0.4095,Medium,Synthetic Churn Risk Model,1.0,2026-06-30
CHN002999,CUS002999,Not Churn,0.4231,Medium,Synthetic Churn Risk Model,1.0,2026-06-30
CHN003000,CUS003000,Not Churn,0.0839,Low,Synthetic Churn Risk Model,1.0,2026-06-30
CHN003001,CUS003001,Not Churn,0.1447,Low,Synthetic Churn Risk Model,1.0,2026-06-30
CHN003002,CUS003002,Not Churn,0.058,Low,Synthetic Churn Risk Model,1.0,2026-06-30
CHN003003,CUS003003,Not Churn,0.0507,Low,Synthetic Churn Risk Model,1.0,2026-06-30
CHN003004,CUS003004,Not Churn,0.0255,Low,Synthetic Churn Risk Model,1.0,2026-06-30
CHN003005,CUS003005,Not Churn,0.117,Low,Synthetic Churn Risk Model,1.0,2026-06-30
CHN003006,CUS003006,Not Churn,0.363,Medium,Synthetic Churn Risk Model,1.0,2026-06-30
CHN003007,CUS003007,Not Churn,0.0533,Low,Synthetic Churn Risk Model,1.0,2026-06-30
CHN003008,CUS003008,Not Churn,0.0755,Low,Synthetic Churn Risk Model,1.0,2026-06-30
CHN003009,CUS003009,Not Churn,0.0599,Low,Synthetic Churn Risk Model,1.0,2026-06-30
CHN003010,CUS003010,Not Churn,0.075,Low,Synthetic Churn Risk Model,1.0,2026-06-30
CHN003011,CUS003011,Not Churn,0.2573,Low,Synthetic Churn Risk Model,1.0,2026-06-30
CHN003012,CUS003012,Not Churn,0.1984,Low,Synthetic Churn Risk Model,1.0,2026-06-30
CHN003013,CUS003013,Not Churn,0.0716,Low,Synthetic Churn Risk Model,1.0,2026-06-30
CHN003014,CUS003014,Not Churn,0.0623,Low,Synthetic Churn Risk Model,1.0,2026-06-30
CHN003015,CUS003015,Not Churn,0.2835,Low,Synthetic Churn Risk Model,1.0,2026-06-30
CHN003016,CUS003016,Not Churn,0.341,Medium,Synthetic Churn Risk Model,1.0,2026-06-30
CHN003017,CUS003017,Not Churn,0.0876,Low,Synthetic Churn Risk Model,1.0,2026-06-30
CHN003018,CUS003018,Not Churn,0.0489,Low,Synthetic Churn Risk Model,1.0,2026-06-30
CHN003019,CUS003019,Not Churn,0.4112,Medium,Synthetic Churn Risk Model,1.0,2026-06-30
CHN003020,CUS003020,Not Churn,0.2777,Low,Synthetic Churn Risk Model,1.0,2026-06-30
CHN003021,CUS003021,Not Churn,0.2032,Low,Synthetic Churn Risk Model,1.0,2026-06-30
CHN003022,CUS003022,Not Churn,0.1498,Low,Synthetic Churn Risk Model,1.0,2026-06-30
CHN003023,CUS003023,Not Churn,0.4329,Medium,Synthetic Churn Risk Model,1.0,2026-06-30
CHN003024,CUS003024,Not Churn,0.4045,Medium,Synthetic Churn Risk Model,1.0,2026-06-30
CHN003025,CUS003025,Not Churn,0.2746,Low,Synthetic Churn Risk Model,1.0,2026-06-30
CHN003026,CUS003026,Not Churn,0.1781,Low,Synthetic Churn Risk Model,1.0,2026-06-30
CHN003027,CUS003027,Not Churn,0.071,Low,Synthetic Churn Risk Model,1.0,2026-06-30
CHN003028,CUS003028,Not Churn,0.162,Low,Synthetic Churn Risk Model,1.0,2026-06-30
CHN003029,CUS003029,Not Churn,0.0737,Low,Synthetic Churn Risk Model,1.0,2026-06-30
CHN003030,CUS003030,Not Churn,0.0723,Low,Synthetic Churn Risk Model,1.0,2026-06-30
CHN003031,CUS003031,Not Churn,0.3172,Medium,Synthetic Churn Risk Model,1.0,2026-06-30
CHN003032,CUS003032,Not Churn,0.1219,Low,Synthetic Churn Risk Model,1.0,2026-06-30
CHN003033,CUS003033,Not Churn,0.0525,Low,Synthetic Churn Risk Model,1.0,2026-06-30
CHN003034,CUS003034,Not Churn,0.4071,Medium,Synthetic Churn Risk Model,1.0,2026-06-30
CHN003035,CUS003035,Not Churn,0.4077,Medium,Synthetic Churn Risk Model,1.0,2026-06-30
CHN003036,CUS003036,Not Churn,0.4229,Medium,Synthetic Churn Risk Model,1.0,2026-06-30
CHN003037,CUS003037,Not Churn,0.2122,Low,Synthetic Churn Risk Model,1.0,2026-06-30
CHN003038,CUS003038,Not Churn,0.0561,Low,Synthetic Churn Risk Model,1.0,2026-06-30
CHN003039,CUS003039,Not Churn,0.0372,Low,Synthetic Churn Risk Model,1.0,2026-06-30
CHN003040,CUS003040,Not Churn,0.2162,Low,Synthetic Churn Risk Model,1.0,2026-06-30
CHN003041,CUS003041,Not Churn,0.2019,Low,Synthetic Churn Risk Model,1.0,2026-06-30
CHN003042,CUS003042,Not Churn,0.0916,Low,Synthetic Churn Risk Model,1.0,2026-06-30
CHN003043,CUS003043,Not Churn,0.0363,Low,Synthetic Churn Risk Model,1.0,2026-06-30
CHN003044,CUS003044,Not Churn,0.2858,Low,Synthetic Churn Risk Model,1.0,2026-06-30
CHN003045,CUS003045,Not Churn,0.1281,Low,Synthetic Churn Risk Model,1.0,2026-06-30
CHN003046,CUS003046,Not Churn,0.0261,Low,Synthetic Churn Risk Model,1.0,2026-06-30
CHN003047,CUS003047,Not Churn,0.235,Low,Synthetic Churn Risk Model,1.0,2026-06-30
CHN003048,CUS003048,Not Churn,0.0696,Low,Synthetic Churn Risk Model,1.0,2026-06-30
CHN003049,CUS003049,Not Churn,0.2976,Low,Synthetic Churn Risk Model,1.0,2026-06-30
CHN003050,CUS003050,Not Churn,0.0951,Low,Synthetic Churn Risk Model,1.0,2026-06-30
CHN003051,CUS003051,Not Churn,0.3952,Medium,Synthetic Churn Risk Model,1.0,2026-06-30
CHN003052,CUS003052,Not Churn,0.063,Low,Synthetic Churn Risk Model,1.0,2026-06-30
CHN003053,CUS003053,Not Churn,0.0625,Low,Synthetic Churn Risk Model,1.0,2026-06-30
CHN003054,CUS003054,Not Churn,0.1194,Low,Synthetic Churn Risk Model,1.0,2026-06-30
CHN003055,CUS003055,Not Churn,0.1971,Low,Synthetic Churn Risk Model,1.0,2026-06-30
CHN003056,CUS003056,Not Churn,0.0808,Low,Synthetic Churn Risk Model,1.0,2026-06-30
CHN003057,CUS003057,Not Churn,0.0447,Low,Synthetic Churn Risk Model,1.0,2026-06-30
CHN003058,CUS003058,Not Churn,0.0589,Low,Synthetic Churn Risk Model,1.0,2026-06-30
CHN003059,CUS003059,Not Churn,0.1482,Low,Synthetic Churn Risk Model,1.0,2026-06-30
CHN003060,CUS003060,Not Churn,0.0106,Low,Synthetic Churn Risk Model,1.0,2026-06-30
CHN003061,CUS003061,Not Churn,0.4034,Medium,Synthetic Churn Risk Model,1.0,2026-06-30
CHN003062,CUS003062,Not Churn,0.0511,Low,Synthetic Churn Risk Model,1.0,2026-06-30
CHN003063,CUS003063,Not Churn,0.068,Low,Synthetic Churn Risk Model,1.0,2026-06-30
CHN003064,CUS003064,Not Churn,0.4079,Medium,Synthetic Churn Risk Model,1.0,2026-06-30
CHN003065,CUS003065,Not Churn,0.0691,Low,Synthetic Churn Risk Model,1.0,2026-06-30
CHN003066,CUS003066,Not Churn,0.1354,Low,Synthetic Churn Risk Model,1.0,2026-06-30
CHN003067,CUS003067,Not Churn,0.4156,Medium,Synthetic Churn Risk Model,1.0,2026-06-30
CHN003068,CUS003068,Not Churn,0.0335,Low,Synthetic Churn Risk Model,1.0,2026-06-30
CHN003069,CUS003069,Not Churn,0.4233,Medium,Synthetic Churn Risk Model,1.0,2026-06-30
CHN003070,CUS003070,Not Churn,0.0904,Low,Synthetic Churn Risk Model,1.0,2026-06-30
CHN003071,CUS003071,Not Churn,0.0572,Low,Synthetic Churn Risk Model,1.0,2026-06-30
CHN003072,CUS003072,Not Churn,0.0672,Low,Synthetic Churn Risk Model,1.0,2026-06-30
CHN003073,CUS003073,Not Churn,0.0748,Low,Synthetic Churn Risk Model,1.0,2026-06-30
CHN003074,CUS003074,Not Churn,0.0267,Low,Synthetic Churn Risk Model,1.0,2026-06-30
CHN003075,CUS003075,Not Churn,0.0339,Low,Synthetic Churn Risk Model,1.0,2026-06-30
CHN003076,CUS003076,Not Churn,0.0361,Low,Synthetic Churn Risk Model,1.0,2026-06-30
CHN003077,CUS003077,Not Churn,0.1583,Low,Synthetic Churn Risk Model,1.0,2026-06-30
CHN003078,CUS003078,Not Churn,0.4262,Medium,Synthetic Churn Risk Model,1.0,2026-06-30
CHN003079,CUS003079,Not Churn,0.0866,Low,Synthetic Churn Risk Model,1.0,2026-06-30
CHN003080,CUS003080,Not Churn,0.1453,Low,Synthetic Churn Risk Model,1.0,2026-06-30
CHN003081,CUS003081,Not Churn,0.239,Low,Synthetic Churn Risk Model,1.0,2026-06-30
CHN003082,CUS003082,Not Churn,0.142,Low,Synthetic Churn Risk Model,1.0,2026-06-30
CHN003083,CUS003083,Not Churn,0.0334,Low,Synthetic Churn Risk Model,1.0,2026-06-30
CHN003084,CUS003084,Not Churn,0.2561,Low,Synthetic Churn Risk Model,1.0,2026-06-30
CHN003085,CUS003085,Not Churn,0.0449,Low,Synthetic Churn Risk Model,1.0,2026-06-30
CHN003086,CUS003086,Not Churn,0.1829,Low,Synthetic Churn Risk Model,1.0,2026-06-30
CHN003087,CUS003087,Not Churn,0.0597,Low,Synthetic Churn Risk Model,1.0,2026-06-30
CHN003088,CUS003088,Not Churn,0.0831,Low,Synthetic Churn Risk Model,1.0,2026-06-30
CHN003089,CUS003089,Not Churn,0.4123,Medium,Synthetic Churn Risk Model,1.0,2026-06-30
CHN003090,CUS003090,Not Churn,0.046,Low,Synthetic Churn Risk Model,1.0,2026-06-30
CHN003091,CUS003091,Not Churn,0.0676,Low,Synthetic Churn Risk Model,1.0,2026-06-30
CHN003092,CUS003092,Not Churn,0.0423,Low,Synthetic Churn Risk Model,1.0,2026-06-30
CHN003093,CUS003093,Not Churn,0.0804,Low,Synthetic Churn Risk Model,1.0,2026-06-30
CHN003094,CUS003094,Not Churn,0.2415,Low,Synthetic Churn Risk Model,1.0,2026-06-30
CHN003095,CUS003095,Not Churn,0.0938,Low,Synthetic Churn Risk Model,1.0,2026-06-30
CHN003096,CUS003096,Not Churn,0.3992,Medium,Synthetic Churn Risk Model,1.0,2026-06-30
CHN003097,CUS003097,Not Churn,0.1423,Low,Synthetic Churn Risk Model,1.0,2026-06-30
CHN003098,CUS003098,Not Churn,0.0721,Low,Synthetic Churn Risk Model,1.0,2026-06-30
CHN003099,CUS003099,Not Churn,0.4154,Medium,Synthetic Churn Risk Model,1.0,2026-06-30
CHN003100,CUS003100,Not Churn,0.0662,Low,Synthetic Churn Risk Model,1.0,2026-06-30
CHN003101,CUS003101,Not Churn,0.1192,Low,Synthetic Churn Risk Model,1.0,2026-06-30
CHN003102,CUS003102,Not Churn,0.0557,Low,Synthetic Churn Risk Model,1.0,2026-06-30
CHN003103,CUS003103,Not Churn,0.404,Medium,Synthetic Churn Risk Model,1.0,2026-06-30
CHN003104,CUS003104,Not Churn,0.2143,Low,Synthetic Churn Risk Model,1.0,2026-06-30
CHN003105,CUS003105,Not Churn,0.1179,Low,Synthetic Churn Risk Model,1.0,2026-06-30
CHN003106,CUS003106,Not Churn,0.0796,Low,Synthetic Churn Risk Model,1.0,2026-06-30
CHN003107,CUS003107,Not Churn,0.0611,Low,Synthetic Churn Risk Model,1.0,2026-06-30
CHN003108,CUS003108,Not Churn,0.0674,Low,Synthetic Churn Risk Model,1.0,2026-06-30
CHN003109,CUS003109,Not Churn,0.401,Medium,Synthetic Churn Risk Model,1.0,2026-06-30
CHN003110,CUS003110,Not Churn,0.111,Low,Synthetic Churn Risk Model,1.0,2026-06-30
CHN003111,CUS003111,Not Churn,0.0562,Low,Synthetic Churn Risk Model,1.0,2026-06-30
CHN003112,CUS003112,Not Churn,0.0579,Low,Synthetic Churn Risk Model,1.0,2026-06-30
CHN003113,CUS003113,Not Churn,0.4073,Medium,Synthetic Churn Risk Model,1.0,2026-06-30
CHN003114,CUS003114,Not Churn,0.0568,Low,Synthetic Churn Risk Model,1.0,2026-06-30
CHN003115,CUS003115,Not Churn,0.0141,Low,Synthetic Churn Risk Model,1.0,2026-06-30
CHN003116,CUS003116,Not Churn,0.4377,Medium,Synthetic Churn Risk Model,1.0,2026-06-30
CHN003117,CUS003117,Not Churn,0.4285,Medium,Synthetic Churn Risk Model,1.0,2026-06-30
CHN003118,CUS003118,Not Churn,0.0391,Low,Synthetic Churn Risk Model,1.0,2026-06-30
CHN003119,CUS003119,Not Churn,0.027,Low,Synthetic Churn Risk Model,1.0,2026-06-30
CHN003120,CUS003120,Not Churn,0.1753,Low,Synthetic Churn Risk Model,1.0,2026-06-30
CHN003121,CUS003121,Not Churn,0.1353,Low,Synthetic Churn Risk Model,1.0,2026-06-30
CHN003122,CUS003122,Not Churn,0.1942,Low,Synthetic Churn Risk Model,1.0,2026-06-30
CHN003123,CUS003123,Not Churn,0.1195,Low,Synthetic Churn Risk Model,1.0,2026-06-30
CHN003124,CUS003124,Not Churn,0.0803,Low,Synthetic Churn Risk Model,1.0,2026-06-30
CHN003125,CUS003125,Not Churn,0.0559,Low,Synthetic Churn Risk Model,1.0,2026-06-30
CHN003126,CUS003126,Not Churn,0.1534,Low,Synthetic Churn Risk Model,1.0,2026-06-30
CHN003127,CUS003127,Not Churn,0.0465,Low,Synthetic Churn Risk Model,1.0,2026-06-30
CHN003128,CUS003128,Not Churn,0.0446,Low,Synthetic Churn Risk Model,1.0,2026-06-30
CHN003129,CUS003129,Not Churn,0.092,Low,Synthetic Churn Risk Model,1.0,2026-06-30
CHN003130,CUS003130,Not Churn,0.0825,Low,Synthetic Churn Risk Model,1.0,2026-06-30
CHN003131,CUS003131,Not Churn,0.0573,Low,Synthetic Churn Risk Model,1.0,2026-06-30
CHN003132,CUS003132,Not Churn,0.0921,Low,Synthetic Churn Risk Model,1.0,2026-06-30
CHN003133,CUS003133,Not Churn,0.1405,Low,Synthetic Churn Risk Model,1.0,2026-06-30
CHN003134,CUS003134,Not Churn,0.432,Medium,Synthetic Churn Risk Model,1.0,2026-06-30
CHN003135,CUS003135,Not Churn,0.0214,Low,Synthetic Churn Risk Model,1.0,2026-06-30
CHN003136,CUS003136,Not Churn,0.0544,Low,Synthetic Churn Risk Model,1.0,2026-06-30
CHN003137,CUS003137,Not Churn,0.4302,Medium,Synthetic Churn Risk Model,1.0,2026-06-30
CHN003138,CUS003138,Not Churn,0.407,Medium,Synthetic Churn Risk Model,1.0,2026-06-30
CHN003139,CUS003139,Not Churn,0.1169,Low,Synthetic Churn Risk Model,1.0,2026-06-30
CHN003140,CUS003140,Not Churn,0.4068,Medium,Synthetic Churn Risk Model,1.0,2026-06-30
CHN003141,CUS003141,Not Churn,0.0716,Low,Synthetic Churn Risk Model,1.0,2026-06-30
CHN003142,CUS003142,Not Churn,0.3987,Medium,Synthetic Churn Risk Model,1.0,2026-06-30
CHN003143,CUS003143,Not Churn,0.0476,Low,Synthetic Churn Risk Model,1.0,2026-06-30
CHN003144,CUS003144,Not Churn,0.0782,Low,Synthetic Churn Risk Model,1.0,2026-06-30
CHN003145,CUS003145,Not Churn,0.4481,Medium,Synthetic Churn Risk Model,1.0,2026-06-30
CHN003146,CUS003146,Not Churn,0.1168,Low,Synthetic Churn Risk Model,1.0,2026-06-30
CHN003147,CUS003147,Not Churn,0.0573,Low,Synthetic Churn Risk Model,1.0,2026-06-30
CHN003148,CUS003148,Not Churn,0.1332,Low,Synthetic Churn Risk Model,1.0,2026-06-30
CHN003149,CUS003149,Not Churn,0.0271,Low,Synthetic Churn Risk Model,1.0,2026-06-30
CHN003150,CUS003150,Not Churn,0.0075,Low,Synthetic Churn Risk Model,1.0,2026-06-30
CHN003151,CUS003151,Not Churn,0.0163,Low,Synthetic Churn Risk Model,1.0,2026-06-30
CHN003152,CUS003152,Not Churn,0.0297,Low,Synthetic Churn Risk Model,1.0,2026-06-30
CHN003153,CUS003153,Not Churn,0.0544,Low,Synthetic Churn Risk Model,1.0,2026-06-30
CHN003154,CUS003154,Not Churn,0.0508,Low,Synthetic Churn Risk Model,1.0,2026-06-30
CHN003155,CUS003155,Not Churn,0.4374,Medium,Synthetic Churn Risk Model,1.0,2026-06-30
CHN003156,CUS003156,Not Churn,0.0743,Low,Synthetic Churn Risk Model,1.0,2026-06-30
CHN003157,CUS003157,Not Churn,0.0166,Low,Synthetic Churn Risk Model,1.0,2026-06-30
CHN003158,CUS003158,Not Churn,0.0373,Low,Synthetic Churn Risk Model,1.0,2026-06-30
CHN003159,CUS003159,Not Churn,0.0637,Low,Synthetic Churn Risk Model,1.0,2026-06-30
CHN003160,CUS003160,Not Churn,0.3421,Medium,Synthetic Churn Risk Model,1.0,2026-06-30
CHN003161,CUS003161,Not Churn,0.0451,Low,Synthetic Churn Risk Model,1.0,2026-06-30
CHN003162,CUS003162,Not Churn,0.0804,Low,Synthetic Churn Risk Model,1.0,2026-06-30
CHN003163,CUS003163,Not Churn,0.051,Low,Synthetic Churn Risk Model,1.0,2026-06-30
CHN003164,CUS003164,Not Churn,0.102,Low,Synthetic Churn Risk Model,1.0,2026-06-30
CHN003165,CUS003165,Not Churn,0.188,Low,Synthetic Churn Risk Model,1.0,2026-06-30
CHN003166,CUS003166,Not Churn,0.1362,Low,Synthetic Churn Risk Model,1.0,2026-06-30
CHN003167,CUS003167,Not Churn,0.4112,Medium,Synthetic Churn Risk Model,1.0,2026-06-30
CHN003168,CUS003168,Not Churn,0.0517,Low,Synthetic Churn Risk Model,1.0,2026-06-30
CHN003169,CUS003169,Not Churn,0.0324,Low,Synthetic Churn Risk Model,1.0,2026-06-30
CHN003170,CUS003170,Not Churn,0.0666,Low,Synthetic Churn Risk Model,1.0,2026-06-30
CHN003171,CUS003171,Not Churn,0.4047,Medium,Synthetic Churn Risk Model,1.0,2026-06-30
CHN003172,CUS003172,Not Churn,0.269,Low,Synthetic Churn Risk Model,1.0,2026-06-30
CHN003173,CUS003173,Not Churn,0.4208,Medium,Synthetic Churn Risk Model,1.0,2026-06-30
CHN003174,CUS003174,Not Churn,0.0604,Low,Synthetic Churn Risk Model,1.0,2026-06-30
CHN003175,CUS003175,Not Churn,0.3943,Medium,Synthetic Churn Risk Model,1.0,2026-06-30
CHN003176,CUS003176,Not Churn,0.117,Low,Synthetic Churn Risk Model,1.0,2026-06-30
CHN003177,CUS003177,Not Churn,0.1489,Low,Synthetic Churn Risk Model,1.0,2026-06-30
CHN003178,CUS003178,Not Churn,0.3974,Medium,Synthetic Churn Risk Model,1.0,2026-06-30
CHN003179,CUS003179,Not Churn,0.0382,Low,Synthetic Churn Risk Model,1.0,2026-06-30
CHN003180,CUS003180,Not Churn,0.1546,Low,Synthetic Churn Risk Model,1.0,2026-06-30
CHN003181,CUS003181,Not Churn,0.1374,Low,Synthetic Churn Risk Model,1.0,2026-06-30
CHN003182,CUS003182,Not Churn,0.0537,Low,Synthetic Churn Risk Model,1.0,2026-06-30
CHN003183,CUS003183,Not Churn,0.4142,Medium,Synthetic Churn Risk Model,1.0,2026-06-30
CHN003184,CUS003184,Not Churn,0.08,Low,Synthetic Churn Risk Model,1.0,2026-06-30
CHN003185,CUS003185,Not Churn,0.01,Low,Synthetic Churn Risk Model,1.0,2026-06-30
CHN003186,CUS003186,Not Churn,0.0207,Low,Synthetic Churn Risk Model,1.0,2026-06-30
CHN003187,CUS003187,Not Churn,0.0999,Low,Synthetic Churn Risk Model,1.0,2026-06-30
CHN003188,CUS003188,Not Churn,0.0559,Low,Synthetic Churn Risk Model,1.0,2026-06-30
CHN003189,CUS003189,Not Churn,0.2749,Low,Synthetic Churn Risk Model,1.0,2026-06-30
CHN003190,CUS003190,Not Churn,0.081,Low,Synthetic Churn Risk Model,1.0,2026-06-30
CHN003191,CUS003191,Not Churn,0.4222,Medium,Synthetic Churn Risk Model,1.0,2026-06-30
CHN003192,CUS003192,Not Churn,0.4225,Medium,Synthetic Churn Risk Model,1.0,2026-06-30
CHN003193,CUS003193,Not Churn,0.0508,Low,Synthetic Churn Risk Model,1.0,2026-06-30
CHN003194,CUS003194,Not Churn,0.1355,Low,Synthetic Churn Risk Model,1.0,2026-06-30
CHN003195,CUS003195,Not Churn,0.0244,Low,Synthetic Churn Risk Model,1.0,2026-06-30
CHN003196,CUS003196,Not Churn,0.0685,Low,Synthetic Churn Risk Model,1.0,2026-06-30
CHN003197,CUS003197,Not Churn,0.033,Low,Synthetic Churn Risk Model,1.0,2026-06-30
CHN003198,CUS003198,Not Churn,0.4175,Medium,Synthetic Churn Risk Model,1.0,2026-06-30
CHN003199,CUS003199,Not Churn,0.4062,Medium,Synthetic Churn Risk Model,1.0,2026-06-30
CHN003200,CUS003200,Not Churn,0.2103,Low,Synthetic Churn Risk Model,1.0,2026-06-30
CHN003201,CUS003201,Not Churn,0.403,Medium,Synthetic Churn Risk Model,1.0,2026-06-30
CHN003202,CUS003202,Not Churn,0.4062,Medium,Synthetic Churn Risk Model,1.0,2026-06-30
CHN003203,CUS003203,Not Churn,0.1683,Low,Synthetic Churn Risk Model,1.0,2026-06-30
CHN003204,CUS003204,Not Churn,0.0704,Low,Synthetic Churn Risk Model,1.0,2026-06-30
CHN003205,CUS003205,Not Churn,0.3825,Medium,Synthetic Churn Risk Model,1.0,2026-06-30
CHN003206,CUS003206,Not Churn,0.0284,Low,Synthetic Churn Risk Model,1.0,2026-06-30
CHN003207,CUS003207,Not Churn,0.4619,Medium,Synthetic Churn Risk Model,1.0,2026-06-30
CHN003208,CUS003208,Not Churn,0.0438,Low,Synthetic Churn Risk Model,1.0,2026-06-30
CHN003209,CUS003209,Not Churn,0.4011,Medium,Synthetic Churn Risk Model,1.0,2026-06-30
CHN003210,CUS003210,Not Churn,0.0427,Low,Synthetic Churn Risk Model,1.0,2026-06-30
CHN003211,CUS003211,Not Churn,0.4231,Medium,Synthetic Churn Risk Model,1.0,2026-06-30
CHN003212,CUS003212,Not Churn,0.0988,Low,Synthetic Churn Risk Model,1.0,2026-06-30
CHN003213,CUS003213,Not Churn,0.4274,Medium,Synthetic Churn Risk Model,1.0,2026-06-30
CHN003214,CUS003214,Not Churn,0.0404,Low,Synthetic Churn Risk Model,1.0,2026-06-30
CHN003215,CUS003215,Not Churn,0.0422,Low,Synthetic Churn Risk Model,1.0,2026-06-30
CHN003216,CUS003216,Not Churn,0.0392,Low,Synthetic Churn Risk Model,1.0,2026-06-30
CHN003217,CUS003217,Not Churn,0.0643,Low,Synthetic Churn Risk Model,1.0,2026-06-30
CHN003218,CUS003218,Not Churn,0.1077,Low,Synthetic Churn Risk Model,1.0,2026-06-30
CHN003219,CUS003219,Not Churn,0.1116,Low,Synthetic Churn Risk Model,1.0,2026-06-30
CHN003220,CUS003220,Not Churn,0.0612,Low,Synthetic Churn Risk Model,1.0,2026-06-30
CHN003221,CUS003221,Not Churn,0.2212,Low,Synthetic Churn Risk Model,1.0,2026-06-30
CHN003222,CUS003222,Not Churn,0.4212,Medium,Synthetic Churn Risk Model,1.0,2026-06-30
CHN003223,CUS003223,Not Churn,0.0781,Low,Synthetic Churn Risk Model,1.0,2026-06-30
CHN003224,CUS003224,Not Churn,0.4212,Medium,Synthetic Churn Risk Model,1.0,2026-06-30
CHN003225,CUS003225,Not Churn,0.0899,Low,Synthetic Churn Risk Model,1.0,2026-06-30
CHN003226,CUS003226,Not Churn,0.1084,Low,Synthetic Churn Risk Model,1.0,2026-06-30
CHN003227,CUS003227,Not Churn,0.089,Low,Synthetic Churn Risk Model,1.0,2026-06-30
CHN003228,CUS003228,Not Churn,0.2129,Low,Synthetic Churn Risk Model,1.0,2026-06-30
CHN003229,CUS003229,Not Churn,0.0137,Low,Synthetic Churn Risk Model,1.0,2026-06-30
CHN003230,CUS003230,Not Churn,0.0244,Low,Synthetic Churn Risk Model,1.0,2026-06-30
CHN003231,CUS003231,Not Churn,0.3956,Medium,Synthetic Churn Risk Model,1.0,2026-06-30
CHN003232,CUS003232,Not Churn,0.0248,Low,Synthetic Churn Risk Model,1.0,2026-06-30
CHN003233,CUS003233,Not Churn,0.019,Low,Synthetic Churn Risk Model,1.0,2026-06-30
CHN003234,CUS003234,Not Churn,0.4151,Medium,Synthetic Churn Risk Model,1.0,2026-06-30
CHN003235,CUS003235,Churn,0.8019,High,Synthetic Churn Risk Model,1.0,2026-06-30
CHN003236,CUS003236,Not Churn,0.0798,Low,Synthetic Churn Risk Model,1.0,2026-06-30
CHN003237,CUS003237,Not Churn,0.4116,Medium,Synthetic Churn Risk Model,1.0,2026-06-30
CHN003238,CUS003238,Not Churn,0.4173,Medium,Synthetic Churn Risk Model,1.0,2026-06-30
CHN003239,CUS003239,Not Churn,0.2495,Low,Synthetic Churn Risk Model,1.0,2026-06-30
CHN003240,CUS003240,Not Churn,0.4255,Medium,Synthetic Churn Risk Model,1.0,2026-06-30
CHN003241,CUS003241,Not Churn,0.0366,Low,Synthetic Churn Risk Model,1.0,2026-06-30
CHN003242,CUS003242,Not Churn,0.4233,Medium,Synthetic Churn Risk Model,1.0,2026-06-30
CHN003243,CUS003243,Not Churn,0.0562,Low,Synthetic Churn Risk Model,1.0,2026-06-30
CHN003244,CUS003244,Not Churn,0.1702,Low,Synthetic Churn Risk Model,1.0,2026-06-30
CHN003245,CUS003245,Not Churn,0.0678,Low,Synthetic Churn Risk Model,1.0,2026-06-30
CHN003246,CUS003246,Not Churn,0.3953,Medium,Synthetic Churn Risk Model,1.0,2026-06-30
CHN003247,CUS003247,Not Churn,0.0804,Low,Synthetic Churn Risk Model,1.0,2026-06-30
CHN003248,CUS003248,Not Churn,0.1312,Low,Synthetic Churn Risk Model,1.0,2026-06-30
CHN003249,CUS003249,Not Churn,0.0722,Low,Synthetic Churn Risk Model,1.0,2026-06-30
CHN003250,CUS003250,Not Churn,0.0842,Low,Synthetic Churn Risk Model,1.0,2026-06-30
CHN003251,CUS003251,Not Churn,0.0567,Low,Synthetic Churn Risk Model,1.0,2026-06-30
CHN003252,CUS003252,Not Churn,0.0393,Low,Synthetic Churn Risk Model,1.0,2026-06-30
CHN003253,CUS003253,Not Churn,0.0979,Low,Synthetic Churn Risk Model,1.0,2026-06-30
CHN003254,CUS003254,Not Churn,0.1256,Low,Synthetic Churn Risk Model,1.0,2026-06-30
CHN003255,CUS003255,Not Churn,0.4262,Medium,Synthetic Churn Risk Model,1.0,2026-06-30
CHN003256,CUS003256,Not Churn,0.4335,Medium,Synthetic Churn Risk Model,1.0,2026-06-30
CHN003257,CUS003257,Not Churn,0.0856,Low,Synthetic Churn Risk Model,1.0,2026-06-30
CHN003258,CUS003258,Not Churn,0.1596,Low,Synthetic Churn Risk Model,1.0,2026-06-30
CHN003259,CUS003259,Not Churn,0.0273,Low,Synthetic Churn Risk Model,1.0,2026-06-30
CHN003260,CUS003260,Not Churn,0.0674,Low,Synthetic Churn Risk Model,1.0,2026-06-30
CHN003261,CUS003261,Not Churn,0.1957,Low,Synthetic Churn Risk Model,1.0,2026-06-30
CHN003262,CUS003262,Not Churn,0.195,Low,Synthetic Churn Risk Model,1.0,2026-06-30
CHN003263,CUS003263,Not Churn,0.0375,Low,Synthetic Churn Risk Model,1.0,2026-06-30
CHN003264,CUS003264,Not Churn,0.0324,Low,Synthetic Churn Risk Model,1.0,2026-06-30
CHN003265,CUS003265,Not Churn,0.0337,Low,Synthetic Churn Risk Model,1.0,2026-06-30
CHN003266,CUS003266,Not Churn,0.3952,Medium,Synthetic Churn Risk Model,1.0,2026-06-30
CHN003267,CUS003267,Not Churn,0.4434,Medium,Synthetic Churn Risk Model,1.0,2026-06-30
CHN003268,CUS003268,Not Churn,0.431,Medium,Synthetic Churn Risk Model,1.0,2026-06-30
CHN003269,CUS003269,Not Churn,0.036,Low,Synthetic Churn Risk Model,1.0,2026-06-30
CHN003270,CUS003270,Not Churn,0.0178,Low,Synthetic Churn Risk Model,1.0,2026-06-30
CHN003271,CUS003271,Not Churn,0.4265,Medium,Synthetic Churn Risk Model,1.0,2026-06-30
CHN003272,CUS003272,Not Churn,0.4322,Medium,Synthetic Churn Risk Model,1.0,2026-06-30
CHN003273,CUS003273,Not Churn,0.0644,Low,Synthetic Churn Risk Model,1.0,2026-06-30
CHN003274,CUS003274,Not Churn,0.0775,Low,Synthetic Churn Risk Model,1.0,2026-06-30
CHN003275,CUS003275,Not Churn,0.3624,Medium,Synthetic Churn Risk Model,1.0,2026-06-30
CHN003276,CUS003276,Not Churn,0.4104,Medium,Synthetic Churn Risk Model,1.0,2026-06-30
CHN003277,CUS003277,Not Churn,0.034,Low,Synthetic Churn Risk Model,1.0,2026-06-30
CHN003278,CUS003278,Not Churn,0.3154,Medium,Synthetic Churn Risk Model,1.0,2026-06-30
CHN003279,CUS003279,Not Churn,0.411,Medium,Synthetic Churn Risk Model,1.0,2026-06-30
CHN003280,CUS003280,Not Churn,0.0887,Low,Synthetic Churn Risk Model,1.0,2026-06-30
CHN003281,CUS003281,Not Churn,0.4034,Medium,Synthetic Churn Risk Model,1.0,2026-06-30
CHN003282,CUS003282,Not Churn,0.3971,Medium,Synthetic Churn Risk Model,1.0,2026-06-30
CHN003283,CUS003283,Not Churn,0.5574,Medium,Synthetic Churn Risk Model,1.0,2026-06-30
CHN003284,CUS003284,Not Churn,0.0345,Low,Synthetic Churn Risk Model,1.0,2026-06-30
CHN003285,CUS003285,Not Churn,0.039,Low,Synthetic Churn Risk Model,1.0,2026-06-30
CHN003286,CUS003286,Not Churn,0.0318,Low,Synthetic Churn Risk Model,1.0,2026-06-30
CHN003287,CUS003287,Not Churn,0.2282,Low,Synthetic Churn Risk Model,1.0,2026-06-30
CHN003288,CUS003288,Not Churn,0.2116,Low,Synthetic Churn Risk Model,1.0,2026-06-30
CHN003289,CUS003289,Not Churn,0.0267,Low,Synthetic Churn Risk Model,1.0,2026-06-30
CHN003290,CUS003290,Not Churn,0.1747,Low,Synthetic Churn Risk Model,1.0,2026-06-30
CHN003291,CUS003291,Not Churn,0.0223,Low,Synthetic Churn Risk Model,1.0,2026-06-30
CHN003292,CUS003292,Not Churn,0.3428,Medium,Synthetic Churn Risk Model,1.0,2026-06-30
CHN003293,CUS003293,Not Churn,0.0334,Low,Synthetic Churn Risk Model,1.0,2026-06-30
CHN003294,CUS003294,Not Churn,0.0329,Low,Synthetic Churn Risk Model,1.0,2026-06-30
CHN003295,CUS003295,Not Churn,0.0557,Low,Synthetic Churn Risk Model,1.0,2026-06-30
CHN003296,CUS003296,Not Churn,0.0487,Low,Synthetic Churn Risk Model,1.0,2026-06-30
CHN003297,CUS003297,Not Churn,0.0544,Low,Synthetic Churn Risk Model,1.0,2026-06-30
CHN003298,CUS003298,Not Churn,0.1232,Low,Synthetic Churn Risk Model,1.0,2026-06-30
CHN003299,CUS003299,Not Churn,0.0911,Low,Synthetic Churn Risk Model,1.0,2026-06-30
CHN003300,CUS003300,Not Churn,0.1548,Low,Synthetic Churn Risk Model,1.0,2026-06-30
CHN003301,CUS003301,Not Churn,0.4133,Medium,Synthetic Churn Risk Model,1.0,2026-06-30
CHN003302,CUS003302,Not Churn,0.3979,Medium,Synthetic Churn Risk Model,1.0,2026-06-30
CHN003303,CUS003303,Not Churn,0.1444,Low,Synthetic Churn Risk Model,1.0,2026-06-30
CHN003304,CUS003304,Not Churn,0.423,Medium,Synthetic Churn Risk Model,1.0,2026-06-30
CHN003305,CUS003305,Not Churn,0.394,Medium,Synthetic Churn Risk Model,1.0,2026-06-30
CHN003306,CUS003306,Not Churn,0.0134,Low,Synthetic Churn Risk Model,1.0,2026-06-30
CHN003307,CUS003307,Not Churn,0.2836,Low,Synthetic Churn Risk Model,1.0,2026-06-30
CHN003308,CUS003308,Not Churn,0.0632,Low,Synthetic Churn Risk Model,1.0,2026-06-30
CHN003309,CUS003309,Not Churn,0.1738,Low,Synthetic Churn Risk Model,1.0,2026-06-30
CHN003310,CUS003310,Not Churn,0.1824,Low,Synthetic Churn Risk Model,1.0,2026-06-30
CHN003311,CUS003311,Not Churn,0.1,Low,Synthetic Churn Risk Model,1.0,2026-06-30
CHN003312,CUS003312,Not Churn,0.013,Low,Synthetic Churn Risk Model,1.0,2026-06-30
CHN003313,CUS003313,Not Churn,0.4113,Medium,Synthetic Churn Risk Model,1.0,2026-06-30
CHN003314,CUS003314,Not Churn,0.2706,Low,Synthetic Churn Risk Model,1.0,2026-06-30
CHN003315,CUS003315,Not Churn,0.0469,Low,Synthetic Churn Risk Model,1.0,2026-06-30
CHN003316,CUS003316,Not Churn,0.0288,Low,Synthetic Churn Risk Model,1.0,2026-06-30
CHN003317,CUS003317,Not Churn,0.4223,Medium,Synthetic Churn Risk Model,1.0,2026-06-30
CHN003318,CUS003318,Not Churn,0.0507,Low,Synthetic Churn Risk Model,1.0,2026-06-30
CHN003319,CUS003319,Not Churn,0.3977,Medium,Synthetic Churn Risk Model,1.0,2026-06-30
CHN003320,CUS003320,Not Churn,0.4057,Medium,Synthetic Churn Risk Model,1.0,2026-06-30
CHN003321,CUS003321,Not Churn,0.1388,Low,Synthetic Churn Risk Model,1.0,2026-06-30
CHN003322,CUS003322,Not Churn,0.1699,Low,Synthetic Churn Risk Model,1.0,2026-06-30
CHN003323,CUS003323,Not Churn,0.1476,Low,Synthetic Churn Risk Model,1.0,2026-06-30
CHN003324,CUS003324,Not Churn,0.0925,Low,Synthetic Churn Risk Model,1.0,2026-06-30
CHN003325,CUS003325,Not Churn,0.4106,Medium,Synthetic Churn Risk Model,1.0,2026-06-30
CHN003326,CUS003326,Not Churn,0.4519,Medium,Synthetic Churn Risk Model,1.0,2026-06-30
CHN003327,CUS003327,Not Churn,0.0846,Low,Synthetic Churn Risk Model,1.0,2026-06-30
CHN003328,CUS003328,Not Churn,0.0237,Low,Synthetic Churn Risk Model,1.0,2026-06-30
CHN003329,CUS003329,Not Churn,0.4033,Medium,Synthetic Churn Risk Model,1.0,2026-06-30
CHN003330,CUS003330,Not Churn,0.0775,Low,Synthetic Churn Risk Model,1.0,2026-06-30
CHN003331,CUS003331,Not Churn,0.1443,Low,Synthetic Churn Risk Model,1.0,2026-06-30
CHN003332,CUS003332,Not Churn,0.0398,Low,Synthetic Churn Risk Model,1.0,2026-06-30
CHN003333,CUS003333,Not Churn,0.2241,Low,Synthetic Churn Risk Model,1.0,2026-06-30
CHN003334,CUS003334,Not Churn,0.4328,Medium,Synthetic Churn Risk Model,1.0,2026-06-30
CHN003335,CUS003335,Not Churn,0.0609,Low,Synthetic Churn Risk Model,1.0,2026-06-30
CHN003336,CUS003336,Not Churn,0.1558,Low,Synthetic Churn Risk Model,1.0,2026-06-30
CHN003337,CUS003337,Not Churn,0.0342,Low,Synthetic Churn Risk Model,1.0,2026-06-30
CHN003338,CUS003338,Not Churn,0.0324,Low,Synthetic Churn Risk Model,1.0,2026-06-30
CHN003339,CUS003339,Not Churn,0.1431,Low,Synthetic Churn Risk Model,1.0,2026-06-30
CHN003340,CUS003340,Not Churn,0.0467,Low,Synthetic Churn Risk Model,1.0,2026-06-30
CHN003341,CUS003341,Not Churn,0.0584,Low,Synthetic Churn Risk Model,1.0,2026-06-30
CHN003342,CUS003342,Not Churn,0.192,Low,Synthetic Churn Risk Model,1.0,2026-06-30
CHN003343,CUS003343,Not Churn,0.3095,Medium,Synthetic Churn Risk Model,1.0,2026-06-30
CHN003344,CUS003344,Not Churn,0.4185,Medium,Synthetic Churn Risk Model,1.0,2026-06-30
CHN003345,CUS003345,Not Churn,0.0399,Low,Synthetic Churn Risk Model,1.0,2026-06-30
CHN003346,CUS003346,Not Churn,0.0814,Low,Synthetic Churn Risk Model,1.0,2026-06-30
CHN003347,CUS003347,Not Churn,0.0336,Low,Synthetic Churn Risk Model,1.0,2026-06-30
CHN003348,CUS003348,Not Churn,0.0859,Low,Synthetic Churn Risk Model,1.0,2026-06-30
CHN003349,CUS003349,Not Churn,0.0519,Low,Synthetic Churn Risk Model,1.0,2026-06-30
CHN003350,CUS003350,Not Churn,0.0317,Low,Synthetic Churn Risk Model,1.0,2026-06-30
CHN003351,CUS003351,Not Churn,0.0679,Low,Synthetic Churn Risk Model,1.0,2026-06-30
CHN003352,CUS003352,Not Churn,0.183,Low,Synthetic Churn Risk Model,1.0,2026-06-30
CHN003353,CUS003353,Not Churn,0.0864,Low,Synthetic Churn Risk Model,1.0,2026-06-30
CHN003354,CUS003354,Not Churn,0.4247,Medium,Synthetic Churn Risk Model,1.0,2026-06-30
CHN003355,CUS003355,Not Churn,0.0268,Low,Synthetic Churn Risk Model,1.0,2026-06-30
CHN003356,CUS003356,Not Churn,0.1738,Low,Synthetic Churn Risk Model,1.0,2026-06-30
CHN003357,CUS003357,Not Churn,0.0547,Low,Synthetic Churn Risk Model,1.0,2026-06-30
CHN003358,CUS003358,Not Churn,0.0802,Low,Synthetic Churn Risk Model,1.0,2026-06-30
CHN003359,CUS003359,Not Churn,0.0557,Low,Synthetic Churn Risk Model,1.0,2026-06-30
CHN003360,CUS003360,Not Churn,0.0958,Low,Synthetic Churn Risk Model,1.0,2026-06-30
CHN003361,CUS003361,Not Churn,0.243,Low,Synthetic Churn Risk Model,1.0,2026-06-30
CHN003362,CUS003362,Not Churn,0.3949,Medium,Synthetic Churn Risk Model,1.0,2026-06-30
CHN003363,CUS003363,Not Churn,0.1349,Low,Synthetic Churn Risk Model,1.0,2026-06-30
CHN003364,CUS003364,Not Churn,0.1046,Low,Synthetic Churn Risk Model,1.0,2026-06-30
CHN003365,CUS003365,Not Churn,0.0514,Low,Synthetic Churn Risk Model,1.0,2026-06-30
CHN003366,CUS003366,Not Churn,0.2153,Low,Synthetic Churn Risk Model,1.0,2026-06-30
CHN003367,CUS003367,Not Churn,0.0856,Low,Synthetic Churn Risk Model,1.0,2026-06-30
CHN003368,CUS003368,Not Churn,0.3036,Medium,Synthetic Churn Risk Model,1.0,2026-06-30
CHN003369,CUS003369,Not Churn,0.0567,Low,Synthetic Churn Risk Model,1.0,2026-06-30
CHN003370,CUS003370,Not Churn,0.08,Low,Synthetic Churn Risk Model,1.0,2026-06-30
CHN003371,CUS003371,Not Churn,0.4066,Medium,Synthetic Churn Risk Model,1.0,2026-06-30
CHN003372,CUS003372,Not Churn,0.1738,Low,Synthetic Churn Risk Model,1.0,2026-06-30
CHN003373,CUS003373,Not Churn,0.091,Low,Synthetic Churn Risk Model,1.0,2026-06-30
CHN003374,CUS003374,Not Churn,0.1443,Low,Synthetic Churn Risk Model,1.0,2026-06-30
CHN003375,CUS003375,Not Churn,0.0272,Low,Synthetic Churn Risk Model,1.0,2026-06-30
CHN003376,CUS003376,Not Churn,0.0462,Low,Synthetic Churn Risk Model,1.0,2026-06-30
CHN003377,CUS003377,Not Churn,0.0421,Low,Synthetic Churn Risk Model,1.0,2026-06-30
CHN003378,CUS003378,Not Churn,0.069,Low,Synthetic Churn Risk Model,1.0,2026-06-30
CHN003379,CUS003379,Not Churn,0.1068,Low,Synthetic Churn Risk Model,1.0,2026-06-30
CHN003380,CUS003380,Not Churn,0.1301,Low,Synthetic Churn Risk Model,1.0,2026-06-30
CHN003381,CUS003381,Not Churn,0.0605,Low,Synthetic Churn Risk Model,1.0,2026-06-30
CHN003382,CUS003382,Not Churn,0.1612,Low,Synthetic Churn Risk Model,1.0,2026-06-30
CHN003383,CUS003383,Not Churn,0.0374,Low,Synthetic Churn Risk Model,1.0,2026-06-30
CHN003384,CUS003384,Not Churn,0.3085,Medium,Synthetic Churn Risk Model,1.0,2026-06-30
CHN003385,CUS003385,Not Churn,0.0675,Low,Synthetic Churn Risk Model,1.0,2026-06-30
CHN003386,CUS003386,Not Churn,0.0318,Low,Synthetic Churn Risk Model,1.0,2026-06-30
CHN003387,CUS003387,Not Churn,0.048,Low,Synthetic Churn Risk Model,1.0,2026-06-30
CHN003388,CUS003388,Not Churn,0.4322,Medium,Synthetic Churn Risk Model,1.0,2026-06-30
CHN003389,CUS003389,Not Churn,0.0407,Low,Synthetic Churn Risk Model,1.0,2026-06-30
CHN003390,CUS003390,Not Churn,0.059,Low,Synthetic Churn Risk Model,1.0,2026-06-30
CHN003391,CUS003391,Not Churn,0.4337,Medium,Synthetic Churn Risk Model,1.0,2026-06-30
CHN003392,CUS003392,Not Churn,0.4164,Medium,Synthetic Churn Risk Model,1.0,2026-06-30
CHN003393,CUS003393,Not Churn,0.3972,Medium,Synthetic Churn Risk Model,1.0,2026-06-30
CHN003394,CUS003394,Not Churn,0.411,Medium,Synthetic Churn Risk Model,1.0,2026-06-30
CHN003395,CUS003395,Not Churn,0.4354,Medium,Synthetic Churn Risk Model,1.0,2026-06-30
CHN003396,CUS003396,Not Churn,0.4231,Medium,Synthetic Churn Risk Model,1.0,2026-06-30
CHN003397,CUS003397,Not Churn,0.0303,Low,Synthetic Churn Risk Model,1.0,2026-06-30
CHN003398,CUS003398,Not Churn,0.4095,Medium,Synthetic Churn Risk Model,1.0,2026-06-30
CHN003399,CUS003399,Not Churn,0.2388,Low,Synthetic Churn Risk Model,1.0,2026-06-30
CHN003400,CUS003400,Not Churn,0.0813,Low,Synthetic Churn Risk Model,1.0,2026-06-30
CHN003401,CUS003401,Not Churn,0.0883,Low,Synthetic Churn Risk Model,1.0,2026-06-30
CHN003402,CUS003402,Not Churn,0.0706,Low,Synthetic Churn Risk Model,1.0,2026-06-30
CHN003403,CUS003403,Not Churn,0.0764,Low,Synthetic Churn Risk Model,1.0,2026-06-30
CHN003404,CUS003404,Not Churn,0.1298,Low,Synthetic Churn Risk Model,1.0,2026-06-30
CHN003405,CUS003405,Not Churn,0.4173,Medium,Synthetic Churn Risk Model,1.0,2026-06-30
CHN003406,CUS003406,Not Churn,0.0798,Low,Synthetic Churn Risk Model,1.0,2026-06-30
CHN003407,CUS003407,Not Churn,0.4065,Medium,Synthetic Churn Risk Model,1.0,2026-06-30
CHN003408,CUS003408,Not Churn,0.1322,Low,Synthetic Churn Risk Model,1.0,2026-06-30
CHN003409,CUS003409,Not Churn,0.2549,Low,Synthetic Churn Risk Model,1.0,2026-06-30
CHN003410,CUS003410,Not Churn,0.1936,Low,Synthetic Churn Risk Model,1.0,2026-06-30
CHN003411,CUS003411,Not Churn,0.0425,Low,Synthetic Churn Risk Model,1.0,2026-06-30
CHN003412,CUS003412,Not Churn,0.0354,Low,Synthetic Churn Risk Model,1.0,2026-06-30
CHN003413,CUS003413,Not Churn,0.0657,Low,Synthetic Churn Risk Model,1.0,2026-06-30
CHN003414,CUS003414,Not Churn,0.0717,Low,Synthetic Churn Risk Model,1.0,2026-06-30
CHN003415,CUS003415,Not Churn,0.0922,Low,Synthetic Churn Risk Model,1.0,2026-06-30
CHN003416,CUS003416,Not Churn,0.4334,Medium,Synthetic Churn Risk Model,1.0,2026-06-30
CHN003417,CUS003417,Not Churn,0.3989,Medium,Synthetic Churn Risk Model,1.0,2026-06-30
CHN003418,CUS003418,Not Churn,0.0478,Low,Synthetic Churn Risk Model,1.0,2026-06-30
CHN003419,CUS003419,Not Churn,0.2016,Low,Synthetic Churn Risk Model,1.0,2026-06-30
CHN003420,CUS003420,Not Churn,0.0407,Low,Synthetic Churn Risk Model,1.0,2026-06-30
CHN003421,CUS003421,Not Churn,0.086,Low,Synthetic Churn Risk Model,1.0,2026-06-30
CHN003422,CUS003422,Not Churn,0.0479,Low,Synthetic Churn Risk Model,1.0,2026-06-30
CHN003423,CUS003423,Not Churn,0.1482,Low,Synthetic Churn Risk Model,1.0,2026-06-30
CHN003424,CUS003424,Not Churn,0.1332,Low,Synthetic Churn Risk Model,1.0,2026-06-30
CHN003425,CUS003425,Not Churn,0.1995,Low,Synthetic Churn Risk Model,1.0,2026-06-30
CHN003426,CUS003426,Not Churn,0.0818,Low,Synthetic Churn Risk Model,1.0,2026-06-30
CHN003427,CUS003427,Not Churn,0.0636,Low,Synthetic Churn Risk Model,1.0,2026-06-30
CHN003428,CUS003428,Not Churn,0.29,Low,Synthetic Churn Risk Model,1.0,2026-06-30
CHN003429,CUS003429,Not Churn,0.0302,Low,Synthetic Churn Risk Model,1.0,2026-06-30
CHN003430,CUS003430,Not Churn,0.0384,Low,Synthetic Churn Risk Model,1.0,2026-06-30
CHN003431,CUS003431,Not Churn,0.057,Low,Synthetic Churn Risk Model,1.0,2026-06-30
CHN003432,CUS003432,Not Churn,0.4271,Medium,Synthetic Churn Risk Model,1.0,2026-06-30
CHN003433,CUS003433,Not Churn,0.4051,Medium,Synthetic Churn Risk Model,1.0,2026-06-30
CHN003434,CUS003434,Not Churn,0.2946,Low,Synthetic Churn Risk Model,1.0,2026-06-30
CHN003435,CUS003435,Not Churn,0.4066,Medium,Synthetic Churn Risk Model,1.0,2026-06-30
CHN003436,CUS003436,Not Churn,0.154,Low,Synthetic Churn Risk Model,1.0,2026-06-30
CHN003437,CUS003437,Not Churn,0.24,Low,Synthetic Churn Risk Model,1.0,2026-06-30
CHN003438,CUS003438,Not Churn,0.0259,Low,Synthetic Churn Risk Model,1.0,2026-06-30
CHN003439,CUS003439,Not Churn,0.4021,Medium,Synthetic Churn Risk Model,1.0,2026-06-30
CHN003440,CUS003440,Not Churn,0.1954,Low,Synthetic Churn Risk Model,1.0,2026-06-30
CHN003441,CUS003441,Not Churn,0.1871,Low,Synthetic Churn Risk Model,1.0,2026-06-30
CHN003442,CUS003442,Not Churn,0.408,Medium,Synthetic Churn Risk Model,1.0,2026-06-30
CHN003443,CUS003443,Not Churn,0.4243,Medium,Synthetic Churn Risk Model,1.0,2026-06-30
CHN003444,CUS003444,Not Churn,0.0294,Low,Synthetic Churn Risk Model,1.0,2026-06-30
CHN003445,CUS003445,Not Churn,0.3647,Medium,Synthetic Churn Risk Model,1.0,2026-06-30
CHN003446,CUS003446,Not Churn,0.0232,Low,Synthetic Churn Risk Model,1.0,2026-06-30
CHN003447,CUS003447,Not Churn,0.0456,Low,Synthetic Churn Risk Model,1.0,2026-06-30
CHN003448,CUS003448,Not Churn,0.0389,Low,Synthetic Churn Risk Model,1.0,2026-06-30
CHN003449,CUS003449,Not Churn,0.398,Medium,Synthetic Churn Risk Model,1.0,2026-06-30
CHN003450,CUS003450,Not Churn,0.4481,Medium,Synthetic Churn Risk Model,1.0,2026-06-30
CHN003451,CUS003451,Not Churn,0.0647,Low,Synthetic Churn Risk Model,1.0,2026-06-30
CHN003452,CUS003452,Not Churn,0.3077,Medium,Synthetic Churn Risk Model,1.0,2026-06-30
CHN003453,CUS003453,Not Churn,0.2578,Low,Synthetic Churn Risk Model,1.0,2026-06-30
CHN003454,CUS003454,Not Churn,0.4011,Medium,Synthetic Churn Risk Model,1.0,2026-06-30
CHN003455,CUS003455,Not Churn,0.424,Medium,Synthetic Churn Risk Model,1.0,2026-06-30
CHN003456,CUS003456,Not Churn,0.0143,Low,Synthetic Churn Risk Model,1.0,2026-06-30
CHN003457,CUS003457,Not Churn,0.4273,Medium,Synthetic Churn Risk Model,1.0,2026-06-30
CHN003458,CUS003458,Not Churn,0.0913,Low,Synthetic Churn Risk Model,1.0,2026-06-30
CHN003459,CUS003459,Not Churn,0.1051,Low,Synthetic Churn Risk Model,1.0,2026-06-30
CHN003460,CUS003460,Not Churn,0.0513,Low,Synthetic Churn Risk Model,1.0,2026-06-30
CHN003461,CUS003461,Not Churn,0.4181,Medium,Synthetic Churn Risk Model,1.0,2026-06-30
CHN003462,CUS003462,Not Churn,0.1055,Low,Synthetic Churn Risk Model,1.0,2026-06-30
CHN003463,CUS003463,Not Churn,0.0604,Low,Synthetic Churn Risk Model,1.0,2026-06-30
CHN003464,CUS003464,Not Churn,0.1056,Low,Synthetic Churn Risk Model,1.0,2026-06-30
CHN003465,CUS003465,Not Churn,0.4486,Medium,Synthetic Churn Risk Model,1.0,2026-06-30
CHN003466,CUS003466,Not Churn,0.4021,Medium,Synthetic Churn Risk Model,1.0,2026-06-30
CHN003467,CUS003467,Not Churn,0.1429,Low,Synthetic Churn Risk Model,1.0,2026-06-30
CHN003468,CUS003468,Not Churn,0.0782,Low,Synthetic Churn Risk Model,1.0,2026-06-30
CHN003469,CUS003469,Not Churn,0.1203,Low,Synthetic Churn Risk Model,1.0,2026-06-30
CHN003470,CUS003470,Not Churn,0.2112,Low,Synthetic Churn Risk Model,1.0,2026-06-30
CHN003471,CUS003471,Not Churn,0.0508,Low,Synthetic Churn Risk Model,1.0,2026-06-30
CHN003472,CUS003472,Not Churn,0.1005,Low,Synthetic Churn Risk Model,1.0,2026-06-30
CHN003473,CUS003473,Not Churn,0.4117,Medium,Synthetic Churn Risk Model,1.0,2026-06-30
CHN003474,CUS003474,Not Churn,0.2605,Low,Synthetic Churn Risk Model,1.0,2026-06-30
CHN003475,CUS003475,Not Churn,0.0622,Low,Synthetic Churn Risk Model,1.0,2026-06-30
CHN003476,CUS003476,Not Churn,0.0606,Low,Synthetic Churn Risk Model,1.0,2026-06-30
CHN003477,CUS003477,Not Churn,0.2641,Low,Synthetic Churn Risk Model,1.0,2026-06-30
CHN003478,CUS003478,Not Churn,0.1392,Low,Synthetic Churn Risk Model,1.0,2026-06-30
CHN003479,CUS003479,Not Churn,0.3958,Medium,Synthetic Churn Risk Model,1.0,2026-06-30
CHN003480,CUS003480,Not Churn,0.0489,Low,Synthetic Churn Risk Model,1.0,2026-06-30
CHN003481,CUS003481,Not Churn,0.0682,Low,Synthetic Churn Risk Model,1.0,2026-06-30
CHN003482,CUS003482,Not Churn,0.4179,Medium,Synthetic Churn Risk Model,1.0,2026-06-30
CHN003483,CUS003483,Not Churn,0.0435,Low,Synthetic Churn Risk Model,1.0,2026-06-30
CHN003484,CUS003484,Not Churn,0.0372,Low,Synthetic Churn Risk Model,1.0,2026-06-30
CHN003485,CUS003485,Not Churn,0.204,Low,Synthetic Churn Risk Model,1.0,2026-06-30
CHN003486,CUS003486,Not Churn,0.0883,Low,Synthetic Churn Risk Model,1.0,2026-06-30
CHN003487,CUS003487,Not Churn,0.0446,Low,Synthetic Churn Risk Model,1.0,2026-06-30
CHN003488,CUS003488,Churn,0.7016,High,Synthetic Churn Risk Model,1.0,2026-06-30
CHN003489,CUS003489,Not Churn,0.4206,Medium,Synthetic Churn Risk Model,1.0,2026-06-30
CHN003490,CUS003490,Not Churn,0.0384,Low,Synthetic Churn Risk Model,1.0,2026-06-30
CHN003491,CUS003491,Not Churn,0.0586,Low,Synthetic Churn Risk Model,1.0,2026-06-30
CHN003492,CUS003492,Not Churn,0.0661,Low,Synthetic Churn Risk Model,1.0,2026-06-30
CHN003493,CUS003493,Not Churn,0.0722,Low,Synthetic Churn Risk Model,1.0,2026-06-30
CHN003494,CUS003494,Not Churn,0.0195,Low,Synthetic Churn Risk Model,1.0,2026-06-30
CHN003495,CUS003495,Not Churn,0.4006,Medium,Synthetic Churn Risk Model,1.0,2026-06-30
CHN003496,CUS003496,Not Churn,0.0899,Low,Synthetic Churn Risk Model,1.0,2026-06-30
CHN003497,CUS003497,Not Churn,0.0499,Low,Synthetic Churn Risk Model,1.0,2026-06-30
CHN003498,CUS003498,Not Churn,0.0708,Low,Synthetic Churn Risk Model,1.0,2026-06-30
CHN003499,CUS003499,Not Churn,0.4038,Medium,Synthetic Churn Risk Model,1.0,2026-06-30
CHN003500,CUS003500,Not Churn,0.0446,Low,Synthetic Churn Risk Model,1.0,2026-06-30
CHN003501,CUS003501,Not Churn,0.1953,Low,Synthetic Churn Risk Model,1.0,2026-06-30
CHN003502,CUS003502,Not Churn,0.0553,Low,Synthetic Churn Risk Model,1.0,2026-06-30
CHN003503,CUS003503,Not Churn,0.4292,Medium,Synthetic Churn Risk Model,1.0,2026-06-30
CHN003504,CUS003504,Not Churn,0.1134,Low,Synthetic Churn Risk Model,1.0,2026-06-30
CHN003505,CUS003505,Not Churn,0.0945,Low,Synthetic Churn Risk Model,1.0,2026-06-30
CHN003506,CUS003506,Not Churn,0.0584,Low,Synthetic Churn Risk Model,1.0,2026-06-30
CHN003507,CUS003507,Not Churn,0.0553,Low,Synthetic Churn Risk Model,1.0,2026-06-30
CHN003508,CUS003508,Not Churn,0.0488,Low,Synthetic Churn Risk Model,1.0,2026-06-30
CHN003509,CUS003509,Not Churn,0.0281,Low,Synthetic Churn Risk Model,1.0,2026-06-30
CHN003510,CUS003510,Not Churn,0.0662,Low,Synthetic Churn Risk Model,1.0,2026-06-30
CHN003511,CUS003511,Not Churn,0.0436,Low,Synthetic Churn Risk Model,1.0,2026-06-30
CHN003512,CUS003512,Not Churn,0.0686,Low,Synthetic Churn Risk Model,1.0,2026-06-30
CHN003513,CUS003513,Not Churn,0.0393,Low,Synthetic Churn Risk Model,1.0,2026-06-30
CHN003514,CUS003514,Not Churn,0.4135,Medium,Synthetic Churn Risk Model,1.0,2026-06-30
CHN003515,CUS003515,Not Churn,0.4152,Medium,Synthetic Churn Risk Model,1.0,2026-06-30
CHN003516,CUS003516,Not Churn,0.0733,Low,Synthetic Churn Risk Model,1.0,2026-06-30
CHN003517,CUS003517,Not Churn,0.0141,Low,Synthetic Churn Risk Model,1.0,2026-06-30
CHN003518,CUS003518,Not Churn,0.0878,Low,Synthetic Churn Risk Model,1.0,2026-06-30
CHN003519,CUS003519,Not Churn,0.426,Medium,Synthetic Churn Risk Model,1.0,2026-06-30
CHN003520,CUS003520,Not Churn,0.403,Medium,Synthetic Churn Risk Model,1.0,2026-06-30
CHN003521,CUS003521,Not Churn,0.0466,Low,Synthetic Churn Risk Model,1.0,2026-06-30
CHN003522,CUS003522,Not Churn,0.0417,Low,Synthetic Churn Risk Model,1.0,2026-06-30
CHN003523,CUS003523,Not Churn,0.1157,Low,Synthetic Churn Risk Model,1.0,2026-06-30
CHN003524,CUS003524,Not Churn,0.4269,Medium,Synthetic Churn Risk Model,1.0,2026-06-30
CHN003525,CUS003525,Not Churn,0.1455,Low,Synthetic Churn Risk Model,1.0,2026-06-30
CHN003526,CUS003526,Not Churn,0.0277,Low,Synthetic Churn Risk Model,1.0,2026-06-30
CHN003527,CUS003527,Not Churn,0.4127,Medium,Synthetic Churn Risk Model,1.0,2026-06-30
CHN003528,CUS003528,Not Churn,0.096,Low,Synthetic Churn Risk Model,1.0,2026-06-30
CHN003529,CUS003529,Not Churn,0.0943,Low,Synthetic Churn Risk Model,1.0,2026-06-30
CHN003530,CUS003530,Not Churn,0.147,Low,Synthetic Churn Risk Model,1.0,2026-06-30
CHN003531,CUS003531,Not Churn,0.2889,Low,Synthetic Churn Risk Model,1.0,2026-06-30
CHN003532,CUS003532,Not Churn,0.2614,Low,Synthetic Churn Risk Model,1.0,2026-06-30
CHN003533,CUS003533,Not Churn,0.4066,Medium,Synthetic Churn Risk Model,1.0,2026-06-30
CHN003534,CUS003534,Not Churn,0.1298,Low,Synthetic Churn Risk Model,1.0,2026-06-30
CHN003535,CUS003535,Not Churn,0.2745,Low,Synthetic Churn Risk Model,1.0,2026-06-30
CHN003536,CUS003536,Not Churn,0.3037,Medium,Synthetic Churn Risk Model,1.0,2026-06-30
CHN003537,CUS003537,Not Churn,0.4058,Medium,Synthetic Churn Risk Model,1.0,2026-06-30
CHN003538,CUS003538,Not Churn,0.0515,Low,Synthetic Churn Risk Model,1.0,2026-06-30
CHN003539,CUS003539,Not Churn,0.0624,Low,Synthetic Churn Risk Model,1.0,2026-06-30
CHN003540,CUS003540,Not Churn,0.4164,Medium,Synthetic Churn Risk Model,1.0,2026-06-30
CHN003541,CUS003541,Not Churn,0.0797,Low,Synthetic Churn Risk Model,1.0,2026-06-30
CHN003542,CUS003542,Not Churn,0.1458,Low,Synthetic Churn Risk Model,1.0,2026-06-30
CHN003543,CUS003543,Not Churn,0.0767,Low,Synthetic Churn Risk Model,1.0,2026-06-30
CHN003544,CUS003544,Not Churn,0.0742,Low,Synthetic Churn Risk Model,1.0,2026-06-30
CHN003545,CUS003545,Not Churn,0.388,Medium,Synthetic Churn Risk Model,1.0,2026-06-30
CHN003546,CUS003546,Not Churn,0.1182,Low,Synthetic Churn Risk Model,1.0,2026-06-30
CHN003547,CUS003547,Not Churn,0.4,Medium,Synthetic Churn Risk Model,1.0,2026-06-30
CHN003548,CUS003548,Not Churn,0.0437,Low,Synthetic Churn Risk Model,1.0,2026-06-30
CHN003549,CUS003549,Not Churn,0.1279,Low,Synthetic Churn Risk Model,1.0,2026-06-30
CHN003550,CUS003550,Not Churn,0.3655,Medium,Synthetic Churn Risk Model,1.0,2026-06-30
CHN003551,CUS003551,Not Churn,0.4012,Medium,Synthetic Churn Risk Model,1.0,2026-06-30
CHN003552,CUS003552,Not Churn,0.1123,Low,Synthetic Churn Risk Model,1.0,2026-06-30
CHN003553,CUS003553,Not Churn,0.4256,Medium,Synthetic Churn Risk Model,1.0,2026-06-30
CHN003554,CUS003554,Not Churn,0.4069,Medium,Synthetic Churn Risk Model,1.0,2026-06-30
CHN003555,CUS003555,Not Churn,0.0241,Low,Synthetic Churn Risk Model,1.0,2026-06-30
CHN003556,CUS003556,Not Churn,0.0755,Low,Synthetic Churn Risk Model,1.0,2026-06-30
CHN003557,CUS003557,Not Churn,0.0744,Low,Synthetic Churn Risk Model,1.0,2026-06-30
CHN003558,CUS003558,Not Churn,0.0894,Low,Synthetic Churn Risk Model,1.0,2026-06-30
CHN003559,CUS003559,Not Churn,0.449,Medium,Synthetic Churn Risk Model,1.0,2026-06-30
CHN003560,CUS003560,Not Churn,0.0783,Low,Synthetic Churn Risk Model,1.0,2026-06-30
CHN003561,CUS003561,Not Churn,0.4029,Medium,Synthetic Churn Risk Model,1.0,2026-06-30
CHN003562,CUS003562,Not Churn,0.1415,Low,Synthetic Churn Risk Model,1.0,2026-06-30
CHN003563,CUS003563,Not Churn,0.049,Low,Synthetic Churn Risk Model,1.0,2026-06-30
CHN003564,CUS003564,Not Churn,0.0838,Low,Synthetic Churn Risk Model,1.0,2026-06-30
CHN003565,CUS003565,Not Churn,0.0441,Low,Synthetic Churn Risk Model,1.0,2026-06-30
CHN003566,CUS003566,Not Churn,0.0591,Low,Synthetic Churn Risk Model,1.0,2026-06-30
CHN003567,CUS003567,Not Churn,0.4385,Medium,Synthetic Churn Risk Model,1.0,2026-06-30
CHN003568,CUS003568,Not Churn,0.059,Low,Synthetic Churn Risk Model,1.0,2026-06-30
CHN003569,CUS003569,Not Churn,0.1293,Low,Synthetic Churn Risk Model,1.0,2026-06-30
CHN003570,CUS003570,Not Churn,0.0999,Low,Synthetic Churn Risk Model,1.0,2026-06-30
CHN003571,CUS003571,Not Churn,0.3961,Medium,Synthetic Churn Risk Model,1.0,2026-06-30
CHN003572,CUS003572,Not Churn,0.4518,Medium,Synthetic Churn Risk Model,1.0,2026-06-30
CHN003573,CUS003573,Not Churn,0.0282,Low,Synthetic Churn Risk Model,1.0,2026-06-30
CHN003574,CUS003574,Not Churn,0.2011,Low,Synthetic Churn Risk Model,1.0,2026-06-30
CHN003575,CUS003575,Not Churn,0.4173,Medium,Synthetic Churn Risk Model,1.0,2026-06-30
CHN003576,CUS003576,Not Churn,0.0153,Low,Synthetic Churn Risk Model,1.0,2026-06-30
CHN003577,CUS003577,Not Churn,0.4146,Medium,Synthetic Churn Risk Model,1.0,2026-06-30
CHN003578,CUS003578,Not Churn,0.0418,Low,Synthetic Churn Risk Model,1.0,2026-06-30
CHN003579,CUS003579,Not Churn,0.0471,Low,Synthetic Churn Risk Model,1.0,2026-06-30
CHN003580,CUS003580,Not Churn,0.0325,Low,Synthetic Churn Risk Model,1.0,2026-06-30
CHN003581,CUS003581,Not Churn,0.0646,Low,Synthetic Churn Risk Model,1.0,2026-06-30
CHN003582,CUS003582,Not Churn,0.0364,Low,Synthetic Churn Risk Model,1.0,2026-06-30
CHN003583,CUS003583,Not Churn,0.1369,Low,Synthetic Churn Risk Model,1.0,2026-06-30
CHN003584,CUS003584,Not Churn,0.0637,Low,Synthetic Churn Risk Model,1.0,2026-06-30
CHN003585,CUS003585,Not Churn,0.0393,Low,Synthetic Churn Risk Model,1.0,2026-06-30
CHN003586,CUS003586,Not Churn,0.0562,Low,Synthetic Churn Risk Model,1.0,2026-06-30
CHN003587,CUS003587,Not Churn,0.114,Low,Synthetic Churn Risk Model,1.0,2026-06-30
CHN003588,CUS003588,Not Churn,0.0409,Low,Synthetic Churn Risk Model,1.0,2026-06-30
CHN003589,CUS003589,Not Churn,0.0549,Low,Synthetic Churn Risk Model,1.0,2026-06-30
CHN003590,CUS003590,Not Churn,0.4329,Medium,Synthetic Churn Risk Model,1.0,2026-06-30
CHN003591,CUS003591,Not Churn,0.0422,Low,Synthetic Churn Risk Model,1.0,2026-06-30
CHN003592,CUS003592,Not Churn,0.4423,Medium,Synthetic Churn Risk Model,1.0,2026-06-30
CHN003593,CUS003593,Not Churn,0.3949,Medium,Synthetic Churn Risk Model,1.0,2026-06-30
CHN003594,CUS003594,Not Churn,0.0323,Low,Synthetic Churn Risk Model,1.0,2026-06-30
CHN003595,CUS003595,Not Churn,0.0632,Low,Synthetic Churn Risk Model,1.0,2026-06-30
CHN003596,CUS003596,Not Churn,0.0318,Low,Synthetic Churn Risk Model,1.0,2026-06-30
CHN003597,CUS003597,Not Churn,0.0165,Low,Synthetic Churn Risk Model,1.0,2026-06-30
CHN003598,CUS003598,Not Churn,0.3548,Medium,Synthetic Churn Risk Model,1.0,2026-06-30
CHN003599,CUS003599,Not Churn,0.0913,Low,Synthetic Churn Risk Model,1.0,2026-06-30
CHN003600,CUS003600,Not Churn,0.1206,Low,Synthetic Churn Risk Model,1.0,2026-06-30
CHN003601,CUS003601,Not Churn,0.4256,Medium,Synthetic Churn Risk Model,1.0,2026-06-30
CHN003602,CUS003602,Not Churn,0.0234,Low,Synthetic Churn Risk Model,1.0,2026-06-30
CHN003603,CUS003603,Not Churn,0.0664,Low,Synthetic Churn Risk Model,1.0,2026-06-30
CHN003604,CUS003604,Churn,0.6664,High,Synthetic Churn Risk Model,1.0,2026-06-30
CHN003605,CUS003605,Not Churn,0.0539,Low,Synthetic Churn Risk Model,1.0,2026-06-30
CHN003606,CUS003606,Not Churn,0.0242,Low,Synthetic Churn Risk Model,1.0,2026-06-30
CHN003607,CUS003607,Not Churn,0.3514,Medium,Synthetic Churn Risk Model,1.0,2026-06-30
CHN003608,CUS003608,Not Churn,0.4142,Medium,Synthetic Churn Risk Model,1.0,2026-06-30
CHN003609,CUS003609,Not Churn,0.3992,Medium,Synthetic Churn Risk Model,1.0,2026-06-30
CHN003610,CUS003610,Not Churn,0.366,Medium,Synthetic Churn Risk Model,1.0,2026-06-30
CHN003611,CUS003611,Not Churn,0.1888,Low,Synthetic Churn Risk Model,1.0,2026-06-30
CHN003612,CUS003612,Not Churn,0.4031,Medium,Synthetic Churn Risk Model,1.0,2026-06-30
CHN003613,CUS003613,Not Churn,0.3991,Medium,Synthetic Churn Risk Model,1.0,2026-06-30
CHN003614,CUS003614,Not Churn,0.2924,Low,Synthetic Churn Risk Model,1.0,2026-06-30
CHN003615,CUS003615,Not Churn,0.3962,Medium,Synthetic Churn Risk Model,1.0,2026-06-30
CHN003616,CUS003616,Not Churn,0.0084,Low,Synthetic Churn Risk Model,1.0,2026-06-30
CHN003617,CUS003617,Not Churn,0.0862,Low,Synthetic Churn Risk Model,1.0,2026-06-30
CHN003618,CUS003618,Not Churn,0.2434,Low,Synthetic Churn Risk Model,1.0,2026-06-30
CHN003619,CUS003619,Not Churn,0.0276,Low,Synthetic Churn Risk Model,1.0,2026-06-30
CHN003620,CUS003620,Not Churn,0.0805,Low,Synthetic Churn Risk Model,1.0,2026-06-30
CHN003621,CUS003621,Not Churn,0.1123,Low,Synthetic Churn Risk Model,1.0,2026-06-30
CHN003622,CUS003622,Not Churn,0.0633,Low,Synthetic Churn Risk Model,1.0,2026-06-30
CHN003623,CUS003623,Not Churn,0.0256,Low,Synthetic Churn Risk Model,1.0,2026-06-30
CHN003624,CUS003624,Not Churn,0.1745,Low,Synthetic Churn Risk Model,1.0,2026-06-30
CHN003625,CUS003625,Not Churn,0.1402,Low,Synthetic Churn Risk Model,1.0,2026-06-30
CHN003626,CUS003626,Not Churn,0.4159,Medium,Synthetic Churn Risk Model,1.0,2026-06-30
CHN003627,CUS003627,Not Churn,0.0733,Low,Synthetic Churn Risk Model,1.0,2026-06-30
CHN003628,CUS003628,Not Churn,0.0336,Low,Synthetic Churn Risk Model,1.0,2026-06-30
CHN003629,CUS003629,Not Churn,0.4373,Medium,Synthetic Churn Risk Model,1.0,2026-06-30
CHN003630,CUS003630,Not Churn,0.4023,Medium,Synthetic Churn Risk Model,1.0,2026-06-30
CHN003631,CUS003631,Not Churn,0.4314,Medium,Synthetic Churn Risk Model,1.0,2026-06-30
CHN003632,CUS003632,Not Churn,0.416,Medium,Synthetic Churn Risk Model,1.0,2026-06-30
CHN003633,CUS003633,Not Churn,0.0359,Low,Synthetic Churn Risk Model,1.0,2026-06-30
CHN003634,CUS003634,Not Churn,0.4352,Medium,Synthetic Churn Risk Model,1.0,2026-06-30
CHN003635,CUS003635,Not Churn,0.3077,Medium,Synthetic Churn Risk Model,1.0,2026-06-30
CHN003636,CUS003636,Not Churn,0.2877,Low,Synthetic Churn Risk Model,1.0,2026-06-30
CHN003637,CUS003637,Not Churn,0.0607,Low,Synthetic Churn Risk Model,1.0,2026-06-30
CHN003638,CUS003638,Not Churn,0.4163,Medium,Synthetic Churn Risk Model,1.0,2026-06-30
CHN003639,CUS003639,Not Churn,0.0999,Low,Synthetic Churn Risk Model,1.0,2026-06-30
CHN003640,CUS003640,Not Churn,0.0972,Low,Synthetic Churn Risk Model,1.0,2026-06-30
CHN003641,CUS003641,Not Churn,0.4068,Medium,Synthetic Churn Risk Model,1.0,2026-06-30
CHN003642,CUS003642,Not Churn,0.0568,Low,Synthetic Churn Risk Model,1.0,2026-06-30
CHN003643,CUS003643,Not Churn,0.1166,Low,Synthetic Churn Risk Model,1.0,2026-06-30
CHN003644,CUS003644,Not Churn,0.4227,Medium,Synthetic Churn Risk Model,1.0,2026-06-30
CHN003645,CUS003645,Not Churn,0.3228,Medium,Synthetic Churn Risk Model,1.0,2026-06-30
CHN003646,CUS003646,Not Churn,0.0689,Low,Synthetic Churn Risk Model,1.0,2026-06-30
CHN003647,CUS003647,Not Churn,0.4096,Medium,Synthetic Churn Risk Model,1.0,2026-06-30
CHN003648,CUS003648,Not Churn,0.0301,Low,Synthetic Churn Risk Model,1.0,2026-06-30
CHN003649,CUS003649,Not Churn,0.265,Low,Synthetic Churn Risk Model,1.0,2026-06-30
CHN003650,CUS003650,Not Churn,0.0844,Low,Synthetic Churn Risk Model,1.0,2026-06-30
CHN003651,CUS003651,Not Churn,0.4273,Medium,Synthetic Churn Risk Model,1.0,2026-06-30
CHN003652,CUS003652,Not Churn,0.0332,Low,Synthetic Churn Risk Model,1.0,2026-06-30
CHN003653,CUS003653,Not Churn,0.0583,Low,Synthetic Churn Risk Model,1.0,2026-06-30
CHN003654,CUS003654,Not Churn,0.41,Medium,Synthetic Churn Risk Model,1.0,2026-06-30
CHN003655,CUS003655,Not Churn,0.0488,Low,Synthetic Churn Risk Model,1.0,2026-06-30
CHN003656,CUS003656,Not Churn,0.0381,Low,Synthetic Churn Risk Model,1.0,2026-06-30
CHN003657,CUS003657,Not Churn,0.4064,Medium,Synthetic Churn Risk Model,1.0,2026-06-30
CHN003658,CUS003658,Not Churn,0.0888,Low,Synthetic Churn Risk Model,1.0,2026-06-30
CHN003659,CUS003659,Not Churn,0.0542,Low,Synthetic Churn Risk Model,1.0,2026-06-30
CHN003660,CUS003660,Not Churn,0.0308,Low,Synthetic Churn Risk Model,1.0,2026-06-30
CHN003661,CUS003661,Not Churn,0.4284,Medium,Synthetic Churn Risk Model,1.0,2026-06-30
CHN003662,CUS003662,Not Churn,0.0238,Low,Synthetic Churn Risk Model,1.0,2026-06-30
CHN003663,CUS003663,Not Churn,0.0386,Low,Synthetic Churn Risk Model,1.0,2026-06-30
CHN003664,CUS003664,Not Churn,0.0827,Low,Synthetic Churn Risk Model,1.0,2026-06-30
CHN003665,CUS003665,Not Churn,0.0445,Low,Synthetic Churn Risk Model,1.0,2026-06-30
CHN003666,CUS003666,Not Churn,0.0269,Low,Synthetic Churn Risk Model,1.0,2026-06-30
CHN003667,CUS003667,Not Churn,0.0544,Low,Synthetic Churn Risk Model,1.0,2026-06-30
CHN003668,CUS003668,Not Churn,0.0305,Low,Synthetic Churn Risk Model,1.0,2026-06-30
CHN003669,CUS003669,Not Churn,0.0639,Low,Synthetic Churn Risk Model,1.0,2026-06-30
CHN003670,CUS003670,Not Churn,0.1858,Low,Synthetic Churn Risk Model,1.0,2026-06-30
CHN003671,CUS003671,Not Churn,0.4177,Medium,Synthetic Churn Risk Model,1.0,2026-06-30
CHN003672,CUS003672,Not Churn,0.0262,Low,Synthetic Churn Risk Model,1.0,2026-06-30
CHN003673,CUS003673,Not Churn,0.2316,Low,Synthetic Churn Risk Model,1.0,2026-06-30
CHN003674,CUS003674,Not Churn,0.0297,Low,Synthetic Churn Risk Model,1.0,2026-06-30
CHN003675,CUS003675,Not Churn,0.0562,Low,Synthetic Churn Risk Model,1.0,2026-06-30
CHN003676,CUS003676,Not Churn,0.4164,Medium,Synthetic Churn Risk Model,1.0,2026-06-30
CHN003677,CUS003677,Not Churn,0.1411,Low,Synthetic Churn Risk Model,1.0,2026-06-30
CHN003678,CUS003678,Not Churn,0.063,Low,Synthetic Churn Risk Model,1.0,2026-06-30
CHN003679,CUS003679,Not Churn,0.0402,Low,Synthetic Churn Risk Model,1.0,2026-06-30
CHN003680,CUS003680,Not Churn,0.0875,Low,Synthetic Churn Risk Model,1.0,2026-06-30
CHN003681,CUS003681,Not Churn,0.0469,Low,Synthetic Churn Risk Model,1.0,2026-06-30
CHN003682,CUS003682,Not Churn,0.0337,Low,Synthetic Churn Risk Model,1.0,2026-06-30
CHN003683,CUS003683,Not Churn,0.432,Medium,Synthetic Churn Risk Model,1.0,2026-06-30
CHN003684,CUS003684,Not Churn,0.1053,Low,Synthetic Churn Risk Model,1.0,2026-06-30
CHN003685,CUS003685,Not Churn,0.0324,Low,Synthetic Churn Risk Model,1.0,2026-06-30
CHN003686,CUS003686,Not Churn,0.0427,Low,Synthetic Churn Risk Model,1.0,2026-06-30
CHN003687,CUS003687,Not Churn,0.4191,Medium,Synthetic Churn Risk Model,1.0,2026-06-30
CHN003688,CUS003688,Not Churn,0.0953,Low,Synthetic Churn Risk Model,1.0,2026-06-30
CHN003689,CUS003689,Not Churn,0.3935,Medium,Synthetic Churn Risk Model,1.0,2026-06-30
CHN003690,CUS003690,Not Churn,0.0984,Low,Synthetic Churn Risk Model,1.0,2026-06-30
CHN003691,CUS003691,Not Churn,0.1519,Low,Synthetic Churn Risk Model,1.0,2026-06-30
CHN003692,CUS003692,Not Churn,0.3563,Medium,Synthetic Churn Risk Model,1.0,2026-06-30
CHN003693,CUS003693,Not Churn,0.0393,Low,Synthetic Churn Risk Model,1.0,2026-06-30
CHN003694,CUS003694,Not Churn,0.0715,Low,Synthetic Churn Risk Model,1.0,2026-06-30
CHN003695,CUS003695,Not Churn,0.0382,Low,Synthetic Churn Risk Model,1.0,2026-06-30
CHN003696,CUS003696,Not Churn,0.3176,Medium,Synthetic Churn Risk Model,1.0,2026-06-30
CHN003697,CUS003697,Not Churn,0.3976,Medium,Synthetic Churn Risk Model,1.0,2026-06-30
CHN003698,CUS003698,Not Churn,0.0361,Low,Synthetic Churn Risk Model,1.0,2026-06-30
CHN003699,CUS003699,Not Churn,0.1623,Low,Synthetic Churn Risk Model,1.0,2026-06-30
CHN003700,CUS003700,Not Churn,0.2099,Low,Synthetic Churn Risk Model,1.0,2026-06-30
CHN003701,CUS003701,Not Churn,0.4256,Medium,Synthetic Churn Risk Model,1.0,2026-06-30
CHN003702,CUS003702,Not Churn,0.0488,Low,Synthetic Churn Risk Model,1.0,2026-06-30
CHN003703,CUS003703,Not Churn,0.0399,Low,Synthetic Churn Risk Model,1.0,2026-06-30
CHN003704,CUS003704,Not Churn,0.0789,Low,Synthetic Churn Risk Model,1.0,2026-06-30
CHN003705,CUS003705,Not Churn,0.0799,Low,Synthetic Churn Risk Model,1.0,2026-06-30
CHN003706,CUS003706,Not Churn,0.1064,Low,Synthetic Churn Risk Model,1.0,2026-06-30
CHN003707,CUS003707,Not Churn,0.0551,Low,Synthetic Churn Risk Model,1.0,2026-06-30
CHN003708,CUS003708,Not Churn,0.4008,Medium,Synthetic Churn Risk Model,1.0,2026-06-30
CHN003709,CUS003709,Not Churn,0.4055,Medium,Synthetic Churn Risk Model,1.0,2026-06-30
CHN003710,CUS003710,Not Churn,0.4092,Medium,Synthetic Churn Risk Model,1.0,2026-06-30
CHN003711,CUS003711,Not Churn,0.0481,Low,Synthetic Churn Risk Model,1.0,2026-06-30
CHN003712,CUS003712,Not Churn,0.4466,Medium,Synthetic Churn Risk Model,1.0,2026-06-30
CHN003713,CUS003713,Not Churn,0.4261,Medium,Synthetic Churn Risk Model,1.0,2026-06-30
CHN003714,CUS003714,Not Churn,0.4177,Medium,Synthetic Churn Risk Model,1.0,2026-06-30
CHN003715,CUS003715,Not Churn,0.4143,Medium,Synthetic Churn Risk Model,1.0,2026-06-30
CHN003716,CUS003716,Not Churn,0.1042,Low,Synthetic Churn Risk Model,1.0,2026-06-30
CHN003717,CUS003717,Not Churn,0.2044,Low,Synthetic Churn Risk Model,1.0,2026-06-30
CHN003718,CUS003718,Not Churn,0.0384,Low,Synthetic Churn Risk Model,1.0,2026-06-30
CHN003719,CUS003719,Not Churn,0.5655,Medium,Synthetic Churn Risk Model,1.0,2026-06-30
CHN003720,CUS003720,Not Churn,0.1884,Low,Synthetic Churn Risk Model,1.0,2026-06-30
CHN003721,CUS003721,Not Churn,0.0569,Low,Synthetic Churn Risk Model,1.0,2026-06-30
CHN003722,CUS003722,Not Churn,0.4717,Medium,Synthetic Churn Risk Model,1.0,2026-06-30
CHN003723,CUS003723,Not Churn,0.158,Low,Synthetic Churn Risk Model,1.0,2026-06-30
CHN003724,CUS003724,Not Churn,0.0684,Low,Synthetic Churn Risk Model,1.0,2026-06-30
CHN003725,CUS003725,Not Churn,0.1419,Low,Synthetic Churn Risk Model,1.0,2026-06-30
CHN003726,CUS003726,Not Churn,0.0469,Low,Synthetic Churn Risk Model,1.0,2026-06-30
CHN003727,CUS003727,Not Churn,0.0281,Low,Synthetic Churn Risk Model,1.0,2026-06-30
CHN003728,CUS003728,Not Churn,0.4196,Medium,Synthetic Churn Risk Model,1.0,2026-06-30
CHN003729,CUS003729,Not Churn,0.1881,Low,Synthetic Churn Risk Model,1.0,2026-06-30
CHN003730,CUS003730,Not Churn,0.0434,Low,Synthetic Churn Risk Model,1.0,2026-06-30
CHN003731,CUS003731,Not Churn,0.0028,Low,Synthetic Churn Risk Model,1.0,2026-06-30
CHN003732,CUS003732,Not Churn,0.0406,Low,Synthetic Churn Risk Model,1.0,2026-06-30
CHN003733,CUS003733,Not Churn,0.0621,Low,Synthetic Churn Risk Model,1.0,2026-06-30
CHN003734,CUS003734,Not Churn,0.4617,Medium,Synthetic Churn Risk Model,1.0,2026-06-30
CHN003735,CUS003735,Not Churn,0.1905,Low,Synthetic Churn Risk Model,1.0,2026-06-30
CHN003736,CUS003736,Not Churn,0.3415,Medium,Synthetic Churn Risk Model,1.0,2026-06-30
CHN003737,CUS003737,Not Churn,0.4234,Medium,Synthetic Churn Risk Model,1.0,2026-06-30
CHN003738,CUS003738,Not Churn,0.4064,Medium,Synthetic Churn Risk Model,1.0,2026-06-30
CHN003739,CUS003739,Not Churn,0.0844,Low,Synthetic Churn Risk Model,1.0,2026-06-30
CHN003740,CUS003740,Not Churn,0.0371,Low,Synthetic Churn Risk Model,1.0,2026-06-30
CHN003741,CUS003741,Not Churn,0.0763,Low,Synthetic Churn Risk Model,1.0,2026-06-30
CHN003742,CUS003742,Not Churn,0.0549,Low,Synthetic Churn Risk Model,1.0,2026-06-30
CHN003743,CUS003743,Not Churn,0.0537,Low,Synthetic Churn Risk Model,1.0,2026-06-30
CHN003744,CUS003744,Not Churn,0.3143,Medium,Synthetic Churn Risk Model,1.0,2026-06-30
CHN003745,CUS003745,Not Churn,0.0146,Low,Synthetic Churn Risk Model,1.0,2026-06-30
CHN003746,CUS003746,Not Churn,0.0462,Low,Synthetic Churn Risk Model,1.0,2026-06-30
CHN003747,CUS003747,Not Churn,0.0703,Low,Synthetic Churn Risk Model,1.0,2026-06-30
CHN003748,CUS003748,Not Churn,0.0414,Low,Synthetic Churn Risk Model,1.0,2026-06-30
CHN003749,CUS003749,Not Churn,0.4218,Medium,Synthetic Churn Risk Model,1.0,2026-06-30
CHN003750,CUS003750,Not Churn,0.0194,Low,Synthetic Churn Risk Model,1.0,2026-06-30
CHN003751,CUS003751,Not Churn,0.4134,Medium,Synthetic Churn Risk Model,1.0,2026-06-30
CHN003752,CUS003752,Not Churn,0.1856,Low,Synthetic Churn Risk Model,1.0,2026-06-30
CHN003753,CUS003753,Not Churn,0.0164,Low,Synthetic Churn Risk Model,1.0,2026-06-30
CHN003754,CUS003754,Not Churn,0.0432,Low,Synthetic Churn Risk Model,1.0,2026-06-30
CHN003755,CUS003755,Not Churn,0.0914,Low,Synthetic Churn Risk Model,1.0,2026-06-30
CHN003756,CUS003756,Churn,0.8305,High,Synthetic Churn Risk Model,1.0,2026-06-30
CHN003757,CUS003757,Not Churn,0.0808,Low,Synthetic Churn Risk Model,1.0,2026-06-30
CHN003758,CUS003758,Not Churn,0.1595,Low,Synthetic Churn Risk Model,1.0,2026-06-30
CHN003759,CUS003759,Not Churn,0.0366,Low,Synthetic Churn Risk Model,1.0,2026-06-30
CHN003760,CUS003760,Not Churn,0.2338,Low,Synthetic Churn Risk Model,1.0,2026-06-30
CHN003761,CUS003761,Not Churn,0.0371,Low,Synthetic Churn Risk Model,1.0,2026-06-30
CHN003762,CUS003762,Not Churn,0.3283,Medium,Synthetic Churn Risk Model,1.0,2026-06-30
CHN003763,CUS003763,Not Churn,0.0343,Low,Synthetic Churn Risk Model,1.0,2026-06-30
CHN003764,CUS003764,Not Churn,0.0362,Low,Synthetic Churn Risk Model,1.0,2026-06-30
CHN003765,CUS003765,Not Churn,0.3252,Medium,Synthetic Churn Risk Model,1.0,2026-06-30
CHN003766,CUS003766,Not Churn,0.0434,Low,Synthetic Churn Risk Model,1.0,2026-06-30
CHN003767,CUS003767,Not Churn,0.1121,Low,Synthetic Churn Risk Model,1.0,2026-06-30
CHN003768,CUS003768,Not Churn,0.1405,Low,Synthetic Churn Risk Model,1.0,2026-06-30
CHN003769,CUS003769,Not Churn,0.4083,Medium,Synthetic Churn Risk Model,1.0,2026-06-30
CHN003770,CUS003770,Not Churn,0.0889,Low,Synthetic Churn Risk Model,1.0,2026-06-30
CHN003771,CUS003771,Not Churn,0.094,Low,Synthetic Churn Risk Model,1.0,2026-06-30
CHN003772,CUS003772,Not Churn,0.4029,Medium,Synthetic Churn Risk Model,1.0,2026-06-30
CHN003773,CUS003773,Not Churn,0.0368,Low,Synthetic Churn Risk Model,1.0,2026-06-30
CHN003774,CUS003774,Not Churn,0.2894,Low,Synthetic Churn Risk Model,1.0,2026-06-30
CHN003775,CUS003775,Not Churn,0.0591,Low,Synthetic Churn Risk Model,1.0,2026-06-30
CHN003776,CUS003776,Not Churn,0.0874,Low,Synthetic Churn Risk Model,1.0,2026-06-30
CHN003777,CUS003777,Not Churn,0.4134,Medium,Synthetic Churn Risk Model,1.0,2026-06-30
CHN003778,CUS003778,Not Churn,0.0291,Low,Synthetic Churn Risk Model,1.0,2026-06-30
CHN003779,CUS003779,Not Churn,0.0709,Low,Synthetic Churn Risk Model,1.0,2026-06-30
CHN003780,CUS003780,Not Churn,0.0312,Low,Synthetic Churn Risk Model,1.0,2026-06-30
CHN003781,CUS003781,Not Churn,0.2493,Low,Synthetic Churn Risk Model,1.0,2026-06-30
CHN003782,CUS003782,Not Churn,0.0444,Low,Synthetic Churn Risk Model,1.0,2026-06-30
CHN003783,CUS003783,Not Churn,0.4049,Medium,Synthetic Churn Risk Model,1.0,2026-06-30
CHN003784,CUS003784,Not Churn,0.0454,Low,Synthetic Churn Risk Model,1.0,2026-06-30
CHN003785,CUS003785,Not Churn,0.0921,Low,Synthetic Churn Risk Model,1.0,2026-06-30
CHN003786,CUS003786,Not Churn,0.0277,Low,Synthetic Churn Risk Model,1.0,2026-06-30
CHN003787,CUS003787,Not Churn,0.0274,Low,Synthetic Churn Risk Model,1.0,2026-06-30
CHN003788,CUS003788,Not Churn,0.0231,Low,Synthetic Churn Risk Model,1.0,2026-06-30
CHN003789,CUS003789,Not Churn,0.4293,Medium,Synthetic Churn Risk Model,1.0,2026-06-30
CHN003790,CUS003790,Not Churn,0.4193,Medium,Synthetic Churn Risk Model,1.0,2026-06-30
CHN003791,CUS003791,Not Churn,0.4263,Medium,Synthetic Churn Risk Model,1.0,2026-06-30
CHN003792,CUS003792,Not Churn,0.1049,Low,Synthetic Churn Risk Model,1.0,2026-06-30
CHN003793,CUS003793,Not Churn,0.4232,Medium,Synthetic Churn Risk Model,1.0,2026-06-30
CHN003794,CUS003794,Not Churn,0.0419,Low,Synthetic Churn Risk Model,1.0,2026-06-30
CHN003795,CUS003795,Not Churn,0.0706,Low,Synthetic Churn Risk Model,1.0,2026-06-30
CHN003796,CUS003796,Not Churn,0.4126,Medium,Synthetic Churn Risk Model,1.0,2026-06-30
CHN003797,CUS003797,Not Churn,0.0686,Low,Synthetic Churn Risk Model,1.0,2026-06-30
CHN003798,CUS003798,Not Churn,0.1818,Low,Synthetic Churn Risk Model,1.0,2026-06-30
CHN003799,CUS003799,Not Churn,0.1565,Low,Synthetic Churn Risk Model,1.0,2026-06-30
CHN003800,CUS003800,Not Churn,0.1373,Low,Synthetic Churn Risk Model,1.0,2026-06-30
CHN003801,CUS003801,Not Churn,0.0526,Low,Synthetic Churn Risk Model,1.0,2026-06-30
CHN003802,CUS003802,Not Churn,0.0435,Low,Synthetic Churn Risk Model,1.0,2026-06-30
CHN003803,CUS003803,Not Churn,0.0109,Low,Synthetic Churn Risk Model,1.0,2026-06-30
CHN003804,CUS003804,Not Churn,0.1566,Low,Synthetic Churn Risk Model,1.0,2026-06-30
CHN003805,CUS003805,Not Churn,0.1298,Low,Synthetic Churn Risk Model,1.0,2026-06-30
CHN003806,CUS003806,Not Churn,0.0508,Low,Synthetic Churn Risk Model,1.0,2026-06-30
CHN003807,CUS003807,Not Churn,0.0101,Low,Synthetic Churn Risk Model,1.0,2026-06-30
CHN003808,CUS003808,Not Churn,0.0749,Low,Synthetic Churn Risk Model,1.0,2026-06-30
CHN003809,CUS003809,Not Churn,0.0807,Low,Synthetic Churn Risk Model,1.0,2026-06-30
CHN003810,CUS003810,Not Churn,0.2157,Low,Synthetic Churn Risk Model,1.0,2026-06-30
CHN003811,CUS003811,Not Churn,0.1123,Low,Synthetic Churn Risk Model,1.0,2026-06-30
CHN003812,CUS003812,Not Churn,0.1539,Low,Synthetic Churn Risk Model,1.0,2026-06-30
CHN003813,CUS003813,Not Churn,0.098,Low,Synthetic Churn Risk Model,1.0,2026-06-30
CHN003814,CUS003814,Not Churn,0.3947,Medium,Synthetic Churn Risk Model,1.0,2026-06-30
CHN003815,CUS003815,Not Churn,0.276,Low,Synthetic Churn Risk Model,1.0,2026-06-30
CHN003816,CUS003816,Not Churn,0.4051,Medium,Synthetic Churn Risk Model,1.0,2026-06-30
CHN003817,CUS003817,Not Churn,0.3968,Medium,Synthetic Churn Risk Model,1.0,2026-06-30
CHN003818,CUS003818,Not Churn,0.0344,Low,Synthetic Churn Risk Model,1.0,2026-06-30
CHN003819,CUS003819,Not Churn,0.0569,Low,Synthetic Churn Risk Model,1.0,2026-06-30
CHN003820,CUS003820,Not Churn,0.2508,Low,Synthetic Churn Risk Model,1.0,2026-06-30
CHN003821,CUS003821,Not Churn,0.5483,Medium,Synthetic Churn Risk Model,1.0,2026-06-30
CHN003822,CUS003822,Not Churn,0.4275,Medium,Synthetic Churn Risk Model,1.0,2026-06-30
CHN003823,CUS003823,Not Churn,0.4167,Medium,Synthetic Churn Risk Model,1.0,2026-06-30
CHN003824,CUS003824,Not Churn,0.0429,Low,Synthetic Churn Risk Model,1.0,2026-06-30
CHN003825,CUS003825,Not Churn,0.0543,Low,Synthetic Churn Risk Model,1.0,2026-06-30
CHN003826,CUS003826,Not Churn,0.0864,Low,Synthetic Churn Risk Model,1.0,2026-06-30
CHN003827,CUS003827,Not Churn,0.1058,Low,Synthetic Churn Risk Model,1.0,2026-06-30
CHN003828,CUS003828,Not Churn,0.3513,Medium,Synthetic Churn Risk Model,1.0,2026-06-30
CHN003829,CUS003829,Not Churn,0.0672,Low,Synthetic Churn Risk Model,1.0,2026-06-30
CHN003830,CUS003830,Not Churn,0.0597,Low,Synthetic Churn Risk Model,1.0,2026-06-30
CHN003831,CUS003831,Not Churn,0.0262,Low,Synthetic Churn Risk Model,1.0,2026-06-30
CHN003832,CUS003832,Not Churn,0.0624,Low,Synthetic Churn Risk Model,1.0,2026-06-30
CHN003833,CUS003833,Not Churn,0.0494,Low,Synthetic Churn Risk Model,1.0,2026-06-30
CHN003834,CUS003834,Not Churn,0.19,Low,Synthetic Churn Risk Model,1.0,2026-06-30
CHN003835,CUS003835,Not Churn,0.028,Low,Synthetic Churn Risk Model,1.0,2026-06-30
CHN003836,CUS003836,Not Churn,0.1992,Low,Synthetic Churn Risk Model,1.0,2026-06-30
CHN003837,CUS003837,Not Churn,0.1334,Low,Synthetic Churn Risk Model,1.0,2026-06-30
CHN003838,CUS003838,Not Churn,0.0973,Low,Synthetic Churn Risk Model,1.0,2026-06-30
CHN003839,CUS003839,Not Churn,0.4185,Medium,Synthetic Churn Risk Model,1.0,2026-06-30
CHN003840,CUS003840,Not Churn,0.1512,Low,Synthetic Churn Risk Model,1.0,2026-06-30
CHN003841,CUS003841,Not Churn,0.1159,Low,Synthetic Churn Risk Model,1.0,2026-06-30
CHN003842,CUS003842,Not Churn,0.4086,Medium,Synthetic Churn Risk Model,1.0,2026-06-30
CHN003843,CUS003843,Not Churn,0.1054,Low,Synthetic Churn Risk Model,1.0,2026-06-30
CHN003844,CUS003844,Not Churn,0.4022,Medium,Synthetic Churn Risk Model,1.0,2026-06-30
CHN003845,CUS003845,Not Churn,0.0298,Low,Synthetic Churn Risk Model,1.0,2026-06-30
CHN003846,CUS003846,Not Churn,0.4296,Medium,Synthetic Churn Risk Model,1.0,2026-06-30
CHN003847,CUS003847,Not Churn,0.4247,Medium,Synthetic Churn Risk Model,1.0,2026-06-30
CHN003848,CUS003848,Not Churn,0.1422,Low,Synthetic Churn Risk Model,1.0,2026-06-30
CHN003849,CUS003849,Not Churn,0.427,Medium,Synthetic Churn Risk Model,1.0,2026-06-30
CHN003850,CUS003850,Not Churn,0.0114,Low,Synthetic Churn Risk Model,1.0,2026-06-30
CHN003851,CUS003851,Not Churn,0.2042,Low,Synthetic Churn Risk Model,1.0,2026-06-30
CHN003852,CUS003852,Not Churn,0.1275,Low,Synthetic Churn Risk Model,1.0,2026-06-30
CHN003853,CUS003853,Not Churn,0.0769,Low,Synthetic Churn Risk Model,1.0,2026-06-30
CHN003854,CUS003854,Not Churn,0.1962,Low,Synthetic Churn Risk Model,1.0,2026-06-30
CHN003855,CUS003855,Not Churn,0.0653,Low,Synthetic Churn Risk Model,1.0,2026-06-30
CHN003856,CUS003856,Not Churn,0.1121,Low,Synthetic Churn Risk Model,1.0,2026-06-30
CHN003857,CUS003857,Not Churn,0.0127,Low,Synthetic Churn Risk Model,1.0,2026-06-30
CHN003858,CUS003858,Not Churn,0.1385,Low,Synthetic Churn Risk Model,1.0,2026-06-30
CHN003859,CUS003859,Not Churn,0.0359,Low,Synthetic Churn Risk Model,1.0,2026-06-30
CHN003860,CUS003860,Not Churn,0.4343,Medium,Synthetic Churn Risk Model,1.0,2026-06-30
CHN003861,CUS003861,Not Churn,0.0989,Low,Synthetic Churn Risk Model,1.0,2026-06-30
CHN003862,CUS003862,Not Churn,0.4249,Medium,Synthetic Churn Risk Model,1.0,2026-06-30
CHN003863,CUS003863,Not Churn,0.1263,Low,Synthetic Churn Risk Model,1.0,2026-06-30
CHN003864,CUS003864,Not Churn,0.0615,Low,Synthetic Churn Risk Model,1.0,2026-06-30
CHN003865,CUS003865,Not Churn,0.4123,Medium,Synthetic Churn Risk Model,1.0,2026-06-30
CHN003866,CUS003866,Not Churn,0.1491,Low,Synthetic Churn Risk Model,1.0,2026-06-30
CHN003867,CUS003867,Not Churn,0.0212,Low,Synthetic Churn Risk Model,1.0,2026-06-30
CHN003868,CUS003868,Not Churn,0.4388,Medium,Synthetic Churn Risk Model,1.0,2026-06-30
CHN003869,CUS003869,Not Churn,0.0487,Low,Synthetic Churn Risk Model,1.0,2026-06-30
CHN003870,CUS003870,Not Churn,0.4328,Medium,Synthetic Churn Risk Model,1.0,2026-06-30
CHN003871,CUS003871,Not Churn,0.0521,Low,Synthetic Churn Risk Model,1.0,2026-06-30
CHN003872,CUS003872,Not Churn,0.4007,Medium,Synthetic Churn Risk Model,1.0,2026-06-30
CHN003873,CUS003873,Not Churn,0.0337,Low,Synthetic Churn Risk Model,1.0,2026-06-30
CHN003874,CUS003874,Not Churn,0.0451,Low,Synthetic Churn Risk Model,1.0,2026-06-30
CHN003875,CUS003875,Not Churn,0.0502,Low,Synthetic Churn Risk Model,1.0,2026-06-30
CHN003876,CUS003876,Not Churn,0.4092,Medium,Synthetic Churn Risk Model,1.0,2026-06-30
CHN003877,CUS003877,Not Churn,0.1323,Low,Synthetic Churn Risk Model,1.0,2026-06-30
CHN003878,CUS003878,Not Churn,0.109,Low,Synthetic Churn Risk Model,1.0,2026-06-30
CHN003879,CUS003879,Not Churn,0.0592,Low,Synthetic Churn Risk Model,1.0,2026-06-30
CHN003880,CUS003880,Not Churn,0.2433,Low,Synthetic Churn Risk Model,1.0,2026-06-30
CHN003881,CUS003881,Not Churn,0.0719,Low,Synthetic Churn Risk Model,1.0,2026-06-30
CHN003882,CUS003882,Not Churn,0.4083,Medium,Synthetic Churn Risk Model,1.0,2026-06-30
CHN003883,CUS003883,Not Churn,0.0437,Low,Synthetic Churn Risk Model,1.0,2026-06-30
CHN003884,CUS003884,Not Churn,0.0363,Low,Synthetic Churn Risk Model,1.0,2026-06-30
CHN003885,CUS003885,Not Churn,0.0425,Low,Synthetic Churn Risk Model,1.0,2026-06-30
CHN003886,CUS003886,Not Churn,0.191,Low,Synthetic Churn Risk Model,1.0,2026-06-30
CHN003887,CUS003887,Not Churn,0.0543,Low,Synthetic Churn Risk Model,1.0,2026-06-30
CHN003888,CUS003888,Not Churn,0.4115,Medium,Synthetic Churn Risk Model,1.0,2026-06-30
CHN003889,CUS003889,Not Churn,0.0735,Low,Synthetic Churn Risk Model,1.0,2026-06-30
CHN003890,CUS003890,Not Churn,0.1631,Low,Synthetic Churn Risk Model,1.0,2026-06-30
CHN003891,CUS003891,Not Churn,0.1299,Low,Synthetic Churn Risk Model,1.0,2026-06-30
CHN003892,CUS003892,Not Churn,0.4045,Medium,Synthetic Churn Risk Model,1.0,2026-06-30
CHN003893,CUS003893,Not Churn,0.5155,Medium,Synthetic Churn Risk Model,1.0,2026-06-30
CHN003894,CUS003894,Not Churn,0.4431,Medium,Synthetic Churn Risk Model,1.0,2026-06-30
CHN003895,CUS003895,Not Churn,0.3947,Medium,Synthetic Churn Risk Model,1.0,2026-06-30
CHN003896,CUS003896,Not Churn,0.0618,Low,Synthetic Churn Risk Model,1.0,2026-06-30
CHN003897,CUS003897,Not Churn,0.1435,Low,Synthetic Churn Risk Model,1.0,2026-06-30
CHN003898,CUS003898,Not Churn,0.1909,Low,Synthetic Churn Risk Model,1.0,2026-06-30
CHN003899,CUS003899,Not Churn,0.069,Low,Synthetic Churn Risk Model,1.0,2026-06-30
CHN003900,CUS003900,Not Churn,0.0472,Low,Synthetic Churn Risk Model,1.0,2026-06-30
CHN003901,CUS003901,Not Churn,0.3983,Medium,Synthetic Churn Risk Model,1.0,2026-06-30
CHN003902,CUS003902,Not Churn,0.0609,Low,Synthetic Churn Risk Model,1.0,2026-06-30
CHN003903,CUS003903,Not Churn,0.4362,Medium,Synthetic Churn Risk Model,1.0,2026-06-30
CHN003904,CUS003904,Not Churn,0.0883,Low,Synthetic Churn Risk Model,1.0,2026-06-30
CHN003905,CUS003905,Not Churn,0.0769,Low,Synthetic Churn Risk Model,1.0,2026-06-30
CHN003906,CUS003906,Not Churn,0.4112,Medium,Synthetic Churn Risk Model,1.0,2026-06-30
CHN003907,CUS003907,Not Churn,0.0701,Low,Synthetic Churn Risk Model,1.0,2026-06-30
CHN003908,CUS003908,Not Churn,0.0479,Low,Synthetic Churn Risk Model,1.0,2026-06-30
CHN003909,CUS003909,Not Churn,0.0231,Low,Synthetic Churn Risk Model,1.0,2026-06-30
CHN003910,CUS003910,Not Churn,0.113,Low,Synthetic Churn Risk Model,1.0,2026-06-30
CHN003911,CUS003911,Not Churn,0.4157,Medium,Synthetic Churn Risk Model,1.0,2026-06-30
CHN003912,CUS003912,Not Churn,0.4139,Medium,Synthetic Churn Risk Model,1.0,2026-06-30
CHN003913,CUS003913,Not Churn,0.0636,Low,Synthetic Churn Risk Model,1.0,2026-06-30
CHN003914,CUS003914,Not Churn,0.1066,Low,Synthetic Churn Risk Model,1.0,2026-06-30
CHN003915,CUS003915,Not Churn,0.0671,Low,Synthetic Churn Risk Model,1.0,2026-06-30
CHN003916,CUS003916,Not Churn,0.41,Medium,Synthetic Churn Risk Model,1.0,2026-06-30
CHN003917,CUS003917,Not Churn,0.4313,Medium,Synthetic Churn Risk Model,1.0,2026-06-30
CHN003918,CUS003918,Not Churn,0.1486,Low,Synthetic Churn Risk Model,1.0,2026-06-30
CHN003919,CUS003919,Not Churn,0.0483,Low,Synthetic Churn Risk Model,1.0,2026-06-30
CHN003920,CUS003920,Not Churn,0.4163,Medium,Synthetic Churn Risk Model,1.0,2026-06-30
CHN003921,CUS003921,Not Churn,0.0396,Low,Synthetic Churn Risk Model,1.0,2026-06-30
CHN003922,CUS003922,Not Churn,0.1457,Low,Synthetic Churn Risk Model,1.0,2026-06-30
CHN003923,CUS003923,Not Churn,0.1928,Low,Synthetic Churn Risk Model,1.0,2026-06-30
CHN003924,CUS003924,Not Churn,0.3908,Medium,Synthetic Churn Risk Model,1.0,2026-06-30
CHN003925,CUS003925,Not Churn,0.1269,Low,Synthetic Churn Risk Model,1.0,2026-06-30
CHN003926,CUS003926,Not Churn,0.3898,Medium,Synthetic Churn Risk Model,1.0,2026-06-30
CHN003927,CUS003927,Not Churn,0.4293,Medium,Synthetic Churn Risk Model,1.0,2026-06-30
CHN003928,CUS003928,Not Churn,0.0497,Low,Synthetic Churn Risk Model,1.0,2026-06-30
CHN003929,CUS003929,Not Churn,0.0484,Low,Synthetic Churn Risk Model,1.0,2026-06-30
CHN003930,CUS003930,Not Churn,0.0589,Low,Synthetic Churn Risk Model,1.0,2026-06-30
CHN003931,CUS003931,Not Churn,0.414,Medium,Synthetic Churn Risk Model,1.0,2026-06-30
CHN003932,CUS003932,Not Churn,0.0404,Low,Synthetic Churn Risk Model,1.0,2026-06-30
CHN003933,CUS003933,Not Churn,0.2421,Low,Synthetic Churn Risk Model,1.0,2026-06-30
CHN003934,CUS003934,Not Churn,0.0977,Low,Synthetic Churn Risk Model,1.0,2026-06-30
CHN003935,CUS003935,Not Churn,0.1642,Low,Synthetic Churn Risk Model,1.0,2026-06-30
CHN003936,CUS003936,Not Churn,0.4193,Medium,Synthetic Churn Risk Model,1.0,2026-06-30
CHN003937,CUS003937,Not Churn,0.4233,Medium,Synthetic Churn Risk Model,1.0,2026-06-30
CHN003938,CUS003938,Not Churn,0.4,Medium,Synthetic Churn Risk Model,1.0,2026-06-30
CHN003939,CUS003939,Not Churn,0.0284,Low,Synthetic Churn Risk Model,1.0,2026-06-30
CHN003940,CUS003940,Not Churn,0.0412,Low,Synthetic Churn Risk Model,1.0,2026-06-30
CHN003941,CUS003941,Not Churn,0.0754,Low,Synthetic Churn Risk Model,1.0,2026-06-30
CHN003942,CUS003942,Not Churn,0.0405,Low,Synthetic Churn Risk Model,1.0,2026-06-30
CHN003943,CUS003943,Not Churn,0.061,Low,Synthetic Churn Risk Model,1.0,2026-06-30
CHN003944,CUS003944,Not Churn,0.1741,Low,Synthetic Churn Risk Model,1.0,2026-06-30
CHN003945,CUS003945,Not Churn,0.2622,Low,Synthetic Churn Risk Model,1.0,2026-06-30
CHN003946,CUS003946,Not Churn,0.0528,Low,Synthetic Churn Risk Model,1.0,2026-06-30
CHN003947,CUS003947,Not Churn,0.4182,Medium,Synthetic Churn Risk Model,1.0,2026-06-30
CHN003948,CUS003948,Not Churn,0.0751,Low,Synthetic Churn Risk Model,1.0,2026-06-30
CHN003949,CUS003949,Not Churn,0.12,Low,Synthetic Churn Risk Model,1.0,2026-06-30
CHN003950,CUS003950,Not Churn,0.4097,Medium,Synthetic Churn Risk Model,1.0,2026-06-30
CHN003951,CUS003951,Not Churn,0.3924,Medium,Synthetic Churn Risk Model,1.0,2026-06-30
CHN003952,CUS003952,Not Churn,0.0431,Low,Synthetic Churn Risk Model,1.0,2026-06-30
CHN003953,CUS003953,Not Churn,0.0559,Low,Synthetic Churn Risk Model,1.0,2026-06-30
CHN003954,CUS003954,Not Churn,0.2183,Low,Synthetic Churn Risk Model,1.0,2026-06-30
CHN003955,CUS003955,Not Churn,0.4538,Medium,Synthetic Churn Risk Model,1.0,2026-06-30
CHN003956,CUS003956,Not Churn,0.4286,Medium,Synthetic Churn Risk Model,1.0,2026-06-30
CHN003957,CUS003957,Not Churn,0.1108,Low,Synthetic Churn Risk Model,1.0,2026-06-30
CHN003958,CUS003958,Not Churn,0.2075,Low,Synthetic Churn Risk Model,1.0,2026-06-30
CHN003959,CUS003959,Not Churn,0.1588,Low,Synthetic Churn Risk Model,1.0,2026-06-30
CHN003960,CUS003960,Not Churn,0.0978,Low,Synthetic Churn Risk Model,1.0,2026-06-30
CHN003961,CUS003961,Not Churn,0.0522,Low,Synthetic Churn Risk Model,1.0,2026-06-30
CHN003962,CUS003962,Not Churn,0.0693,Low,Synthetic Churn Risk Model,1.0,2026-06-30
CHN003963,CUS003963,Not Churn,0.4303,Medium,Synthetic Churn Risk Model,1.0,2026-06-30
CHN003964,CUS003964,Not Churn,0.3071,Medium,Synthetic Churn Risk Model,1.0,2026-06-30
CHN003965,CUS003965,Not Churn,0.0125,Low,Synthetic Churn Risk Model,1.0,2026-06-30
CHN003966,CUS003966,Not Churn,0.0405,Low,Synthetic Churn Risk Model,1.0,2026-06-30
CHN003967,CUS003967,Not Churn,0.1378,Low,Synthetic Churn Risk Model,1.0,2026-06-30
CHN003968,CUS003968,Not Churn,0.1152,Low,Synthetic Churn Risk Model,1.0,2026-06-30
CHN003969,CUS003969,Not Churn,0.0181,Low,Synthetic Churn Risk Model,1.0,2026-06-30
CHN003970,CUS003970,Not Churn,0.0742,Low,Synthetic Churn Risk Model,1.0,2026-06-30
CHN003971,CUS003971,Not Churn,0.1085,Low,Synthetic Churn Risk Model,1.0,2026-06-30
CHN003972,CUS003972,Not Churn,0.0814,Low,Synthetic Churn Risk Model,1.0,2026-06-30
CHN003973,CUS003973,Not Churn,0.4089,Medium,Synthetic Churn Risk Model,1.0,2026-06-30
CHN003974,CUS003974,Not Churn,0.096,Low,Synthetic Churn Risk Model,1.0,2026-06-30
CHN003975,CUS003975,Not Churn,0.5311,Medium,Synthetic Churn Risk Model,1.0,2026-06-30
CHN003976,CUS003976,Not Churn,0.0866,Low,Synthetic Churn Risk Model,1.0,2026-06-30
CHN003977,CUS003977,Not Churn,0.0528,Low,Synthetic Churn Risk Model,1.0,2026-06-30
CHN003978,CUS003978,Not Churn,0.26,Low,Synthetic Churn Risk Model,1.0,2026-06-30
CHN003979,CUS003979,Not Churn,0.0256,Low,Synthetic Churn Risk Model,1.0,2026-06-30
CHN003980,CUS003980,Not Churn,0.2676,Low,Synthetic Churn Risk Model,1.0,2026-06-30
CHN003981,CUS003981,Not Churn,0.1028,Low,Synthetic Churn Risk Model,1.0,2026-06-30
CHN003982,CUS003982,Not Churn,0.0306,Low,Synthetic Churn Risk Model,1.0,2026-06-30
CHN003983,CUS003983,Not Churn,0.0613,Low,Synthetic Churn Risk Model,1.0,2026-06-30
CHN003984,CUS003984,Not Churn,0.2356,Low,Synthetic Churn Risk Model,1.0,2026-06-30
CHN003985,CUS003985,Not Churn,0.133,Low,Synthetic Churn Risk Model,1.0,2026-06-30
CHN003986,CUS003986,Not Churn,0.3961,Medium,Synthetic Churn Risk Model,1.0,2026-06-30
CHN003987,CUS003987,Not Churn,0.1708,Low,Synthetic Churn Risk Model,1.0,2026-06-30
CHN003988,CUS003988,Not Churn,0.0414,Low,Synthetic Churn Risk Model,1.0,2026-06-30
CHN003989,CUS003989,Not Churn,0.0301,Low,Synthetic Churn Risk Model,1.0,2026-06-30
CHN003990,CUS003990,Not Churn,0.0393,Low,Synthetic Churn Risk Model,1.0,2026-06-30
CHN003991,CUS003991,Not Churn,0.0251,Low,Synthetic Churn Risk Model,1.0,2026-06-30
CHN003992,CUS003992,Not Churn,0.4086,Medium,Synthetic Churn Risk Model,1.0,2026-06-30
CHN003993,CUS003993,Not Churn,0.0832,Low,Synthetic Churn Risk Model,1.0,2026-06-30
CHN003994,CUS003994,Not Churn,0.0141,Low,Synthetic Churn Risk Model,1.0,2026-06-30
CHN003995,CUS003995,Not Churn,0.4033,Medium,Synthetic Churn Risk Model,1.0,2026-06-30
CHN003996,CUS003996,Not Churn,0.1044,Low,Synthetic Churn Risk Model,1.0,2026-06-30
CHN003997,CUS003997,Not Churn,0.0385,Low,Synthetic Churn Risk Model,1.0,2026-06-30
CHN003998,CUS003998,Not Churn,0.0555,Low,Synthetic Churn Risk Model,1.0,2026-06-30
CHN003999,CUS003999,Not Churn,0.1516,Low,Synthetic Churn Risk Model,1.0,2026-06-30
CHN004000,CUS004000,Not Churn,0.1134,Low,Synthetic Churn Risk Model,1.0,2026-06-30
CHN004001,CUS004001,Not Churn,0.4355,Medium,Synthetic Churn Risk Model,1.0,2026-06-30
CHN004002,CUS004002,Not Churn,0.1341,Low,Synthetic Churn Risk Model,1.0,2026-06-30
CHN004003,CUS004003,Not Churn,0.0634,Low,Synthetic Churn Risk Model,1.0,2026-06-30
CHN004004,CUS004004,Not Churn,0.097,Low,Synthetic Churn Risk Model,1.0,2026-06-30
CHN004005,CUS004005,Not Churn,0.0383,Low,Synthetic Churn Risk Model,1.0,2026-06-30
CHN004006,CUS004006,Not Churn,0.0647,Low,Synthetic Churn Risk Model,1.0,2026-06-30
CHN004007,CUS004007,Not Churn,0.0313,Low,Synthetic Churn Risk Model,1.0,2026-06-30
CHN004008,CUS004008,Not Churn,0.4109,Medium,Synthetic Churn Risk Model,1.0,2026-06-30
CHN004009,CUS004009,Not Churn,0.1535,Low,Synthetic Churn Risk Model,1.0,2026-06-30
CHN004010,CUS004010,Not Churn,0.411,Medium,Synthetic Churn Risk Model,1.0,2026-06-30
CHN004011,CUS004011,Not Churn,0.3002,Medium,Synthetic Churn Risk Model,1.0,2026-06-30
CHN004012,CUS004012,Not Churn,0.3941,Medium,Synthetic Churn Risk Model,1.0,2026-06-30
CHN004013,CUS004013,Not Churn,0.046,Low,Synthetic Churn Risk Model,1.0,2026-06-30
CHN004014,CUS004014,Not Churn,0.2089,Low,Synthetic Churn Risk Model,1.0,2026-06-30
CHN004015,CUS004015,Not Churn,0.4002,Medium,Synthetic Churn Risk Model,1.0,2026-06-30
CHN004016,CUS004016,Not Churn,0.28,Low,Synthetic Churn Risk Model,1.0,2026-06-30
CHN004017,CUS004017,Not Churn,0.156,Low,Synthetic Churn Risk Model,1.0,2026-06-30
CHN004018,CUS004018,Not Churn,0.2543,Low,Synthetic Churn Risk Model,1.0,2026-06-30
CHN004019,CUS004019,Not Churn,0.0249,Low,Synthetic Churn Risk Model,1.0,2026-06-30
CHN004020,CUS004020,Not Churn,0.1743,Low,Synthetic Churn Risk Model,1.0,2026-06-30
CHN004021,CUS004021,Not Churn,0.301,Medium,Synthetic Churn Risk Model,1.0,2026-06-30
CHN004022,CUS004022,Not Churn,0.417,Medium,Synthetic Churn Risk Model,1.0,2026-06-30
CHN004023,CUS004023,Not Churn,0.2582,Low,Synthetic Churn Risk Model,1.0,2026-06-30
CHN004024,CUS004024,Not Churn,0.0346,Low,Synthetic Churn Risk Model,1.0,2026-06-30
CHN004025,CUS004025,Not Churn,0.1268,Low,Synthetic Churn Risk Model,1.0,2026-06-30
CHN004026,CUS004026,Not Churn,0.1648,Low,Synthetic Churn Risk Model,1.0,2026-06-30
CHN004027,CUS004027,Not Churn,0.1014,Low,Synthetic Churn Risk Model,1.0,2026-06-30
CHN004028,CUS004028,Not Churn,0.0134,Low,Synthetic Churn Risk Model,1.0,2026-06-30
CHN004029,CUS004029,Not Churn,0.11,Low,Synthetic Churn Risk Model,1.0,2026-06-30
CHN004030,CUS004030,Not Churn,0.1677,Low,Synthetic Churn Risk Model,1.0,2026-06-30
CHN004031,CUS004031,Not Churn,0.0783,Low,Synthetic Churn Risk Model,1.0,2026-06-30
CHN004032,CUS004032,Not Churn,0.4075,Medium,Synthetic Churn Risk Model,1.0,2026-06-30
CHN004033,CUS004033,Not Churn,0.0201,Low,Synthetic Churn Risk Model,1.0,2026-06-30
CHN004034,CUS004034,Not Churn,0.2106,Low,Synthetic Churn Risk Model,1.0,2026-06-30
CHN004035,CUS004035,Not Churn,0.0484,Low,Synthetic Churn Risk Model,1.0,2026-06-30
CHN004036,CUS004036,Not Churn,0.1071,Low,Synthetic Churn Risk Model,1.0,2026-06-30
CHN004037,CUS004037,Not Churn,0.1847,Low,Synthetic Churn Risk Model,1.0,2026-06-30
CHN004038,CUS004038,Not Churn,0.4038,Medium,Synthetic Churn Risk Model,1.0,2026-06-30
CHN004039,CUS004039,Not Churn,0.0974,Low,Synthetic Churn Risk Model,1.0,2026-06-30
CHN004040,CUS004040,Not Churn,0.0279,Low,Synthetic Churn Risk Model,1.0,2026-06-30
CHN004041,CUS004041,Not Churn,0.4147,Medium,Synthetic Churn Risk Model,1.0,2026-06-30
CHN004042,CUS004042,Not Churn,0.013,Low,Synthetic Churn Risk Model,1.0,2026-06-30
CHN004043,CUS004043,Not Churn,0.1501,Low,Synthetic Churn Risk Model,1.0,2026-06-30
CHN004044,CUS004044,Not Churn,0.1648,Low,Synthetic Churn Risk Model,1.0,2026-06-30
CHN004045,CUS004045,Not Churn,0.0636,Low,Synthetic Churn Risk Model,1.0,2026-06-30
CHN004046,CUS004046,Not Churn,0.0999,Low,Synthetic Churn Risk Model,1.0,2026-06-30
CHN004047,CUS004047,Not Churn,0.1136,Low,Synthetic Churn Risk Model,1.0,2026-06-30
CHN004048,CUS004048,Not Churn,0.1752,Low,Synthetic Churn Risk Model,1.0,2026-06-30
CHN004049,CUS004049,Not Churn,0.0406,Low,Synthetic Churn Risk Model,1.0,2026-06-30
CHN004050,CUS004050,Not Churn,0.0564,Low,Synthetic Churn Risk Model,1.0,2026-06-30
CHN004051,CUS004051,Not Churn,0.4148,Medium,Synthetic Churn Risk Model,1.0,2026-06-30
CHN004052,CUS004052,Not Churn,0.4094,Medium,Synthetic Churn Risk Model,1.0,2026-06-30
CHN004053,CUS004053,Not Churn,0.0557,Low,Synthetic Churn Risk Model,1.0,2026-06-30
CHN004054,CUS004054,Not Churn,0.4166,Medium,Synthetic Churn Risk Model,1.0,2026-06-30
CHN004055,CUS004055,Not Churn,0.3151,Medium,Synthetic Churn Risk Model,1.0,2026-06-30
CHN004056,CUS004056,Not Churn,0.0348,Low,Synthetic Churn Risk Model,1.0,2026-06-30
CHN004057,CUS004057,Not Churn,0.4148,Medium,Synthetic Churn Risk Model,1.0,2026-06-30
CHN004058,CUS004058,Not Churn,0.0586,Low,Synthetic Churn Risk Model,1.0,2026-06-30
CHN004059,CUS004059,Not Churn,0.1526,Low,Synthetic Churn Risk Model,1.0,2026-06-30
CHN004060,CUS004060,Not Churn,0.0589,Low,Synthetic Churn Risk Model,1.0,2026-06-30
CHN004061,CUS004061,Not Churn,0.0978,Low,Synthetic Churn Risk Model,1.0,2026-06-30
CHN004062,CUS004062,Not Churn,0.4186,Medium,Synthetic Churn Risk Model,1.0,2026-06-30
CHN004063,CUS004063,Not Churn,0.1167,Low,Synthetic Churn Risk Model,1.0,2026-06-30
CHN004064,CUS004064,Not Churn,0.4009,Medium,Synthetic Churn Risk Model,1.0,2026-06-30
CHN004065,CUS004065,Not Churn,0.0887,Low,Synthetic Churn Risk Model,1.0,2026-06-30
CHN004066,CUS004066,Not Churn,0.0971,Low,Synthetic Churn Risk Model,1.0,2026-06-30
CHN004067,CUS004067,Not Churn,0.15,Low,Synthetic Churn Risk Model,1.0,2026-06-30
CHN004068,CUS004068,Not Churn,0.0431,Low,Synthetic Churn Risk Model,1.0,2026-06-30
CHN004069,CUS004069,Not Churn,0.0854,Low,Synthetic Churn Risk Model,1.0,2026-06-30
CHN004070,CUS004070,Not Churn,0.4065,Medium,Synthetic Churn Risk Model,1.0,2026-06-30
CHN004071,CUS004071,Not Churn,0.3893,Medium,Synthetic Churn Risk Model,1.0,2026-06-30
CHN004072,CUS004072,Not Churn,0.0683,Low,Synthetic Churn Risk Model,1.0,2026-06-30
CHN004073,CUS004073,Not Churn,0.4055,Medium,Synthetic Churn Risk Model,1.0,2026-06-30
CHN004074,CUS004074,Not Churn,0.2434,Low,Synthetic Churn Risk Model,1.0,2026-06-30
CHN004075,CUS004075,Not Churn,0.1859,Low,Synthetic Churn Risk Model,1.0,2026-06-30
CHN004076,CUS004076,Not Churn,0.0629,Low,Synthetic Churn Risk Model,1.0,2026-06-30
CHN004077,CUS004077,Not Churn,0.0795,Low,Synthetic Churn Risk Model,1.0,2026-06-30
CHN004078,CUS004078,Not Churn,0.0321,Low,Synthetic Churn Risk Model,1.0,2026-06-30
CHN004079,CUS004079,Not Churn,0.0477,Low,Synthetic Churn Risk Model,1.0,2026-06-30
CHN004080,CUS004080,Not Churn,0.4131,Medium,Synthetic Churn Risk Model,1.0,2026-06-30
CHN004081,CUS004081,Not Churn,0.0635,Low,Synthetic Churn Risk Model,1.0,2026-06-30
CHN004082,CUS004082,Not Churn,0.0435,Low,Synthetic Churn Risk Model,1.0,2026-06-30
CHN004083,CUS004083,Not Churn,0.4454,Medium,Synthetic Churn Risk Model,1.0,2026-06-30
CHN004084,CUS004084,Not Churn,0.2393,Low,Synthetic Churn Risk Model,1.0,2026-06-30
CHN004085,CUS004085,Not Churn,0.0555,Low,Synthetic Churn Risk Model,1.0,2026-06-30
CHN004086,CUS004086,Not Churn,0.1275,Low,Synthetic Churn Risk Model,1.0,2026-06-30
CHN004087,CUS004087,Not Churn,0.1348,Low,Synthetic Churn Risk Model,1.0,2026-06-30
CHN004088,CUS004088,Not Churn,0.4179,Medium,Synthetic Churn Risk Model,1.0,2026-06-30
CHN004089,CUS004089,Not Churn,0.1251,Low,Synthetic Churn Risk Model,1.0,2026-06-30
CHN004090,CUS004090,Not Churn,0.4084,Medium,Synthetic Churn Risk Model,1.0,2026-06-30
CHN004091,CUS004091,Not Churn,0.203,Low,Synthetic Churn Risk Model,1.0,2026-06-30
CHN004092,CUS004092,Not Churn,0.2177,Low,Synthetic Churn Risk Model,1.0,2026-06-30
CHN004093,CUS004093,Not Churn,0.2271,Low,Synthetic Churn Risk Model,1.0,2026-06-30
CHN004094,CUS004094,Not Churn,0.0436,Low,Synthetic Churn Risk Model,1.0,2026-06-30
CHN004095,CUS004095,Not Churn,0.027,Low,Synthetic Churn Risk Model,1.0,2026-06-30
CHN004096,CUS004096,Not Churn,0.0169,Low,Synthetic Churn Risk Model,1.0,2026-06-30
CHN004097,CUS004097,Not Churn,0.4035,Medium,Synthetic Churn Risk Model,1.0,2026-06-30
CHN004098,CUS004098,Not Churn,0.0611,Low,Synthetic Churn Risk Model,1.0,2026-06-30
CHN004099,CUS004099,Not Churn,0.0792,Low,Synthetic Churn Risk Model,1.0,2026-06-30
CHN004100,CUS004100,Not Churn,0.3947,Medium,Synthetic Churn Risk Model,1.0,2026-06-30
CHN004101,CUS004101,Not Churn,0.0963,Low,Synthetic Churn Risk Model,1.0,2026-06-30
CHN004102,CUS004102,Not Churn,0.3875,Medium,Synthetic Churn Risk Model,1.0,2026-06-30
CHN004103,CUS004103,Not Churn,0.016,Low,Synthetic Churn Risk Model,1.0,2026-06-30
CHN004104,CUS004104,Not Churn,0.14,Low,Synthetic Churn Risk Model,1.0,2026-06-30
CHN004105,CUS004105,Not Churn,0.1901,Low,Synthetic Churn Risk Model,1.0,2026-06-30
CHN004106,CUS004106,Not Churn,0.4183,Medium,Synthetic Churn Risk Model,1.0,2026-06-30
CHN004107,CUS004107,Not Churn,0.0367,Low,Synthetic Churn Risk Model,1.0,2026-06-30
CHN004108,CUS004108,Not Churn,0.0123,Low,Synthetic Churn Risk Model,1.0,2026-06-30
CHN004109,CUS004109,Not Churn,0.1617,Low,Synthetic Churn Risk Model,1.0,2026-06-30
CHN004110,CUS004110,Not Churn,0.0517,Low,Synthetic Churn Risk Model,1.0,2026-06-30
CHN004111,CUS004111,Not Churn,0.1748,Low,Synthetic Churn Risk Model,1.0,2026-06-30
CHN004112,CUS004112,Not Churn,0.0191,Low,Synthetic Churn Risk Model,1.0,2026-06-30
CHN004113,CUS004113,Not Churn,0.0736,Low,Synthetic Churn Risk Model,1.0,2026-06-30
CHN004114,CUS004114,Not Churn,0.121,Low,Synthetic Churn Risk Model,1.0,2026-06-30
CHN004115,CUS004115,Not Churn,0.0804,Low,Synthetic Churn Risk Model,1.0,2026-06-30
CHN004116,CUS004116,Not Churn,0.0963,Low,Synthetic Churn Risk Model,1.0,2026-06-30
CHN004117,CUS004117,Not Churn,0.5875,Medium,Synthetic Churn Risk Model,1.0,2026-06-30
CHN004118,CUS004118,Not Churn,0.4358,Medium,Synthetic Churn Risk Model,1.0,2026-06-30
CHN004119,CUS004119,Not Churn,0.0573,Low,Synthetic Churn Risk Model,1.0,2026-06-30
CHN004120,CUS004120,Not Churn,0.2126,Low,Synthetic Churn Risk Model,1.0,2026-06-30
CHN004121,CUS004121,Not Churn,0.0496,Low,Synthetic Churn Risk Model,1.0,2026-06-30
CHN004122,CUS004122,Not Churn,0.4167,Medium,Synthetic Churn Risk Model,1.0,2026-06-30
CHN004123,CUS004123,Not Churn,0.0436,Low,Synthetic Churn Risk Model,1.0,2026-06-30
CHN004124,CUS004124,Not Churn,0.1697,Low,Synthetic Churn Risk Model,1.0,2026-06-30
CHN004125,CUS004125,Not Churn,0.47,Medium,Synthetic Churn Risk Model,1.0,2026-06-30
CHN004126,CUS004126,Not Churn,0.0351,Low,Synthetic Churn Risk Model,1.0,2026-06-30
CHN004127,CUS004127,Not Churn,0.2168,Low,Synthetic Churn Risk Model,1.0,2026-06-30
CHN004128,CUS004128,Not Churn,0.4136,Medium,Synthetic Churn Risk Model,1.0,2026-06-30
CHN004129,CUS004129,Not Churn,0.4327,Medium,Synthetic Churn Risk Model,1.0,2026-06-30
CHN004130,CUS004130,Not Churn,0.1413,Low,Synthetic Churn Risk Model,1.0,2026-06-30
CHN004131,CUS004131,Not Churn,0.3945,Medium,Synthetic Churn Risk Model,1.0,2026-06-30
CHN004132,CUS004132,Not Churn,0.4084,Medium,Synthetic Churn Risk Model,1.0,2026-06-30
CHN004133,CUS004133,Not Churn,0.1325,Low,Synthetic Churn Risk Model,1.0,2026-06-30
CHN004134,CUS004134,Not Churn,0.0313,Low,Synthetic Churn Risk Model,1.0,2026-06-30
CHN004135,CUS004135,Not Churn,0.4195,Medium,Synthetic Churn Risk Model,1.0,2026-06-30
CHN004136,CUS004136,Not Churn,0.1047,Low,Synthetic Churn Risk Model,1.0,2026-06-30
CHN004137,CUS004137,Not Churn,0.1339,Low,Synthetic Churn Risk Model,1.0,2026-06-30
CHN004138,CUS004138,Not Churn,0.421,Medium,Synthetic Churn Risk Model,1.0,2026-06-30
CHN004139,CUS004139,Not Churn,0.0316,Low,Synthetic Churn Risk Model,1.0,2026-06-30
CHN004140,CUS004140,Not Churn,0.0217,Low,Synthetic Churn Risk Model,1.0,2026-06-30
CHN004141,CUS004141,Not Churn,0.4279,Medium,Synthetic Churn Risk Model,1.0,2026-06-30
CHN004142,CUS004142,Not Churn,0.0609,Low,Synthetic Churn Risk Model,1.0,2026-06-30
CHN004143,CUS004143,Not Churn,0.1175,Low,Synthetic Churn Risk Model,1.0,2026-06-30
CHN004144,CUS004144,Not Churn,0.0383,Low,Synthetic Churn Risk Model,1.0,2026-06-30
CHN004145,CUS004145,Not Churn,0.0597,Low,Synthetic Churn Risk Model,1.0,2026-06-30
CHN004146,CUS004146,Not Churn,0.0508,Low,Synthetic Churn Risk Model,1.0,2026-06-30
CHN004147,CUS004147,Not Churn,0.0624,Low,Synthetic Churn Risk Model,1.0,2026-06-30
CHN004148,CUS004148,Not Churn,0.1113,Low,Synthetic Churn Risk Model,1.0,2026-06-30
CHN004149,CUS004149,Not Churn,0.205,Low,Synthetic Churn Risk Model,1.0,2026-06-30
CHN004150,CUS004150,Not Churn,0.4306,Medium,Synthetic Churn Risk Model,1.0,2026-06-30
CHN004151,CUS004151,Not Churn,0.4103,Medium,Synthetic Churn Risk Model,1.0,2026-06-30
CHN004152,CUS004152,Not Churn,0.1494,Low,Synthetic Churn Risk Model,1.0,2026-06-30
CHN004153,CUS004153,Not Churn,0.0517,Low,Synthetic Churn Risk Model,1.0,2026-06-30
CHN004154,CUS004154,Not Churn,0.2073,Low,Synthetic Churn Risk Model,1.0,2026-06-30
CHN004155,CUS004155,Not Churn,0.065,Low,Synthetic Churn Risk Model,1.0,2026-06-30
CHN004156,CUS004156,Not Churn,0.2502,Low,Synthetic Churn Risk Model,1.0,2026-06-30
CHN004157,CUS004157,Not Churn,0.0524,Low,Synthetic Churn Risk Model,1.0,2026-06-30
CHN004158,CUS004158,Not Churn,0.1141,Low,Synthetic Churn Risk Model,1.0,2026-06-30
CHN004159,CUS004159,Not Churn,0.0465,Low,Synthetic Churn Risk Model,1.0,2026-06-30
CHN004160,CUS004160,Not Churn,0.088,Low,Synthetic Churn Risk Model,1.0,2026-06-30
CHN004161,CUS004161,Not Churn,0.2087,Low,Synthetic Churn Risk Model,1.0,2026-06-30
CHN004162,CUS004162,Not Churn,0.2287,Low,Synthetic Churn Risk Model,1.0,2026-06-30
CHN004163,CUS004163,Not Churn,0.4149,Medium,Synthetic Churn Risk Model,1.0,2026-06-30
CHN004164,CUS004164,Not Churn,0.423,Medium,Synthetic Churn Risk Model,1.0,2026-06-30
CHN004165,CUS004165,Not Churn,0.0761,Low,Synthetic Churn Risk Model,1.0,2026-06-30
CHN004166,CUS004166,Not Churn,0.0714,Low,Synthetic Churn Risk Model,1.0,2026-06-30
CHN004167,CUS004167,Not Churn,0.0784,Low,Synthetic Churn Risk Model,1.0,2026-06-30
CHN004168,CUS004168,Not Churn,0.0272,Low,Synthetic Churn Risk Model,1.0,2026-06-30
CHN004169,CUS004169,Not Churn,0.0335,Low,Synthetic Churn Risk Model,1.0,2026-06-30
CHN004170,CUS004170,Not Churn,0.1273,Low,Synthetic Churn Risk Model,1.0,2026-06-30
CHN004171,CUS004171,Not Churn,0.2249,Low,Synthetic Churn Risk Model,1.0,2026-06-30
CHN004172,CUS004172,Not Churn,0.0914,Low,Synthetic Churn Risk Model,1.0,2026-06-30
CHN004173,CUS004173,Not Churn,0.1647,Low,Synthetic Churn Risk Model,1.0,2026-06-30
CHN004174,CUS004174,Not Churn,0.0206,Low,Synthetic Churn Risk Model,1.0,2026-06-30
CHN004175,CUS004175,Not Churn,0.074,Low,Synthetic Churn Risk Model,1.0,2026-06-30
CHN004176,CUS004176,Not Churn,0.0841,Low,Synthetic Churn Risk Model,1.0,2026-06-30
CHN004177,CUS004177,Not Churn,0.0429,Low,Synthetic Churn Risk Model,1.0,2026-06-30
CHN004178,CUS004178,Not Churn,0.061,Low,Synthetic Churn Risk Model,1.0,2026-06-30
CHN004179,CUS004179,Not Churn,0.1218,Low,Synthetic Churn Risk Model,1.0,2026-06-30
CHN004180,CUS004180,Not Churn,0.0714,Low,Synthetic Churn Risk Model,1.0,2026-06-30
CHN004181,CUS004181,Not Churn,0.4328,Medium,Synthetic Churn Risk Model,1.0,2026-06-30
CHN004182,CUS004182,Not Churn,0.0536,Low,Synthetic Churn Risk Model,1.0,2026-06-30
CHN004183,CUS004183,Not Churn,0.087,Low,Synthetic Churn Risk Model,1.0,2026-06-30
CHN004184,CUS004184,Not Churn,0.0823,Low,Synthetic Churn Risk Model,1.0,2026-06-30
CHN004185,CUS004185,Not Churn,0.3083,Medium,Synthetic Churn Risk Model,1.0,2026-06-30
CHN004186,CUS004186,Not Churn,0.0963,Low,Synthetic Churn Risk Model,1.0,2026-06-30
CHN004187,CUS004187,Not Churn,0.0911,Low,Synthetic Churn Risk Model,1.0,2026-06-30
CHN004188,CUS004188,Not Churn,0.0519,Low,Synthetic Churn Risk Model,1.0,2026-06-30
CHN004189,CUS004189,Not Churn,0.3934,Medium,Synthetic Churn Risk Model,1.0,2026-06-30
CHN004190,CUS004190,Not Churn,0.4082,Medium,Synthetic Churn Risk Model,1.0,2026-06-30
CHN004191,CUS004191,Not Churn,0.0195,Low,Synthetic Churn Risk Model,1.0,2026-06-30
CHN004192,CUS004192,Not Churn,0.0736,Low,Synthetic Churn Risk Model,1.0,2026-06-30
CHN004193,CUS004193,Not Churn,0.0849,Low,Synthetic Churn Risk Model,1.0,2026-06-30
CHN004194,CUS004194,Not Churn,0.4104,Medium,Synthetic Churn Risk Model,1.0,2026-06-30
CHN004195,CUS004195,Not Churn,0.2177,Low,Synthetic Churn Risk Model,1.0,2026-06-30
CHN004196,CUS004196,Not Churn,0.1111,Low,Synthetic Churn Risk Model,1.0,2026-06-30
CHN004197,CUS004197,Not Churn,0.1011,Low,Synthetic Churn Risk Model,1.0,2026-06-30
CHN004198,CUS004198,Not Churn,0.0805,Low,Synthetic Churn Risk Model,1.0,2026-06-30
CHN004199,CUS004199,Not Churn,0.0788,Low,Synthetic Churn Risk Model,1.0,2026-06-30
CHN004200,CUS004200,Not Churn,0.4197,Medium,Synthetic Churn Risk Model,1.0,2026-06-30
CHN004201,CUS004201,Not Churn,0.3962,Medium,Synthetic Churn Risk Model,1.0,2026-06-30
CHN004202,CUS004202,Not Churn,0.4664,Medium,Synthetic Churn Risk Model,1.0,2026-06-30
CHN004203,CUS004203,Not Churn,0.0355,Low,Synthetic Churn Risk Model,1.0,2026-06-30
CHN004204,CUS004204,Not Churn,0.0284,Low,Synthetic Churn Risk Model,1.0,2026-06-30
CHN004205,CUS004205,Not Churn,0.1571,Low,Synthetic Churn Risk Model,1.0,2026-06-30
CHN004206,CUS004206,Not Churn,0.5862,Medium,Synthetic Churn Risk Model,1.0,2026-06-30
CHN004207,CUS004207,Not Churn,0.2322,Low,Synthetic Churn Risk Model,1.0,2026-06-30
CHN004208,CUS004208,Not Churn,0.0304,Low,Synthetic Churn Risk Model,1.0,2026-06-30
CHN004209,CUS004209,Not Churn,0.0134,Low,Synthetic Churn Risk Model,1.0,2026-06-30
CHN004210,CUS004210,Not Churn,0.1869,Low,Synthetic Churn Risk Model,1.0,2026-06-30
CHN004211,CUS004211,Not Churn,0.4062,Medium,Synthetic Churn Risk Model,1.0,2026-06-30
CHN004212,CUS004212,Not Churn,0.006,Low,Synthetic Churn Risk Model,1.0,2026-06-30
CHN004213,CUS004213,Not Churn,0.1107,Low,Synthetic Churn Risk Model,1.0,2026-06-30
CHN004214,CUS004214,Not Churn,0.021,Low,Synthetic Churn Risk Model,1.0,2026-06-30
CHN004215,CUS004215,Not Churn,0.2456,Low,Synthetic Churn Risk Model,1.0,2026-06-30
CHN004216,CUS004216,Not Churn,0.1901,Low,Synthetic Churn Risk Model,1.0,2026-06-30
CHN004217,CUS004217,Not Churn,0.0244,Low,Synthetic Churn Risk Model,1.0,2026-06-30
CHN004218,CUS004218,Not Churn,0.0253,Low,Synthetic Churn Risk Model,1.0,2026-06-30
CHN004219,CUS004219,Not Churn,0.1896,Low,Synthetic Churn Risk Model,1.0,2026-06-30
CHN004220,CUS004220,Not Churn,0.2467,Low,Synthetic Churn Risk Model,1.0,2026-06-30
CHN004221,CUS004221,Not Churn,0.0562,Low,Synthetic Churn Risk Model,1.0,2026-06-30
CHN004222,CUS004222,Not Churn,0.1205,Low,Synthetic Churn Risk Model,1.0,2026-06-30
CHN004223,CUS004223,Not Churn,0.1568,Low,Synthetic Churn Risk Model,1.0,2026-06-30
CHN004224,CUS004224,Not Churn,0.0455,Low,Synthetic Churn Risk Model,1.0,2026-06-30
CHN004225,CUS004225,Not Churn,0.4133,Medium,Synthetic Churn Risk Model,1.0,2026-06-30
CHN004226,CUS004226,Not Churn,0.0471,Low,Synthetic Churn Risk Model,1.0,2026-06-30
CHN004227,CUS004227,Not Churn,0.3992,Medium,Synthetic Churn Risk Model,1.0,2026-06-30
CHN004228,CUS004228,Not Churn,0.0097,Low,Synthetic Churn Risk Model,1.0,2026-06-30
CHN004229,CUS004229,Not Churn,0.3939,Medium,Synthetic Churn Risk Model,1.0,2026-06-30
CHN004230,CUS004230,Not Churn,0.0394,Low,Synthetic Churn Risk Model,1.0,2026-06-30
CHN004231,CUS004231,Not Churn,0.1488,Low,Synthetic Churn Risk Model,1.0,2026-06-30
CHN004232,CUS004232,Not Churn,0.1025,Low,Synthetic Churn Risk Model,1.0,2026-06-30
CHN004233,CUS004233,Not Churn,0.1628,Low,Synthetic Churn Risk Model,1.0,2026-06-30
CHN004234,CUS004234,Not Churn,0.1297,Low,Synthetic Churn Risk Model,1.0,2026-06-30
CHN004235,CUS004235,Not Churn,0.1816,Low,Synthetic Churn Risk Model,1.0,2026-06-30
CHN004236,CUS004236,Not Churn,0.0859,Low,Synthetic Churn Risk Model,1.0,2026-06-30
CHN004237,CUS004237,Not Churn,0.0629,Low,Synthetic Churn Risk Model,1.0,2026-06-30
CHN004238,CUS004238,Not Churn,0.0309,Low,Synthetic Churn Risk Model,1.0,2026-06-30
CHN004239,CUS004239,Not Churn,0.3089,Medium,Synthetic Churn Risk Model,1.0,2026-06-30
CHN004240,CUS004240,Not Churn,0.4101,Medium,Synthetic Churn Risk Model,1.0,2026-06-30
CHN004241,CUS004241,Not Churn,0.1755,Low,Synthetic Churn Risk Model,1.0,2026-06-30
CHN004242,CUS004242,Not Churn,0.1214,Low,Synthetic Churn Risk Model,1.0,2026-06-30
CHN004243,CUS004243,Not Churn,0.0374,Low,Synthetic Churn Risk Model,1.0,2026-06-30
CHN004244,CUS004244,Not Churn,0.4314,Medium,Synthetic Churn Risk Model,1.0,2026-06-30
CHN004245,CUS004245,Not Churn,0.4317,Medium,Synthetic Churn Risk Model,1.0,2026-06-30
CHN004246,CUS004246,Not Churn,0.0472,Low,Synthetic Churn Risk Model,1.0,2026-06-30
CHN004247,CUS004247,Not Churn,0.0594,Low,Synthetic Churn Risk Model,1.0,2026-06-30
CHN004248,CUS004248,Not Churn,0.0602,Low,Synthetic Churn Risk Model,1.0,2026-06-30
CHN004249,CUS004249,Not Churn,0.1014,Low,Synthetic Churn Risk Model,1.0,2026-06-30
CHN004250,CUS004250,Not Churn,0.4052,Medium,Synthetic Churn Risk Model,1.0,2026-06-30
CHN004251,CUS004251,Not Churn,0.0967,Low,Synthetic Churn Risk Model,1.0,2026-06-30
CHN004252,CUS004252,Not Churn,0.1117,Low,Synthetic Churn Risk Model,1.0,2026-06-30
CHN004253,CUS004253,Not Churn,0.0889,Low,Synthetic Churn Risk Model,1.0,2026-06-30
CHN004254,CUS004254,Not Churn,0.429,Medium,Synthetic Churn Risk Model,1.0,2026-06-30
CHN004255,CUS004255,Not Churn,0.1191,Low,Synthetic Churn Risk Model,1.0,2026-06-30
CHN004256,CUS004256,Not Churn,0.0655,Low,Synthetic Churn Risk Model,1.0,2026-06-30
CHN004257,CUS004257,Not Churn,0.0639,Low,Synthetic Churn Risk Model,1.0,2026-06-30
CHN004258,CUS004258,Not Churn,0.0442,Low,Synthetic Churn Risk Model,1.0,2026-06-30
CHN004259,CUS004259,Not Churn,0.0272,Low,Synthetic Churn Risk Model,1.0,2026-06-30
CHN004260,CUS004260,Not Churn,0.2881,Low,Synthetic Churn Risk Model,1.0,2026-06-30
CHN004261,CUS004261,Not Churn,0.4166,Medium,Synthetic Churn Risk Model,1.0,2026-06-30
CHN004262,CUS004262,Not Churn,0.0277,Low,Synthetic Churn Risk Model,1.0,2026-06-30
CHN004263,CUS004263,Not Churn,0.4214,Medium,Synthetic Churn Risk Model,1.0,2026-06-30
CHN004264,CUS004264,Not Churn,0.1071,Low,Synthetic Churn Risk Model,1.0,2026-06-30
CHN004265,CUS004265,Not Churn,0.0309,Low,Synthetic Churn Risk Model,1.0,2026-06-30
CHN004266,CUS004266,Not Churn,0.2058,Low,Synthetic Churn Risk Model,1.0,2026-06-30
CHN004267,CUS004267,Not Churn,0.0149,Low,Synthetic Churn Risk Model,1.0,2026-06-30
CHN004268,CUS004268,Not Churn,0.026,Low,Synthetic Churn Risk Model,1.0,2026-06-30
CHN004269,CUS004269,Not Churn,0.0434,Low,Synthetic Churn Risk Model,1.0,2026-06-30
CHN004270,CUS004270,Not Churn,0.0581,Low,Synthetic Churn Risk Model,1.0,2026-06-30
CHN004271,CUS004271,Not Churn,0.1146,Low,Synthetic Churn Risk Model,1.0,2026-06-30
CHN004272,CUS004272,Not Churn,0.1806,Low,Synthetic Churn Risk Model,1.0,2026-06-30
CHN004273,CUS004273,Not Churn,0.4021,Medium,Synthetic Churn Risk Model,1.0,2026-06-30
CHN004274,CUS004274,Not Churn,0.0602,Low,Synthetic Churn Risk Model,1.0,2026-06-30
CHN004275,CUS004275,Not Churn,0.4004,Medium,Synthetic Churn Risk Model,1.0,2026-06-30
CHN004276,CUS004276,Not Churn,0.0551,Low,Synthetic Churn Risk Model,1.0,2026-06-30
CHN004277,CUS004277,Not Churn,0.2563,Low,Synthetic Churn Risk Model,1.0,2026-06-30
CHN004278,CUS004278,Not Churn,0.0835,Low,Synthetic Churn Risk Model,1.0,2026-06-30
CHN004279,CUS004279,Not Churn,0.2493,Low,Synthetic Churn Risk Model,1.0,2026-06-30
CHN004280,CUS004280,Not Churn,0.045,Low,Synthetic Churn Risk Model,1.0,2026-06-30
CHN004281,CUS004281,Not Churn,0.1276,Low,Synthetic Churn Risk Model,1.0,2026-06-30
CHN004282,CUS004282,Not Churn,0.1199,Low,Synthetic Churn Risk Model,1.0,2026-06-30
CHN004283,CUS004283,Not Churn,0.0353,Low,Synthetic Churn Risk Model,1.0,2026-06-30
CHN004284,CUS004284,Not Churn,0.4211,Medium,Synthetic Churn Risk Model,1.0,2026-06-30
CHN004285,CUS004285,Not Churn,0.1085,Low,Synthetic Churn Risk Model,1.0,2026-06-30
CHN004286,CUS004286,Not Churn,0.4467,Medium,Synthetic Churn Risk Model,1.0,2026-06-30
CHN004287,CUS004287,Not Churn,0.4048,Medium,Synthetic Churn Risk Model,1.0,2026-06-30
CHN004288,CUS004288,Not Churn,0.0697,Low,Synthetic Churn Risk Model,1.0,2026-06-30
CHN004289,CUS004289,Not Churn,0.0754,Low,Synthetic Churn Risk Model,1.0,2026-06-30
CHN004290,CUS004290,Not Churn,0.0469,Low,Synthetic Churn Risk Model,1.0,2026-06-30
CHN004291,CUS004291,Not Churn,0.4068,Medium,Synthetic Churn Risk Model,1.0,2026-06-30
CHN004292,CUS004292,Not Churn,0.4157,Medium,Synthetic Churn Risk Model,1.0,2026-06-30
CHN004293,CUS004293,Not Churn,0.0301,Low,Synthetic Churn Risk Model,1.0,2026-06-30
CHN004294,CUS004294,Not Churn,0.4181,Medium,Synthetic Churn Risk Model,1.0,2026-06-30
CHN004295,CUS004295,Not Churn,0.0646,Low,Synthetic Churn Risk Model,1.0,2026-06-30
CHN004296,CUS004296,Not Churn,0.0874,Low,Synthetic Churn Risk Model,1.0,2026-06-30
CHN004297,CUS004297,Not Churn,0.4143,Medium,Synthetic Churn Risk Model,1.0,2026-06-30
CHN004298,CUS004298,Not Churn,0.0621,Low,Synthetic Churn Risk Model,1.0,2026-06-30
CHN004299,CUS004299,Not Churn,0.1393,Low,Synthetic Churn Risk Model,1.0,2026-06-30
CHN004300,CUS004300,Not Churn,0.0881,Low,Synthetic Churn Risk Model,1.0,2026-06-30
CHN004301,CUS004301,Not Churn,0.4008,Medium,Synthetic Churn Risk Model,1.0,2026-06-30
CHN004302,CUS004302,Not Churn,0.2237,Low,Synthetic Churn Risk Model,1.0,2026-06-30
CHN004303,CUS004303,Not Churn,0.2231,Low,Synthetic Churn Risk Model,1.0,2026-06-30
CHN004304,CUS004304,Not Churn,0.1376,Low,Synthetic Churn Risk Model,1.0,2026-06-30
CHN004305,CUS004305,Not Churn,0.4209,Medium,Synthetic Churn Risk Model,1.0,2026-06-30
CHN004306,CUS004306,Not Churn,0.2046,Low,Synthetic Churn Risk Model,1.0,2026-06-30
CHN004307,CUS004307,Not Churn,0.4272,Medium,Synthetic Churn Risk Model,1.0,2026-06-30
CHN004308,CUS004308,Not Churn,0.0353,Low,Synthetic Churn Risk Model,1.0,2026-06-30
CHN004309,CUS004309,Not Churn,0.0284,Low,Synthetic Churn Risk Model,1.0,2026-06-30
CHN004310,CUS004310,Not Churn,0.012,Low,Synthetic Churn Risk Model,1.0,2026-06-30
CHN004311,CUS004311,Not Churn,0.1293,Low,Synthetic Churn Risk Model,1.0,2026-06-30
CHN004312,CUS004312,Not Churn,0.0861,Low,Synthetic Churn Risk Model,1.0,2026-06-30
CHN004313,CUS004313,Not Churn,0.0802,Low,Synthetic Churn Risk Model,1.0,2026-06-30
CHN004314,CUS004314,Not Churn,0.4182,Medium,Synthetic Churn Risk Model,1.0,2026-06-30
CHN004315,CUS004315,Not Churn,0.0745,Low,Synthetic Churn Risk Model,1.0,2026-06-30
CHN004316,CUS004316,Not Churn,0.029,Low,Synthetic Churn Risk Model,1.0,2026-06-30
CHN004317,CUS004317,Not Churn,0.0134,Low,Synthetic Churn Risk Model,1.0,2026-06-30
CHN004318,CUS004318,Not Churn,0.0429,Low,Synthetic Churn Risk Model,1.0,2026-06-30
CHN004319,CUS004319,Not Churn,0.0323,Low,Synthetic Churn Risk Model,1.0,2026-06-30
CHN004320,CUS004320,Not Churn,0.0628,Low,Synthetic Churn Risk Model,1.0,2026-06-30
CHN004321,CUS004321,Not Churn,0.1434,Low,Synthetic Churn Risk Model,1.0,2026-06-30
CHN004322,CUS004322,Not Churn,0.0238,Low,Synthetic Churn Risk Model,1.0,2026-06-30
CHN004323,CUS004323,Not Churn,0.0487,Low,Synthetic Churn Risk Model,1.0,2026-06-30
CHN004324,CUS004324,Not Churn,0.0796,Low,Synthetic Churn Risk Model,1.0,2026-06-30
CHN004325,CUS004325,Not Churn,0.1194,Low,Synthetic Churn Risk Model,1.0,2026-06-30
CHN004326,CUS004326,Not Churn,0.4728,Medium,Synthetic Churn Risk Model,1.0,2026-06-30
CHN004327,CUS004327,Not Churn,0.0846,Low,Synthetic Churn Risk Model,1.0,2026-06-30
CHN004328,CUS004328,Not Churn,0.1044,Low,Synthetic Churn Risk Model,1.0,2026-06-30
CHN004329,CUS004329,Not Churn,0.1833,Low,Synthetic Churn Risk Model,1.0,2026-06-30
CHN004330,CUS004330,Not Churn,0.187,Low,Synthetic Churn Risk Model,1.0,2026-06-30
CHN004331,CUS004331,Not Churn,0.0581,Low,Synthetic Churn Risk Model,1.0,2026-06-30
CHN004332,CUS004332,Not Churn,0.3106,Medium,Synthetic Churn Risk Model,1.0,2026-06-30
CHN004333,CUS004333,Not Churn,0.1586,Low,Synthetic Churn Risk Model,1.0,2026-06-30
CHN004334,CUS004334,Not Churn,0.1121,Low,Synthetic Churn Risk Model,1.0,2026-06-30
CHN004335,CUS004335,Not Churn,0.2306,Low,Synthetic Churn Risk Model,1.0,2026-06-30
CHN004336,CUS004336,Not Churn,0.0501,Low,Synthetic Churn Risk Model,1.0,2026-06-30
CHN004337,CUS004337,Not Churn,0.0326,Low,Synthetic Churn Risk Model,1.0,2026-06-30
CHN004338,CUS004338,Not Churn,0.4351,Medium,Synthetic Churn Risk Model,1.0,2026-06-30
CHN004339,CUS004339,Not Churn,0.0608,Low,Synthetic Churn Risk Model,1.0,2026-06-30
CHN004340,CUS004340,Not Churn,0.4087,Medium,Synthetic Churn Risk Model,1.0,2026-06-30
CHN004341,CUS004341,Not Churn,0.0932,Low,Synthetic Churn Risk Model,1.0,2026-06-30
CHN004342,CUS004342,Not Churn,0.4122,Medium,Synthetic Churn Risk Model,1.0,2026-06-30
CHN004343,CUS004343,Not Churn,0.0887,Low,Synthetic Churn Risk Model,1.0,2026-06-30
CHN004344,CUS004344,Not Churn,0.4069,Medium,Synthetic Churn Risk Model,1.0,2026-06-30
CHN004345,CUS004345,Not Churn,0.1843,Low,Synthetic Churn Risk Model,1.0,2026-06-30
CHN004346,CUS004346,Not Churn,0.0464,Low,Synthetic Churn Risk Model,1.0,2026-06-30
CHN004347,CUS004347,Not Churn,0.0821,Low,Synthetic Churn Risk Model,1.0,2026-06-30
CHN004348,CUS004348,Not Churn,0.059,Low,Synthetic Churn Risk Model,1.0,2026-06-30
CHN004349,CUS004349,Not Churn,0.52,Medium,Synthetic Churn Risk Model,1.0,2026-06-30
CHN004350,CUS004350,Not Churn,0.0448,Low,Synthetic Churn Risk Model,1.0,2026-06-30
CHN004351,CUS004351,Not Churn,0.1416,Low,Synthetic Churn Risk Model,1.0,2026-06-30
CHN004352,CUS004352,Not Churn,0.0522,Low,Synthetic Churn Risk Model,1.0,2026-06-30
CHN004353,CUS004353,Not Churn,0.0795,Low,Synthetic Churn Risk Model,1.0,2026-06-30
CHN004354,CUS004354,Not Churn,0.2989,Low,Synthetic Churn Risk Model,1.0,2026-06-30
CHN004355,CUS004355,Not Churn,0.102,Low,Synthetic Churn Risk Model,1.0,2026-06-30
CHN004356,CUS004356,Not Churn,0.3965,Medium,Synthetic Churn Risk Model,1.0,2026-06-30
CHN004357,CUS004357,Not Churn,0.0888,Low,Synthetic Churn Risk Model,1.0,2026-06-30
CHN004358,CUS004358,Not Churn,0.4303,Medium,Synthetic Churn Risk Model,1.0,2026-06-30
CHN004359,CUS004359,Not Churn,0.4035,Medium,Synthetic Churn Risk Model,1.0,2026-06-30
CHN004360,CUS004360,Not Churn,0.0925,Low,Synthetic Churn Risk Model,1.0,2026-06-30
CHN004361,CUS004361,Not Churn,0.1053,Low,Synthetic Churn Risk Model,1.0,2026-06-30
CHN004362,CUS004362,Not Churn,0.3324,Medium,Synthetic Churn Risk Model,1.0,2026-06-30
CHN004363,CUS004363,Not Churn,0.1403,Low,Synthetic Churn Risk Model,1.0,2026-06-30
CHN004364,CUS004364,Not Churn,0.4377,Medium,Synthetic Churn Risk Model,1.0,2026-06-30
CHN004365,CUS004365,Not Churn,0.3898,Medium,Synthetic Churn Risk Model,1.0,2026-06-30
CHN004366,CUS004366,Not Churn,0.4256,Medium,Synthetic Churn Risk Model,1.0,2026-06-30
CHN004367,CUS004367,Not Churn,0.0355,Low,Synthetic Churn Risk Model,1.0,2026-06-30
CHN004368,CUS004368,Not Churn,0.4086,Medium,Synthetic Churn Risk Model,1.0,2026-06-30
CHN004369,CUS004369,Not Churn,0.2359,Low,Synthetic Churn Risk Model,1.0,2026-06-30
CHN004370,CUS004370,Not Churn,0.0935,Low,Synthetic Churn Risk Model,1.0,2026-06-30
CHN004371,CUS004371,Not Churn,0.1168,Low,Synthetic Churn Risk Model,1.0,2026-06-30
CHN004372,CUS004372,Not Churn,0.2569,Low,Synthetic Churn Risk Model,1.0,2026-06-30
CHN004373,CUS004373,Not Churn,0.0785,Low,Synthetic Churn Risk Model,1.0,2026-06-30
CHN004374,CUS004374,Not Churn,0.0652,Low,Synthetic Churn Risk Model,1.0,2026-06-30
CHN004375,CUS004375,Not Churn,0.2331,Low,Synthetic Churn Risk Model,1.0,2026-06-30
CHN004376,CUS004376,Not Churn,0.0785,Low,Synthetic Churn Risk Model,1.0,2026-06-30
CHN004377,CUS004377,Not Churn,0.4164,Medium,Synthetic Churn Risk Model,1.0,2026-06-30
CHN004378,CUS004378,Not Churn,0.1611,Low,Synthetic Churn Risk Model,1.0,2026-06-30
CHN004379,CUS004379,Not Churn,0.4007,Medium,Synthetic Churn Risk Model,1.0,2026-06-30
CHN004380,CUS004380,Not Churn,0.0381,Low,Synthetic Churn Risk Model,1.0,2026-06-30
CHN004381,CUS004381,Not Churn,0.1052,Low,Synthetic Churn Risk Model,1.0,2026-06-30
CHN004382,CUS004382,Not Churn,0.0952,Low,Synthetic Churn Risk Model,1.0,2026-06-30
CHN004383,CUS004383,Not Churn,0.412,Medium,Synthetic Churn Risk Model,1.0,2026-06-30
CHN004384,CUS004384,Not Churn,0.4094,Medium,Synthetic Churn Risk Model,1.0,2026-06-30
CHN004385,CUS004385,Not Churn,0.0559,Low,Synthetic Churn Risk Model,1.0,2026-06-30
CHN004386,CUS004386,Not Churn,0.1167,Low,Synthetic Churn Risk Model,1.0,2026-06-30
CHN004387,CUS004387,Not Churn,0.0776,Low,Synthetic Churn Risk Model,1.0,2026-06-30
CHN004388,CUS004388,Not Churn,0.4254,Medium,Synthetic Churn Risk Model,1.0,2026-06-30
CHN004389,CUS004389,Not Churn,0.2535,Low,Synthetic Churn Risk Model,1.0,2026-06-30
CHN004390,CUS004390,Not Churn,0.3395,Medium,Synthetic Churn Risk Model,1.0,2026-06-30
CHN004391,CUS004391,Not Churn,0.2874,Low,Synthetic Churn Risk Model,1.0,2026-06-30
CHN004392,CUS004392,Not Churn,0.0629,Low,Synthetic Churn Risk Model,1.0,2026-06-30
CHN004393,CUS004393,Not Churn,0.4115,Medium,Synthetic Churn Risk Model,1.0,2026-06-30
CHN004394,CUS004394,Not Churn,0.033,Low,Synthetic Churn Risk Model,1.0,2026-06-30
CHN004395,CUS004395,Not Churn,0.0188,Low,Synthetic Churn Risk Model,1.0,2026-06-30
CHN004396,CUS004396,Churn,0.6161,High,Synthetic Churn Risk Model,1.0,2026-06-30
CHN004397,CUS004397,Not Churn,0.4155,Medium,Synthetic Churn Risk Model,1.0,2026-06-30
CHN004398,CUS004398,Not Churn,0.2021,Low,Synthetic Churn Risk Model,1.0,2026-06-30
CHN004399,CUS004399,Not Churn,0.017,Low,Synthetic Churn Risk Model,1.0,2026-06-30
CHN004400,CUS004400,Not Churn,0.039,Low,Synthetic Churn Risk Model,1.0,2026-06-30
CHN004401,CUS004401,Not Churn,0.4141,Medium,Synthetic Churn Risk Model,1.0,2026-06-30
CHN004402,CUS004402,Not Churn,0.4089,Medium,Synthetic Churn Risk Model,1.0,2026-06-30
CHN004403,CUS004403,Not Churn,0.3198,Medium,Synthetic Churn Risk Model,1.0,2026-06-30
CHN004404,CUS004404,Not Churn,0.1186,Low,Synthetic Churn Risk Model,1.0,2026-06-30
CHN004405,CUS004405,Not Churn,0.4306,Medium,Synthetic Churn Risk Model,1.0,2026-06-30
CHN004406,CUS004406,Not Churn,0.1645,Low,Synthetic Churn Risk Model,1.0,2026-06-30
CHN004407,CUS004407,Not Churn,0.1533,Low,Synthetic Churn Risk Model,1.0,2026-06-30
CHN004408,CUS004408,Not Churn,0.0833,Low,Synthetic Churn Risk Model,1.0,2026-06-30
CHN004409,CUS004409,Not Churn,0.0102,Low,Synthetic Churn Risk Model,1.0,2026-06-30
CHN004410,CUS004410,Not Churn,0.0415,Low,Synthetic Churn Risk Model,1.0,2026-06-30
CHN004411,CUS004411,Not Churn,0.4076,Medium,Synthetic Churn Risk Model,1.0,2026-06-30
CHN004412,CUS004412,Not Churn,0.0126,Low,Synthetic Churn Risk Model,1.0,2026-06-30
CHN004413,CUS004413,Not Churn,0.1391,Low,Synthetic Churn Risk Model,1.0,2026-06-30
CHN004414,CUS004414,Not Churn,0.4001,Medium,Synthetic Churn Risk Model,1.0,2026-06-30
CHN004415,CUS004415,Not Churn,0.1949,Low,Synthetic Churn Risk Model,1.0,2026-06-30
CHN004416,CUS004416,Not Churn,0.1579,Low,Synthetic Churn Risk Model,1.0,2026-06-30
CHN004417,CUS004417,Not Churn,0.059,Low,Synthetic Churn Risk Model,1.0,2026-06-30
CHN004418,CUS004418,Not Churn,0.1354,Low,Synthetic Churn Risk Model,1.0,2026-06-30
CHN004419,CUS004419,Not Churn,0.3667,Medium,Synthetic Churn Risk Model,1.0,2026-06-30
CHN004420,CUS004420,Not Churn,0.4361,Medium,Synthetic Churn Risk Model,1.0,2026-06-30
CHN004421,CUS004421,Not Churn,0.1563,Low,Synthetic Churn Risk Model,1.0,2026-06-30
CHN004422,CUS004422,Not Churn,0.4126,Medium,Synthetic Churn Risk Model,1.0,2026-06-30
CHN004423,CUS004423,Not Churn,0.3934,Medium,Synthetic Churn Risk Model,1.0,2026-06-30
CHN004424,CUS004424,Not Churn,0.0412,Low,Synthetic Churn Risk Model,1.0,2026-06-30
CHN004425,CUS004425,Not Churn,0.0314,Low,Synthetic Churn Risk Model,1.0,2026-06-30
CHN004426,CUS004426,Not Churn,0.0828,Low,Synthetic Churn Risk Model,1.0,2026-06-30
CHN004427,CUS004427,Not Churn,0.0819,Low,Synthetic Churn Risk Model,1.0,2026-06-30
CHN004428,CUS004428,Not Churn,0.1106,Low,Synthetic Churn Risk Model,1.0,2026-06-30
CHN004429,CUS004429,Not Churn,0.0725,Low,Synthetic Churn Risk Model,1.0,2026-06-30
CHN004430,CUS004430,Not Churn,0.0463,Low,Synthetic Churn Risk Model,1.0,2026-06-30
CHN004431,CUS004431,Not Churn,0.0373,Low,Synthetic Churn Risk Model,1.0,2026-06-30
CHN004432,CUS004432,Not Churn,0.0263,Low,Synthetic Churn Risk Model,1.0,2026-06-30
CHN004433,CUS004433,Not Churn,0.1179,Low,Synthetic Churn Risk Model,1.0,2026-06-30
CHN004434,CUS004434,Not Churn,0.406,Medium,Synthetic Churn Risk Model,1.0,2026-06-30
CHN004435,CUS004435,Not Churn,0.4105,Medium,Synthetic Churn Risk Model,1.0,2026-06-30
CHN004436,CUS004436,Not Churn,0.4272,Medium,Synthetic Churn Risk Model,1.0,2026-06-30
CHN004437,CUS004437,Not Churn,0.1648,Low,Synthetic Churn Risk Model,1.0,2026-06-30
CHN004438,CUS004438,Not Churn,0.4152,Medium,Synthetic Churn Risk Model,1.0,2026-06-30
CHN004439,CUS004439,Not Churn,0.0489,Low,Synthetic Churn Risk Model,1.0,2026-06-30
CHN004440,CUS004440,Not Churn,0.0668,Low,Synthetic Churn Risk Model,1.0,2026-06-30
CHN004441,CUS004441,Not Churn,0.4196,Medium,Synthetic Churn Risk Model,1.0,2026-06-30
CHN004442,CUS004442,Not Churn,0.4085,Medium,Synthetic Churn Risk Model,1.0,2026-06-30
CHN004443,CUS004443,Not Churn,0.1406,Low,Synthetic Churn Risk Model,1.0,2026-06-30
CHN004444,CUS004444,Not Churn,0.1153,Low,Synthetic Churn Risk Model,1.0,2026-06-30
CHN004445,CUS004445,Not Churn,0.4227,Medium,Synthetic Churn Risk Model,1.0,2026-06-30
CHN004446,CUS004446,Not Churn,0.2184,Low,Synthetic Churn Risk Model,1.0,2026-06-30
CHN004447,CUS004447,Not Churn,0.1421,Low,Synthetic Churn Risk Model,1.0,2026-06-30
CHN004448,CUS004448,Not Churn,0.413,Medium,Synthetic Churn Risk Model,1.0,2026-06-30
CHN004449,CUS004449,Not Churn,0.0576,Low,Synthetic Churn Risk Model,1.0,2026-06-30
CHN004450,CUS004450,Not Churn,0.3931,Medium,Synthetic Churn Risk Model,1.0,2026-06-30
CHN004451,CUS004451,Not Churn,0.0726,Low,Synthetic Churn Risk Model,1.0,2026-06-30
CHN004452,CUS004452,Not Churn,0.4422,Medium,Synthetic Churn Risk Model,1.0,2026-06-30
CHN004453,CUS004453,Not Churn,0.4249,Medium,Synthetic Churn Risk Model,1.0,2026-06-30
CHN004454,CUS004454,Not Churn,0.4312,Medium,Synthetic Churn Risk Model,1.0,2026-06-30
CHN004455,CUS004455,Not Churn,0.1308,Low,Synthetic Churn Risk Model,1.0,2026-06-30
CHN004456,CUS004456,Not Churn,0.0407,Low,Synthetic Churn Risk Model,1.0,2026-06-30
CHN004457,CUS004457,Not Churn,0.1079,Low,Synthetic Churn Risk Model,1.0,2026-06-30
CHN004458,CUS004458,Not Churn,0.1047,Low,Synthetic Churn Risk Model,1.0,2026-06-30
CHN004459,CUS004459,Not Churn,0.4566,Medium,Synthetic Churn Risk Model,1.0,2026-06-30
CHN004460,CUS004460,Not Churn,0.4211,Medium,Synthetic Churn Risk Model,1.0,2026-06-30
CHN004461,CUS004461,Not Churn,0.4196,Medium,Synthetic Churn Risk Model,1.0,2026-06-30
CHN004462,CUS004462,Not Churn,0.4297,Medium,Synthetic Churn Risk Model,1.0,2026-06-30
CHN004463,CUS004463,Not Churn,0.0115,Low,Synthetic Churn Risk Model,1.0,2026-06-30
CHN004464,CUS004464,Not Churn,0.4052,Medium,Synthetic Churn Risk Model,1.0,2026-06-30
CHN004465,CUS004465,Not Churn,0.0503,Low,Synthetic Churn Risk Model,1.0,2026-06-30
CHN004466,CUS004466,Not Churn,0.2129,Low,Synthetic Churn Risk Model,1.0,2026-06-30
CHN004467,CUS004467,Not Churn,0.0477,Low,Synthetic Churn Risk Model,1.0,2026-06-30
CHN004468,CUS004468,Not Churn,0.0114,Low,Synthetic Churn Risk Model,1.0,2026-06-30
CHN004469,CUS004469,Not Churn,0.1064,Low,Synthetic Churn Risk Model,1.0,2026-06-30
CHN004470,CUS004470,Not Churn,0.4016,Medium,Synthetic Churn Risk Model,1.0,2026-06-30
CHN004471,CUS004471,Not Churn,0.0517,Low,Synthetic Churn Risk Model,1.0,2026-06-30
CHN004472,CUS004472,Not Churn,0.0244,Low,Synthetic Churn Risk Model,1.0,2026-06-30
CHN004473,CUS004473,Not Churn,0.4097,Medium,Synthetic Churn Risk Model,1.0,2026-06-30
CHN004474,CUS004474,Not Churn,0.052,Low,Synthetic Churn Risk Model,1.0,2026-06-30
CHN004475,CUS004475,Not Churn,0.3335,Medium,Synthetic Churn Risk Model,1.0,2026-06-30
CHN004476,CUS004476,Not Churn,0.4348,Medium,Synthetic Churn Risk Model,1.0,2026-06-30
CHN004477,CUS004477,Not Churn,0.0179,Low,Synthetic Churn Risk Model,1.0,2026-06-30
CHN004478,CUS004478,Not Churn,0.4116,Medium,Synthetic Churn Risk Model,1.0,2026-06-30
CHN004479,CUS004479,Not Churn,0.2296,Low,Synthetic Churn Risk Model,1.0,2026-06-30
CHN004480,CUS004480,Not Churn,0.1149,Low,Synthetic Churn Risk Model,1.0,2026-06-30
CHN004481,CUS004481,Not Churn,0.0381,Low,Synthetic Churn Risk Model,1.0,2026-06-30
CHN004482,CUS004482,Not Churn,0.1351,Low,Synthetic Churn Risk Model,1.0,2026-06-30
CHN004483,CUS004483,Not Churn,0.0307,Low,Synthetic Churn Risk Model,1.0,2026-06-30
CHN004484,CUS004484,Not Churn,0.0372,Low,Synthetic Churn Risk Model,1.0,2026-06-30
CHN004485,CUS004485,Not Churn,0.232,Low,Synthetic Churn Risk Model,1.0,2026-06-30
CHN004486,CUS004486,Not Churn,0.0531,Low,Synthetic Churn Risk Model,1.0,2026-06-30
CHN004487,CUS004487,Not Churn,0.0284,Low,Synthetic Churn Risk Model,1.0,2026-06-30
CHN004488,CUS004488,Not Churn,0.0343,Low,Synthetic Churn Risk Model,1.0,2026-06-30
CHN004489,CUS004489,Not Churn,0.0903,Low,Synthetic Churn Risk Model,1.0,2026-06-30
CHN004490,CUS004490,Not Churn,0.0181,Low,Synthetic Churn Risk Model,1.0,2026-06-30
CHN004491,CUS004491,Not Churn,0.1375,Low,Synthetic Churn Risk Model,1.0,2026-06-30
CHN004492,CUS004492,Not Churn,0.422,Medium,Synthetic Churn Risk Model,1.0,2026-06-30
CHN004493,CUS004493,Not Churn,0.4042,Medium,Synthetic Churn Risk Model,1.0,2026-06-30
CHN004494,CUS004494,Not Churn,0.0812,Low,Synthetic Churn Risk Model,1.0,2026-06-30
CHN004495,CUS004495,Not Churn,0.0171,Low,Synthetic Churn Risk Model,1.0,2026-06-30
CHN004496,CUS004496,Not Churn,0.0764,Low,Synthetic Churn Risk Model,1.0,2026-06-30
CHN004497,CUS004497,Not Churn,0.4284,Medium,Synthetic Churn Risk Model,1.0,2026-06-30
CHN004498,CUS004498,Not Churn,0.0219,Low,Synthetic Churn Risk Model,1.0,2026-06-30
CHN004499,CUS004499,Not Churn,0.4519,Medium,Synthetic Churn Risk Model,1.0,2026-06-30
CHN004500,CUS004500,Not Churn,0.2174,Low,Synthetic Churn Risk Model,1.0,2026-06-30
CHN004501,CUS004501,Not Churn,0.0623,Low,Synthetic Churn Risk Model,1.0,2026-06-30
CHN004502,CUS004502,Not Churn,0.4109,Medium,Synthetic Churn Risk Model,1.0,2026-06-30
CHN004503,CUS004503,Not Churn,0.2728,Low,Synthetic Churn Risk Model,1.0,2026-06-30
CHN004504,CUS004504,Not Churn,0.3904,Medium,Synthetic Churn Risk Model,1.0,2026-06-30
CHN004505,CUS004505,Not Churn,0.0635,Low,Synthetic Churn Risk Model,1.0,2026-06-30
CHN004506,CUS004506,Not Churn,0.3435,Medium,Synthetic Churn Risk Model,1.0,2026-06-30
CHN004507,CUS004507,Not Churn,0.0551,Low,Synthetic Churn Risk Model,1.0,2026-06-30
CHN004508,CUS004508,Not Churn,0.0691,Low,Synthetic Churn Risk Model,1.0,2026-06-30
CHN004509,CUS004509,Not Churn,0.4045,Medium,Synthetic Churn Risk Model,1.0,2026-06-30
CHN004510,CUS004510,Not Churn,0.0389,Low,Synthetic Churn Risk Model,1.0,2026-06-30
CHN004511,CUS004511,Not Churn,0.4307,Medium,Synthetic Churn Risk Model,1.0,2026-06-30
CHN004512,CUS004512,Not Churn,0.2087,Low,Synthetic Churn Risk Model,1.0,2026-06-30
CHN004513,CUS004513,Not Churn,0.0294,Low,Synthetic Churn Risk Model,1.0,2026-06-30
CHN004514,CUS004514,Not Churn,0.4104,Medium,Synthetic Churn Risk Model,1.0,2026-06-30
CHN004515,CUS004515,Not Churn,0.0157,Low,Synthetic Churn Risk Model,1.0,2026-06-30
CHN004516,CUS004516,Not Churn,0.0943,Low,Synthetic Churn Risk Model,1.0,2026-06-30
CHN004517,CUS004517,Not Churn,0.4029,Medium,Synthetic Churn Risk Model,1.0,2026-06-30
CHN004518,CUS004518,Not Churn,0.4101,Medium,Synthetic Churn Risk Model,1.0,2026-06-30
CHN004519,CUS004519,Not Churn,0.4309,Medium,Synthetic Churn Risk Model,1.0,2026-06-30
CHN004520,CUS004520,Not Churn,0.3962,Medium,Synthetic Churn Risk Model,1.0,2026-06-30
CHN004521,CUS004521,Not Churn,0.0382,Low,Synthetic Churn Risk Model,1.0,2026-06-30
CHN004522,CUS004522,Not Churn,0.0831,Low,Synthetic Churn Risk Model,1.0,2026-06-30
CHN004523,CUS004523,Not Churn,0.3989,Medium,Synthetic Churn Risk Model,1.0,2026-06-30
CHN004524,CUS004524,Not Churn,0.4206,Medium,Synthetic Churn Risk Model,1.0,2026-06-30
CHN004525,CUS004525,Not Churn,0.2738,Low,Synthetic Churn Risk Model,1.0,2026-06-30
CHN004526,CUS004526,Not Churn,0.1712,Low,Synthetic Churn Risk Model,1.0,2026-06-30
CHN004527,CUS004527,Not Churn,0.0902,Low,Synthetic Churn Risk Model,1.0,2026-06-30
CHN004528,CUS004528,Not Churn,0.2388,Low,Synthetic Churn Risk Model,1.0,2026-06-30
CHN004529,CUS004529,Not Churn,0.0504,Low,Synthetic Churn Risk Model,1.0,2026-06-30
CHN004530,CUS004530,Not Churn,0.1083,Low,Synthetic Churn Risk Model,1.0,2026-06-30
CHN004531,CUS004531,Not Churn,0.0517,Low,Synthetic Churn Risk Model,1.0,2026-06-30
CHN004532,CUS004532,Not Churn,0.0367,Low,Synthetic Churn Risk Model,1.0,2026-06-30
CHN004533,CUS004533,Not Churn,0.4168,Medium,Synthetic Churn Risk Model,1.0,2026-06-30
CHN004534,CUS004534,Not Churn,0.0985,Low,Synthetic Churn Risk Model,1.0,2026-06-30
CHN004535,CUS004535,Not Churn,0.416,Medium,Synthetic Churn Risk Model,1.0,2026-06-30
CHN004536,CUS004536,Not Churn,0.0893,Low,Synthetic Churn Risk Model,1.0,2026-06-30
CHN004537,CUS004537,Not Churn,0.0274,Low,Synthetic Churn Risk Model,1.0,2026-06-30
CHN004538,CUS004538,Not Churn,0.4264,Medium,Synthetic Churn Risk Model,1.0,2026-06-30
CHN004539,CUS004539,Not Churn,0.2934,Low,Synthetic Churn Risk Model,1.0,2026-06-30
CHN004540,CUS004540,Not Churn,0.4083,Medium,Synthetic Churn Risk Model,1.0,2026-06-30
CHN004541,CUS004541,Not Churn,0.0988,Low,Synthetic Churn Risk Model,1.0,2026-06-30
CHN004542,CUS004542,Not Churn,0.0589,Low,Synthetic Churn Risk Model,1.0,2026-06-30
CHN004543,CUS004543,Not Churn,0.4155,Medium,Synthetic Churn Risk Model,1.0,2026-06-30
CHN004544,CUS004544,Not Churn,0.1922,Low,Synthetic Churn Risk Model,1.0,2026-06-30
CHN004545,CUS004545,Not Churn,0.4073,Medium,Synthetic Churn Risk Model,1.0,2026-06-30
CHN004546,CUS004546,Not Churn,0.4053,Medium,Synthetic Churn Risk Model,1.0,2026-06-30
CHN004547,CUS004547,Not Churn,0.3981,Medium,Synthetic Churn Risk Model,1.0,2026-06-30
CHN004548,CUS004548,Not Churn,0.4126,Medium,Synthetic Churn Risk Model,1.0,2026-06-30
CHN004549,CUS004549,Not Churn,0.095,Low,Synthetic Churn Risk Model,1.0,2026-06-30
CHN004550,CUS004550,Not Churn,0.4307,Medium,Synthetic Churn Risk Model,1.0,2026-06-30
CHN004551,CUS004551,Not Churn,0.048,Low,Synthetic Churn Risk Model,1.0,2026-06-30
CHN004552,CUS004552,Not Churn,0.1043,Low,Synthetic Churn Risk Model,1.0,2026-06-30
CHN004553,CUS004553,Not Churn,0.0887,Low,Synthetic Churn Risk Model,1.0,2026-06-30
CHN004554,CUS004554,Not Churn,0.1244,Low,Synthetic Churn Risk Model,1.0,2026-06-30
CHN004555,CUS004555,Not Churn,0.0852,Low,Synthetic Churn Risk Model,1.0,2026-06-30
CHN004556,CUS004556,Not Churn,0.0383,Low,Synthetic Churn Risk Model,1.0,2026-06-30
CHN004557,CUS004557,Not Churn,0.4384,Medium,Synthetic Churn Risk Model,1.0,2026-06-30
CHN004558,CUS004558,Not Churn,0.0569,Low,Synthetic Churn Risk Model,1.0,2026-06-30
CHN004559,CUS004559,Not Churn,0.2565,Low,Synthetic Churn Risk Model,1.0,2026-06-30
CHN004560,CUS004560,Not Churn,0.4255,Medium,Synthetic Churn Risk Model,1.0,2026-06-30
CHN004561,CUS004561,Not Churn,0.1603,Low,Synthetic Churn Risk Model,1.0,2026-06-30
CHN004562,CUS004562,Not Churn,0.0287,Low,Synthetic Churn Risk Model,1.0,2026-06-30
CHN004563,CUS004563,Not Churn,0.4173,Medium,Synthetic Churn Risk Model,1.0,2026-06-30
CHN004564,CUS004564,Not Churn,0.061,Low,Synthetic Churn Risk Model,1.0,2026-06-30
CHN004565,CUS004565,Not Churn,0.4024,Medium,Synthetic Churn Risk Model,1.0,2026-06-30
CHN004566,CUS004566,Not Churn,0.4046,Medium,Synthetic Churn Risk Model,1.0,2026-06-30
CHN004567,CUS004567,Not Churn,0.2867,Low,Synthetic Churn Risk Model,1.0,2026-06-30
CHN004568,CUS004568,Not Churn,0.2557,Low,Synthetic Churn Risk Model,1.0,2026-06-30
CHN004569,CUS004569,Not Churn,0.4211,Medium,Synthetic Churn Risk Model,1.0,2026-06-30
CHN004570,CUS004570,Not Churn,0.0852,Low,Synthetic Churn Risk Model,1.0,2026-06-30
CHN004571,CUS004571,Not Churn,0.1007,Low,Synthetic Churn Risk Model,1.0,2026-06-30
CHN004572,CUS004572,Not Churn,0.0873,Low,Synthetic Churn Risk Model,1.0,2026-06-30
CHN004573,CUS004573,Not Churn,0.4233,Medium,Synthetic Churn Risk Model,1.0,2026-06-30
CHN004574,CUS004574,Not Churn,0.0909,Low,Synthetic Churn Risk Model,1.0,2026-06-30
CHN004575,CUS004575,Not Churn,0.1646,Low,Synthetic Churn Risk Model,1.0,2026-06-30
CHN004576,CUS004576,Not Churn,0.395,Medium,Synthetic Churn Risk Model,1.0,2026-06-30
CHN004577,CUS004577,Not Churn,0.411,Medium,Synthetic Churn Risk Model,1.0,2026-06-30
CHN004578,CUS004578,Not Churn,0.11,Low,Synthetic Churn Risk Model,1.0,2026-06-30
CHN004579,CUS004579,Not Churn,0.4167,Medium,Synthetic Churn Risk Model,1.0,2026-06-30
CHN004580,CUS004580,Not Churn,0.0613,Low,Synthetic Churn Risk Model,1.0,2026-06-30
CHN004581,CUS004581,Not Churn,0.1121,Low,Synthetic Churn Risk Model,1.0,2026-06-30
CHN004582,CUS004582,Not Churn,0.0476,Low,Synthetic Churn Risk Model,1.0,2026-06-30
CHN004583,CUS004583,Not Churn,0.0514,Low,Synthetic Churn Risk Model,1.0,2026-06-30
CHN004584,CUS004584,Not Churn,0.1054,Low,Synthetic Churn Risk Model,1.0,2026-06-30
CHN004585,CUS004585,Not Churn,0.0564,Low,Synthetic Churn Risk Model,1.0,2026-06-30
CHN004586,CUS004586,Not Churn,0.0308,Low,Synthetic Churn Risk Model,1.0,2026-06-30
CHN004587,CUS004587,Not Churn,0.4029,Medium,Synthetic Churn Risk Model,1.0,2026-06-30
CHN004588,CUS004588,Not Churn,0.0286,Low,Synthetic Churn Risk Model,1.0,2026-06-30
CHN004589,CUS004589,Not Churn,0.1705,Low,Synthetic Churn Risk Model,1.0,2026-06-30
CHN004590,CUS004590,Not Churn,0.426,Medium,Synthetic Churn Risk Model,1.0,2026-06-30
CHN004591,CUS004591,Not Churn,0.4435,Medium,Synthetic Churn Risk Model,1.0,2026-06-30
CHN004592,CUS004592,Not Churn,0.1234,Low,Synthetic Churn Risk Model,1.0,2026-06-30
CHN004593,CUS004593,Not Churn,0.4177,Medium,Synthetic Churn Risk Model,1.0,2026-06-30
CHN004594,CUS004594,Not Churn,0.3972,Medium,Synthetic Churn Risk Model,1.0,2026-06-30
CHN004595,CUS004595,Not Churn,0.0717,Low,Synthetic Churn Risk Model,1.0,2026-06-30
CHN004596,CUS004596,Not Churn,0.0892,Low,Synthetic Churn Risk Model,1.0,2026-06-30
CHN004597,CUS004597,Not Churn,0.4299,Medium,Synthetic Churn Risk Model,1.0,2026-06-30
CHN004598,CUS004598,Not Churn,0.1933,Low,Synthetic Churn Risk Model,1.0,2026-06-30
CHN004599,CUS004599,Not Churn,0.2219,Low,Synthetic Churn Risk Model,1.0,2026-06-30
CHN004600,CUS004600,Not Churn,0.4269,Medium,Synthetic Churn Risk Model,1.0,2026-06-30
CHN004601,CUS004601,Not Churn,0.0225,Low,Synthetic Churn Risk Model,1.0,2026-06-30
CHN004602,CUS004602,Not Churn,0.0504,Low,Synthetic Churn Risk Model,1.0,2026-06-30
CHN004603,CUS004603,Not Churn,0.1205,Low,Synthetic Churn Risk Model,1.0,2026-06-30
CHN004604,CUS004604,Not Churn,0.4122,Medium,Synthetic Churn Risk Model,1.0,2026-06-30
CHN004605,CUS004605,Not Churn,0.0299,Low,Synthetic Churn Risk Model,1.0,2026-06-30
CHN004606,CUS004606,Not Churn,0.0868,Low,Synthetic Churn Risk Model,1.0,2026-06-30
CHN004607,CUS004607,Not Churn,0.0377,Low,Synthetic Churn Risk Model,1.0,2026-06-30
CHN004608,CUS004608,Not Churn,0.0216,Low,Synthetic Churn Risk Model,1.0,2026-06-30
CHN004609,CUS004609,Not Churn,0.4401,Medium,Synthetic Churn Risk Model,1.0,2026-06-30
CHN004610,CUS004610,Not Churn,0.1339,Low,Synthetic Churn Risk Model,1.0,2026-06-30
CHN004611,CUS004611,Not Churn,0.4176,Medium,Synthetic Churn Risk Model,1.0,2026-06-30
CHN004612,CUS004612,Not Churn,0.0337,Low,Synthetic Churn Risk Model,1.0,2026-06-30
CHN004613,CUS004613,Not Churn,0.0279,Low,Synthetic Churn Risk Model,1.0,2026-06-30
CHN004614,CUS004614,Not Churn,0.0129,Low,Synthetic Churn Risk Model,1.0,2026-06-30
CHN004615,CUS004615,Not Churn,0.0739,Low,Synthetic Churn Risk Model,1.0,2026-06-30
CHN004616,CUS004616,Not Churn,0.0239,Low,Synthetic Churn Risk Model,1.0,2026-06-30
CHN004617,CUS004617,Not Churn,0.1126,Low,Synthetic Churn Risk Model,1.0,2026-06-30
CHN004618,CUS004618,Not Churn,0.4028,Medium,Synthetic Churn Risk Model,1.0,2026-06-30
CHN004619,CUS004619,Not Churn,0.1744,Low,Synthetic Churn Risk Model,1.0,2026-06-30
CHN004620,CUS004620,Not Churn,0.4402,Medium,Synthetic Churn Risk Model,1.0,2026-06-30
CHN004621,CUS004621,Not Churn,0.412,Medium,Synthetic Churn Risk Model,1.0,2026-06-30
CHN004622,CUS004622,Not Churn,0.0201,Low,Synthetic Churn Risk Model,1.0,2026-06-30
CHN004623,CUS004623,Not Churn,0.0224,Low,Synthetic Churn Risk Model,1.0,2026-06-30
CHN004624,CUS004624,Not Churn,0.1263,Low,Synthetic Churn Risk Model,1.0,2026-06-30
CHN004625,CUS004625,Not Churn,0.4124,Medium,Synthetic Churn Risk Model,1.0,2026-06-30
CHN004626,CUS004626,Not Churn,0.0305,Low,Synthetic Churn Risk Model,1.0,2026-06-30
CHN004627,CUS004627,Not Churn,0.4485,Medium,Synthetic Churn Risk Model,1.0,2026-06-30
CHN004628,CUS004628,Not Churn,0.518,Medium,Synthetic Churn Risk Model,1.0,2026-06-30
CHN004629,CUS004629,Not Churn,0.2651,Low,Synthetic Churn Risk Model,1.0,2026-06-30
CHN004630,CUS004630,Not Churn,0.0421,Low,Synthetic Churn Risk Model,1.0,2026-06-30
CHN004631,CUS004631,Not Churn,0.1797,Low,Synthetic Churn Risk Model,1.0,2026-06-30
CHN004632,CUS004632,Not Churn,0.4104,Medium,Synthetic Churn Risk Model,1.0,2026-06-30
CHN004633,CUS004633,Not Churn,0.1708,Low,Synthetic Churn Risk Model,1.0,2026-06-30
CHN004634,CUS004634,Not Churn,0.0538,Low,Synthetic Churn Risk Model,1.0,2026-06-30
CHN004635,CUS004635,Not Churn,0.0939,Low,Synthetic Churn Risk Model,1.0,2026-06-30
CHN004636,CUS004636,Not Churn,0.4411,Medium,Synthetic Churn Risk Model,1.0,2026-06-30
CHN004637,CUS004637,Not Churn,0.0901,Low,Synthetic Churn Risk Model,1.0,2026-06-30
CHN004638,CUS004638,Not Churn,0.4145,Medium,Synthetic Churn Risk Model,1.0,2026-06-30
CHN004639,CUS004639,Not Churn,0.0914,Low,Synthetic Churn Risk Model,1.0,2026-06-30
CHN004640,CUS004640,Not Churn,0.2454,Low,Synthetic Churn Risk Model,1.0,2026-06-30
CHN004641,CUS004641,Not Churn,0.2103,Low,Synthetic Churn Risk Model,1.0,2026-06-30
CHN004642,CUS004642,Not Churn,0.426,Medium,Synthetic Churn Risk Model,1.0,2026-06-30
CHN004643,CUS004643,Not Churn,0.1734,Low,Synthetic Churn Risk Model,1.0,2026-06-30
CHN004644,CUS004644,Not Churn,0.4119,Medium,Synthetic Churn Risk Model,1.0,2026-06-30
CHN004645,CUS004645,Not Churn,0.0979,Low,Synthetic Churn Risk Model,1.0,2026-06-30
CHN004646,CUS004646,Not Churn,0.1966,Low,Synthetic Churn Risk Model,1.0,2026-06-30
CHN004647,CUS004647,Not Churn,0.0873,Low,Synthetic Churn Risk Model,1.0,2026-06-30
CHN004648,CUS004648,Not Churn,0.4089,Medium,Synthetic Churn Risk Model,1.0,2026-06-30
CHN004649,CUS004649,Not Churn,0.0844,Low,Synthetic Churn Risk Model,1.0,2026-06-30
CHN004650,CUS004650,Not Churn,0.0565,Low,Synthetic Churn Risk Model,1.0,2026-06-30
CHN004651,CUS004651,Not Churn,0.0592,Low,Synthetic Churn Risk Model,1.0,2026-06-30
CHN004652,CUS004652,Not Churn,0.0866,Low,Synthetic Churn Risk Model,1.0,2026-06-30
CHN004653,CUS004653,Not Churn,0.2714,Low,Synthetic Churn Risk Model,1.0,2026-06-30
CHN004654,CUS004654,Not Churn,0.4109,Medium,Synthetic Churn Risk Model,1.0,2026-06-30
CHN004655,CUS004655,Not Churn,0.0025,Low,Synthetic Churn Risk Model,1.0,2026-06-30
CHN004656,CUS004656,Not Churn,0.4091,Medium,Synthetic Churn Risk Model,1.0,2026-06-30
CHN004657,CUS004657,Not Churn,0.2255,Low,Synthetic Churn Risk Model,1.0,2026-06-30
CHN004658,CUS004658,Not Churn,0.0658,Low,Synthetic Churn Risk Model,1.0,2026-06-30
CHN004659,CUS004659,Not Churn,0.0074,Low,Synthetic Churn Risk Model,1.0,2026-06-30
CHN004660,CUS004660,Not Churn,0.4019,Medium,Synthetic Churn Risk Model,1.0,2026-06-30
CHN004661,CUS004661,Not Churn,0.0475,Low,Synthetic Churn Risk Model,1.0,2026-06-30
CHN004662,CUS004662,Not Churn,0.0758,Low,Synthetic Churn Risk Model,1.0,2026-06-30
CHN004663,CUS004663,Not Churn,0.5503,Medium,Synthetic Churn Risk Model,1.0,2026-06-30
CHN004664,CUS004664,Not Churn,0.0347,Low,Synthetic Churn Risk Model,1.0,2026-06-30
CHN004665,CUS004665,Not Churn,0.4283,Medium,Synthetic Churn Risk Model,1.0,2026-06-30
CHN004666,CUS004666,Not Churn,0.412,Medium,Synthetic Churn Risk Model,1.0,2026-06-30
CHN004667,CUS004667,Not Churn,0.4117,Medium,Synthetic Churn Risk Model,1.0,2026-06-30
CHN004668,CUS004668,Not Churn,0.0402,Low,Synthetic Churn Risk Model,1.0,2026-06-30
CHN004669,CUS004669,Not Churn,0.0907,Low,Synthetic Churn Risk Model,1.0,2026-06-30
CHN004670,CUS004670,Not Churn,0.4111,Medium,Synthetic Churn Risk Model,1.0,2026-06-30
CHN004671,CUS004671,Not Churn,0.0227,Low,Synthetic Churn Risk Model,1.0,2026-06-30
CHN004672,CUS004672,Not Churn,0.2633,Low,Synthetic Churn Risk Model,1.0,2026-06-30
CHN004673,CUS004673,Not Churn,0.0251,Low,Synthetic Churn Risk Model,1.0,2026-06-30
CHN004674,CUS004674,Not Churn,0.1844,Low,Synthetic Churn Risk Model,1.0,2026-06-30
CHN004675,CUS004675,Not Churn,0.0805,Low,Synthetic Churn Risk Model,1.0,2026-06-30
CHN004676,CUS004676,Not Churn,0.3617,Medium,Synthetic Churn Risk Model,1.0,2026-06-30
CHN004677,CUS004677,Not Churn,0.1221,Low,Synthetic Churn Risk Model,1.0,2026-06-30
CHN004678,CUS004678,Not Churn,0.0554,Low,Synthetic Churn Risk Model,1.0,2026-06-30
CHN004679,CUS004679,Not Churn,0.0118,Low,Synthetic Churn Risk Model,1.0,2026-06-30
CHN004680,CUS004680,Not Churn,0.1597,Low,Synthetic Churn Risk Model,1.0,2026-06-30
CHN004681,CUS004681,Not Churn,0.0292,Low,Synthetic Churn Risk Model,1.0,2026-06-30
CHN004682,CUS004682,Not Churn,0.0362,Low,Synthetic Churn Risk Model,1.0,2026-06-30
CHN004683,CUS004683,Not Churn,0.36,Medium,Synthetic Churn Risk Model,1.0,2026-06-30
CHN004684,CUS004684,Not Churn,0.4112,Medium,Synthetic Churn Risk Model,1.0,2026-06-30
CHN004685,CUS004685,Not Churn,0.4079,Medium,Synthetic Churn Risk Model,1.0,2026-06-30
CHN004686,CUS004686,Not Churn,0.0789,Low,Synthetic Churn Risk Model,1.0,2026-06-30
CHN004687,CUS004687,Not Churn,0.0589,Low,Synthetic Churn Risk Model,1.0,2026-06-30
CHN004688,CUS004688,Not Churn,0.2979,Low,Synthetic Churn Risk Model,1.0,2026-06-30
CHN004689,CUS004689,Not Churn,0.393,Medium,Synthetic Churn Risk Model,1.0,2026-06-30
CHN004690,CUS004690,Not Churn,0.1105,Low,Synthetic Churn Risk Model,1.0,2026-06-30
CHN004691,CUS004691,Not Churn,0.0745,Low,Synthetic Churn Risk Model,1.0,2026-06-30
CHN004692,CUS004692,Not Churn,0.0709,Low,Synthetic Churn Risk Model,1.0,2026-06-30
CHN004693,CUS004693,Not Churn,0.0385,Low,Synthetic Churn Risk Model,1.0,2026-06-30
CHN004694,CUS004694,Not Churn,0.1843,Low,Synthetic Churn Risk Model,1.0,2026-06-30
CHN004695,CUS004695,Not Churn,0.0585,Low,Synthetic Churn Risk Model,1.0,2026-06-30
CHN004696,CUS004696,Not Churn,0.0834,Low,Synthetic Churn Risk Model,1.0,2026-06-30
CHN004697,CUS004697,Not Churn,0.4134,Medium,Synthetic Churn Risk Model,1.0,2026-06-30
CHN004698,CUS004698,Not Churn,0.1665,Low,Synthetic Churn Risk Model,1.0,2026-06-30
CHN004699,CUS004699,Not Churn,0.0721,Low,Synthetic Churn Risk Model,1.0,2026-06-30
CHN004700,CUS004700,Not Churn,0.1186,Low,Synthetic Churn Risk Model,1.0,2026-06-30
CHN004701,CUS004701,Not Churn,0.3682,Medium,Synthetic Churn Risk Model,1.0,2026-06-30
CHN004702,CUS004702,Not Churn,0.0287,Low,Synthetic Churn Risk Model,1.0,2026-06-30
CHN004703,CUS004703,Not Churn,0.0521,Low,Synthetic Churn Risk Model,1.0,2026-06-30
CHN004704,CUS004704,Not Churn,0.0256,Low,Synthetic Churn Risk Model,1.0,2026-06-30
CHN004705,CUS004705,Not Churn,0.1348,Low,Synthetic Churn Risk Model,1.0,2026-06-30
CHN004706,CUS004706,Not Churn,0.1355,Low,Synthetic Churn Risk Model,1.0,2026-06-30
CHN004707,CUS004707,Not Churn,0.0472,Low,Synthetic Churn Risk Model,1.0,2026-06-30
CHN004708,CUS004708,Not Churn,0.0438,Low,Synthetic Churn Risk Model,1.0,2026-06-30
CHN004709,CUS004709,Churn,1.0,High,Synthetic Churn Risk Model,1.0,2026-06-30
CHN004710,CUS004710,Not Churn,0.0742,Low,Synthetic Churn Risk Model,1.0,2026-06-30
CHN004711,CUS004711,Not Churn,0.3396,Medium,Synthetic Churn Risk Model,1.0,2026-06-30
CHN004712,CUS004712,Not Churn,0.3762,Medium,Synthetic Churn Risk Model,1.0,2026-06-30
CHN004713,CUS004713,Not Churn,0.1273,Low,Synthetic Churn Risk Model,1.0,2026-06-30
CHN004714,CUS004714,Not Churn,0.1074,Low,Synthetic Churn Risk Model,1.0,2026-06-30
CHN004715,CUS004715,Not Churn,0.3598,Medium,Synthetic Churn Risk Model,1.0,2026-06-30
CHN004716,CUS004716,Not Churn,0.21,Low,Synthetic Churn Risk Model,1.0,2026-06-30
CHN004717,CUS004717,Not Churn,0.2498,Low,Synthetic Churn Risk Model,1.0,2026-06-30
CHN004718,CUS004718,Not Churn,0.1512,Low,Synthetic Churn Risk Model,1.0,2026-06-30
CHN004719,CUS004719,Not Churn,0.3959,Medium,Synthetic Churn Risk Model,1.0,2026-06-30
CHN004720,CUS004720,Not Churn,0.1734,Low,Synthetic Churn Risk Model,1.0,2026-06-30
CHN004721,CUS004721,Not Churn,0.1883,Low,Synthetic Churn Risk Model,1.0,2026-06-30
CHN004722,CUS004722,Not Churn,0.0536,Low,Synthetic Churn Risk Model,1.0,2026-06-30
CHN004723,CUS004723,Not Churn,0.0291,Low,Synthetic Churn Risk Model,1.0,2026-06-30
CHN004724,CUS004724,Not Churn,0.3648,Medium,Synthetic Churn Risk Model,1.0,2026-06-30
CHN004725,CUS004725,Not Churn,0.4177,Medium,Synthetic Churn Risk Model,1.0,2026-06-30
CHN004726,CUS004726,Not Churn,0.4033,Medium,Synthetic Churn Risk Model,1.0,2026-06-30
CHN004727,CUS004727,Not Churn,0.0328,Low,Synthetic Churn Risk Model,1.0,2026-06-30
CHN004728,CUS004728,Not Churn,0.14,Low,Synthetic Churn Risk Model,1.0,2026-06-30
CHN004729,CUS004729,Not Churn,0.0273,Low,Synthetic Churn Risk Model,1.0,2026-06-30
CHN004730,CUS004730,Not Churn,0.4065,Medium,Synthetic Churn Risk Model,1.0,2026-06-30
CHN004731,CUS004731,Not Churn,0.4163,Medium,Synthetic Churn Risk Model,1.0,2026-06-30
CHN004732,CUS004732,Not Churn,0.4061,Medium,Synthetic Churn Risk Model,1.0,2026-06-30
CHN004733,CUS004733,Not Churn,0.0671,Low,Synthetic Churn Risk Model,1.0,2026-06-30
CHN004734,CUS004734,Not Churn,0.1167,Low,Synthetic Churn Risk Model,1.0,2026-06-30
CHN004735,CUS004735,Not Churn,0.1478,Low,Synthetic Churn Risk Model,1.0,2026-06-30
CHN004736,CUS004736,Not Churn,0.3962,Medium,Synthetic Churn Risk Model,1.0,2026-06-30
CHN004737,CUS004737,Not Churn,0.5057,Medium,Synthetic Churn Risk Model,1.0,2026-06-30
CHN004738,CUS004738,Not Churn,0.4033,Medium,Synthetic Churn Risk Model,1.0,2026-06-30
CHN004739,CUS004739,Not Churn,0.027,Low,Synthetic Churn Risk Model,1.0,2026-06-30
CHN004740,CUS004740,Not Churn,0.4096,Medium,Synthetic Churn Risk Model,1.0,2026-06-30
CHN004741,CUS004741,Not Churn,0.0819,Low,Synthetic Churn Risk Model,1.0,2026-06-30
CHN004742,CUS004742,Not Churn,0.4127,Medium,Synthetic Churn Risk Model,1.0,2026-06-30
CHN004743,CUS004743,Not Churn,0.0834,Low,Synthetic Churn Risk Model,1.0,2026-06-30
CHN004744,CUS004744,Not Churn,0.0386,Low,Synthetic Churn Risk Model,1.0,2026-06-30
CHN004745,CUS004745,Not Churn,0.1631,Low,Synthetic Churn Risk Model,1.0,2026-06-30
CHN004746,CUS004746,Not Churn,0.4049,Medium,Synthetic Churn Risk Model,1.0,2026-06-30
CHN004747,CUS004747,Not Churn,0.0734,Low,Synthetic Churn Risk Model,1.0,2026-06-30
CHN004748,CUS004748,Not Churn,0.0127,Low,Synthetic Churn Risk Model,1.0,2026-06-30
CHN004749,CUS004749,Not Churn,0.0357,Low,Synthetic Churn Risk Model,1.0,2026-06-30
CHN004750,CUS004750,Not Churn,0.4093,Medium,Synthetic Churn Risk Model,1.0,2026-06-30
CHN004751,CUS004751,Not Churn,0.2066,Low,Synthetic Churn Risk Model,1.0,2026-06-30
CHN004752,CUS004752,Not Churn,0.0659,Low,Synthetic Churn Risk Model,1.0,2026-06-30
CHN004753,CUS004753,Not Churn,0.4279,Medium,Synthetic Churn Risk Model,1.0,2026-06-30
CHN004754,CUS004754,Not Churn,0.4092,Medium,Synthetic Churn Risk Model,1.0,2026-06-30
CHN004755,CUS004755,Not Churn,0.1979,Low,Synthetic Churn Risk Model,1.0,2026-06-30
CHN004756,CUS004756,Not Churn,0.4072,Medium,Synthetic Churn Risk Model,1.0,2026-06-30
CHN004757,CUS004757,Not Churn,0.429,Medium,Synthetic Churn Risk Model,1.0,2026-06-30
CHN004758,CUS004758,Not Churn,0.2435,Low,Synthetic Churn Risk Model,1.0,2026-06-30
CHN004759,CUS004759,Not Churn,0.3929,Medium,Synthetic Churn Risk Model,1.0,2026-06-30
CHN004760,CUS004760,Not Churn,0.0379,Low,Synthetic Churn Risk Model,1.0,2026-06-30
CHN004761,CUS004761,Not Churn,0.112,Low,Synthetic Churn Risk Model,1.0,2026-06-30
CHN004762,CUS004762,Not Churn,0.0797,Low,Synthetic Churn Risk Model,1.0,2026-06-30
CHN004763,CUS004763,Not Churn,0.1671,Low,Synthetic Churn Risk Model,1.0,2026-06-30
CHN004764,CUS004764,Not Churn,0.0164,Low,Synthetic Churn Risk Model,1.0,2026-06-30
CHN004765,CUS004765,Not Churn,0.4388,Medium,Synthetic Churn Risk Model,1.0,2026-06-30
CHN004766,CUS004766,Not Churn,0.0841,Low,Synthetic Churn Risk Model,1.0,2026-06-30
CHN004767,CUS004767,Not Churn,0.0284,Low,Synthetic Churn Risk Model,1.0,2026-06-30
CHN004768,CUS004768,Not Churn,0.0423,Low,Synthetic Churn Risk Model,1.0,2026-06-30
CHN004769,CUS004769,Not Churn,0.4009,Medium,Synthetic Churn Risk Model,1.0,2026-06-30
CHN004770,CUS004770,Not Churn,0.1044,Low,Synthetic Churn Risk Model,1.0,2026-06-30
CHN004771,CUS004771,Not Churn,0.4216,Medium,Synthetic Churn Risk Model,1.0,2026-06-30
CHN004772,CUS004772,Not Churn,0.0644,Low,Synthetic Churn Risk Model,1.0,2026-06-30
CHN004773,CUS004773,Not Churn,0.1369,Low,Synthetic Churn Risk Model,1.0,2026-06-30
CHN004774,CUS004774,Not Churn,0.114,Low,Synthetic Churn Risk Model,1.0,2026-06-30
CHN004775,CUS004775,Not Churn,0.1397,Low,Synthetic Churn Risk Model,1.0,2026-06-30
CHN004776,CUS004776,Not Churn,0.444,Medium,Synthetic Churn Risk Model,1.0,2026-06-30
CHN004777,CUS004777,Not Churn,0.022,Low,Synthetic Churn Risk Model,1.0,2026-06-30
CHN004778,CUS004778,Not Churn,0.4031,Medium,Synthetic Churn Risk Model,1.0,2026-06-30
CHN004779,CUS004779,Not Churn,0.0237,Low,Synthetic Churn Risk Model,1.0,2026-06-30
CHN004780,CUS004780,Not Churn,0.4155,Medium,Synthetic Churn Risk Model,1.0,2026-06-30
CHN004781,CUS004781,Not Churn,0.059,Low,Synthetic Churn Risk Model,1.0,2026-06-30
CHN004782,CUS004782,Not Churn,0.4316,Medium,Synthetic Churn Risk Model,1.0,2026-06-30
CHN004783,CUS004783,Not Churn,0.1285,Low,Synthetic Churn Risk Model,1.0,2026-06-30
CHN004784,CUS004784,Not Churn,0.0914,Low,Synthetic Churn Risk Model,1.0,2026-06-30
CHN004785,CUS004785,Not Churn,0.1088,Low,Synthetic Churn Risk Model,1.0,2026-06-30
CHN004786,CUS004786,Not Churn,0.1283,Low,Synthetic Churn Risk Model,1.0,2026-06-30
CHN004787,CUS004787,Not Churn,0.2026,Low,Synthetic Churn Risk Model,1.0,2026-06-30
CHN004788,CUS004788,Not Churn,0.0173,Low,Synthetic Churn Risk Model,1.0,2026-06-30
CHN004789,CUS004789,Not Churn,0.0417,Low,Synthetic Churn Risk Model,1.0,2026-06-30
CHN004790,CUS004790,Not Churn,0.1357,Low,Synthetic Churn Risk Model,1.0,2026-06-30
CHN004791,CUS004791,Not Churn,0.1089,Low,Synthetic Churn Risk Model,1.0,2026-06-30
CHN004792,CUS004792,Not Churn,0.056,Low,Synthetic Churn Risk Model,1.0,2026-06-30
CHN004793,CUS004793,Not Churn,0.1149,Low,Synthetic Churn Risk Model,1.0,2026-06-30
CHN004794,CUS004794,Not Churn,0.4259,Medium,Synthetic Churn Risk Model,1.0,2026-06-30
CHN004795,CUS004795,Not Churn,0.1942,Low,Synthetic Churn Risk Model,1.0,2026-06-30
CHN004796,CUS004796,Not Churn,0.0216,Low,Synthetic Churn Risk Model,1.0,2026-06-30
CHN004797,CUS004797,Not Churn,0.0338,Low,Synthetic Churn Risk Model,1.0,2026-06-30
CHN004798,CUS004798,Not Churn,0.4023,Medium,Synthetic Churn Risk Model,1.0,2026-06-30
CHN004799,CUS004799,Not Churn,0.1135,Low,Synthetic Churn Risk Model,1.0,2026-06-30
CHN004800,CUS004800,Not Churn,0.0912,Low,Synthetic Churn Risk Model,1.0,2026-06-30
CHN004801,CUS004801,Not Churn,0.1903,Low,Synthetic Churn Risk Model,1.0,2026-06-30
CHN004802,CUS004802,Not Churn,0.4211,Medium,Synthetic Churn Risk Model,1.0,2026-06-30
CHN004803,CUS004803,Not Churn,0.0332,Low,Synthetic Churn Risk Model,1.0,2026-06-30
CHN004804,CUS004804,Not Churn,0.1475,Low,Synthetic Churn Risk Model,1.0,2026-06-30
CHN004805,CUS004805,Not Churn,0.4347,Medium,Synthetic Churn Risk Model,1.0,2026-06-30
CHN004806,CUS004806,Not Churn,0.0244,Low,Synthetic Churn Risk Model,1.0,2026-06-30
CHN004807,CUS004807,Not Churn,0.4022,Medium,Synthetic Churn Risk Model,1.0,2026-06-30
CHN004808,CUS004808,Not Churn,0.0385,Low,Synthetic Churn Risk Model,1.0,2026-06-30
CHN004809,CUS004809,Not Churn,0.0506,Low,Synthetic Churn Risk Model,1.0,2026-06-30
CHN004810,CUS004810,Not Churn,0.0432,Low,Synthetic Churn Risk Model,1.0,2026-06-30
CHN004811,CUS004811,Not Churn,0.0307,Low,Synthetic Churn Risk Model,1.0,2026-06-30
CHN004812,CUS004812,Not Churn,0.1462,Low,Synthetic Churn Risk Model,1.0,2026-06-30
CHN004813,CUS004813,Not Churn,0.4211,Medium,Synthetic Churn Risk Model,1.0,2026-06-30
CHN004814,CUS004814,Not Churn,0.2377,Low,Synthetic Churn Risk Model,1.0,2026-06-30
CHN004815,CUS004815,Not Churn,0.1004,Low,Synthetic Churn Risk Model,1.0,2026-06-30
CHN004816,CUS004816,Not Churn,0.4371,Medium,Synthetic Churn Risk Model,1.0,2026-06-30
CHN004817,CUS004817,Not Churn,0.1717,Low,Synthetic Churn Risk Model,1.0,2026-06-30
CHN004818,CUS004818,Not Churn,0.4238,Medium,Synthetic Churn Risk Model,1.0,2026-06-30
CHN004819,CUS004819,Not Churn,0.0315,Low,Synthetic Churn Risk Model,1.0,2026-06-30
CHN004820,CUS004820,Not Churn,0.2925,Low,Synthetic Churn Risk Model,1.0,2026-06-30
CHN004821,CUS004821,Not Churn,0.2949,Low,Synthetic Churn Risk Model,1.0,2026-06-30
CHN004822,CUS004822,Not Churn,0.4033,Medium,Synthetic Churn Risk Model,1.0,2026-06-30
CHN004823,CUS004823,Not Churn,0.1246,Low,Synthetic Churn Risk Model,1.0,2026-06-30
CHN004824,CUS004824,Not Churn,0.4064,Medium,Synthetic Churn Risk Model,1.0,2026-06-30
CHN004825,CUS004825,Not Churn,0.4093,Medium,Synthetic Churn Risk Model,1.0,2026-06-30
CHN004826,CUS004826,Not Churn,0.1116,Low,Synthetic Churn Risk Model,1.0,2026-06-30
CHN004827,CUS004827,Not Churn,0.4038,Medium,Synthetic Churn Risk Model,1.0,2026-06-30
CHN004828,CUS004828,Not Churn,0.021,Low,Synthetic Churn Risk Model,1.0,2026-06-30
CHN004829,CUS004829,Not Churn,0.0477,Low,Synthetic Churn Risk Model,1.0,2026-06-30
CHN004830,CUS004830,Not Churn,0.0512,Low,Synthetic Churn Risk Model,1.0,2026-06-30
CHN004831,CUS004831,Not Churn,0.0545,Low,Synthetic Churn Risk Model,1.0,2026-06-30
CHN004832,CUS004832,Not Churn,0.2229,Low,Synthetic Churn Risk Model,1.0,2026-06-30
CHN004833,CUS004833,Not Churn,0.0529,Low,Synthetic Churn Risk Model,1.0,2026-06-30
CHN004834,CUS004834,Not Churn,0.1338,Low,Synthetic Churn Risk Model,1.0,2026-06-30
CHN004835,CUS004835,Not Churn,0.1277,Low,Synthetic Churn Risk Model,1.0,2026-06-30
CHN004836,CUS004836,Not Churn,0.026,Low,Synthetic Churn Risk Model,1.0,2026-06-30
CHN004837,CUS004837,Not Churn,0.4287,Medium,Synthetic Churn Risk Model,1.0,2026-06-30
CHN004838,CUS004838,Not Churn,0.1132,Low,Synthetic Churn Risk Model,1.0,2026-06-30
CHN004839,CUS004839,Not Churn,0.0437,Low,Synthetic Churn Risk Model,1.0,2026-06-30
CHN004840,CUS004840,Not Churn,0.0837,Low,Synthetic Churn Risk Model,1.0,2026-06-30
CHN004841,CUS004841,Not Churn,0.3325,Medium,Synthetic Churn Risk Model,1.0,2026-06-30
CHN004842,CUS004842,Not Churn,0.2648,Low,Synthetic Churn Risk Model,1.0,2026-06-30
CHN004843,CUS004843,Churn,0.6619,High,Synthetic Churn Risk Model,1.0,2026-06-30
CHN004844,CUS004844,Not Churn,0.1012,Low,Synthetic Churn Risk Model,1.0,2026-06-30
CHN004845,CUS004845,Not Churn,0.1844,Low,Synthetic Churn Risk Model,1.0,2026-06-30
CHN004846,CUS004846,Not Churn,0.0203,Low,Synthetic Churn Risk Model,1.0,2026-06-30
CHN004847,CUS004847,Not Churn,0.4118,Medium,Synthetic Churn Risk Model,1.0,2026-06-30
CHN004848,CUS004848,Not Churn,0.4133,Medium,Synthetic Churn Risk Model,1.0,2026-06-30
CHN004849,CUS004849,Not Churn,0.1241,Low,Synthetic Churn Risk Model,1.0,2026-06-30
CHN004850,CUS004850,Not Churn,0.4457,Medium,Synthetic Churn Risk Model,1.0,2026-06-30
CHN004851,CUS004851,Not Churn,0.0899,Low,Synthetic Churn Risk Model,1.0,2026-06-30
CHN004852,CUS004852,Not Churn,0.1694,Low,Synthetic Churn Risk Model,1.0,2026-06-30
CHN004853,CUS004853,Not Churn,0.0726,Low,Synthetic Churn Risk Model,1.0,2026-06-30
CHN004854,CUS004854,Not Churn,0.3978,Medium,Synthetic Churn Risk Model,1.0,2026-06-30
CHN004855,CUS004855,Not Churn,0.4227,Medium,Synthetic Churn Risk Model,1.0,2026-06-30
CHN004856,CUS004856,Not Churn,0.1206,Low,Synthetic Churn Risk Model,1.0,2026-06-30
CHN004857,CUS004857,Not Churn,0.2127,Low,Synthetic Churn Risk Model,1.0,2026-06-30
CHN004858,CUS004858,Not Churn,0.0549,Low,Synthetic Churn Risk Model,1.0,2026-06-30
CHN004859,CUS004859,Not Churn,0.3553,Medium,Synthetic Churn Risk Model,1.0,2026-06-30
CHN004860,CUS004860,Not Churn,0.4153,Medium,Synthetic Churn Risk Model,1.0,2026-06-30
CHN004861,CUS004861,Not Churn,0.024,Low,Synthetic Churn Risk Model,1.0,2026-06-30
CHN004862,CUS004862,Not Churn,0.4144,Medium,Synthetic Churn Risk Model,1.0,2026-06-30
CHN004863,CUS004863,Not Churn,0.0377,Low,Synthetic Churn Risk Model,1.0,2026-06-30
CHN004864,CUS004864,Not Churn,0.147,Low,Synthetic Churn Risk Model,1.0,2026-06-30
CHN004865,CUS004865,Not Churn,0.0475,Low,Synthetic Churn Risk Model,1.0,2026-06-30
CHN004866,CUS004866,Not Churn,0.4232,Medium,Synthetic Churn Risk Model,1.0,2026-06-30
CHN004867,CUS004867,Not Churn,0.403,Medium,Synthetic Churn Risk Model,1.0,2026-06-30
CHN004868,CUS004868,Not Churn,0.2336,Low,Synthetic Churn Risk Model,1.0,2026-06-30
CHN004869,CUS004869,Not Churn,0.0723,Low,Synthetic Churn Risk Model,1.0,2026-06-30
CHN004870,CUS004870,Not Churn,0.0581,Low,Synthetic Churn Risk Model,1.0,2026-06-30
CHN004871,CUS004871,Not Churn,0.4019,Medium,Synthetic Churn Risk Model,1.0,2026-06-30
CHN004872,CUS004872,Not Churn,0.0182,Low,Synthetic Churn Risk Model,1.0,2026-06-30
CHN004873,CUS004873,Not Churn,0.091,Low,Synthetic Churn Risk Model,1.0,2026-06-30
CHN004874,CUS004874,Not Churn,0.0764,Low,Synthetic Churn Risk Model,1.0,2026-06-30
CHN004875,CUS004875,Not Churn,0.0394,Low,Synthetic Churn Risk Model,1.0,2026-06-30
CHN004876,CUS004876,Not Churn,0.0363,Low,Synthetic Churn Risk Model,1.0,2026-06-30
CHN004877,CUS004877,Not Churn,0.1132,Low,Synthetic Churn Risk Model,1.0,2026-06-30
CHN004878,CUS004878,Not Churn,0.0436,Low,Synthetic Churn Risk Model,1.0,2026-06-30
CHN004879,CUS004879,Not Churn,0.414,Medium,Synthetic Churn Risk Model,1.0,2026-06-30
CHN004880,CUS004880,Not Churn,0.0025,Low,Synthetic Churn Risk Model,1.0,2026-06-30
CHN004881,CUS004881,Not Churn,0.0636,Low,Synthetic Churn Risk Model,1.0,2026-06-30
CHN004882,CUS004882,Not Churn,0.4146,Medium,Synthetic Churn Risk Model,1.0,2026-06-30
CHN004883,CUS004883,Not Churn,0.0419,Low,Synthetic Churn Risk Model,1.0,2026-06-30
CHN004884,CUS004884,Not Churn,0.1176,Low,Synthetic Churn Risk Model,1.0,2026-06-30
CHN004885,CUS004885,Not Churn,0.1966,Low,Synthetic Churn Risk Model,1.0,2026-06-30
CHN004886,CUS004886,Not Churn,0.3999,Medium,Synthetic Churn Risk Model,1.0,2026-06-30
CHN004887,CUS004887,Not Churn,0.0414,Low,Synthetic Churn Risk Model,1.0,2026-06-30
CHN004888,CUS004888,Not Churn,0.1977,Low,Synthetic Churn Risk Model,1.0,2026-06-30
CHN004889,CUS004889,Not Churn,0.0032,Low,Synthetic Churn Risk Model,1.0,2026-06-30
CHN004890,CUS004890,Not Churn,0.1537,Low,Synthetic Churn Risk Model,1.0,2026-06-30
CHN004891,CUS004891,Not Churn,0.4228,Medium,Synthetic Churn Risk Model,1.0,2026-06-30
CHN004892,CUS004892,Not Churn,0.4162,Medium,Synthetic Churn Risk Model,1.0,2026-06-30
CHN004893,CUS004893,Not Churn,0.1924,Low,Synthetic Churn Risk Model,1.0,2026-06-30
CHN004894,CUS004894,Not Churn,0.0739,Low,Synthetic Churn Risk Model,1.0,2026-06-30
CHN004895,CUS004895,Not Churn,0.0645,Low,Synthetic Churn Risk Model,1.0,2026-06-30
CHN004896,CUS004896,Not Churn,0.3627,Medium,Synthetic Churn Risk Model,1.0,2026-06-30
CHN004897,CUS004897,Not Churn,0.246,Low,Synthetic Churn Risk Model,1.0,2026-06-30
CHN004898,CUS004898,Not Churn,0.1354,Low,Synthetic Churn Risk Model,1.0,2026-06-30
CHN004899,CUS004899,Not Churn,0.0854,Low,Synthetic Churn Risk Model,1.0,2026-06-30
CHN004900,CUS004900,Not Churn,0.4158,Medium,Synthetic Churn Risk Model,1.0,2026-06-30
CHN004901,CUS004901,Not Churn,0.4237,Medium,Synthetic Churn Risk Model,1.0,2026-06-30
CHN004902,CUS004902,Not Churn,0.4076,Medium,Synthetic Churn Risk Model,1.0,2026-06-30
CHN004903,CUS004903,Not Churn,0.2915,Low,Synthetic Churn Risk Model,1.0,2026-06-30
CHN004904,CUS004904,Not Churn,0.4287,Medium,Synthetic Churn Risk Model,1.0,2026-06-30
CHN004905,CUS004905,Not Churn,0.0913,Low,Synthetic Churn Risk Model,1.0,2026-06-30
CHN004906,CUS004906,Not Churn,0.1239,Low,Synthetic Churn Risk Model,1.0,2026-06-30
CHN004907,CUS004907,Not Churn,0.404,Medium,Synthetic Churn Risk Model,1.0,2026-06-30
CHN004908,CUS004908,Not Churn,0.1839,Low,Synthetic Churn Risk Model,1.0,2026-06-30
CHN004909,CUS004909,Not Churn,0.1027,Low,Synthetic Churn Risk Model,1.0,2026-06-30
CHN004910,CUS004910,Not Churn,0.0651,Low,Synthetic Churn Risk Model,1.0,2026-06-30
CHN004911,CUS004911,Not Churn,0.2513,Low,Synthetic Churn Risk Model,1.0,2026-06-30
CHN004912,CUS004912,Not Churn,0.3065,Medium,Synthetic Churn Risk Model,1.0,2026-06-30
CHN004913,CUS004913,Not Churn,0.0313,Low,Synthetic Churn Risk Model,1.0,2026-06-30
CHN004914,CUS004914,Not Churn,0.42,Medium,Synthetic Churn Risk Model,1.0,2026-06-30
CHN004915,CUS004915,Not Churn,0.4148,Medium,Synthetic Churn Risk Model,1.0,2026-06-30
CHN004916,CUS004916,Not Churn,0.0953,Low,Synthetic Churn Risk Model,1.0,2026-06-30
CHN004917,CUS004917,Not Churn,0.0303,Low,Synthetic Churn Risk Model,1.0,2026-06-30
CHN004918,CUS004918,Not Churn,0.1172,Low,Synthetic Churn Risk Model,1.0,2026-06-30
CHN004919,CUS004919,Not Churn,0.4169,Medium,Synthetic Churn Risk Model,1.0,2026-06-30
CHN004920,CUS004920,Not Churn,0.0964,Low,Synthetic Churn Risk Model,1.0,2026-06-30
CHN004921,CUS004921,Not Churn,0.0682,Low,Synthetic Churn Risk Model,1.0,2026-06-30
CHN004922,CUS004922,Not Churn,0.0819,Low,Synthetic Churn Risk Model,1.0,2026-06-30
CHN004923,CUS004923,Not Churn,0.0272,Low,Synthetic Churn Risk Model,1.0,2026-06-30
CHN004924,CUS004924,Not Churn,0.059,Low,Synthetic Churn Risk Model,1.0,2026-06-30
CHN004925,CUS004925,Not Churn,0.2328,Low,Synthetic Churn Risk Model,1.0,2026-06-30
CHN004926,CUS004926,Not Churn,0.0527,Low,Synthetic Churn Risk Model,1.0,2026-06-30
CHN004927,CUS004927,Not Churn,0.4044,Medium,Synthetic Churn Risk Model,1.0,2026-06-30
CHN004928,CUS004928,Not Churn,0.4685,Medium,Synthetic Churn Risk Model,1.0,2026-06-30
CHN004929,CUS004929,Not Churn,0.0405,Low,Synthetic Churn Risk Model,1.0,2026-06-30
CHN004930,CUS004930,Not Churn,0.45,Medium,Synthetic Churn Risk Model,1.0,2026-06-30
CHN004931,CUS004931,Not Churn,0.0833,Low,Synthetic Churn Risk Model,1.0,2026-06-30
CHN004932,CUS004932,Not Churn,0.1038,Low,Synthetic Churn Risk Model,1.0,2026-06-30
CHN004933,CUS004933,Not Churn,0.1157,Low,Synthetic Churn Risk Model,1.0,2026-06-30
CHN004934,CUS004934,Not Churn,0.0682,Low,Synthetic Churn Risk Model,1.0,2026-06-30
CHN004935,CUS004935,Not Churn,0.1024,Low,Synthetic Churn Risk Model,1.0,2026-06-30
CHN004936,CUS004936,Not Churn,0.4036,Medium,Synthetic Churn Risk Model,1.0,2026-06-30
CHN004937,CUS004937,Not Churn,0.0362,Low,Synthetic Churn Risk Model,1.0,2026-06-30
CHN004938,CUS004938,Not Churn,0.0567,Low,Synthetic Churn Risk Model,1.0,2026-06-30
CHN004939,CUS004939,Not Churn,0.1825,Low,Synthetic Churn Risk Model,1.0,2026-06-30
CHN004940,CUS004940,Not Churn,0.4087,Medium,Synthetic Churn Risk Model,1.0,2026-06-30
CHN004941,CUS004941,Not Churn,0.398,Medium,Synthetic Churn Risk Model,1.0,2026-06-30
CHN004942,CUS004942,Not Churn,0.4073,Medium,Synthetic Churn Risk Model,1.0,2026-06-30
CHN004943,CUS004943,Not Churn,0.0923,Low,Synthetic Churn Risk Model,1.0,2026-06-30
CHN004944,CUS004944,Not Churn,0.0615,Low,Synthetic Churn Risk Model,1.0,2026-06-30
CHN004945,CUS004945,Not Churn,0.0176,Low,Synthetic Churn Risk Model,1.0,2026-06-30
CHN004946,CUS004946,Not Churn,0.0678,Low,Synthetic Churn Risk Model,1.0,2026-06-30
CHN004947,CUS004947,Not Churn,0.416,Medium,Synthetic Churn Risk Model,1.0,2026-06-30
CHN004948,CUS004948,Not Churn,0.1082,Low,Synthetic Churn Risk Model,1.0,2026-06-30
CHN004949,CUS004949,Not Churn,0.0335,Low,Synthetic Churn Risk Model,1.0,2026-06-30
CHN004950,CUS004950,Not Churn,0.4037,Medium,Synthetic Churn Risk Model,1.0,2026-06-30
CHN004951,CUS004951,Not Churn,0.0231,Low,Synthetic Churn Risk Model,1.0,2026-06-30
CHN004952,CUS004952,Not Churn,0.0384,Low,Synthetic Churn Risk Model,1.0,2026-06-30
CHN004953,CUS004953,Not Churn,0.3893,Medium,Synthetic Churn Risk Model,1.0,2026-06-30
CHN004954,CUS004954,Not Churn,0.0186,Low,Synthetic Churn Risk Model,1.0,2026-06-30
CHN004955,CUS004955,Not Churn,0.0316,Low,Synthetic Churn Risk Model,1.0,2026-06-30
CHN004956,CUS004956,Not Churn,0.0545,Low,Synthetic Churn Risk Model,1.0,2026-06-30
CHN004957,CUS004957,Not Churn,0.4252,Medium,Synthetic Churn Risk Model,1.0,2026-06-30
CHN004958,CUS004958,Not Churn,0.1002,Low,Synthetic Churn Risk Model,1.0,2026-06-30
CHN004959,CUS004959,Not Churn,0.0295,Low,Synthetic Churn Risk Model,1.0,2026-06-30
CHN004960,CUS004960,Not Churn,0.403,Medium,Synthetic Churn Risk Model,1.0,2026-06-30
CHN004961,CUS004961,Not Churn,0.0674,Low,Synthetic Churn Risk Model,1.0,2026-06-30
CHN004962,CUS004962,Not Churn,0.405,Medium,Synthetic Churn Risk Model,1.0,2026-06-30
CHN004963,CUS004963,Not Churn,0.1113,Low,Synthetic Churn Risk Model,1.0,2026-06-30
CHN004964,CUS004964,Not Churn,0.0188,Low,Synthetic Churn Risk Model,1.0,2026-06-30
CHN004965,CUS004965,Not Churn,0.463,Medium,Synthetic Churn Risk Model,1.0,2026-06-30
CHN004966,CUS004966,Not Churn,0.0179,Low,Synthetic Churn Risk Model,1.0,2026-06-30
CHN004967,CUS004967,Not Churn,0.3997,Medium,Synthetic Churn Risk Model,1.0,2026-06-30
CHN004968,CUS004968,Not Churn,0.4154,Medium,Synthetic Churn Risk Model,1.0,2026-06-30
CHN004969,CUS004969,Not Churn,0.1086,Low,Synthetic Churn Risk Model,1.0,2026-06-30
CHN004970,CUS004970,Not Churn,0.2706,Low,Synthetic Churn Risk Model,1.0,2026-06-30
CHN004971,CUS004971,Not Churn,0.0292,Low,Synthetic Churn Risk Model,1.0,2026-06-30
CHN004972,CUS004972,Not Churn,0.4222,Medium,Synthetic Churn Risk Model,1.0,2026-06-30
CHN004973,CUS004973,Not Churn,0.0214,Low,Synthetic Churn Risk Model,1.0,2026-06-30
CHN004974,CUS004974,Not Churn,0.0841,Low,Synthetic Churn Risk Model,1.0,2026-06-30
CHN004975,CUS004975,Not Churn,0.0641,Low,Synthetic Churn Risk Model,1.0,2026-06-30
CHN004976,CUS004976,Not Churn,0.4244,Medium,Synthetic Churn Risk Model,1.0,2026-06-30
CHN004977,CUS004977,Not Churn,0.4099,Medium,Synthetic Churn Risk Model,1.0,2026-06-30
CHN004978,CUS004978,Not Churn,0.0577,Low,Synthetic Churn Risk Model,1.0,2026-06-30
CHN004979,CUS004979,Not Churn,0.398,Medium,Synthetic Churn Risk Model,1.0,2026-06-30
CHN004980,CUS004980,Not Churn,0.0826,Low,Synthetic Churn Risk Model,1.0,2026-06-30
CHN004981,CUS004981,Not Churn,0.3325,Medium,Synthetic Churn Risk Model,1.0,2026-06-30
CHN004982,CUS004982,Not Churn,0.3951,Medium,Synthetic Churn Risk Model,1.0,2026-06-30
CHN004983,CUS004983,Not Churn,0.0639,Low,Synthetic Churn Risk Model,1.0,2026-06-30
CHN004984,CUS004984,Not Churn,0.0951,Low,Synthetic Churn Risk Model,1.0,2026-06-30
CHN004985,CUS004985,Not Churn,0.3798,Medium,Synthetic Churn Risk Model,1.0,2026-06-30
CHN004986,CUS004986,Not Churn,0.0765,Low,Synthetic Churn Risk Model,1.0,2026-06-30
CHN004987,CUS004987,Not Churn,0.3989,Medium,Synthetic Churn Risk Model,1.0,2026-06-30
CHN004988,CUS004988,Not Churn,0.3181,Medium,Synthetic Churn Risk Model,1.0,2026-06-30
CHN004989,CUS004989,Not Churn,0.4113,Medium,Synthetic Churn Risk Model,1.0,2026-06-30
CHN004990,CUS004990,Not Churn,0.1151,Low,Synthetic Churn Risk Model,1.0,2026-06-30
CHN004991,CUS004991,Not Churn,0.0224,Low,Synthetic Churn Risk Model,1.0,2026-06-30
CHN004992,CUS004992,Not Churn,0.4212,Medium,Synthetic Churn Risk Model,1.0,2026-06-30
CHN004993,CUS004993,Not Churn,0.0407,Low,Synthetic Churn Risk Model,1.0,2026-06-30
CHN004994,CUS004994,Not Churn,0.0671,Low,Synthetic Churn Risk Model,1.0,2026-06-30
CHN004995,CUS004995,Not Churn,0.0073,Low,Synthetic Churn Risk Model,1.0,2026-06-30
CHN004996,CUS004996,Not Churn,0.0818,Low,Synthetic Churn Risk Model,1.0,2026-06-30
CHN004997,CUS004997,Not Churn,0.0385,Low,Synthetic Churn Risk Model,1.0,2026-06-30
CHN004998,CUS004998,Not Churn,0.0252,Low,Synthetic Churn Risk Model,1.0,2026-06-30
CHN004999,CUS004999,Not Churn,0.0971,Low,Synthetic Churn Risk Model,1.0,2026-06-30
CHN005000,CUS005000,Not Churn,0.0947,Low,Synthetic Churn Risk Model,1.0,2026-06-30
CHN005001,CUS005001,Not Churn,0.1829,Low,Synthetic Churn Risk Model,1.0,2026-06-30
CHN005002,CUS005002,Not Churn,0.0712,Low,Synthetic Churn Risk Model,1.0,2026-06-30
CHN005003,CUS005003,Not Churn,0.242,Low,Synthetic Churn Risk Model,1.0,2026-06-30
CHN005004,CUS005004,Not Churn,0.097,Low,Synthetic Churn Risk Model,1.0,2026-06-30
CHN005005,CUS005005,Not Churn,0.0463,Low,Synthetic Churn Risk Model,1.0,2026-06-30
CHN005006,CUS005006,Not Churn,0.4253,Medium,Synthetic Churn Risk Model,1.0,2026-06-30
CHN005007,CUS005007,Not Churn,0.0934,Low,Synthetic Churn Risk Model,1.0,2026-06-30
CHN005008,CUS005008,Not Churn,0.1133,Low,Synthetic Churn Risk Model,1.0,2026-06-30
CHN005009,CUS005009,Not Churn,0.0374,Low,Synthetic Churn Risk Model,1.0,2026-06-30
CHN005010,CUS005010,Not Churn,0.4059,Medium,Synthetic Churn Risk Model,1.0,2026-06-30
CHN005011,CUS005011,Not Churn,0.0686,Low,Synthetic Churn Risk Model,1.0,2026-06-30
CHN005012,CUS005012,Not Churn,0.0714,Low,Synthetic Churn Risk Model,1.0,2026-06-30
CHN005013,CUS005013,Not Churn,0.2668,Low,Synthetic Churn Risk Model,1.0,2026-06-30
CHN005014,CUS005014,Not Churn,0.0639,Low,Synthetic Churn Risk Model,1.0,2026-06-30
CHN005015,CUS005015,Not Churn,0.2651,Low,Synthetic Churn Risk Model,1.0,2026-06-30
CHN005016,CUS005016,Not Churn,0.2019,Low,Synthetic Churn Risk Model,1.0,2026-06-30
CHN005017,CUS005017,Not Churn,0.0451,Low,Synthetic Churn Risk Model,1.0,2026-06-30
CHN005018,CUS005018,Not Churn,0.4152,Medium,Synthetic Churn Risk Model,1.0,2026-06-30
CHN005019,CUS005019,Not Churn,0.0587,Low,Synthetic Churn Risk Model,1.0,2026-06-30
CHN005020,CUS005020,Not Churn,0.4406,Medium,Synthetic Churn Risk Model,1.0,2026-06-30
CHN005021,CUS005021,Not Churn,0.0933,Low,Synthetic Churn Risk Model,1.0,2026-06-30
CHN005022,CUS005022,Churn,0.643,High,Synthetic Churn Risk Model,1.0,2026-06-30
CHN005023,CUS005023,Not Churn,0.3496,Medium,Synthetic Churn Risk Model,1.0,2026-06-30
CHN005024,CUS005024,Not Churn,0.1754,Low,Synthetic Churn Risk Model,1.0,2026-06-30
CHN005025,CUS005025,Not Churn,0.0666,Low,Synthetic Churn Risk Model,1.0,2026-06-30
CHN005026,CUS005026,Not Churn,0.132,Low,Synthetic Churn Risk Model,1.0,2026-06-30
CHN005027,CUS005027,Not Churn,0.2338,Low,Synthetic Churn Risk Model,1.0,2026-06-30
CHN005028,CUS005028,Not Churn,0.4415,Medium,Synthetic Churn Risk Model,1.0,2026-06-30
CHN005029,CUS005029,Not Churn,0.4082,Medium,Synthetic Churn Risk Model,1.0,2026-06-30
CHN005030,CUS005030,Not Churn,0.4097,Medium,Synthetic Churn Risk Model,1.0,2026-06-30
CHN005031,CUS005031,Not Churn,0.0196,Low,Synthetic Churn Risk Model,1.0,2026-06-30
CHN005032,CUS005032,Not Churn,0.0218,Low,Synthetic Churn Risk Model,1.0,2026-06-30
CHN005033,CUS005033,Not Churn,0.0574,Low,Synthetic Churn Risk Model,1.0,2026-06-30
CHN005034,CUS005034,Not Churn,0.419,Medium,Synthetic Churn Risk Model,1.0,2026-06-30
CHN005035,CUS005035,Not Churn,0.4264,Medium,Synthetic Churn Risk Model,1.0,2026-06-30
CHN005036,CUS005036,Not Churn,0.064,Low,Synthetic Churn Risk Model,1.0,2026-06-30
CHN005037,CUS005037,Not Churn,0.0665,Low,Synthetic Churn Risk Model,1.0,2026-06-30
CHN005038,CUS005038,Not Churn,0.4042,Medium,Synthetic Churn Risk Model,1.0,2026-06-30
CHN005039,CUS005039,Not Churn,0.4005,Medium,Synthetic Churn Risk Model,1.0,2026-06-30
CHN005040,CUS005040,Not Churn,0.0868,Low,Synthetic Churn Risk Model,1.0,2026-06-30
CHN005041,CUS005041,Not Churn,0.3943,Medium,Synthetic Churn Risk Model,1.0,2026-06-30
CHN005042,CUS005042,Not Churn,0.0222,Low,Synthetic Churn Risk Model,1.0,2026-06-30
CHN005043,CUS005043,Not Churn,0.2978,Low,Synthetic Churn Risk Model,1.0,2026-06-30
CHN005044,CUS005044,Not Churn,0.5345,Medium,Synthetic Churn Risk Model,1.0,2026-06-30
CHN005045,CUS005045,Not Churn,0.4036,Medium,Synthetic Churn Risk Model,1.0,2026-06-30
CHN005046,CUS005046,Not Churn,0.1217,Low,Synthetic Churn Risk Model,1.0,2026-06-30
CHN005047,CUS005047,Not Churn,0.4058,Medium,Synthetic Churn Risk Model,1.0,2026-06-30
CHN005048,CUS005048,Not Churn,0.4173,Medium,Synthetic Churn Risk Model,1.0,2026-06-30
CHN005049,CUS005049,Not Churn,0.1278,Low,Synthetic Churn Risk Model,1.0,2026-06-30
CHN005050,CUS005050,Not Churn,0.1371,Low,Synthetic Churn Risk Model,1.0,2026-06-30
CHN005051,CUS005051,Not Churn,0.4009,Medium,Synthetic Churn Risk Model,1.0,2026-06-30
CHN005052,CUS005052,Not Churn,0.4218,Medium,Synthetic Churn Risk Model,1.0,2026-06-30
CHN005053,CUS005053,Not Churn,0.4114,Medium,Synthetic Churn Risk Model,1.0,2026-06-30
CHN005054,CUS005054,Not Churn,0.1791,Low,Synthetic Churn Risk Model,1.0,2026-06-30
CHN005055,CUS005055,Not Churn,0.1002,Low,Synthetic Churn Risk Model,1.0,2026-06-30
CHN005056,CUS005056,Not Churn,0.0459,Low,Synthetic Churn Risk Model,1.0,2026-06-30
CHN005057,CUS005057,Not Churn,0.1895,Low,Synthetic Churn Risk Model,1.0,2026-06-30
CHN005058,CUS005058,Not Churn,0.1197,Low,Synthetic Churn Risk Model,1.0,2026-06-30
CHN005059,CUS005059,Not Churn,0.4103,Medium,Synthetic Churn Risk Model,1.0,2026-06-30
CHN005060,CUS005060,Not Churn,0.4091,Medium,Synthetic Churn Risk Model,1.0,2026-06-30
CHN005061,CUS005061,Not Churn,0.1016,Low,Synthetic Churn Risk Model,1.0,2026-06-30
CHN005062,CUS005062,Not Churn,0.1506,Low,Synthetic Churn Risk Model,1.0,2026-06-30
CHN005063,CUS005063,Not Churn,0.0289,Low,Synthetic Churn Risk Model,1.0,2026-06-30
CHN005064,CUS005064,Not Churn,0.0881,Low,Synthetic Churn Risk Model,1.0,2026-06-30
CHN005065,CUS005065,Not Churn,0.4252,Medium,Synthetic Churn Risk Model,1.0,2026-06-30
CHN005066,CUS005066,Not Churn,0.1757,Low,Synthetic Churn Risk Model,1.0,2026-06-30
CHN005067,CUS005067,Not Churn,0.1457,Low,Synthetic Churn Risk Model,1.0,2026-06-30
CHN005068,CUS005068,Not Churn,0.1497,Low,Synthetic Churn Risk Model,1.0,2026-06-30
CHN005069,CUS005069,Not Churn,0.2502,Low,Synthetic Churn Risk Model,1.0,2026-06-30
CHN005070,CUS005070,Not Churn,0.4145,Medium,Synthetic Churn Risk Model,1.0,2026-06-30
CHN005071,CUS005071,Not Churn,0.4273,Medium,Synthetic Churn Risk Model,1.0,2026-06-30
CHN005072,CUS005072,Not Churn,0.1279,Low,Synthetic Churn Risk Model,1.0,2026-06-30
CHN005073,CUS005073,Not Churn,0.4293,Medium,Synthetic Churn Risk Model,1.0,2026-06-30
CHN005074,CUS005074,Not Churn,0.055,Low,Synthetic Churn Risk Model,1.0,2026-06-30
CHN005075,CUS005075,Not Churn,0.1072,Low,Synthetic Churn Risk Model,1.0,2026-06-30
CHN005076,CUS005076,Not Churn,0.1128,Low,Synthetic Churn Risk Model,1.0,2026-06-30
CHN005077,CUS005077,Not Churn,0.0449,Low,Synthetic Churn Risk Model,1.0,2026-06-30
CHN005078,CUS005078,Not Churn,0.0151,Low,Synthetic Churn Risk Model,1.0,2026-06-30
CHN005079,CUS005079,Not Churn,0.4099,Medium,Synthetic Churn Risk Model,1.0,2026-06-30
CHN005080,CUS005080,Not Churn,0.0064,Low,Synthetic Churn Risk Model,1.0,2026-06-30
CHN005081,CUS005081,Not Churn,0.0582,Low,Synthetic Churn Risk Model,1.0,2026-06-30
CHN005082,CUS005082,Not Churn,0.4265,Medium,Synthetic Churn Risk Model,1.0,2026-06-30
CHN005083,CUS005083,Not Churn,0.4289,Medium,Synthetic Churn Risk Model,1.0,2026-06-30
CHN005084,CUS005084,Not Churn,0.0623,Low,Synthetic Churn Risk Model,1.0,2026-06-30
CHN005085,CUS005085,Not Churn,0.0516,Low,Synthetic Churn Risk Model,1.0,2026-06-30
CHN005086,CUS005086,Not Churn,0.3167,Medium,Synthetic Churn Risk Model,1.0,2026-06-30
CHN005087,CUS005087,Not Churn,0.0924,Low,Synthetic Churn Risk Model,1.0,2026-06-30
CHN005088,CUS005088,Not Churn,0.4291,Medium,Synthetic Churn Risk Model,1.0,2026-06-30
CHN005089,CUS005089,Not Churn,0.0623,Low,Synthetic Churn Risk Model,1.0,2026-06-30
CHN005090,CUS005090,Not Churn,0.4172,Medium,Synthetic Churn Risk Model,1.0,2026-06-30
CHN005091,CUS005091,Not Churn,0.3501,Medium,Synthetic Churn Risk Model,1.0,2026-06-30
CHN005092,CUS005092,Not Churn,0.4314,Medium,Synthetic Churn Risk Model,1.0,2026-06-30
CHN005093,CUS005093,Not Churn,0.0976,Low,Synthetic Churn Risk Model,1.0,2026-06-30
CHN005094,CUS005094,Not Churn,0.0336,Low,Synthetic Churn Risk Model,1.0,2026-06-30
CHN005095,CUS005095,Not Churn,0.3041,Medium,Synthetic Churn Risk Model,1.0,2026-06-30
CHN005096,CUS005096,Not Churn,0.0977,Low,Synthetic Churn Risk Model,1.0,2026-06-30
CHN005097,CUS005097,Not Churn,0.0671,Low,Synthetic Churn Risk Model,1.0,2026-06-30
CHN005098,CUS005098,Not Churn,0.1443,Low,Synthetic Churn Risk Model,1.0,2026-06-30
CHN005099,CUS005099,Not Churn,0.1202,Low,Synthetic Churn Risk Model,1.0,2026-06-30
CHN005100,CUS005100,Not Churn,0.4176,Medium,Synthetic Churn Risk Model,1.0,2026-06-30
CHN005101,CUS005101,Not Churn,0.0644,Low,Synthetic Churn Risk Model,1.0,2026-06-30
CHN005102,CUS005102,Not Churn,0.061,Low,Synthetic Churn Risk Model,1.0,2026-06-30
CHN005103,CUS005103,Not Churn,0.0558,Low,Synthetic Churn Risk Model,1.0,2026-06-30
CHN005104,CUS005104,Not Churn,0.1062,Low,Synthetic Churn Risk Model,1.0,2026-06-30
CHN005105,CUS005105,Not Churn,0.0274,Low,Synthetic Churn Risk Model,1.0,2026-06-30
CHN005106,CUS005106,Not Churn,0.163,Low,Synthetic Churn Risk Model,1.0,2026-06-30
CHN005107,CUS005107,Not Churn,0.0928,Low,Synthetic Churn Risk Model,1.0,2026-06-30
CHN005108,CUS005108,Not Churn,0.4087,Medium,Synthetic Churn Risk Model,1.0,2026-06-30
CHN005109,CUS005109,Not Churn,0.0577,Low,Synthetic Churn Risk Model,1.0,2026-06-30
CHN005110,CUS005110,Not Churn,0.0623,Low,Synthetic Churn Risk Model,1.0,2026-06-30
CHN005111,CUS005111,Not Churn,0.0452,Low,Synthetic Churn Risk Model,1.0,2026-06-30
CHN005112,CUS005112,Not Churn,0.3907,Medium,Synthetic Churn Risk Model,1.0,2026-06-30
CHN005113,CUS005113,Not Churn,0.3379,Medium,Synthetic Churn Risk Model,1.0,2026-06-30
CHN005114,CUS005114,Not Churn,0.0265,Low,Synthetic Churn Risk Model,1.0,2026-06-30
CHN005115,CUS005115,Not Churn,0.0494,Low,Synthetic Churn Risk Model,1.0,2026-06-30
CHN005116,CUS005116,Not Churn,0.232,Low,Synthetic Churn Risk Model,1.0,2026-06-30
CHN005117,CUS005117,Not Churn,0.0315,Low,Synthetic Churn Risk Model,1.0,2026-06-30
CHN005118,CUS005118,Not Churn,0.2709,Low,Synthetic Churn Risk Model,1.0,2026-06-30
CHN005119,CUS005119,Not Churn,0.1847,Low,Synthetic Churn Risk Model,1.0,2026-06-30
CHN005120,CUS005120,Not Churn,0.4188,Medium,Synthetic Churn Risk Model,1.0,2026-06-30
CHN005121,CUS005121,Not Churn,0.4213,Medium,Synthetic Churn Risk Model,1.0,2026-06-30
CHN005122,CUS005122,Not Churn,0.2832,Low,Synthetic Churn Risk Model,1.0,2026-06-30
CHN005123,CUS005123,Not Churn,0.4346,Medium,Synthetic Churn Risk Model,1.0,2026-06-30
CHN005124,CUS005124,Not Churn,0.0742,Low,Synthetic Churn Risk Model,1.0,2026-06-30
CHN005125,CUS005125,Not Churn,0.4085,Medium,Synthetic Churn Risk Model,1.0,2026-06-30
CHN005126,CUS005126,Not Churn,0.2828,Low,Synthetic Churn Risk Model,1.0,2026-06-30
CHN005127,CUS005127,Not Churn,0.0654,Low,Synthetic Churn Risk Model,1.0,2026-06-30
CHN005128,CUS005128,Not Churn,0.0896,Low,Synthetic Churn Risk Model,1.0,2026-06-30
CHN005129,CUS005129,Not Churn,0.4342,Medium,Synthetic Churn Risk Model,1.0,2026-06-30
CHN005130,CUS005130,Not Churn,0.0166,Low,Synthetic Churn Risk Model,1.0,2026-06-30
CHN005131,CUS005131,Not Churn,0.0327,Low,Synthetic Churn Risk Model,1.0,2026-06-30
CHN005132,CUS005132,Not Churn,0.0487,Low,Synthetic Churn Risk Model,1.0,2026-06-30
CHN005133,CUS005133,Not Churn,0.1059,Low,Synthetic Churn Risk Model,1.0,2026-06-30
CHN005134,CUS005134,Not Churn,0.3981,Medium,Synthetic Churn Risk Model,1.0,2026-06-30
CHN005135,CUS005135,Not Churn,0.2032,Low,Synthetic Churn Risk Model,1.0,2026-06-30
CHN005136,CUS005136,Not Churn,0.423,Medium,Synthetic Churn Risk Model,1.0,2026-06-30
CHN005137,CUS005137,Not Churn,0.3976,Medium,Synthetic Churn Risk Model,1.0,2026-06-30
CHN005138,CUS005138,Not Churn,0.0265,Low,Synthetic Churn Risk Model,1.0,2026-06-30
CHN005139,CUS005139,Not Churn,0.0219,Low,Synthetic Churn Risk Model,1.0,2026-06-30
CHN005140,CUS005140,Not Churn,0.4139,Medium,Synthetic Churn Risk Model,1.0,2026-06-30
CHN005141,CUS005141,Not Churn,0.0305,Low,Synthetic Churn Risk Model,1.0,2026-06-30
CHN005142,CUS005142,Not Churn,0.466,Medium,Synthetic Churn Risk Model,1.0,2026-06-30
CHN005143,CUS005143,Not Churn,0.0585,Low,Synthetic Churn Risk Model,1.0,2026-06-30
CHN005144,CUS005144,Not Churn,0.2108,Low,Synthetic Churn Risk Model,1.0,2026-06-30
CHN005145,CUS005145,Not Churn,0.1575,Low,Synthetic Churn Risk Model,1.0,2026-06-30
CHN005146,CUS005146,Not Churn,0.0438,Low,Synthetic Churn Risk Model,1.0,2026-06-30
CHN005147,CUS005147,Not Churn,0.4209,Medium,Synthetic Churn Risk Model,1.0,2026-06-30
CHN005148,CUS005148,Not Churn,0.0441,Low,Synthetic Churn Risk Model,1.0,2026-06-30
CHN005149,CUS005149,Not Churn,0.1367,Low,Synthetic Churn Risk Model,1.0,2026-06-30
CHN005150,CUS005150,Not Churn,0.2467,Low,Synthetic Churn Risk Model,1.0,2026-06-30
CHN005151,CUS005151,Not Churn,0.4278,Medium,Synthetic Churn Risk Model,1.0,2026-06-30
CHN005152,CUS005152,Not Churn,0.0342,Low,Synthetic Churn Risk Model,1.0,2026-06-30
CHN005153,CUS005153,Not Churn,0.0517,Low,Synthetic Churn Risk Model,1.0,2026-06-30
CHN005154,CUS005154,Not Churn,0.0938,Low,Synthetic Churn Risk Model,1.0,2026-06-30
CHN005155,CUS005155,Not Churn,0.4191,Medium,Synthetic Churn Risk Model,1.0,2026-06-30
CHN005156,CUS005156,Not Churn,0.1222,Low,Synthetic Churn Risk Model,1.0,2026-06-30
CHN005157,CUS005157,Not Churn,0.0447,Low,Synthetic Churn Risk Model,1.0,2026-06-30
CHN005158,CUS005158,Not Churn,0.0651,Low,Synthetic Churn Risk Model,1.0,2026-06-30
CHN005159,CUS005159,Not Churn,0.4282,Medium,Synthetic Churn Risk Model,1.0,2026-06-30
CHN005160,CUS005160,Not Churn,0.0316,Low,Synthetic Churn Risk Model,1.0,2026-06-30
CHN005161,CUS005161,Not Churn,0.0564,Low,Synthetic Churn Risk Model,1.0,2026-06-30
CHN005162,CUS005162,Not Churn,0.2159,Low,Synthetic Churn Risk Model,1.0,2026-06-30
CHN005163,CUS005163,Not Churn,0.4233,Medium,Synthetic Churn Risk Model,1.0,2026-06-30
CHN005164,CUS005164,Not Churn,0.4219,Medium,Synthetic Churn Risk Model,1.0,2026-06-30
CHN005165,CUS005165,Not Churn,0.153,Low,Synthetic Churn Risk Model,1.0,2026-06-30
CHN005166,CUS005166,Not Churn,0.0438,Low,Synthetic Churn Risk Model,1.0,2026-06-30
CHN005167,CUS005167,Churn,0.6964,High,Synthetic Churn Risk Model,1.0,2026-06-30
CHN005168,CUS005168,Not Churn,0.0513,Low,Synthetic Churn Risk Model,1.0,2026-06-30
CHN005169,CUS005169,Not Churn,0.0489,Low,Synthetic Churn Risk Model,1.0,2026-06-30
CHN005170,CUS005170,Not Churn,0.4118,Medium,Synthetic Churn Risk Model,1.0,2026-06-30
CHN005171,CUS005171,Not Churn,0.1392,Low,Synthetic Churn Risk Model,1.0,2026-06-30
CHN005172,CUS005172,Not Churn,0.2585,Low,Synthetic Churn Risk Model,1.0,2026-06-30
CHN005173,CUS005173,Not Churn,0.0647,Low,Synthetic Churn Risk Model,1.0,2026-06-30
CHN005174,CUS005174,Not Churn,0.5814,Medium,Synthetic Churn Risk Model,1.0,2026-06-30
CHN005175,CUS005175,Not Churn,0.4029,Medium,Synthetic Churn Risk Model,1.0,2026-06-30
CHN005176,CUS005176,Not Churn,0.1419,Low,Synthetic Churn Risk Model,1.0,2026-06-30
CHN005177,CUS005177,Not Churn,0.0119,Low,Synthetic Churn Risk Model,1.0,2026-06-30
CHN005178,CUS005178,Not Churn,0.0331,Low,Synthetic Churn Risk Model,1.0,2026-06-30
CHN005179,CUS005179,Not Churn,0.0464,Low,Synthetic Churn Risk Model,1.0,2026-06-30
CHN005180,CUS005180,Not Churn,0.0232,Low,Synthetic Churn Risk Model,1.0,2026-06-30
CHN005181,CUS005181,Not Churn,0.4225,Medium,Synthetic Churn Risk Model,1.0,2026-06-30
CHN005182,CUS005182,Not Churn,0.1042,Low,Synthetic Churn Risk Model,1.0,2026-06-30
CHN005183,CUS005183,Not Churn,0.0189,Low,Synthetic Churn Risk Model,1.0,2026-06-30
CHN005184,CUS005184,Not Churn,0.4487,Medium,Synthetic Churn Risk Model,1.0,2026-06-30
CHN005185,CUS005185,Not Churn,0.4369,Medium,Synthetic Churn Risk Model,1.0,2026-06-30
CHN005186,CUS005186,Not Churn,0.1101,Low,Synthetic Churn Risk Model,1.0,2026-06-30
CHN005187,CUS005187,Not Churn,0.1588,Low,Synthetic Churn Risk Model,1.0,2026-06-30
CHN005188,CUS005188,Not Churn,0.2224,Low,Synthetic Churn Risk Model,1.0,2026-06-30
CHN005189,CUS005189,Not Churn,0.1172,Low,Synthetic Churn Risk Model,1.0,2026-06-30
CHN005190,CUS005190,Not Churn,0.0337,Low,Synthetic Churn Risk Model,1.0,2026-06-30
CHN005191,CUS005191,Not Churn,0.1087,Low,Synthetic Churn Risk Model,1.0,2026-06-30
CHN005192,CUS005192,Not Churn,0.0541,Low,Synthetic Churn Risk Model,1.0,2026-06-30
CHN005193,CUS005193,Not Churn,0.2176,Low,Synthetic Churn Risk Model,1.0,2026-06-30
CHN005194,CUS005194,Not Churn,0.0383,Low,Synthetic Churn Risk Model,1.0,2026-06-30
CHN005195,CUS005195,Not Churn,0.0456,Low,Synthetic Churn Risk Model,1.0,2026-06-30
CHN005196,CUS005196,Not Churn,0.0377,Low,Synthetic Churn Risk Model,1.0,2026-06-30
CHN005197,CUS005197,Not Churn,0.2863,Low,Synthetic Churn Risk Model,1.0,2026-06-30
CHN005198,CUS005198,Not Churn,0.0771,Low,Synthetic Churn Risk Model,1.0,2026-06-30
CHN005199,CUS005199,Not Churn,0.0719,Low,Synthetic Churn Risk Model,1.0,2026-06-30
CHN005200,CUS005200,Not Churn,0.1411,Low,Synthetic Churn Risk Model,1.0,2026-06-30
CHN005201,CUS005201,Not Churn,0.2265,Low,Synthetic Churn Risk Model,1.0,2026-06-30
CHN005202,CUS005202,Not Churn,0.0663,Low,Synthetic Churn Risk Model,1.0,2026-06-30
CHN005203,CUS005203,Not Churn,0.1306,Low,Synthetic Churn Risk Model,1.0,2026-06-30
CHN005204,CUS005204,Not Churn,0.0356,Low,Synthetic Churn Risk Model,1.0,2026-06-30
CHN005205,CUS005205,Not Churn,0.1193,Low,Synthetic Churn Risk Model,1.0,2026-06-30
CHN005206,CUS005206,Not Churn,0.0301,Low,Synthetic Churn Risk Model,1.0,2026-06-30
CHN005207,CUS005207,Not Churn,0.2966,Low,Synthetic Churn Risk Model,1.0,2026-06-30
CHN005208,CUS005208,Not Churn,0.1538,Low,Synthetic Churn Risk Model,1.0,2026-06-30
CHN005209,CUS005209,Not Churn,0.1599,Low,Synthetic Churn Risk Model,1.0,2026-06-30
CHN005210,CUS005210,Not Churn,0.0277,Low,Synthetic Churn Risk Model,1.0,2026-06-30
CHN005211,CUS005211,Not Churn,0.4008,Medium,Synthetic Churn Risk Model,1.0,2026-06-30
CHN005212,CUS005212,Not Churn,0.1635,Low,Synthetic Churn Risk Model,1.0,2026-06-30
CHN005213,CUS005213,Not Churn,0.137,Low,Synthetic Churn Risk Model,1.0,2026-06-30
CHN005214,CUS005214,Not Churn,0.262,Low,Synthetic Churn Risk Model,1.0,2026-06-30
CHN005215,CUS005215,Not Churn,0.0062,Low,Synthetic Churn Risk Model,1.0,2026-06-30
CHN005216,CUS005216,Not Churn,0.4184,Medium,Synthetic Churn Risk Model,1.0,2026-06-30
CHN005217,CUS005217,Not Churn,0.0595,Low,Synthetic Churn Risk Model,1.0,2026-06-30
CHN005218,CUS005218,Not Churn,0.0559,Low,Synthetic Churn Risk Model,1.0,2026-06-30
CHN005219,CUS005219,Not Churn,0.017,Low,Synthetic Churn Risk Model,1.0,2026-06-30
CHN005220,CUS005220,Not Churn,0.0637,Low,Synthetic Churn Risk Model,1.0,2026-06-30
CHN005221,CUS005221,Not Churn,0.0134,Low,Synthetic Churn Risk Model,1.0,2026-06-30
CHN005222,CUS005222,Not Churn,0.043,Low,Synthetic Churn Risk Model,1.0,2026-06-30
CHN005223,CUS005223,Not Churn,0.4115,Medium,Synthetic Churn Risk Model,1.0,2026-06-30
CHN005224,CUS005224,Not Churn,0.0588,Low,Synthetic Churn Risk Model,1.0,2026-06-30
CHN005225,CUS005225,Not Churn,0.0668,Low,Synthetic Churn Risk Model,1.0,2026-06-30
CHN005226,CUS005226,Not Churn,0.3683,Medium,Synthetic Churn Risk Model,1.0,2026-06-30
CHN005227,CUS005227,Not Churn,0.4058,Medium,Synthetic Churn Risk Model,1.0,2026-06-30
CHN005228,CUS005228,Not Churn,0.0938,Low,Synthetic Churn Risk Model,1.0,2026-06-30
CHN005229,CUS005229,Not Churn,0.3576,Medium,Synthetic Churn Risk Model,1.0,2026-06-30
CHN005230,CUS005230,Not Churn,0.0447,Low,Synthetic Churn Risk Model,1.0,2026-06-30
CHN005231,CUS005231,Not Churn,0.0577,Low,Synthetic Churn Risk Model,1.0,2026-06-30
CHN005232,CUS005232,Not Churn,0.4194,Medium,Synthetic Churn Risk Model,1.0,2026-06-30
CHN005233,CUS005233,Not Churn,0.0277,Low,Synthetic Churn Risk Model,1.0,2026-06-30
CHN005234,CUS005234,Not Churn,0.127,Low,Synthetic Churn Risk Model,1.0,2026-06-30
CHN005235,CUS005235,Not Churn,0.4138,Medium,Synthetic Churn Risk Model,1.0,2026-06-30
CHN005236,CUS005236,Not Churn,0.0779,Low,Synthetic Churn Risk Model,1.0,2026-06-30
CHN005237,CUS005237,Not Churn,0.4289,Medium,Synthetic Churn Risk Model,1.0,2026-06-30
CHN005238,CUS005238,Not Churn,0.0105,Low,Synthetic Churn Risk Model,1.0,2026-06-30
CHN005239,CUS005239,Not Churn,0.0492,Low,Synthetic Churn Risk Model,1.0,2026-06-30
CHN005240,CUS005240,Not Churn,0.1486,Low,Synthetic Churn Risk Model,1.0,2026-06-30
CHN005241,CUS005241,Not Churn,0.4214,Medium,Synthetic Churn Risk Model,1.0,2026-06-30
CHN005242,CUS005242,Not Churn,0.0563,Low,Synthetic Churn Risk Model,1.0,2026-06-30
CHN005243,CUS005243,Not Churn,0.0924,Low,Synthetic Churn Risk Model,1.0,2026-06-30
CHN005244,CUS005244,Not Churn,0.0646,Low,Synthetic Churn Risk Model,1.0,2026-06-30
CHN005245,CUS005245,Not Churn,0.0852,Low,Synthetic Churn Risk Model,1.0,2026-06-30
CHN005246,CUS005246,Not Churn,0.0889,Low,Synthetic Churn Risk Model,1.0,2026-06-30
CHN005247,CUS005247,Not Churn,0.075,Low,Synthetic Churn Risk Model,1.0,2026-06-30
CHN005248,CUS005248,Not Churn,0.1237,Low,Synthetic Churn Risk Model,1.0,2026-06-30
CHN005249,CUS005249,Not Churn,0.1109,Low,Synthetic Churn Risk Model,1.0,2026-06-30
CHN005250,CUS005250,Not Churn,0.0801,Low,Synthetic Churn Risk Model,1.0,2026-06-30
CHN005251,CUS005251,Not Churn,0.0926,Low,Synthetic Churn Risk Model,1.0,2026-06-30
CHN005252,CUS005252,Not Churn,0.4104,Medium,Synthetic Churn Risk Model,1.0,2026-06-30
CHN005253,CUS005253,Not Churn,0.1377,Low,Synthetic Churn Risk Model,1.0,2026-06-30
CHN005254,CUS005254,Not Churn,0.0655,Low,Synthetic Churn Risk Model,1.0,2026-06-30
CHN005255,CUS005255,Not Churn,0.4097,Medium,Synthetic Churn Risk Model,1.0,2026-06-30
CHN005256,CUS005256,Not Churn,0.279,Low,Synthetic Churn Risk Model,1.0,2026-06-30
CHN005257,CUS005257,Not Churn,0.0249,Low,Synthetic Churn Risk Model,1.0,2026-06-30
CHN005258,CUS005258,Not Churn,0.2782,Low,Synthetic Churn Risk Model,1.0,2026-06-30
CHN005259,CUS005259,Not Churn,0.3345,Medium,Synthetic Churn Risk Model,1.0,2026-06-30
CHN005260,CUS005260,Not Churn,0.1435,Low,Synthetic Churn Risk Model,1.0,2026-06-30
CHN005261,CUS005261,Not Churn,0.3797,Medium,Synthetic Churn Risk Model,1.0,2026-06-30
CHN005262,CUS005262,Not Churn,0.0106,Low,Synthetic Churn Risk Model,1.0,2026-06-30
CHN005263,CUS005263,Not Churn,0.0597,Low,Synthetic Churn Risk Model,1.0,2026-06-30
CHN005264,CUS005264,Not Churn,0.1006,Low,Synthetic Churn Risk Model,1.0,2026-06-30
CHN005265,CUS005265,Not Churn,0.1515,Low,Synthetic Churn Risk Model,1.0,2026-06-30
CHN005266,CUS005266,Not Churn,0.0482,Low,Synthetic Churn Risk Model,1.0,2026-06-30
CHN005267,CUS005267,Not Churn,0.1321,Low,Synthetic Churn Risk Model,1.0,2026-06-30
CHN005268,CUS005268,Not Churn,0.0795,Low,Synthetic Churn Risk Model,1.0,2026-06-30
CHN005269,CUS005269,Not Churn,0.4094,Medium,Synthetic Churn Risk Model,1.0,2026-06-30
CHN005270,CUS005270,Not Churn,0.0177,Low,Synthetic Churn Risk Model,1.0,2026-06-30
CHN005271,CUS005271,Not Churn,0.4109,Medium,Synthetic Churn Risk Model,1.0,2026-06-30
CHN005272,CUS005272,Not Churn,0.0678,Low,Synthetic Churn Risk Model,1.0,2026-06-30
CHN005273,CUS005273,Not Churn,0.144,Low,Synthetic Churn Risk Model,1.0,2026-06-30
CHN005274,CUS005274,Not Churn,0.055,Low,Synthetic Churn Risk Model,1.0,2026-06-30
CHN005275,CUS005275,Not Churn,0.4387,Medium,Synthetic Churn Risk Model,1.0,2026-06-30
CHN005276,CUS005276,Not Churn,0.5147,Medium,Synthetic Churn Risk Model,1.0,2026-06-30
CHN005277,CUS005277,Not Churn,0.4018,Medium,Synthetic Churn Risk Model,1.0,2026-06-30
CHN005278,CUS005278,Not Churn,0.0879,Low,Synthetic Churn Risk Model,1.0,2026-06-30
CHN005279,CUS005279,Not Churn,0.4133,Medium,Synthetic Churn Risk Model,1.0,2026-06-30
CHN005280,CUS005280,Not Churn,0.0906,Low,Synthetic Churn Risk Model,1.0,2026-06-30
CHN005281,CUS005281,Not Churn,0.4203,Medium,Synthetic Churn Risk Model,1.0,2026-06-30
CHN005282,CUS005282,Not Churn,0.0517,Low,Synthetic Churn Risk Model,1.0,2026-06-30
CHN005283,CUS005283,Not Churn,0.1518,Low,Synthetic Churn Risk Model,1.0,2026-06-30
CHN005284,CUS005284,Not Churn,0.4087,Medium,Synthetic Churn Risk Model,1.0,2026-06-30
CHN005285,CUS005285,Not Churn,0.0603,Low,Synthetic Churn Risk Model,1.0,2026-06-30
CHN005286,CUS005286,Not Churn,0.1201,Low,Synthetic Churn Risk Model,1.0,2026-06-30
CHN005287,CUS005287,Not Churn,0.0145,Low,Synthetic Churn Risk Model,1.0,2026-06-30
CHN005288,CUS005288,Not Churn,0.0111,Low,Synthetic Churn Risk Model,1.0,2026-06-30
CHN005289,CUS005289,Not Churn,0.0973,Low,Synthetic Churn Risk Model,1.0,2026-06-30
CHN005290,CUS005290,Not Churn,0.4174,Medium,Synthetic Churn Risk Model,1.0,2026-06-30
CHN005291,CUS005291,Not Churn,0.1167,Low,Synthetic Churn Risk Model,1.0,2026-06-30
CHN005292,CUS005292,Not Churn,0.0598,Low,Synthetic Churn Risk Model,1.0,2026-06-30
CHN005293,CUS005293,Not Churn,0.0317,Low,Synthetic Churn Risk Model,1.0,2026-06-30
CHN005294,CUS005294,Not Churn,0.1218,Low,Synthetic Churn Risk Model,1.0,2026-06-30
CHN005295,CUS005295,Not Churn,0.4108,Medium,Synthetic Churn Risk Model,1.0,2026-06-30
CHN005296,CUS005296,Not Churn,0.2393,Low,Synthetic Churn Risk Model,1.0,2026-06-30
CHN005297,CUS005297,Not Churn,0.0242,Low,Synthetic Churn Risk Model,1.0,2026-06-30
CHN005298,CUS005298,Not Churn,0.4151,Medium,Synthetic Churn Risk Model,1.0,2026-06-30
CHN005299,CUS005299,Not Churn,0.0425,Low,Synthetic Churn Risk Model,1.0,2026-06-30
CHN005300,CUS005300,Not Churn,0.4093,Medium,Synthetic Churn Risk Model,1.0,2026-06-30
CHN005301,CUS005301,Not Churn,0.3614,Medium,Synthetic Churn Risk Model,1.0,2026-06-30
CHN005302,CUS005302,Not Churn,0.1469,Low,Synthetic Churn Risk Model,1.0,2026-06-30
CHN005303,CUS005303,Not Churn,0.0746,Low,Synthetic Churn Risk Model,1.0,2026-06-30
CHN005304,CUS005304,Not Churn,0.0159,Low,Synthetic Churn Risk Model,1.0,2026-06-30
CHN005305,CUS005305,Not Churn,0.4124,Medium,Synthetic Churn Risk Model,1.0,2026-06-30
CHN005306,CUS005306,Not Churn,0.0342,Low,Synthetic Churn Risk Model,1.0,2026-06-30
CHN005307,CUS005307,Not Churn,0.0848,Low,Synthetic Churn Risk Model,1.0,2026-06-30
CHN005308,CUS005308,Not Churn,0.035,Low,Synthetic Churn Risk Model,1.0,2026-06-30
CHN005309,CUS005309,Not Churn,0.1844,Low,Synthetic Churn Risk Model,1.0,2026-06-30
CHN005310,CUS005310,Not Churn,0.4126,Medium,Synthetic Churn Risk Model,1.0,2026-06-30
CHN005311,CUS005311,Not Churn,0.0941,Low,Synthetic Churn Risk Model,1.0,2026-06-30
CHN005312,CUS005312,Not Churn,0.4221,Medium,Synthetic Churn Risk Model,1.0,2026-06-30
CHN005313,CUS005313,Not Churn,0.101,Low,Synthetic Churn Risk Model,1.0,2026-06-30
CHN005314,CUS005314,Not Churn,0.4004,Medium,Synthetic Churn Risk Model,1.0,2026-06-30
CHN005315,CUS005315,Not Churn,0.3554,Medium,Synthetic Churn Risk Model,1.0,2026-06-30
CHN005316,CUS005316,Not Churn,0.4081,Medium,Synthetic Churn Risk Model,1.0,2026-06-30
CHN005317,CUS005317,Not Churn,0.141,Low,Synthetic Churn Risk Model,1.0,2026-06-30
CHN005318,CUS005318,Not Churn,0.415,Medium,Synthetic Churn Risk Model,1.0,2026-06-30
CHN005319,CUS005319,Not Churn,0.2277,Low,Synthetic Churn Risk Model,1.0,2026-06-30
CHN005320,CUS005320,Not Churn,0.0977,Low,Synthetic Churn Risk Model,1.0,2026-06-30
CHN005321,CUS005321,Not Churn,0.0767,Low,Synthetic Churn Risk Model,1.0,2026-06-30
CHN005322,CUS005322,Not Churn,0.1587,Low,Synthetic Churn Risk Model,1.0,2026-06-30
CHN005323,CUS005323,Not Churn,0.0811,Low,Synthetic Churn Risk Model,1.0,2026-06-30
CHN005324,CUS005324,Not Churn,0.033,Low,Synthetic Churn Risk Model,1.0,2026-06-30
CHN005325,CUS005325,Not Churn,0.4156,Medium,Synthetic Churn Risk Model,1.0,2026-06-30
CHN005326,CUS005326,Not Churn,0.1172,Low,Synthetic Churn Risk Model,1.0,2026-06-30
CHN005327,CUS005327,Not Churn,0.0904,Low,Synthetic Churn Risk Model,1.0,2026-06-30
CHN005328,CUS005328,Not Churn,0.08,Low,Synthetic Churn Risk Model,1.0,2026-06-30
CHN005329,CUS005329,Not Churn,0.1151,Low,Synthetic Churn Risk Model,1.0,2026-06-30
CHN005330,CUS005330,Not Churn,0.0263,Low,Synthetic Churn Risk Model,1.0,2026-06-30
CHN005331,CUS005331,Not Churn,0.4347,Medium,Synthetic Churn Risk Model,1.0,2026-06-30
CHN005332,CUS005332,Not Churn,0.2024,Low,Synthetic Churn Risk Model,1.0,2026-06-30
CHN005333,CUS005333,Not Churn,0.2077,Low,Synthetic Churn Risk Model,1.0,2026-06-30
CHN005334,CUS005334,Not Churn,0.0554,Low,Synthetic Churn Risk Model,1.0,2026-06-30
CHN005335,CUS005335,Not Churn,0.0292,Low,Synthetic Churn Risk Model,1.0,2026-06-30
CHN005336,CUS005336,Not Churn,0.4329,Medium,Synthetic Churn Risk Model,1.0,2026-06-30
CHN005337,CUS005337,Not Churn,0.0454,Low,Synthetic Churn Risk Model,1.0,2026-06-30
CHN005338,CUS005338,Not Churn,0.1211,Low,Synthetic Churn Risk Model,1.0,2026-06-30
CHN005339,CUS005339,Not Churn,0.0742,Low,Synthetic Churn Risk Model,1.0,2026-06-30
CHN005340,CUS005340,Not Churn,0.1867,Low,Synthetic Churn Risk Model,1.0,2026-06-30
CHN005341,CUS005341,Not Churn,0.1264,Low,Synthetic Churn Risk Model,1.0,2026-06-30
CHN005342,CUS005342,Not Churn,0.0454,Low,Synthetic Churn Risk Model,1.0,2026-06-30
CHN005343,CUS005343,Not Churn,0.0382,Low,Synthetic Churn Risk Model,1.0,2026-06-30
CHN005344,CUS005344,Not Churn,0.1353,Low,Synthetic Churn Risk Model,1.0,2026-06-30
CHN005345,CUS005345,Not Churn,0.1312,Low,Synthetic Churn Risk Model,1.0,2026-06-30
CHN005346,CUS005346,Not Churn,0.0328,Low,Synthetic Churn Risk Model,1.0,2026-06-30
CHN005347,CUS005347,Not Churn,0.4019,Medium,Synthetic Churn Risk Model,1.0,2026-06-30
CHN005348,CUS005348,Not Churn,0.4022,Medium,Synthetic Churn Risk Model,1.0,2026-06-30
CHN005349,CUS005349,Not Churn,0.0659,Low,Synthetic Churn Risk Model,1.0,2026-06-30
CHN005350,CUS005350,Not Churn,0.0789,Low,Synthetic Churn Risk Model,1.0,2026-06-30
CHN005351,CUS005351,Not Churn,0.054,Low,Synthetic Churn Risk Model,1.0,2026-06-30
CHN005352,CUS005352,Not Churn,0.0301,Low,Synthetic Churn Risk Model,1.0,2026-06-30
CHN005353,CUS005353,Not Churn,0.1002,Low,Synthetic Churn Risk Model,1.0,2026-06-30
CHN005354,CUS005354,Not Churn,0.4219,Medium,Synthetic Churn Risk Model,1.0,2026-06-30
CHN005355,CUS005355,Not Churn,0.4421,Medium,Synthetic Churn Risk Model,1.0,2026-06-30
CHN005356,CUS005356,Not Churn,0.3877,Medium,Synthetic Churn Risk Model,1.0,2026-06-30
CHN005357,CUS005357,Not Churn,0.0559,Low,Synthetic Churn Risk Model,1.0,2026-06-30
CHN005358,CUS005358,Not Churn,0.0374,Low,Synthetic Churn Risk Model,1.0,2026-06-30
CHN005359,CUS005359,Not Churn,0.4098,Medium,Synthetic Churn Risk Model,1.0,2026-06-30
CHN005360,CUS005360,Not Churn,0.4338,Medium,Synthetic Churn Risk Model,1.0,2026-06-30
CHN005361,CUS005361,Not Churn,0.1811,Low,Synthetic Churn Risk Model,1.0,2026-06-30
CHN005362,CUS005362,Not Churn,0.0105,Low,Synthetic Churn Risk Model,1.0,2026-06-30
CHN005363,CUS005363,Not Churn,0.0736,Low,Synthetic Churn Risk Model,1.0,2026-06-30
CHN005364,CUS005364,Not Churn,0.4099,Medium,Synthetic Churn Risk Model,1.0,2026-06-30
CHN005365,CUS005365,Not Churn,0.4279,Medium,Synthetic Churn Risk Model,1.0,2026-06-30
CHN005366,CUS005366,Not Churn,0.0478,Low,Synthetic Churn Risk Model,1.0,2026-06-30
CHN005367,CUS005367,Not Churn,0.0519,Low,Synthetic Churn Risk Model,1.0,2026-06-30
CHN005368,CUS005368,Not Churn,0.1622,Low,Synthetic Churn Risk Model,1.0,2026-06-30
CHN005369,CUS005369,Not Churn,0.0692,Low,Synthetic Churn Risk Model,1.0,2026-06-30
CHN005370,CUS005370,Not Churn,0.4391,Medium,Synthetic Churn Risk Model,1.0,2026-06-30
CHN005371,CUS005371,Not Churn,0.0558,Low,Synthetic Churn Risk Model,1.0,2026-06-30
CHN005372,CUS005372,Not Churn,0.1933,Low,Synthetic Churn Risk Model,1.0,2026-06-30
CHN005373,CUS005373,Not Churn,0.1739,Low,Synthetic Churn Risk Model,1.0,2026-06-30
CHN005374,CUS005374,Not Churn,0.4131,Medium,Synthetic Churn Risk Model,1.0,2026-06-30
CHN005375,CUS005375,Not Churn,0.0252,Low,Synthetic Churn Risk Model,1.0,2026-06-30
CHN005376,CUS005376,Not Churn,0.4185,Medium,Synthetic Churn Risk Model,1.0,2026-06-30
CHN005377,CUS005377,Not Churn,0.0223,Low,Synthetic Churn Risk Model,1.0,2026-06-30
CHN005378,CUS005378,Not Churn,0.0504,Low,Synthetic Churn Risk Model,1.0,2026-06-30
CHN005379,CUS005379,Not Churn,0.0355,Low,Synthetic Churn Risk Model,1.0,2026-06-30
CHN005380,CUS005380,Not Churn,0.0599,Low,Synthetic Churn Risk Model,1.0,2026-06-30
CHN005381,CUS005381,Not Churn,0.1009,Low,Synthetic Churn Risk Model,1.0,2026-06-30
CHN005382,CUS005382,Not Churn,0.4202,Medium,Synthetic Churn Risk Model,1.0,2026-06-30
CHN005383,CUS005383,Not Churn,0.1149,Low,Synthetic Churn Risk Model,1.0,2026-06-30
CHN005384,CUS005384,Not Churn,0.0743,Low,Synthetic Churn Risk Model,1.0,2026-06-30
CHN005385,CUS005385,Not Churn,0.0596,Low,Synthetic Churn Risk Model,1.0,2026-06-30
CHN005386,CUS005386,Not Churn,0.1818,Low,Synthetic Churn Risk Model,1.0,2026-06-30
CHN005387,CUS005387,Not Churn,0.0707,Low,Synthetic Churn Risk Model,1.0,2026-06-30
CHN005388,CUS005388,Not Churn,0.4146,Medium,Synthetic Churn Risk Model,1.0,2026-06-30
CHN005389,CUS005389,Not Churn,0.0259,Low,Synthetic Churn Risk Model,1.0,2026-06-30
CHN005390,CUS005390,Not Churn,0.3955,Medium,Synthetic Churn Risk Model,1.0,2026-06-30
CHN005391,CUS005391,Not Churn,0.434,Medium,Synthetic Churn Risk Model,1.0,2026-06-30
CHN005392,CUS005392,Not Churn,0.0207,Low,Synthetic Churn Risk Model,1.0,2026-06-30
CHN005393,CUS005393,Not Churn,0.4327,Medium,Synthetic Churn Risk Model,1.0,2026-06-30
CHN005394,CUS005394,Not Churn,0.4093,Medium,Synthetic Churn Risk Model,1.0,2026-06-30
CHN005395,CUS005395,Not Churn,0.0668,Low,Synthetic Churn Risk Model,1.0,2026-06-30
CHN005396,CUS005396,Not Churn,0.0261,Low,Synthetic Churn Risk Model,1.0,2026-06-30
CHN005397,CUS005397,Not Churn,0.0375,Low,Synthetic Churn Risk Model,1.0,2026-06-30
CHN005398,CUS005398,Not Churn,0.4329,Medium,Synthetic Churn Risk Model,1.0,2026-06-30
CHN005399,CUS005399,Not Churn,0.216,Low,Synthetic Churn Risk Model,1.0,2026-06-30
CHN005400,CUS005400,Not Churn,0.4243,Medium,Synthetic Churn Risk Model,1.0,2026-06-30
CHN005401,CUS005401,Not Churn,0.4032,Medium,Synthetic Churn Risk Model,1.0,2026-06-30
CHN005402,CUS005402,Not Churn,0.4075,Medium,Synthetic Churn Risk Model,1.0,2026-06-30
CHN005403,CUS005403,Not Churn,0.1524,Low,Synthetic Churn Risk Model,1.0,2026-06-30
CHN005404,CUS005404,Not Churn,0.0642,Low,Synthetic Churn Risk Model,1.0,2026-06-30
CHN005405,CUS005405,Not Churn,0.0666,Low,Synthetic Churn Risk Model,1.0,2026-06-30
CHN005406,CUS005406,Not Churn,0.0659,Low,Synthetic Churn Risk Model,1.0,2026-06-30
CHN005407,CUS005407,Not Churn,0.4104,Medium,Synthetic Churn Risk Model,1.0,2026-06-30
CHN005408,CUS005408,Not Churn,0.4506,Medium,Synthetic Churn Risk Model,1.0,2026-06-30
CHN005409,CUS005409,Not Churn,0.4175,Medium,Synthetic Churn Risk Model,1.0,2026-06-30
CHN005410,CUS005410,Not Churn,0.4034,Medium,Synthetic Churn Risk Model,1.0,2026-06-30
CHN005411,CUS005411,Not Churn,0.4019,Medium,Synthetic Churn Risk Model,1.0,2026-06-30
CHN005412,CUS005412,Not Churn,0.0272,Low,Synthetic Churn Risk Model,1.0,2026-06-30
CHN005413,CUS005413,Not Churn,0.4069,Medium,Synthetic Churn Risk Model,1.0,2026-06-30
CHN005414,CUS005414,Not Churn,0.2369,Low,Synthetic Churn Risk Model,1.0,2026-06-30
CHN005415,CUS005415,Not Churn,0.1314,Low,Synthetic Churn Risk Model,1.0,2026-06-30
CHN005416,CUS005416,Not Churn,0.4391,Medium,Synthetic Churn Risk Model,1.0,2026-06-30
CHN005417,CUS005417,Not Churn,0.2327,Low,Synthetic Churn Risk Model,1.0,2026-06-30
CHN005418,CUS005418,Not Churn,0.3248,Medium,Synthetic Churn Risk Model,1.0,2026-06-30
CHN005419,CUS005419,Not Churn,0.2247,Low,Synthetic Churn Risk Model,1.0,2026-06-30
CHN005420,CUS005420,Not Churn,0.0833,Low,Synthetic Churn Risk Model,1.0,2026-06-30
CHN005421,CUS005421,Not Churn,0.0647,Low,Synthetic Churn Risk Model,1.0,2026-06-30
CHN005422,CUS005422,Not Churn,0.4079,Medium,Synthetic Churn Risk Model,1.0,2026-06-30
CHN005423,CUS005423,Not Churn,0.0787,Low,Synthetic Churn Risk Model,1.0,2026-06-30
CHN005424,CUS005424,Not Churn,0.4304,Medium,Synthetic Churn Risk Model,1.0,2026-06-30
CHN005425,CUS005425,Not Churn,0.103,Low,Synthetic Churn Risk Model,1.0,2026-06-30
CHN005426,CUS005426,Not Churn,0.1294,Low,Synthetic Churn Risk Model,1.0,2026-06-30
CHN005427,CUS005427,Not Churn,0.4143,Medium,Synthetic Churn Risk Model,1.0,2026-06-30
CHN005428,CUS005428,Not Churn,0.1199,Low,Synthetic Churn Risk Model,1.0,2026-06-30
CHN005429,CUS005429,Not Churn,0.2393,Low,Synthetic Churn Risk Model,1.0,2026-06-30
CHN005430,CUS005430,Not Churn,0.411,Medium,Synthetic Churn Risk Model,1.0,2026-06-30
CHN005431,CUS005431,Not Churn,0.1152,Low,Synthetic Churn Risk Model,1.0,2026-06-30
CHN005432,CUS005432,Not Churn,0.0227,Low,Synthetic Churn Risk Model,1.0,2026-06-30
CHN005433,CUS005433,Not Churn,0.02,Low,Synthetic Churn Risk Model,1.0,2026-06-30
CHN005434,CUS005434,Not Churn,0.4163,Medium,Synthetic Churn Risk Model,1.0,2026-06-30
CHN005435,CUS005435,Not Churn,0.053,Low,Synthetic Churn Risk Model,1.0,2026-06-30
CHN005436,CUS005436,Not Churn,0.4123,Medium,Synthetic Churn Risk Model,1.0,2026-06-30
CHN005437,CUS005437,Not Churn,0.1119,Low,Synthetic Churn Risk Model,1.0,2026-06-30
CHN005438,CUS005438,Not Churn,0.1146,Low,Synthetic Churn Risk Model,1.0,2026-06-30
CHN005439,CUS005439,Not Churn,0.399,Medium,Synthetic Churn Risk Model,1.0,2026-06-30
CHN005440,CUS005440,Not Churn,0.4238,Medium,Synthetic Churn Risk Model,1.0,2026-06-30
CHN005441,CUS005441,Not Churn,0.1853,Low,Synthetic Churn Risk Model,1.0,2026-06-30
CHN005442,CUS005442,Not Churn,0.1499,Low,Synthetic Churn Risk Model,1.0,2026-06-30
CHN005443,CUS005443,Not Churn,0.3739,Medium,Synthetic Churn Risk Model,1.0,2026-06-30
CHN005444,CUS005444,Not Churn,0.0843,Low,Synthetic Churn Risk Model,1.0,2026-06-30
CHN005445,CUS005445,Not Churn,0.4177,Medium,Synthetic Churn Risk Model,1.0,2026-06-30
CHN005446,CUS005446,Not Churn,0.0622,Low,Synthetic Churn Risk Model,1.0,2026-06-30
CHN005447,CUS005447,Not Churn,0.1853,Low,Synthetic Churn Risk Model,1.0,2026-06-30
CHN005448,CUS005448,Not Churn,0.0655,Low,Synthetic Churn Risk Model,1.0,2026-06-30
CHN005449,CUS005449,Not Churn,0.4475,Medium,Synthetic Churn Risk Model,1.0,2026-06-30
CHN005450,CUS005450,Not Churn,0.058,Low,Synthetic Churn Risk Model,1.0,2026-06-30
CHN005451,CUS005451,Not Churn,0.4322,Medium,Synthetic Churn Risk Model,1.0,2026-06-30
CHN005452,CUS005452,Not Churn,0.0442,Low,Synthetic Churn Risk Model,1.0,2026-06-30
CHN005453,CUS005453,Not Churn,0.0433,Low,Synthetic Churn Risk Model,1.0,2026-06-30
CHN005454,CUS005454,Not Churn,0.0284,Low,Synthetic Churn Risk Model,1.0,2026-06-30
CHN005455,CUS005455,Not Churn,0.0792,Low,Synthetic Churn Risk Model,1.0,2026-06-30
CHN005456,CUS005456,Not Churn,0.1104,Low,Synthetic Churn Risk Model,1.0,2026-06-30
CHN005457,CUS005457,Not Churn,0.0427,Low,Synthetic Churn Risk Model,1.0,2026-06-30
CHN005458,CUS005458,Not Churn,0.4482,Medium,Synthetic Churn Risk Model,1.0,2026-06-30
CHN005459,CUS005459,Not Churn,0.0281,Low,Synthetic Churn Risk Model,1.0,2026-06-30
CHN005460,CUS005460,Not Churn,0.1949,Low,Synthetic Churn Risk Model,1.0,2026-06-30
CHN005461,CUS005461,Not Churn,0.1414,Low,Synthetic Churn Risk Model,1.0,2026-06-30
CHN005462,CUS005462,Not Churn,0.1669,Low,Synthetic Churn Risk Model,1.0,2026-06-30
CHN005463,CUS005463,Not Churn,0.131,Low,Synthetic Churn Risk Model,1.0,2026-06-30
CHN005464,CUS005464,Not Churn,0.1227,Low,Synthetic Churn Risk Model,1.0,2026-06-30
CHN005465,CUS005465,Not Churn,0.0922,Low,Synthetic Churn Risk Model,1.0,2026-06-30
CHN005466,CUS005466,Not Churn,0.0429,Low,Synthetic Churn Risk Model,1.0,2026-06-30
CHN005467,CUS005467,Not Churn,0.0719,Low,Synthetic Churn Risk Model,1.0,2026-06-30
CHN005468,CUS005468,Not Churn,0.0341,Low,Synthetic Churn Risk Model,1.0,2026-06-30
CHN005469,CUS005469,Not Churn,0.0682,Low,Synthetic Churn Risk Model,1.0,2026-06-30
CHN005470,CUS005470,Not Churn,0.0319,Low,Synthetic Churn Risk Model,1.0,2026-06-30
CHN005471,CUS005471,Not Churn,0.0665,Low,Synthetic Churn Risk Model,1.0,2026-06-30
CHN005472,CUS005472,Not Churn,0.1246,Low,Synthetic Churn Risk Model,1.0,2026-06-30
CHN005473,CUS005473,Not Churn,0.0436,Low,Synthetic Churn Risk Model,1.0,2026-06-30
CHN005474,CUS005474,Not Churn,0.4196,Medium,Synthetic Churn Risk Model,1.0,2026-06-30
CHN005475,CUS005475,Not Churn,0.2338,Low,Synthetic Churn Risk Model,1.0,2026-06-30
CHN005476,CUS005476,Not Churn,0.0993,Low,Synthetic Churn Risk Model,1.0,2026-06-30
CHN005477,CUS005477,Not Churn,0.0268,Low,Synthetic Churn Risk Model,1.0,2026-06-30
CHN005478,CUS005478,Not Churn,0.3215,Medium,Synthetic Churn Risk Model,1.0,2026-06-30
CHN005479,CUS005479,Not Churn,0.4204,Medium,Synthetic Churn Risk Model,1.0,2026-06-30
CHN005480,CUS005480,Not Churn,0.1491,Low,Synthetic Churn Risk Model,1.0,2026-06-30
CHN005481,CUS005481,Not Churn,0.0751,Low,Synthetic Churn Risk Model,1.0,2026-06-30
CHN005482,CUS005482,Not Churn,0.4034,Medium,Synthetic Churn Risk Model,1.0,2026-06-30
CHN005483,CUS005483,Not Churn,0.4193,Medium,Synthetic Churn Risk Model,1.0,2026-06-30
CHN005484,CUS005484,Not Churn,0.087,Low,Synthetic Churn Risk Model,1.0,2026-06-30
CHN005485,CUS005485,Not Churn,0.0811,Low,Synthetic Churn Risk Model,1.0,2026-06-30
CHN005486,CUS005486,Not Churn,0.0288,Low,Synthetic Churn Risk Model,1.0,2026-06-30
CHN005487,CUS005487,Not Churn,0.0951,Low,Synthetic Churn Risk Model,1.0,2026-06-30
CHN005488,CUS005488,Not Churn,0.1167,Low,Synthetic Churn Risk Model,1.0,2026-06-30
CHN005489,CUS005489,Not Churn,0.4133,Medium,Synthetic Churn Risk Model,1.0,2026-06-30
CHN005490,CUS005490,Not Churn,0.4238,Medium,Synthetic Churn Risk Model,1.0,2026-06-30
CHN005491,CUS005491,Not Churn,0.1259,Low,Synthetic Churn Risk Model,1.0,2026-06-30
CHN005492,CUS005492,Not Churn,0.0841,Low,Synthetic Churn Risk Model,1.0,2026-06-30
CHN005493,CUS005493,Not Churn,0.1223,Low,Synthetic Churn Risk Model,1.0,2026-06-30
CHN005494,CUS005494,Not Churn,0.3985,Medium,Synthetic Churn Risk Model,1.0,2026-06-30
CHN005495,CUS005495,Not Churn,0.4322,Medium,Synthetic Churn Risk Model,1.0,2026-06-30
CHN005496,CUS005496,Not Churn,0.4309,Medium,Synthetic Churn Risk Model,1.0,2026-06-30
CHN005497,CUS005497,Not Churn,0.1166,Low,Synthetic Churn Risk Model,1.0,2026-06-30
CHN005498,CUS005498,Not Churn,0.0576,Low,Synthetic Churn Risk Model,1.0,2026-06-30
CHN005499,CUS005499,Not Churn,0.0247,Low,Synthetic Churn Risk Model,1.0,2026-06-30
CHN005500,CUS005500,Not Churn,0.0647,Low,Synthetic Churn Risk Model,1.0,2026-06-30
CHN005501,CUS005501,Not Churn,0.4209,Medium,Synthetic Churn Risk Model,1.0,2026-06-30
CHN005502,CUS005502,Not Churn,0.0711,Low,Synthetic Churn Risk Model,1.0,2026-06-30
CHN005503,CUS005503,Not Churn,0.1565,Low,Synthetic Churn Risk Model,1.0,2026-06-30
CHN005504,CUS005504,Not Churn,0.2194,Low,Synthetic Churn Risk Model,1.0,2026-06-30
CHN005505,CUS005505,Not Churn,0.0801,Low,Synthetic Churn Risk Model,1.0,2026-06-30
CHN005506,CUS005506,Not Churn,0.1383,Low,Synthetic Churn Risk Model,1.0,2026-06-30
CHN005507,CUS005507,Not Churn,0.0323,Low,Synthetic Churn Risk Model,1.0,2026-06-30
CHN005508,CUS005508,Not Churn,0.0687,Low,Synthetic Churn Risk Model,1.0,2026-06-30
CHN005509,CUS005509,Not Churn,0.0707,Low,Synthetic Churn Risk Model,1.0,2026-06-30
CHN005510,CUS005510,Not Churn,0.1061,Low,Synthetic Churn Risk Model,1.0,2026-06-30
CHN005511,CUS005511,Not Churn,0.44,Medium,Synthetic Churn Risk Model,1.0,2026-06-30
CHN005512,CUS005512,Not Churn,0.1437,Low,Synthetic Churn Risk Model,1.0,2026-06-30
CHN005513,CUS005513,Not Churn,0.0998,Low,Synthetic Churn Risk Model,1.0,2026-06-30
CHN005514,CUS005514,Not Churn,0.0861,Low,Synthetic Churn Risk Model,1.0,2026-06-30
CHN005515,CUS005515,Not Churn,0.401,Medium,Synthetic Churn Risk Model,1.0,2026-06-30
CHN005516,CUS005516,Not Churn,0.0343,Low,Synthetic Churn Risk Model,1.0,2026-06-30
CHN005517,CUS005517,Not Churn,0.2583,Low,Synthetic Churn Risk Model,1.0,2026-06-30
CHN005518,CUS005518,Not Churn,0.417,Medium,Synthetic Churn Risk Model,1.0,2026-06-30
CHN005519,CUS005519,Not Churn,0.0402,Low,Synthetic Churn Risk Model,1.0,2026-06-30
CHN005520,CUS005520,Not Churn,0.0813,Low,Synthetic Churn Risk Model,1.0,2026-06-30
CHN005521,CUS005521,Churn,0.722,High,Synthetic Churn Risk Model,1.0,2026-06-30
CHN005522,CUS005522,Not Churn,0.4106,Medium,Synthetic Churn Risk Model,1.0,2026-06-30
CHN005523,CUS005523,Not Churn,0.2437,Low,Synthetic Churn Risk Model,1.0,2026-06-30
CHN005524,CUS005524,Not Churn,0.0757,Low,Synthetic Churn Risk Model,1.0,2026-06-30
CHN005525,CUS005525,Not Churn,0.4023,Medium,Synthetic Churn Risk Model,1.0,2026-06-30
CHN005526,CUS005526,Not Churn,0.1346,Low,Synthetic Churn Risk Model,1.0,2026-06-30
CHN005527,CUS005527,Not Churn,0.0912,Low,Synthetic Churn Risk Model,1.0,2026-06-30
CHN005528,CUS005528,Not Churn,0.3698,Medium,Synthetic Churn Risk Model,1.0,2026-06-30
CHN005529,CUS005529,Not Churn,0.4171,Medium,Synthetic Churn Risk Model,1.0,2026-06-30
CHN005530,CUS005530,Not Churn,0.0451,Low,Synthetic Churn Risk Model,1.0,2026-06-30
CHN005531,CUS005531,Not Churn,0.104,Low,Synthetic Churn Risk Model,1.0,2026-06-30
CHN005532,CUS005532,Not Churn,0.0257,Low,Synthetic Churn Risk Model,1.0,2026-06-30
CHN005533,CUS005533,Not Churn,0.0347,Low,Synthetic Churn Risk Model,1.0,2026-06-30
CHN005534,CUS005534,Not Churn,0.4013,Medium,Synthetic Churn Risk Model,1.0,2026-06-30
CHN005535,CUS005535,Not Churn,0.4315,Medium,Synthetic Churn Risk Model,1.0,2026-06-30
CHN005536,CUS005536,Not Churn,0.2713,Low,Synthetic Churn Risk Model,1.0,2026-06-30
CHN005537,CUS005537,Not Churn,0.1251,Low,Synthetic Churn Risk Model,1.0,2026-06-30
CHN005538,CUS005538,Not Churn,0.1241,Low,Synthetic Churn Risk Model,1.0,2026-06-30
CHN005539,CUS005539,Not Churn,0.406,Medium,Synthetic Churn Risk Model,1.0,2026-06-30
CHN005540,CUS005540,Not Churn,0.0095,Low,Synthetic Churn Risk Model,1.0,2026-06-30
CHN005541,CUS005541,Not Churn,0.0683,Low,Synthetic Churn Risk Model,1.0,2026-06-30
CHN005542,CUS005542,Not Churn,0.0382,Low,Synthetic Churn Risk Model,1.0,2026-06-30
CHN005543,CUS005543,Not Churn,0.4329,Medium,Synthetic Churn Risk Model,1.0,2026-06-30
CHN005544,CUS005544,Not Churn,0.4099,Medium,Synthetic Churn Risk Model,1.0,2026-06-30
CHN005545,CUS005545,Not Churn,0.0237,Low,Synthetic Churn Risk Model,1.0,2026-06-30
CHN005546,CUS005546,Not Churn,0.1573,Low,Synthetic Churn Risk Model,1.0,2026-06-30
CHN005547,CUS005547,Not Churn,0.015,Low,Synthetic Churn Risk Model,1.0,2026-06-30
CHN005548,CUS005548,Not Churn,0.3666,Medium,Synthetic Churn Risk Model,1.0,2026-06-30
CHN005549,CUS005549,Not Churn,0.0436,Low,Synthetic Churn Risk Model,1.0,2026-06-30
CHN005550,CUS005550,Not Churn,0.0461,Low,Synthetic Churn Risk Model,1.0,2026-06-30
CHN005551,CUS005551,Not Churn,0.2247,Low,Synthetic Churn Risk Model,1.0,2026-06-30
CHN005552,CUS005552,Not Churn,0.1578,Low,Synthetic Churn Risk Model,1.0,2026-06-30
CHN005553,CUS005553,Not Churn,0.1062,Low,Synthetic Churn Risk Model,1.0,2026-06-30
CHN005554,CUS005554,Not Churn,0.284,Low,Synthetic Churn Risk Model,1.0,2026-06-30
CHN005555,CUS005555,Not Churn,0.1933,Low,Synthetic Churn Risk Model,1.0,2026-06-30
CHN005556,CUS005556,Not Churn,0.2715,Low,Synthetic Churn Risk Model,1.0,2026-06-30
CHN005557,CUS005557,Not Churn,0.0605,Low,Synthetic Churn Risk Model,1.0,2026-06-30
CHN005558,CUS005558,Not Churn,0.0345,Low,Synthetic Churn Risk Model,1.0,2026-06-30
CHN005559,CUS005559,Not Churn,0.1214,Low,Synthetic Churn Risk Model,1.0,2026-06-30
CHN005560,CUS005560,Not Churn,0.0607,Low,Synthetic Churn Risk Model,1.0,2026-06-30
CHN005561,CUS005561,Not Churn,0.181,Low,Synthetic Churn Risk Model,1.0,2026-06-30
CHN005562,CUS005562,Not Churn,0.5451,Medium,Synthetic Churn Risk Model,1.0,2026-06-30
CHN005563,CUS005563,Not Churn,0.1514,Low,Synthetic Churn Risk Model,1.0,2026-06-30
CHN005564,CUS005564,Not Churn,0.0735,Low,Synthetic Churn Risk Model,1.0,2026-06-30
CHN005565,CUS005565,Not Churn,0.0536,Low,Synthetic Churn Risk Model,1.0,2026-06-30
CHN005566,CUS005566,Not Churn,0.0273,Low,Synthetic Churn Risk Model,1.0,2026-06-30
CHN005567,CUS005567,Not Churn,0.1588,Low,Synthetic Churn Risk Model,1.0,2026-06-30
CHN005568,CUS005568,Not Churn,0.1208,Low,Synthetic Churn Risk Model,1.0,2026-06-30
CHN005569,CUS005569,Not Churn,0.0577,Low,Synthetic Churn Risk Model,1.0,2026-06-30
CHN005570,CUS005570,Not Churn,0.0411,Low,Synthetic Churn Risk Model,1.0,2026-06-30
CHN005571,CUS005571,Not Churn,0.4028,Medium,Synthetic Churn Risk Model,1.0,2026-06-30
CHN005572,CUS005572,Not Churn,0.0586,Low,Synthetic Churn Risk Model,1.0,2026-06-30
CHN005573,CUS005573,Not Churn,0.0572,Low,Synthetic Churn Risk Model,1.0,2026-06-30
CHN005574,CUS005574,Not Churn,0.4195,Medium,Synthetic Churn Risk Model,1.0,2026-06-30
CHN005575,CUS005575,Not Churn,0.1148,Low,Synthetic Churn Risk Model,1.0,2026-06-30
CHN005576,CUS005576,Not Churn,0.1448,Low,Synthetic Churn Risk Model,1.0,2026-06-30
CHN005577,CUS005577,Not Churn,0.2222,Low,Synthetic Churn Risk Model,1.0,2026-06-30
CHN005578,CUS005578,Not Churn,0.4073,Medium,Synthetic Churn Risk Model,1.0,2026-06-30
CHN005579,CUS005579,Not Churn,0.4446,Medium,Synthetic Churn Risk Model,1.0,2026-06-30
CHN005580,CUS005580,Churn,0.8174,High,Synthetic Churn Risk Model,1.0,2026-06-30
CHN005581,CUS005581,Not Churn,0.3986,Medium,Synthetic Churn Risk Model,1.0,2026-06-30
CHN005582,CUS005582,Not Churn,0.2805,Low,Synthetic Churn Risk Model,1.0,2026-06-30
CHN005583,CUS005583,Not Churn,0.3865,Medium,Synthetic Churn Risk Model,1.0,2026-06-30
CHN005584,CUS005584,Not Churn,0.4259,Medium,Synthetic Churn Risk Model,1.0,2026-06-30
CHN005585,CUS005585,Not Churn,0.0217,Low,Synthetic Churn Risk Model,1.0,2026-06-30
CHN005586,CUS005586,Not Churn,0.0761,Low,Synthetic Churn Risk Model,1.0,2026-06-30
CHN005587,CUS005587,Not Churn,0.04,Low,Synthetic Churn Risk Model,1.0,2026-06-30
CHN005588,CUS005588,Not Churn,0.0423,Low,Synthetic Churn Risk Model,1.0,2026-06-30
CHN005589,CUS005589,Not Churn,0.0599,Low,Synthetic Churn Risk Model,1.0,2026-06-30
CHN005590,CUS005590,Not Churn,0.4293,Medium,Synthetic Churn Risk Model,1.0,2026-06-30
CHN005591,CUS005591,Not Churn,0.1046,Low,Synthetic Churn Risk Model,1.0,2026-06-30
CHN005592,CUS005592,Not Churn,0.1491,Low,Synthetic Churn Risk Model,1.0,2026-06-30
CHN005593,CUS005593,Not Churn,0.0603,Low,Synthetic Churn Risk Model,1.0,2026-06-30
CHN005594,CUS005594,Not Churn,0.1407,Low,Synthetic Churn Risk Model,1.0,2026-06-30
CHN005595,CUS005595,Not Churn,0.0072,Low,Synthetic Churn Risk Model,1.0,2026-06-30
CHN005596,CUS005596,Not Churn,0.4128,Medium,Synthetic Churn Risk Model,1.0,2026-06-30
CHN005597,CUS005597,Not Churn,0.0873,Low,Synthetic Churn Risk Model,1.0,2026-06-30
CHN005598,CUS005598,Not Churn,0.2142,Low,Synthetic Churn Risk Model,1.0,2026-06-30
CHN005599,CUS005599,Not Churn,0.1912,Low,Synthetic Churn Risk Model,1.0,2026-06-30
CHN005600,CUS005600,Not Churn,0.0777,Low,Synthetic Churn Risk Model,1.0,2026-06-30
CHN005601,CUS005601,Not Churn,0.4302,Medium,Synthetic Churn Risk Model,1.0,2026-06-30
CHN005602,CUS005602,Not Churn,0.2931,Low,Synthetic Churn Risk Model,1.0,2026-06-30
CHN005603,CUS005603,Not Churn,0.1281,Low,Synthetic Churn Risk Model,1.0,2026-06-30
CHN005604,CUS005604,Not Churn,0.187,Low,Synthetic Churn Risk Model,1.0,2026-06-30
CHN005605,CUS005605,Not Churn,0.1815,Low,Synthetic Churn Risk Model,1.0,2026-06-30
CHN005606,CUS005606,Not Churn,0.4076,Medium,Synthetic Churn Risk Model,1.0,2026-06-30
CHN005607,CUS005607,Not Churn,0.0416,Low,Synthetic Churn Risk Model,1.0,2026-06-30
CHN005608,CUS005608,Not Churn,0.2868,Low,Synthetic Churn Risk Model,1.0,2026-06-30
CHN005609,CUS005609,Not Churn,0.1819,Low,Synthetic Churn Risk Model,1.0,2026-06-30
CHN005610,CUS005610,Not Churn,0.4022,Medium,Synthetic Churn Risk Model,1.0,2026-06-30
CHN005611,CUS005611,Not Churn,0.0985,Low,Synthetic Churn Risk Model,1.0,2026-06-30
CHN005612,CUS005612,Not Churn,0.0768,Low,Synthetic Churn Risk Model,1.0,2026-06-30
CHN005613,CUS005613,Not Churn,0.017,Low,Synthetic Churn Risk Model,1.0,2026-06-30
CHN005614,CUS005614,Not Churn,0.0824,Low,Synthetic Churn Risk Model,1.0,2026-06-30
CHN005615,CUS005615,Not Churn,0.1838,Low,Synthetic Churn Risk Model,1.0,2026-06-30
CHN005616,CUS005616,Not Churn,0.0552,Low,Synthetic Churn Risk Model,1.0,2026-06-30
CHN005617,CUS005617,Not Churn,0.2214,Low,Synthetic Churn Risk Model,1.0,2026-06-30
CHN005618,CUS005618,Not Churn,0.2476,Low,Synthetic Churn Risk Model,1.0,2026-06-30
CHN005619,CUS005619,Not Churn,0.4277,Medium,Synthetic Churn Risk Model,1.0,2026-06-30
CHN005620,CUS005620,Not Churn,0.4367,Medium,Synthetic Churn Risk Model,1.0,2026-06-30
CHN005621,CUS005621,Not Churn,0.4039,Medium,Synthetic Churn Risk Model,1.0,2026-06-30
CHN005622,CUS005622,Not Churn,0.0294,Low,Synthetic Churn Risk Model,1.0,2026-06-30
CHN005623,CUS005623,Not Churn,0.0828,Low,Synthetic Churn Risk Model,1.0,2026-06-30
CHN005624,CUS005624,Not Churn,0.1416,Low,Synthetic Churn Risk Model,1.0,2026-06-30
CHN005625,CUS005625,Not Churn,0.1116,Low,Synthetic Churn Risk Model,1.0,2026-06-30
CHN005626,CUS005626,Not Churn,0.4054,Medium,Synthetic Churn Risk Model,1.0,2026-06-30
CHN005627,CUS005627,Not Churn,0.1505,Low,Synthetic Churn Risk Model,1.0,2026-06-30
CHN005628,CUS005628,Not Churn,0.1235,Low,Synthetic Churn Risk Model,1.0,2026-06-30
CHN005629,CUS005629,Not Churn,0.3391,Medium,Synthetic Churn Risk Model,1.0,2026-06-30
CHN005630,CUS005630,Not Churn,0.4515,Medium,Synthetic Churn Risk Model,1.0,2026-06-30
CHN005631,CUS005631,Not Churn,0.4145,Medium,Synthetic Churn Risk Model,1.0,2026-06-30
CHN005632,CUS005632,Not Churn,0.1977,Low,Synthetic Churn Risk Model,1.0,2026-06-30
CHN005633,CUS005633,Not Churn,0.3314,Medium,Synthetic Churn Risk Model,1.0,2026-06-30
CHN005634,CUS005634,Not Churn,0.0643,Low,Synthetic Churn Risk Model,1.0,2026-06-30
CHN005635,CUS005635,Not Churn,0.3996,Medium,Synthetic Churn Risk Model,1.0,2026-06-30
CHN005636,CUS005636,Not Churn,0.0336,Low,Synthetic Churn Risk Model,1.0,2026-06-30
CHN005637,CUS005637,Not Churn,0.4158,Medium,Synthetic Churn Risk Model,1.0,2026-06-30
CHN005638,CUS005638,Not Churn,0.0577,Low,Synthetic Churn Risk Model,1.0,2026-06-30
CHN005639,CUS005639,Not Churn,0.4108,Medium,Synthetic Churn Risk Model,1.0,2026-06-30
CHN005640,CUS005640,Not Churn,0.0609,Low,Synthetic Churn Risk Model,1.0,2026-06-30
CHN005641,CUS005641,Not Churn,0.1049,Low,Synthetic Churn Risk Model,1.0,2026-06-30
CHN005642,CUS005642,Not Churn,0.4149,Medium,Synthetic Churn Risk Model,1.0,2026-06-30
CHN005643,CUS005643,Not Churn,0.4285,Medium,Synthetic Churn Risk Model,1.0,2026-06-30
CHN005644,CUS005644,Not Churn,0.3051,Medium,Synthetic Churn Risk Model,1.0,2026-06-30
CHN005645,CUS005645,Not Churn,0.5125,Medium,Synthetic Churn Risk Model,1.0,2026-06-30
CHN005646,CUS005646,Not Churn,0.1124,Low,Synthetic Churn Risk Model,1.0,2026-06-30
CHN005647,CUS005647,Not Churn,0.0597,Low,Synthetic Churn Risk Model,1.0,2026-06-30
CHN005648,CUS005648,Not Churn,0.0944,Low,Synthetic Churn Risk Model,1.0,2026-06-30
CHN005649,CUS005649,Not Churn,0.0251,Low,Synthetic Churn Risk Model,1.0,2026-06-30
CHN005650,CUS005650,Not Churn,0.071,Low,Synthetic Churn Risk Model,1.0,2026-06-30
CHN005651,CUS005651,Not Churn,0.4026,Medium,Synthetic Churn Risk Model,1.0,2026-06-30
CHN005652,CUS005652,Not Churn,0.0922,Low,Synthetic Churn Risk Model,1.0,2026-06-30
CHN005653,CUS005653,Not Churn,0.0621,Low,Synthetic Churn Risk Model,1.0,2026-06-30
CHN005654,CUS005654,Not Churn,0.0206,Low,Synthetic Churn Risk Model,1.0,2026-06-30
CHN005655,CUS005655,Not Churn,0.0914,Low,Synthetic Churn Risk Model,1.0,2026-06-30
CHN005656,CUS005656,Not Churn,0.0964,Low,Synthetic Churn Risk Model,1.0,2026-06-30
CHN005657,CUS005657,Not Churn,0.0706,Low,Synthetic Churn Risk Model,1.0,2026-06-30
CHN005658,CUS005658,Not Churn,0.0187,Low,Synthetic Churn Risk Model,1.0,2026-06-30
CHN005659,CUS005659,Not Churn,0.2403,Low,Synthetic Churn Risk Model,1.0,2026-06-30
CHN005660,CUS005660,Not Churn,0.1297,Low,Synthetic Churn Risk Model,1.0,2026-06-30
CHN005661,CUS005661,Not Churn,0.1922,Low,Synthetic Churn Risk Model,1.0,2026-06-30
CHN005662,CUS005662,Not Churn,0.4062,Medium,Synthetic Churn Risk Model,1.0,2026-06-30
CHN005663,CUS005663,Not Churn,0.0274,Low,Synthetic Churn Risk Model,1.0,2026-06-30
CHN005664,CUS005664,Not Churn,0.1245,Low,Synthetic Churn Risk Model,1.0,2026-06-30
CHN005665,CUS005665,Not Churn,0.3956,Medium,Synthetic Churn Risk Model,1.0,2026-06-30
CHN005666,CUS005666,Not Churn,0.254,Low,Synthetic Churn Risk Model,1.0,2026-06-30
CHN005667,CUS005667,Not Churn,0.0519,Low,Synthetic Churn Risk Model,1.0,2026-06-30
CHN005668,CUS005668,Not Churn,0.0534,Low,Synthetic Churn Risk Model,1.0,2026-06-30
CHN005669,CUS005669,Not Churn,0.0668,Low,Synthetic Churn Risk Model,1.0,2026-06-30
CHN005670,CUS005670,Not Churn,0.4027,Medium,Synthetic Churn Risk Model,1.0,2026-06-30
CHN005671,CUS005671,Not Churn,0.3969,Medium,Synthetic Churn Risk Model,1.0,2026-06-30
CHN005672,CUS005672,Not Churn,0.3994,Medium,Synthetic Churn Risk Model,1.0,2026-06-30
CHN005673,CUS005673,Not Churn,0.0177,Low,Synthetic Churn Risk Model,1.0,2026-06-30
CHN005674,CUS005674,Not Churn,0.3349,Medium,Synthetic Churn Risk Model,1.0,2026-06-30
CHN005675,CUS005675,Not Churn,0.0591,Low,Synthetic Churn Risk Model,1.0,2026-06-30
CHN005676,CUS005676,Not Churn,0.1186,Low,Synthetic Churn Risk Model,1.0,2026-06-30
CHN005677,CUS005677,Not Churn,0.0542,Low,Synthetic Churn Risk Model,1.0,2026-06-30
CHN005678,CUS005678,Not Churn,0.0212,Low,Synthetic Churn Risk Model,1.0,2026-06-30
CHN005679,CUS005679,Not Churn,0.0259,Low,Synthetic Churn Risk Model,1.0,2026-06-30
CHN005680,CUS005680,Not Churn,0.0049,Low,Synthetic Churn Risk Model,1.0,2026-06-30
CHN005681,CUS005681,Not Churn,0.0578,Low,Synthetic Churn Risk Model,1.0,2026-06-30
CHN005682,CUS005682,Not Churn,0.1345,Low,Synthetic Churn Risk Model,1.0,2026-06-30
CHN005683,CUS005683,Not Churn,0.4004,Medium,Synthetic Churn Risk Model,1.0,2026-06-30
CHN005684,CUS005684,Not Churn,0.144,Low,Synthetic Churn Risk Model,1.0,2026-06-30
CHN005685,CUS005685,Not Churn,0.4176,Medium,Synthetic Churn Risk Model,1.0,2026-06-30
CHN005686,CUS005686,Not Churn,0.0508,Low,Synthetic Churn Risk Model,1.0,2026-06-30
CHN005687,CUS005687,Not Churn,0.2328,Low,Synthetic Churn Risk Model,1.0,2026-06-30
CHN005688,CUS005688,Not Churn,0.2175,Low,Synthetic Churn Risk Model,1.0,2026-06-30
CHN005689,CUS005689,Not Churn,0.441,Medium,Synthetic Churn Risk Model,1.0,2026-06-30
CHN005690,CUS005690,Not Churn,0.117,Low,Synthetic Churn Risk Model,1.0,2026-06-30
CHN005691,CUS005691,Not Churn,0.0479,Low,Synthetic Churn Risk Model,1.0,2026-06-30
CHN005692,CUS005692,Not Churn,0.2684,Low,Synthetic Churn Risk Model,1.0,2026-06-30
CHN005693,CUS005693,Not Churn,0.0454,Low,Synthetic Churn Risk Model,1.0,2026-06-30
CHN005694,CUS005694,Not Churn,0.1081,Low,Synthetic Churn Risk Model,1.0,2026-06-30
CHN005695,CUS005695,Not Churn,0.0802,Low,Synthetic Churn Risk Model,1.0,2026-06-30
CHN005696,CUS005696,Not Churn,0.0106,Low,Synthetic Churn Risk Model,1.0,2026-06-30
CHN005697,CUS005697,Not Churn,0.0902,Low,Synthetic Churn Risk Model,1.0,2026-06-30
CHN005698,CUS005698,Not Churn,0.4081,Medium,Synthetic Churn Risk Model,1.0,2026-06-30
CHN005699,CUS005699,Not Churn,0.0716,Low,Synthetic Churn Risk Model,1.0,2026-06-30
CHN005700,CUS005700,Not Churn,0.2486,Low,Synthetic Churn Risk Model,1.0,2026-06-30
CHN005701,CUS005701,Not Churn,0.3931,Medium,Synthetic Churn Risk Model,1.0,2026-06-30
CHN005702,CUS005702,Not Churn,0.0758,Low,Synthetic Churn Risk Model,1.0,2026-06-30
CHN005703,CUS005703,Not Churn,0.0269,Low,Synthetic Churn Risk Model,1.0,2026-06-30
CHN005704,CUS005704,Not Churn,0.1597,Low,Synthetic Churn Risk Model,1.0,2026-06-30
CHN005705,CUS005705,Not Churn,0.4177,Medium,Synthetic Churn Risk Model,1.0,2026-06-30
CHN005706,CUS005706,Not Churn,0.421,Medium,Synthetic Churn Risk Model,1.0,2026-06-30
CHN005707,CUS005707,Not Churn,0.0114,Low,Synthetic Churn Risk Model,1.0,2026-06-30
CHN005708,CUS005708,Not Churn,0.4,Medium,Synthetic Churn Risk Model,1.0,2026-06-30
CHN005709,CUS005709,Not Churn,0.4061,Medium,Synthetic Churn Risk Model,1.0,2026-06-30
CHN005710,CUS005710,Not Churn,0.1738,Low,Synthetic Churn Risk Model,1.0,2026-06-30
CHN005711,CUS005711,Not Churn,0.4264,Medium,Synthetic Churn Risk Model,1.0,2026-06-30
CHN005712,CUS005712,Not Churn,0.4093,Medium,Synthetic Churn Risk Model,1.0,2026-06-30
CHN005713,CUS005713,Not Churn,0.087,Low,Synthetic Churn Risk Model,1.0,2026-06-30
CHN005714,CUS005714,Not Churn,0.5984,Medium,Synthetic Churn Risk Model,1.0,2026-06-30
CHN005715,CUS005715,Not Churn,0.4004,Medium,Synthetic Churn Risk Model,1.0,2026-06-30
CHN005716,CUS005716,Not Churn,0.0847,Low,Synthetic Churn Risk Model,1.0,2026-06-30
CHN005717,CUS005717,Not Churn,0.415,Medium,Synthetic Churn Risk Model,1.0,2026-06-30
CHN005718,CUS005718,Not Churn,0.3002,Medium,Synthetic Churn Risk Model,1.0,2026-06-30
CHN005719,CUS005719,Not Churn,0.3895,Medium,Synthetic Churn Risk Model,1.0,2026-06-30
CHN005720,CUS005720,Not Churn,0.4188,Medium,Synthetic Churn Risk Model,1.0,2026-06-30
CHN005721,CUS005721,Not Churn,0.1614,Low,Synthetic Churn Risk Model,1.0,2026-06-30
CHN005722,CUS005722,Not Churn,0.094,Low,Synthetic Churn Risk Model,1.0,2026-06-30
CHN005723,CUS005723,Not Churn,0.1155,Low,Synthetic Churn Risk Model,1.0,2026-06-30
CHN005724,CUS005724,Not Churn,0.0759,Low,Synthetic Churn Risk Model,1.0,2026-06-30
CHN005725,CUS005725,Not Churn,0.0789,Low,Synthetic Churn Risk Model,1.0,2026-06-30
CHN005726,CUS005726,Not Churn,0.102,Low,Synthetic Churn Risk Model,1.0,2026-06-30
CHN005727,CUS005727,Not Churn,0.0338,Low,Synthetic Churn Risk Model,1.0,2026-06-30
CHN005728,CUS005728,Not Churn,0.2542,Low,Synthetic Churn Risk Model,1.0,2026-06-30
CHN005729,CUS005729,Not Churn,0.0556,Low,Synthetic Churn Risk Model,1.0,2026-06-30
CHN005730,CUS005730,Not Churn,0.0119,Low,Synthetic Churn Risk Model,1.0,2026-06-30
CHN005731,CUS005731,Not Churn,0.0306,Low,Synthetic Churn Risk Model,1.0,2026-06-30
CHN005732,CUS005732,Not Churn,0.1631,Low,Synthetic Churn Risk Model,1.0,2026-06-30
CHN005733,CUS005733,Not Churn,0.4228,Medium,Synthetic Churn Risk Model,1.0,2026-06-30
CHN005734,CUS005734,Not Churn,0.0882,Low,Synthetic Churn Risk Model,1.0,2026-06-30
CHN005735,CUS005735,Not Churn,0.4412,Medium,Synthetic Churn Risk Model,1.0,2026-06-30
CHN005736,CUS005736,Not Churn,0.1144,Low,Synthetic Churn Risk Model,1.0,2026-06-30
CHN005737,CUS005737,Not Churn,0.4305,Medium,Synthetic Churn Risk Model,1.0,2026-06-30
CHN005738,CUS005738,Not Churn,0.0481,Low,Synthetic Churn Risk Model,1.0,2026-06-30
CHN005739,CUS005739,Not Churn,0.0826,Low,Synthetic Churn Risk Model,1.0,2026-06-30
CHN005740,CUS005740,Not Churn,0.3694,Medium,Synthetic Churn Risk Model,1.0,2026-06-30
CHN005741,CUS005741,Not Churn,0.2262,Low,Synthetic Churn Risk Model,1.0,2026-06-30
CHN005742,CUS005742,Not Churn,0.4243,Medium,Synthetic Churn Risk Model,1.0,2026-06-30
CHN005743,CUS005743,Not Churn,0.4028,Medium,Synthetic Churn Risk Model,1.0,2026-06-30
CHN005744,CUS005744,Not Churn,0.1556,Low,Synthetic Churn Risk Model,1.0,2026-06-30
CHN005745,CUS005745,Not Churn,0.1032,Low,Synthetic Churn Risk Model,1.0,2026-06-30
CHN005746,CUS005746,Not Churn,0.0178,Low,Synthetic Churn Risk Model,1.0,2026-06-30
CHN005747,CUS005747,Not Churn,0.4228,Medium,Synthetic Churn Risk Model,1.0,2026-06-30
CHN005748,CUS005748,Not Churn,0.0688,Low,Synthetic Churn Risk Model,1.0,2026-06-30
CHN005749,CUS005749,Not Churn,0.0948,Low,Synthetic Churn Risk Model,1.0,2026-06-30
CHN005750,CUS005750,Not Churn,0.3999,Medium,Synthetic Churn Risk Model,1.0,2026-06-30
CHN005751,CUS005751,Not Churn,0.0832,Low,Synthetic Churn Risk Model,1.0,2026-06-30
CHN005752,CUS005752,Not Churn,0.4234,Medium,Synthetic Churn Risk Model,1.0,2026-06-30
CHN005753,CUS005753,Not Churn,0.2316,Low,Synthetic Churn Risk Model,1.0,2026-06-30
CHN005754,CUS005754,Not Churn,0.0202,Low,Synthetic Churn Risk Model,1.0,2026-06-30
CHN005755,CUS005755,Not Churn,0.1534,Low,Synthetic Churn Risk Model,1.0,2026-06-30
CHN005756,CUS005756,Not Churn,0.0413,Low,Synthetic Churn Risk Model,1.0,2026-06-30
CHN005757,CUS005757,Not Churn,0.2207,Low,Synthetic Churn Risk Model,1.0,2026-06-30
CHN005758,CUS005758,Not Churn,0.2009,Low,Synthetic Churn Risk Model,1.0,2026-06-30
CHN005759,CUS005759,Not Churn,0.0663,Low,Synthetic Churn Risk Model,1.0,2026-06-30
CHN005760,CUS005760,Not Churn,0.4188,Medium,Synthetic Churn Risk Model,1.0,2026-06-30
CHN005761,CUS005761,Not Churn,0.0848,Low,Synthetic Churn Risk Model,1.0,2026-06-30
CHN005762,CUS005762,Not Churn,0.0439,Low,Synthetic Churn Risk Model,1.0,2026-06-30
CHN005763,CUS005763,Not Churn,0.0364,Low,Synthetic Churn Risk Model,1.0,2026-06-30
CHN005764,CUS005764,Not Churn,0.1147,Low,Synthetic Churn Risk Model,1.0,2026-06-30
CHN005765,CUS005765,Not Churn,0.2521,Low,Synthetic Churn Risk Model,1.0,2026-06-30
CHN005766,CUS005766,Not Churn,0.0147,Low,Synthetic Churn Risk Model,1.0,2026-06-30
CHN005767,CUS005767,Not Churn,0.1082,Low,Synthetic Churn Risk Model,1.0,2026-06-30
CHN005768,CUS005768,Not Churn,0.0722,Low,Synthetic Churn Risk Model,1.0,2026-06-30
CHN005769,CUS005769,Not Churn,0.5395,Medium,Synthetic Churn Risk Model,1.0,2026-06-30
CHN005770,CUS005770,Not Churn,0.0334,Low,Synthetic Churn Risk Model,1.0,2026-06-30
CHN005771,CUS005771,Not Churn,0.0642,Low,Synthetic Churn Risk Model,1.0,2026-06-30
CHN005772,CUS005772,Not Churn,0.0549,Low,Synthetic Churn Risk Model,1.0,2026-06-30
CHN005773,CUS005773,Not Churn,0.0775,Low,Synthetic Churn Risk Model,1.0,2026-06-30
CHN005774,CUS005774,Not Churn,0.1579,Low,Synthetic Churn Risk Model,1.0,2026-06-30
CHN005775,CUS005775,Not Churn,0.1848,Low,Synthetic Churn Risk Model,1.0,2026-06-30
CHN005776,CUS005776,Not Churn,0.1517,Low,Synthetic Churn Risk Model,1.0,2026-06-30
CHN005777,CUS005777,Not Churn,0.1328,Low,Synthetic Churn Risk Model,1.0,2026-06-30
CHN005778,CUS005778,Not Churn,0.332,Medium,Synthetic Churn Risk Model,1.0,2026-06-30
CHN005779,CUS005779,Not Churn,0.0515,Low,Synthetic Churn Risk Model,1.0,2026-06-30
CHN005780,CUS005780,Not Churn,0.3948,Medium,Synthetic Churn Risk Model,1.0,2026-06-30
CHN005781,CUS005781,Not Churn,0.1035,Low,Synthetic Churn Risk Model,1.0,2026-06-30
CHN005782,CUS005782,Not Churn,0.0189,Low,Synthetic Churn Risk Model,1.0,2026-06-30
CHN005783,CUS005783,Not Churn,0.043,Low,Synthetic Churn Risk Model,1.0,2026-06-30
CHN005784,CUS005784,Not Churn,0.415,Medium,Synthetic Churn Risk Model,1.0,2026-06-30
CHN005785,CUS005785,Not Churn,0.1534,Low,Synthetic Churn Risk Model,1.0,2026-06-30
CHN005786,CUS005786,Not Churn,0.0477,Low,Synthetic Churn Risk Model,1.0,2026-06-30
CHN005787,CUS005787,Not Churn,0.1619,Low,Synthetic Churn Risk Model,1.0,2026-06-30
CHN005788,CUS005788,Not Churn,0.3029,Medium,Synthetic Churn Risk Model,1.0,2026-06-30
CHN005789,CUS005789,Not Churn,0.0582,Low,Synthetic Churn Risk Model,1.0,2026-06-30
CHN005790,CUS005790,Not Churn,0.0358,Low,Synthetic Churn Risk Model,1.0,2026-06-30
CHN005791,CUS005791,Not Churn,0.4101,Medium,Synthetic Churn Risk Model,1.0,2026-06-30
CHN005792,CUS005792,Not Churn,0.046,Low,Synthetic Churn Risk Model,1.0,2026-06-30
CHN005793,CUS005793,Not Churn,0.0832,Low,Synthetic Churn Risk Model,1.0,2026-06-30
CHN005794,CUS005794,Not Churn,0.0887,Low,Synthetic Churn Risk Model,1.0,2026-06-30
CHN005795,CUS005795,Not Churn,0.0878,Low,Synthetic Churn Risk Model,1.0,2026-06-30
CHN005796,CUS005796,Not Churn,0.1123,Low,Synthetic Churn Risk Model,1.0,2026-06-30
CHN005797,CUS005797,Not Churn,0.1237,Low,Synthetic Churn Risk Model,1.0,2026-06-30
CHN005798,CUS005798,Not Churn,0.1828,Low,Synthetic Churn Risk Model,1.0,2026-06-30
CHN005799,CUS005799,Not Churn,0.4117,Medium,Synthetic Churn Risk Model,1.0,2026-06-30
CHN005800,CUS005800,Not Churn,0.4303,Medium,Synthetic Churn Risk Model,1.0,2026-06-30
CHN005801,CUS005801,Not Churn,0.0916,Low,Synthetic Churn Risk Model,1.0,2026-06-30
CHN005802,CUS005802,Not Churn,0.0633,Low,Synthetic Churn Risk Model,1.0,2026-06-30
CHN005803,CUS005803,Not Churn,0.0928,Low,Synthetic Churn Risk Model,1.0,2026-06-30
CHN005804,CUS005804,Not Churn,0.1263,Low,Synthetic Churn Risk Model,1.0,2026-06-30
CHN005805,CUS005805,Not Churn,0.0868,Low,Synthetic Churn Risk Model,1.0,2026-06-30
CHN005806,CUS005806,Not Churn,0.1606,Low,Synthetic Churn Risk Model,1.0,2026-06-30
CHN005807,CUS005807,Not Churn,0.0955,Low,Synthetic Churn Risk Model,1.0,2026-06-30
CHN005808,CUS005808,Not Churn,0.4161,Medium,Synthetic Churn Risk Model,1.0,2026-06-30
CHN005809,CUS005809,Not Churn,0.0299,Low,Synthetic Churn Risk Model,1.0,2026-06-30
CHN005810,CUS005810,Not Churn,0.4184,Medium,Synthetic Churn Risk Model,1.0,2026-06-30
CHN005811,CUS005811,Not Churn,0.1118,Low,Synthetic Churn Risk Model,1.0,2026-06-30
CHN005812,CUS005812,Not Churn,0.4251,Medium,Synthetic Churn Risk Model,1.0,2026-06-30
CHN005813,CUS005813,Not Churn,0.0516,Low,Synthetic Churn Risk Model,1.0,2026-06-30
CHN005814,CUS005814,Not Churn,0.1193,Low,Synthetic Churn Risk Model,1.0,2026-06-30
CHN005815,CUS005815,Not Churn,0.1548,Low,Synthetic Churn Risk Model,1.0,2026-06-30
CHN005816,CUS005816,Not Churn,0.0829,Low,Synthetic Churn Risk Model,1.0,2026-06-30
CHN005817,CUS005817,Not Churn,0.414,Medium,Synthetic Churn Risk Model,1.0,2026-06-30
CHN005818,CUS005818,Not Churn,0.0203,Low,Synthetic Churn Risk Model,1.0,2026-06-30
CHN005819,CUS005819,Not Churn,0.0342,Low,Synthetic Churn Risk Model,1.0,2026-06-30
CHN005820,CUS005820,Not Churn,0.0503,Low,Synthetic Churn Risk Model,1.0,2026-06-30
CHN005821,CUS005821,Not Churn,0.0957,Low,Synthetic Churn Risk Model,1.0,2026-06-30
CHN005822,CUS005822,Not Churn,0.0908,Low,Synthetic Churn Risk Model,1.0,2026-06-30
CHN005823,CUS005823,Not Churn,0.4059,Medium,Synthetic Churn Risk Model,1.0,2026-06-30
CHN005824,CUS005824,Not Churn,0.0931,Low,Synthetic Churn Risk Model,1.0,2026-06-30
CHN005825,CUS005825,Not Churn,0.2572,Low,Synthetic Churn Risk Model,1.0,2026-06-30
CHN005826,CUS005826,Not Churn,0.2114,Low,Synthetic Churn Risk Model,1.0,2026-06-30
CHN005827,CUS005827,Not Churn,0.0724,Low,Synthetic Churn Risk Model,1.0,2026-06-30
CHN005828,CUS005828,Not Churn,0.4133,Medium,Synthetic Churn Risk Model,1.0,2026-06-30
CHN005829,CUS005829,Not Churn,0.0489,Low,Synthetic Churn Risk Model,1.0,2026-06-30
CHN005830,CUS005830,Not Churn,0.0376,Low,Synthetic Churn Risk Model,1.0,2026-06-30
CHN005831,CUS005831,Not Churn,0.1015,Low,Synthetic Churn Risk Model,1.0,2026-06-30
CHN005832,CUS005832,Not Churn,0.0277,Low,Synthetic Churn Risk Model,1.0,2026-06-30
CHN005833,CUS005833,Not Churn,0.0663,Low,Synthetic Churn Risk Model,1.0,2026-06-30
CHN005834,CUS005834,Not Churn,0.1433,Low,Synthetic Churn Risk Model,1.0,2026-06-30
CHN005835,CUS005835,Not Churn,0.0476,Low,Synthetic Churn Risk Model,1.0,2026-06-30
CHN005836,CUS005836,Not Churn,0.0322,Low,Synthetic Churn Risk Model,1.0,2026-06-30
CHN005837,CUS005837,Not Churn,0.0446,Low,Synthetic Churn Risk Model,1.0,2026-06-30
CHN005838,CUS005838,Not Churn,0.0476,Low,Synthetic Churn Risk Model,1.0,2026-06-30
CHN005839,CUS005839,Not Churn,0.0249,Low,Synthetic Churn Risk Model,1.0,2026-06-30
CHN005840,CUS005840,Not Churn,0.4154,Medium,Synthetic Churn Risk Model,1.0,2026-06-30
CHN005841,CUS005841,Not Churn,0.1051,Low,Synthetic Churn Risk Model,1.0,2026-06-30
CHN005842,CUS005842,Not Churn,0.0331,Low,Synthetic Churn Risk Model,1.0,2026-06-30
CHN005843,CUS005843,Not Churn,0.0065,Low,Synthetic Churn Risk Model,1.0,2026-06-30
CHN005844,CUS005844,Not Churn,0.0311,Low,Synthetic Churn Risk Model,1.0,2026-06-30
CHN005845,CUS005845,Not Churn,0.4535,Medium,Synthetic Churn Risk Model,1.0,2026-06-30
CHN005846,CUS005846,Not Churn,0.4237,Medium,Synthetic Churn Risk Model,1.0,2026-06-30
CHN005847,CUS005847,Not Churn,0.0314,Low,Synthetic Churn Risk Model,1.0,2026-06-30
CHN005848,CUS005848,Not Churn,0.1088,Low,Synthetic Churn Risk Model,1.0,2026-06-30
CHN005849,CUS005849,Not Churn,0.105,Low,Synthetic Churn Risk Model,1.0,2026-06-30
CHN005850,CUS005850,Not Churn,0.0134,Low,Synthetic Churn Risk Model,1.0,2026-06-30
CHN005851,CUS005851,Not Churn,0.4281,Medium,Synthetic Churn Risk Model,1.0,2026-06-30
CHN005852,CUS005852,Not Churn,0.4008,Medium,Synthetic Churn Risk Model,1.0,2026-06-30
CHN005853,CUS005853,Not Churn,0.4068,Medium,Synthetic Churn Risk Model,1.0,2026-06-30
CHN005854,CUS005854,Not Churn,0.4274,Medium,Synthetic Churn Risk Model,1.0,2026-06-30
CHN005855,CUS005855,Not Churn,0.4144,Medium,Synthetic Churn Risk Model,1.0,2026-06-30
CHN005856,CUS005856,Not Churn,0.1639,Low,Synthetic Churn Risk Model,1.0,2026-06-30
CHN005857,CUS005857,Not Churn,0.4236,Medium,Synthetic Churn Risk Model,1.0,2026-06-30
CHN005858,CUS005858,Not Churn,0.0171,Low,Synthetic Churn Risk Model,1.0,2026-06-30
CHN005859,CUS005859,Not Churn,0.0932,Low,Synthetic Churn Risk Model,1.0,2026-06-30
CHN005860,CUS005860,Not Churn,0.0559,Low,Synthetic Churn Risk Model,1.0,2026-06-30
CHN005861,CUS005861,Not Churn,0.4167,Medium,Synthetic Churn Risk Model,1.0,2026-06-30
CHN005862,CUS005862,Not Churn,0.1376,Low,Synthetic Churn Risk Model,1.0,2026-06-30
CHN005863,CUS005863,Not Churn,0.181,Low,Synthetic Churn Risk Model,1.0,2026-06-30
CHN005864,CUS005864,Not Churn,0.0401,Low,Synthetic Churn Risk Model,1.0,2026-06-30
CHN005865,CUS005865,Not Churn,0.1844,Low,Synthetic Churn Risk Model,1.0,2026-06-30
CHN005866,CUS005866,Not Churn,0.4179,Medium,Synthetic Churn Risk Model,1.0,2026-06-30
CHN005867,CUS005867,Not Churn,0.4228,Medium,Synthetic Churn Risk Model,1.0,2026-06-30
CHN005868,CUS005868,Not Churn,0.0907,Low,Synthetic Churn Risk Model,1.0,2026-06-30
CHN005869,CUS005869,Not Churn,0.1057,Low,Synthetic Churn Risk Model,1.0,2026-06-30
CHN005870,CUS005870,Not Churn,0.4088,Medium,Synthetic Churn Risk Model,1.0,2026-06-30
CHN005871,CUS005871,Not Churn,0.1462,Low,Synthetic Churn Risk Model,1.0,2026-06-30
CHN005872,CUS005872,Not Churn,0.1354,Low,Synthetic Churn Risk Model,1.0,2026-06-30
CHN005873,CUS005873,Not Churn,0.054,Low,Synthetic Churn Risk Model,1.0,2026-06-30
CHN005874,CUS005874,Not Churn,0.4322,Medium,Synthetic Churn Risk Model,1.0,2026-06-30
CHN005875,CUS005875,Not Churn,0.2079,Low,Synthetic Churn Risk Model,1.0,2026-06-30
CHN005876,CUS005876,Not Churn,0.425,Medium,Synthetic Churn Risk Model,1.0,2026-06-30
CHN005877,CUS005877,Not Churn,0.2784,Low,Synthetic Churn Risk Model,1.0,2026-06-30
CHN005878,CUS005878,Not Churn,0.2914,Low,Synthetic Churn Risk Model,1.0,2026-06-30
CHN005879,CUS005879,Not Churn,0.1302,Low,Synthetic Churn Risk Model,1.0,2026-06-30
CHN005880,CUS005880,Not Churn,0.0513,Low,Synthetic Churn Risk Model,1.0,2026-06-30
CHN005881,CUS005881,Not Churn,0.0316,Low,Synthetic Churn Risk Model,1.0,2026-06-30
CHN005882,CUS005882,Not Churn,0.0396,Low,Synthetic Churn Risk Model,1.0,2026-06-30
CHN005883,CUS005883,Not Churn,0.0373,Low,Synthetic Churn Risk Model,1.0,2026-06-30
CHN005884,CUS005884,Not Churn,0.0291,Low,Synthetic Churn Risk Model,1.0,2026-06-30
CHN005885,CUS005885,Not Churn,0.4156,Medium,Synthetic Churn Risk Model,1.0,2026-06-30
CHN005886,CUS005886,Not Churn,0.2078,Low,Synthetic Churn Risk Model,1.0,2026-06-30
CHN005887,CUS005887,Not Churn,0.1426,Low,Synthetic Churn Risk Model,1.0,2026-06-30
CHN005888,CUS005888,Not Churn,0.4089,Medium,Synthetic Churn Risk Model,1.0,2026-06-30
CHN005889,CUS005889,Not Churn,0.4131,Medium,Synthetic Churn Risk Model,1.0,2026-06-30
CHN005890,CUS005890,Not Churn,0.1318,Low,Synthetic Churn Risk Model,1.0,2026-06-30
CHN005891,CUS005891,Not Churn,0.0196,Low,Synthetic Churn Risk Model,1.0,2026-06-30
CHN005892,CUS005892,Not Churn,0.042,Low,Synthetic Churn Risk Model,1.0,2026-06-30
CHN005893,CUS005893,Not Churn,0.1362,Low,Synthetic Churn Risk Model,1.0,2026-06-30
CHN005894,CUS005894,Not Churn,0.0569,Low,Synthetic Churn Risk Model,1.0,2026-06-30
CHN005895,CUS005895,Not Churn,0.0611,Low,Synthetic Churn Risk Model,1.0,2026-06-30
CHN005896,CUS005896,Not Churn,0.0297,Low,Synthetic Churn Risk Model,1.0,2026-06-30
CHN005897,CUS005897,Not Churn,0.1755,Low,Synthetic Churn Risk Model,1.0,2026-06-30
CHN005898,CUS005898,Not Churn,0.0454,Low,Synthetic Churn Risk Model,1.0,2026-06-30
CHN005899,CUS005899,Not Churn,0.1944,Low,Synthetic Churn Risk Model,1.0,2026-06-30
CHN005900,CUS005900,Not Churn,0.175,Low,Synthetic Churn Risk Model,1.0,2026-06-30
CHN005901,CUS005901,Not Churn,0.4338,Medium,Synthetic Churn Risk Model,1.0,2026-06-30
CHN005902,CUS005902,Not Churn,0.0514,Low,Synthetic Churn Risk Model,1.0,2026-06-30
CHN005903,CUS005903,Not Churn,0.4075,Medium,Synthetic Churn Risk Model,1.0,2026-06-30
CHN005904,CUS005904,Not Churn,0.4087,Medium,Synthetic Churn Risk Model,1.0,2026-06-30
CHN005905,CUS005905,Not Churn,0.0272,Low,Synthetic Churn Risk Model,1.0,2026-06-30
CHN005906,CUS005906,Not Churn,0.1855,Low,Synthetic Churn Risk Model,1.0,2026-06-30
CHN005907,CUS005907,Not Churn,0.0446,Low,Synthetic Churn Risk Model,1.0,2026-06-30
CHN005908,CUS005908,Not Churn,0.0405,Low,Synthetic Churn Risk Model,1.0,2026-06-30
CHN005909,CUS005909,Not Churn,0.02,Low,Synthetic Churn Risk Model,1.0,2026-06-30
CHN005910,CUS005910,Not Churn,0.0298,Low,Synthetic Churn Risk Model,1.0,2026-06-30
CHN005911,CUS005911,Not Churn,0.4402,Medium,Synthetic Churn Risk Model,1.0,2026-06-30
CHN005912,CUS005912,Not Churn,0.4033,Medium,Synthetic Churn Risk Model,1.0,2026-06-30
CHN005913,CUS005913,Not Churn,0.1205,Low,Synthetic Churn Risk Model,1.0,2026-06-30
CHN005914,CUS005914,Not Churn,0.4118,Medium,Synthetic Churn Risk Model,1.0,2026-06-30
CHN005915,CUS005915,Not Churn,0.3965,Medium,Synthetic Churn Risk Model,1.0,2026-06-30
CHN005916,CUS005916,Not Churn,0.4132,Medium,Synthetic Churn Risk Model,1.0,2026-06-30
CHN005917,CUS005917,Not Churn,0.2942,Low,Synthetic Churn Risk Model,1.0,2026-06-30
CHN005918,CUS005918,Not Churn,0.0246,Low,Synthetic Churn Risk Model,1.0,2026-06-30
CHN005919,CUS005919,Not Churn,0.2446,Low,Synthetic Churn Risk Model,1.0,2026-06-30
CHN005920,CUS005920,Not Churn,0.0342,Low,Synthetic Churn Risk Model,1.0,2026-06-30
CHN005921,CUS005921,Not Churn,0.1279,Low,Synthetic Churn Risk Model,1.0,2026-06-30
CHN005922,CUS005922,Not Churn,0.1565,Low,Synthetic Churn Risk Model,1.0,2026-06-30
CHN005923,CUS005923,Not Churn,0.395,Medium,Synthetic Churn Risk Model,1.0,2026-06-30
CHN005924,CUS005924,Not Churn,0.1012,Low,Synthetic Churn Risk Model,1.0,2026-06-30
CHN005925,CUS005925,Not Churn,0.0583,Low,Synthetic Churn Risk Model,1.0,2026-06-30
CHN005926,CUS005926,Not Churn,0.1972,Low,Synthetic Churn Risk Model,1.0,2026-06-30
CHN005927,CUS005927,Not Churn,0.5253,Medium,Synthetic Churn Risk Model,1.0,2026-06-30
CHN005928,CUS005928,Not Churn,0.3587,Medium,Synthetic Churn Risk Model,1.0,2026-06-30
CHN005929,CUS005929,Not Churn,0.0834,Low,Synthetic Churn Risk Model,1.0,2026-06-30
CHN005930,CUS005930,Not Churn,0.0759,Low,Synthetic Churn Risk Model,1.0,2026-06-30
CHN005931,CUS005931,Not Churn,0.4308,Medium,Synthetic Churn Risk Model,1.0,2026-06-30
CHN005932,CUS005932,Not Churn,0.4112,Medium,Synthetic Churn Risk Model,1.0,2026-06-30
CHN005933,CUS005933,Not Churn,0.1708,Low,Synthetic Churn Risk Model,1.0,2026-06-30
CHN005934,CUS005934,Not Churn,0.0636,Low,Synthetic Churn Risk Model,1.0,2026-06-30
CHN005935,CUS005935,Not Churn,0.0431,Low,Synthetic Churn Risk Model,1.0,2026-06-30
CHN005936,CUS005936,Not Churn,0.2675,Low,Synthetic Churn Risk Model,1.0,2026-06-30
CHN005937,CUS005937,Not Churn,0.4144,Medium,Synthetic Churn Risk Model,1.0,2026-06-30
CHN005938,CUS005938,Not Churn,0.4015,Medium,Synthetic Churn Risk Model,1.0,2026-06-30
CHN005939,CUS005939,Not Churn,0.0282,Low,Synthetic Churn Risk Model,1.0,2026-06-30
CHN005940,CUS005940,Not Churn,0.0503,Low,Synthetic Churn Risk Model,1.0,2026-06-30
CHN005941,CUS005941,Not Churn,0.0495,Low,Synthetic Churn Risk Model,1.0,2026-06-30
CHN005942,CUS005942,Not Churn,0.0172,Low,Synthetic Churn Risk Model,1.0,2026-06-30
CHN005943,CUS005943,Not Churn,0.4021,Medium,Synthetic Churn Risk Model,1.0,2026-06-30
CHN005944,CUS005944,Not Churn,0.439,Medium,Synthetic Churn Risk Model,1.0,2026-06-30
CHN005945,CUS005945,Not Churn,0.4078,Medium,Synthetic Churn Risk Model,1.0,2026-06-30
CHN005946,CUS005946,Not Churn,0.2725,Low,Synthetic Churn Risk Model,1.0,2026-06-30
CHN005947,CUS005947,Not Churn,0.0965,Low,Synthetic Churn Risk Model,1.0,2026-06-30
CHN005948,CUS005948,Not Churn,0.0408,Low,Synthetic Churn Risk Model,1.0,2026-06-30
CHN005949,CUS005949,Not Churn,0.4115,Medium,Synthetic Churn Risk Model,1.0,2026-06-30
CHN005950,CUS005950,Not Churn,0.1163,Low,Synthetic Churn Risk Model,1.0,2026-06-30
CHN005951,CUS005951,Not Churn,0.0737,Low,Synthetic Churn Risk Model,1.0,2026-06-30
CHN005952,CUS005952,Not Churn,0.1835,Low,Synthetic Churn Risk Model,1.0,2026-06-30
CHN005953,CUS005953,Not Churn,0.102,Low,Synthetic Churn Risk Model,1.0,2026-06-30
CHN005954,CUS005954,Not Churn,0.0683,Low,Synthetic Churn Risk Model,1.0,2026-06-30
CHN005955,CUS005955,Not Churn,0.0214,Low,Synthetic Churn Risk Model,1.0,2026-06-30
CHN005956,CUS005956,Not Churn,0.1398,Low,Synthetic Churn Risk Model,1.0,2026-06-30
CHN005957,CUS005957,Not Churn,0.0332,Low,Synthetic Churn Risk Model,1.0,2026-06-30
CHN005958,CUS005958,Not Churn,0.1219,Low,Synthetic Churn Risk Model,1.0,2026-06-30
CHN005959,CUS005959,Not Churn,0.406,Medium,Synthetic Churn Risk Model,1.0,2026-06-30
CHN005960,CUS005960,Not Churn,0.0564,Low,Synthetic Churn Risk Model,1.0,2026-06-30
CHN005961,CUS005961,Not Churn,0.0485,Low,Synthetic Churn Risk Model,1.0,2026-06-30
CHN005962,CUS005962,Not Churn,0.0205,Low,Synthetic Churn Risk Model,1.0,2026-06-30
CHN005963,CUS005963,Not Churn,0.3921,Medium,Synthetic Churn Risk Model,1.0,2026-06-30
CHN005964,CUS005964,Not Churn,0.0286,Low,Synthetic Churn Risk Model,1.0,2026-06-30
CHN005965,CUS005965,Not Churn,0.1597,Low,Synthetic Churn Risk Model,1.0,2026-06-30
CHN005966,CUS005966,Not Churn,0.0229,Low,Synthetic Churn Risk Model,1.0,2026-06-30
CHN005967,CUS005967,Not Churn,0.4211,Medium,Synthetic Churn Risk Model,1.0,2026-06-30
CHN005968,CUS005968,Not Churn,0.0997,Low,Synthetic Churn Risk Model,1.0,2026-06-30
CHN005969,CUS005969,Not Churn,0.4306,Medium,Synthetic Churn Risk Model,1.0,2026-06-30
CHN005970,CUS005970,Not Churn,0.0039,Low,Synthetic Churn Risk Model,1.0,2026-06-30
CHN005971,CUS005971,Not Churn,0.4448,Medium,Synthetic Churn Risk Model,1.0,2026-06-30
CHN005972,CUS005972,Not Churn,0.4539,Medium,Synthetic Churn Risk Model,1.0,2026-06-30
CHN005973,CUS005973,Not Churn,0.4045,Medium,Synthetic Churn Risk Model,1.0,2026-06-30
CHN005974,CUS005974,Not Churn,0.2411,Low,Synthetic Churn Risk Model,1.0,2026-06-30
CHN005975,CUS005975,Not Churn,0.0358,Low,Synthetic Churn Risk Model,1.0,2026-06-30
CHN005976,CUS005976,Not Churn,0.0824,Low,Synthetic Churn Risk Model,1.0,2026-06-30
CHN005977,CUS005977,Not Churn,0.4279,Medium,Synthetic Churn Risk Model,1.0,2026-06-30
CHN005978,CUS005978,Not Churn,0.0079,Low,Synthetic Churn Risk Model,1.0,2026-06-30
CHN005979,CUS005979,Not Churn,0.0842,Low,Synthetic Churn Risk Model,1.0,2026-06-30
CHN005980,CUS005980,Not Churn,0.0787,Low,Synthetic Churn Risk Model,1.0,2026-06-30
CHN005981,CUS005981,Not Churn,0.028,Low,Synthetic Churn Risk Model,1.0,2026-06-30
CHN005982,CUS005982,Not Churn,0.4172,Medium,Synthetic Churn Risk Model,1.0,2026-06-30
CHN005983,CUS005983,Not Churn,0.0656,Low,Synthetic Churn Risk Model,1.0,2026-06-30
CHN005984,CUS005984,Not Churn,0.0402,Low,Synthetic Churn Risk Model,1.0,2026-06-30
CHN005985,CUS005985,Not Churn,0.4982,Medium,Synthetic Churn Risk Model,1.0,2026-06-30
CHN005986,CUS005986,Not Churn,0.3922,Medium,Synthetic Churn Risk Model,1.0,2026-06-30
CHN005987,CUS005987,Not Churn,0.131,Low,Synthetic Churn Risk Model,1.0,2026-06-30
CHN005988,CUS005988,Not Churn,0.1092,Low,Synthetic Churn Risk Model,1.0,2026-06-30
CHN005989,CUS005989,Not Churn,0.4082,Medium,Synthetic Churn Risk Model,1.0,2026-06-30
CHN005990,CUS005990,Not Churn,0.4,Medium,Synthetic Churn Risk Model,1.0,2026-06-30
CHN005991,CUS005991,Not Churn,0.4499,Medium,Synthetic Churn Risk Model,1.0,2026-06-30
CHN005992,CUS005992,Not Churn,0.0318,Low,Synthetic Churn Risk Model,1.0,2026-06-30
CHN005993,CUS005993,Not Churn,0.046,Low,Synthetic Churn Risk Model,1.0,2026-06-30
CHN005994,CUS005994,Not Churn,0.0148,Low,Synthetic Churn Risk Model,1.0,2026-06-30
CHN005995,CUS005995,Not Churn,0.1477,Low,Synthetic Churn Risk Model,1.0,2026-06-30
CHN005996,CUS005996,Not Churn,0.1993,Low,Synthetic Churn Risk Model,1.0,2026-06-30
CHN005997,CUS005997,Not Churn,0.0681,Low,Synthetic Churn Risk Model,1.0,2026-06-30
CHN005998,CUS005998,Not Churn,0.0296,Low,Synthetic Churn Risk Model,1.0,2026-06-30
CHN005999,CUS005999,Not Churn,0.4315,Medium,Synthetic Churn Risk Model,1.0,2026-06-30
CHN006000,CUS006000,Not Churn,0.1231,Low,Synthetic Churn Risk Model,1.0,2026-06-30
CHN006001,CUS006001,Not Churn,0.4115,Medium,Synthetic Churn Risk Model,1.0,2026-06-30
CHN006002,CUS006002,Not Churn,0.419,Medium,Synthetic Churn Risk Model,1.0,2026-06-30
CHN006003,CUS006003,Not Churn,0.0881,Low,Synthetic Churn Risk Model,1.0,2026-06-30
CHN006004,CUS006004,Not Churn,0.4192,Medium,Synthetic Churn Risk Model,1.0,2026-06-30
CHN006005,CUS006005,Not Churn,0.2337,Low,Synthetic Churn Risk Model,1.0,2026-06-30
CHN006006,CUS006006,Not Churn,0.0435,Low,Synthetic Churn Risk Model,1.0,2026-06-30
CHN006007,CUS006007,Not Churn,0.1,Low,Synthetic Churn Risk Model,1.0,2026-06-30
CHN006008,CUS006008,Not Churn,0.1688,Low,Synthetic Churn Risk Model,1.0,2026-06-30
CHN006009,CUS006009,Not Churn,0.0804,Low,Synthetic Churn Risk Model,1.0,2026-06-30
CHN006010,CUS006010,Not Churn,0.0576,Low,Synthetic Churn Risk Model,1.0,2026-06-30
CHN006011,CUS006011,Not Churn,0.21,Low,Synthetic Churn Risk Model,1.0,2026-06-30
CHN006012,CUS006012,Not Churn,0.059,Low,Synthetic Churn Risk Model,1.0,2026-06-30
CHN006013,CUS006013,Not Churn,0.4303,Medium,Synthetic Churn Risk Model,1.0,2026-06-30
CHN006014,CUS006014,Not Churn,0.0582,Low,Synthetic Churn Risk Model,1.0,2026-06-30
CHN006015,CUS006015,Not Churn,0.4091,Medium,Synthetic Churn Risk Model,1.0,2026-06-30
CHN006016,CUS006016,Not Churn,0.0957,Low,Synthetic Churn Risk Model,1.0,2026-06-30
CHN006017,CUS006017,Not Churn,0.4016,Medium,Synthetic Churn Risk Model,1.0,2026-06-30
CHN006018,CUS006018,Not Churn,0.0294,Low,Synthetic Churn Risk Model,1.0,2026-06-30
CHN006019,CUS006019,Not Churn,0.1147,Low,Synthetic Churn Risk Model,1.0,2026-06-30
CHN006020,CUS006020,Not Churn,0.0692,Low,Synthetic Churn Risk Model,1.0,2026-06-30
CHN006021,CUS006021,Not Churn,0.273,Low,Synthetic Churn Risk Model,1.0,2026-06-30
CHN006022,CUS006022,Not Churn,0.0959,Low,Synthetic Churn Risk Model,1.0,2026-06-30
CHN006023,CUS006023,Not Churn,0.1328,Low,Synthetic Churn Risk Model,1.0,2026-06-30
CHN006024,CUS006024,Not Churn,0.0904,Low,Synthetic Churn Risk Model,1.0,2026-06-30
CHN006025,CUS006025,Not Churn,0.4141,Medium,Synthetic Churn Risk Model,1.0,2026-06-30
CHN006026,CUS006026,Not Churn,0.4598,Medium,Synthetic Churn Risk Model,1.0,2026-06-30
CHN006027,CUS006027,Not Churn,0.09,Low,Synthetic Churn Risk Model,1.0,2026-06-30
CHN006028,CUS006028,Not Churn,0.1675,Low,Synthetic Churn Risk Model,1.0,2026-06-30
CHN006029,CUS006029,Not Churn,0.1768,Low,Synthetic Churn Risk Model,1.0,2026-06-30
CHN006030,CUS006030,Not Churn,0.4304,Medium,Synthetic Churn Risk Model,1.0,2026-06-30
CHN006031,CUS006031,Not Churn,0.119,Low,Synthetic Churn Risk Model,1.0,2026-06-30
CHN006032,CUS006032,Not Churn,0.0573,Low,Synthetic Churn Risk Model,1.0,2026-06-30
CHN006033,CUS006033,Not Churn,0.0398,Low,Synthetic Churn Risk Model,1.0,2026-06-30
CHN006034,CUS006034,Not Churn,0.3523,Medium,Synthetic Churn Risk Model,1.0,2026-06-30
CHN006035,CUS006035,Not Churn,0.1034,Low,Synthetic Churn Risk Model,1.0,2026-06-30
CHN006036,CUS006036,Not Churn,0.2331,Low,Synthetic Churn Risk Model,1.0,2026-06-30
CHN006037,CUS006037,Not Churn,0.0363,Low,Synthetic Churn Risk Model,1.0,2026-06-30
CHN006038,CUS006038,Not Churn,0.0288,Low,Synthetic Churn Risk Model,1.0,2026-06-30
CHN006039,CUS006039,Not Churn,0.4139,Medium,Synthetic Churn Risk Model,1.0,2026-06-30
CHN006040,CUS006040,Not Churn,0.226,Low,Synthetic Churn Risk Model,1.0,2026-06-30
CHN006041,CUS006041,Not Churn,0.4045,Medium,Synthetic Churn Risk Model,1.0,2026-06-30
CHN006042,CUS006042,Not Churn,0.0546,Low,Synthetic Churn Risk Model,1.0,2026-06-30
CHN006043,CUS006043,Not Churn,0.0412,Low,Synthetic Churn Risk Model,1.0,2026-06-30
CHN006044,CUS006044,Not Churn,0.1823,Low,Synthetic Churn Risk Model,1.0,2026-06-30
CHN006045,CUS006045,Not Churn,0.0959,Low,Synthetic Churn Risk Model,1.0,2026-06-30
CHN006046,CUS006046,Not Churn,0.027,Low,Synthetic Churn Risk Model,1.0,2026-06-30
CHN006047,CUS006047,Not Churn,0.1732,Low,Synthetic Churn Risk Model,1.0,2026-06-30
CHN006048,CUS006048,Not Churn,0.0214,Low,Synthetic Churn Risk Model,1.0,2026-06-30
CHN006049,CUS006049,Not Churn,0.0392,Low,Synthetic Churn Risk Model,1.0,2026-06-30
CHN006050,CUS006050,Not Churn,0.0294,Low,Synthetic Churn Risk Model,1.0,2026-06-30
CHN006051,CUS006051,Not Churn,0.0975,Low,Synthetic Churn Risk Model,1.0,2026-06-30
CHN006052,CUS006052,Not Churn,0.0095,Low,Synthetic Churn Risk Model,1.0,2026-06-30
CHN006053,CUS006053,Not Churn,0.1816,Low,Synthetic Churn Risk Model,1.0,2026-06-30
CHN006054,CUS006054,Not Churn,0.0516,Low,Synthetic Churn Risk Model,1.0,2026-06-30
CHN006055,CUS006055,Not Churn,0.1596,Low,Synthetic Churn Risk Model,1.0,2026-06-30
CHN006056,CUS006056,Not Churn,0.0062,Low,Synthetic Churn Risk Model,1.0,2026-06-30
CHN006057,CUS006057,Not Churn,0.0314,Low,Synthetic Churn Risk Model,1.0,2026-06-30
CHN006058,CUS006058,Not Churn,0.1056,Low,Synthetic Churn Risk Model,1.0,2026-06-30
CHN006059,CUS006059,Not Churn,0.4162,Medium,Synthetic Churn Risk Model,1.0,2026-06-30
CHN006060,CUS006060,Not Churn,0.0524,Low,Synthetic Churn Risk Model,1.0,2026-06-30
CHN006061,CUS006061,Not Churn,0.0698,Low,Synthetic Churn Risk Model,1.0,2026-06-30
CHN006062,CUS006062,Not Churn,0.0119,Low,Synthetic Churn Risk Model,1.0,2026-06-30
CHN006063,CUS006063,Not Churn,0.4075,Medium,Synthetic Churn Risk Model,1.0,2026-06-30
CHN006064,CUS006064,Not Churn,0.2706,Low,Synthetic Churn Risk Model,1.0,2026-06-30
CHN006065,CUS006065,Not Churn,0.0773,Low,Synthetic Churn Risk Model,1.0,2026-06-30
CHN006066,CUS006066,Not Churn,0.086,Low,Synthetic Churn Risk Model,1.0,2026-06-30
CHN006067,CUS006067,Not Churn,0.3647,Medium,Synthetic Churn Risk Model,1.0,2026-06-30
CHN006068,CUS006068,Not Churn,0.0697,Low,Synthetic Churn Risk Model,1.0,2026-06-30
CHN006069,CUS006069,Not Churn,0.0053,Low,Synthetic Churn Risk Model,1.0,2026-06-30
CHN006070,CUS006070,Not Churn,0.1894,Low,Synthetic Churn Risk Model,1.0,2026-06-30
CHN006071,CUS006071,Not Churn,0.0962,Low,Synthetic Churn Risk Model,1.0,2026-06-30
CHN006072,CUS006072,Not Churn,0.4092,Medium,Synthetic Churn Risk Model,1.0,2026-06-30
CHN006073,CUS006073,Not Churn,0.1641,Low,Synthetic Churn Risk Model,1.0,2026-06-30
CHN006074,CUS006074,Not Churn,0.4165,Medium,Synthetic Churn Risk Model,1.0,2026-06-30
CHN006075,CUS006075,Not Churn,0.0983,Low,Synthetic Churn Risk Model,1.0,2026-06-30
CHN006076,CUS006076,Not Churn,0.1347,Low,Synthetic Churn Risk Model,1.0,2026-06-30
CHN006077,CUS006077,Not Churn,0.0689,Low,Synthetic Churn Risk Model,1.0,2026-06-30
CHN006078,CUS006078,Not Churn,0.414,Medium,Synthetic Churn Risk Model,1.0,2026-06-30
CHN006079,CUS006079,Not Churn,0.0231,Low,Synthetic Churn Risk Model,1.0,2026-06-30
CHN006080,CUS006080,Not Churn,0.0701,Low,Synthetic Churn Risk Model,1.0,2026-06-30
CHN006081,CUS006081,Not Churn,0.4378,Medium,Synthetic Churn Risk Model,1.0,2026-06-30
CHN006082,CUS006082,Not Churn,0.0383,Low,Synthetic Churn Risk Model,1.0,2026-06-30
CHN006083,CUS006083,Not Churn,0.4042,Medium,Synthetic Churn Risk Model,1.0,2026-06-30
CHN006084,CUS006084,Not Churn,0.4275,Medium,Synthetic Churn Risk Model,1.0,2026-06-30
CHN006085,CUS006085,Not Churn,0.1272,Low,Synthetic Churn Risk Model,1.0,2026-06-30
CHN006086,CUS006086,Not Churn,0.1615,Low,Synthetic Churn Risk Model,1.0,2026-06-30
CHN006087,CUS006087,Not Churn,0.0919,Low,Synthetic Churn Risk Model,1.0,2026-06-30
CHN006088,CUS006088,Not Churn,0.1133,Low,Synthetic Churn Risk Model,1.0,2026-06-30
CHN006089,CUS006089,Not Churn,0.4058,Medium,Synthetic Churn Risk Model,1.0,2026-06-30
CHN006090,CUS006090,Not Churn,0.1257,Low,Synthetic Churn Risk Model,1.0,2026-06-30
CHN006091,CUS006091,Not Churn,0.0781,Low,Synthetic Churn Risk Model,1.0,2026-06-30
CHN006092,CUS006092,Not Churn,0.0568,Low,Synthetic Churn Risk Model,1.0,2026-06-30
CHN006093,CUS006093,Not Churn,0.0426,Low,Synthetic Churn Risk Model,1.0,2026-06-30
CHN006094,CUS006094,Not Churn,0.4252,Medium,Synthetic Churn Risk Model,1.0,2026-06-30
CHN006095,CUS006095,Not Churn,0.2203,Low,Synthetic Churn Risk Model,1.0,2026-06-30
CHN006096,CUS006096,Not Churn,0.038,Low,Synthetic Churn Risk Model,1.0,2026-06-30
CHN006097,CUS006097,Not Churn,0.0747,Low,Synthetic Churn Risk Model,1.0,2026-06-30
CHN006098,CUS006098,Not Churn,0.132,Low,Synthetic Churn Risk Model,1.0,2026-06-30
CHN006099,CUS006099,Not Churn,0.059,Low,Synthetic Churn Risk Model,1.0,2026-06-30
CHN006100,CUS006100,Not Churn,0.0506,Low,Synthetic Churn Risk Model,1.0,2026-06-30
CHN006101,CUS006101,Not Churn,0.2453,Low,Synthetic Churn Risk Model,1.0,2026-06-30
CHN006102,CUS006102,Not Churn,0.0185,Low,Synthetic Churn Risk Model,1.0,2026-06-30
CHN006103,CUS006103,Not Churn,0.1309,Low,Synthetic Churn Risk Model,1.0,2026-06-30
CHN006104,CUS006104,Not Churn,0.0825,Low,Synthetic Churn Risk Model,1.0,2026-06-30
CHN006105,CUS006105,Not Churn,0.0436,Low,Synthetic Churn Risk Model,1.0,2026-06-30
CHN006106,CUS006106,Not Churn,0.4267,Medium,Synthetic Churn Risk Model,1.0,2026-06-30
CHN006107,CUS006107,Not Churn,0.0544,Low,Synthetic Churn Risk Model,1.0,2026-06-30
CHN006108,CUS006108,Not Churn,0.0473,Low,Synthetic Churn Risk Model,1.0,2026-06-30
CHN006109,CUS006109,Not Churn,0.0266,Low,Synthetic Churn Risk Model,1.0,2026-06-30
CHN006110,CUS006110,Not Churn,0.1486,Low,Synthetic Churn Risk Model,1.0,2026-06-30
CHN006111,CUS006111,Not Churn,0.4193,Medium,Synthetic Churn Risk Model,1.0,2026-06-30
CHN006112,CUS006112,Not Churn,0.0573,Low,Synthetic Churn Risk Model,1.0,2026-06-30
CHN006113,CUS006113,Not Churn,0.1302,Low,Synthetic Churn Risk Model,1.0,2026-06-30
CHN006114,CUS006114,Not Churn,0.0166,Low,Synthetic Churn Risk Model,1.0,2026-06-30
CHN006115,CUS006115,Not Churn,0.4138,Medium,Synthetic Churn Risk Model,1.0,2026-06-30
CHN006116,CUS006116,Not Churn,0.2384,Low,Synthetic Churn Risk Model,1.0,2026-06-30
CHN006117,CUS006117,Not Churn,0.0374,Low,Synthetic Churn Risk Model,1.0,2026-06-30
CHN006118,CUS006118,Not Churn,0.404,Medium,Synthetic Churn Risk Model,1.0,2026-06-30
CHN006119,CUS006119,Not Churn,0.0345,Low,Synthetic Churn Risk Model,1.0,2026-06-30
CHN006120,CUS006120,Not Churn,0.1046,Low,Synthetic Churn Risk Model,1.0,2026-06-30
CHN006121,CUS006121,Not Churn,0.0458,Low,Synthetic Churn Risk Model,1.0,2026-06-30
CHN006122,CUS006122,Not Churn,0.1313,Low,Synthetic Churn Risk Model,1.0,2026-06-30
CHN006123,CUS006123,Not Churn,0.062,Low,Synthetic Churn Risk Model,1.0,2026-06-30
CHN006124,CUS006124,Not Churn,0.4143,Medium,Synthetic Churn Risk Model,1.0,2026-06-30
CHN006125,CUS006125,Not Churn,0.1542,Low,Synthetic Churn Risk Model,1.0,2026-06-30
CHN006126,CUS006126,Not Churn,0.0223,Low,Synthetic Churn Risk Model,1.0,2026-06-30
CHN006127,CUS006127,Not Churn,0.3996,Medium,Synthetic Churn Risk Model,1.0,2026-06-30
CHN006128,CUS006128,Not Churn,0.1961,Low,Synthetic Churn Risk Model,1.0,2026-06-30
CHN006129,CUS006129,Not Churn,0.0529,Low,Synthetic Churn Risk Model,1.0,2026-06-30
CHN006130,CUS006130,Not Churn,0.0414,Low,Synthetic Churn Risk Model,1.0,2026-06-30
CHN006131,CUS006131,Not Churn,0.1942,Low,Synthetic Churn Risk Model,1.0,2026-06-30
CHN006132,CUS006132,Not Churn,0.0861,Low,Synthetic Churn Risk Model,1.0,2026-06-30
CHN006133,CUS006133,Not Churn,0.0639,Low,Synthetic Churn Risk Model,1.0,2026-06-30
CHN006134,CUS006134,Not Churn,0.0517,Low,Synthetic Churn Risk Model,1.0,2026-06-30
CHN006135,CUS006135,Not Churn,0.0215,Low,Synthetic Churn Risk Model,1.0,2026-06-30
CHN006136,CUS006136,Not Churn,0.4069,Medium,Synthetic Churn Risk Model,1.0,2026-06-30
CHN006137,CUS006137,Not Churn,0.4127,Medium,Synthetic Churn Risk Model,1.0,2026-06-30
CHN006138,CUS006138,Not Churn,0.0192,Low,Synthetic Churn Risk Model,1.0,2026-06-30
CHN006139,CUS006139,Not Churn,0.4005,Medium,Synthetic Churn Risk Model,1.0,2026-06-30
CHN006140,CUS006140,Not Churn,0.1956,Low,Synthetic Churn Risk Model,1.0,2026-06-30
CHN006141,CUS006141,Not Churn,0.2144,Low,Synthetic Churn Risk Model,1.0,2026-06-30
CHN006142,CUS006142,Not Churn,0.1879,Low,Synthetic Churn Risk Model,1.0,2026-06-30
CHN006143,CUS006143,Not Churn,0.0982,Low,Synthetic Churn Risk Model,1.0,2026-06-30
CHN006144,CUS006144,Not Churn,0.0675,Low,Synthetic Churn Risk Model,1.0,2026-06-30
CHN006145,CUS006145,Not Churn,0.4105,Medium,Synthetic Churn Risk Model,1.0,2026-06-30
CHN006146,CUS006146,Not Churn,0.0867,Low,Synthetic Churn Risk Model,1.0,2026-06-30
CHN006147,CUS006147,Not Churn,0.3071,Medium,Synthetic Churn Risk Model,1.0,2026-06-30
CHN006148,CUS006148,Not Churn,0.0199,Low,Synthetic Churn Risk Model,1.0,2026-06-30
CHN006149,CUS006149,Not Churn,0.2789,Low,Synthetic Churn Risk Model,1.0,2026-06-30
CHN006150,CUS006150,Not Churn,0.1085,Low,Synthetic Churn Risk Model,1.0,2026-06-30
CHN006151,CUS006151,Not Churn,0.3935,Medium,Synthetic Churn Risk Model,1.0,2026-06-30
CHN006152,CUS006152,Not Churn,0.0986,Low,Synthetic Churn Risk Model,1.0,2026-06-30
CHN006153,CUS006153,Not Churn,0.2067,Low,Synthetic Churn Risk Model,1.0,2026-06-30
CHN006154,CUS006154,Not Churn,0.3635,Medium,Synthetic Churn Risk Model,1.0,2026-06-30
CHN006155,CUS006155,Not Churn,0.0209,Low,Synthetic Churn Risk Model,1.0,2026-06-30
CHN006156,CUS006156,Not Churn,0.4196,Medium,Synthetic Churn Risk Model,1.0,2026-06-30
CHN006157,CUS006157,Not Churn,0.0282,Low,Synthetic Churn Risk Model,1.0,2026-06-30
CHN006158,CUS006158,Not Churn,0.4287,Medium,Synthetic Churn Risk Model,1.0,2026-06-30
CHN006159,CUS006159,Not Churn,0.4245,Medium,Synthetic Churn Risk Model,1.0,2026-06-30
CHN006160,CUS006160,Not Churn,0.0257,Low,Synthetic Churn Risk Model,1.0,2026-06-30
CHN006161,CUS006161,Not Churn,0.1835,Low,Synthetic Churn Risk Model,1.0,2026-06-30
CHN006162,CUS006162,Not Churn,0.0687,Low,Synthetic Churn Risk Model,1.0,2026-06-30
CHN006163,CUS006163,Not Churn,0.0678,Low,Synthetic Churn Risk Model,1.0,2026-06-30
CHN006164,CUS006164,Not Churn,0.0512,Low,Synthetic Churn Risk Model,1.0,2026-06-30
CHN006165,CUS006165,Not Churn,0.0606,Low,Synthetic Churn Risk Model,1.0,2026-06-30
CHN006166,CUS006166,Not Churn,0.025,Low,Synthetic Churn Risk Model,1.0,2026-06-30
CHN006167,CUS006167,Not Churn,0.4308,Medium,Synthetic Churn Risk Model,1.0,2026-06-30
CHN006168,CUS006168,Not Churn,0.2035,Low,Synthetic Churn Risk Model,1.0,2026-06-30
CHN006169,CUS006169,Not Churn,0.1167,Low,Synthetic Churn Risk Model,1.0,2026-06-30
CHN006170,CUS006170,Not Churn,0.1202,Low,Synthetic Churn Risk Model,1.0,2026-06-30
CHN006171,CUS006171,Not Churn,0.428,Medium,Synthetic Churn Risk Model,1.0,2026-06-30
CHN006172,CUS006172,Not Churn,0.0301,Low,Synthetic Churn Risk Model,1.0,2026-06-30
CHN006173,CUS006173,Not Churn,0.0354,Low,Synthetic Churn Risk Model,1.0,2026-06-30
CHN006174,CUS006174,Not Churn,0.1748,Low,Synthetic Churn Risk Model,1.0,2026-06-30
CHN006175,CUS006175,Not Churn,0.1192,Low,Synthetic Churn Risk Model,1.0,2026-06-30
CHN006176,CUS006176,Not Churn,0.2239,Low,Synthetic Churn Risk Model,1.0,2026-06-30
CHN006177,CUS006177,Not Churn,0.4079,Medium,Synthetic Churn Risk Model,1.0,2026-06-30
CHN006178,CUS006178,Not Churn,0.3582,Medium,Synthetic Churn Risk Model,1.0,2026-06-30
CHN006179,CUS006179,Not Churn,0.0707,Low,Synthetic Churn Risk Model,1.0,2026-06-30
CHN006180,CUS006180,Not Churn,0.4347,Medium,Synthetic Churn Risk Model,1.0,2026-06-30
CHN006181,CUS006181,Not Churn,0.0741,Low,Synthetic Churn Risk Model,1.0,2026-06-30
CHN006182,CUS006182,Not Churn,0.1138,Low,Synthetic Churn Risk Model,1.0,2026-06-30
CHN006183,CUS006183,Not Churn,0.0564,Low,Synthetic Churn Risk Model,1.0,2026-06-30
CHN006184,CUS006184,Not Churn,0.267,Low,Synthetic Churn Risk Model,1.0,2026-06-30
CHN006185,CUS006185,Not Churn,0.0478,Low,Synthetic Churn Risk Model,1.0,2026-06-30
CHN006186,CUS006186,Not Churn,0.2149,Low,Synthetic Churn Risk Model,1.0,2026-06-30
CHN006187,CUS006187,Not Churn,0.0547,Low,Synthetic Churn Risk Model,1.0,2026-06-30
CHN006188,CUS006188,Not Churn,0.0566,Low,Synthetic Churn Risk Model,1.0,2026-06-30
CHN006189,CUS006189,Not Churn,0.105,Low,Synthetic Churn Risk Model,1.0,2026-06-30
CHN006190,CUS006190,Not Churn,0.4029,Medium,Synthetic Churn Risk Model,1.0,2026-06-30
CHN006191,CUS006191,Not Churn,0.0512,Low,Synthetic Churn Risk Model,1.0,2026-06-30
CHN006192,CUS006192,Not Churn,0.1231,Low,Synthetic Churn Risk Model,1.0,2026-06-30
CHN006193,CUS006193,Not Churn,0.2125,Low,Synthetic Churn Risk Model,1.0,2026-06-30
CHN006194,CUS006194,Not Churn,0.0679,Low,Synthetic Churn Risk Model,1.0,2026-06-30
CHN006195,CUS006195,Not Churn,0.1078,Low,Synthetic Churn Risk Model,1.0,2026-06-30
CHN006196,CUS006196,Not Churn,0.1561,Low,Synthetic Churn Risk Model,1.0,2026-06-30
CHN006197,CUS006197,Not Churn,0.2848,Low,Synthetic Churn Risk Model,1.0,2026-06-30
CHN006198,CUS006198,Not Churn,0.1126,Low,Synthetic Churn Risk Model,1.0,2026-06-30
CHN006199,CUS006199,Not Churn,0.4055,Medium,Synthetic Churn Risk Model,1.0,2026-06-30
CHN006200,CUS006200,Not Churn,0.0546,Low,Synthetic Churn Risk Model,1.0,2026-06-30
CHN006201,CUS006201,Not Churn,0.0607,Low,Synthetic Churn Risk Model,1.0,2026-06-30
CHN006202,CUS006202,Not Churn,0.1287,Low,Synthetic Churn Risk Model,1.0,2026-06-30
CHN006203,CUS006203,Not Churn,0.2456,Low,Synthetic Churn Risk Model,1.0,2026-06-30
CHN006204,CUS006204,Not Churn,0.1749,Low,Synthetic Churn Risk Model,1.0,2026-06-30
CHN006205,CUS006205,Not Churn,0.1714,Low,Synthetic Churn Risk Model,1.0,2026-06-30
CHN006206,CUS006206,Not Churn,0.2266,Low,Synthetic Churn Risk Model,1.0,2026-06-30
CHN006207,CUS006207,Not Churn,0.2954,Low,Synthetic Churn Risk Model,1.0,2026-06-30
CHN006208,CUS006208,Not Churn,0.0797,Low,Synthetic Churn Risk Model,1.0,2026-06-30
CHN006209,CUS006209,Not Churn,0.0334,Low,Synthetic Churn Risk Model,1.0,2026-06-30
CHN006210,CUS006210,Not Churn,0.0211,Low,Synthetic Churn Risk Model,1.0,2026-06-30
CHN006211,CUS006211,Not Churn,0.0249,Low,Synthetic Churn Risk Model,1.0,2026-06-30
CHN006212,CUS006212,Not Churn,0.247,Low,Synthetic Churn Risk Model,1.0,2026-06-30
CHN006213,CUS006213,Not Churn,0.0924,Low,Synthetic Churn Risk Model,1.0,2026-06-30
CHN006214,CUS006214,Not Churn,0.4174,Medium,Synthetic Churn Risk Model,1.0,2026-06-30
CHN006215,CUS006215,Not Churn,0.0862,Low,Synthetic Churn Risk Model,1.0,2026-06-30
CHN006216,CUS006216,Not Churn,0.0782,Low,Synthetic Churn Risk Model,1.0,2026-06-30
CHN006217,CUS006217,Not Churn,0.0299,Low,Synthetic Churn Risk Model,1.0,2026-06-30
CHN006218,CUS006218,Not Churn,0.1465,Low,Synthetic Churn Risk Model,1.0,2026-06-30
CHN006219,CUS006219,Not Churn,0.0625,Low,Synthetic Churn Risk Model,1.0,2026-06-30
CHN006220,CUS006220,Not Churn,0.081,Low,Synthetic Churn Risk Model,1.0,2026-06-30
CHN006221,CUS006221,Not Churn,0.1318,Low,Synthetic Churn Risk Model,1.0,2026-06-30
CHN006222,CUS006222,Not Churn,0.4175,Medium,Synthetic Churn Risk Model,1.0,2026-06-30
CHN006223,CUS006223,Not Churn,0.0405,Low,Synthetic Churn Risk Model,1.0,2026-06-30
CHN006224,CUS006224,Not Churn,0.4113,Medium,Synthetic Churn Risk Model,1.0,2026-06-30
CHN006225,CUS006225,Not Churn,0.0576,Low,Synthetic Churn Risk Model,1.0,2026-06-30
CHN006226,CUS006226,Not Churn,0.064,Low,Synthetic Churn Risk Model,1.0,2026-06-30
CHN006227,CUS006227,Not Churn,0.0398,Low,Synthetic Churn Risk Model,1.0,2026-06-30
CHN006228,CUS006228,Not Churn,0.0258,Low,Synthetic Churn Risk Model,1.0,2026-06-30
CHN006229,CUS006229,Not Churn,0.423,Medium,Synthetic Churn Risk Model,1.0,2026-06-30
CHN006230,CUS006230,Not Churn,0.0289,Low,Synthetic Churn Risk Model,1.0,2026-06-30
CHN006231,CUS006231,Not Churn,0.4122,Medium,Synthetic Churn Risk Model,1.0,2026-06-30
CHN006232,CUS006232,Not Churn,0.0364,Low,Synthetic Churn Risk Model,1.0,2026-06-30
CHN006233,CUS006233,Not Churn,0.3994,Medium,Synthetic Churn Risk Model,1.0,2026-06-30
CHN006234,CUS006234,Not Churn,0.0661,Low,Synthetic Churn Risk Model,1.0,2026-06-30
CHN006235,CUS006235,Not Churn,0.3554,Medium,Synthetic Churn Risk Model,1.0,2026-06-30
CHN006236,CUS006236,Not Churn,0.4123,Medium,Synthetic Churn Risk Model,1.0,2026-06-30
CHN006237,CUS006237,Not Churn,0.1409,Low,Synthetic Churn Risk Model,1.0,2026-06-30
CHN006238,CUS006238,Not Churn,0.0326,Low,Synthetic Churn Risk Model,1.0,2026-06-30
CHN006239,CUS006239,Not Churn,0.0624,Low,Synthetic Churn Risk Model,1.0,2026-06-30
CHN006240,CUS006240,Not Churn,0.074,Low,Synthetic Churn Risk Model,1.0,2026-06-30
CHN006241,CUS006241,Not Churn,0.0567,Low,Synthetic Churn Risk Model,1.0,2026-06-30
CHN006242,CUS006242,Not Churn,0.4098,Medium,Synthetic Churn Risk Model,1.0,2026-06-30
CHN006243,CUS006243,Not Churn,0.0907,Low,Synthetic Churn Risk Model,1.0,2026-06-30
CHN006244,CUS006244,Not Churn,0.0317,Low,Synthetic Churn Risk Model,1.0,2026-06-30
CHN006245,CUS006245,Not Churn,0.0257,Low,Synthetic Churn Risk Model,1.0,2026-06-30
CHN006246,CUS006246,Not Churn,0.1015,Low,Synthetic Churn Risk Model,1.0,2026-06-30
CHN006247,CUS006247,Not Churn,0.0408,Low,Synthetic Churn Risk Model,1.0,2026-06-30
CHN006248,CUS006248,Not Churn,0.2406,Low,Synthetic Churn Risk Model,1.0,2026-06-30
CHN006249,CUS006249,Not Churn,0.4168,Medium,Synthetic Churn Risk Model,1.0,2026-06-30
CHN006250,CUS006250,Not Churn,0.0329,Low,Synthetic Churn Risk Model,1.0,2026-06-30
CHN006251,CUS006251,Not Churn,0.1952,Low,Synthetic Churn Risk Model,1.0,2026-06-30
CHN006252,CUS006252,Not Churn,0.3106,Medium,Synthetic Churn Risk Model,1.0,2026-06-30
CHN006253,CUS006253,Not Churn,0.1433,Low,Synthetic Churn Risk Model,1.0,2026-06-30
CHN006254,CUS006254,Not Churn,0.1114,Low,Synthetic Churn Risk Model,1.0,2026-06-30
CHN006255,CUS006255,Not Churn,0.3402,Medium,Synthetic Churn Risk Model,1.0,2026-06-30
CHN006256,CUS006256,Not Churn,0.1142,Low,Synthetic Churn Risk Model,1.0,2026-06-30
CHN006257,CUS006257,Not Churn,0.0294,Low,Synthetic Churn Risk Model,1.0,2026-06-30
CHN006258,CUS006258,Not Churn,0.0165,Low,Synthetic Churn Risk Model,1.0,2026-06-30
CHN006259,CUS006259,Churn,0.9311,High,Synthetic Churn Risk Model,1.0,2026-06-30
CHN006260,CUS006260,Not Churn,0.0486,Low,Synthetic Churn Risk Model,1.0,2026-06-30
CHN006261,CUS006261,Not Churn,0.4404,Medium,Synthetic Churn Risk Model,1.0,2026-06-30
CHN006262,CUS006262,Not Churn,0.1502,Low,Synthetic Churn Risk Model,1.0,2026-06-30
CHN006263,CUS006263,Not Churn,0.4326,Medium,Synthetic Churn Risk Model,1.0,2026-06-30
CHN006264,CUS006264,Not Churn,0.4034,Medium,Synthetic Churn Risk Model,1.0,2026-06-30
CHN006265,CUS006265,Not Churn,0.0867,Low,Synthetic Churn Risk Model,1.0,2026-06-30
CHN006266,CUS006266,Not Churn,0.4319,Medium,Synthetic Churn Risk Model,1.0,2026-06-30
CHN006267,CUS006267,Not Churn,0.0455,Low,Synthetic Churn Risk Model,1.0,2026-06-30
CHN006268,CUS006268,Not Churn,0.0716,Low,Synthetic Churn Risk Model,1.0,2026-06-30
CHN006269,CUS006269,Not Churn,0.0731,Low,Synthetic Churn Risk Model,1.0,2026-06-30
CHN006270,CUS006270,Not Churn,0.0538,Low,Synthetic Churn Risk Model,1.0,2026-06-30
CHN006271,CUS006271,Not Churn,0.0537,Low,Synthetic Churn Risk Model,1.0,2026-06-30
CHN006272,CUS006272,Not Churn,0.0322,Low,Synthetic Churn Risk Model,1.0,2026-06-30
CHN006273,CUS006273,Not Churn,0.4119,Medium,Synthetic Churn Risk Model,1.0,2026-06-30
CHN006274,CUS006274,Not Churn,0.1931,Low,Synthetic Churn Risk Model,1.0,2026-06-30
CHN006275,CUS006275,Not Churn,0.0413,Low,Synthetic Churn Risk Model,1.0,2026-06-30
CHN006276,CUS006276,Not Churn,0.0128,Low,Synthetic Churn Risk Model,1.0,2026-06-30
CHN006277,CUS006277,Not Churn,0.0484,Low,Synthetic Churn Risk Model,1.0,2026-06-30
CHN006278,CUS006278,Not Churn,0.4156,Medium,Synthetic Churn Risk Model,1.0,2026-06-30
CHN006279,CUS006279,Not Churn,0.1424,Low,Synthetic Churn Risk Model,1.0,2026-06-30
CHN006280,CUS006280,Not Churn,0.1196,Low,Synthetic Churn Risk Model,1.0,2026-06-30
CHN006281,CUS006281,Not Churn,0.1085,Low,Synthetic Churn Risk Model,1.0,2026-06-30
CHN006282,CUS006282,Not Churn,0.0092,Low,Synthetic Churn Risk Model,1.0,2026-06-30
CHN006283,CUS006283,Not Churn,0.0869,Low,Synthetic Churn Risk Model,1.0,2026-06-30
CHN006284,CUS006284,Not Churn,0.4047,Medium,Synthetic Churn Risk Model,1.0,2026-06-30
CHN006285,CUS006285,Not Churn,0.0362,Low,Synthetic Churn Risk Model,1.0,2026-06-30
CHN006286,CUS006286,Not Churn,0.0702,Low,Synthetic Churn Risk Model,1.0,2026-06-30
CHN006287,CUS006287,Not Churn,0.425,Medium,Synthetic Churn Risk Model,1.0,2026-06-30
CHN006288,CUS006288,Not Churn,0.1032,Low,Synthetic Churn Risk Model,1.0,2026-06-30
CHN006289,CUS006289,Not Churn,0.0518,Low,Synthetic Churn Risk Model,1.0,2026-06-30
CHN006290,CUS006290,Not Churn,0.0449,Low,Synthetic Churn Risk Model,1.0,2026-06-30
CHN006291,CUS006291,Not Churn,0.0966,Low,Synthetic Churn Risk Model,1.0,2026-06-30
CHN006292,CUS006292,Not Churn,0.1721,Low,Synthetic Churn Risk Model,1.0,2026-06-30
CHN006293,CUS006293,Not Churn,0.1831,Low,Synthetic Churn Risk Model,1.0,2026-06-30
CHN006294,CUS006294,Not Churn,0.4254,Medium,Synthetic Churn Risk Model,1.0,2026-06-30
CHN006295,CUS006295,Not Churn,0.4991,Medium,Synthetic Churn Risk Model,1.0,2026-06-30
CHN006296,CUS006296,Not Churn,0.0943,Low,Synthetic Churn Risk Model,1.0,2026-06-30
CHN006297,CUS006297,Not Churn,0.0412,Low,Synthetic Churn Risk Model,1.0,2026-06-30
CHN006298,CUS006298,Not Churn,0.4176,Medium,Synthetic Churn Risk Model,1.0,2026-06-30
CHN006299,CUS006299,Not Churn,0.0833,Low,Synthetic Churn Risk Model,1.0,2026-06-30
CHN006300,CUS006300,Not Churn,0.0451,Low,Synthetic Churn Risk Model,1.0,2026-06-30
CHN006301,CUS006301,Not Churn,0.4027,Medium,Synthetic Churn Risk Model,1.0,2026-06-30
CHN006302,CUS006302,Not Churn,0.0732,Low,Synthetic Churn Risk Model,1.0,2026-06-30
CHN006303,CUS006303,Not Churn,0.4005,Medium,Synthetic Churn Risk Model,1.0,2026-06-30
CHN006304,CUS006304,Not Churn,0.0448,Low,Synthetic Churn Risk Model,1.0,2026-06-30
CHN006305,CUS006305,Not Churn,0.016,Low,Synthetic Churn Risk Model,1.0,2026-06-30
CHN006306,CUS006306,Not Churn,0.0206,Low,Synthetic Churn Risk Model,1.0,2026-06-30
CHN006307,CUS006307,Not Churn,0.018,Low,Synthetic Churn Risk Model,1.0,2026-06-30
CHN006308,CUS006308,Not Churn,0.1118,Low,Synthetic Churn Risk Model,1.0,2026-06-30
CHN006309,CUS006309,Not Churn,0.0452,Low,Synthetic Churn Risk Model,1.0,2026-06-30
CHN006310,CUS006310,Not Churn,0.2597,Low,Synthetic Churn Risk Model,1.0,2026-06-30
CHN006311,CUS006311,Not Churn,0.046,Low,Synthetic Churn Risk Model,1.0,2026-06-30
CHN006312,CUS006312,Not Churn,0.0315,Low,Synthetic Churn Risk Model,1.0,2026-06-30
CHN006313,CUS006313,Not Churn,0.0908,Low,Synthetic Churn Risk Model,1.0,2026-06-30
CHN006314,CUS006314,Not Churn,0.4045,Medium,Synthetic Churn Risk Model,1.0,2026-06-30
CHN006315,CUS006315,Not Churn,0.3992,Medium,Synthetic Churn Risk Model,1.0,2026-06-30
CHN006316,CUS006316,Not Churn,0.2068,Low,Synthetic Churn Risk Model,1.0,2026-06-30
CHN006317,CUS006317,Not Churn,0.227,Low,Synthetic Churn Risk Model,1.0,2026-06-30
CHN006318,CUS006318,Not Churn,0.1121,Low,Synthetic Churn Risk Model,1.0,2026-06-30
CHN006319,CUS006319,Not Churn,0.0516,Low,Synthetic Churn Risk Model,1.0,2026-06-30
CHN006320,CUS006320,Not Churn,0.0512,Low,Synthetic Churn Risk Model,1.0,2026-06-30
CHN006321,CUS006321,Not Churn,0.0331,Low,Synthetic Churn Risk Model,1.0,2026-06-30
CHN006322,CUS006322,Not Churn,0.4253,Medium,Synthetic Churn Risk Model,1.0,2026-06-30
CHN006323,CUS006323,Not Churn,0.41,Medium,Synthetic Churn Risk Model,1.0,2026-06-30
CHN006324,CUS006324,Not Churn,0.1226,Low,Synthetic Churn Risk Model,1.0,2026-06-30
CHN006325,CUS006325,Not Churn,0.3976,Medium,Synthetic Churn Risk Model,1.0,2026-06-30
CHN006326,CUS006326,Not Churn,0.1148,Low,Synthetic Churn Risk Model,1.0,2026-06-30
CHN006327,CUS006327,Not Churn,0.1672,Low,Synthetic Churn Risk Model,1.0,2026-06-30
CHN006328,CUS006328,Not Churn,0.0473,Low,Synthetic Churn Risk Model,1.0,2026-06-30
CHN006329,CUS006329,Not Churn,0.057,Low,Synthetic Churn Risk Model,1.0,2026-06-30
CHN006330,CUS006330,Not Churn,0.1173,Low,Synthetic Churn Risk Model,1.0,2026-06-30
CHN006331,CUS006331,Not Churn,0.0331,Low,Synthetic Churn Risk Model,1.0,2026-06-30
CHN006332,CUS006332,Not Churn,0.0232,Low,Synthetic Churn Risk Model,1.0,2026-06-30
CHN006333,CUS006333,Not Churn,0.1267,Low,Synthetic Churn Risk Model,1.0,2026-06-30
CHN006334,CUS006334,Not Churn,0.0327,Low,Synthetic Churn Risk Model,1.0,2026-06-30
CHN006335,CUS006335,Not Churn,0.412,Medium,Synthetic Churn Risk Model,1.0,2026-06-30
CHN006336,CUS006336,Not Churn,0.4145,Medium,Synthetic Churn Risk Model,1.0,2026-06-30
CHN006337,CUS006337,Not Churn,0.4128,Medium,Synthetic Churn Risk Model,1.0,2026-06-30
CHN006338,CUS006338,Not Churn,0.0499,Low,Synthetic Churn Risk Model,1.0,2026-06-30
CHN006339,CUS006339,Not Churn,0.0802,Low,Synthetic Churn Risk Model,1.0,2026-06-30
CHN006340,CUS006340,Not Churn,0.1007,Low,Synthetic Churn Risk Model,1.0,2026-06-30
CHN006341,CUS006341,Not Churn,0.4189,Medium,Synthetic Churn Risk Model,1.0,2026-06-30
CHN006342,CUS006342,Not Churn,0.0172,Low,Synthetic Churn Risk Model,1.0,2026-06-30
CHN006343,CUS006343,Not Churn,0.017,Low,Synthetic Churn Risk Model,1.0,2026-06-30
CHN006344,CUS006344,Not Churn,0.3144,Medium,Synthetic Churn Risk Model,1.0,2026-06-30
CHN006345,CUS006345,Not Churn,0.2528,Low,Synthetic Churn Risk Model,1.0,2026-06-30
CHN006346,CUS006346,Not Churn,0.4135,Medium,Synthetic Churn Risk Model,1.0,2026-06-30
CHN006347,CUS006347,Not Churn,0.1637,Low,Synthetic Churn Risk Model,1.0,2026-06-30
CHN006348,CUS006348,Not Churn,0.4128,Medium,Synthetic Churn Risk Model,1.0,2026-06-30
CHN006349,CUS006349,Not Churn,0.0204,Low,Synthetic Churn Risk Model,1.0,2026-06-30
CHN006350,CUS006350,Not Churn,0.4156,Medium,Synthetic Churn Risk Model,1.0,2026-06-30
CHN006351,CUS006351,Not Churn,0.0789,Low,Synthetic Churn Risk Model,1.0,2026-06-30
CHN006352,CUS006352,Not Churn,0.0864,Low,Synthetic Churn Risk Model,1.0,2026-06-30
CHN006353,CUS006353,Not Churn,0.2883,Low,Synthetic Churn Risk Model,1.0,2026-06-30
CHN006354,CUS006354,Not Churn,0.1421,Low,Synthetic Churn Risk Model,1.0,2026-06-30
CHN006355,CUS006355,Not Churn,0.203,Low,Synthetic Churn Risk Model,1.0,2026-06-30
CHN006356,CUS006356,Not Churn,0.4052,Medium,Synthetic Churn Risk Model,1.0,2026-06-30
CHN006357,CUS006357,Not Churn,0.4066,Medium,Synthetic Churn Risk Model,1.0,2026-06-30
CHN006358,CUS006358,Not Churn,0.3366,Medium,Synthetic Churn Risk Model,1.0,2026-06-30
CHN006359,CUS006359,Not Churn,0.0166,Low,Synthetic Churn Risk Model,1.0,2026-06-30
CHN006360,CUS006360,Not Churn,0.0914,Low,Synthetic Churn Risk Model,1.0,2026-06-30
CHN006361,CUS006361,Not Churn,0.0332,Low,Synthetic Churn Risk Model,1.0,2026-06-30
CHN006362,CUS006362,Not Churn,0.0585,Low,Synthetic Churn Risk Model,1.0,2026-06-30
CHN006363,CUS006363,Not Churn,0.4059,Medium,Synthetic Churn Risk Model,1.0,2026-06-30
CHN006364,CUS006364,Not Churn,0.4102,Medium,Synthetic Churn Risk Model,1.0,2026-06-30
CHN006365,CUS006365,Not Churn,0.0389,Low,Synthetic Churn Risk Model,1.0,2026-06-30
CHN006366,CUS006366,Not Churn,0.4205,Medium,Synthetic Churn Risk Model,1.0,2026-06-30
CHN006367,CUS006367,Not Churn,0.0191,Low,Synthetic Churn Risk Model,1.0,2026-06-30
CHN006368,CUS006368,Not Churn,0.4034,Medium,Synthetic Churn Risk Model,1.0,2026-06-30
CHN006369,CUS006369,Not Churn,0.158,Low,Synthetic Churn Risk Model,1.0,2026-06-30
CHN006370,CUS006370,Not Churn,0.0198,Low,Synthetic Churn Risk Model,1.0,2026-06-30
CHN006371,CUS006371,Not Churn,0.4046,Medium,Synthetic Churn Risk Model,1.0,2026-06-30
CHN006372,CUS006372,Not Churn,0.058,Low,Synthetic Churn Risk Model,1.0,2026-06-30
CHN006373,CUS006373,Not Churn,0.035,Low,Synthetic Churn Risk Model,1.0,2026-06-30
CHN006374,CUS006374,Not Churn,0.0275,Low,Synthetic Churn Risk Model,1.0,2026-06-30
CHN006375,CUS006375,Not Churn,0.1586,Low,Synthetic Churn Risk Model,1.0,2026-06-30
CHN006376,CUS006376,Not Churn,0.0528,Low,Synthetic Churn Risk Model,1.0,2026-06-30
CHN006377,CUS006377,Not Churn,0.4175,Medium,Synthetic Churn Risk Model,1.0,2026-06-30
CHN006378,CUS006378,Not Churn,0.132,Low,Synthetic Churn Risk Model,1.0,2026-06-30
CHN006379,CUS006379,Not Churn,0.0653,Low,Synthetic Churn Risk Model,1.0,2026-06-30
CHN006380,CUS006380,Not Churn,0.0839,Low,Synthetic Churn Risk Model,1.0,2026-06-30
CHN006381,CUS006381,Not Churn,0.0965,Low,Synthetic Churn Risk Model,1.0,2026-06-30
CHN006382,CUS006382,Not Churn,0.0527,Low,Synthetic Churn Risk Model,1.0,2026-06-30
CHN006383,CUS006383,Not Churn,0.0348,Low,Synthetic Churn Risk Model,1.0,2026-06-30
CHN006384,CUS006384,Not Churn,0.407,Medium,Synthetic Churn Risk Model,1.0,2026-06-30
CHN006385,CUS006385,Not Churn,0.3972,Medium,Synthetic Churn Risk Model,1.0,2026-06-30
CHN006386,CUS006386,Not Churn,0.1571,Low,Synthetic Churn Risk Model,1.0,2026-06-30
CHN006387,CUS006387,Not Churn,0.0123,Low,Synthetic Churn Risk Model,1.0,2026-06-30
CHN006388,CUS006388,Not Churn,0.0481,Low,Synthetic Churn Risk Model,1.0,2026-06-30
CHN006389,CUS006389,Not Churn,0.1116,Low,Synthetic Churn Risk Model,1.0,2026-06-30
CHN006390,CUS006390,Not Churn,0.4273,Medium,Synthetic Churn Risk Model,1.0,2026-06-30
CHN006391,CUS006391,Not Churn,0.0562,Low,Synthetic Churn Risk Model,1.0,2026-06-30
CHN006392,CUS006392,Not Churn,0.127,Low,Synthetic Churn Risk Model,1.0,2026-06-30
CHN006393,CUS006393,Not Churn,0.0351,Low,Synthetic Churn Risk Model,1.0,2026-06-30
CHN006394,CUS006394,Not Churn,0.1851,Low,Synthetic Churn Risk Model,1.0,2026-06-30
CHN006395,CUS006395,Not Churn,0.161,Low,Synthetic Churn Risk Model,1.0,2026-06-30
CHN006396,CUS006396,Not Churn,0.0123,Low,Synthetic Churn Risk Model,1.0,2026-06-30
CHN006397,CUS006397,Not Churn,0.4143,Medium,Synthetic Churn Risk Model,1.0,2026-06-30
CHN006398,CUS006398,Not Churn,0.0988,Low,Synthetic Churn Risk Model,1.0,2026-06-30
CHN006399,CUS006399,Not Churn,0.4285,Medium,Synthetic Churn Risk Model,1.0,2026-06-30
CHN006400,CUS006400,Not Churn,0.4178,Medium,Synthetic Churn Risk Model,1.0,2026-06-30
CHN006401,CUS006401,Not Churn,0.3154,Medium,Synthetic Churn Risk Model,1.0,2026-06-30
CHN006402,CUS006402,Not Churn,0.0722,Low,Synthetic Churn Risk Model,1.0,2026-06-30
CHN006403,CUS006403,Not Churn,0.2568,Low,Synthetic Churn Risk Model,1.0,2026-06-30
CHN006404,CUS006404,Not Churn,0.0456,Low,Synthetic Churn Risk Model,1.0,2026-06-30
CHN006405,CUS006405,Not Churn,0.0359,Low,Synthetic Churn Risk Model,1.0,2026-06-30
CHN006406,CUS006406,Not Churn,0.0286,Low,Synthetic Churn Risk Model,1.0,2026-06-30
CHN006407,CUS006407,Not Churn,0.4034,Medium,Synthetic Churn Risk Model,1.0,2026-06-30
CHN006408,CUS006408,Not Churn,0.0484,Low,Synthetic Churn Risk Model,1.0,2026-06-30
CHN006409,CUS006409,Not Churn,0.3451,Medium,Synthetic Churn Risk Model,1.0,2026-06-30
CHN006410,CUS006410,Not Churn,0.0507,Low,Synthetic Churn Risk Model,1.0,2026-06-30
CHN006411,CUS006411,Not Churn,0.0604,Low,Synthetic Churn Risk Model,1.0,2026-06-30
CHN006412,CUS006412,Not Churn,0.1835,Low,Synthetic Churn Risk Model,1.0,2026-06-30
CHN006413,CUS006413,Not Churn,0.1155,Low,Synthetic Churn Risk Model,1.0,2026-06-30
CHN006414,CUS006414,Not Churn,0.0457,Low,Synthetic Churn Risk Model,1.0,2026-06-30
CHN006415,CUS006415,Not Churn,0.2812,Low,Synthetic Churn Risk Model,1.0,2026-06-30
CHN006416,CUS006416,Not Churn,0.0374,Low,Synthetic Churn Risk Model,1.0,2026-06-30
CHN006417,CUS006417,Not Churn,0.2281,Low,Synthetic Churn Risk Model,1.0,2026-06-30
CHN006418,CUS006418,Not Churn,0.0668,Low,Synthetic Churn Risk Model,1.0,2026-06-30
CHN006419,CUS006419,Not Churn,0.084,Low,Synthetic Churn Risk Model,1.0,2026-06-30
CHN006420,CUS006420,Not Churn,0.1361,Low,Synthetic Churn Risk Model,1.0,2026-06-30
CHN006421,CUS006421,Not Churn,0.4219,Medium,Synthetic Churn Risk Model,1.0,2026-06-30
CHN006422,CUS006422,Not Churn,0.4303,Medium,Synthetic Churn Risk Model,1.0,2026-06-30
CHN006423,CUS006423,Not Churn,0.0628,Low,Synthetic Churn Risk Model,1.0,2026-06-30
CHN006424,CUS006424,Not Churn,0.3287,Medium,Synthetic Churn Risk Model,1.0,2026-06-30
CHN006425,CUS006425,Not Churn,0.0512,Low,Synthetic Churn Risk Model,1.0,2026-06-30
CHN006426,CUS006426,Not Churn,0.2398,Low,Synthetic Churn Risk Model,1.0,2026-06-30
CHN006427,CUS006427,Not Churn,0.1628,Low,Synthetic Churn Risk Model,1.0,2026-06-30
CHN006428,CUS006428,Not Churn,0.0696,Low,Synthetic Churn Risk Model,1.0,2026-06-30
CHN006429,CUS006429,Not Churn,0.1258,Low,Synthetic Churn Risk Model,1.0,2026-06-30
CHN006430,CUS006430,Not Churn,0.0539,Low,Synthetic Churn Risk Model,1.0,2026-06-30
CHN006431,CUS006431,Not Churn,0.0409,Low,Synthetic Churn Risk Model,1.0,2026-06-30
CHN006432,CUS006432,Not Churn,0.0308,Low,Synthetic Churn Risk Model,1.0,2026-06-30
CHN006433,CUS006433,Not Churn,0.4025,Medium,Synthetic Churn Risk Model,1.0,2026-06-30
CHN006434,CUS006434,Not Churn,0.1418,Low,Synthetic Churn Risk Model,1.0,2026-06-30
CHN006435,CUS006435,Not Churn,0.1143,Low,Synthetic Churn Risk Model,1.0,2026-06-30
CHN006436,CUS006436,Not Churn,0.4175,Medium,Synthetic Churn Risk Model,1.0,2026-06-30
CHN006437,CUS006437,Not Churn,0.1412,Low,Synthetic Churn Risk Model,1.0,2026-06-30
CHN006438,CUS006438,Not Churn,0.2624,Low,Synthetic Churn Risk Model,1.0,2026-06-30
CHN006439,CUS006439,Not Churn,0.0811,Low,Synthetic Churn Risk Model,1.0,2026-06-30
CHN006440,CUS006440,Not Churn,0.4289,Medium,Synthetic Churn Risk Model,1.0,2026-06-30
CHN006441,CUS006441,Not Churn,0.1066,Low,Synthetic Churn Risk Model,1.0,2026-06-30
CHN006442,CUS006442,Not Churn,0.435,Medium,Synthetic Churn Risk Model,1.0,2026-06-30
CHN006443,CUS006443,Not Churn,0.0628,Low,Synthetic Churn Risk Model,1.0,2026-06-30
CHN006444,CUS006444,Not Churn,0.0669,Low,Synthetic Churn Risk Model,1.0,2026-06-30
CHN006445,CUS006445,Not Churn,0.4235,Medium,Synthetic Churn Risk Model,1.0,2026-06-30
CHN006446,CUS006446,Not Churn,0.0861,Low,Synthetic Churn Risk Model,1.0,2026-06-30
CHN006447,CUS006447,Not Churn,0.0912,Low,Synthetic Churn Risk Model,1.0,2026-06-30
CHN006448,CUS006448,Not Churn,0.2408,Low,Synthetic Churn Risk Model,1.0,2026-06-30
CHN006449,CUS006449,Not Churn,0.1929,Low,Synthetic Churn Risk Model,1.0,2026-06-30
CHN006450,CUS006450,Not Churn,0.1315,Low,Synthetic Churn Risk Model,1.0,2026-06-30
CHN006451,CUS006451,Not Churn,0.0889,Low,Synthetic Churn Risk Model,1.0,2026-06-30
CHN006452,CUS006452,Not Churn,0.1734,Low,Synthetic Churn Risk Model,1.0,2026-06-30
CHN006453,CUS006453,Not Churn,0.4041,Medium,Synthetic Churn Risk Model,1.0,2026-06-30
CHN006454,CUS006454,Not Churn,0.1705,Low,Synthetic Churn Risk Model,1.0,2026-06-30
CHN006455,CUS006455,Not Churn,0.0927,Low,Synthetic Churn Risk Model,1.0,2026-06-30
CHN006456,CUS006456,Not Churn,0.3341,Medium,Synthetic Churn Risk Model,1.0,2026-06-30
CHN006457,CUS006457,Not Churn,0.0454,Low,Synthetic Churn Risk Model,1.0,2026-06-30
CHN006458,CUS006458,Not Churn,0.4249,Medium,Synthetic Churn Risk Model,1.0,2026-06-30
CHN006459,CUS006459,Not Churn,0.0253,Low,Synthetic Churn Risk Model,1.0,2026-06-30
CHN006460,CUS006460,Not Churn,0.3958,Medium,Synthetic Churn Risk Model,1.0,2026-06-30
CHN006461,CUS006461,Not Churn,0.1192,Low,Synthetic Churn Risk Model,1.0,2026-06-30
CHN006462,CUS006462,Not Churn,0.0673,Low,Synthetic Churn Risk Model,1.0,2026-06-30
CHN006463,CUS006463,Not Churn,0.0735,Low,Synthetic Churn Risk Model,1.0,2026-06-30
CHN006464,CUS006464,Not Churn,0.0689,Low,Synthetic Churn Risk Model,1.0,2026-06-30
CHN006465,CUS006465,Not Churn,0.0189,Low,Synthetic Churn Risk Model,1.0,2026-06-30
CHN006466,CUS006466,Not Churn,0.523,Medium,Synthetic Churn Risk Model,1.0,2026-06-30
CHN006467,CUS006467,Not Churn,0.0178,Low,Synthetic Churn Risk Model,1.0,2026-06-30
CHN006468,CUS006468,Not Churn,0.0399,Low,Synthetic Churn Risk Model,1.0,2026-06-30
CHN006469,CUS006469,Not Churn,0.2667,Low,Synthetic Churn Risk Model,1.0,2026-06-30
CHN006470,CUS006470,Not Churn,0.239,Low,Synthetic Churn Risk Model,1.0,2026-06-30
CHN006471,CUS006471,Not Churn,0.0502,Low,Synthetic Churn Risk Model,1.0,2026-06-30
CHN006472,CUS006472,Not Churn,0.0273,Low,Synthetic Churn Risk Model,1.0,2026-06-30
CHN006473,CUS006473,Not Churn,0.0619,Low,Synthetic Churn Risk Model,1.0,2026-06-30
CHN006474,CUS006474,Not Churn,0.0979,Low,Synthetic Churn Risk Model,1.0,2026-06-30
CHN006475,CUS006475,Not Churn,0.1624,Low,Synthetic Churn Risk Model,1.0,2026-06-30
CHN006476,CUS006476,Not Churn,0.1195,Low,Synthetic Churn Risk Model,1.0,2026-06-30
CHN006477,CUS006477,Not Churn,0.072,Low,Synthetic Churn Risk Model,1.0,2026-06-30
CHN006478,CUS006478,Not Churn,0.0101,Low,Synthetic Churn Risk Model,1.0,2026-06-30
CHN006479,CUS006479,Not Churn,0.3447,Medium,Synthetic Churn Risk Model,1.0,2026-06-30
CHN006480,CUS006480,Not Churn,0.0528,Low,Synthetic Churn Risk Model,1.0,2026-06-30
CHN006481,CUS006481,Not Churn,0.0718,Low,Synthetic Churn Risk Model,1.0,2026-06-30
CHN006482,CUS006482,Not Churn,0.0564,Low,Synthetic Churn Risk Model,1.0,2026-06-30
CHN006483,CUS006483,Not Churn,0.0558,Low,Synthetic Churn Risk Model,1.0,2026-06-30
CHN006484,CUS006484,Not Churn,0.0654,Low,Synthetic Churn Risk Model,1.0,2026-06-30
CHN006485,CUS006485,Not Churn,0.0827,Low,Synthetic Churn Risk Model,1.0,2026-06-30
CHN006486,CUS006486,Not Churn,0.0142,Low,Synthetic Churn Risk Model,1.0,2026-06-30
CHN006487,CUS006487,Not Churn,0.4416,Medium,Synthetic Churn Risk Model,1.0,2026-06-30
CHN006488,CUS006488,Not Churn,0.1605,Low,Synthetic Churn Risk Model,1.0,2026-06-30
CHN006489,CUS006489,Not Churn,0.0441,Low,Synthetic Churn Risk Model,1.0,2026-06-30
CHN006490,CUS006490,Not Churn,0.0828,Low,Synthetic Churn Risk Model,1.0,2026-06-30
CHN006491,CUS006491,Not Churn,0.1093,Low,Synthetic Churn Risk Model,1.0,2026-06-30
CHN006492,CUS006492,Not Churn,0.1189,Low,Synthetic Churn Risk Model,1.0,2026-06-30
CHN006493,CUS006493,Not Churn,0.0764,Low,Synthetic Churn Risk Model,1.0,2026-06-30
CHN006494,CUS006494,Not Churn,0.0917,Low,Synthetic Churn Risk Model,1.0,2026-06-30
CHN006495,CUS006495,Not Churn,0.3994,Medium,Synthetic Churn Risk Model,1.0,2026-06-30
CHN006496,CUS006496,Not Churn,0.0842,Low,Synthetic Churn Risk Model,1.0,2026-06-30
CHN006497,CUS006497,Not Churn,0.2779,Low,Synthetic Churn Risk Model,1.0,2026-06-30
CHN006498,CUS006498,Not Churn,0.0496,Low,Synthetic Churn Risk Model,1.0,2026-06-30
CHN006499,CUS006499,Not Churn,0.0178,Low,Synthetic Churn Risk Model,1.0,2026-06-30
CHN006500,CUS006500,Not Churn,0.0851,Low,Synthetic Churn Risk Model,1.0,2026-06-30
CHN006501,CUS006501,Not Churn,0.2323,Low,Synthetic Churn Risk Model,1.0,2026-06-30
CHN006502,CUS006502,Not Churn,0.3997,Medium,Synthetic Churn Risk Model,1.0,2026-06-30
CHN006503,CUS006503,Not Churn,0.02,Low,Synthetic Churn Risk Model,1.0,2026-06-30
CHN006504,CUS006504,Not Churn,0.0502,Low,Synthetic Churn Risk Model,1.0,2026-06-30
CHN006505,CUS006505,Not Churn,0.0795,Low,Synthetic Churn Risk Model,1.0,2026-06-30
CHN006506,CUS006506,Not Churn,0.1078,Low,Synthetic Churn Risk Model,1.0,2026-06-30
CHN006507,CUS006507,Not Churn,0.0662,Low,Synthetic Churn Risk Model,1.0,2026-06-30
CHN006508,CUS006508,Not Churn,0.0136,Low,Synthetic Churn Risk Model,1.0,2026-06-30
CHN006509,CUS006509,Not Churn,0.0834,Low,Synthetic Churn Risk Model,1.0,2026-06-30
CHN006510,CUS006510,Not Churn,0.4188,Medium,Synthetic Churn Risk Model,1.0,2026-06-30
CHN006511,CUS006511,Not Churn,0.1361,Low,Synthetic Churn Risk Model,1.0,2026-06-30
CHN006512,CUS006512,Not Churn,0.1817,Low,Synthetic Churn Risk Model,1.0,2026-06-30
CHN006513,CUS006513,Not Churn,0.0516,Low,Synthetic Churn Risk Model,1.0,2026-06-30
CHN006514,CUS006514,Not Churn,0.0822,Low,Synthetic Churn Risk Model,1.0,2026-06-30
CHN006515,CUS006515,Not Churn,0.0823,Low,Synthetic Churn Risk Model,1.0,2026-06-30
CHN006516,CUS006516,Not Churn,0.1134,Low,Synthetic Churn Risk Model,1.0,2026-06-30
CHN006517,CUS006517,Not Churn,0.051,Low,Synthetic Churn Risk Model,1.0,2026-06-30
CHN006518,CUS006518,Not Churn,0.0218,Low,Synthetic Churn Risk Model,1.0,2026-06-30
CHN006519,CUS006519,Not Churn,0.0206,Low,Synthetic Churn Risk Model,1.0,2026-06-30
CHN006520,CUS006520,Churn,0.6246,High,Synthetic Churn Risk Model,1.0,2026-06-30
CHN006521,CUS006521,Not Churn,0.1275,Low,Synthetic Churn Risk Model,1.0,2026-06-30
CHN006522,CUS006522,Not Churn,0.4113,Medium,Synthetic Churn Risk Model,1.0,2026-06-30
CHN006523,CUS006523,Not Churn,0.1293,Low,Synthetic Churn Risk Model,1.0,2026-06-30
CHN006524,CUS006524,Not Churn,0.0999,Low,Synthetic Churn Risk Model,1.0,2026-06-30
CHN006525,CUS006525,Not Churn,0.4328,Medium,Synthetic Churn Risk Model,1.0,2026-06-30
CHN006526,CUS006526,Not Churn,0.0948,Low,Synthetic Churn Risk Model,1.0,2026-06-30
CHN006527,CUS006527,Not Churn,0.0645,Low,Synthetic Churn Risk Model,1.0,2026-06-30
CHN006528,CUS006528,Not Churn,0.4167,Medium,Synthetic Churn Risk Model,1.0,2026-06-30
CHN006529,CUS006529,Not Churn,0.0625,Low,Synthetic Churn Risk Model,1.0,2026-06-30
CHN006530,CUS006530,Not Churn,0.4302,Medium,Synthetic Churn Risk Model,1.0,2026-06-30
CHN006531,CUS006531,Not Churn,0.1452,Low,Synthetic Churn Risk Model,1.0,2026-06-30
CHN006532,CUS006532,Not Churn,0.2114,Low,Synthetic Churn Risk Model,1.0,2026-06-30
CHN006533,CUS006533,Not Churn,0.0812,Low,Synthetic Churn Risk Model,1.0,2026-06-30
CHN006534,CUS006534,Not Churn,0.0392,Low,Synthetic Churn Risk Model,1.0,2026-06-30
CHN006535,CUS006535,Not Churn,0.1066,Low,Synthetic Churn Risk Model,1.0,2026-06-30
CHN006536,CUS006536,Not Churn,0.0727,Low,Synthetic Churn Risk Model,1.0,2026-06-30
CHN006537,CUS006537,Not Churn,0.4442,Medium,Synthetic Churn Risk Model,1.0,2026-06-30
CHN006538,CUS006538,Not Churn,0.1579,Low,Synthetic Churn Risk Model,1.0,2026-06-30
CHN006539,CUS006539,Not Churn,0.3918,Medium,Synthetic Churn Risk Model,1.0,2026-06-30
CHN006540,CUS006540,Not Churn,0.0232,Low,Synthetic Churn Risk Model,1.0,2026-06-30
CHN006541,CUS006541,Not Churn,0.0901,Low,Synthetic Churn Risk Model,1.0,2026-06-30
CHN006542,CUS006542,Not Churn,0.435,Medium,Synthetic Churn Risk Model,1.0,2026-06-30
CHN006543,CUS006543,Not Churn,0.0997,Low,Synthetic Churn Risk Model,1.0,2026-06-30
CHN006544,CUS006544,Not Churn,0.1324,Low,Synthetic Churn Risk Model,1.0,2026-06-30
CHN006545,CUS006545,Not Churn,0.2947,Low,Synthetic Churn Risk Model,1.0,2026-06-30
CHN006546,CUS006546,Not Churn,0.0391,Low,Synthetic Churn Risk Model,1.0,2026-06-30
CHN006547,CUS006547,Not Churn,0.4292,Medium,Synthetic Churn Risk Model,1.0,2026-06-30
CHN006548,CUS006548,Not Churn,0.2215,Low,Synthetic Churn Risk Model,1.0,2026-06-30
CHN006549,CUS006549,Not Churn,0.0808,Low,Synthetic Churn Risk Model,1.0,2026-06-30
CHN006550,CUS006550,Not Churn,0.1227,Low,Synthetic Churn Risk Model,1.0,2026-06-30
CHN006551,CUS006551,Not Churn,0.09,Low,Synthetic Churn Risk Model,1.0,2026-06-30
CHN006552,CUS006552,Not Churn,0.4262,Medium,Synthetic Churn Risk Model,1.0,2026-06-30
CHN006553,CUS006553,Not Churn,0.1837,Low,Synthetic Churn Risk Model,1.0,2026-06-30
CHN006554,CUS006554,Not Churn,0.1054,Low,Synthetic Churn Risk Model,1.0,2026-06-30
CHN006555,CUS006555,Not Churn,0.2484,Low,Synthetic Churn Risk Model,1.0,2026-06-30
CHN006556,CUS006556,Not Churn,0.1004,Low,Synthetic Churn Risk Model,1.0,2026-06-30
CHN006557,CUS006557,Not Churn,0.3388,Medium,Synthetic Churn Risk Model,1.0,2026-06-30
CHN006558,CUS006558,Not Churn,0.1398,Low,Synthetic Churn Risk Model,1.0,2026-06-30
CHN006559,CUS006559,Not Churn,0.1995,Low,Synthetic Churn Risk Model,1.0,2026-06-30
CHN006560,CUS006560,Not Churn,0.5903,Medium,Synthetic Churn Risk Model,1.0,2026-06-30
CHN006561,CUS006561,Not Churn,0.3309,Medium,Synthetic Churn Risk Model,1.0,2026-06-30
CHN006562,CUS006562,Not Churn,0.2036,Low,Synthetic Churn Risk Model,1.0,2026-06-30
CHN006563,CUS006563,Not Churn,0.0379,Low,Synthetic Churn Risk Model,1.0,2026-06-30
CHN006564,CUS006564,Not Churn,0.1768,Low,Synthetic Churn Risk Model,1.0,2026-06-30
CHN006565,CUS006565,Not Churn,0.3593,Medium,Synthetic Churn Risk Model,1.0,2026-06-30
CHN006566,CUS006566,Not Churn,0.2404,Low,Synthetic Churn Risk Model,1.0,2026-06-30
CHN006567,CUS006567,Not Churn,0.4129,Medium,Synthetic Churn Risk Model,1.0,2026-06-30
CHN006568,CUS006568,Not Churn,0.1062,Low,Synthetic Churn Risk Model,1.0,2026-06-30
CHN006569,CUS006569,Not Churn,0.4503,Medium,Synthetic Churn Risk Model,1.0,2026-06-30
CHN006570,CUS006570,Not Churn,0.4245,Medium,Synthetic Churn Risk Model,1.0,2026-06-30
CHN006571,CUS006571,Not Churn,0.0197,Low,Synthetic Churn Risk Model,1.0,2026-06-30
CHN006572,CUS006572,Not Churn,0.0306,Low,Synthetic Churn Risk Model,1.0,2026-06-30
CHN006573,CUS006573,Not Churn,0.052,Low,Synthetic Churn Risk Model,1.0,2026-06-30
CHN006574,CUS006574,Not Churn,0.3188,Medium,Synthetic Churn Risk Model,1.0,2026-06-30
CHN006575,CUS006575,Not Churn,0.4158,Medium,Synthetic Churn Risk Model,1.0,2026-06-30
CHN006576,CUS006576,Not Churn,0.4067,Medium,Synthetic Churn Risk Model,1.0,2026-06-30
CHN006577,CUS006577,Not Churn,0.2401,Low,Synthetic Churn Risk Model,1.0,2026-06-30
CHN006578,CUS006578,Not Churn,0.0814,Low,Synthetic Churn Risk Model,1.0,2026-06-30
CHN006579,CUS006579,Not Churn,0.4021,Medium,Synthetic Churn Risk Model,1.0,2026-06-30
CHN006580,CUS006580,Not Churn,0.1752,Low,Synthetic Churn Risk Model,1.0,2026-06-30
CHN006581,CUS006581,Not Churn,0.1776,Low,Synthetic Churn Risk Model,1.0,2026-06-30
CHN006582,CUS006582,Not Churn,0.0847,Low,Synthetic Churn Risk Model,1.0,2026-06-30
CHN006583,CUS006583,Not Churn,0.0663,Low,Synthetic Churn Risk Model,1.0,2026-06-30
CHN006584,CUS006584,Not Churn,0.027,Low,Synthetic Churn Risk Model,1.0,2026-06-30
CHN006585,CUS006585,Not Churn,0.4196,Medium,Synthetic Churn Risk Model,1.0,2026-06-30
CHN006586,CUS006586,Not Churn,0.0616,Low,Synthetic Churn Risk Model,1.0,2026-06-30
CHN006587,CUS006587,Not Churn,0.3255,Medium,Synthetic Churn Risk Model,1.0,2026-06-30
CHN006588,CUS006588,Not Churn,0.0577,Low,Synthetic Churn Risk Model,1.0,2026-06-30
CHN006589,CUS006589,Not Churn,0.031,Low,Synthetic Churn Risk Model,1.0,2026-06-30
CHN006590,CUS006590,Not Churn,0.1145,Low,Synthetic Churn Risk Model,1.0,2026-06-30
CHN006591,CUS006591,Not Churn,0.396,Medium,Synthetic Churn Risk Model,1.0,2026-06-30
CHN006592,CUS006592,Not Churn,0.0541,Low,Synthetic Churn Risk Model,1.0,2026-06-30
CHN006593,CUS006593,Not Churn,0.049,Low,Synthetic Churn Risk Model,1.0,2026-06-30
CHN006594,CUS006594,Not Churn,0.0442,Low,Synthetic Churn Risk Model,1.0,2026-06-30
CHN006595,CUS006595,Not Churn,0.0318,Low,Synthetic Churn Risk Model,1.0,2026-06-30
CHN006596,CUS006596,Not Churn,0.405,Medium,Synthetic Churn Risk Model,1.0,2026-06-30
CHN006597,CUS006597,Not Churn,0.0655,Low,Synthetic Churn Risk Model,1.0,2026-06-30
CHN006598,CUS006598,Not Churn,0.1324,Low,Synthetic Churn Risk Model,1.0,2026-06-30
CHN006599,CUS006599,Not Churn,0.1246,Low,Synthetic Churn Risk Model,1.0,2026-06-30
CHN006600,CUS006600,Not Churn,0.0506,Low,Synthetic Churn Risk Model,1.0,2026-06-30
CHN006601,CUS006601,Not Churn,0.1683,Low,Synthetic Churn Risk Model,1.0,2026-06-30
CHN006602,CUS006602,Not Churn,0.346,Medium,Synthetic Churn Risk Model,1.0,2026-06-30
CHN006603,CUS006603,Not Churn,0.0385,Low,Synthetic Churn Risk Model,1.0,2026-06-30
CHN006604,CUS006604,Not Churn,0.4031,Medium,Synthetic Churn Risk Model,1.0,2026-06-30
CHN006605,CUS006605,Not Churn,0.408,Medium,Synthetic Churn Risk Model,1.0,2026-06-30
CHN006606,CUS006606,Not Churn,0.4237,Medium,Synthetic Churn Risk Model,1.0,2026-06-30
CHN006607,CUS006607,Not Churn,0.4121,Medium,Synthetic Churn Risk Model,1.0,2026-06-30
CHN006608,CUS006608,Not Churn,0.42,Medium,Synthetic Churn Risk Model,1.0,2026-06-30
CHN006609,CUS006609,Not Churn,0.4054,Medium,Synthetic Churn Risk Model,1.0,2026-06-30
CHN006610,CUS006610,Not Churn,0.1813,Low,Synthetic Churn Risk Model,1.0,2026-06-30
CHN006611,CUS006611,Not Churn,0.1524,Low,Synthetic Churn Risk Model,1.0,2026-06-30
CHN006612,CUS006612,Not Churn,0.072,Low,Synthetic Churn Risk Model,1.0,2026-06-30
CHN006613,CUS006613,Not Churn,0.0243,Low,Synthetic Churn Risk Model,1.0,2026-06-30
CHN006614,CUS006614,Not Churn,0.0493,Low,Synthetic Churn Risk Model,1.0,2026-06-30
CHN006615,CUS006615,Not Churn,0.5757,Medium,Synthetic Churn Risk Model,1.0,2026-06-30
CHN006616,CUS006616,Not Churn,0.0743,Low,Synthetic Churn Risk Model,1.0,2026-06-30
CHN006617,CUS006617,Not Churn,0.0729,Low,Synthetic Churn Risk Model,1.0,2026-06-30
CHN006618,CUS006618,Not Churn,0.1035,Low,Synthetic Churn Risk Model,1.0,2026-06-30
CHN006619,CUS006619,Not Churn,0.4115,Medium,Synthetic Churn Risk Model,1.0,2026-06-30
CHN006620,CUS006620,Not Churn,0.4626,Medium,Synthetic Churn Risk Model,1.0,2026-06-30
CHN006621,CUS006621,Not Churn,0.2347,Low,Synthetic Churn Risk Model,1.0,2026-06-30
CHN006622,CUS006622,Not Churn,0.088,Low,Synthetic Churn Risk Model,1.0,2026-06-30
CHN006623,CUS006623,Not Churn,0.0084,Low,Synthetic Churn Risk Model,1.0,2026-06-30
CHN006624,CUS006624,Not Churn,0.0331,Low,Synthetic Churn Risk Model,1.0,2026-06-30
CHN006625,CUS006625,Not Churn,0.1143,Low,Synthetic Churn Risk Model,1.0,2026-06-30
CHN006626,CUS006626,Not Churn,0.0523,Low,Synthetic Churn Risk Model,1.0,2026-06-30
CHN006627,CUS006627,Not Churn,0.1239,Low,Synthetic Churn Risk Model,1.0,2026-06-30
CHN006628,CUS006628,Not Churn,0.1069,Low,Synthetic Churn Risk Model,1.0,2026-06-30
CHN006629,CUS006629,Not Churn,0.0518,Low,Synthetic Churn Risk Model,1.0,2026-06-30
CHN006630,CUS006630,Not Churn,0.0265,Low,Synthetic Churn Risk Model,1.0,2026-06-30
CHN006631,CUS006631,Not Churn,0.3913,Medium,Synthetic Churn Risk Model,1.0,2026-06-30
CHN006632,CUS006632,Not Churn,0.0714,Low,Synthetic Churn Risk Model,1.0,2026-06-30
CHN006633,CUS006633,Not Churn,0.0076,Low,Synthetic Churn Risk Model,1.0,2026-06-30
CHN006634,CUS006634,Not Churn,0.0169,Low,Synthetic Churn Risk Model,1.0,2026-06-30
CHN006635,CUS006635,Not Churn,0.2028,Low,Synthetic Churn Risk Model,1.0,2026-06-30
CHN006636,CUS006636,Not Churn,0.0644,Low,Synthetic Churn Risk Model,1.0,2026-06-30
CHN006637,CUS006637,Not Churn,0.0773,Low,Synthetic Churn Risk Model,1.0,2026-06-30
CHN006638,CUS006638,Not Churn,0.0241,Low,Synthetic Churn Risk Model,1.0,2026-06-30
CHN006639,CUS006639,Not Churn,0.1091,Low,Synthetic Churn Risk Model,1.0,2026-06-30
CHN006640,CUS006640,Not Churn,0.0423,Low,Synthetic Churn Risk Model,1.0,2026-06-30
CHN006641,CUS006641,Not Churn,0.411,Medium,Synthetic Churn Risk Model,1.0,2026-06-30
CHN006642,CUS006642,Not Churn,0.0709,Low,Synthetic Churn Risk Model,1.0,2026-06-30
CHN006643,CUS006643,Not Churn,0.1797,Low,Synthetic Churn Risk Model,1.0,2026-06-30
CHN006644,CUS006644,Not Churn,0.2589,Low,Synthetic Churn Risk Model,1.0,2026-06-30
CHN006645,CUS006645,Not Churn,0.4034,Medium,Synthetic Churn Risk Model,1.0,2026-06-30
CHN006646,CUS006646,Not Churn,0.2361,Low,Synthetic Churn Risk Model,1.0,2026-06-30
CHN006647,CUS006647,Not Churn,0.4178,Medium,Synthetic Churn Risk Model,1.0,2026-06-30
CHN006648,CUS006648,Not Churn,0.1033,Low,Synthetic Churn Risk Model,1.0,2026-06-30
CHN006649,CUS006649,Not Churn,0.168,Low,Synthetic Churn Risk Model,1.0,2026-06-30
CHN006650,CUS006650,Not Churn,0.0298,Low,Synthetic Churn Risk Model,1.0,2026-06-30
CHN006651,CUS006651,Not Churn,0.1044,Low,Synthetic Churn Risk Model,1.0,2026-06-30
CHN006652,CUS006652,Not Churn,0.0433,Low,Synthetic Churn Risk Model,1.0,2026-06-30
CHN006653,CUS006653,Not Churn,0.459,Medium,Synthetic Churn Risk Model,1.0,2026-06-30
CHN006654,CUS006654,Not Churn,0.4143,Medium,Synthetic Churn Risk Model,1.0,2026-06-30
CHN006655,CUS006655,Not Churn,0.0274,Low,Synthetic Churn Risk Model,1.0,2026-06-30
CHN006656,CUS006656,Not Churn,0.0831,Low,Synthetic Churn Risk Model,1.0,2026-06-30
CHN006657,CUS006657,Not Churn,0.1479,Low,Synthetic Churn Risk Model,1.0,2026-06-30
CHN006658,CUS006658,Not Churn,0.0547,Low,Synthetic Churn Risk Model,1.0,2026-06-30
CHN006659,CUS006659,Not Churn,0.415,Medium,Synthetic Churn Risk Model,1.0,2026-06-30
CHN006660,CUS006660,Not Churn,0.0512,Low,Synthetic Churn Risk Model,1.0,2026-06-30
CHN006661,CUS006661,Not Churn,0.4183,Medium,Synthetic Churn Risk Model,1.0,2026-06-30
CHN006662,CUS006662,Not Churn,0.2452,Low,Synthetic Churn Risk Model,1.0,2026-06-30
CHN006663,CUS006663,Not Churn,0.4262,Medium,Synthetic Churn Risk Model,1.0,2026-06-30
CHN006664,CUS006664,Not Churn,0.4339,Medium,Synthetic Churn Risk Model,1.0,2026-06-30
CHN006665,CUS006665,Not Churn,0.4618,Medium,Synthetic Churn Risk Model,1.0,2026-06-30
CHN006666,CUS006666,Not Churn,0.4061,Medium,Synthetic Churn Risk Model,1.0,2026-06-30
CHN006667,CUS006667,Not Churn,0.0925,Low,Synthetic Churn Risk Model,1.0,2026-06-30
CHN006668,CUS006668,Not Churn,0.4209,Medium,Synthetic Churn Risk Model,1.0,2026-06-30
CHN006669,CUS006669,Not Churn,0.4029,Medium,Synthetic Churn Risk Model,1.0,2026-06-30
CHN006670,CUS006670,Not Churn,0.4125,Medium,Synthetic Churn Risk Model,1.0,2026-06-30
CHN006671,CUS006671,Not Churn,0.4437,Medium,Synthetic Churn Risk Model,1.0,2026-06-30
CHN006672,CUS006672,Not Churn,0.4121,Medium,Synthetic Churn Risk Model,1.0,2026-06-30
CHN006673,CUS006673,Not Churn,0.0697,Low,Synthetic Churn Risk Model,1.0,2026-06-30
CHN006674,CUS006674,Not Churn,0.4099,Medium,Synthetic Churn Risk Model,1.0,2026-06-30
CHN006675,CUS006675,Not Churn,0.4459,Medium,Synthetic Churn Risk Model,1.0,2026-06-30
CHN006676,CUS006676,Not Churn,0.0165,Low,Synthetic Churn Risk Model,1.0,2026-06-30
CHN006677,CUS006677,Not Churn,0.1632,Low,Synthetic Churn Risk Model,1.0,2026-06-30
CHN006678,CUS006678,Not Churn,0.2886,Low,Synthetic Churn Risk Model,1.0,2026-06-30
CHN006679,CUS006679,Not Churn,0.0205,Low,Synthetic Churn Risk Model,1.0,2026-06-30
CHN006680,CUS006680,Not Churn,0.0158,Low,Synthetic Churn Risk Model,1.0,2026-06-30
CHN006681,CUS006681,Not Churn,0.1056,Low,Synthetic Churn Risk Model,1.0,2026-06-30
CHN006682,CUS006682,Not Churn,0.0501,Low,Synthetic Churn Risk Model,1.0,2026-06-30
CHN006683,CUS006683,Not Churn,0.1679,Low,Synthetic Churn Risk Model,1.0,2026-06-30
CHN006684,CUS006684,Not Churn,0.147,Low,Synthetic Churn Risk Model,1.0,2026-06-30
CHN006685,CUS006685,Not Churn,0.0951,Low,Synthetic Churn Risk Model,1.0,2026-06-30
CHN006686,CUS006686,Not Churn,0.0488,Low,Synthetic Churn Risk Model,1.0,2026-06-30
CHN006687,CUS006687,Not Churn,0.4376,Medium,Synthetic Churn Risk Model,1.0,2026-06-30
CHN006688,CUS006688,Not Churn,0.1085,Low,Synthetic Churn Risk Model,1.0,2026-06-30
CHN006689,CUS006689,Not Churn,0.4028,Medium,Synthetic Churn Risk Model,1.0,2026-06-30
CHN006690,CUS006690,Not Churn,0.1273,Low,Synthetic Churn Risk Model,1.0,2026-06-30
CHN006691,CUS006691,Not Churn,0.2111,Low,Synthetic Churn Risk Model,1.0,2026-06-30
CHN006692,CUS006692,Not Churn,0.4008,Medium,Synthetic Churn Risk Model,1.0,2026-06-30
CHN006693,CUS006693,Not Churn,0.0263,Low,Synthetic Churn Risk Model,1.0,2026-06-30
CHN006694,CUS006694,Not Churn,0.1028,Low,Synthetic Churn Risk Model,1.0,2026-06-30
CHN006695,CUS006695,Not Churn,0.0719,Low,Synthetic Churn Risk Model,1.0,2026-06-30
CHN006696,CUS006696,Not Churn,0.0238,Low,Synthetic Churn Risk Model,1.0,2026-06-30
CHN006697,CUS006697,Not Churn,0.0429,Low,Synthetic Churn Risk Model,1.0,2026-06-30
CHN006698,CUS006698,Not Churn,0.0888,Low,Synthetic Churn Risk Model,1.0,2026-06-30
CHN006699,CUS006699,Not Churn,0.0669,Low,Synthetic Churn Risk Model,1.0,2026-06-30
CHN006700,CUS006700,Not Churn,0.018,Low,Synthetic Churn Risk Model,1.0,2026-06-30
CHN006701,CUS006701,Not Churn,0.0229,Low,Synthetic Churn Risk Model,1.0,2026-06-30
CHN006702,CUS006702,Not Churn,0.208,Low,Synthetic Churn Risk Model,1.0,2026-06-30
CHN006703,CUS006703,Not Churn,0.0387,Low,Synthetic Churn Risk Model,1.0,2026-06-30
CHN006704,CUS006704,Not Churn,0.0986,Low,Synthetic Churn Risk Model,1.0,2026-06-30
CHN006705,CUS006705,Not Churn,0.0251,Low,Synthetic Churn Risk Model,1.0,2026-06-30
CHN006706,CUS006706,Not Churn,0.0515,Low,Synthetic Churn Risk Model,1.0,2026-06-30
CHN006707,CUS006707,Not Churn,0.029,Low,Synthetic Churn Risk Model,1.0,2026-06-30
CHN006708,CUS006708,Not Churn,0.1757,Low,Synthetic Churn Risk Model,1.0,2026-06-30
CHN006709,CUS006709,Not Churn,0.0148,Low,Synthetic Churn Risk Model,1.0,2026-06-30
CHN006710,CUS006710,Not Churn,0.414,Medium,Synthetic Churn Risk Model,1.0,2026-06-30
CHN006711,CUS006711,Not Churn,0.0844,Low,Synthetic Churn Risk Model,1.0,2026-06-30
CHN006712,CUS006712,Not Churn,0.0946,Low,Synthetic Churn Risk Model,1.0,2026-06-30
CHN006713,CUS006713,Not Churn,0.1457,Low,Synthetic Churn Risk Model,1.0,2026-06-30
CHN006714,CUS006714,Not Churn,0.0417,Low,Synthetic Churn Risk Model,1.0,2026-06-30
CHN006715,CUS006715,Not Churn,0.1069,Low,Synthetic Churn Risk Model,1.0,2026-06-30
CHN006716,CUS006716,Not Churn,0.0901,Low,Synthetic Churn Risk Model,1.0,2026-06-30
CHN006717,CUS006717,Not Churn,0.3299,Medium,Synthetic Churn Risk Model,1.0,2026-06-30
CHN006718,CUS006718,Not Churn,0.4508,Medium,Synthetic Churn Risk Model,1.0,2026-06-30
CHN006719,CUS006719,Not Churn,0.0043,Low,Synthetic Churn Risk Model,1.0,2026-06-30
CHN006720,CUS006720,Not Churn,0.1242,Low,Synthetic Churn Risk Model,1.0,2026-06-30
CHN006721,CUS006721,Not Churn,0.0302,Low,Synthetic Churn Risk Model,1.0,2026-06-30
CHN006722,CUS006722,Not Churn,0.0373,Low,Synthetic Churn Risk Model,1.0,2026-06-30
CHN006723,CUS006723,Not Churn,0.0478,Low,Synthetic Churn Risk Model,1.0,2026-06-30
CHN006724,CUS006724,Not Churn,0.0352,Low,Synthetic Churn Risk Model,1.0,2026-06-30
CHN006725,CUS006725,Not Churn,0.4146,Medium,Synthetic Churn Risk Model,1.0,2026-06-30
CHN006726,CUS006726,Not Churn,0.1227,Low,Synthetic Churn Risk Model,1.0,2026-06-30
CHN006727,CUS006727,Not Churn,0.0567,Low,Synthetic Churn Risk Model,1.0,2026-06-30
CHN006728,CUS006728,Not Churn,0.0406,Low,Synthetic Churn Risk Model,1.0,2026-06-30
CHN006729,CUS006729,Not Churn,0.051,Low,Synthetic Churn Risk Model,1.0,2026-06-30
CHN006730,CUS006730,Not Churn,0.4089,Medium,Synthetic Churn Risk Model,1.0,2026-06-30
CHN006731,CUS006731,Not Churn,0.028,Low,Synthetic Churn Risk Model,1.0,2026-06-30
CHN006732,CUS006732,Not Churn,0.1413,Low,Synthetic Churn Risk Model,1.0,2026-06-30
CHN006733,CUS006733,Not Churn,0.1008,Low,Synthetic Churn Risk Model,1.0,2026-06-30
CHN006734,CUS006734,Not Churn,0.4149,Medium,Synthetic Churn Risk Model,1.0,2026-06-30
CHN006735,CUS006735,Not Churn,0.4144,Medium,Synthetic Churn Risk Model,1.0,2026-06-30
CHN006736,CUS006736,Not Churn,0.1042,Low,Synthetic Churn Risk Model,1.0,2026-06-30
CHN006737,CUS006737,Not Churn,0.4137,Medium,Synthetic Churn Risk Model,1.0,2026-06-30
CHN006738,CUS006738,Not Churn,0.4128,Medium,Synthetic Churn Risk Model,1.0,2026-06-30
CHN006739,CUS006739,Not Churn,0.0894,Low,Synthetic Churn Risk Model,1.0,2026-06-30
CHN006740,CUS006740,Not Churn,0.147,Low,Synthetic Churn Risk Model,1.0,2026-06-30
CHN006741,CUS006741,Not Churn,0.1064,Low,Synthetic Churn Risk Model,1.0,2026-06-30
CHN006742,CUS006742,Not Churn,0.1112,Low,Synthetic Churn Risk Model,1.0,2026-06-30
CHN006743,CUS006743,Not Churn,0.0365,Low,Synthetic Churn Risk Model,1.0,2026-06-30
CHN006744,CUS006744,Not Churn,0.1402,Low,Synthetic Churn Risk Model,1.0,2026-06-30
CHN006745,CUS006745,Not Churn,0.2342,Low,Synthetic Churn Risk Model,1.0,2026-06-30
CHN006746,CUS006746,Not Churn,0.0565,Low,Synthetic Churn Risk Model,1.0,2026-06-30
CHN006747,CUS006747,Not Churn,0.1113,Low,Synthetic Churn Risk Model,1.0,2026-06-30
CHN006748,CUS006748,Not Churn,0.3287,Medium,Synthetic Churn Risk Model,1.0,2026-06-30
CHN006749,CUS006749,Not Churn,0.4051,Medium,Synthetic Churn Risk Model,1.0,2026-06-30
CHN006750,CUS006750,Not Churn,0.0684,Low,Synthetic Churn Risk Model,1.0,2026-06-30
CHN006751,CUS006751,Not Churn,0.1173,Low,Synthetic Churn Risk Model,1.0,2026-06-30
CHN006752,CUS006752,Not Churn,0.0302,Low,Synthetic Churn Risk Model,1.0,2026-06-30
CHN006753,CUS006753,Not Churn,0.1183,Low,Synthetic Churn Risk Model,1.0,2026-06-30
CHN006754,CUS006754,Not Churn,0.4234,Medium,Synthetic Churn Risk Model,1.0,2026-06-30
CHN006755,CUS006755,Not Churn,0.0919,Low,Synthetic Churn Risk Model,1.0,2026-06-30
CHN006756,CUS006756,Churn,0.6447,High,Synthetic Churn Risk Model,1.0,2026-06-30
CHN006757,CUS006757,Not Churn,0.0941,Low,Synthetic Churn Risk Model,1.0,2026-06-30
CHN006758,CUS006758,Not Churn,0.2165,Low,Synthetic Churn Risk Model,1.0,2026-06-30
CHN006759,CUS006759,Not Churn,0.0343,Low,Synthetic Churn Risk Model,1.0,2026-06-30
CHN006760,CUS006760,Not Churn,0.4061,Medium,Synthetic Churn Risk Model,1.0,2026-06-30
CHN006761,CUS006761,Not Churn,0.2031,Low,Synthetic Churn Risk Model,1.0,2026-06-30
CHN006762,CUS006762,Not Churn,0.3285,Medium,Synthetic Churn Risk Model,1.0,2026-06-30
CHN006763,CUS006763,Not Churn,0.0357,Low,Synthetic Churn Risk Model,1.0,2026-06-30
CHN006764,CUS006764,Not Churn,0.2219,Low,Synthetic Churn Risk Model,1.0,2026-06-30
CHN006765,CUS006765,Not Churn,0.2344,Low,Synthetic Churn Risk Model,1.0,2026-06-30
CHN006766,CUS006766,Not Churn,0.0201,Low,Synthetic Churn Risk Model,1.0,2026-06-30
CHN006767,CUS006767,Not Churn,0.1178,Low,Synthetic Churn Risk Model,1.0,2026-06-30
CHN006768,CUS006768,Not Churn,0.4393,Medium,Synthetic Churn Risk Model,1.0,2026-06-30
CHN006769,CUS006769,Not Churn,0.0184,Low,Synthetic Churn Risk Model,1.0,2026-06-30
CHN006770,CUS006770,Not Churn,0.0161,Low,Synthetic Churn Risk Model,1.0,2026-06-30
CHN006771,CUS006771,Not Churn,0.0264,Low,Synthetic Churn Risk Model,1.0,2026-06-30
CHN006772,CUS006772,Not Churn,0.3974,Medium,Synthetic Churn Risk Model,1.0,2026-06-30
CHN006773,CUS006773,Not Churn,0.4159,Medium,Synthetic Churn Risk Model,1.0,2026-06-30
CHN006774,CUS006774,Not Churn,0.0585,Low,Synthetic Churn Risk Model,1.0,2026-06-30
CHN006775,CUS006775,Not Churn,0.0312,Low,Synthetic Churn Risk Model,1.0,2026-06-30
CHN006776,CUS006776,Not Churn,0.4132,Medium,Synthetic Churn Risk Model,1.0,2026-06-30
CHN006777,CUS006777,Not Churn,0.4021,Medium,Synthetic Churn Risk Model,1.0,2026-06-30
CHN006778,CUS006778,Not Churn,0.0422,Low,Synthetic Churn Risk Model,1.0,2026-06-30
CHN006779,CUS006779,Not Churn,0.0734,Low,Synthetic Churn Risk Model,1.0,2026-06-30
CHN006780,CUS006780,Not Churn,0.4209,Medium,Synthetic Churn Risk Model,1.0,2026-06-30
CHN006781,CUS006781,Not Churn,0.0588,Low,Synthetic Churn Risk Model,1.0,2026-06-30
CHN006782,CUS006782,Not Churn,0.4355,Medium,Synthetic Churn Risk Model,1.0,2026-06-30
CHN006783,CUS006783,Not Churn,0.0972,Low,Synthetic Churn Risk Model,1.0,2026-06-30
CHN006784,CUS006784,Not Churn,0.4202,Medium,Synthetic Churn Risk Model,1.0,2026-06-30
CHN006785,CUS006785,Not Churn,0.4235,Medium,Synthetic Churn Risk Model,1.0,2026-06-30
CHN006786,CUS006786,Not Churn,0.2164,Low,Synthetic Churn Risk Model,1.0,2026-06-30
CHN006787,CUS006787,Not Churn,0.2276,Low,Synthetic Churn Risk Model,1.0,2026-06-30
CHN006788,CUS006788,Not Churn,0.4339,Medium,Synthetic Churn Risk Model,1.0,2026-06-30
CHN006789,CUS006789,Not Churn,0.0823,Low,Synthetic Churn Risk Model,1.0,2026-06-30
CHN006790,CUS006790,Not Churn,0.1652,Low,Synthetic Churn Risk Model,1.0,2026-06-30
CHN006791,CUS006791,Not Churn,0.0024,Low,Synthetic Churn Risk Model,1.0,2026-06-30
CHN006792,CUS006792,Not Churn,0.0637,Low,Synthetic Churn Risk Model,1.0,2026-06-30
CHN006793,CUS006793,Not Churn,0.0584,Low,Synthetic Churn Risk Model,1.0,2026-06-30
CHN006794,CUS006794,Not Churn,0.1193,Low,Synthetic Churn Risk Model,1.0,2026-06-30
CHN006795,CUS006795,Not Churn,0.0561,Low,Synthetic Churn Risk Model,1.0,2026-06-30
CHN006796,CUS006796,Not Churn,0.015,Low,Synthetic Churn Risk Model,1.0,2026-06-30
CHN006797,CUS006797,Not Churn,0.3974,Medium,Synthetic Churn Risk Model,1.0,2026-06-30
CHN006798,CUS006798,Not Churn,0.0468,Low,Synthetic Churn Risk Model,1.0,2026-06-30
CHN006799,CUS006799,Not Churn,0.0645,Low,Synthetic Churn Risk Model,1.0,2026-06-30
CHN006800,CUS006800,Not Churn,0.0586,Low,Synthetic Churn Risk Model,1.0,2026-06-30
CHN006801,CUS006801,Not Churn,0.041,Low,Synthetic Churn Risk Model,1.0,2026-06-30
CHN006802,CUS006802,Not Churn,0.1102,Low,Synthetic Churn Risk Model,1.0,2026-06-30
CHN006803,CUS006803,Not Churn,0.111,Low,Synthetic Churn Risk Model,1.0,2026-06-30
CHN006804,CUS006804,Not Churn,0.1187,Low,Synthetic Churn Risk Model,1.0,2026-06-30
CHN006805,CUS006805,Not Churn,0.4158,Medium,Synthetic Churn Risk Model,1.0,2026-06-30
CHN006806,CUS006806,Not Churn,0.4081,Medium,Synthetic Churn Risk Model,1.0,2026-06-30
CHN006807,CUS006807,Not Churn,0.4275,Medium,Synthetic Churn Risk Model,1.0,2026-06-30
CHN006808,CUS006808,Not Churn,0.0865,Low,Synthetic Churn Risk Model,1.0,2026-06-30
CHN006809,CUS006809,Not Churn,0.0736,Low,Synthetic Churn Risk Model,1.0,2026-06-30
CHN006810,CUS006810,Not Churn,0.093,Low,Synthetic Churn Risk Model,1.0,2026-06-30
CHN006811,CUS006811,Not Churn,0.0853,Low,Synthetic Churn Risk Model,1.0,2026-06-30
CHN006812,CUS006812,Not Churn,0.1126,Low,Synthetic Churn Risk Model,1.0,2026-06-30
CHN006813,CUS006813,Not Churn,0.4295,Medium,Synthetic Churn Risk Model,1.0,2026-06-30
CHN006814,CUS006814,Not Churn,0.4155,Medium,Synthetic Churn Risk Model,1.0,2026-06-30
CHN006815,CUS006815,Not Churn,0.0421,Low,Synthetic Churn Risk Model,1.0,2026-06-30
CHN006816,CUS006816,Not Churn,0.0531,Low,Synthetic Churn Risk Model,1.0,2026-06-30
CHN006817,CUS006817,Not Churn,0.4278,Medium,Synthetic Churn Risk Model,1.0,2026-06-30
CHN006818,CUS006818,Not Churn,0.0746,Low,Synthetic Churn Risk Model,1.0,2026-06-30
CHN006819,CUS006819,Not Churn,0.4311,Medium,Synthetic Churn Risk Model,1.0,2026-06-30
CHN006820,CUS006820,Not Churn,0.1973,Low,Synthetic Churn Risk Model,1.0,2026-06-30
CHN006821,CUS006821,Not Churn,0.0717,Low,Synthetic Churn Risk Model,1.0,2026-06-30
CHN006822,CUS006822,Not Churn,0.3916,Medium,Synthetic Churn Risk Model,1.0,2026-06-30
CHN006823,CUS006823,Not Churn,0.4573,Medium,Synthetic Churn Risk Model,1.0,2026-06-30
CHN006824,CUS006824,Not Churn,0.0546,Low,Synthetic Churn Risk Model,1.0,2026-06-30
CHN006825,CUS006825,Not Churn,0.3366,Medium,Synthetic Churn Risk Model,1.0,2026-06-30
CHN006826,CUS006826,Not Churn,0.0586,Low,Synthetic Churn Risk Model,1.0,2026-06-30
CHN006827,CUS006827,Not Churn,0.0566,Low,Synthetic Churn Risk Model,1.0,2026-06-30
CHN006828,CUS006828,Not Churn,0.0331,Low,Synthetic Churn Risk Model,1.0,2026-06-30
CHN006829,CUS006829,Not Churn,0.0329,Low,Synthetic Churn Risk Model,1.0,2026-06-30
CHN006830,CUS006830,Not Churn,0.4131,Medium,Synthetic Churn Risk Model,1.0,2026-06-30
CHN006831,CUS006831,Not Churn,0.1448,Low,Synthetic Churn Risk Model,1.0,2026-06-30
CHN006832,CUS006832,Not Churn,0.4308,Medium,Synthetic Churn Risk Model,1.0,2026-06-30
CHN006833,CUS006833,Not Churn,0.0431,Low,Synthetic Churn Risk Model,1.0,2026-06-30
CHN006834,CUS006834,Not Churn,0.0453,Low,Synthetic Churn Risk Model,1.0,2026-06-30
CHN006835,CUS006835,Not Churn,0.4157,Medium,Synthetic Churn Risk Model,1.0,2026-06-30
CHN006836,CUS006836,Not Churn,0.1205,Low,Synthetic Churn Risk Model,1.0,2026-06-30
CHN006837,CUS006837,Not Churn,0.0093,Low,Synthetic Churn Risk Model,1.0,2026-06-30
CHN006838,CUS006838,Not Churn,0.0659,Low,Synthetic Churn Risk Model,1.0,2026-06-30
CHN006839,CUS006839,Not Churn,0.11,Low,Synthetic Churn Risk Model,1.0,2026-06-30
CHN006840,CUS006840,Not Churn,0.0238,Low,Synthetic Churn Risk Model,1.0,2026-06-30
CHN006841,CUS006841,Not Churn,0.2763,Low,Synthetic Churn Risk Model,1.0,2026-06-30
CHN006842,CUS006842,Not Churn,0.0998,Low,Synthetic Churn Risk Model,1.0,2026-06-30
CHN006843,CUS006843,Not Churn,0.4162,Medium,Synthetic Churn Risk Model,1.0,2026-06-30
CHN006844,CUS006844,Not Churn,0.0362,Low,Synthetic Churn Risk Model,1.0,2026-06-30
CHN006845,CUS006845,Not Churn,0.3996,Medium,Synthetic Churn Risk Model,1.0,2026-06-30
CHN006846,CUS006846,Not Churn,0.0805,Low,Synthetic Churn Risk Model,1.0,2026-06-30
CHN006847,CUS006847,Not Churn,0.038,Low,Synthetic Churn Risk Model,1.0,2026-06-30
CHN006848,CUS006848,Not Churn,0.0762,Low,Synthetic Churn Risk Model,1.0,2026-06-30
CHN006849,CUS006849,Not Churn,0.4047,Medium,Synthetic Churn Risk Model,1.0,2026-06-30
CHN006850,CUS006850,Not Churn,0.0265,Low,Synthetic Churn Risk Model,1.0,2026-06-30
CHN006851,CUS006851,Not Churn,0.2036,Low,Synthetic Churn Risk Model,1.0,2026-06-30
CHN006852,CUS006852,Not Churn,0.3932,Medium,Synthetic Churn Risk Model,1.0,2026-06-30
CHN006853,CUS006853,Not Churn,0.0679,Low,Synthetic Churn Risk Model,1.0,2026-06-30
CHN006854,CUS006854,Not Churn,0.0721,Low,Synthetic Churn Risk Model,1.0,2026-06-30
CHN006855,CUS006855,Not Churn,0.1311,Low,Synthetic Churn Risk Model,1.0,2026-06-30
CHN006856,CUS006856,Not Churn,0.4124,Medium,Synthetic Churn Risk Model,1.0,2026-06-30
CHN006857,CUS006857,Not Churn,0.0831,Low,Synthetic Churn Risk Model,1.0,2026-06-30
CHN006858,CUS006858,Not Churn,0.0632,Low,Synthetic Churn Risk Model,1.0,2026-06-30
CHN006859,CUS006859,Not Churn,0.1005,Low,Synthetic Churn Risk Model,1.0,2026-06-30
CHN006860,CUS006860,Not Churn,0.4101,Medium,Synthetic Churn Risk Model,1.0,2026-06-30
CHN006861,CUS006861,Not Churn,0.4089,Medium,Synthetic Churn Risk Model,1.0,2026-06-30
CHN006862,CUS006862,Not Churn,0.3964,Medium,Synthetic Churn Risk Model,1.0,2026-06-30
CHN006863,CUS006863,Not Churn,0.051,Low,Synthetic Churn Risk Model,1.0,2026-06-30
CHN006864,CUS006864,Not Churn,0.0954,Low,Synthetic Churn Risk Model,1.0,2026-06-30
CHN006865,CUS006865,Not Churn,0.4336,Medium,Synthetic Churn Risk Model,1.0,2026-06-30
CHN006866,CUS006866,Not Churn,0.2271,Low,Synthetic Churn Risk Model,1.0,2026-06-30
CHN006867,CUS006867,Not Churn,0.4276,Medium,Synthetic Churn Risk Model,1.0,2026-06-30
CHN006868,CUS006868,Not Churn,0.1319,Low,Synthetic Churn Risk Model,1.0,2026-06-30
CHN006869,CUS006869,Not Churn,0.122,Low,Synthetic Churn Risk Model,1.0,2026-06-30
CHN006870,CUS006870,Not Churn,0.4069,Medium,Synthetic Churn Risk Model,1.0,2026-06-30
CHN006871,CUS006871,Not Churn,0.1031,Low,Synthetic Churn Risk Model,1.0,2026-06-30
CHN006872,CUS006872,Not Churn,0.0579,Low,Synthetic Churn Risk Model,1.0,2026-06-30
CHN006873,CUS006873,Not Churn,0.1134,Low,Synthetic Churn Risk Model,1.0,2026-06-30
CHN006874,CUS006874,Not Churn,0.0839,Low,Synthetic Churn Risk Model,1.0,2026-06-30
CHN006875,CUS006875,Not Churn,0.1591,Low,Synthetic Churn Risk Model,1.0,2026-06-30
CHN006876,CUS006876,Not Churn,0.0412,Low,Synthetic Churn Risk Model,1.0,2026-06-30
CHN006877,CUS006877,Not Churn,0.0186,Low,Synthetic Churn Risk Model,1.0,2026-06-30
CHN006878,CUS006878,Not Churn,0.0678,Low,Synthetic Churn Risk Model,1.0,2026-06-30
CHN006879,CUS006879,Not Churn,0.0508,Low,Synthetic Churn Risk Model,1.0,2026-06-30
CHN006880,CUS006880,Not Churn,0.0173,Low,Synthetic Churn Risk Model,1.0,2026-06-30
CHN006881,CUS006881,Not Churn,0.0865,Low,Synthetic Churn Risk Model,1.0,2026-06-30
CHN006882,CUS006882,Not Churn,0.0192,Low,Synthetic Churn Risk Model,1.0,2026-06-30
CHN006883,CUS006883,Not Churn,0.4104,Medium,Synthetic Churn Risk Model,1.0,2026-06-30
CHN006884,CUS006884,Not Churn,0.0876,Low,Synthetic Churn Risk Model,1.0,2026-06-30
CHN006885,CUS006885,Not Churn,0.0189,Low,Synthetic Churn Risk Model,1.0,2026-06-30
CHN006886,CUS006886,Not Churn,0.4217,Medium,Synthetic Churn Risk Model,1.0,2026-06-30
CHN006887,CUS006887,Not Churn,0.1398,Low,Synthetic Churn Risk Model,1.0,2026-06-30
CHN006888,CUS006888,Not Churn,0.0239,Low,Synthetic Churn Risk Model,1.0,2026-06-30
CHN006889,CUS006889,Not Churn,0.142,Low,Synthetic Churn Risk Model,1.0,2026-06-30
CHN006890,CUS006890,Not Churn,0.0336,Low,Synthetic Churn Risk Model,1.0,2026-06-30
CHN006891,CUS006891,Not Churn,0.0112,Low,Synthetic Churn Risk Model,1.0,2026-06-30
CHN006892,CUS006892,Not Churn,0.0518,Low,Synthetic Churn Risk Model,1.0,2026-06-30
CHN006893,CUS006893,Not Churn,0.1768,Low,Synthetic Churn Risk Model,1.0,2026-06-30
CHN006894,CUS006894,Not Churn,0.282,Low,Synthetic Churn Risk Model,1.0,2026-06-30
CHN006895,CUS006895,Not Churn,0.1388,Low,Synthetic Churn Risk Model,1.0,2026-06-30
CHN006896,CUS006896,Not Churn,0.0332,Low,Synthetic Churn Risk Model,1.0,2026-06-30
CHN006897,CUS006897,Not Churn,0.223,Low,Synthetic Churn Risk Model,1.0,2026-06-30
CHN006898,CUS006898,Not Churn,0.0749,Low,Synthetic Churn Risk Model,1.0,2026-06-30
CHN006899,CUS006899,Not Churn,0.1736,Low,Synthetic Churn Risk Model,1.0,2026-06-30
CHN006900,CUS006900,Not Churn,0.0971,Low,Synthetic Churn Risk Model,1.0,2026-06-30
CHN006901,CUS006901,Not Churn,0.1297,Low,Synthetic Churn Risk Model,1.0,2026-06-30
CHN006902,CUS006902,Not Churn,0.0225,Low,Synthetic Churn Risk Model,1.0,2026-06-30
CHN006903,CUS006903,Not Churn,0.4048,Medium,Synthetic Churn Risk Model,1.0,2026-06-30
CHN006904,CUS006904,Not Churn,0.4213,Medium,Synthetic Churn Risk Model,1.0,2026-06-30
CHN006905,CUS006905,Not Churn,0.4303,Medium,Synthetic Churn Risk Model,1.0,2026-06-30
CHN006906,CUS006906,Not Churn,0.4051,Medium,Synthetic Churn Risk Model,1.0,2026-06-30
CHN006907,CUS006907,Not Churn,0.1191,Low,Synthetic Churn Risk Model,1.0,2026-06-30
CHN006908,CUS006908,Not Churn,0.049,Low,Synthetic Churn Risk Model,1.0,2026-06-30
CHN006909,CUS006909,Not Churn,0.0329,Low,Synthetic Churn Risk Model,1.0,2026-06-30
CHN006910,CUS006910,Not Churn,0.141,Low,Synthetic Churn Risk Model,1.0,2026-06-30
CHN006911,CUS006911,Not Churn,0.0742,Low,Synthetic Churn Risk Model,1.0,2026-06-30
CHN006912,CUS006912,Not Churn,0.0433,Low,Synthetic Churn Risk Model,1.0,2026-06-30
CHN006913,CUS006913,Not Churn,0.2006,Low,Synthetic Churn Risk Model,1.0,2026-06-30
CHN006914,CUS006914,Churn,0.6368,High,Synthetic Churn Risk Model,1.0,2026-06-30
CHN006915,CUS006915,Not Churn,0.0196,Low,Synthetic Churn Risk Model,1.0,2026-06-30
CHN006916,CUS006916,Not Churn,0.3779,Medium,Synthetic Churn Risk Model,1.0,2026-06-30
CHN006917,CUS006917,Not Churn,0.1018,Low,Synthetic Churn Risk Model,1.0,2026-06-30
CHN006918,CUS006918,Not Churn,0.4272,Medium,Synthetic Churn Risk Model,1.0,2026-06-30
CHN006919,CUS006919,Not Churn,0.0523,Low,Synthetic Churn Risk Model,1.0,2026-06-30
CHN006920,CUS006920,Not Churn,0.0478,Low,Synthetic Churn Risk Model,1.0,2026-06-30
CHN006921,CUS006921,Not Churn,0.0139,Low,Synthetic Churn Risk Model,1.0,2026-06-30
CHN006922,CUS006922,Not Churn,0.0347,Low,Synthetic Churn Risk Model,1.0,2026-06-30
CHN006923,CUS006923,Not Churn,0.1891,Low,Synthetic Churn Risk Model,1.0,2026-06-30
CHN006924,CUS006924,Not Churn,0.054,Low,Synthetic Churn Risk Model,1.0,2026-06-30
CHN006925,CUS006925,Not Churn,0.2142,Low,Synthetic Churn Risk Model,1.0,2026-06-30
CHN006926,CUS006926,Not Churn,0.4093,Medium,Synthetic Churn Risk Model,1.0,2026-06-30
CHN006927,CUS006927,Not Churn,0.1571,Low,Synthetic Churn Risk Model,1.0,2026-06-30
CHN006928,CUS006928,Not Churn,0.2402,Low,Synthetic Churn Risk Model,1.0,2026-06-30
CHN006929,CUS006929,Not Churn,0.303,Medium,Synthetic Churn Risk Model,1.0,2026-06-30
CHN006930,CUS006930,Not Churn,0.2707,Low,Synthetic Churn Risk Model,1.0,2026-06-30
CHN006931,CUS006931,Not Churn,0.1117,Low,Synthetic Churn Risk Model,1.0,2026-06-30
CHN006932,CUS006932,Not Churn,0.4297,Medium,Synthetic Churn Risk Model,1.0,2026-06-30
CHN006933,CUS006933,Not Churn,0.3972,Medium,Synthetic Churn Risk Model,1.0,2026-06-30
CHN006934,CUS006934,Not Churn,0.4144,Medium,Synthetic Churn Risk Model,1.0,2026-06-30
CHN006935,CUS006935,Not Churn,0.4253,Medium,Synthetic Churn Risk Model,1.0,2026-06-30
CHN006936,CUS006936,Not Churn,0.3363,Medium,Synthetic Churn Risk Model,1.0,2026-06-30
CHN006937,CUS006937,Not Churn,0.0472,Low,Synthetic Churn Risk Model,1.0,2026-06-30
CHN006938,CUS006938,Not Churn,0.1318,Low,Synthetic Churn Risk Model,1.0,2026-06-30
CHN006939,CUS006939,Not Churn,0.0378,Low,Synthetic Churn Risk Model,1.0,2026-06-30
CHN006940,CUS006940,Not Churn,0.0966,Low,Synthetic Churn Risk Model,1.0,2026-06-30
CHN006941,CUS006941,Not Churn,0.0964,Low,Synthetic Churn Risk Model,1.0,2026-06-30
CHN006942,CUS006942,Not Churn,0.1103,Low,Synthetic Churn Risk Model,1.0,2026-06-30
CHN006943,CUS006943,Not Churn,0.059,Low,Synthetic Churn Risk Model,1.0,2026-06-30
CHN006944,CUS006944,Not Churn,0.3295,Medium,Synthetic Churn Risk Model,1.0,2026-06-30
CHN006945,CUS006945,Not Churn,0.1964,Low,Synthetic Churn Risk Model,1.0,2026-06-30
CHN006946,CUS006946,Not Churn,0.0806,Low,Synthetic Churn Risk Model,1.0,2026-06-30
CHN006947,CUS006947,Not Churn,0.1816,Low,Synthetic Churn Risk Model,1.0,2026-06-30
CHN006948,CUS006948,Not Churn,0.4274,Medium,Synthetic Churn Risk Model,1.0,2026-06-30
CHN006949,CUS006949,Not Churn,0.0915,Low,Synthetic Churn Risk Model,1.0,2026-06-30
CHN006950,CUS006950,Not Churn,0.0619,Low,Synthetic Churn Risk Model,1.0,2026-06-30
CHN006951,CUS006951,Not Churn,0.1002,Low,Synthetic Churn Risk Model,1.0,2026-06-30
CHN006952,CUS006952,Not Churn,0.4314,Medium,Synthetic Churn Risk Model,1.0,2026-06-30
CHN006953,CUS006953,Not Churn,0.4093,Medium,Synthetic Churn Risk Model,1.0,2026-06-30
CHN006954,CUS006954,Not Churn,0.0177,Low,Synthetic Churn Risk Model,1.0,2026-06-30
CHN006955,CUS006955,Not Churn,0.1367,Low,Synthetic Churn Risk Model,1.0,2026-06-30
CHN006956,CUS006956,Not Churn,0.0537,Low,Synthetic Churn Risk Model,1.0,2026-06-30
CHN006957,CUS006957,Not Churn,0.4082,Medium,Synthetic Churn Risk Model,1.0,2026-06-30
CHN006958,CUS006958,Not Churn,0.4041,Medium,Synthetic Churn Risk Model,1.0,2026-06-30
CHN006959,CUS006959,Not Churn,0.1039,Low,Synthetic Churn Risk Model,1.0,2026-06-30
CHN006960,CUS006960,Not Churn,0.4094,Medium,Synthetic Churn Risk Model,1.0,2026-06-30
CHN006961,CUS006961,Not Churn,0.4205,Medium,Synthetic Churn Risk Model,1.0,2026-06-30
CHN006962,CUS006962,Not Churn,0.0243,Low,Synthetic Churn Risk Model,1.0,2026-06-30
CHN006963,CUS006963,Not Churn,0.0473,Low,Synthetic Churn Risk Model,1.0,2026-06-30
CHN006964,CUS006964,Not Churn,0.0416,Low,Synthetic Churn Risk Model,1.0,2026-06-30
CHN006965,CUS006965,Not Churn,0.0641,Low,Synthetic Churn Risk Model,1.0,2026-06-30
CHN006966,CUS006966,Not Churn,0.0339,Low,Synthetic Churn Risk Model,1.0,2026-06-30
CHN006967,CUS006967,Not Churn,0.1099,Low,Synthetic Churn Risk Model,1.0,2026-06-30
CHN006968,CUS006968,Not Churn,0.0678,Low,Synthetic Churn Risk Model,1.0,2026-06-30
CHN006969,CUS006969,Not Churn,0.0376,Low,Synthetic Churn Risk Model,1.0,2026-06-30
CHN006970,CUS006970,Not Churn,0.0493,Low,Synthetic Churn Risk Model,1.0,2026-06-30
CHN006971,CUS006971,Not Churn,0.1876,Low,Synthetic Churn Risk Model,1.0,2026-06-30
CHN006972,CUS006972,Not Churn,0.2265,Low,Synthetic Churn Risk Model,1.0,2026-06-30
CHN006973,CUS006973,Not Churn,0.0555,Low,Synthetic Churn Risk Model,1.0,2026-06-30
CHN006974,CUS006974,Not Churn,0.1062,Low,Synthetic Churn Risk Model,1.0,2026-06-30
CHN006975,CUS006975,Not Churn,0.4107,Medium,Synthetic Churn Risk Model,1.0,2026-06-30
CHN006976,CUS006976,Not Churn,0.0961,Low,Synthetic Churn Risk Model,1.0,2026-06-30
CHN006977,CUS006977,Not Churn,0.0866,Low,Synthetic Churn Risk Model,1.0,2026-06-30
CHN006978,CUS006978,Not Churn,0.1166,Low,Synthetic Churn Risk Model,1.0,2026-06-30
CHN006979,CUS006979,Not Churn,0.0778,Low,Synthetic Churn Risk Model,1.0,2026-06-30
CHN006980,CUS006980,Not Churn,0.4159,Medium,Synthetic Churn Risk Model,1.0,2026-06-30
CHN006981,CUS006981,Not Churn,0.3962,Medium,Synthetic Churn Risk Model,1.0,2026-06-30
CHN006982,CUS006982,Not Churn,0.4099,Medium,Synthetic Churn Risk Model,1.0,2026-06-30
CHN006983,CUS006983,Not Churn,0.0458,Low,Synthetic Churn Risk Model,1.0,2026-06-30
CHN006984,CUS006984,Churn,0.6933,High,Synthetic Churn Risk Model,1.0,2026-06-30
CHN006985,CUS006985,Not Churn,0.1401,Low,Synthetic Churn Risk Model,1.0,2026-06-30
CHN006986,CUS006986,Not Churn,0.0707,Low,Synthetic Churn Risk Model,1.0,2026-06-30
CHN006987,CUS006987,Not Churn,0.416,Medium,Synthetic Churn Risk Model,1.0,2026-06-30
CHN006988,CUS006988,Not Churn,0.09,Low,Synthetic Churn Risk Model,1.0,2026-06-30
CHN006989,CUS006989,Not Churn,0.447,Medium,Synthetic Churn Risk Model,1.0,2026-06-30
CHN006990,CUS006990,Not Churn,0.1618,Low,Synthetic Churn Risk Model,1.0,2026-06-30
CHN006991,CUS006991,Not Churn,0.068,Low,Synthetic Churn Risk Model,1.0,2026-06-30
CHN006992,CUS006992,Not Churn,0.0264,Low,Synthetic Churn Risk Model,1.0,2026-06-30
CHN006993,CUS006993,Not Churn,0.0395,Low,Synthetic Churn Risk Model,1.0,2026-06-30
CHN006994,CUS006994,Not Churn,0.42,Medium,Synthetic Churn Risk Model,1.0,2026-06-30
CHN006995,CUS006995,Not Churn,0.1436,Low,Synthetic Churn Risk Model,1.0,2026-06-30
CHN006996,CUS006996,Not Churn,0.3203,Medium,Synthetic Churn Risk Model,1.0,2026-06-30
CHN006997,CUS006997,Not Churn,0.0372,Low,Synthetic Churn Risk Model,1.0,2026-06-30
CHN006998,CUS006998,Not Churn,0.4195,Medium,Synthetic Churn Risk Model,1.0,2026-06-30
CHN006999,CUS006999,Not Churn,0.0461,Low,Synthetic Churn Risk Model,1.0,2026-06-30
CHN007000,CUS007000,Not Churn,0.231,Low,Synthetic Churn Risk Model,1.0,2026-06-30
CHN007001,CUS007001,Not Churn,0.0187,Low,Synthetic Churn Risk Model,1.0,2026-06-30
CHN007002,CUS007002,Not Churn,0.214,Low,Synthetic Churn Risk Model,1.0,2026-06-30
CHN007003,CUS007003,Not Churn,0.0497,Low,Synthetic Churn Risk Model,1.0,2026-06-30
CHN007004,CUS007004,Not Churn,0.2428,Low,Synthetic Churn Risk Model,1.0,2026-06-30
CHN007005,CUS007005,Not Churn,0.0275,Low,Synthetic Churn Risk Model,1.0,2026-06-30
CHN007006,CUS007006,Not Churn,0.0504,Low,Synthetic Churn Risk Model,1.0,2026-06-30
CHN007007,CUS007007,Not Churn,0.0772,Low,Synthetic Churn Risk Model,1.0,2026-06-30
CHN007008,CUS007008,Not Churn,0.0248,Low,Synthetic Churn Risk Model,1.0,2026-06-30
CHN007009,CUS007009,Not Churn,0.4587,Medium,Synthetic Churn Risk Model,1.0,2026-06-30
CHN007010,CUS007010,Not Churn,0.0927,Low,Synthetic Churn Risk Model,1.0,2026-06-30
CHN007011,CUS007011,Not Churn,0.0397,Low,Synthetic Churn Risk Model,1.0,2026-06-30
CHN007012,CUS007012,Not Churn,0.3989,Medium,Synthetic Churn Risk Model,1.0,2026-06-30
CHN007013,CUS007013,Not Churn,0.2509,Low,Synthetic Churn Risk Model,1.0,2026-06-30
CHN007014,CUS007014,Not Churn,0.0211,Low,Synthetic Churn Risk Model,1.0,2026-06-30
CHN007015,CUS007015,Not Churn,0.4179,Medium,Synthetic Churn Risk Model,1.0,2026-06-30
CHN007016,CUS007016,Not Churn,0.0295,Low,Synthetic Churn Risk Model,1.0,2026-06-30
CHN007017,CUS007017,Not Churn,0.0574,Low,Synthetic Churn Risk Model,1.0,2026-06-30
CHN007018,CUS007018,Not Churn,0.0643,Low,Synthetic Churn Risk Model,1.0,2026-06-30
CHN007019,CUS007019,Not Churn,0.0592,Low,Synthetic Churn Risk Model,1.0,2026-06-30
CHN007020,CUS007020,Not Churn,0.2072,Low,Synthetic Churn Risk Model,1.0,2026-06-30
CHN007021,CUS007021,Not Churn,0.4208,Medium,Synthetic Churn Risk Model,1.0,2026-06-30
CHN007022,CUS007022,Not Churn,0.4286,Medium,Synthetic Churn Risk Model,1.0,2026-06-30
CHN007023,CUS007023,Not Churn,0.0162,Low,Synthetic Churn Risk Model,1.0,2026-06-30
CHN007024,CUS007024,Not Churn,0.1255,Low,Synthetic Churn Risk Model,1.0,2026-06-30
CHN007025,CUS007025,Not Churn,0.2422,Low,Synthetic Churn Risk Model,1.0,2026-06-30
CHN007026,CUS007026,Not Churn,0.2604,Low,Synthetic Churn Risk Model,1.0,2026-06-30
CHN007027,CUS007027,Not Churn,0.1204,Low,Synthetic Churn Risk Model,1.0,2026-06-30
CHN007028,CUS007028,Not Churn,0.0388,Low,Synthetic Churn Risk Model,1.0,2026-06-30
CHN007029,CUS007029,Not Churn,0.0807,Low,Synthetic Churn Risk Model,1.0,2026-06-30
CHN007030,CUS007030,Not Churn,0.0168,Low,Synthetic Churn Risk Model,1.0,2026-06-30
CHN007031,CUS007031,Not Churn,0.0348,Low,Synthetic Churn Risk Model,1.0,2026-06-30
CHN007032,CUS007032,Not Churn,0.4147,Medium,Synthetic Churn Risk Model,1.0,2026-06-30
CHN007033,CUS007033,Not Churn,0.1465,Low,Synthetic Churn Risk Model,1.0,2026-06-30
CHN007034,CUS007034,Not Churn,0.0151,Low,Synthetic Churn Risk Model,1.0,2026-06-30
CHN007035,CUS007035,Not Churn,0.3907,Medium,Synthetic Churn Risk Model,1.0,2026-06-30
CHN007036,CUS007036,Not Churn,0.0102,Low,Synthetic Churn Risk Model,1.0,2026-06-30
CHN007037,CUS007037,Not Churn,0.4101,Medium,Synthetic Churn Risk Model,1.0,2026-06-30
CHN007038,CUS007038,Not Churn,0.1539,Low,Synthetic Churn Risk Model,1.0,2026-06-30
CHN007039,CUS007039,Not Churn,0.2562,Low,Synthetic Churn Risk Model,1.0,2026-06-30
CHN007040,CUS007040,Not Churn,0.1383,Low,Synthetic Churn Risk Model,1.0,2026-06-30
CHN007041,CUS007041,Not Churn,0.0036,Low,Synthetic Churn Risk Model,1.0,2026-06-30
CHN007042,CUS007042,Not Churn,0.1048,Low,Synthetic Churn Risk Model,1.0,2026-06-30
CHN007043,CUS007043,Not Churn,0.0892,Low,Synthetic Churn Risk Model,1.0,2026-06-30
CHN007044,CUS007044,Not Churn,0.0549,Low,Synthetic Churn Risk Model,1.0,2026-06-30
CHN007045,CUS007045,Not Churn,0.0346,Low,Synthetic Churn Risk Model,1.0,2026-06-30
CHN007046,CUS007046,Not Churn,0.4046,Medium,Synthetic Churn Risk Model,1.0,2026-06-30
CHN007047,CUS007047,Not Churn,0.0632,Low,Synthetic Churn Risk Model,1.0,2026-06-30
CHN007048,CUS007048,Not Churn,0.0118,Low,Synthetic Churn Risk Model,1.0,2026-06-30
CHN007049,CUS007049,Not Churn,0.4198,Medium,Synthetic Churn Risk Model,1.0,2026-06-30
CHN007050,CUS007050,Not Churn,0.4774,Medium,Synthetic Churn Risk Model,1.0,2026-06-30
CHN007051,CUS007051,Not Churn,0.1567,Low,Synthetic Churn Risk Model,1.0,2026-06-30
CHN007052,CUS007052,Not Churn,0.4324,Medium,Synthetic Churn Risk Model,1.0,2026-06-30
CHN007053,CUS007053,Not Churn,0.1547,Low,Synthetic Churn Risk Model,1.0,2026-06-30
CHN007054,CUS007054,Not Churn,0.0338,Low,Synthetic Churn Risk Model,1.0,2026-06-30
CHN007055,CUS007055,Not Churn,0.08,Low,Synthetic Churn Risk Model,1.0,2026-06-30
CHN007056,CUS007056,Not Churn,0.223,Low,Synthetic Churn Risk Model,1.0,2026-06-30
CHN007057,CUS007057,Not Churn,0.2504,Low,Synthetic Churn Risk Model,1.0,2026-06-30
CHN007058,CUS007058,Not Churn,0.4113,Medium,Synthetic Churn Risk Model,1.0,2026-06-30
CHN007059,CUS007059,Not Churn,0.4063,Medium,Synthetic Churn Risk Model,1.0,2026-06-30
CHN007060,CUS007060,Not Churn,0.0454,Low,Synthetic Churn Risk Model,1.0,2026-06-30
CHN007061,CUS007061,Not Churn,0.1285,Low,Synthetic Churn Risk Model,1.0,2026-06-30
CHN007062,CUS007062,Not Churn,0.0078,Low,Synthetic Churn Risk Model,1.0,2026-06-30
CHN007063,CUS007063,Not Churn,0.1537,Low,Synthetic Churn Risk Model,1.0,2026-06-30
CHN007064,CUS007064,Not Churn,0.1542,Low,Synthetic Churn Risk Model,1.0,2026-06-30
CHN007065,CUS007065,Not Churn,0.046,Low,Synthetic Churn Risk Model,1.0,2026-06-30
CHN007066,CUS007066,Not Churn,0.1296,Low,Synthetic Churn Risk Model,1.0,2026-06-30
CHN007067,CUS007067,Not Churn,0.0445,Low,Synthetic Churn Risk Model,1.0,2026-06-30
CHN007068,CUS007068,Not Churn,0.4082,Medium,Synthetic Churn Risk Model,1.0,2026-06-30
CHN007069,CUS007069,Not Churn,0.1531,Low,Synthetic Churn Risk Model,1.0,2026-06-30
CHN007070,CUS007070,Not Churn,0.3991,Medium,Synthetic Churn Risk Model,1.0,2026-06-30
CHN007071,CUS007071,Not Churn,0.0241,Low,Synthetic Churn Risk Model,1.0,2026-06-30
CHN007072,CUS007072,Not Churn,0.4244,Medium,Synthetic Churn Risk Model,1.0,2026-06-30
CHN007073,CUS007073,Not Churn,0.4109,Medium,Synthetic Churn Risk Model,1.0,2026-06-30
CHN007074,CUS007074,Not Churn,0.3967,Medium,Synthetic Churn Risk Model,1.0,2026-06-30
CHN007075,CUS007075,Not Churn,0.0339,Low,Synthetic Churn Risk Model,1.0,2026-06-30
CHN007076,CUS007076,Not Churn,0.0387,Low,Synthetic Churn Risk Model,1.0,2026-06-30
CHN007077,CUS007077,Not Churn,0.4069,Medium,Synthetic Churn Risk Model,1.0,2026-06-30
CHN007078,CUS007078,Not Churn,0.4107,Medium,Synthetic Churn Risk Model,1.0,2026-06-30
CHN007079,CUS007079,Not Churn,0.0603,Low,Synthetic Churn Risk Model,1.0,2026-06-30
CHN007080,CUS007080,Not Churn,0.0469,Low,Synthetic Churn Risk Model,1.0,2026-06-30
CHN007081,CUS007081,Not Churn,0.0639,Low,Synthetic Churn Risk Model,1.0,2026-06-30
CHN007082,CUS007082,Not Churn,0.0348,Low,Synthetic Churn Risk Model,1.0,2026-06-30
CHN007083,CUS007083,Not Churn,0.0663,Low,Synthetic Churn Risk Model,1.0,2026-06-30
CHN007084,CUS007084,Not Churn,0.4267,Medium,Synthetic Churn Risk Model,1.0,2026-06-30
CHN007085,CUS007085,Not Churn,0.0549,Low,Synthetic Churn Risk Model,1.0,2026-06-30
CHN007086,CUS007086,Not Churn,0.1284,Low,Synthetic Churn Risk Model,1.0,2026-06-30
CHN007087,CUS007087,Not Churn,0.0588,Low,Synthetic Churn Risk Model,1.0,2026-06-30
CHN007088,CUS007088,Churn,0.6981,High,Synthetic Churn Risk Model,1.0,2026-06-30
CHN007089,CUS007089,Not Churn,0.0257,Low,Synthetic Churn Risk Model,1.0,2026-06-30
CHN007090,CUS007090,Not Churn,0.2702,Low,Synthetic Churn Risk Model,1.0,2026-06-30
CHN007091,CUS007091,Not Churn,0.2245,Low,Synthetic Churn Risk Model,1.0,2026-06-30
CHN007092,CUS007092,Not Churn,0.0412,Low,Synthetic Churn Risk Model,1.0,2026-06-30
CHN007093,CUS007093,Not Churn,0.1612,Low,Synthetic Churn Risk Model,1.0,2026-06-30
CHN007094,CUS007094,Not Churn,0.2039,Low,Synthetic Churn Risk Model,1.0,2026-06-30
CHN007095,CUS007095,Not Churn,0.0639,Low,Synthetic Churn Risk Model,1.0,2026-06-30
CHN007096,CUS007096,Not Churn,0.416,Medium,Synthetic Churn Risk Model,1.0,2026-06-30
CHN007097,CUS007097,Not Churn,0.1152,Low,Synthetic Churn Risk Model,1.0,2026-06-30
CHN007098,CUS007098,Not Churn,0.4249,Medium,Synthetic Churn Risk Model,1.0,2026-06-30
CHN007099,CUS007099,Not Churn,0.0645,Low,Synthetic Churn Risk Model,1.0,2026-06-30
CHN007100,CUS007100,Not Churn,0.063,Low,Synthetic Churn Risk Model,1.0,2026-06-30
CHN007101,CUS007101,Not Churn,0.5899,Medium,Synthetic Churn Risk Model,1.0,2026-06-30
CHN007102,CUS007102,Not Churn,0.0621,Low,Synthetic Churn Risk Model,1.0,2026-06-30
CHN007103,CUS007103,Not Churn,0.0148,Low,Synthetic Churn Risk Model,1.0,2026-06-30
CHN007104,CUS007104,Not Churn,0.0701,Low,Synthetic Churn Risk Model,1.0,2026-06-30
CHN007105,CUS007105,Not Churn,0.0737,Low,Synthetic Churn Risk Model,1.0,2026-06-30
CHN007106,CUS007106,Not Churn,0.4173,Medium,Synthetic Churn Risk Model,1.0,2026-06-30
CHN007107,CUS007107,Not Churn,0.041,Low,Synthetic Churn Risk Model,1.0,2026-06-30
CHN007108,CUS007108,Not Churn,0.1002,Low,Synthetic Churn Risk Model,1.0,2026-06-30
CHN007109,CUS007109,Not Churn,0.4298,Medium,Synthetic Churn Risk Model,1.0,2026-06-30
CHN007110,CUS007110,Not Churn,0.4518,Medium,Synthetic Churn Risk Model,1.0,2026-06-30
CHN007111,CUS007111,Not Churn,0.1068,Low,Synthetic Churn Risk Model,1.0,2026-06-30
CHN007112,CUS007112,Not Churn,0.0262,Low,Synthetic Churn Risk Model,1.0,2026-06-30
CHN007113,CUS007113,Not Churn,0.426,Medium,Synthetic Churn Risk Model,1.0,2026-06-30
CHN007114,CUS007114,Not Churn,0.0675,Low,Synthetic Churn Risk Model,1.0,2026-06-30
CHN007115,CUS007115,Not Churn,0.0827,Low,Synthetic Churn Risk Model,1.0,2026-06-30
CHN007116,CUS007116,Not Churn,0.0361,Low,Synthetic Churn Risk Model,1.0,2026-06-30
CHN007117,CUS007117,Not Churn,0.4006,Medium,Synthetic Churn Risk Model,1.0,2026-06-30
CHN007118,CUS007118,Not Churn,0.1353,Low,Synthetic Churn Risk Model,1.0,2026-06-30
CHN007119,CUS007119,Not Churn,0.0163,Low,Synthetic Churn Risk Model,1.0,2026-06-30
CHN007120,CUS007120,Not Churn,0.0886,Low,Synthetic Churn Risk Model,1.0,2026-06-30
CHN007121,CUS007121,Not Churn,0.1013,Low,Synthetic Churn Risk Model,1.0,2026-06-30
CHN007122,CUS007122,Not Churn,0.405,Medium,Synthetic Churn Risk Model,1.0,2026-06-30
CHN007123,CUS007123,Not Churn,0.0688,Low,Synthetic Churn Risk Model,1.0,2026-06-30
CHN007124,CUS007124,Not Churn,0.3993,Medium,Synthetic Churn Risk Model,1.0,2026-06-30
CHN007125,CUS007125,Not Churn,0.025,Low,Synthetic Churn Risk Model,1.0,2026-06-30
CHN007126,CUS007126,Not Churn,0.4102,Medium,Synthetic Churn Risk Model,1.0,2026-06-30
CHN007127,CUS007127,Not Churn,0.4139,Medium,Synthetic Churn Risk Model,1.0,2026-06-30
CHN007128,CUS007128,Not Churn,0.0716,Low,Synthetic Churn Risk Model,1.0,2026-06-30
CHN007129,CUS007129,Not Churn,0.4116,Medium,Synthetic Churn Risk Model,1.0,2026-06-30
CHN007130,CUS007130,Not Churn,0.4066,Medium,Synthetic Churn Risk Model,1.0,2026-06-30
CHN007131,CUS007131,Not Churn,0.0718,Low,Synthetic Churn Risk Model,1.0,2026-06-30
CHN007132,CUS007132,Not Churn,0.4176,Medium,Synthetic Churn Risk Model,1.0,2026-06-30
CHN007133,CUS007133,Not Churn,0.077,Low,Synthetic Churn Risk Model,1.0,2026-06-30
CHN007134,CUS007134,Not Churn,0.1083,Low,Synthetic Churn Risk Model,1.0,2026-06-30
CHN007135,CUS007135,Not Churn,0.0271,Low,Synthetic Churn Risk Model,1.0,2026-06-30
CHN007136,CUS007136,Not Churn,0.438,Medium,Synthetic Churn Risk Model,1.0,2026-06-30
CHN007137,CUS007137,Not Churn,0.0516,Low,Synthetic Churn Risk Model,1.0,2026-06-30
CHN007138,CUS007138,Not Churn,0.0915,Low,Synthetic Churn Risk Model,1.0,2026-06-30
CHN007139,CUS007139,Not Churn,0.357,Medium,Synthetic Churn Risk Model,1.0,2026-06-30
CHN007140,CUS007140,Not Churn,0.0412,Low,Synthetic Churn Risk Model,1.0,2026-06-30
CHN007141,CUS007141,Not Churn,0.3992,Medium,Synthetic Churn Risk Model,1.0,2026-06-30
CHN007142,CUS007142,Not Churn,0.2872,Low,Synthetic Churn Risk Model,1.0,2026-06-30
CHN007143,CUS007143,Not Churn,0.0591,Low,Synthetic Churn Risk Model,1.0,2026-06-30
CHN007144,CUS007144,Not Churn,0.238,Low,Synthetic Churn Risk Model,1.0,2026-06-30
CHN007145,CUS007145,Not Churn,0.06,Low,Synthetic Churn Risk Model,1.0,2026-06-30
CHN007146,CUS007146,Not Churn,0.0742,Low,Synthetic Churn Risk Model,1.0,2026-06-30
CHN007147,CUS007147,Not Churn,0.1123,Low,Synthetic Churn Risk Model,1.0,2026-06-30
CHN007148,CUS007148,Not Churn,0.0653,Low,Synthetic Churn Risk Model,1.0,2026-06-30
CHN007149,CUS007149,Not Churn,0.4112,Medium,Synthetic Churn Risk Model,1.0,2026-06-30
CHN007150,CUS007150,Not Churn,0.2418,Low,Synthetic Churn Risk Model,1.0,2026-06-30
CHN007151,CUS007151,Not Churn,0.0442,Low,Synthetic Churn Risk Model,1.0,2026-06-30
CHN007152,CUS007152,Not Churn,0.074,Low,Synthetic Churn Risk Model,1.0,2026-06-30
CHN007153,CUS007153,Not Churn,0.4176,Medium,Synthetic Churn Risk Model,1.0,2026-06-30
CHN007154,CUS007154,Not Churn,0.0531,Low,Synthetic Churn Risk Model,1.0,2026-06-30
CHN007155,CUS007155,Not Churn,0.1825,Low,Synthetic Churn Risk Model,1.0,2026-06-30
CHN007156,CUS007156,Not Churn,0.047,Low,Synthetic Churn Risk Model,1.0,2026-06-30
CHN007157,CUS007157,Not Churn,0.4554,Medium,Synthetic Churn Risk Model,1.0,2026-06-30
CHN007158,CUS007158,Not Churn,0.3992,Medium,Synthetic Churn Risk Model,1.0,2026-06-30
CHN007159,CUS007159,Not Churn,0.0586,Low,Synthetic Churn Risk Model,1.0,2026-06-30
CHN007160,CUS007160,Not Churn,0.2312,Low,Synthetic Churn Risk Model,1.0,2026-06-30
CHN007161,CUS007161,Not Churn,0.034,Low,Synthetic Churn Risk Model,1.0,2026-06-30
CHN007162,CUS007162,Not Churn,0.2113,Low,Synthetic Churn Risk Model,1.0,2026-06-30
CHN007163,CUS007163,Not Churn,0.0135,Low,Synthetic Churn Risk Model,1.0,2026-06-30
CHN007164,CUS007164,Not Churn,0.2903,Low,Synthetic Churn Risk Model,1.0,2026-06-30
CHN007165,CUS007165,Not Churn,0.4152,Medium,Synthetic Churn Risk Model,1.0,2026-06-30
CHN007166,CUS007166,Not Churn,0.0696,Low,Synthetic Churn Risk Model,1.0,2026-06-30
CHN007167,CUS007167,Not Churn,0.4268,Medium,Synthetic Churn Risk Model,1.0,2026-06-30
CHN007168,CUS007168,Not Churn,0.4086,Medium,Synthetic Churn Risk Model,1.0,2026-06-30
CHN007169,CUS007169,Not Churn,0.04,Low,Synthetic Churn Risk Model,1.0,2026-06-30
CHN007170,CUS007170,Not Churn,0.2607,Low,Synthetic Churn Risk Model,1.0,2026-06-30
CHN007171,CUS007171,Not Churn,0.0865,Low,Synthetic Churn Risk Model,1.0,2026-06-30
CHN007172,CUS007172,Not Churn,0.006,Low,Synthetic Churn Risk Model,1.0,2026-06-30
CHN007173,CUS007173,Not Churn,0.1136,Low,Synthetic Churn Risk Model,1.0,2026-06-30
CHN007174,CUS007174,Not Churn,0.0852,Low,Synthetic Churn Risk Model,1.0,2026-06-30
CHN007175,CUS007175,Not Churn,0.1056,Low,Synthetic Churn Risk Model,1.0,2026-06-30
CHN007176,CUS007176,Not Churn,0.026,Low,Synthetic Churn Risk Model,1.0,2026-06-30
CHN007177,CUS007177,Not Churn,0.4163,Medium,Synthetic Churn Risk Model,1.0,2026-06-30
CHN007178,CUS007178,Not Churn,0.0404,Low,Synthetic Churn Risk Model,1.0,2026-06-30
CHN007179,CUS007179,Not Churn,0.4153,Medium,Synthetic Churn Risk Model,1.0,2026-06-30
CHN007180,CUS007180,Not Churn,0.0258,Low,Synthetic Churn Risk Model,1.0,2026-06-30
CHN007181,CUS007181,Not Churn,0.2222,Low,Synthetic Churn Risk Model,1.0,2026-06-30
CHN007182,CUS007182,Not Churn,0.065,Low,Synthetic Churn Risk Model,1.0,2026-06-30
CHN007183,CUS007183,Not Churn,0.4156,Medium,Synthetic Churn Risk Model,1.0,2026-06-30
CHN007184,CUS007184,Not Churn,0.101,Low,Synthetic Churn Risk Model,1.0,2026-06-30
CHN007185,CUS007185,Not Churn,0.4987,Medium,Synthetic Churn Risk Model,1.0,2026-06-30
CHN007186,CUS007186,Churn,0.7616,High,Synthetic Churn Risk Model,1.0,2026-06-30
CHN007187,CUS007187,Not Churn,0.0795,Low,Synthetic Churn Risk Model,1.0,2026-06-30
CHN007188,CUS007188,Not Churn,0.0348,Low,Synthetic Churn Risk Model,1.0,2026-06-30
CHN007189,CUS007189,Not Churn,0.3956,Medium,Synthetic Churn Risk Model,1.0,2026-06-30
CHN007190,CUS007190,Not Churn,0.4415,Medium,Synthetic Churn Risk Model,1.0,2026-06-30
CHN007191,CUS007191,Not Churn,0.0375,Low,Synthetic Churn Risk Model,1.0,2026-06-30
CHN007192,CUS007192,Not Churn,0.035,Low,Synthetic Churn Risk Model,1.0,2026-06-30
CHN007193,CUS007193,Not Churn,0.137,Low,Synthetic Churn Risk Model,1.0,2026-06-30
CHN007194,CUS007194,Not Churn,0.05,Low,Synthetic Churn Risk Model,1.0,2026-06-30
CHN007195,CUS007195,Not Churn,0.0434,Low,Synthetic Churn Risk Model,1.0,2026-06-30
CHN007196,CUS007196,Not Churn,0.0554,Low,Synthetic Churn Risk Model,1.0,2026-06-30
CHN007197,CUS007197,Not Churn,0.0539,Low,Synthetic Churn Risk Model,1.0,2026-06-30
CHN007198,CUS007198,Not Churn,0.0202,Low,Synthetic Churn Risk Model,1.0,2026-06-30
CHN007199,CUS007199,Not Churn,0.4043,Medium,Synthetic Churn Risk Model,1.0,2026-06-30
CHN007200,CUS007200,Not Churn,0.158,Low,Synthetic Churn Risk Model,1.0,2026-06-30
CHN007201,CUS007201,Not Churn,0.4176,Medium,Synthetic Churn Risk Model,1.0,2026-06-30
CHN007202,CUS007202,Not Churn,0.2478,Low,Synthetic Churn Risk Model,1.0,2026-06-30
CHN007203,CUS007203,Not Churn,0.075,Low,Synthetic Churn Risk Model,1.0,2026-06-30
CHN007204,CUS007204,Not Churn,0.0097,Low,Synthetic Churn Risk Model,1.0,2026-06-30
CHN007205,CUS007205,Not Churn,0.0904,Low,Synthetic Churn Risk Model,1.0,2026-06-30
CHN007206,CUS007206,Not Churn,0.3825,Medium,Synthetic Churn Risk Model,1.0,2026-06-30
CHN007207,CUS007207,Not Churn,0.1046,Low,Synthetic Churn Risk Model,1.0,2026-06-30
CHN007208,CUS007208,Not Churn,0.1087,Low,Synthetic Churn Risk Model,1.0,2026-06-30
CHN007209,CUS007209,Not Churn,0.4011,Medium,Synthetic Churn Risk Model,1.0,2026-06-30
CHN007210,CUS007210,Not Churn,0.3197,Medium,Synthetic Churn Risk Model,1.0,2026-06-30
CHN007211,CUS007211,Not Churn,0.0182,Low,Synthetic Churn Risk Model,1.0,2026-06-30
CHN007212,CUS007212,Not Churn,0.0722,Low,Synthetic Churn Risk Model,1.0,2026-06-30
CHN007213,CUS007213,Not Churn,0.1125,Low,Synthetic Churn Risk Model,1.0,2026-06-30
CHN007214,CUS007214,Not Churn,0.0925,Low,Synthetic Churn Risk Model,1.0,2026-06-30
CHN007215,CUS007215,Not Churn,0.0597,Low,Synthetic Churn Risk Model,1.0,2026-06-30
CHN007216,CUS007216,Not Churn,0.0341,Low,Synthetic Churn Risk Model,1.0,2026-06-30
CHN007217,CUS007217,Not Churn,0.0968,Low,Synthetic Churn Risk Model,1.0,2026-06-30
CHN007218,CUS007218,Not Churn,0.082,Low,Synthetic Churn Risk Model,1.0,2026-06-30
CHN007219,CUS007219,Not Churn,0.0191,Low,Synthetic Churn Risk Model,1.0,2026-06-30
CHN007220,CUS007220,Not Churn,0.147,Low,Synthetic Churn Risk Model,1.0,2026-06-30
CHN007221,CUS007221,Not Churn,0.0649,Low,Synthetic Churn Risk Model,1.0,2026-06-30
CHN007222,CUS007222,Not Churn,0.4085,Medium,Synthetic Churn Risk Model,1.0,2026-06-30
CHN007223,CUS007223,Not Churn,0.1436,Low,Synthetic Churn Risk Model,1.0,2026-06-30
CHN007224,CUS007224,Not Churn,0.0809,Low,Synthetic Churn Risk Model,1.0,2026-06-30
CHN007225,CUS007225,Not Churn,0.0348,Low,Synthetic Churn Risk Model,1.0,2026-06-30
CHN007226,CUS007226,Not Churn,0.1549,Low,Synthetic Churn Risk Model,1.0,2026-06-30
CHN007227,CUS007227,Not Churn,0.0498,Low,Synthetic Churn Risk Model,1.0,2026-06-30
CHN007228,CUS007228,Not Churn,0.0624,Low,Synthetic Churn Risk Model,1.0,2026-06-30
CHN007229,CUS007229,Not Churn,0.1524,Low,Synthetic Churn Risk Model,1.0,2026-06-30
CHN007230,CUS007230,Not Churn,0.0921,Low,Synthetic Churn Risk Model,1.0,2026-06-30
CHN007231,CUS007231,Not Churn,0.0368,Low,Synthetic Churn Risk Model,1.0,2026-06-30
CHN007232,CUS007232,Not Churn,0.4137,Medium,Synthetic Churn Risk Model,1.0,2026-06-30
CHN007233,CUS007233,Not Churn,0.0673,Low,Synthetic Churn Risk Model,1.0,2026-06-30
CHN007234,CUS007234,Not Churn,0.1035,Low,Synthetic Churn Risk Model,1.0,2026-06-30
CHN007235,CUS007235,Not Churn,0.0739,Low,Synthetic Churn Risk Model,1.0,2026-06-30
CHN007236,CUS007236,Not Churn,0.0273,Low,Synthetic Churn Risk Model,1.0,2026-06-30
CHN007237,CUS007237,Not Churn,0.1994,Low,Synthetic Churn Risk Model,1.0,2026-06-30
CHN007238,CUS007238,Not Churn,0.0545,Low,Synthetic Churn Risk Model,1.0,2026-06-30
CHN007239,CUS007239,Not Churn,0.2554,Low,Synthetic Churn Risk Model,1.0,2026-06-30
CHN007240,CUS007240,Not Churn,0.3013,Medium,Synthetic Churn Risk Model,1.0,2026-06-30
CHN007241,CUS007241,Not Churn,0.0463,Low,Synthetic Churn Risk Model,1.0,2026-06-30
CHN007242,CUS007242,Not Churn,0.1023,Low,Synthetic Churn Risk Model,1.0,2026-06-30
CHN007243,CUS007243,Not Churn,0.1317,Low,Synthetic Churn Risk Model,1.0,2026-06-30
CHN007244,CUS007244,Not Churn,0.2556,Low,Synthetic Churn Risk Model,1.0,2026-06-30
CHN007245,CUS007245,Not Churn,0.4006,Medium,Synthetic Churn Risk Model,1.0,2026-06-30
CHN007246,CUS007246,Not Churn,0.0683,Low,Synthetic Churn Risk Model,1.0,2026-06-30
CHN007247,CUS007247,Churn,0.8154,High,Synthetic Churn Risk Model,1.0,2026-06-30
CHN007248,CUS007248,Not Churn,0.4359,Medium,Synthetic Churn Risk Model,1.0,2026-06-30
CHN007249,CUS007249,Not Churn,0.085,Low,Synthetic Churn Risk Model,1.0,2026-06-30
CHN007250,CUS007250,Not Churn,0.0965,Low,Synthetic Churn Risk Model,1.0,2026-06-30
CHN007251,CUS007251,Not Churn,0.0986,Low,Synthetic Churn Risk Model,1.0,2026-06-30
CHN007252,CUS007252,Not Churn,0.0609,Low,Synthetic Churn Risk Model,1.0,2026-06-30
CHN007253,CUS007253,Not Churn,0.2131,Low,Synthetic Churn Risk Model,1.0,2026-06-30
CHN007254,CUS007254,Not Churn,0.4265,Medium,Synthetic Churn Risk Model,1.0,2026-06-30
CHN007255,CUS007255,Not Churn,0.0462,Low,Synthetic Churn Risk Model,1.0,2026-06-30
CHN007256,CUS007256,Not Churn,0.0859,Low,Synthetic Churn Risk Model,1.0,2026-06-30
CHN007257,CUS007257,Not Churn,0.0256,Low,Synthetic Churn Risk Model,1.0,2026-06-30
CHN007258,CUS007258,Not Churn,0.2341,Low,Synthetic Churn Risk Model,1.0,2026-06-30
CHN007259,CUS007259,Not Churn,0.2778,Low,Synthetic Churn Risk Model,1.0,2026-06-30
CHN007260,CUS007260,Not Churn,0.4323,Medium,Synthetic Churn Risk Model,1.0,2026-06-30
CHN007261,CUS007261,Not Churn,0.0285,Low,Synthetic Churn Risk Model,1.0,2026-06-30
CHN007262,CUS007262,Not Churn,0.0966,Low,Synthetic Churn Risk Model,1.0,2026-06-30
CHN007263,CUS007263,Not Churn,0.0327,Low,Synthetic Churn Risk Model,1.0,2026-06-30
CHN007264,CUS007264,Not Churn,0.0775,Low,Synthetic Churn Risk Model,1.0,2026-06-30
CHN007265,CUS007265,Not Churn,0.3977,Medium,Synthetic Churn Risk Model,1.0,2026-06-30
CHN007266,CUS007266,Not Churn,0.0631,Low,Synthetic Churn Risk Model,1.0,2026-06-30
CHN007267,CUS007267,Not Churn,0.0239,Low,Synthetic Churn Risk Model,1.0,2026-06-30
CHN007268,CUS007268,Not Churn,0.1108,Low,Synthetic Churn Risk Model,1.0,2026-06-30
CHN007269,CUS007269,Not Churn,0.0557,Low,Synthetic Churn Risk Model,1.0,2026-06-30
CHN007270,CUS007270,Not Churn,0.5372,Medium,Synthetic Churn Risk Model,1.0,2026-06-30
CHN007271,CUS007271,Not Churn,0.1195,Low,Synthetic Churn Risk Model,1.0,2026-06-30
CHN007272,CUS007272,Not Churn,0.1987,Low,Synthetic Churn Risk Model,1.0,2026-06-30
CHN007273,CUS007273,Not Churn,0.0297,Low,Synthetic Churn Risk Model,1.0,2026-06-30
CHN007274,CUS007274,Not Churn,0.4137,Medium,Synthetic Churn Risk Model,1.0,2026-06-30
CHN007275,CUS007275,Not Churn,0.0233,Low,Synthetic Churn Risk Model,1.0,2026-06-30
CHN007276,CUS007276,Not Churn,0.0261,Low,Synthetic Churn Risk Model,1.0,2026-06-30
CHN007277,CUS007277,Not Churn,0.1587,Low,Synthetic Churn Risk Model,1.0,2026-06-30
CHN007278,CUS007278,Not Churn,0.2482,Low,Synthetic Churn Risk Model,1.0,2026-06-30
CHN007279,CUS007279,Not Churn,0.0441,Low,Synthetic Churn Risk Model,1.0,2026-06-30
CHN007280,CUS007280,Not Churn,0.4662,Medium,Synthetic Churn Risk Model,1.0,2026-06-30
CHN007281,CUS007281,Not Churn,0.0591,Low,Synthetic Churn Risk Model,1.0,2026-06-30
CHN007282,CUS007282,Not Churn,0.2952,Low,Synthetic Churn Risk Model,1.0,2026-06-30
CHN007283,CUS007283,Not Churn,0.0587,Low,Synthetic Churn Risk Model,1.0,2026-06-30
CHN007284,CUS007284,Not Churn,0.4313,Medium,Synthetic Churn Risk Model,1.0,2026-06-30
CHN007285,CUS007285,Not Churn,0.4197,Medium,Synthetic Churn Risk Model,1.0,2026-06-30
CHN007286,CUS007286,Not Churn,0.1504,Low,Synthetic Churn Risk Model,1.0,2026-06-30
CHN007287,CUS007287,Not Churn,0.2876,Low,Synthetic Churn Risk Model,1.0,2026-06-30
CHN007288,CUS007288,Not Churn,0.1143,Low,Synthetic Churn Risk Model,1.0,2026-06-30
CHN007289,CUS007289,Not Churn,0.0413,Low,Synthetic Churn Risk Model,1.0,2026-06-30
CHN007290,CUS007290,Not Churn,0.063,Low,Synthetic Churn Risk Model,1.0,2026-06-30
CHN007291,CUS007291,Not Churn,0.113,Low,Synthetic Churn Risk Model,1.0,2026-06-30
CHN007292,CUS007292,Not Churn,0.4083,Medium,Synthetic Churn Risk Model,1.0,2026-06-30
CHN007293,CUS007293,Not Churn,0.3993,Medium,Synthetic Churn Risk Model,1.0,2026-06-30
CHN007294,CUS007294,Not Churn,0.1102,Low,Synthetic Churn Risk Model,1.0,2026-06-30
CHN007295,CUS007295,Not Churn,0.0683,Low,Synthetic Churn Risk Model,1.0,2026-06-30
CHN007296,CUS007296,Not Churn,0.1339,Low,Synthetic Churn Risk Model,1.0,2026-06-30
CHN007297,CUS007297,Not Churn,0.0462,Low,Synthetic Churn Risk Model,1.0,2026-06-30
CHN007298,CUS007298,Not Churn,0.136,Low,Synthetic Churn Risk Model,1.0,2026-06-30
CHN007299,CUS007299,Not Churn,0.1929,Low,Synthetic Churn Risk Model,1.0,2026-06-30
CHN007300,CUS007300,Not Churn,0.0775,Low,Synthetic Churn Risk Model,1.0,2026-06-30
CHN007301,CUS007301,Not Churn,0.0484,Low,Synthetic Churn Risk Model,1.0,2026-06-30
CHN007302,CUS007302,Not Churn,0.3103,Medium,Synthetic Churn Risk Model,1.0,2026-06-30
CHN007303,CUS007303,Not Churn,0.1195,Low,Synthetic Churn Risk Model,1.0,2026-06-30
CHN007304,CUS007304,Not Churn,0.4261,Medium,Synthetic Churn Risk Model,1.0,2026-06-30
CHN007305,CUS007305,Not Churn,0.4137,Medium,Synthetic Churn Risk Model,1.0,2026-06-30
CHN007306,CUS007306,Not Churn,0.1824,Low,Synthetic Churn Risk Model,1.0,2026-06-30
CHN007307,CUS007307,Not Churn,0.3397,Medium,Synthetic Churn Risk Model,1.0,2026-06-30
CHN007308,CUS007308,Not Churn,0.0953,Low,Synthetic Churn Risk Model,1.0,2026-06-30
CHN007309,CUS007309,Not Churn,0.0104,Low,Synthetic Churn Risk Model,1.0,2026-06-30
CHN007310,CUS007310,Not Churn,0.3594,Medium,Synthetic Churn Risk Model,1.0,2026-06-30
CHN007311,CUS007311,Not Churn,0.0148,Low,Synthetic Churn Risk Model,1.0,2026-06-30
CHN007312,CUS007312,Not Churn,0.4618,Medium,Synthetic Churn Risk Model,1.0,2026-06-30
CHN007313,CUS007313,Not Churn,0.0979,Low,Synthetic Churn Risk Model,1.0,2026-06-30
CHN007314,CUS007314,Not Churn,0.0314,Low,Synthetic Churn Risk Model,1.0,2026-06-30
CHN007315,CUS007315,Not Churn,0.4089,Medium,Synthetic Churn Risk Model,1.0,2026-06-30
CHN007316,CUS007316,Not Churn,0.3978,Medium,Synthetic Churn Risk Model,1.0,2026-06-30
CHN007317,CUS007317,Not Churn,0.1047,Low,Synthetic Churn Risk Model,1.0,2026-06-30
CHN007318,CUS007318,Not Churn,0.0463,Low,Synthetic Churn Risk Model,1.0,2026-06-30
CHN007319,CUS007319,Not Churn,0.0753,Low,Synthetic Churn Risk Model,1.0,2026-06-30
CHN007320,CUS007320,Not Churn,0.0519,Low,Synthetic Churn Risk Model,1.0,2026-06-30
CHN007321,CUS007321,Not Churn,0.1549,Low,Synthetic Churn Risk Model,1.0,2026-06-30
CHN007322,CUS007322,Not Churn,0.0826,Low,Synthetic Churn Risk Model,1.0,2026-06-30
CHN007323,CUS007323,Not Churn,0.4181,Medium,Synthetic Churn Risk Model,1.0,2026-06-30
CHN007324,CUS007324,Not Churn,0.3185,Medium,Synthetic Churn Risk Model,1.0,2026-06-30
CHN007325,CUS007325,Not Churn,0.5919,Medium,Synthetic Churn Risk Model,1.0,2026-06-30
CHN007326,CUS007326,Not Churn,0.1756,Low,Synthetic Churn Risk Model,1.0,2026-06-30
CHN007327,CUS007327,Not Churn,0.0637,Low,Synthetic Churn Risk Model,1.0,2026-06-30
CHN007328,CUS007328,Not Churn,0.0897,Low,Synthetic Churn Risk Model,1.0,2026-06-30
CHN007329,CUS007329,Not Churn,0.41,Medium,Synthetic Churn Risk Model,1.0,2026-06-30
CHN007330,CUS007330,Not Churn,0.0564,Low,Synthetic Churn Risk Model,1.0,2026-06-30
CHN007331,CUS007331,Not Churn,0.1607,Low,Synthetic Churn Risk Model,1.0,2026-06-30
CHN007332,CUS007332,Not Churn,0.4081,Medium,Synthetic Churn Risk Model,1.0,2026-06-30
CHN007333,CUS007333,Not Churn,0.0792,Low,Synthetic Churn Risk Model,1.0,2026-06-30
CHN007334,CUS007334,Not Churn,0.4133,Medium,Synthetic Churn Risk Model,1.0,2026-06-30
CHN007335,CUS007335,Not Churn,0.0667,Low,Synthetic Churn Risk Model,1.0,2026-06-30
CHN007336,CUS007336,Not Churn,0.4041,Medium,Synthetic Churn Risk Model,1.0,2026-06-30
CHN007337,CUS007337,Not Churn,0.0668,Low,Synthetic Churn Risk Model,1.0,2026-06-30
CHN007338,CUS007338,Churn,0.6108,High,Synthetic Churn Risk Model,1.0,2026-06-30
CHN007339,CUS007339,Not Churn,0.048,Low,Synthetic Churn Risk Model,1.0,2026-06-30
CHN007340,CUS007340,Not Churn,0.0347,Low,Synthetic Churn Risk Model,1.0,2026-06-30
CHN007341,CUS007341,Not Churn,0.4052,Medium,Synthetic Churn Risk Model,1.0,2026-06-30
CHN007342,CUS007342,Not Churn,0.0164,Low,Synthetic Churn Risk Model,1.0,2026-06-30
CHN007343,CUS007343,Not Churn,0.3349,Medium,Synthetic Churn Risk Model,1.0,2026-06-30
CHN007344,CUS007344,Not Churn,0.4266,Medium,Synthetic Churn Risk Model,1.0,2026-06-30
CHN007345,CUS007345,Not Churn,0.1932,Low,Synthetic Churn Risk Model,1.0,2026-06-30
CHN007346,CUS007346,Not Churn,0.1726,Low,Synthetic Churn Risk Model,1.0,2026-06-30
CHN007347,CUS007347,Not Churn,0.4115,Medium,Synthetic Churn Risk Model,1.0,2026-06-30
CHN007348,CUS007348,Not Churn,0.024,Low,Synthetic Churn Risk Model,1.0,2026-06-30
CHN007349,CUS007349,Not Churn,0.0509,Low,Synthetic Churn Risk Model,1.0,2026-06-30
CHN007350,CUS007350,Not Churn,0.1827,Low,Synthetic Churn Risk Model,1.0,2026-06-30
CHN007351,CUS007351,Not Churn,0.0461,Low,Synthetic Churn Risk Model,1.0,2026-06-30
CHN007352,CUS007352,Not Churn,0.4126,Medium,Synthetic Churn Risk Model,1.0,2026-06-30
CHN007353,CUS007353,Not Churn,0.0486,Low,Synthetic Churn Risk Model,1.0,2026-06-30
CHN007354,CUS007354,Not Churn,0.0601,Low,Synthetic Churn Risk Model,1.0,2026-06-30
CHN007355,CUS007355,Not Churn,0.4191,Medium,Synthetic Churn Risk Model,1.0,2026-06-30
CHN007356,CUS007356,Not Churn,0.063,Low,Synthetic Churn Risk Model,1.0,2026-06-30
CHN007357,CUS007357,Not Churn,0.0553,Low,Synthetic Churn Risk Model,1.0,2026-06-30
CHN007358,CUS007358,Not Churn,0.025,Low,Synthetic Churn Risk Model,1.0,2026-06-30
CHN007359,CUS007359,Not Churn,0.0399,Low,Synthetic Churn Risk Model,1.0,2026-06-30
CHN007360,CUS007360,Not Churn,0.0962,Low,Synthetic Churn Risk Model,1.0,2026-06-30
CHN007361,CUS007361,Not Churn,0.031,Low,Synthetic Churn Risk Model,1.0,2026-06-30
CHN007362,CUS007362,Not Churn,0.4227,Medium,Synthetic Churn Risk Model,1.0,2026-06-30
CHN007363,CUS007363,Not Churn,0.4249,Medium,Synthetic Churn Risk Model,1.0,2026-06-30
CHN007364,CUS007364,Not Churn,0.1717,Low,Synthetic Churn Risk Model,1.0,2026-06-30
CHN007365,CUS007365,Not Churn,0.0198,Low,Synthetic Churn Risk Model,1.0,2026-06-30
CHN007366,CUS007366,Not Churn,0.1003,Low,Synthetic Churn Risk Model,1.0,2026-06-30
CHN007367,CUS007367,Not Churn,0.4086,Medium,Synthetic Churn Risk Model,1.0,2026-06-30
CHN007368,CUS007368,Not Churn,0.1634,Low,Synthetic Churn Risk Model,1.0,2026-06-30
CHN007369,CUS007369,Not Churn,0.086,Low,Synthetic Churn Risk Model,1.0,2026-06-30
CHN007370,CUS007370,Not Churn,0.1629,Low,Synthetic Churn Risk Model,1.0,2026-06-30
CHN007371,CUS007371,Not Churn,0.0439,Low,Synthetic Churn Risk Model,1.0,2026-06-30
CHN007372,CUS007372,Not Churn,0.0184,Low,Synthetic Churn Risk Model,1.0,2026-06-30
CHN007373,CUS007373,Not Churn,0.0832,Low,Synthetic Churn Risk Model,1.0,2026-06-30
CHN007374,CUS007374,Not Churn,0.4346,Medium,Synthetic Churn Risk Model,1.0,2026-06-30
CHN007375,CUS007375,Not Churn,0.0618,Low,Synthetic Churn Risk Model,1.0,2026-06-30
CHN007376,CUS007376,Not Churn,0.0265,Low,Synthetic Churn Risk Model,1.0,2026-06-30
CHN007377,CUS007377,Not Churn,0.0574,Low,Synthetic Churn Risk Model,1.0,2026-06-30
CHN007378,CUS007378,Not Churn,0.0269,Low,Synthetic Churn Risk Model,1.0,2026-06-30
CHN007379,CUS007379,Not Churn,0.4123,Medium,Synthetic Churn Risk Model,1.0,2026-06-30
CHN007380,CUS007380,Not Churn,0.0621,Low,Synthetic Churn Risk Model,1.0,2026-06-30
CHN007381,CUS007381,Not Churn,0.0518,Low,Synthetic Churn Risk Model,1.0,2026-06-30
CHN007382,CUS007382,Not Churn,0.0755,Low,Synthetic Churn Risk Model,1.0,2026-06-30
CHN007383,CUS007383,Not Churn,0.295,Low,Synthetic Churn Risk Model,1.0,2026-06-30
CHN007384,CUS007384,Not Churn,0.3212,Medium,Synthetic Churn Risk Model,1.0,2026-06-30
CHN007385,CUS007385,Not Churn,0.4238,Medium,Synthetic Churn Risk Model,1.0,2026-06-30
CHN007386,CUS007386,Not Churn,0.0471,Low,Synthetic Churn Risk Model,1.0,2026-06-30
CHN007387,CUS007387,Not Churn,0.0756,Low,Synthetic Churn Risk Model,1.0,2026-06-30
CHN007388,CUS007388,Not Churn,0.429,Medium,Synthetic Churn Risk Model,1.0,2026-06-30
CHN007389,CUS007389,Not Churn,0.128,Low,Synthetic Churn Risk Model,1.0,2026-06-30
CHN007390,CUS007390,Not Churn,0.3964,Medium,Synthetic Churn Risk Model,1.0,2026-06-30
CHN007391,CUS007391,Not Churn,0.0902,Low,Synthetic Churn Risk Model,1.0,2026-06-30
CHN007392,CUS007392,Not Churn,0.1408,Low,Synthetic Churn Risk Model,1.0,2026-06-30
CHN007393,CUS007393,Not Churn,0.0228,Low,Synthetic Churn Risk Model,1.0,2026-06-30
CHN007394,CUS007394,Not Churn,0.0626,Low,Synthetic Churn Risk Model,1.0,2026-06-30
CHN007395,CUS007395,Not Churn,0.3995,Medium,Synthetic Churn Risk Model,1.0,2026-06-30
CHN007396,CUS007396,Not Churn,0.4742,Medium,Synthetic Churn Risk Model,1.0,2026-06-30
CHN007397,CUS007397,Not Churn,0.1839,Low,Synthetic Churn Risk Model,1.0,2026-06-30
CHN007398,CUS007398,Not Churn,0.0177,Low,Synthetic Churn Risk Model,1.0,2026-06-30
CHN007399,CUS007399,Churn,0.6318,High,Synthetic Churn Risk Model,1.0,2026-06-30
CHN007400,CUS007400,Not Churn,0.0264,Low,Synthetic Churn Risk Model,1.0,2026-06-30
CHN007401,CUS007401,Not Churn,0.134,Low,Synthetic Churn Risk Model,1.0,2026-06-30
CHN007402,CUS007402,Churn,0.6337,High,Synthetic Churn Risk Model,1.0,2026-06-30
CHN007403,CUS007403,Not Churn,0.0685,Low,Synthetic Churn Risk Model,1.0,2026-06-30
CHN007404,CUS007404,Not Churn,0.0925,Low,Synthetic Churn Risk Model,1.0,2026-06-30
CHN007405,CUS007405,Not Churn,0.0327,Low,Synthetic Churn Risk Model,1.0,2026-06-30
CHN007406,CUS007406,Not Churn,0.0987,Low,Synthetic Churn Risk Model,1.0,2026-06-30
CHN007407,CUS007407,Not Churn,0.0519,Low,Synthetic Churn Risk Model,1.0,2026-06-30
CHN007408,CUS007408,Not Churn,0.0418,Low,Synthetic Churn Risk Model,1.0,2026-06-30
CHN007409,CUS007409,Not Churn,0.0543,Low,Synthetic Churn Risk Model,1.0,2026-06-30
CHN007410,CUS007410,Not Churn,0.0479,Low,Synthetic Churn Risk Model,1.0,2026-06-30
CHN007411,CUS007411,Not Churn,0.0618,Low,Synthetic Churn Risk Model,1.0,2026-06-30
CHN007412,CUS007412,Not Churn,0.2472,Low,Synthetic Churn Risk Model,1.0,2026-06-30
CHN007413,CUS007413,Not Churn,0.3992,Medium,Synthetic Churn Risk Model,1.0,2026-06-30
CHN007414,CUS007414,Not Churn,0.4388,Medium,Synthetic Churn Risk Model,1.0,2026-06-30
CHN007415,CUS007415,Not Churn,0.0789,Low,Synthetic Churn Risk Model,1.0,2026-06-30
CHN007416,CUS007416,Not Churn,0.0525,Low,Synthetic Churn Risk Model,1.0,2026-06-30
CHN007417,CUS007417,Not Churn,0.4132,Medium,Synthetic Churn Risk Model,1.0,2026-06-30
CHN007418,CUS007418,Not Churn,0.3971,Medium,Synthetic Churn Risk Model,1.0,2026-06-30
CHN007419,CUS007419,Not Churn,0.3953,Medium,Synthetic Churn Risk Model,1.0,2026-06-30
CHN007420,CUS007420,Not Churn,0.4225,Medium,Synthetic Churn Risk Model,1.0,2026-06-30
CHN007421,CUS007421,Not Churn,0.4167,Medium,Synthetic Churn Risk Model,1.0,2026-06-30
CHN007422,CUS007422,Not Churn,0.0316,Low,Synthetic Churn Risk Model,1.0,2026-06-30
CHN007423,CUS007423,Not Churn,0.4022,Medium,Synthetic Churn Risk Model,1.0,2026-06-30
CHN007424,CUS007424,Not Churn,0.1833,Low,Synthetic Churn Risk Model,1.0,2026-06-30
CHN007425,CUS007425,Not Churn,0.0281,Low,Synthetic Churn Risk Model,1.0,2026-06-30
CHN007426,CUS007426,Not Churn,0.4648,Medium,Synthetic Churn Risk Model,1.0,2026-06-30
CHN007427,CUS007427,Not Churn,0.2362,Low,Synthetic Churn Risk Model,1.0,2026-06-30
CHN007428,CUS007428,Not Churn,0.0691,Low,Synthetic Churn Risk Model,1.0,2026-06-30
CHN007429,CUS007429,Not Churn,0.1418,Low,Synthetic Churn Risk Model,1.0,2026-06-30
CHN007430,CUS007430,Not Churn,0.0988,Low,Synthetic Churn Risk Model,1.0,2026-06-30
CHN007431,CUS007431,Not Churn,0.5753,Medium,Synthetic Churn Risk Model,1.0,2026-06-30
CHN007432,CUS007432,Not Churn,0.3994,Medium,Synthetic Churn Risk Model,1.0,2026-06-30
CHN007433,CUS007433,Not Churn,0.0297,Low,Synthetic Churn Risk Model,1.0,2026-06-30
CHN007434,CUS007434,Not Churn,0.4094,Medium,Synthetic Churn Risk Model,1.0,2026-06-30
CHN007435,CUS007435,Not Churn,0.406,Medium,Synthetic Churn Risk Model,1.0,2026-06-30
CHN007436,CUS007436,Not Churn,0.0534,Low,Synthetic Churn Risk Model,1.0,2026-06-30
CHN007437,CUS007437,Not Churn,0.0461,Low,Synthetic Churn Risk Model,1.0,2026-06-30
CHN007438,CUS007438,Not Churn,0.0391,Low,Synthetic Churn Risk Model,1.0,2026-06-30
CHN007439,CUS007439,Not Churn,0.0869,Low,Synthetic Churn Risk Model,1.0,2026-06-30
CHN007440,CUS007440,Not Churn,0.1452,Low,Synthetic Churn Risk Model,1.0,2026-06-30
CHN007441,CUS007441,Not Churn,0.5538,Medium,Synthetic Churn Risk Model,1.0,2026-06-30
CHN007442,CUS007442,Not Churn,0.0796,Low,Synthetic Churn Risk Model,1.0,2026-06-30
CHN007443,CUS007443,Not Churn,0.0527,Low,Synthetic Churn Risk Model,1.0,2026-06-30
CHN007444,CUS007444,Not Churn,0.2109,Low,Synthetic Churn Risk Model,1.0,2026-06-30
CHN007445,CUS007445,Not Churn,0.1048,Low,Synthetic Churn Risk Model,1.0,2026-06-30
CHN007446,CUS007446,Not Churn,0.1607,Low,Synthetic Churn Risk Model,1.0,2026-06-30
CHN007447,CUS007447,Not Churn,0.0458,Low,Synthetic Churn Risk Model,1.0,2026-06-30
CHN007448,CUS007448,Not Churn,0.0536,Low,Synthetic Churn Risk Model,1.0,2026-06-30
CHN007449,CUS007449,Not Churn,0.3984,Medium,Synthetic Churn Risk Model,1.0,2026-06-30
CHN007450,CUS007450,Not Churn,0.399,Medium,Synthetic Churn Risk Model,1.0,2026-06-30
CHN007451,CUS007451,Not Churn,0.0684,Low,Synthetic Churn Risk Model,1.0,2026-06-30
CHN007452,CUS007452,Not Churn,0.0769,Low,Synthetic Churn Risk Model,1.0,2026-06-30
CHN007453,CUS007453,Not Churn,0.0415,Low,Synthetic Churn Risk Model,1.0,2026-06-30
CHN007454,CUS007454,Not Churn,0.4055,Medium,Synthetic Churn Risk Model,1.0,2026-06-30
CHN007455,CUS007455,Not Churn,0.0966,Low,Synthetic Churn Risk Model,1.0,2026-06-30
CHN007456,CUS007456,Not Churn,0.0545,Low,Synthetic Churn Risk Model,1.0,2026-06-30
CHN007457,CUS007457,Not Churn,0.4188,Medium,Synthetic Churn Risk Model,1.0,2026-06-30
CHN007458,CUS007458,Not Churn,0.4232,Medium,Synthetic Churn Risk Model,1.0,2026-06-30
CHN007459,CUS007459,Not Churn,0.1112,Low,Synthetic Churn Risk Model,1.0,2026-06-30
CHN007460,CUS007460,Not Churn,0.057,Low,Synthetic Churn Risk Model,1.0,2026-06-30
CHN007461,CUS007461,Not Churn,0.0293,Low,Synthetic Churn Risk Model,1.0,2026-06-30
CHN007462,CUS007462,Not Churn,0.1168,Low,Synthetic Churn Risk Model,1.0,2026-06-30
CHN007463,CUS007463,Not Churn,0.1028,Low,Synthetic Churn Risk Model,1.0,2026-06-30
CHN007464,CUS007464,Not Churn,0.4201,Medium,Synthetic Churn Risk Model,1.0,2026-06-30
CHN007465,CUS007465,Not Churn,0.0501,Low,Synthetic Churn Risk Model,1.0,2026-06-30
CHN007466,CUS007466,Not Churn,0.2595,Low,Synthetic Churn Risk Model,1.0,2026-06-30
CHN007467,CUS007467,Not Churn,0.0713,Low,Synthetic Churn Risk Model,1.0,2026-06-30
CHN007468,CUS007468,Not Churn,0.0561,Low,Synthetic Churn Risk Model,1.0,2026-06-30
CHN007469,CUS007469,Not Churn,0.0663,Low,Synthetic Churn Risk Model,1.0,2026-06-30
CHN007470,CUS007470,Not Churn,0.1936,Low,Synthetic Churn Risk Model,1.0,2026-06-30
CHN007471,CUS007471,Not Churn,0.1246,Low,Synthetic Churn Risk Model,1.0,2026-06-30
CHN007472,CUS007472,Not Churn,0.2288,Low,Synthetic Churn Risk Model,1.0,2026-06-30
CHN007473,CUS007473,Not Churn,0.0937,Low,Synthetic Churn Risk Model,1.0,2026-06-30
CHN007474,CUS007474,Not Churn,0.1792,Low,Synthetic Churn Risk Model,1.0,2026-06-30
CHN007475,CUS007475,Not Churn,0.0708,Low,Synthetic Churn Risk Model,1.0,2026-06-30
CHN007476,CUS007476,Not Churn,0.1118,Low,Synthetic Churn Risk Model,1.0,2026-06-30
CHN007477,CUS007477,Not Churn,0.0322,Low,Synthetic Churn Risk Model,1.0,2026-06-30
CHN007478,CUS007478,Not Churn,0.0941,Low,Synthetic Churn Risk Model,1.0,2026-06-30
CHN007479,CUS007479,Not Churn,0.0498,Low,Synthetic Churn Risk Model,1.0,2026-06-30
CHN007480,CUS007480,Not Churn,0.0324,Low,Synthetic Churn Risk Model,1.0,2026-06-30
CHN007481,CUS007481,Not Churn,0.4009,Medium,Synthetic Churn Risk Model,1.0,2026-06-30
CHN007482,CUS007482,Not Churn,0.0534,Low,Synthetic Churn Risk Model,1.0,2026-06-30
CHN007483,CUS007483,Not Churn,0.0346,Low,Synthetic Churn Risk Model,1.0,2026-06-30
CHN007484,CUS007484,Not Churn,0.1723,Low,Synthetic Churn Risk Model,1.0,2026-06-30
CHN007485,CUS007485,Not Churn,0.408,Medium,Synthetic Churn Risk Model,1.0,2026-06-30
CHN007486,CUS007486,Not Churn,0.0465,Low,Synthetic Churn Risk Model,1.0,2026-06-30
CHN007487,CUS007487,Not Churn,0.0178,Low,Synthetic Churn Risk Model,1.0,2026-06-30
CHN007488,CUS007488,Not Churn,0.4131,Medium,Synthetic Churn Risk Model,1.0,2026-06-30
CHN007489,CUS007489,Not Churn,0.402,Medium,Synthetic Churn Risk Model,1.0,2026-06-30
CHN007490,CUS007490,Not Churn,0.0227,Low,Synthetic Churn Risk Model,1.0,2026-06-30
CHN007491,CUS007491,Not Churn,0.1048,Low,Synthetic Churn Risk Model,1.0,2026-06-30
CHN007492,CUS007492,Not Churn,0.1195,Low,Synthetic Churn Risk Model,1.0,2026-06-30
CHN007493,CUS007493,Not Churn,0.0718,Low,Synthetic Churn Risk Model,1.0,2026-06-30
CHN007494,CUS007494,Not Churn,0.0627,Low,Synthetic Churn Risk Model,1.0,2026-06-30
CHN007495,CUS007495,Not Churn,0.0278,Low,Synthetic Churn Risk Model,1.0,2026-06-30
CHN007496,CUS007496,Not Churn,0.4225,Medium,Synthetic Churn Risk Model,1.0,2026-06-30
CHN007497,CUS007497,Not Churn,0.1705,Low,Synthetic Churn Risk Model,1.0,2026-06-30
CHN007498,CUS007498,Not Churn,0.032,Low,Synthetic Churn Risk Model,1.0,2026-06-30
CHN007499,CUS007499,Not Churn,0.137,Low,Synthetic Churn Risk Model,1.0,2026-06-30
CHN007500,CUS007500,Not Churn,0.0345,Low,Synthetic Churn Risk Model,1.0,2026-06-30
CHN007501,CUS007501,Not Churn,0.0453,Low,Synthetic Churn Risk Model,1.0,2026-06-30
CHN007502,CUS007502,Not Churn,0.2733,Low,Synthetic Churn Risk Model,1.0,2026-06-30
CHN007503,CUS007503,Not Churn,0.3954,Medium,Synthetic Churn Risk Model,1.0,2026-06-30
CHN007504,CUS007504,Not Churn,0.4167,Medium,Synthetic Churn Risk Model,1.0,2026-06-30
CHN007505,CUS007505,Not Churn,0.1071,Low,Synthetic Churn Risk Model,1.0,2026-06-30
CHN007506,CUS007506,Not Churn,0.4351,Medium,Synthetic Churn Risk Model,1.0,2026-06-30
CHN007507,CUS007507,Not Churn,0.4368,Medium,Synthetic Churn Risk Model,1.0,2026-06-30
CHN007508,CUS007508,Not Churn,0.0674,Low,Synthetic Churn Risk Model,1.0,2026-06-30
CHN007509,CUS007509,Not Churn,0.0253,Low,Synthetic Churn Risk Model,1.0,2026-06-30
CHN007510,CUS007510,Not Churn,0.1003,Low,Synthetic Churn Risk Model,1.0,2026-06-30
CHN007511,CUS007511,Not Churn,0.0284,Low,Synthetic Churn Risk Model,1.0,2026-06-30
CHN007512,CUS007512,Not Churn,0.4073,Medium,Synthetic Churn Risk Model,1.0,2026-06-30
CHN007513,CUS007513,Not Churn,0.0753,Low,Synthetic Churn Risk Model,1.0,2026-06-30
CHN007514,CUS007514,Not Churn,0.0443,Low,Synthetic Churn Risk Model,1.0,2026-06-30
CHN007515,CUS007515,Not Churn,0.4066,Medium,Synthetic Churn Risk Model,1.0,2026-06-30
CHN007516,CUS007516,Not Churn,0.4034,Medium,Synthetic Churn Risk Model,1.0,2026-06-30
CHN007517,CUS007517,Not Churn,0.0562,Low,Synthetic Churn Risk Model,1.0,2026-06-30
CHN007518,CUS007518,Not Churn,0.0311,Low,Synthetic Churn Risk Model,1.0,2026-06-30
CHN007519,CUS007519,Not Churn,0.0329,Low,Synthetic Churn Risk Model,1.0,2026-06-30
CHN007520,CUS007520,Not Churn,0.3918,Medium,Synthetic Churn Risk Model,1.0,2026-06-30
CHN007521,CUS007521,Not Churn,0.0765,Low,Synthetic Churn Risk Model,1.0,2026-06-30
CHN007522,CUS007522,Not Churn,0.0897,Low,Synthetic Churn Risk Model,1.0,2026-06-30
CHN007523,CUS007523,Not Churn,0.4162,Medium,Synthetic Churn Risk Model,1.0,2026-06-30
CHN007524,CUS007524,Not Churn,0.0642,Low,Synthetic Churn Risk Model,1.0,2026-06-30
CHN007525,CUS007525,Not Churn,0.0723,Low,Synthetic Churn Risk Model,1.0,2026-06-30
CHN007526,CUS007526,Not Churn,0.2592,Low,Synthetic Churn Risk Model,1.0,2026-06-30
CHN007527,CUS007527,Not Churn,0.1613,Low,Synthetic Churn Risk Model,1.0,2026-06-30
CHN007528,CUS007528,Not Churn,0.457,Medium,Synthetic Churn Risk Model,1.0,2026-06-30
CHN007529,CUS007529,Not Churn,0.1405,Low,Synthetic Churn Risk Model,1.0,2026-06-30
CHN007530,CUS007530,Not Churn,0.0498,Low,Synthetic Churn Risk Model,1.0,2026-06-30
CHN007531,CUS007531,Not Churn,0.1042,Low,Synthetic Churn Risk Model,1.0,2026-06-30
CHN007532,CUS007532,Not Churn,0.4107,Medium,Synthetic Churn Risk Model,1.0,2026-06-30
CHN007533,CUS007533,Not Churn,0.0845,Low,Synthetic Churn Risk Model,1.0,2026-06-30
CHN007534,CUS007534,Not Churn,0.2142,Low,Synthetic Churn Risk Model,1.0,2026-06-30
CHN007535,CUS007535,Not Churn,0.0317,Low,Synthetic Churn Risk Model,1.0,2026-06-30
CHN007536,CUS007536,Not Churn,0.0161,Low,Synthetic Churn Risk Model,1.0,2026-06-30
CHN007537,CUS007537,Not Churn,0.415,Medium,Synthetic Churn Risk Model,1.0,2026-06-30
CHN007538,CUS007538,Not Churn,0.0397,Low,Synthetic Churn Risk Model,1.0,2026-06-30
CHN007539,CUS007539,Not Churn,0.126,Low,Synthetic Churn Risk Model,1.0,2026-06-30
CHN007540,CUS007540,Not Churn,0.0319,Low,Synthetic Churn Risk Model,1.0,2026-06-30
CHN007541,CUS007541,Not Churn,0.0793,Low,Synthetic Churn Risk Model,1.0,2026-06-30
CHN007542,CUS007542,Not Churn,0.03,Low,Synthetic Churn Risk Model,1.0,2026-06-30
CHN007543,CUS007543,Not Churn,0.0993,Low,Synthetic Churn Risk Model,1.0,2026-06-30
CHN007544,CUS007544,Not Churn,0.0558,Low,Synthetic Churn Risk Model,1.0,2026-06-30
CHN007545,CUS007545,Not Churn,0.1909,Low,Synthetic Churn Risk Model,1.0,2026-06-30
CHN007546,CUS007546,Not Churn,0.4242,Medium,Synthetic Churn Risk Model,1.0,2026-06-30
CHN007547,CUS007547,Not Churn,0.1054,Low,Synthetic Churn Risk Model,1.0,2026-06-30
CHN007548,CUS007548,Not Churn,0.4208,Medium,Synthetic Churn Risk Model,1.0,2026-06-30
CHN007549,CUS007549,Not Churn,0.0402,Low,Synthetic Churn Risk Model,1.0,2026-06-30
CHN007550,CUS007550,Not Churn,0.0443,Low,Synthetic Churn Risk Model,1.0,2026-06-30
CHN007551,CUS007551,Not Churn,0.0411,Low,Synthetic Churn Risk Model,1.0,2026-06-30
CHN007552,CUS007552,Not Churn,0.1168,Low,Synthetic Churn Risk Model,1.0,2026-06-30
CHN007553,CUS007553,Not Churn,0.1431,Low,Synthetic Churn Risk Model,1.0,2026-06-30
CHN007554,CUS007554,Not Churn,0.101,Low,Synthetic Churn Risk Model,1.0,2026-06-30
CHN007555,CUS007555,Not Churn,0.0533,Low,Synthetic Churn Risk Model,1.0,2026-06-30
CHN007556,CUS007556,Not Churn,0.0337,Low,Synthetic Churn Risk Model,1.0,2026-06-30
CHN007557,CUS007557,Not Churn,0.4198,Medium,Synthetic Churn Risk Model,1.0,2026-06-30
CHN007558,CUS007558,Not Churn,0.4081,Medium,Synthetic Churn Risk Model,1.0,2026-06-30
CHN007559,CUS007559,Not Churn,0.0564,Low,Synthetic Churn Risk Model,1.0,2026-06-30
CHN007560,CUS007560,Not Churn,0.0997,Low,Synthetic Churn Risk Model,1.0,2026-06-30
CHN007561,CUS007561,Not Churn,0.1011,Low,Synthetic Churn Risk Model,1.0,2026-06-30
CHN007562,CUS007562,Not Churn,0.058,Low,Synthetic Churn Risk Model,1.0,2026-06-30
CHN007563,CUS007563,Not Churn,0.2373,Low,Synthetic Churn Risk Model,1.0,2026-06-30
CHN007564,CUS007564,Not Churn,0.069,Low,Synthetic Churn Risk Model,1.0,2026-06-30
CHN007565,CUS007565,Not Churn,0.4109,Medium,Synthetic Churn Risk Model,1.0,2026-06-30
CHN007566,CUS007566,Not Churn,0.179,Low,Synthetic Churn Risk Model,1.0,2026-06-30
CHN007567,CUS007567,Not Churn,0.0598,Low,Synthetic Churn Risk Model,1.0,2026-06-30
CHN007568,CUS007568,Not Churn,0.0565,Low,Synthetic Churn Risk Model,1.0,2026-06-30
CHN007569,CUS007569,Not Churn,0.0574,Low,Synthetic Churn Risk Model,1.0,2026-06-30
CHN007570,CUS007570,Not Churn,0.4144,Medium,Synthetic Churn Risk Model,1.0,2026-06-30
CHN007571,CUS007571,Not Churn,0.1306,Low,Synthetic Churn Risk Model,1.0,2026-06-30
CHN007572,CUS007572,Not Churn,0.0763,Low,Synthetic Churn Risk Model,1.0,2026-06-30
CHN007573,CUS007573,Not Churn,0.418,Medium,Synthetic Churn Risk Model,1.0,2026-06-30
CHN007574,CUS007574,Not Churn,0.1114,Low,Synthetic Churn Risk Model,1.0,2026-06-30
CHN007575,CUS007575,Not Churn,0.4073,Medium,Synthetic Churn Risk Model,1.0,2026-06-30
CHN007576,CUS007576,Not Churn,0.127,Low,Synthetic Churn Risk Model,1.0,2026-06-30
CHN007577,CUS007577,Not Churn,0.0355,Low,Synthetic Churn Risk Model,1.0,2026-06-30
CHN007578,CUS007578,Not Churn,0.0962,Low,Synthetic Churn Risk Model,1.0,2026-06-30
CHN007579,CUS007579,Not Churn,0.4198,Medium,Synthetic Churn Risk Model,1.0,2026-06-30
CHN007580,CUS007580,Not Churn,0.0837,Low,Synthetic Churn Risk Model,1.0,2026-06-30
CHN007581,CUS007581,Not Churn,0.3999,Medium,Synthetic Churn Risk Model,1.0,2026-06-30
CHN007582,CUS007582,Not Churn,0.038,Low,Synthetic Churn Risk Model,1.0,2026-06-30
CHN007583,CUS007583,Not Churn,0.0677,Low,Synthetic Churn Risk Model,1.0,2026-06-30
CHN007584,CUS007584,Not Churn,0.0427,Low,Synthetic Churn Risk Model,1.0,2026-06-30
CHN007585,CUS007585,Not Churn,0.1075,Low,Synthetic Churn Risk Model,1.0,2026-06-30
CHN007586,CUS007586,Not Churn,0.0661,Low,Synthetic Churn Risk Model,1.0,2026-06-30
CHN007587,CUS007587,Not Churn,0.3981,Medium,Synthetic Churn Risk Model,1.0,2026-06-30
CHN007588,CUS007588,Not Churn,0.1933,Low,Synthetic Churn Risk Model,1.0,2026-06-30
CHN007589,CUS007589,Not Churn,0.405,Medium,Synthetic Churn Risk Model,1.0,2026-06-30
CHN007590,CUS007590,Not Churn,0.1059,Low,Synthetic Churn Risk Model,1.0,2026-06-30
CHN007591,CUS007591,Not Churn,0.0426,Low,Synthetic Churn Risk Model,1.0,2026-06-30
CHN007592,CUS007592,Not Churn,0.0282,Low,Synthetic Churn Risk Model,1.0,2026-06-30
CHN007593,CUS007593,Not Churn,0.0757,Low,Synthetic Churn Risk Model,1.0,2026-06-30
CHN007594,CUS007594,Not Churn,0.0213,Low,Synthetic Churn Risk Model,1.0,2026-06-30
CHN007595,CUS007595,Not Churn,0.0505,Low,Synthetic Churn Risk Model,1.0,2026-06-30
CHN007596,CUS007596,Not Churn,0.0921,Low,Synthetic Churn Risk Model,1.0,2026-06-30
CHN007597,CUS007597,Not Churn,0.0028,Low,Synthetic Churn Risk Model,1.0,2026-06-30
CHN007598,CUS007598,Not Churn,0.0744,Low,Synthetic Churn Risk Model,1.0,2026-06-30
CHN007599,CUS007599,Not Churn,0.0583,Low,Synthetic Churn Risk Model,1.0,2026-06-30
CHN007600,CUS007600,Not Churn,0.0945,Low,Synthetic Churn Risk Model,1.0,2026-06-30
CHN007601,CUS007601,Not Churn,0.2242,Low,Synthetic Churn Risk Model,1.0,2026-06-30
CHN007602,CUS007602,Not Churn,0.0545,Low,Synthetic Churn Risk Model,1.0,2026-06-30
CHN007603,CUS007603,Not Churn,0.4297,Medium,Synthetic Churn Risk Model,1.0,2026-06-30
CHN007604,CUS007604,Not Churn,0.4295,Medium,Synthetic Churn Risk Model,1.0,2026-06-30
CHN007605,CUS007605,Not Churn,0.023,Low,Synthetic Churn Risk Model,1.0,2026-06-30
CHN007606,CUS007606,Not Churn,0.0211,Low,Synthetic Churn Risk Model,1.0,2026-06-30
CHN007607,CUS007607,Not Churn,0.3932,Medium,Synthetic Churn Risk Model,1.0,2026-06-30
CHN007608,CUS007608,Not Churn,0.0417,Low,Synthetic Churn Risk Model,1.0,2026-06-30
CHN007609,CUS007609,Not Churn,0.0701,Low,Synthetic Churn Risk Model,1.0,2026-06-30
CHN007610,CUS007610,Not Churn,0.0898,Low,Synthetic Churn Risk Model,1.0,2026-06-30
CHN007611,CUS007611,Not Churn,0.3901,Medium,Synthetic Churn Risk Model,1.0,2026-06-30
CHN007612,CUS007612,Not Churn,0.4199,Medium,Synthetic Churn Risk Model,1.0,2026-06-30
CHN007613,CUS007613,Not Churn,0.0165,Low,Synthetic Churn Risk Model,1.0,2026-06-30
CHN007614,CUS007614,Not Churn,0.0578,Low,Synthetic Churn Risk Model,1.0,2026-06-30
CHN007615,CUS007615,Not Churn,0.0569,Low,Synthetic Churn Risk Model,1.0,2026-06-30
CHN007616,CUS007616,Not Churn,0.0809,Low,Synthetic Churn Risk Model,1.0,2026-06-30
CHN007617,CUS007617,Not Churn,0.2632,Low,Synthetic Churn Risk Model,1.0,2026-06-30
CHN007618,CUS007618,Not Churn,0.4462,Medium,Synthetic Churn Risk Model,1.0,2026-06-30
CHN007619,CUS007619,Not Churn,0.1078,Low,Synthetic Churn Risk Model,1.0,2026-06-30
CHN007620,CUS007620,Not Churn,0.0817,Low,Synthetic Churn Risk Model,1.0,2026-06-30
CHN007621,CUS007621,Not Churn,0.2069,Low,Synthetic Churn Risk Model,1.0,2026-06-30
CHN007622,CUS007622,Not Churn,0.0255,Low,Synthetic Churn Risk Model,1.0,2026-06-30
CHN007623,CUS007623,Not Churn,0.0522,Low,Synthetic Churn Risk Model,1.0,2026-06-30
CHN007624,CUS007624,Not Churn,0.4174,Medium,Synthetic Churn Risk Model,1.0,2026-06-30
CHN007625,CUS007625,Not Churn,0.0859,Low,Synthetic Churn Risk Model,1.0,2026-06-30
CHN007626,CUS007626,Not Churn,0.0358,Low,Synthetic Churn Risk Model,1.0,2026-06-30
CHN007627,CUS007627,Not Churn,0.1769,Low,Synthetic Churn Risk Model,1.0,2026-06-30
CHN007628,CUS007628,Not Churn,0.1214,Low,Synthetic Churn Risk Model,1.0,2026-06-30
CHN007629,CUS007629,Not Churn,0.1529,Low,Synthetic Churn Risk Model,1.0,2026-06-30
CHN007630,CUS007630,Not Churn,0.0045,Low,Synthetic Churn Risk Model,1.0,2026-06-30
CHN007631,CUS007631,Not Churn,0.0173,Low,Synthetic Churn Risk Model,1.0,2026-06-30
CHN007632,CUS007632,Not Churn,0.0995,Low,Synthetic Churn Risk Model,1.0,2026-06-30
CHN007633,CUS007633,Not Churn,0.3798,Medium,Synthetic Churn Risk Model,1.0,2026-06-30
CHN007634,CUS007634,Not Churn,0.0708,Low,Synthetic Churn Risk Model,1.0,2026-06-30
CHN007635,CUS007635,Not Churn,0.3964,Medium,Synthetic Churn Risk Model,1.0,2026-06-30
CHN007636,CUS007636,Not Churn,0.3788,Medium,Synthetic Churn Risk Model,1.0,2026-06-30
CHN007637,CUS007637,Not Churn,0.0898,Low,Synthetic Churn Risk Model,1.0,2026-06-30
CHN007638,CUS007638,Not Churn,0.0648,Low,Synthetic Churn Risk Model,1.0,2026-06-30
CHN007639,CUS007639,Not Churn,0.1908,Low,Synthetic Churn Risk Model,1.0,2026-06-30
CHN007640,CUS007640,Not Churn,0.0658,Low,Synthetic Churn Risk Model,1.0,2026-06-30
CHN007641,CUS007641,Not Churn,0.02,Low,Synthetic Churn Risk Model,1.0,2026-06-30
CHN007642,CUS007642,Not Churn,0.0579,Low,Synthetic Churn Risk Model,1.0,2026-06-30
CHN007643,CUS007643,Not Churn,0.1971,Low,Synthetic Churn Risk Model,1.0,2026-06-30
CHN007644,CUS007644,Not Churn,0.4066,Medium,Synthetic Churn Risk Model,1.0,2026-06-30
CHN007645,CUS007645,Not Churn,0.0344,Low,Synthetic Churn Risk Model,1.0,2026-06-30
CHN007646,CUS007646,Not Churn,0.0244,Low,Synthetic Churn Risk Model,1.0,2026-06-30
CHN007647,CUS007647,Not Churn,0.3962,Medium,Synthetic Churn Risk Model,1.0,2026-06-30
CHN007648,CUS007648,Not Churn,0.4281,Medium,Synthetic Churn Risk Model,1.0,2026-06-30
CHN007649,CUS007649,Not Churn,0.0583,Low,Synthetic Churn Risk Model,1.0,2026-06-30
CHN007650,CUS007650,Not Churn,0.4166,Medium,Synthetic Churn Risk Model,1.0,2026-06-30
CHN007651,CUS007651,Not Churn,0.1213,Low,Synthetic Churn Risk Model,1.0,2026-06-30
CHN007652,CUS007652,Not Churn,0.5434,Medium,Synthetic Churn Risk Model,1.0,2026-06-30
CHN007653,CUS007653,Not Churn,0.0981,Low,Synthetic Churn Risk Model,1.0,2026-06-30
CHN007654,CUS007654,Not Churn,0.051,Low,Synthetic Churn Risk Model,1.0,2026-06-30
CHN007655,CUS007655,Not Churn,0.1955,Low,Synthetic Churn Risk Model,1.0,2026-06-30
CHN007656,CUS007656,Not Churn,0.0447,Low,Synthetic Churn Risk Model,1.0,2026-06-30
CHN007657,CUS007657,Not Churn,0.2012,Low,Synthetic Churn Risk Model,1.0,2026-06-30
CHN007658,CUS007658,Not Churn,0.1874,Low,Synthetic Churn Risk Model,1.0,2026-06-30
CHN007659,CUS007659,Not Churn,0.4132,Medium,Synthetic Churn Risk Model,1.0,2026-06-30
CHN007660,CUS007660,Not Churn,0.0295,Low,Synthetic Churn Risk Model,1.0,2026-06-30
CHN007661,CUS007661,Not Churn,0.1343,Low,Synthetic Churn Risk Model,1.0,2026-06-30
CHN007662,CUS007662,Not Churn,0.0315,Low,Synthetic Churn Risk Model,1.0,2026-06-30
CHN007663,CUS007663,Not Churn,0.4161,Medium,Synthetic Churn Risk Model,1.0,2026-06-30
CHN007664,CUS007664,Not Churn,0.4138,Medium,Synthetic Churn Risk Model,1.0,2026-06-30
CHN007665,CUS007665,Not Churn,0.0422,Low,Synthetic Churn Risk Model,1.0,2026-06-30
CHN007666,CUS007666,Not Churn,0.0734,Low,Synthetic Churn Risk Model,1.0,2026-06-30
CHN007667,CUS007667,Not Churn,0.0263,Low,Synthetic Churn Risk Model,1.0,2026-06-30
CHN007668,CUS007668,Not Churn,0.0364,Low,Synthetic Churn Risk Model,1.0,2026-06-30
CHN007669,CUS007669,Not Churn,0.0352,Low,Synthetic Churn Risk Model,1.0,2026-06-30
CHN007670,CUS007670,Not Churn,0.0686,Low,Synthetic Churn Risk Model,1.0,2026-06-30
CHN007671,CUS007671,Not Churn,0.0489,Low,Synthetic Churn Risk Model,1.0,2026-06-30
CHN007672,CUS007672,Not Churn,0.0318,Low,Synthetic Churn Risk Model,1.0,2026-06-30
CHN007673,CUS007673,Not Churn,0.0703,Low,Synthetic Churn Risk Model,1.0,2026-06-30
CHN007674,CUS007674,Not Churn,0.159,Low,Synthetic Churn Risk Model,1.0,2026-06-30
CHN007675,CUS007675,Not Churn,0.0342,Low,Synthetic Churn Risk Model,1.0,2026-06-30
CHN007676,CUS007676,Not Churn,0.3983,Medium,Synthetic Churn Risk Model,1.0,2026-06-30
CHN007677,CUS007677,Not Churn,0.0895,Low,Synthetic Churn Risk Model,1.0,2026-06-30
CHN007678,CUS007678,Not Churn,0.3985,Medium,Synthetic Churn Risk Model,1.0,2026-06-30
CHN007679,CUS007679,Not Churn,0.1588,Low,Synthetic Churn Risk Model,1.0,2026-06-30
CHN007680,CUS007680,Not Churn,0.0389,Low,Synthetic Churn Risk Model,1.0,2026-06-30
CHN007681,CUS007681,Not Churn,0.0807,Low,Synthetic Churn Risk Model,1.0,2026-06-30
CHN007682,CUS007682,Not Churn,0.4066,Medium,Synthetic Churn Risk Model,1.0,2026-06-30
CHN007683,CUS007683,Not Churn,0.2955,Low,Synthetic Churn Risk Model,1.0,2026-06-30
CHN007684,CUS007684,Not Churn,0.1434,Low,Synthetic Churn Risk Model,1.0,2026-06-30
CHN007685,CUS007685,Not Churn,0.1914,Low,Synthetic Churn Risk Model,1.0,2026-06-30
CHN007686,CUS007686,Not Churn,0.0191,Low,Synthetic Churn Risk Model,1.0,2026-06-30
CHN007687,CUS007687,Not Churn,0.409,Medium,Synthetic Churn Risk Model,1.0,2026-06-30
CHN007688,CUS007688,Not Churn,0.0416,Low,Synthetic Churn Risk Model,1.0,2026-06-30
CHN007689,CUS007689,Not Churn,0.4061,Medium,Synthetic Churn Risk Model,1.0,2026-06-30
CHN007690,CUS007690,Not Churn,0.2091,Low,Synthetic Churn Risk Model,1.0,2026-06-30
CHN007691,CUS007691,Not Churn,0.3989,Medium,Synthetic Churn Risk Model,1.0,2026-06-30
CHN007692,CUS007692,Not Churn,0.038,Low,Synthetic Churn Risk Model,1.0,2026-06-30
CHN007693,CUS007693,Not Churn,0.184,Low,Synthetic Churn Risk Model,1.0,2026-06-30
CHN007694,CUS007694,Not Churn,0.0431,Low,Synthetic Churn Risk Model,1.0,2026-06-30
CHN007695,CUS007695,Not Churn,0.0472,Low,Synthetic Churn Risk Model,1.0,2026-06-30
CHN007696,CUS007696,Not Churn,0.0967,Low,Synthetic Churn Risk Model,1.0,2026-06-30
CHN007697,CUS007697,Not Churn,0.0941,Low,Synthetic Churn Risk Model,1.0,2026-06-30
CHN007698,CUS007698,Not Churn,0.1782,Low,Synthetic Churn Risk Model,1.0,2026-06-30
CHN007699,CUS007699,Not Churn,0.2115,Low,Synthetic Churn Risk Model,1.0,2026-06-30
CHN007700,CUS007700,Not Churn,0.0462,Low,Synthetic Churn Risk Model,1.0,2026-06-30
CHN007701,CUS007701,Not Churn,0.0656,Low,Synthetic Churn Risk Model,1.0,2026-06-30
CHN007702,CUS007702,Not Churn,0.4365,Medium,Synthetic Churn Risk Model,1.0,2026-06-30
CHN007703,CUS007703,Not Churn,0.0455,Low,Synthetic Churn Risk Model,1.0,2026-06-30
CHN007704,CUS007704,Not Churn,0.4211,Medium,Synthetic Churn Risk Model,1.0,2026-06-30
CHN007705,CUS007705,Not Churn,0.0494,Low,Synthetic Churn Risk Model,1.0,2026-06-30
CHN007706,CUS007706,Not Churn,0.1322,Low,Synthetic Churn Risk Model,1.0,2026-06-30
CHN007707,CUS007707,Not Churn,0.1223,Low,Synthetic Churn Risk Model,1.0,2026-06-30
CHN007708,CUS007708,Not Churn,0.0693,Low,Synthetic Churn Risk Model,1.0,2026-06-30
CHN007709,CUS007709,Not Churn,0.0382,Low,Synthetic Churn Risk Model,1.0,2026-06-30
CHN007710,CUS007710,Not Churn,0.1366,Low,Synthetic Churn Risk Model,1.0,2026-06-30
CHN007711,CUS007711,Not Churn,0.417,Medium,Synthetic Churn Risk Model,1.0,2026-06-30
CHN007712,CUS007712,Not Churn,0.3985,Medium,Synthetic Churn Risk Model,1.0,2026-06-30
CHN007713,CUS007713,Not Churn,0.0888,Low,Synthetic Churn Risk Model,1.0,2026-06-30
CHN007714,CUS007714,Not Churn,0.078,Low,Synthetic Churn Risk Model,1.0,2026-06-30
CHN007715,CUS007715,Not Churn,0.2733,Low,Synthetic Churn Risk Model,1.0,2026-06-30
CHN007716,CUS007716,Not Churn,0.2377,Low,Synthetic Churn Risk Model,1.0,2026-06-30
CHN007717,CUS007717,Not Churn,0.082,Low,Synthetic Churn Risk Model,1.0,2026-06-30
CHN007718,CUS007718,Not Churn,0.0715,Low,Synthetic Churn Risk Model,1.0,2026-06-30
CHN007719,CUS007719,Not Churn,0.0861,Low,Synthetic Churn Risk Model,1.0,2026-06-30
CHN007720,CUS007720,Churn,0.716,High,Synthetic Churn Risk Model,1.0,2026-06-30
CHN007721,CUS007721,Not Churn,0.0772,Low,Synthetic Churn Risk Model,1.0,2026-06-30
CHN007722,CUS007722,Not Churn,0.412,Medium,Synthetic Churn Risk Model,1.0,2026-06-30
CHN007723,CUS007723,Not Churn,0.0833,Low,Synthetic Churn Risk Model,1.0,2026-06-30
CHN007724,CUS007724,Not Churn,0.1926,Low,Synthetic Churn Risk Model,1.0,2026-06-30
CHN007725,CUS007725,Churn,0.6295,High,Synthetic Churn Risk Model,1.0,2026-06-30
CHN007726,CUS007726,Not Churn,0.1515,Low,Synthetic Churn Risk Model,1.0,2026-06-30
CHN007727,CUS007727,Not Churn,0.4505,Medium,Synthetic Churn Risk Model,1.0,2026-06-30
CHN007728,CUS007728,Not Churn,0.4294,Medium,Synthetic Churn Risk Model,1.0,2026-06-30
CHN007729,CUS007729,Not Churn,0.1359,Low,Synthetic Churn Risk Model,1.0,2026-06-30
CHN007730,CUS007730,Not Churn,0.0379,Low,Synthetic Churn Risk Model,1.0,2026-06-30
CHN007731,CUS007731,Not Churn,0.4126,Medium,Synthetic Churn Risk Model,1.0,2026-06-30
CHN007732,CUS007732,Not Churn,0.0216,Low,Synthetic Churn Risk Model,1.0,2026-06-30
CHN007733,CUS007733,Not Churn,0.4115,Medium,Synthetic Churn Risk Model,1.0,2026-06-30
CHN007734,CUS007734,Not Churn,0.0108,Low,Synthetic Churn Risk Model,1.0,2026-06-30
CHN007735,CUS007735,Not Churn,0.2006,Low,Synthetic Churn Risk Model,1.0,2026-06-30
CHN007736,CUS007736,Not Churn,0.0456,Low,Synthetic Churn Risk Model,1.0,2026-06-30
CHN007737,CUS007737,Not Churn,0.103,Low,Synthetic Churn Risk Model,1.0,2026-06-30
CHN007738,CUS007738,Not Churn,0.0126,Low,Synthetic Churn Risk Model,1.0,2026-06-30
CHN007739,CUS007739,Not Churn,0.2264,Low,Synthetic Churn Risk Model,1.0,2026-06-30
CHN007740,CUS007740,Not Churn,0.0148,Low,Synthetic Churn Risk Model,1.0,2026-06-30
CHN007741,CUS007741,Not Churn,0.4139,Medium,Synthetic Churn Risk Model,1.0,2026-06-30
CHN007742,CUS007742,Not Churn,0.2399,Low,Synthetic Churn Risk Model,1.0,2026-06-30
CHN007743,CUS007743,Not Churn,0.0526,Low,Synthetic Churn Risk Model,1.0,2026-06-30
CHN007744,CUS007744,Not Churn,0.4067,Medium,Synthetic Churn Risk Model,1.0,2026-06-30
CHN007745,CUS007745,Not Churn,0.101,Low,Synthetic Churn Risk Model,1.0,2026-06-30
CHN007746,CUS007746,Not Churn,0.0397,Low,Synthetic Churn Risk Model,1.0,2026-06-30
CHN007747,CUS007747,Not Churn,0.1563,Low,Synthetic Churn Risk Model,1.0,2026-06-30
CHN007748,CUS007748,Not Churn,0.1337,Low,Synthetic Churn Risk Model,1.0,2026-06-30
CHN007749,CUS007749,Not Churn,0.1853,Low,Synthetic Churn Risk Model,1.0,2026-06-30
CHN007750,CUS007750,Not Churn,0.4137,Medium,Synthetic Churn Risk Model,1.0,2026-06-30
CHN007751,CUS007751,Not Churn,0.0458,Low,Synthetic Churn Risk Model,1.0,2026-06-30
CHN007752,CUS007752,Not Churn,0.1503,Low,Synthetic Churn Risk Model,1.0,2026-06-30
CHN007753,CUS007753,Not Churn,0.3727,Medium,Synthetic Churn Risk Model,1.0,2026-06-30
CHN007754,CUS007754,Not Churn,0.405,Medium,Synthetic Churn Risk Model,1.0,2026-06-30
CHN007755,CUS007755,Not Churn,0.4294,Medium,Synthetic Churn Risk Model,1.0,2026-06-30
CHN007756,CUS007756,Not Churn,0.091,Low,Synthetic Churn Risk Model,1.0,2026-06-30
CHN007757,CUS007757,Not Churn,0.4056,Medium,Synthetic Churn Risk Model,1.0,2026-06-30
CHN007758,CUS007758,Not Churn,0.407,Medium,Synthetic Churn Risk Model,1.0,2026-06-30
CHN007759,CUS007759,Not Churn,0.1278,Low,Synthetic Churn Risk Model,1.0,2026-06-30
CHN007760,CUS007760,Not Churn,0.0831,Low,Synthetic Churn Risk Model,1.0,2026-06-30
CHN007761,CUS007761,Not Churn,0.0512,Low,Synthetic Churn Risk Model,1.0,2026-06-30
CHN007762,CUS007762,Not Churn,0.4648,Medium,Synthetic Churn Risk Model,1.0,2026-06-30
CHN007763,CUS007763,Not Churn,0.2364,Low,Synthetic Churn Risk Model,1.0,2026-06-30
CHN007764,CUS007764,Not Churn,0.0333,Low,Synthetic Churn Risk Model,1.0,2026-06-30
CHN007765,CUS007765,Not Churn,0.4065,Medium,Synthetic Churn Risk Model,1.0,2026-06-30
CHN007766,CUS007766,Not Churn,0.405,Medium,Synthetic Churn Risk Model,1.0,2026-06-30
CHN007767,CUS007767,Not Churn,0.0392,Low,Synthetic Churn Risk Model,1.0,2026-06-30
CHN007768,CUS007768,Not Churn,0.2567,Low,Synthetic Churn Risk Model,1.0,2026-06-30
CHN007769,CUS007769,Not Churn,0.3091,Medium,Synthetic Churn Risk Model,1.0,2026-06-30
CHN007770,CUS007770,Not Churn,0.0022,Low,Synthetic Churn Risk Model,1.0,2026-06-30
CHN007771,CUS007771,Not Churn,0.4156,Medium,Synthetic Churn Risk Model,1.0,2026-06-30
CHN007772,CUS007772,Not Churn,0.1022,Low,Synthetic Churn Risk Model,1.0,2026-06-30
CHN007773,CUS007773,Not Churn,0.412,Medium,Synthetic Churn Risk Model,1.0,2026-06-30
CHN007774,CUS007774,Not Churn,0.3936,Medium,Synthetic Churn Risk Model,1.0,2026-06-30
CHN007775,CUS007775,Not Churn,0.0372,Low,Synthetic Churn Risk Model,1.0,2026-06-30
CHN007776,CUS007776,Not Churn,0.0504,Low,Synthetic Churn Risk Model,1.0,2026-06-30
CHN007777,CUS007777,Not Churn,0.0941,Low,Synthetic Churn Risk Model,1.0,2026-06-30
CHN007778,CUS007778,Not Churn,0.4465,Medium,Synthetic Churn Risk Model,1.0,2026-06-30
CHN007779,CUS007779,Not Churn,0.1338,Low,Synthetic Churn Risk Model,1.0,2026-06-30
CHN007780,CUS007780,Not Churn,0.1045,Low,Synthetic Churn Risk Model,1.0,2026-06-30
CHN007781,CUS007781,Not Churn,0.0258,Low,Synthetic Churn Risk Model,1.0,2026-06-30
CHN007782,CUS007782,Not Churn,0.4188,Medium,Synthetic Churn Risk Model,1.0,2026-06-30
CHN007783,CUS007783,Not Churn,0.0116,Low,Synthetic Churn Risk Model,1.0,2026-06-30
CHN007784,CUS007784,Not Churn,0.4328,Medium,Synthetic Churn Risk Model,1.0,2026-06-30
CHN007785,CUS007785,Not Churn,0.0272,Low,Synthetic Churn Risk Model,1.0,2026-06-30
CHN007786,CUS007786,Not Churn,0.094,Low,Synthetic Churn Risk Model,1.0,2026-06-30
CHN007787,CUS007787,Not Churn,0.1459,Low,Synthetic Churn Risk Model,1.0,2026-06-30
CHN007788,CUS007788,Not Churn,0.0638,Low,Synthetic Churn Risk Model,1.0,2026-06-30
CHN007789,CUS007789,Not Churn,0.0674,Low,Synthetic Churn Risk Model,1.0,2026-06-30
CHN007790,CUS007790,Not Churn,0.052,Low,Synthetic Churn Risk Model,1.0,2026-06-30
CHN007791,CUS007791,Not Churn,0.203,Low,Synthetic Churn Risk Model,1.0,2026-06-30
CHN007792,CUS007792,Not Churn,0.3996,Medium,Synthetic Churn Risk Model,1.0,2026-06-30
CHN007793,CUS007793,Not Churn,0.019,Low,Synthetic Churn Risk Model,1.0,2026-06-30
CHN007794,CUS007794,Not Churn,0.0586,Low,Synthetic Churn Risk Model,1.0,2026-06-30
CHN007795,CUS007795,Not Churn,0.0905,Low,Synthetic Churn Risk Model,1.0,2026-06-30
CHN007796,CUS007796,Not Churn,0.0549,Low,Synthetic Churn Risk Model,1.0,2026-06-30
CHN007797,CUS007797,Not Churn,0.3617,Medium,Synthetic Churn Risk Model,1.0,2026-06-30
CHN007798,CUS007798,Not Churn,0.3018,Medium,Synthetic Churn Risk Model,1.0,2026-06-30
CHN007799,CUS007799,Not Churn,0.0829,Low,Synthetic Churn Risk Model,1.0,2026-06-30
CHN007800,CUS007800,Not Churn,0.0077,Low,Synthetic Churn Risk Model,1.0,2026-06-30
CHN007801,CUS007801,Not Churn,0.0128,Low,Synthetic Churn Risk Model,1.0,2026-06-30
CHN007802,CUS007802,Not Churn,0.0534,Low,Synthetic Churn Risk Model,1.0,2026-06-30
CHN007803,CUS007803,Not Churn,0.0895,Low,Synthetic Churn Risk Model,1.0,2026-06-30
CHN007804,CUS007804,Not Churn,0.1644,Low,Synthetic Churn Risk Model,1.0,2026-06-30
CHN007805,CUS007805,Not Churn,0.0205,Low,Synthetic Churn Risk Model,1.0,2026-06-30
CHN007806,CUS007806,Not Churn,0.424,Medium,Synthetic Churn Risk Model,1.0,2026-06-30
CHN007807,CUS007807,Not Churn,0.4073,Medium,Synthetic Churn Risk Model,1.0,2026-06-30
CHN007808,CUS007808,Not Churn,0.0825,Low,Synthetic Churn Risk Model,1.0,2026-06-30
CHN007809,CUS007809,Not Churn,0.1425,Low,Synthetic Churn Risk Model,1.0,2026-06-30
CHN007810,CUS007810,Not Churn,0.4192,Medium,Synthetic Churn Risk Model,1.0,2026-06-30
CHN007811,CUS007811,Not Churn,0.1353,Low,Synthetic Churn Risk Model,1.0,2026-06-30
CHN007812,CUS007812,Not Churn,0.2102,Low,Synthetic Churn Risk Model,1.0,2026-06-30
CHN007813,CUS007813,Not Churn,0.4306,Medium,Synthetic Churn Risk Model,1.0,2026-06-30
CHN007814,CUS007814,Not Churn,0.1608,Low,Synthetic Churn Risk Model,1.0,2026-06-30
CHN007815,CUS007815,Not Churn,0.0128,Low,Synthetic Churn Risk Model,1.0,2026-06-30
CHN007816,CUS007816,Not Churn,0.0911,Low,Synthetic Churn Risk Model,1.0,2026-06-30
CHN007817,CUS007817,Not Churn,0.1254,Low,Synthetic Churn Risk Model,1.0,2026-06-30
CHN007818,CUS007818,Not Churn,0.0786,Low,Synthetic Churn Risk Model,1.0,2026-06-30
CHN007819,CUS007819,Not Churn,0.0418,Low,Synthetic Churn Risk Model,1.0,2026-06-30
CHN007820,CUS007820,Not Churn,0.223,Low,Synthetic Churn Risk Model,1.0,2026-06-30
CHN007821,CUS007821,Not Churn,0.1085,Low,Synthetic Churn Risk Model,1.0,2026-06-30
CHN007822,CUS007822,Not Churn,0.0739,Low,Synthetic Churn Risk Model,1.0,2026-06-30
CHN007823,CUS007823,Not Churn,0.1399,Low,Synthetic Churn Risk Model,1.0,2026-06-30
CHN007824,CUS007824,Not Churn,0.0286,Low,Synthetic Churn Risk Model,1.0,2026-06-30
CHN007825,CUS007825,Not Churn,0.0393,Low,Synthetic Churn Risk Model,1.0,2026-06-30
CHN007826,CUS007826,Not Churn,0.117,Low,Synthetic Churn Risk Model,1.0,2026-06-30
CHN007827,CUS007827,Not Churn,0.4236,Medium,Synthetic Churn Risk Model,1.0,2026-06-30
CHN007828,CUS007828,Not Churn,0.0613,Low,Synthetic Churn Risk Model,1.0,2026-06-30
CHN007829,CUS007829,Not Churn,0.4263,Medium,Synthetic Churn Risk Model,1.0,2026-06-30
CHN007830,CUS007830,Not Churn,0.035,Low,Synthetic Churn Risk Model,1.0,2026-06-30
CHN007831,CUS007831,Not Churn,0.1098,Low,Synthetic Churn Risk Model,1.0,2026-06-30
CHN007832,CUS007832,Not Churn,0.0467,Low,Synthetic Churn Risk Model,1.0,2026-06-30
CHN007833,CUS007833,Not Churn,0.4129,Medium,Synthetic Churn Risk Model,1.0,2026-06-30
CHN007834,CUS007834,Not Churn,0.4107,Medium,Synthetic Churn Risk Model,1.0,2026-06-30
CHN007835,CUS007835,Not Churn,0.188,Low,Synthetic Churn Risk Model,1.0,2026-06-30
CHN007836,CUS007836,Not Churn,0.0302,Low,Synthetic Churn Risk Model,1.0,2026-06-30
CHN007837,CUS007837,Not Churn,0.4184,Medium,Synthetic Churn Risk Model,1.0,2026-06-30
CHN007838,CUS007838,Not Churn,0.0463,Low,Synthetic Churn Risk Model,1.0,2026-06-30
CHN007839,CUS007839,Not Churn,0.0312,Low,Synthetic Churn Risk Model,1.0,2026-06-30
CHN007840,CUS007840,Not Churn,0.2126,Low,Synthetic Churn Risk Model,1.0,2026-06-30
CHN007841,CUS007841,Not Churn,0.2175,Low,Synthetic Churn Risk Model,1.0,2026-06-30
CHN007842,CUS007842,Not Churn,0.4322,Medium,Synthetic Churn Risk Model,1.0,2026-06-30
CHN007843,CUS007843,Not Churn,0.418,Medium,Synthetic Churn Risk Model,1.0,2026-06-30
CHN007844,CUS007844,Not Churn,0.2955,Low,Synthetic Churn Risk Model,1.0,2026-06-30
CHN007845,CUS007845,Not Churn,0.0675,Low,Synthetic Churn Risk Model,1.0,2026-06-30
CHN007846,CUS007846,Not Churn,0.0806,Low,Synthetic Churn Risk Model,1.0,2026-06-30
CHN007847,CUS007847,Not Churn,0.1129,Low,Synthetic Churn Risk Model,1.0,2026-06-30
CHN007848,CUS007848,Not Churn,0.1844,Low,Synthetic Churn Risk Model,1.0,2026-06-30
CHN007849,CUS007849,Not Churn,0.0442,Low,Synthetic Churn Risk Model,1.0,2026-06-30
CHN007850,CUS007850,Not Churn,0.4106,Medium,Synthetic Churn Risk Model,1.0,2026-06-30
CHN007851,CUS007851,Not Churn,0.0799,Low,Synthetic Churn Risk Model,1.0,2026-06-30
CHN007852,CUS007852,Not Churn,0.0237,Low,Synthetic Churn Risk Model,1.0,2026-06-30
CHN007853,CUS007853,Not Churn,0.0763,Low,Synthetic Churn Risk Model,1.0,2026-06-30
CHN007854,CUS007854,Not Churn,0.3921,Medium,Synthetic Churn Risk Model,1.0,2026-06-30
CHN007855,CUS007855,Not Churn,0.4166,Medium,Synthetic Churn Risk Model,1.0,2026-06-30
CHN007856,CUS007856,Not Churn,0.1857,Low,Synthetic Churn Risk Model,1.0,2026-06-30
CHN007857,CUS007857,Not Churn,0.2585,Low,Synthetic Churn Risk Model,1.0,2026-06-30
CHN007858,CUS007858,Not Churn,0.4029,Medium,Synthetic Churn Risk Model,1.0,2026-06-30
CHN007859,CUS007859,Not Churn,0.4012,Medium,Synthetic Churn Risk Model,1.0,2026-06-30
CHN007860,CUS007860,Not Churn,0.0425,Low,Synthetic Churn Risk Model,1.0,2026-06-30
CHN007861,CUS007861,Not Churn,0.1661,Low,Synthetic Churn Risk Model,1.0,2026-06-30
CHN007862,CUS007862,Not Churn,0.405,Medium,Synthetic Churn Risk Model,1.0,2026-06-30
CHN007863,CUS007863,Not Churn,0.4348,Medium,Synthetic Churn Risk Model,1.0,2026-06-30
CHN007864,CUS007864,Not Churn,0.0774,Low,Synthetic Churn Risk Model,1.0,2026-06-30
CHN007865,CUS007865,Not Churn,0.143,Low,Synthetic Churn Risk Model,1.0,2026-06-30
CHN007866,CUS007866,Not Churn,0.4079,Medium,Synthetic Churn Risk Model,1.0,2026-06-30
CHN007867,CUS007867,Not Churn,0.0188,Low,Synthetic Churn Risk Model,1.0,2026-06-30
CHN007868,CUS007868,Not Churn,0.2249,Low,Synthetic Churn Risk Model,1.0,2026-06-30
CHN007869,CUS007869,Not Churn,0.1142,Low,Synthetic Churn Risk Model,1.0,2026-06-30
CHN007870,CUS007870,Not Churn,0.5664,Medium,Synthetic Churn Risk Model,1.0,2026-06-30
CHN007871,CUS007871,Not Churn,0.0127,Low,Synthetic Churn Risk Model,1.0,2026-06-30
CHN007872,CUS007872,Not Churn,0.1724,Low,Synthetic Churn Risk Model,1.0,2026-06-30
CHN007873,CUS007873,Not Churn,0.3951,Medium,Synthetic Churn Risk Model,1.0,2026-06-30
CHN007874,CUS007874,Not Churn,0.2693,Low,Synthetic Churn Risk Model,1.0,2026-06-30
CHN007875,CUS007875,Not Churn,0.0297,Low,Synthetic Churn Risk Model,1.0,2026-06-30
CHN007876,CUS007876,Not Churn,0.1364,Low,Synthetic Churn Risk Model,1.0,2026-06-30
CHN007877,CUS007877,Not Churn,0.4108,Medium,Synthetic Churn Risk Model,1.0,2026-06-30
CHN007878,CUS007878,Not Churn,0.055,Low,Synthetic Churn Risk Model,1.0,2026-06-30
CHN007879,CUS007879,Not Churn,0.4081,Medium,Synthetic Churn Risk Model,1.0,2026-06-30
CHN007880,CUS007880,Not Churn,0.4514,Medium,Synthetic Churn Risk Model,1.0,2026-06-30
CHN007881,CUS007881,Not Churn,0.2006,Low,Synthetic Churn Risk Model,1.0,2026-06-30
CHN007882,CUS007882,Not Churn,0.4242,Medium,Synthetic Churn Risk Model,1.0,2026-06-30
CHN007883,CUS007883,Not Churn,0.4467,Medium,Synthetic Churn Risk Model,1.0,2026-06-30
CHN007884,CUS007884,Not Churn,0.4098,Medium,Synthetic Churn Risk Model,1.0,2026-06-30
CHN007885,CUS007885,Not Churn,0.4084,Medium,Synthetic Churn Risk Model,1.0,2026-06-30
CHN007886,CUS007886,Not Churn,0.4273,Medium,Synthetic Churn Risk Model,1.0,2026-06-30
CHN007887,CUS007887,Not Churn,0.0481,Low,Synthetic Churn Risk Model,1.0,2026-06-30
CHN007888,CUS007888,Not Churn,0.2271,Low,Synthetic Churn Risk Model,1.0,2026-06-30
CHN007889,CUS007889,Not Churn,0.0661,Low,Synthetic Churn Risk Model,1.0,2026-06-30
CHN007890,CUS007890,Not Churn,0.1724,Low,Synthetic Churn Risk Model,1.0,2026-06-30
CHN007891,CUS007891,Not Churn,0.4181,Medium,Synthetic Churn Risk Model,1.0,2026-06-30
CHN007892,CUS007892,Not Churn,0.4159,Medium,Synthetic Churn Risk Model,1.0,2026-06-30
CHN007893,CUS007893,Not Churn,0.2132,Low,Synthetic Churn Risk Model,1.0,2026-06-30
CHN007894,CUS007894,Not Churn,0.0849,Low,Synthetic Churn Risk Model,1.0,2026-06-30
CHN007895,CUS007895,Not Churn,0.0292,Low,Synthetic Churn Risk Model,1.0,2026-06-30
CHN007896,CUS007896,Not Churn,0.0945,Low,Synthetic Churn Risk Model,1.0,2026-06-30
CHN007897,CUS007897,Not Churn,0.1158,Low,Synthetic Churn Risk Model,1.0,2026-06-30
CHN007898,CUS007898,Not Churn,0.1163,Low,Synthetic Churn Risk Model,1.0,2026-06-30
CHN007899,CUS007899,Not Churn,0.4288,Medium,Synthetic Churn Risk Model,1.0,2026-06-30
CHN007900,CUS007900,Not Churn,0.4086,Medium,Synthetic Churn Risk Model,1.0,2026-06-30
CHN007901,CUS007901,Not Churn,0.0364,Low,Synthetic Churn Risk Model,1.0,2026-06-30
CHN007902,CUS007902,Not Churn,0.0929,Low,Synthetic Churn Risk Model,1.0,2026-06-30
CHN007903,CUS007903,Not Churn,0.4034,Medium,Synthetic Churn Risk Model,1.0,2026-06-30
CHN007904,CUS007904,Not Churn,0.0238,Low,Synthetic Churn Risk Model,1.0,2026-06-30
CHN007905,CUS007905,Churn,0.7564,High,Synthetic Churn Risk Model,1.0,2026-06-30
CHN007906,CUS007906,Not Churn,0.095,Low,Synthetic Churn Risk Model,1.0,2026-06-30
CHN007907,CUS007907,Not Churn,0.0435,Low,Synthetic Churn Risk Model,1.0,2026-06-30
CHN007908,CUS007908,Not Churn,0.4156,Medium,Synthetic Churn Risk Model,1.0,2026-06-30
CHN007909,CUS007909,Not Churn,0.2948,Low,Synthetic Churn Risk Model,1.0,2026-06-30
CHN007910,CUS007910,Not Churn,0.054,Low,Synthetic Churn Risk Model,1.0,2026-06-30
CHN007911,CUS007911,Not Churn,0.2269,Low,Synthetic Churn Risk Model,1.0,2026-06-30
CHN007912,CUS007912,Not Churn,0.0685,Low,Synthetic Churn Risk Model,1.0,2026-06-30
CHN007913,CUS007913,Not Churn,0.0424,Low,Synthetic Churn Risk Model,1.0,2026-06-30
CHN007914,CUS007914,Not Churn,0.1141,Low,Synthetic Churn Risk Model,1.0,2026-06-30
CHN007915,CUS007915,Not Churn,0.1025,Low,Synthetic Churn Risk Model,1.0,2026-06-30
CHN007916,CUS007916,Not Churn,0.3928,Medium,Synthetic Churn Risk Model,1.0,2026-06-30
CHN007917,CUS007917,Not Churn,0.4144,Medium,Synthetic Churn Risk Model,1.0,2026-06-30
CHN007918,CUS007918,Not Churn,0.0322,Low,Synthetic Churn Risk Model,1.0,2026-06-30
CHN007919,CUS007919,Not Churn,0.1967,Low,Synthetic Churn Risk Model,1.0,2026-06-30
CHN007920,CUS007920,Not Churn,0.1142,Low,Synthetic Churn Risk Model,1.0,2026-06-30
CHN007921,CUS007921,Not Churn,0.02,Low,Synthetic Churn Risk Model,1.0,2026-06-30
CHN007922,CUS007922,Not Churn,0.4033,Medium,Synthetic Churn Risk Model,1.0,2026-06-30
CHN007923,CUS007923,Not Churn,0.0246,Low,Synthetic Churn Risk Model,1.0,2026-06-30
CHN007924,CUS007924,Not Churn,0.148,Low,Synthetic Churn Risk Model,1.0,2026-06-30
CHN007925,CUS007925,Not Churn,0.0495,Low,Synthetic Churn Risk Model,1.0,2026-06-30
CHN007926,CUS007926,Not Churn,0.0605,Low,Synthetic Churn Risk Model,1.0,2026-06-30
CHN007927,CUS007927,Not Churn,0.0179,Low,Synthetic Churn Risk Model,1.0,2026-06-30
CHN007928,CUS007928,Not Churn,0.0372,Low,Synthetic Churn Risk Model,1.0,2026-06-30
CHN007929,CUS007929,Not Churn,0.4032,Medium,Synthetic Churn Risk Model,1.0,2026-06-30
CHN007930,CUS007930,Not Churn,0.0986,Low,Synthetic Churn Risk Model,1.0,2026-06-30
CHN007931,CUS007931,Not Churn,0.4094,Medium,Synthetic Churn Risk Model,1.0,2026-06-30
CHN007932,CUS007932,Not Churn,0.4169,Medium,Synthetic Churn Risk Model,1.0,2026-06-30
CHN007933,CUS007933,Not Churn,0.053,Low,Synthetic Churn Risk Model,1.0,2026-06-30
CHN007934,CUS007934,Not Churn,0.0661,Low,Synthetic Churn Risk Model,1.0,2026-06-30
CHN007935,CUS007935,Not Churn,0.0805,Low,Synthetic Churn Risk Model,1.0,2026-06-30
CHN007936,CUS007936,Not Churn,0.443,Medium,Synthetic Churn Risk Model,1.0,2026-06-30
CHN007937,CUS007937,Not Churn,0.0409,Low,Synthetic Churn Risk Model,1.0,2026-06-30
CHN007938,CUS007938,Not Churn,0.0476,Low,Synthetic Churn Risk Model,1.0,2026-06-30
CHN007939,CUS007939,Not Churn,0.1878,Low,Synthetic Churn Risk Model,1.0,2026-06-30
CHN007940,CUS007940,Not Churn,0.3273,Medium,Synthetic Churn Risk Model,1.0,2026-06-30
CHN007941,CUS007941,Not Churn,0.1579,Low,Synthetic Churn Risk Model,1.0,2026-06-30
CHN007942,CUS007942,Not Churn,0.177,Low,Synthetic Churn Risk Model,1.0,2026-06-30
CHN007943,CUS007943,Not Churn,0.0715,Low,Synthetic Churn Risk Model,1.0,2026-06-30
CHN007944,CUS007944,Not Churn,0.0313,Low,Synthetic Churn Risk Model,1.0,2026-06-30
CHN007945,CUS007945,Not Churn,0.0506,Low,Synthetic Churn Risk Model,1.0,2026-06-30
CHN007946,CUS007946,Not Churn,0.1517,Low,Synthetic Churn Risk Model,1.0,2026-06-30
CHN007947,CUS007947,Not Churn,0.1594,Low,Synthetic Churn Risk Model,1.0,2026-06-30
CHN007948,CUS007948,Not Churn,0.0819,Low,Synthetic Churn Risk Model,1.0,2026-06-30
CHN007949,CUS007949,Not Churn,0.231,Low,Synthetic Churn Risk Model,1.0,2026-06-30
CHN007950,CUS007950,Not Churn,0.1183,Low,Synthetic Churn Risk Model,1.0,2026-06-30
CHN007951,CUS007951,Not Churn,0.1439,Low,Synthetic Churn Risk Model,1.0,2026-06-30
CHN007952,CUS007952,Not Churn,0.0188,Low,Synthetic Churn Risk Model,1.0,2026-06-30
CHN007953,CUS007953,Not Churn,0.1124,Low,Synthetic Churn Risk Model,1.0,2026-06-30
CHN007954,CUS007954,Not Churn,0.0513,Low,Synthetic Churn Risk Model,1.0,2026-06-30
CHN007955,CUS007955,Not Churn,0.4204,Medium,Synthetic Churn Risk Model,1.0,2026-06-30
CHN007956,CUS007956,Not Churn,0.0966,Low,Synthetic Churn Risk Model,1.0,2026-06-30
CHN007957,CUS007957,Not Churn,0.1123,Low,Synthetic Churn Risk Model,1.0,2026-06-30
CHN007958,CUS007958,Not Churn,0.1365,Low,Synthetic Churn Risk Model,1.0,2026-06-30
CHN007959,CUS007959,Not Churn,0.0937,Low,Synthetic Churn Risk Model,1.0,2026-06-30
CHN007960,CUS007960,Not Churn,0.4388,Medium,Synthetic Churn Risk Model,1.0,2026-06-30
CHN007961,CUS007961,Not Churn,0.2326,Low,Synthetic Churn Risk Model,1.0,2026-06-30
CHN007962,CUS007962,Not Churn,0.1017,Low,Synthetic Churn Risk Model,1.0,2026-06-30
CHN007963,CUS007963,Not Churn,0.0885,Low,Synthetic Churn Risk Model,1.0,2026-06-30
CHN007964,CUS007964,Not Churn,0.0715,Low,Synthetic Churn Risk Model,1.0,2026-06-30
CHN007965,CUS007965,Not Churn,0.4578,Medium,Synthetic Churn Risk Model,1.0,2026-06-30
CHN007966,CUS007966,Not Churn,0.0936,Low,Synthetic Churn Risk Model,1.0,2026-06-30
CHN007967,CUS007967,Not Churn,0.0587,Low,Synthetic Churn Risk Model,1.0,2026-06-30
CHN007968,CUS007968,Not Churn,0.1107,Low,Synthetic Churn Risk Model,1.0,2026-06-30
CHN007969,CUS007969,Not Churn,0.0293,Low,Synthetic Churn Risk Model,1.0,2026-06-30
CHN007970,CUS007970,Not Churn,0.3975,Medium,Synthetic Churn Risk Model,1.0,2026-06-30
CHN007971,CUS007971,Not Churn,0.0534,Low,Synthetic Churn Risk Model,1.0,2026-06-30
CHN007972,CUS007972,Not Churn,0.1099,Low,Synthetic Churn Risk Model,1.0,2026-06-30
CHN007973,CUS007973,Not Churn,0.0561,Low,Synthetic Churn Risk Model,1.0,2026-06-30
CHN007974,CUS007974,Not Churn,0.3962,Medium,Synthetic Churn Risk Model,1.0,2026-06-30
CHN007975,CUS007975,Not Churn,0.4068,Medium,Synthetic Churn Risk Model,1.0,2026-06-30
CHN007976,CUS007976,Not Churn,0.2882,Low,Synthetic Churn Risk Model,1.0,2026-06-30
CHN007977,CUS007977,Not Churn,0.017,Low,Synthetic Churn Risk Model,1.0,2026-06-30
CHN007978,CUS007978,Not Churn,0.1122,Low,Synthetic Churn Risk Model,1.0,2026-06-30
CHN007979,CUS007979,Not Churn,0.0365,Low,Synthetic Churn Risk Model,1.0,2026-06-30
CHN007980,CUS007980,Not Churn,0.1667,Low,Synthetic Churn Risk Model,1.0,2026-06-30
CHN007981,CUS007981,Not Churn,0.4092,Medium,Synthetic Churn Risk Model,1.0,2026-06-30
CHN007982,CUS007982,Not Churn,0.0439,Low,Synthetic Churn Risk Model,1.0,2026-06-30
CHN007983,CUS007983,Not Churn,0.2265,Low,Synthetic Churn Risk Model,1.0,2026-06-30
CHN007984,CUS007984,Not Churn,0.0578,Low,Synthetic Churn Risk Model,1.0,2026-06-30
CHN007985,CUS007985,Not Churn,0.4418,Medium,Synthetic Churn Risk Model,1.0,2026-06-30
CHN007986,CUS007986,Not Churn,0.3951,Medium,Synthetic Churn Risk Model,1.0,2026-06-30
CHN007987,CUS007987,Not Churn,0.4116,Medium,Synthetic Churn Risk Model,1.0,2026-06-30
CHN007988,CUS007988,Not Churn,0.4024,Medium,Synthetic Churn Risk Model,1.0,2026-06-30
CHN007989,CUS007989,Not Churn,0.0511,Low,Synthetic Churn Risk Model,1.0,2026-06-30
CHN007990,CUS007990,Not Churn,0.232,Low,Synthetic Churn Risk Model,1.0,2026-06-30
CHN007991,CUS007991,Not Churn,0.4111,Medium,Synthetic Churn Risk Model,1.0,2026-06-30
CHN007992,CUS007992,Not Churn,0.1888,Low,Synthetic Churn Risk Model,1.0,2026-06-30
CHN007993,CUS007993,Not Churn,0.0496,Low,Synthetic Churn Risk Model,1.0,2026-06-30
CHN007994,CUS007994,Not Churn,0.1619,Low,Synthetic Churn Risk Model,1.0,2026-06-30
CHN007995,CUS007995,Not Churn,0.4113,Medium,Synthetic Churn Risk Model,1.0,2026-06-30
CHN007996,CUS007996,Not Churn,0.1458,Low,Synthetic Churn Risk Model,1.0,2026-06-30
CHN007997,CUS007997,Not Churn,0.1299,Low,Synthetic Churn Risk Model,1.0,2026-06-30
CHN007998,CUS007998,Not Churn,0.1752,Low,Synthetic Churn Risk Model,1.0,2026-06-30
CHN007999,CUS007999,Not Churn,0.1317,Low,Synthetic Churn Risk Model,1.0,2026-06-30
CHN008000,CUS008000,Not Churn,0.4132,Medium,Synthetic Churn Risk Model,1.0,2026-06-30
CHN008001,CUS008001,Not Churn,0.4204,Medium,Synthetic Churn Risk Model,1.0,2026-06-30
CHN008002,CUS008002,Not Churn,0.3827,Medium,Synthetic Churn Risk Model,1.0,2026-06-30
CHN008003,CUS008003,Not Churn,0.1411,Low,Synthetic Churn Risk Model,1.0,2026-06-30
CHN008004,CUS008004,Not Churn,0.1296,Low,Synthetic Churn Risk Model,1.0,2026-06-30
CHN008005,CUS008005,Not Churn,0.0158,Low,Synthetic Churn Risk Model,1.0,2026-06-30
CHN008006,CUS008006,Not Churn,0.0295,Low,Synthetic Churn Risk Model,1.0,2026-06-30
CHN008007,CUS008007,Not Churn,0.0644,Low,Synthetic Churn Risk Model,1.0,2026-06-30
CHN008008,CUS008008,Not Churn,0.0423,Low,Synthetic Churn Risk Model,1.0,2026-06-30
CHN008009,CUS008009,Not Churn,0.1253,Low,Synthetic Churn Risk Model,1.0,2026-06-30
CHN008010,CUS008010,Not Churn,0.4159,Medium,Synthetic Churn Risk Model,1.0,2026-06-30
CHN008011,CUS008011,Not Churn,0.0488,Low,Synthetic Churn Risk Model,1.0,2026-06-30
CHN008012,CUS008012,Not Churn,0.0696,Low,Synthetic Churn Risk Model,1.0,2026-06-30
CHN008013,CUS008013,Not Churn,0.0805,Low,Synthetic Churn Risk Model,1.0,2026-06-30
CHN008014,CUS008014,Not Churn,0.3642,Medium,Synthetic Churn Risk Model,1.0,2026-06-30
CHN008015,CUS008015,Not Churn,0.3918,Medium,Synthetic Churn Risk Model,1.0,2026-06-30
CHN008016,CUS008016,Not Churn,0.242,Low,Synthetic Churn Risk Model,1.0,2026-06-30
CHN008017,CUS008017,Not Churn,0.0279,Low,Synthetic Churn Risk Model,1.0,2026-06-30
CHN008018,CUS008018,Not Churn,0.4525,Medium,Synthetic Churn Risk Model,1.0,2026-06-30
CHN008019,CUS008019,Not Churn,0.0623,Low,Synthetic Churn Risk Model,1.0,2026-06-30
CHN008020,CUS008020,Not Churn,0.4074,Medium,Synthetic Churn Risk Model,1.0,2026-06-30
CHN008021,CUS008021,Not Churn,0.2089,Low,Synthetic Churn Risk Model,1.0,2026-06-30
CHN008022,CUS008022,Not Churn,0.0412,Low,Synthetic Churn Risk Model,1.0,2026-06-30
CHN008023,CUS008023,Not Churn,0.2001,Low,Synthetic Churn Risk Model,1.0,2026-06-30
CHN008024,CUS008024,Not Churn,0.0909,Low,Synthetic Churn Risk Model,1.0,2026-06-30
CHN008025,CUS008025,Not Churn,0.1065,Low,Synthetic Churn Risk Model,1.0,2026-06-30
CHN008026,CUS008026,Not Churn,0.0832,Low,Synthetic Churn Risk Model,1.0,2026-06-30
CHN008027,CUS008027,Not Churn,0.4307,Medium,Synthetic Churn Risk Model,1.0,2026-06-30
CHN008028,CUS008028,Not Churn,0.4278,Medium,Synthetic Churn Risk Model,1.0,2026-06-30
CHN008029,CUS008029,Not Churn,0.4511,Medium,Synthetic Churn Risk Model,1.0,2026-06-30
CHN008030,CUS008030,Not Churn,0.0226,Low,Synthetic Churn Risk Model,1.0,2026-06-30
CHN008031,CUS008031,Not Churn,0.0512,Low,Synthetic Churn Risk Model,1.0,2026-06-30
CHN008032,CUS008032,Not Churn,0.0315,Low,Synthetic Churn Risk Model,1.0,2026-06-30
CHN008033,CUS008033,Not Churn,0.027,Low,Synthetic Churn Risk Model,1.0,2026-06-30
CHN008034,CUS008034,Not Churn,0.0659,Low,Synthetic Churn Risk Model,1.0,2026-06-30
CHN008035,CUS008035,Not Churn,0.4555,Medium,Synthetic Churn Risk Model,1.0,2026-06-30
CHN008036,CUS008036,Not Churn,0.4138,Medium,Synthetic Churn Risk Model,1.0,2026-06-30
CHN008037,CUS008037,Not Churn,0.4103,Medium,Synthetic Churn Risk Model,1.0,2026-06-30
CHN008038,CUS008038,Not Churn,0.0244,Low,Synthetic Churn Risk Model,1.0,2026-06-30
CHN008039,CUS008039,Not Churn,0.1039,Low,Synthetic Churn Risk Model,1.0,2026-06-30
CHN008040,CUS008040,Not Churn,0.2505,Low,Synthetic Churn Risk Model,1.0,2026-06-30
CHN008041,CUS008041,Not Churn,0.1981,Low,Synthetic Churn Risk Model,1.0,2026-06-30
CHN008042,CUS008042,Not Churn,0.0152,Low,Synthetic Churn Risk Model,1.0,2026-06-30
CHN008043,CUS008043,Not Churn,0.064,Low,Synthetic Churn Risk Model,1.0,2026-06-30
CHN008044,CUS008044,Not Churn,0.0865,Low,Synthetic Churn Risk Model,1.0,2026-06-30
CHN008045,CUS008045,Not Churn,0.0437,Low,Synthetic Churn Risk Model,1.0,2026-06-30
CHN008046,CUS008046,Not Churn,0.4112,Medium,Synthetic Churn Risk Model,1.0,2026-06-30
CHN008047,CUS008047,Not Churn,0.0541,Low,Synthetic Churn Risk Model,1.0,2026-06-30
CHN008048,CUS008048,Not Churn,0.0298,Low,Synthetic Churn Risk Model,1.0,2026-06-30
CHN008049,CUS008049,Not Churn,0.0239,Low,Synthetic Churn Risk Model,1.0,2026-06-30
CHN008050,CUS008050,Not Churn,0.0335,Low,Synthetic Churn Risk Model,1.0,2026-06-30
CHN008051,CUS008051,Not Churn,0.0617,Low,Synthetic Churn Risk Model,1.0,2026-06-30
CHN008052,CUS008052,Not Churn,0.2078,Low,Synthetic Churn Risk Model,1.0,2026-06-30
CHN008053,CUS008053,Not Churn,0.4047,Medium,Synthetic Churn Risk Model,1.0,2026-06-30
CHN008054,CUS008054,Not Churn,0.3964,Medium,Synthetic Churn Risk Model,1.0,2026-06-30
CHN008055,CUS008055,Not Churn,0.0719,Low,Synthetic Churn Risk Model,1.0,2026-06-30
CHN008056,CUS008056,Not Churn,0.1571,Low,Synthetic Churn Risk Model,1.0,2026-06-30
CHN008057,CUS008057,Not Churn,0.042,Low,Synthetic Churn Risk Model,1.0,2026-06-30
CHN008058,CUS008058,Not Churn,0.3924,Medium,Synthetic Churn Risk Model,1.0,2026-06-30
CHN008059,CUS008059,Not Churn,0.3081,Medium,Synthetic Churn Risk Model,1.0,2026-06-30
CHN008060,CUS008060,Not Churn,0.4149,Medium,Synthetic Churn Risk Model,1.0,2026-06-30
CHN008061,CUS008061,Not Churn,0.0027,Low,Synthetic Churn Risk Model,1.0,2026-06-30
CHN008062,CUS008062,Not Churn,0.4235,Medium,Synthetic Churn Risk Model,1.0,2026-06-30
CHN008063,CUS008063,Not Churn,0.07,Low,Synthetic Churn Risk Model,1.0,2026-06-30
CHN008064,CUS008064,Not Churn,0.047,Low,Synthetic Churn Risk Model,1.0,2026-06-30
CHN008065,CUS008065,Not Churn,0.1694,Low,Synthetic Churn Risk Model,1.0,2026-06-30
CHN008066,CUS008066,Not Churn,0.1488,Low,Synthetic Churn Risk Model,1.0,2026-06-30
CHN008067,CUS008067,Not Churn,0.0356,Low,Synthetic Churn Risk Model,1.0,2026-06-30
CHN008068,CUS008068,Not Churn,0.0196,Low,Synthetic Churn Risk Model,1.0,2026-06-30
CHN008069,CUS008069,Not Churn,0.4161,Medium,Synthetic Churn Risk Model,1.0,2026-06-30
CHN008070,CUS008070,Not Churn,0.2304,Low,Synthetic Churn Risk Model,1.0,2026-06-30
CHN008071,CUS008071,Not Churn,0.0239,Low,Synthetic Churn Risk Model,1.0,2026-06-30
CHN008072,CUS008072,Not Churn,0.1923,Low,Synthetic Churn Risk Model,1.0,2026-06-30
CHN008073,CUS008073,Not Churn,0.1915,Low,Synthetic Churn Risk Model,1.0,2026-06-30
CHN008074,CUS008074,Not Churn,0.0536,Low,Synthetic Churn Risk Model,1.0,2026-06-30
CHN008075,CUS008075,Not Churn,0.0166,Low,Synthetic Churn Risk Model,1.0,2026-06-30
CHN008076,CUS008076,Not Churn,0.4189,Medium,Synthetic Churn Risk Model,1.0,2026-06-30
CHN008077,CUS008077,Not Churn,0.0832,Low,Synthetic Churn Risk Model,1.0,2026-06-30
CHN008078,CUS008078,Not Churn,0.1059,Low,Synthetic Churn Risk Model,1.0,2026-06-30
CHN008079,CUS008079,Not Churn,0.2776,Low,Synthetic Churn Risk Model,1.0,2026-06-30
CHN008080,CUS008080,Not Churn,0.0903,Low,Synthetic Churn Risk Model,1.0,2026-06-30
CHN008081,CUS008081,Not Churn,0.4178,Medium,Synthetic Churn Risk Model,1.0,2026-06-30
CHN008082,CUS008082,Not Churn,0.1369,Low,Synthetic Churn Risk Model,1.0,2026-06-30
CHN008083,CUS008083,Not Churn,0.0708,Low,Synthetic Churn Risk Model,1.0,2026-06-30
CHN008084,CUS008084,Not Churn,0.183,Low,Synthetic Churn Risk Model,1.0,2026-06-30
CHN008085,CUS008085,Not Churn,0.4322,Medium,Synthetic Churn Risk Model,1.0,2026-06-30
CHN008086,CUS008086,Not Churn,0.4271,Medium,Synthetic Churn Risk Model,1.0,2026-06-30
CHN008087,CUS008087,Not Churn,0.0639,Low,Synthetic Churn Risk Model,1.0,2026-06-30
CHN008088,CUS008088,Not Churn,0.4006,Medium,Synthetic Churn Risk Model,1.0,2026-06-30
CHN008089,CUS008089,Not Churn,0.0783,Low,Synthetic Churn Risk Model,1.0,2026-06-30
CHN008090,CUS008090,Not Churn,0.1041,Low,Synthetic Churn Risk Model,1.0,2026-06-30
CHN008091,CUS008091,Not Churn,0.0441,Low,Synthetic Churn Risk Model,1.0,2026-06-30
CHN008092,CUS008092,Not Churn,0.1559,Low,Synthetic Churn Risk Model,1.0,2026-06-30
CHN008093,CUS008093,Not Churn,0.4067,Medium,Synthetic Churn Risk Model,1.0,2026-06-30
CHN008094,CUS008094,Not Churn,0.4355,Medium,Synthetic Churn Risk Model,1.0,2026-06-30
CHN008095,CUS008095,Not Churn,0.16,Low,Synthetic Churn Risk Model,1.0,2026-06-30
CHN008096,CUS008096,Not Churn,0.1525,Low,Synthetic Churn Risk Model,1.0,2026-06-30
CHN008097,CUS008097,Not Churn,0.0928,Low,Synthetic Churn Risk Model,1.0,2026-06-30
CHN008098,CUS008098,Not Churn,0.0286,Low,Synthetic Churn Risk Model,1.0,2026-06-30
CHN008099,CUS008099,Not Churn,0.2273,Low,Synthetic Churn Risk Model,1.0,2026-06-30
CHN008100,CUS008100,Not Churn,0.0542,Low,Synthetic Churn Risk Model,1.0,2026-06-30
CHN008101,CUS008101,Not Churn,0.0597,Low,Synthetic Churn Risk Model,1.0,2026-06-30
CHN008102,CUS008102,Not Churn,0.4048,Medium,Synthetic Churn Risk Model,1.0,2026-06-30
CHN008103,CUS008103,Not Churn,0.0292,Low,Synthetic Churn Risk Model,1.0,2026-06-30
CHN008104,CUS008104,Not Churn,0.0616,Low,Synthetic Churn Risk Model,1.0,2026-06-30
CHN008105,CUS008105,Not Churn,0.4662,Medium,Synthetic Churn Risk Model,1.0,2026-06-30
CHN008106,CUS008106,Not Churn,0.0821,Low,Synthetic Churn Risk Model,1.0,2026-06-30
CHN008107,CUS008107,Not Churn,0.0469,Low,Synthetic Churn Risk Model,1.0,2026-06-30
CHN008108,CUS008108,Not Churn,0.0147,Low,Synthetic Churn Risk Model,1.0,2026-06-30
CHN008109,CUS008109,Not Churn,0.3098,Medium,Synthetic Churn Risk Model,1.0,2026-06-30
CHN008110,CUS008110,Not Churn,0.4235,Medium,Synthetic Churn Risk Model,1.0,2026-06-30
CHN008111,CUS008111,Not Churn,0.1968,Low,Synthetic Churn Risk Model,1.0,2026-06-30
CHN008112,CUS008112,Not Churn,0.0623,Low,Synthetic Churn Risk Model,1.0,2026-06-30
CHN008113,CUS008113,Not Churn,0.0774,Low,Synthetic Churn Risk Model,1.0,2026-06-30
CHN008114,CUS008114,Not Churn,0.398,Medium,Synthetic Churn Risk Model,1.0,2026-06-30
CHN008115,CUS008115,Not Churn,0.4329,Medium,Synthetic Churn Risk Model,1.0,2026-06-30
CHN008116,CUS008116,Not Churn,0.409,Medium,Synthetic Churn Risk Model,1.0,2026-06-30
CHN008117,CUS008117,Not Churn,0.2494,Low,Synthetic Churn Risk Model,1.0,2026-06-30
CHN008118,CUS008118,Not Churn,0.0556,Low,Synthetic Churn Risk Model,1.0,2026-06-30
CHN008119,CUS008119,Not Churn,0.082,Low,Synthetic Churn Risk Model,1.0,2026-06-30
CHN008120,CUS008120,Not Churn,0.0469,Low,Synthetic Churn Risk Model,1.0,2026-06-30
CHN008121,CUS008121,Not Churn,0.0809,Low,Synthetic Churn Risk Model,1.0,2026-06-30
CHN008122,CUS008122,Not Churn,0.0464,Low,Synthetic Churn Risk Model,1.0,2026-06-30
CHN008123,CUS008123,Not Churn,0.2569,Low,Synthetic Churn Risk Model,1.0,2026-06-30
CHN008124,CUS008124,Not Churn,0.157,Low,Synthetic Churn Risk Model,1.0,2026-06-30
CHN008125,CUS008125,Not Churn,0.1093,Low,Synthetic Churn Risk Model,1.0,2026-06-30
CHN008126,CUS008126,Not Churn,0.0658,Low,Synthetic Churn Risk Model,1.0,2026-06-30
CHN008127,CUS008127,Not Churn,0.0707,Low,Synthetic Churn Risk Model,1.0,2026-06-30
CHN008128,CUS008128,Not Churn,0.0381,Low,Synthetic Churn Risk Model,1.0,2026-06-30
CHN008129,CUS008129,Not Churn,0.0407,Low,Synthetic Churn Risk Model,1.0,2026-06-30
CHN008130,CUS008130,Not Churn,0.0301,Low,Synthetic Churn Risk Model,1.0,2026-06-30
CHN008131,CUS008131,Not Churn,0.3184,Medium,Synthetic Churn Risk Model,1.0,2026-06-30
CHN008132,CUS008132,Not Churn,0.1577,Low,Synthetic Churn Risk Model,1.0,2026-06-30
CHN008133,CUS008133,Not Churn,0.0919,Low,Synthetic Churn Risk Model,1.0,2026-06-30
CHN008134,CUS008134,Not Churn,0.3984,Medium,Synthetic Churn Risk Model,1.0,2026-06-30
CHN008135,CUS008135,Not Churn,0.0204,Low,Synthetic Churn Risk Model,1.0,2026-06-30
CHN008136,CUS008136,Not Churn,0.0583,Low,Synthetic Churn Risk Model,1.0,2026-06-30
CHN008137,CUS008137,Not Churn,0.412,Medium,Synthetic Churn Risk Model,1.0,2026-06-30
CHN008138,CUS008138,Not Churn,0.4251,Medium,Synthetic Churn Risk Model,1.0,2026-06-30
CHN008139,CUS008139,Not Churn,0.0352,Low,Synthetic Churn Risk Model,1.0,2026-06-30
CHN008140,CUS008140,Not Churn,0.0499,Low,Synthetic Churn Risk Model,1.0,2026-06-30
CHN008141,CUS008141,Not Churn,0.03,Low,Synthetic Churn Risk Model,1.0,2026-06-30
CHN008142,CUS008142,Not Churn,0.1273,Low,Synthetic Churn Risk Model,1.0,2026-06-30
CHN008143,CUS008143,Not Churn,0.1151,Low,Synthetic Churn Risk Model,1.0,2026-06-30
CHN008144,CUS008144,Not Churn,0.0145,Low,Synthetic Churn Risk Model,1.0,2026-06-30
CHN008145,CUS008145,Not Churn,0.0297,Low,Synthetic Churn Risk Model,1.0,2026-06-30
CHN008146,CUS008146,Not Churn,0.3817,Medium,Synthetic Churn Risk Model,1.0,2026-06-30
CHN008147,CUS008147,Not Churn,0.0447,Low,Synthetic Churn Risk Model,1.0,2026-06-30
CHN008148,CUS008148,Not Churn,0.0162,Low,Synthetic Churn Risk Model,1.0,2026-06-30
CHN008149,CUS008149,Not Churn,0.0418,Low,Synthetic Churn Risk Model,1.0,2026-06-30
CHN008150,CUS008150,Not Churn,0.0786,Low,Synthetic Churn Risk Model,1.0,2026-06-30
CHN008151,CUS008151,Not Churn,0.0477,Low,Synthetic Churn Risk Model,1.0,2026-06-30
CHN008152,CUS008152,Not Churn,0.0924,Low,Synthetic Churn Risk Model,1.0,2026-06-30
CHN008153,CUS008153,Not Churn,0.0867,Low,Synthetic Churn Risk Model,1.0,2026-06-30
CHN008154,CUS008154,Not Churn,0.4032,Medium,Synthetic Churn Risk Model,1.0,2026-06-30
CHN008155,CUS008155,Not Churn,0.0758,Low,Synthetic Churn Risk Model,1.0,2026-06-30
CHN008156,CUS008156,Not Churn,0.0248,Low,Synthetic Churn Risk Model,1.0,2026-06-30
CHN008157,CUS008157,Not Churn,0.0743,Low,Synthetic Churn Risk Model,1.0,2026-06-30
CHN008158,CUS008158,Not Churn,0.0534,Low,Synthetic Churn Risk Model,1.0,2026-06-30
CHN008159,CUS008159,Not Churn,0.1595,Low,Synthetic Churn Risk Model,1.0,2026-06-30
CHN008160,CUS008160,Not Churn,0.0436,Low,Synthetic Churn Risk Model,1.0,2026-06-30
CHN008161,CUS008161,Not Churn,0.0254,Low,Synthetic Churn Risk Model,1.0,2026-06-30
CHN008162,CUS008162,Not Churn,0.0339,Low,Synthetic Churn Risk Model,1.0,2026-06-30
CHN008163,CUS008163,Not Churn,0.4652,Medium,Synthetic Churn Risk Model,1.0,2026-06-30
CHN008164,CUS008164,Not Churn,0.0389,Low,Synthetic Churn Risk Model,1.0,2026-06-30
CHN008165,CUS008165,Not Churn,0.4007,Medium,Synthetic Churn Risk Model,1.0,2026-06-30
CHN008166,CUS008166,Not Churn,0.2717,Low,Synthetic Churn Risk Model,1.0,2026-06-30
CHN008167,CUS008167,Not Churn,0.0485,Low,Synthetic Churn Risk Model,1.0,2026-06-30
CHN008168,CUS008168,Not Churn,0.4154,Medium,Synthetic Churn Risk Model,1.0,2026-06-30
CHN008169,CUS008169,Not Churn,0.1062,Low,Synthetic Churn Risk Model,1.0,2026-06-30
CHN008170,CUS008170,Not Churn,0.1872,Low,Synthetic Churn Risk Model,1.0,2026-06-30
CHN008171,CUS008171,Not Churn,0.0502,Low,Synthetic Churn Risk Model,1.0,2026-06-30
CHN008172,CUS008172,Not Churn,0.0196,Low,Synthetic Churn Risk Model,1.0,2026-06-30
CHN008173,CUS008173,Not Churn,0.1978,Low,Synthetic Churn Risk Model,1.0,2026-06-30
CHN008174,CUS008174,Not Churn,0.0807,Low,Synthetic Churn Risk Model,1.0,2026-06-30
CHN008175,CUS008175,Not Churn,0.0342,Low,Synthetic Churn Risk Model,1.0,2026-06-30
CHN008176,CUS008176,Not Churn,0.0596,Low,Synthetic Churn Risk Model,1.0,2026-06-30
CHN008177,CUS008177,Not Churn,0.0219,Low,Synthetic Churn Risk Model,1.0,2026-06-30
CHN008178,CUS008178,Not Churn,0.4151,Medium,Synthetic Churn Risk Model,1.0,2026-06-30
CHN008179,CUS008179,Not Churn,0.4146,Medium,Synthetic Churn Risk Model,1.0,2026-06-30
CHN008180,CUS008180,Not Churn,0.3063,Medium,Synthetic Churn Risk Model,1.0,2026-06-30
CHN008181,CUS008181,Not Churn,0.0847,Low,Synthetic Churn Risk Model,1.0,2026-06-30
CHN008182,CUS008182,Not Churn,0.1647,Low,Synthetic Churn Risk Model,1.0,2026-06-30
CHN008183,CUS008183,Not Churn,0.1358,Low,Synthetic Churn Risk Model,1.0,2026-06-30
CHN008184,CUS008184,Not Churn,0.0634,Low,Synthetic Churn Risk Model,1.0,2026-06-30
CHN008185,CUS008185,Not Churn,0.075,Low,Synthetic Churn Risk Model,1.0,2026-06-30
CHN008186,CUS008186,Not Churn,0.0975,Low,Synthetic Churn Risk Model,1.0,2026-06-30
CHN008187,CUS008187,Not Churn,0.061,Low,Synthetic Churn Risk Model,1.0,2026-06-30
CHN008188,CUS008188,Not Churn,0.0181,Low,Synthetic Churn Risk Model,1.0,2026-06-30
CHN008189,CUS008189,Not Churn,0.0279,Low,Synthetic Churn Risk Model,1.0,2026-06-30
CHN008190,CUS008190,Not Churn,0.4057,Medium,Synthetic Churn Risk Model,1.0,2026-06-30
CHN008191,CUS008191,Not Churn,0.0196,Low,Synthetic Churn Risk Model,1.0,2026-06-30
CHN008192,CUS008192,Not Churn,0.4448,Medium,Synthetic Churn Risk Model,1.0,2026-06-30
CHN008193,CUS008193,Not Churn,0.4137,Medium,Synthetic Churn Risk Model,1.0,2026-06-30
CHN008194,CUS008194,Not Churn,0.0896,Low,Synthetic Churn Risk Model,1.0,2026-06-30
CHN008195,CUS008195,Not Churn,0.063,Low,Synthetic Churn Risk Model,1.0,2026-06-30
CHN008196,CUS008196,Not Churn,0.0252,Low,Synthetic Churn Risk Model,1.0,2026-06-30
CHN008197,CUS008197,Not Churn,0.0572,Low,Synthetic Churn Risk Model,1.0,2026-06-30
CHN008198,CUS008198,Not Churn,0.0582,Low,Synthetic Churn Risk Model,1.0,2026-06-30
CHN008199,CUS008199,Not Churn,0.2265,Low,Synthetic Churn Risk Model,1.0,2026-06-30
CHN008200,CUS008200,Not Churn,0.412,Medium,Synthetic Churn Risk Model,1.0,2026-06-30
CHN008201,CUS008201,Not Churn,0.2941,Low,Synthetic Churn Risk Model,1.0,2026-06-30
CHN008202,CUS008202,Not Churn,0.1472,Low,Synthetic Churn Risk Model,1.0,2026-06-30
CHN008203,CUS008203,Not Churn,0.1741,Low,Synthetic Churn Risk Model,1.0,2026-06-30
CHN008204,CUS008204,Not Churn,0.4044,Medium,Synthetic Churn Risk Model,1.0,2026-06-30
CHN008205,CUS008205,Not Churn,0.122,Low,Synthetic Churn Risk Model,1.0,2026-06-30
CHN008206,CUS008206,Churn,0.7781,High,Synthetic Churn Risk Model,1.0,2026-06-30
CHN008207,CUS008207,Not Churn,0.1643,Low,Synthetic Churn Risk Model,1.0,2026-06-30
CHN008208,CUS008208,Not Churn,0.0594,Low,Synthetic Churn Risk Model,1.0,2026-06-30
CHN008209,CUS008209,Not Churn,0.0576,Low,Synthetic Churn Risk Model,1.0,2026-06-30
CHN008210,CUS008210,Churn,0.6293,High,Synthetic Churn Risk Model,1.0,2026-06-30
CHN008211,CUS008211,Not Churn,0.0366,Low,Synthetic Churn Risk Model,1.0,2026-06-30
CHN008212,CUS008212,Not Churn,0.433,Medium,Synthetic Churn Risk Model,1.0,2026-06-30
CHN008213,CUS008213,Not Churn,0.0171,Low,Synthetic Churn Risk Model,1.0,2026-06-30
CHN008214,CUS008214,Not Churn,0.0558,Low,Synthetic Churn Risk Model,1.0,2026-06-30
CHN008215,CUS008215,Not Churn,0.0644,Low,Synthetic Churn Risk Model,1.0,2026-06-30
CHN008216,CUS008216,Not Churn,0.077,Low,Synthetic Churn Risk Model,1.0,2026-06-30
CHN008217,CUS008217,Not Churn,0.0126,Low,Synthetic Churn Risk Model,1.0,2026-06-30
CHN008218,CUS008218,Not Churn,0.1518,Low,Synthetic Churn Risk Model,1.0,2026-06-30
CHN008219,CUS008219,Not Churn,0.429,Medium,Synthetic Churn Risk Model,1.0,2026-06-30
CHN008220,CUS008220,Not Churn,0.2734,Low,Synthetic Churn Risk Model,1.0,2026-06-30
CHN008221,CUS008221,Not Churn,0.4356,Medium,Synthetic Churn Risk Model,1.0,2026-06-30
CHN008222,CUS008222,Not Churn,0.1339,Low,Synthetic Churn Risk Model,1.0,2026-06-30
CHN008223,CUS008223,Not Churn,0.0515,Low,Synthetic Churn Risk Model,1.0,2026-06-30
CHN008224,CUS008224,Not Churn,0.0657,Low,Synthetic Churn Risk Model,1.0,2026-06-30
CHN008225,CUS008225,Not Churn,0.2345,Low,Synthetic Churn Risk Model,1.0,2026-06-30
CHN008226,CUS008226,Not Churn,0.406,Medium,Synthetic Churn Risk Model,1.0,2026-06-30
CHN008227,CUS008227,Not Churn,0.187,Low,Synthetic Churn Risk Model,1.0,2026-06-30
CHN008228,CUS008228,Not Churn,0.1378,Low,Synthetic Churn Risk Model,1.0,2026-06-30
CHN008229,CUS008229,Not Churn,0.0708,Low,Synthetic Churn Risk Model,1.0,2026-06-30
CHN008230,CUS008230,Not Churn,0.0548,Low,Synthetic Churn Risk Model,1.0,2026-06-30
CHN008231,CUS008231,Not Churn,0.0324,Low,Synthetic Churn Risk Model,1.0,2026-06-30
CHN008232,CUS008232,Not Churn,0.0252,Low,Synthetic Churn Risk Model,1.0,2026-06-30
CHN008233,CUS008233,Not Churn,0.4364,Medium,Synthetic Churn Risk Model,1.0,2026-06-30
CHN008234,CUS008234,Not Churn,0.4067,Medium,Synthetic Churn Risk Model,1.0,2026-06-30
CHN008235,CUS008235,Not Churn,0.4056,Medium,Synthetic Churn Risk Model,1.0,2026-06-30
CHN008236,CUS008236,Not Churn,0.1881,Low,Synthetic Churn Risk Model,1.0,2026-06-30
CHN008237,CUS008237,Not Churn,0.2321,Low,Synthetic Churn Risk Model,1.0,2026-06-30
CHN008238,CUS008238,Not Churn,0.0226,Low,Synthetic Churn Risk Model,1.0,2026-06-30
CHN008239,CUS008239,Not Churn,0.0164,Low,Synthetic Churn Risk Model,1.0,2026-06-30
CHN008240,CUS008240,Not Churn,0.1291,Low,Synthetic Churn Risk Model,1.0,2026-06-30
CHN008241,CUS008241,Not Churn,0.0908,Low,Synthetic Churn Risk Model,1.0,2026-06-30
CHN008242,CUS008242,Not Churn,0.0402,Low,Synthetic Churn Risk Model,1.0,2026-06-30
CHN008243,CUS008243,Not Churn,0.1211,Low,Synthetic Churn Risk Model,1.0,2026-06-30
CHN008244,CUS008244,Not Churn,0.0777,Low,Synthetic Churn Risk Model,1.0,2026-06-30
CHN008245,CUS008245,Not Churn,0.0293,Low,Synthetic Churn Risk Model,1.0,2026-06-30
CHN008246,CUS008246,Not Churn,0.0256,Low,Synthetic Churn Risk Model,1.0,2026-06-30
CHN008247,CUS008247,Not Churn,0.0304,Low,Synthetic Churn Risk Model,1.0,2026-06-30
CHN008248,CUS008248,Not Churn,0.141,Low,Synthetic Churn Risk Model,1.0,2026-06-30
CHN008249,CUS008249,Not Churn,0.5332,Medium,Synthetic Churn Risk Model,1.0,2026-06-30
CHN008250,CUS008250,Not Churn,0.1733,Low,Synthetic Churn Risk Model,1.0,2026-06-30
CHN008251,CUS008251,Not Churn,0.021,Low,Synthetic Churn Risk Model,1.0,2026-06-30
CHN008252,CUS008252,Not Churn,0.0399,Low,Synthetic Churn Risk Model,1.0,2026-06-30
CHN008253,CUS008253,Not Churn,0.1172,Low,Synthetic Churn Risk Model,1.0,2026-06-30
CHN008254,CUS008254,Not Churn,0.0163,Low,Synthetic Churn Risk Model,1.0,2026-06-30
CHN008255,CUS008255,Not Churn,0.1209,Low,Synthetic Churn Risk Model,1.0,2026-06-30
CHN008256,CUS008256,Not Churn,0.4007,Medium,Synthetic Churn Risk Model,1.0,2026-06-30
CHN008257,CUS008257,Not Churn,0.077,Low,Synthetic Churn Risk Model,1.0,2026-06-30
CHN008258,CUS008258,Not Churn,0.416,Medium,Synthetic Churn Risk Model,1.0,2026-06-30
CHN008259,CUS008259,Not Churn,0.0672,Low,Synthetic Churn Risk Model,1.0,2026-06-30
CHN008260,CUS008260,Not Churn,0.4157,Medium,Synthetic Churn Risk Model,1.0,2026-06-30
CHN008261,CUS008261,Not Churn,0.5911,Medium,Synthetic Churn Risk Model,1.0,2026-06-30
CHN008262,CUS008262,Churn,0.6407,High,Synthetic Churn Risk Model,1.0,2026-06-30
CHN008263,CUS008263,Not Churn,0.0627,Low,Synthetic Churn Risk Model,1.0,2026-06-30
CHN008264,CUS008264,Churn,0.6818,High,Synthetic Churn Risk Model,1.0,2026-06-30
CHN008265,CUS008265,Not Churn,0.2025,Low,Synthetic Churn Risk Model,1.0,2026-06-30
CHN008266,CUS008266,Not Churn,0.0886,Low,Synthetic Churn Risk Model,1.0,2026-06-30
CHN008267,CUS008267,Not Churn,0.4205,Medium,Synthetic Churn Risk Model,1.0,2026-06-30
CHN008268,CUS008268,Not Churn,0.133,Low,Synthetic Churn Risk Model,1.0,2026-06-30
CHN008269,CUS008269,Not Churn,0.3113,Medium,Synthetic Churn Risk Model,1.0,2026-06-30
CHN008270,CUS008270,Not Churn,0.0173,Low,Synthetic Churn Risk Model,1.0,2026-06-30
CHN008271,CUS008271,Not Churn,0.4288,Medium,Synthetic Churn Risk Model,1.0,2026-06-30
CHN008272,CUS008272,Not Churn,0.0463,Low,Synthetic Churn Risk Model,1.0,2026-06-30
CHN008273,CUS008273,Churn,0.6061,High,Synthetic Churn Risk Model,1.0,2026-06-30
CHN008274,CUS008274,Not Churn,0.1947,Low,Synthetic Churn Risk Model,1.0,2026-06-30
CHN008275,CUS008275,Not Churn,0.0084,Low,Synthetic Churn Risk Model,1.0,2026-06-30
CHN008276,CUS008276,Not Churn,0.0389,Low,Synthetic Churn Risk Model,1.0,2026-06-30
CHN008277,CUS008277,Not Churn,0.0577,Low,Synthetic Churn Risk Model,1.0,2026-06-30
CHN008278,CUS008278,Not Churn,0.0546,Low,Synthetic Churn Risk Model,1.0,2026-06-30
CHN008279,CUS008279,Not Churn,0.1383,Low,Synthetic Churn Risk Model,1.0,2026-06-30
CHN008280,CUS008280,Not Churn,0.1792,Low,Synthetic Churn Risk Model,1.0,2026-06-30
CHN008281,CUS008281,Not Churn,0.0384,Low,Synthetic Churn Risk Model,1.0,2026-06-30
CHN008282,CUS008282,Not Churn,0.3927,Medium,Synthetic Churn Risk Model,1.0,2026-06-30
CHN008283,CUS008283,Not Churn,0.0817,Low,Synthetic Churn Risk Model,1.0,2026-06-30
CHN008284,CUS008284,Not Churn,0.1675,Low,Synthetic Churn Risk Model,1.0,2026-06-30
CHN008285,CUS008285,Not Churn,0.1252,Low,Synthetic Churn Risk Model,1.0,2026-06-30
CHN008286,CUS008286,Not Churn,0.0179,Low,Synthetic Churn Risk Model,1.0,2026-06-30
CHN008287,CUS008287,Not Churn,0.0282,Low,Synthetic Churn Risk Model,1.0,2026-06-30
CHN008288,CUS008288,Not Churn,0.0375,Low,Synthetic Churn Risk Model,1.0,2026-06-30
CHN008289,CUS008289,Not Churn,0.4098,Medium,Synthetic Churn Risk Model,1.0,2026-06-30
CHN008290,CUS008290,Not Churn,0.4255,Medium,Synthetic Churn Risk Model,1.0,2026-06-30
CHN008291,CUS008291,Not Churn,0.0914,Low,Synthetic Churn Risk Model,1.0,2026-06-30
CHN008292,CUS008292,Not Churn,0.1632,Low,Synthetic Churn Risk Model,1.0,2026-06-30
CHN008293,CUS008293,Not Churn,0.091,Low,Synthetic Churn Risk Model,1.0,2026-06-30
CHN008294,CUS008294,Not Churn,0.1243,Low,Synthetic Churn Risk Model,1.0,2026-06-30
CHN008295,CUS008295,Not Churn,0.4341,Medium,Synthetic Churn Risk Model,1.0,2026-06-30
CHN008296,CUS008296,Not Churn,0.1161,Low,Synthetic Churn Risk Model,1.0,2026-06-30
CHN008297,CUS008297,Not Churn,0.4135,Medium,Synthetic Churn Risk Model,1.0,2026-06-30
CHN008298,CUS008298,Not Churn,0.078,Low,Synthetic Churn Risk Model,1.0,2026-06-30
CHN008299,CUS008299,Not Churn,0.0405,Low,Synthetic Churn Risk Model,1.0,2026-06-30
CHN008300,CUS008300,Not Churn,0.092,Low,Synthetic Churn Risk Model,1.0,2026-06-30
CHN008301,CUS008301,Not Churn,0.4143,Medium,Synthetic Churn Risk Model,1.0,2026-06-30
CHN008302,CUS008302,Not Churn,0.0653,Low,Synthetic Churn Risk Model,1.0,2026-06-30
CHN008303,CUS008303,Not Churn,0.0492,Low,Synthetic Churn Risk Model,1.0,2026-06-30
CHN008304,CUS008304,Not Churn,0.0861,Low,Synthetic Churn Risk Model,1.0,2026-06-30
CHN008305,CUS008305,Not Churn,0.054,Low,Synthetic Churn Risk Model,1.0,2026-06-30
CHN008306,CUS008306,Not Churn,0.0313,Low,Synthetic Churn Risk Model,1.0,2026-06-30
CHN008307,CUS008307,Not Churn,0.0731,Low,Synthetic Churn Risk Model,1.0,2026-06-30
CHN008308,CUS008308,Not Churn,0.4228,Medium,Synthetic Churn Risk Model,1.0,2026-06-30
CHN008309,CUS008309,Not Churn,0.1218,Low,Synthetic Churn Risk Model,1.0,2026-06-30
CHN008310,CUS008310,Not Churn,0.4127,Medium,Synthetic Churn Risk Model,1.0,2026-06-30
CHN008311,CUS008311,Not Churn,0.2339,Low,Synthetic Churn Risk Model,1.0,2026-06-30
CHN008312,CUS008312,Not Churn,0.4133,Medium,Synthetic Churn Risk Model,1.0,2026-06-30
CHN008313,CUS008313,Not Churn,0.3046,Medium,Synthetic Churn Risk Model,1.0,2026-06-30
CHN008314,CUS008314,Not Churn,0.0411,Low,Synthetic Churn Risk Model,1.0,2026-06-30
CHN008315,CUS008315,Not Churn,0.2676,Low,Synthetic Churn Risk Model,1.0,2026-06-30
CHN008316,CUS008316,Not Churn,0.4191,Medium,Synthetic Churn Risk Model,1.0,2026-06-30
CHN008317,CUS008317,Not Churn,0.4365,Medium,Synthetic Churn Risk Model,1.0,2026-06-30
CHN008318,CUS008318,Not Churn,0.0069,Low,Synthetic Churn Risk Model,1.0,2026-06-30
CHN008319,CUS008319,Not Churn,0.0443,Low,Synthetic Churn Risk Model,1.0,2026-06-30
CHN008320,CUS008320,Not Churn,0.0696,Low,Synthetic Churn Risk Model,1.0,2026-06-30
CHN008321,CUS008321,Not Churn,0.1651,Low,Synthetic Churn Risk Model,1.0,2026-06-30
CHN008322,CUS008322,Not Churn,0.1843,Low,Synthetic Churn Risk Model,1.0,2026-06-30
CHN008323,CUS008323,Not Churn,0.133,Low,Synthetic Churn Risk Model,1.0,2026-06-30
CHN008324,CUS008324,Not Churn,0.1145,Low,Synthetic Churn Risk Model,1.0,2026-06-30
CHN008325,CUS008325,Not Churn,0.0819,Low,Synthetic Churn Risk Model,1.0,2026-06-30
CHN008326,CUS008326,Not Churn,0.4229,Medium,Synthetic Churn Risk Model,1.0,2026-06-30
CHN008327,CUS008327,Not Churn,0.0397,Low,Synthetic Churn Risk Model,1.0,2026-06-30
CHN008328,CUS008328,Not Churn,0.0357,Low,Synthetic Churn Risk Model,1.0,2026-06-30
CHN008329,CUS008329,Not Churn,0.1301,Low,Synthetic Churn Risk Model,1.0,2026-06-30
CHN008330,CUS008330,Not Churn,0.0497,Low,Synthetic Churn Risk Model,1.0,2026-06-30
CHN008331,CUS008331,Not Churn,0.0257,Low,Synthetic Churn Risk Model,1.0,2026-06-30
CHN008332,CUS008332,Not Churn,0.1603,Low,Synthetic Churn Risk Model,1.0,2026-06-30
CHN008333,CUS008333,Not Churn,0.0336,Low,Synthetic Churn Risk Model,1.0,2026-06-30
CHN008334,CUS008334,Not Churn,0.0185,Low,Synthetic Churn Risk Model,1.0,2026-06-30
CHN008335,CUS008335,Not Churn,0.0093,Low,Synthetic Churn Risk Model,1.0,2026-06-30
CHN008336,CUS008336,Not Churn,0.0731,Low,Synthetic Churn Risk Model,1.0,2026-06-30
CHN008337,CUS008337,Not Churn,0.1125,Low,Synthetic Churn Risk Model,1.0,2026-06-30
CHN008338,CUS008338,Not Churn,0.2159,Low,Synthetic Churn Risk Model,1.0,2026-06-30
CHN008339,CUS008339,Not Churn,0.02,Low,Synthetic Churn Risk Model,1.0,2026-06-30
CHN008340,CUS008340,Not Churn,0.2327,Low,Synthetic Churn Risk Model,1.0,2026-06-30
CHN008341,CUS008341,Not Churn,0.0352,Low,Synthetic Churn Risk Model,1.0,2026-06-30
CHN008342,CUS008342,Not Churn,0.4114,Medium,Synthetic Churn Risk Model,1.0,2026-06-30
CHN008343,CUS008343,Not Churn,0.0431,Low,Synthetic Churn Risk Model,1.0,2026-06-30
CHN008344,CUS008344,Not Churn,0.3072,Medium,Synthetic Churn Risk Model,1.0,2026-06-30
CHN008345,CUS008345,Not Churn,0.1443,Low,Synthetic Churn Risk Model,1.0,2026-06-30
CHN008346,CUS008346,Not Churn,0.096,Low,Synthetic Churn Risk Model,1.0,2026-06-30
CHN008347,CUS008347,Not Churn,0.2805,Low,Synthetic Churn Risk Model,1.0,2026-06-30
CHN008348,CUS008348,Not Churn,0.0053,Low,Synthetic Churn Risk Model,1.0,2026-06-30
CHN008349,CUS008349,Not Churn,0.0265,Low,Synthetic Churn Risk Model,1.0,2026-06-30
CHN008350,CUS008350,Not Churn,0.0221,Low,Synthetic Churn Risk Model,1.0,2026-06-30
CHN008351,CUS008351,Not Churn,0.0457,Low,Synthetic Churn Risk Model,1.0,2026-06-30
CHN008352,CUS008352,Not Churn,0.0836,Low,Synthetic Churn Risk Model,1.0,2026-06-30
CHN008353,CUS008353,Not Churn,0.4163,Medium,Synthetic Churn Risk Model,1.0,2026-06-30
CHN008354,CUS008354,Not Churn,0.0298,Low,Synthetic Churn Risk Model,1.0,2026-06-30
CHN008355,CUS008355,Not Churn,0.143,Low,Synthetic Churn Risk Model,1.0,2026-06-30
CHN008356,CUS008356,Not Churn,0.0271,Low,Synthetic Churn Risk Model,1.0,2026-06-30
CHN008357,CUS008357,Not Churn,0.4323,Medium,Synthetic Churn Risk Model,1.0,2026-06-30
CHN008358,CUS008358,Not Churn,0.0,Low,Synthetic Churn Risk Model,1.0,2026-06-30
CHN008359,CUS008359,Not Churn,0.0435,Low,Synthetic Churn Risk Model,1.0,2026-06-30
CHN008360,CUS008360,Not Churn,0.0539,Low,Synthetic Churn Risk Model,1.0,2026-06-30
CHN008361,CUS008361,Not Churn,0.0849,Low,Synthetic Churn Risk Model,1.0,2026-06-30
CHN008362,CUS008362,Not Churn,0.0339,Low,Synthetic Churn Risk Model,1.0,2026-06-30
CHN008363,CUS008363,Not Churn,0.0381,Low,Synthetic Churn Risk Model,1.0,2026-06-30
CHN008364,CUS008364,Not Churn,0.0218,Low,Synthetic Churn Risk Model,1.0,2026-06-30
CHN008365,CUS008365,Not Churn,0.1474,Low,Synthetic Churn Risk Model,1.0,2026-06-30
CHN008366,CUS008366,Not Churn,0.0569,Low,Synthetic Churn Risk Model,1.0,2026-06-30
CHN008367,CUS008367,Not Churn,0.0318,Low,Synthetic Churn Risk Model,1.0,2026-06-30
CHN008368,CUS008368,Not Churn,0.106,Low,Synthetic Churn Risk Model,1.0,2026-06-30
CHN008369,CUS008369,Not Churn,0.0528,Low,Synthetic Churn Risk Model,1.0,2026-06-30
CHN008370,CUS008370,Not Churn,0.0833,Low,Synthetic Churn Risk Model,1.0,2026-06-30
CHN008371,CUS008371,Not Churn,0.0363,Low,Synthetic Churn Risk Model,1.0,2026-06-30
CHN008372,CUS008372,Not Churn,0.2152,Low,Synthetic Churn Risk Model,1.0,2026-06-30
CHN008373,CUS008373,Not Churn,0.3922,Medium,Synthetic Churn Risk Model,1.0,2026-06-30
CHN008374,CUS008374,Not Churn,0.0453,Low,Synthetic Churn Risk Model,1.0,2026-06-30
CHN008375,CUS008375,Not Churn,0.1583,Low,Synthetic Churn Risk Model,1.0,2026-06-30
CHN008376,CUS008376,Not Churn,0.0484,Low,Synthetic Churn Risk Model,1.0,2026-06-30
CHN008377,CUS008377,Not Churn,0.035,Low,Synthetic Churn Risk Model,1.0,2026-06-30
CHN008378,CUS008378,Not Churn,0.401,Medium,Synthetic Churn Risk Model,1.0,2026-06-30
CHN008379,CUS008379,Churn,0.6203,High,Synthetic Churn Risk Model,1.0,2026-06-30
CHN008380,CUS008380,Not Churn,0.3988,Medium,Synthetic Churn Risk Model,1.0,2026-06-30
CHN008381,CUS008381,Not Churn,0.0273,Low,Synthetic Churn Risk Model,1.0,2026-06-30
CHN008382,CUS008382,Not Churn,0.4417,Medium,Synthetic Churn Risk Model,1.0,2026-06-30
CHN008383,CUS008383,Not Churn,0.4996,Medium,Synthetic Churn Risk Model,1.0,2026-06-30
CHN008384,CUS008384,Not Churn,0.0835,Low,Synthetic Churn Risk Model,1.0,2026-06-30
CHN008385,CUS008385,Not Churn,0.3976,Medium,Synthetic Churn Risk Model,1.0,2026-06-30
CHN008386,CUS008386,Not Churn,0.1444,Low,Synthetic Churn Risk Model,1.0,2026-06-30
CHN008387,CUS008387,Not Churn,0.0272,Low,Synthetic Churn Risk Model,1.0,2026-06-30
CHN008388,CUS008388,Not Churn,0.4137,Medium,Synthetic Churn Risk Model,1.0,2026-06-30
CHN008389,CUS008389,Not Churn,0.1547,Low,Synthetic Churn Risk Model,1.0,2026-06-30
CHN008390,CUS008390,Not Churn,0.0439,Low,Synthetic Churn Risk Model,1.0,2026-06-30
CHN008391,CUS008391,Not Churn,0.4188,Medium,Synthetic Churn Risk Model,1.0,2026-06-30
CHN008392,CUS008392,Not Churn,0.1268,Low,Synthetic Churn Risk Model,1.0,2026-06-30
CHN008393,CUS008393,Not Churn,0.1026,Low,Synthetic Churn Risk Model,1.0,2026-06-30
CHN008394,CUS008394,Not Churn,0.1407,Low,Synthetic Churn Risk Model,1.0,2026-06-30
CHN008395,CUS008395,Not Churn,0.0456,Low,Synthetic Churn Risk Model,1.0,2026-06-30
CHN008396,CUS008396,Not Churn,0.0274,Low,Synthetic Churn Risk Model,1.0,2026-06-30
CHN008397,CUS008397,Not Churn,0.1623,Low,Synthetic Churn Risk Model,1.0,2026-06-30
CHN008398,CUS008398,Not Churn,0.0353,Low,Synthetic Churn Risk Model,1.0,2026-06-30
CHN008399,CUS008399,Not Churn,0.3582,Medium,Synthetic Churn Risk Model,1.0,2026-06-30
CHN008400,CUS008400,Not Churn,0.0392,Low,Synthetic Churn Risk Model,1.0,2026-06-30
CHN008401,CUS008401,Not Churn,0.0326,Low,Synthetic Churn Risk Model,1.0,2026-06-30
CHN008402,CUS008402,Not Churn,0.2118,Low,Synthetic Churn Risk Model,1.0,2026-06-30
CHN008403,CUS008403,Not Churn,0.0649,Low,Synthetic Churn Risk Model,1.0,2026-06-30
CHN008404,CUS008404,Not Churn,0.05,Low,Synthetic Churn Risk Model,1.0,2026-06-30
CHN008405,CUS008405,Not Churn,0.0298,Low,Synthetic Churn Risk Model,1.0,2026-06-30
CHN008406,CUS008406,Not Churn,0.1701,Low,Synthetic Churn Risk Model,1.0,2026-06-30
CHN008407,CUS008407,Not Churn,0.0464,Low,Synthetic Churn Risk Model,1.0,2026-06-30
CHN008408,CUS008408,Not Churn,0.0392,Low,Synthetic Churn Risk Model,1.0,2026-06-30
CHN008409,CUS008409,Not Churn,0.0657,Low,Synthetic Churn Risk Model,1.0,2026-06-30
CHN008410,CUS008410,Not Churn,0.06,Low,Synthetic Churn Risk Model,1.0,2026-06-30
CHN008411,CUS008411,Not Churn,0.2255,Low,Synthetic Churn Risk Model,1.0,2026-06-30
CHN008412,CUS008412,Not Churn,0.4165,Medium,Synthetic Churn Risk Model,1.0,2026-06-30
CHN008413,CUS008413,Not Churn,0.0562,Low,Synthetic Churn Risk Model,1.0,2026-06-30
CHN008414,CUS008414,Not Churn,0.0335,Low,Synthetic Churn Risk Model,1.0,2026-06-30
CHN008415,CUS008415,Not Churn,0.1911,Low,Synthetic Churn Risk Model,1.0,2026-06-30
CHN008416,CUS008416,Not Churn,0.0539,Low,Synthetic Churn Risk Model,1.0,2026-06-30
CHN008417,CUS008417,Not Churn,0.0323,Low,Synthetic Churn Risk Model,1.0,2026-06-30
CHN008418,CUS008418,Not Churn,0.0345,Low,Synthetic Churn Risk Model,1.0,2026-06-30
CHN008419,CUS008419,Not Churn,0.0427,Low,Synthetic Churn Risk Model,1.0,2026-06-30
CHN008420,CUS008420,Not Churn,0.092,Low,Synthetic Churn Risk Model,1.0,2026-06-30
CHN008421,CUS008421,Not Churn,0.0798,Low,Synthetic Churn Risk Model,1.0,2026-06-30
CHN008422,CUS008422,Not Churn,0.4189,Medium,Synthetic Churn Risk Model,1.0,2026-06-30
CHN008423,CUS008423,Not Churn,0.2845,Low,Synthetic Churn Risk Model,1.0,2026-06-30
CHN008424,CUS008424,Not Churn,0.4238,Medium,Synthetic Churn Risk Model,1.0,2026-06-30
CHN008425,CUS008425,Not Churn,0.294,Low,Synthetic Churn Risk Model,1.0,2026-06-30
CHN008426,CUS008426,Not Churn,0.0106,Low,Synthetic Churn Risk Model,1.0,2026-06-30
CHN008427,CUS008427,Not Churn,0.0731,Low,Synthetic Churn Risk Model,1.0,2026-06-30
CHN008428,CUS008428,Not Churn,0.4193,Medium,Synthetic Churn Risk Model,1.0,2026-06-30
CHN008429,CUS008429,Not Churn,0.0659,Low,Synthetic Churn Risk Model,1.0,2026-06-30
CHN008430,CUS008430,Not Churn,0.1425,Low,Synthetic Churn Risk Model,1.0,2026-06-30
CHN008431,CUS008431,Not Churn,0.4269,Medium,Synthetic Churn Risk Model,1.0,2026-06-30
CHN008432,CUS008432,Not Churn,0.158,Low,Synthetic Churn Risk Model,1.0,2026-06-30
CHN008433,CUS008433,Not Churn,0.0721,Low,Synthetic Churn Risk Model,1.0,2026-06-30
CHN008434,CUS008434,Not Churn,0.4507,Medium,Synthetic Churn Risk Model,1.0,2026-06-30
CHN008435,CUS008435,Not Churn,0.1854,Low,Synthetic Churn Risk Model,1.0,2026-06-30
CHN008436,CUS008436,Not Churn,0.0608,Low,Synthetic Churn Risk Model,1.0,2026-06-30
CHN008437,CUS008437,Not Churn,0.4012,Medium,Synthetic Churn Risk Model,1.0,2026-06-30
CHN008438,CUS008438,Not Churn,0.0089,Low,Synthetic Churn Risk Model,1.0,2026-06-30
CHN008439,CUS008439,Not Churn,0.1164,Low,Synthetic Churn Risk Model,1.0,2026-06-30
CHN008440,CUS008440,Not Churn,0.1336,Low,Synthetic Churn Risk Model,1.0,2026-06-30
CHN008441,CUS008441,Not Churn,0.2166,Low,Synthetic Churn Risk Model,1.0,2026-06-30
CHN008442,CUS008442,Not Churn,0.4045,Medium,Synthetic Churn Risk Model,1.0,2026-06-30
CHN008443,CUS008443,Not Churn,0.1392,Low,Synthetic Churn Risk Model,1.0,2026-06-30
CHN008444,CUS008444,Not Churn,0.2171,Low,Synthetic Churn Risk Model,1.0,2026-06-30
CHN008445,CUS008445,Not Churn,0.4023,Medium,Synthetic Churn Risk Model,1.0,2026-06-30
CHN008446,CUS008446,Not Churn,0.0711,Low,Synthetic Churn Risk Model,1.0,2026-06-30
CHN008447,CUS008447,Not Churn,0.0832,Low,Synthetic Churn Risk Model,1.0,2026-06-30
CHN008448,CUS008448,Not Churn,0.0829,Low,Synthetic Churn Risk Model,1.0,2026-06-30
CHN008449,CUS008449,Not Churn,0.0111,Low,Synthetic Churn Risk Model,1.0,2026-06-30
CHN008450,CUS008450,Not Churn,0.104,Low,Synthetic Churn Risk Model,1.0,2026-06-30
CHN008451,CUS008451,Not Churn,0.0116,Low,Synthetic Churn Risk Model,1.0,2026-06-30
CHN008452,CUS008452,Not Churn,0.2341,Low,Synthetic Churn Risk Model,1.0,2026-06-30
CHN008453,CUS008453,Not Churn,0.492,Medium,Synthetic Churn Risk Model,1.0,2026-06-30
CHN008454,CUS008454,Not Churn,0.0618,Low,Synthetic Churn Risk Model,1.0,2026-06-30
CHN008455,CUS008455,Not Churn,0.0865,Low,Synthetic Churn Risk Model,1.0,2026-06-30
CHN008456,CUS008456,Not Churn,0.0867,Low,Synthetic Churn Risk Model,1.0,2026-06-30
CHN008457,CUS008457,Not Churn,0.0403,Low,Synthetic Churn Risk Model,1.0,2026-06-30
CHN008458,CUS008458,Not Churn,0.3022,Medium,Synthetic Churn Risk Model,1.0,2026-06-30
CHN008459,CUS008459,Not Churn,0.2428,Low,Synthetic Churn Risk Model,1.0,2026-06-30
CHN008460,CUS008460,Not Churn,0.0745,Low,Synthetic Churn Risk Model,1.0,2026-06-30
CHN008461,CUS008461,Not Churn,0.0228,Low,Synthetic Churn Risk Model,1.0,2026-06-30
CHN008462,CUS008462,Not Churn,0.0882,Low,Synthetic Churn Risk Model,1.0,2026-06-30
CHN008463,CUS008463,Not Churn,0.1141,Low,Synthetic Churn Risk Model,1.0,2026-06-30
CHN008464,CUS008464,Not Churn,0.0514,Low,Synthetic Churn Risk Model,1.0,2026-06-30
CHN008465,CUS008465,Not Churn,0.1751,Low,Synthetic Churn Risk Model,1.0,2026-06-30
CHN008466,CUS008466,Not Churn,0.2778,Low,Synthetic Churn Risk Model,1.0,2026-06-30
CHN008467,CUS008467,Not Churn,0.085,Low,Synthetic Churn Risk Model,1.0,2026-06-30
CHN008468,CUS008468,Not Churn,0.0139,Low,Synthetic Churn Risk Model,1.0,2026-06-30
CHN008469,CUS008469,Not Churn,0.0751,Low,Synthetic Churn Risk Model,1.0,2026-06-30
CHN008470,CUS008470,Not Churn,0.0511,Low,Synthetic Churn Risk Model,1.0,2026-06-30
CHN008471,CUS008471,Not Churn,0.2768,Low,Synthetic Churn Risk Model,1.0,2026-06-30
CHN008472,CUS008472,Not Churn,0.4274,Medium,Synthetic Churn Risk Model,1.0,2026-06-30
CHN008473,CUS008473,Not Churn,0.4509,Medium,Synthetic Churn Risk Model,1.0,2026-06-30
CHN008474,CUS008474,Not Churn,0.4216,Medium,Synthetic Churn Risk Model,1.0,2026-06-30
CHN008475,CUS008475,Not Churn,0.0946,Low,Synthetic Churn Risk Model,1.0,2026-06-30
CHN008476,CUS008476,Not Churn,0.0432,Low,Synthetic Churn Risk Model,1.0,2026-06-30
CHN008477,CUS008477,Not Churn,0.1349,Low,Synthetic Churn Risk Model,1.0,2026-06-30
CHN008478,CUS008478,Not Churn,0.1705,Low,Synthetic Churn Risk Model,1.0,2026-06-30
CHN008479,CUS008479,Not Churn,0.4401,Medium,Synthetic Churn Risk Model,1.0,2026-06-30
CHN008480,CUS008480,Not Churn,0.2879,Low,Synthetic Churn Risk Model,1.0,2026-06-30
CHN008481,CUS008481,Not Churn,0.0479,Low,Synthetic Churn Risk Model,1.0,2026-06-30
CHN008482,CUS008482,Not Churn,0.4314,Medium,Synthetic Churn Risk Model,1.0,2026-06-30
CHN008483,CUS008483,Not Churn,0.0336,Low,Synthetic Churn Risk Model,1.0,2026-06-30
CHN008484,CUS008484,Not Churn,0.109,Low,Synthetic Churn Risk Model,1.0,2026-06-30
CHN008485,CUS008485,Not Churn,0.0917,Low,Synthetic Churn Risk Model,1.0,2026-06-30
CHN008486,CUS008486,Not Churn,0.0909,Low,Synthetic Churn Risk Model,1.0,2026-06-30
CHN008487,CUS008487,Not Churn,0.0557,Low,Synthetic Churn Risk Model,1.0,2026-06-30
CHN008488,CUS008488,Not Churn,0.0264,Low,Synthetic Churn Risk Model,1.0,2026-06-30
CHN008489,CUS008489,Not Churn,0.0305,Low,Synthetic Churn Risk Model,1.0,2026-06-30
CHN008490,CUS008490,Not Churn,0.0368,Low,Synthetic Churn Risk Model,1.0,2026-06-30
CHN008491,CUS008491,Not Churn,0.049,Low,Synthetic Churn Risk Model,1.0,2026-06-30
CHN008492,CUS008492,Not Churn,0.0544,Low,Synthetic Churn Risk Model,1.0,2026-06-30
CHN008493,CUS008493,Not Churn,0.1369,Low,Synthetic Churn Risk Model,1.0,2026-06-30
CHN008494,CUS008494,Not Churn,0.1006,Low,Synthetic Churn Risk Model,1.0,2026-06-30
CHN008495,CUS008495,Not Churn,0.0222,Low,Synthetic Churn Risk Model,1.0,2026-06-30
CHN008496,CUS008496,Not Churn,0.0547,Low,Synthetic Churn Risk Model,1.0,2026-06-30
CHN008497,CUS008497,Not Churn,0.4094,Medium,Synthetic Churn Risk Model,1.0,2026-06-30
CHN008498,CUS008498,Not Churn,0.1167,Low,Synthetic Churn Risk Model,1.0,2026-06-30
CHN008499,CUS008499,Not Churn,0.4244,Medium,Synthetic Churn Risk Model,1.0,2026-06-30
CHN008500,CUS008500,Not Churn,0.1435,Low,Synthetic Churn Risk Model,1.0,2026-06-30
CHN008501,CUS008501,Not Churn,0.1219,Low,Synthetic Churn Risk Model,1.0,2026-06-30
CHN008502,CUS008502,Not Churn,0.0972,Low,Synthetic Churn Risk Model,1.0,2026-06-30
CHN008503,CUS008503,Not Churn,0.1826,Low,Synthetic Churn Risk Model,1.0,2026-06-30
CHN008504,CUS008504,Not Churn,0.1523,Low,Synthetic Churn Risk Model,1.0,2026-06-30
CHN008505,CUS008505,Not Churn,0.0254,Low,Synthetic Churn Risk Model,1.0,2026-06-30
CHN008506,CUS008506,Not Churn,0.4018,Medium,Synthetic Churn Risk Model,1.0,2026-06-30
CHN008507,CUS008507,Not Churn,0.1256,Low,Synthetic Churn Risk Model,1.0,2026-06-30
CHN008508,CUS008508,Not Churn,0.4192,Medium,Synthetic Churn Risk Model,1.0,2026-06-30
CHN008509,CUS008509,Not Churn,0.2684,Low,Synthetic Churn Risk Model,1.0,2026-06-30
CHN008510,CUS008510,Not Churn,0.325,Medium,Synthetic Churn Risk Model,1.0,2026-06-30
CHN008511,CUS008511,Not Churn,0.1923,Low,Synthetic Churn Risk Model,1.0,2026-06-30
CHN008512,CUS008512,Not Churn,0.4018,Medium,Synthetic Churn Risk Model,1.0,2026-06-30
CHN008513,CUS008513,Not Churn,0.0536,Low,Synthetic Churn Risk Model,1.0,2026-06-30
CHN008514,CUS008514,Not Churn,0.0365,Low,Synthetic Churn Risk Model,1.0,2026-06-30
CHN008515,CUS008515,Not Churn,0.4256,Medium,Synthetic Churn Risk Model,1.0,2026-06-30
CHN008516,CUS008516,Not Churn,0.1028,Low,Synthetic Churn Risk Model,1.0,2026-06-30
CHN008517,CUS008517,Not Churn,0.091,Low,Synthetic Churn Risk Model,1.0,2026-06-30
CHN008518,CUS008518,Not Churn,0.4227,Medium,Synthetic Churn Risk Model,1.0,2026-06-30
CHN008519,CUS008519,Not Churn,0.067,Low,Synthetic Churn Risk Model,1.0,2026-06-30
CHN008520,CUS008520,Not Churn,0.0424,Low,Synthetic Churn Risk Model,1.0,2026-06-30
CHN008521,CUS008521,Not Churn,0.0708,Low,Synthetic Churn Risk Model,1.0,2026-06-30
CHN008522,CUS008522,Not Churn,0.0371,Low,Synthetic Churn Risk Model,1.0,2026-06-30
CHN008523,CUS008523,Not Churn,0.0318,Low,Synthetic Churn Risk Model,1.0,2026-06-30
CHN008524,CUS008524,Not Churn,0.0951,Low,Synthetic Churn Risk Model,1.0,2026-06-30
CHN008525,CUS008525,Not Churn,0.0789,Low,Synthetic Churn Risk Model,1.0,2026-06-30
CHN008526,CUS008526,Not Churn,0.4201,Medium,Synthetic Churn Risk Model,1.0,2026-06-30
CHN008527,CUS008527,Not Churn,0.0885,Low,Synthetic Churn Risk Model,1.0,2026-06-30
CHN008528,CUS008528,Not Churn,0.054,Low,Synthetic Churn Risk Model,1.0,2026-06-30
CHN008529,CUS008529,Not Churn,0.0988,Low,Synthetic Churn Risk Model,1.0,2026-06-30
CHN008530,CUS008530,Not Churn,0.032,Low,Synthetic Churn Risk Model,1.0,2026-06-30
CHN008531,CUS008531,Not Churn,0.1786,Low,Synthetic Churn Risk Model,1.0,2026-06-30
CHN008532,CUS008532,Not Churn,0.075,Low,Synthetic Churn Risk Model,1.0,2026-06-30
CHN008533,CUS008533,Not Churn,0.4264,Medium,Synthetic Churn Risk Model,1.0,2026-06-30
CHN008534,CUS008534,Not Churn,0.043,Low,Synthetic Churn Risk Model,1.0,2026-06-30
CHN008535,CUS008535,Not Churn,0.0553,Low,Synthetic Churn Risk Model,1.0,2026-06-30
CHN008536,CUS008536,Not Churn,0.1073,Low,Synthetic Churn Risk Model,1.0,2026-06-30
CHN008537,CUS008537,Not Churn,0.3928,Medium,Synthetic Churn Risk Model,1.0,2026-06-30
CHN008538,CUS008538,Not Churn,0.1154,Low,Synthetic Churn Risk Model,1.0,2026-06-30
CHN008539,CUS008539,Not Churn,0.0383,Low,Synthetic Churn Risk Model,1.0,2026-06-30
CHN008540,CUS008540,Not Churn,0.431,Medium,Synthetic Churn Risk Model,1.0,2026-06-30
CHN008541,CUS008541,Not Churn,0.1291,Low,Synthetic Churn Risk Model,1.0,2026-06-30
CHN008542,CUS008542,Not Churn,0.4024,Medium,Synthetic Churn Risk Model,1.0,2026-06-30
CHN008543,CUS008543,Not Churn,0.4111,Medium,Synthetic Churn Risk Model,1.0,2026-06-30
CHN008544,CUS008544,Not Churn,0.0936,Low,Synthetic Churn Risk Model,1.0,2026-06-30
CHN008545,CUS008545,Not Churn,0.0469,Low,Synthetic Churn Risk Model,1.0,2026-06-30
CHN008546,CUS008546,Not Churn,0.2119,Low,Synthetic Churn Risk Model,1.0,2026-06-30
CHN008547,CUS008547,Not Churn,0.1362,Low,Synthetic Churn Risk Model,1.0,2026-06-30
CHN008548,CUS008548,Not Churn,0.0204,Low,Synthetic Churn Risk Model,1.0,2026-06-30
CHN008549,CUS008549,Not Churn,0.0265,Low,Synthetic Churn Risk Model,1.0,2026-06-30
CHN008550,CUS008550,Not Churn,0.4065,Medium,Synthetic Churn Risk Model,1.0,2026-06-30
CHN008551,CUS008551,Not Churn,0.1727,Low,Synthetic Churn Risk Model,1.0,2026-06-30
CHN008552,CUS008552,Not Churn,0.0948,Low,Synthetic Churn Risk Model,1.0,2026-06-30
CHN008553,CUS008553,Not Churn,0.1633,Low,Synthetic Churn Risk Model,1.0,2026-06-30
CHN008554,CUS008554,Not Churn,0.0833,Low,Synthetic Churn Risk Model,1.0,2026-06-30
CHN008555,CUS008555,Not Churn,0.0891,Low,Synthetic Churn Risk Model,1.0,2026-06-30
CHN008556,CUS008556,Not Churn,0.018,Low,Synthetic Churn Risk Model,1.0,2026-06-30
CHN008557,CUS008557,Not Churn,0.2138,Low,Synthetic Churn Risk Model,1.0,2026-06-30
CHN008558,CUS008558,Not Churn,0.4104,Medium,Synthetic Churn Risk Model,1.0,2026-06-30
CHN008559,CUS008559,Not Churn,0.4075,Medium,Synthetic Churn Risk Model,1.0,2026-06-30
CHN008560,CUS008560,Not Churn,0.423,Medium,Synthetic Churn Risk Model,1.0,2026-06-30
CHN008561,CUS008561,Not Churn,0.4309,Medium,Synthetic Churn Risk Model,1.0,2026-06-30
CHN008562,CUS008562,Not Churn,0.1529,Low,Synthetic Churn Risk Model,1.0,2026-06-30
CHN008563,CUS008563,Not Churn,0.1208,Low,Synthetic Churn Risk Model,1.0,2026-06-30
CHN008564,CUS008564,Not Churn,0.1032,Low,Synthetic Churn Risk Model,1.0,2026-06-30
CHN008565,CUS008565,Not Churn,0.2635,Low,Synthetic Churn Risk Model,1.0,2026-06-30
CHN008566,CUS008566,Not Churn,0.1575,Low,Synthetic Churn Risk Model,1.0,2026-06-30
CHN008567,CUS008567,Not Churn,0.4114,Medium,Synthetic Churn Risk Model,1.0,2026-06-30
CHN008568,CUS008568,Not Churn,0.1551,Low,Synthetic Churn Risk Model,1.0,2026-06-30
CHN008569,CUS008569,Not Churn,0.082,Low,Synthetic Churn Risk Model,1.0,2026-06-30
CHN008570,CUS008570,Not Churn,0.4341,Medium,Synthetic Churn Risk Model,1.0,2026-06-30
CHN008571,CUS008571,Not Churn,0.434,Medium,Synthetic Churn Risk Model,1.0,2026-06-30
CHN008572,CUS008572,Not Churn,0.4335,Medium,Synthetic Churn Risk Model,1.0,2026-06-30
CHN008573,CUS008573,Not Churn,0.4356,Medium,Synthetic Churn Risk Model,1.0,2026-06-30
CHN008574,CUS008574,Not Churn,0.084,Low,Synthetic Churn Risk Model,1.0,2026-06-30
CHN008575,CUS008575,Not Churn,0.2379,Low,Synthetic Churn Risk Model,1.0,2026-06-30
CHN008576,CUS008576,Not Churn,0.4098,Medium,Synthetic Churn Risk Model,1.0,2026-06-30
CHN008577,CUS008577,Not Churn,0.4244,Medium,Synthetic Churn Risk Model,1.0,2026-06-30
CHN008578,CUS008578,Not Churn,0.0462,Low,Synthetic Churn Risk Model,1.0,2026-06-30
CHN008579,CUS008579,Not Churn,0.0173,Low,Synthetic Churn Risk Model,1.0,2026-06-30
CHN008580,CUS008580,Not Churn,0.0488,Low,Synthetic Churn Risk Model,1.0,2026-06-30
CHN008581,CUS008581,Not Churn,0.1427,Low,Synthetic Churn Risk Model,1.0,2026-06-30
CHN008582,CUS008582,Not Churn,0.1108,Low,Synthetic Churn Risk Model,1.0,2026-06-30
CHN008583,CUS008583,Not Churn,0.034,Low,Synthetic Churn Risk Model,1.0,2026-06-30
CHN008584,CUS008584,Not Churn,0.2799,Low,Synthetic Churn Risk Model,1.0,2026-06-30
CHN008585,CUS008585,Not Churn,0.1189,Low,Synthetic Churn Risk Model,1.0,2026-06-30
CHN008586,CUS008586,Not Churn,0.0823,Low,Synthetic Churn Risk Model,1.0,2026-06-30
CHN008587,CUS008587,Not Churn,0.0908,Low,Synthetic Churn Risk Model,1.0,2026-06-30
CHN008588,CUS008588,Not Churn,0.4087,Medium,Synthetic Churn Risk Model,1.0,2026-06-30
CHN008589,CUS008589,Not Churn,0.4122,Medium,Synthetic Churn Risk Model,1.0,2026-06-30
CHN008590,CUS008590,Not Churn,0.4389,Medium,Synthetic Churn Risk Model,1.0,2026-06-30
CHN008591,CUS008591,Not Churn,0.0699,Low,Synthetic Churn Risk Model,1.0,2026-06-30
CHN008592,CUS008592,Not Churn,0.4293,Medium,Synthetic Churn Risk Model,1.0,2026-06-30
CHN008593,CUS008593,Not Churn,0.4224,Medium,Synthetic Churn Risk Model,1.0,2026-06-30
CHN008594,CUS008594,Not Churn,0.0202,Low,Synthetic Churn Risk Model,1.0,2026-06-30
CHN008595,CUS008595,Not Churn,0.3341,Medium,Synthetic Churn Risk Model,1.0,2026-06-30
CHN008596,CUS008596,Not Churn,0.1471,Low,Synthetic Churn Risk Model,1.0,2026-06-30
CHN008597,CUS008597,Not Churn,0.0354,Low,Synthetic Churn Risk Model,1.0,2026-06-30
CHN008598,CUS008598,Not Churn,0.0791,Low,Synthetic Churn Risk Model,1.0,2026-06-30
CHN008599,CUS008599,Not Churn,0.0673,Low,Synthetic Churn Risk Model,1.0,2026-06-30
CHN008600,CUS008600,Not Churn,0.0572,Low,Synthetic Churn Risk Model,1.0,2026-06-30
CHN008601,CUS008601,Not Churn,0.4135,Medium,Synthetic Churn Risk Model,1.0,2026-06-30
CHN008602,CUS008602,Not Churn,0.4089,Medium,Synthetic Churn Risk Model,1.0,2026-06-30
CHN008603,CUS008603,Not Churn,0.1714,Low,Synthetic Churn Risk Model,1.0,2026-06-30
CHN008604,CUS008604,Not Churn,0.0274,Low,Synthetic Churn Risk Model,1.0,2026-06-30
CHN008605,CUS008605,Not Churn,0.2622,Low,Synthetic Churn Risk Model,1.0,2026-06-30
CHN008606,CUS008606,Not Churn,0.1554,Low,Synthetic Churn Risk Model,1.0,2026-06-30
CHN008607,CUS008607,Not Churn,0.109,Low,Synthetic Churn Risk Model,1.0,2026-06-30
CHN008608,CUS008608,Not Churn,0.0269,Low,Synthetic Churn Risk Model,1.0,2026-06-30
CHN008609,CUS008609,Not Churn,0.4231,Medium,Synthetic Churn Risk Model,1.0,2026-06-30
CHN008610,CUS008610,Not Churn,0.0129,Low,Synthetic Churn Risk Model,1.0,2026-06-30
CHN008611,CUS008611,Not Churn,0.0468,Low,Synthetic Churn Risk Model,1.0,2026-06-30
CHN008612,CUS008612,Not Churn,0.2144,Low,Synthetic Churn Risk Model,1.0,2026-06-30
CHN008613,CUS008613,Not Churn,0.1059,Low,Synthetic Churn Risk Model,1.0,2026-06-30
CHN008614,CUS008614,Not Churn,0.0343,Low,Synthetic Churn Risk Model,1.0,2026-06-30
CHN008615,CUS008615,Not Churn,0.0746,Low,Synthetic Churn Risk Model,1.0,2026-06-30
CHN008616,CUS008616,Not Churn,0.0621,Low,Synthetic Churn Risk Model,1.0,2026-06-30
CHN008617,CUS008617,Not Churn,0.1093,Low,Synthetic Churn Risk Model,1.0,2026-06-30
CHN008618,CUS008618,Not Churn,0.4196,Medium,Synthetic Churn Risk Model,1.0,2026-06-30
CHN008619,CUS008619,Not Churn,0.0579,Low,Synthetic Churn Risk Model,1.0,2026-06-30
CHN008620,CUS008620,Not Churn,0.4092,Medium,Synthetic Churn Risk Model,1.0,2026-06-30
CHN008621,CUS008621,Not Churn,0.1339,Low,Synthetic Churn Risk Model,1.0,2026-06-30
CHN008622,CUS008622,Not Churn,0.1036,Low,Synthetic Churn Risk Model,1.0,2026-06-30
CHN008623,CUS008623,Not Churn,0.2358,Low,Synthetic Churn Risk Model,1.0,2026-06-30
CHN008624,CUS008624,Not Churn,0.0387,Low,Synthetic Churn Risk Model,1.0,2026-06-30
CHN008625,CUS008625,Not Churn,0.0482,Low,Synthetic Churn Risk Model,1.0,2026-06-30
CHN008626,CUS008626,Not Churn,0.0309,Low,Synthetic Churn Risk Model,1.0,2026-06-30
CHN008627,CUS008627,Not Churn,0.2306,Low,Synthetic Churn Risk Model,1.0,2026-06-30
CHN008628,CUS008628,Not Churn,0.1484,Low,Synthetic Churn Risk Model,1.0,2026-06-30
CHN008629,CUS008629,Not Churn,0.1789,Low,Synthetic Churn Risk Model,1.0,2026-06-30
CHN008630,CUS008630,Not Churn,0.1242,Low,Synthetic Churn Risk Model,1.0,2026-06-30
CHN008631,CUS008631,Not Churn,0.0896,Low,Synthetic Churn Risk Model,1.0,2026-06-30
CHN008632,CUS008632,Not Churn,0.1993,Low,Synthetic Churn Risk Model,1.0,2026-06-30
CHN008633,CUS008633,Not Churn,0.0664,Low,Synthetic Churn Risk Model,1.0,2026-06-30
CHN008634,CUS008634,Not Churn,0.1039,Low,Synthetic Churn Risk Model,1.0,2026-06-30
CHN008635,CUS008635,Not Churn,0.0177,Low,Synthetic Churn Risk Model,1.0,2026-06-30
CHN008636,CUS008636,Not Churn,0.0523,Low,Synthetic Churn Risk Model,1.0,2026-06-30
CHN008637,CUS008637,Not Churn,0.064,Low,Synthetic Churn Risk Model,1.0,2026-06-30
CHN008638,CUS008638,Not Churn,0.0674,Low,Synthetic Churn Risk Model,1.0,2026-06-30
CHN008639,CUS008639,Not Churn,0.402,Medium,Synthetic Churn Risk Model,1.0,2026-06-30
CHN008640,CUS008640,Not Churn,0.0361,Low,Synthetic Churn Risk Model,1.0,2026-06-30
CHN008641,CUS008641,Not Churn,0.0841,Low,Synthetic Churn Risk Model,1.0,2026-06-30
CHN008642,CUS008642,Not Churn,0.1397,Low,Synthetic Churn Risk Model,1.0,2026-06-30
CHN008643,CUS008643,Not Churn,0.4187,Medium,Synthetic Churn Risk Model,1.0,2026-06-30
CHN008644,CUS008644,Not Churn,0.1848,Low,Synthetic Churn Risk Model,1.0,2026-06-30
CHN008645,CUS008645,Not Churn,0.0417,Low,Synthetic Churn Risk Model,1.0,2026-06-30
CHN008646,CUS008646,Not Churn,0.0498,Low,Synthetic Churn Risk Model,1.0,2026-06-30
CHN008647,CUS008647,Not Churn,0.0587,Low,Synthetic Churn Risk Model,1.0,2026-06-30
CHN008648,CUS008648,Not Churn,0.0895,Low,Synthetic Churn Risk Model,1.0,2026-06-30
CHN008649,CUS008649,Not Churn,0.4066,Medium,Synthetic Churn Risk Model,1.0,2026-06-30
CHN008650,CUS008650,Not Churn,0.2218,Low,Synthetic Churn Risk Model,1.0,2026-06-30
CHN008651,CUS008651,Not Churn,0.0226,Low,Synthetic Churn Risk Model,1.0,2026-06-30
CHN008652,CUS008652,Not Churn,0.0641,Low,Synthetic Churn Risk Model,1.0,2026-06-30
CHN008653,CUS008653,Not Churn,0.0141,Low,Synthetic Churn Risk Model,1.0,2026-06-30
CHN008654,CUS008654,Not Churn,0.0841,Low,Synthetic Churn Risk Model,1.0,2026-06-30
CHN008655,CUS008655,Not Churn,0.0273,Low,Synthetic Churn Risk Model,1.0,2026-06-30
CHN008656,CUS008656,Not Churn,0.1288,Low,Synthetic Churn Risk Model,1.0,2026-06-30
CHN008657,CUS008657,Not Churn,0.0328,Low,Synthetic Churn Risk Model,1.0,2026-06-30
CHN008658,CUS008658,Not Churn,0.539,Medium,Synthetic Churn Risk Model,1.0,2026-06-30
CHN008659,CUS008659,Not Churn,0.2757,Low,Synthetic Churn Risk Model,1.0,2026-06-30
CHN008660,CUS008660,Not Churn,0.2475,Low,Synthetic Churn Risk Model,1.0,2026-06-30
CHN008661,CUS008661,Not Churn,0.0432,Low,Synthetic Churn Risk Model,1.0,2026-06-30
CHN008662,CUS008662,Not Churn,0.0257,Low,Synthetic Churn Risk Model,1.0,2026-06-30
CHN008663,CUS008663,Not Churn,0.0324,Low,Synthetic Churn Risk Model,1.0,2026-06-30
CHN008664,CUS008664,Not Churn,0.4153,Medium,Synthetic Churn Risk Model,1.0,2026-06-30
CHN008665,CUS008665,Not Churn,0.1298,Low,Synthetic Churn Risk Model,1.0,2026-06-30
CHN008666,CUS008666,Not Churn,0.4082,Medium,Synthetic Churn Risk Model,1.0,2026-06-30
CHN008667,CUS008667,Not Churn,0.1387,Low,Synthetic Churn Risk Model,1.0,2026-06-30
CHN008668,CUS008668,Not Churn,0.1608,Low,Synthetic Churn Risk Model,1.0,2026-06-30
CHN008669,CUS008669,Not Churn,0.0571,Low,Synthetic Churn Risk Model,1.0,2026-06-30
CHN008670,CUS008670,Not Churn,0.0237,Low,Synthetic Churn Risk Model,1.0,2026-06-30
CHN008671,CUS008671,Not Churn,0.0896,Low,Synthetic Churn Risk Model,1.0,2026-06-30
CHN008672,CUS008672,Not Churn,0.0776,Low,Synthetic Churn Risk Model,1.0,2026-06-30
CHN008673,CUS008673,Not Churn,0.362,Medium,Synthetic Churn Risk Model,1.0,2026-06-30
CHN008674,CUS008674,Not Churn,0.4346,Medium,Synthetic Churn Risk Model,1.0,2026-06-30
CHN008675,CUS008675,Not Churn,0.4123,Medium,Synthetic Churn Risk Model,1.0,2026-06-30
CHN008676,CUS008676,Not Churn,0.0509,Low,Synthetic Churn Risk Model,1.0,2026-06-30
CHN008677,CUS008677,Not Churn,0.3503,Medium,Synthetic Churn Risk Model,1.0,2026-06-30
CHN008678,CUS008678,Not Churn,0.2429,Low,Synthetic Churn Risk Model,1.0,2026-06-30
CHN008679,CUS008679,Not Churn,0.444,Medium,Synthetic Churn Risk Model,1.0,2026-06-30
CHN008680,CUS008680,Not Churn,0.2249,Low,Synthetic Churn Risk Model,1.0,2026-06-30
CHN008681,CUS008681,Not Churn,0.4341,Medium,Synthetic Churn Risk Model,1.0,2026-06-30
CHN008682,CUS008682,Not Churn,0.2813,Low,Synthetic Churn Risk Model,1.0,2026-06-30
CHN008683,CUS008683,Not Churn,0.4368,Medium,Synthetic Churn Risk Model,1.0,2026-06-30
CHN008684,CUS008684,Not Churn,0.0653,Low,Synthetic Churn Risk Model,1.0,2026-06-30
CHN008685,CUS008685,Not Churn,0.1121,Low,Synthetic Churn Risk Model,1.0,2026-06-30
CHN008686,CUS008686,Not Churn,0.4183,Medium,Synthetic Churn Risk Model,1.0,2026-06-30
CHN008687,CUS008687,Not Churn,0.0741,Low,Synthetic Churn Risk Model,1.0,2026-06-30
CHN008688,CUS008688,Not Churn,0.0233,Low,Synthetic Churn Risk Model,1.0,2026-06-30
CHN008689,CUS008689,Not Churn,0.0373,Low,Synthetic Churn Risk Model,1.0,2026-06-30
CHN008690,CUS008690,Not Churn,0.0268,Low,Synthetic Churn Risk Model,1.0,2026-06-30
CHN008691,CUS008691,Not Churn,0.4327,Medium,Synthetic Churn Risk Model,1.0,2026-06-30
CHN008692,CUS008692,Not Churn,0.0977,Low,Synthetic Churn Risk Model,1.0,2026-06-30
CHN008693,CUS008693,Not Churn,0.0399,Low,Synthetic Churn Risk Model,1.0,2026-06-30
CHN008694,CUS008694,Not Churn,0.064,Low,Synthetic Churn Risk Model,1.0,2026-06-30
CHN008695,CUS008695,Not Churn,0.0571,Low,Synthetic Churn Risk Model,1.0,2026-06-30
CHN008696,CUS008696,Not Churn,0.2048,Low,Synthetic Churn Risk Model,1.0,2026-06-30
CHN008697,CUS008697,Not Churn,0.3425,Medium,Synthetic Churn Risk Model,1.0,2026-06-30
CHN008698,CUS008698,Not Churn,0.1208,Low,Synthetic Churn Risk Model,1.0,2026-06-30
CHN008699,CUS008699,Not Churn,0.3082,Medium,Synthetic Churn Risk Model,1.0,2026-06-30
CHN008700,CUS008700,Not Churn,0.0408,Low,Synthetic Churn Risk Model,1.0,2026-06-30
CHN008701,CUS008701,Not Churn,0.1662,Low,Synthetic Churn Risk Model,1.0,2026-06-30
CHN008702,CUS008702,Not Churn,0.4153,Medium,Synthetic Churn Risk Model,1.0,2026-06-30
CHN008703,CUS008703,Not Churn,0.0372,Low,Synthetic Churn Risk Model,1.0,2026-06-30
CHN008704,CUS008704,Not Churn,0.0989,Low,Synthetic Churn Risk Model,1.0,2026-06-30
CHN008705,CUS008705,Not Churn,0.1194,Low,Synthetic Churn Risk Model,1.0,2026-06-30
CHN008706,CUS008706,Not Churn,0.0253,Low,Synthetic Churn Risk Model,1.0,2026-06-30
CHN008707,CUS008707,Not Churn,0.0576,Low,Synthetic Churn Risk Model,1.0,2026-06-30
CHN008708,CUS008708,Not Churn,0.0448,Low,Synthetic Churn Risk Model,1.0,2026-06-30
CHN008709,CUS008709,Not Churn,0.0778,Low,Synthetic Churn Risk Model,1.0,2026-06-30
CHN008710,CUS008710,Not Churn,0.0267,Low,Synthetic Churn Risk Model,1.0,2026-06-30
CHN008711,CUS008711,Not Churn,0.0343,Low,Synthetic Churn Risk Model,1.0,2026-06-30
CHN008712,CUS008712,Not Churn,0.4063,Medium,Synthetic Churn Risk Model,1.0,2026-06-30
CHN008713,CUS008713,Not Churn,0.2093,Low,Synthetic Churn Risk Model,1.0,2026-06-30
CHN008714,CUS008714,Not Churn,0.0104,Low,Synthetic Churn Risk Model,1.0,2026-06-30
CHN008715,CUS008715,Not Churn,0.4173,Medium,Synthetic Churn Risk Model,1.0,2026-06-30
CHN008716,CUS008716,Not Churn,0.169,Low,Synthetic Churn Risk Model,1.0,2026-06-30
CHN008717,CUS008717,Not Churn,0.0689,Low,Synthetic Churn Risk Model,1.0,2026-06-30
CHN008718,CUS008718,Not Churn,0.0588,Low,Synthetic Churn Risk Model,1.0,2026-06-30
CHN008719,CUS008719,Not Churn,0.0322,Low,Synthetic Churn Risk Model,1.0,2026-06-30
CHN008720,CUS008720,Not Churn,0.0313,Low,Synthetic Churn Risk Model,1.0,2026-06-30
CHN008721,CUS008721,Not Churn,0.1801,Low,Synthetic Churn Risk Model,1.0,2026-06-30
CHN008722,CUS008722,Not Churn,0.0087,Low,Synthetic Churn Risk Model,1.0,2026-06-30
CHN008723,CUS008723,Not Churn,0.105,Low,Synthetic Churn Risk Model,1.0,2026-06-30
CHN008724,CUS008724,Not Churn,0.0354,Low,Synthetic Churn Risk Model,1.0,2026-06-30
CHN008725,CUS008725,Not Churn,0.3696,Medium,Synthetic Churn Risk Model,1.0,2026-06-30
CHN008726,CUS008726,Not Churn,0.0939,Low,Synthetic Churn Risk Model,1.0,2026-06-30
CHN008727,CUS008727,Not Churn,0.0398,Low,Synthetic Churn Risk Model,1.0,2026-06-30
CHN008728,CUS008728,Not Churn,0.0772,Low,Synthetic Churn Risk Model,1.0,2026-06-30
CHN008729,CUS008729,Not Churn,0.3989,Medium,Synthetic Churn Risk Model,1.0,2026-06-30
CHN008730,CUS008730,Not Churn,0.0516,Low,Synthetic Churn Risk Model,1.0,2026-06-30
CHN008731,CUS008731,Not Churn,0.0466,Low,Synthetic Churn Risk Model,1.0,2026-06-30
CHN008732,CUS008732,Not Churn,0.1594,Low,Synthetic Churn Risk Model,1.0,2026-06-30
CHN008733,CUS008733,Not Churn,0.4382,Medium,Synthetic Churn Risk Model,1.0,2026-06-30
CHN008734,CUS008734,Not Churn,0.067,Low,Synthetic Churn Risk Model,1.0,2026-06-30
CHN008735,CUS008735,Not Churn,0.0465,Low,Synthetic Churn Risk Model,1.0,2026-06-30
CHN008736,CUS008736,Not Churn,0.0569,Low,Synthetic Churn Risk Model,1.0,2026-06-30
CHN008737,CUS008737,Not Churn,0.5004,Medium,Synthetic Churn Risk Model,1.0,2026-06-30
CHN008738,CUS008738,Not Churn,0.0478,Low,Synthetic Churn Risk Model,1.0,2026-06-30
CHN008739,CUS008739,Not Churn,0.0294,Low,Synthetic Churn Risk Model,1.0,2026-06-30
CHN008740,CUS008740,Not Churn,0.055,Low,Synthetic Churn Risk Model,1.0,2026-06-30
CHN008741,CUS008741,Not Churn,0.4204,Medium,Synthetic Churn Risk Model,1.0,2026-06-30
CHN008742,CUS008742,Not Churn,0.0696,Low,Synthetic Churn Risk Model,1.0,2026-06-30
CHN008743,CUS008743,Not Churn,0.4126,Medium,Synthetic Churn Risk Model,1.0,2026-06-30
CHN008744,CUS008744,Not Churn,0.0741,Low,Synthetic Churn Risk Model,1.0,2026-06-30
CHN008745,CUS008745,Not Churn,0.1867,Low,Synthetic Churn Risk Model,1.0,2026-06-30
CHN008746,CUS008746,Not Churn,0.4113,Medium,Synthetic Churn Risk Model,1.0,2026-06-30
CHN008747,CUS008747,Not Churn,0.069,Low,Synthetic Churn Risk Model,1.0,2026-06-30
CHN008748,CUS008748,Not Churn,0.329,Medium,Synthetic Churn Risk Model,1.0,2026-06-30
CHN008749,CUS008749,Not Churn,0.0293,Low,Synthetic Churn Risk Model,1.0,2026-06-30
CHN008750,CUS008750,Not Churn,0.106,Low,Synthetic Churn Risk Model,1.0,2026-06-30
CHN008751,CUS008751,Not Churn,0.0702,Low,Synthetic Churn Risk Model,1.0,2026-06-30
CHN008752,CUS008752,Not Churn,0.4125,Medium,Synthetic Churn Risk Model,1.0,2026-06-30
CHN008753,CUS008753,Not Churn,0.4361,Medium,Synthetic Churn Risk Model,1.0,2026-06-30
CHN008754,CUS008754,Not Churn,0.4076,Medium,Synthetic Churn Risk Model,1.0,2026-06-30
CHN008755,CUS008755,Not Churn,0.1523,Low,Synthetic Churn Risk Model,1.0,2026-06-30
CHN008756,CUS008756,Not Churn,0.0505,Low,Synthetic Churn Risk Model,1.0,2026-06-30
CHN008757,CUS008757,Not Churn,0.0741,Low,Synthetic Churn Risk Model,1.0,2026-06-30
CHN008758,CUS008758,Churn,0.8148,High,Synthetic Churn Risk Model,1.0,2026-06-30
CHN008759,CUS008759,Not Churn,0.0468,Low,Synthetic Churn Risk Model,1.0,2026-06-30
CHN008760,CUS008760,Not Churn,0.0408,Low,Synthetic Churn Risk Model,1.0,2026-06-30
CHN008761,CUS008761,Not Churn,0.0575,Low,Synthetic Churn Risk Model,1.0,2026-06-30
CHN008762,CUS008762,Not Churn,0.1415,Low,Synthetic Churn Risk Model,1.0,2026-06-30
CHN008763,CUS008763,Not Churn,0.1652,Low,Synthetic Churn Risk Model,1.0,2026-06-30
CHN008764,CUS008764,Not Churn,0.0674,Low,Synthetic Churn Risk Model,1.0,2026-06-30
CHN008765,CUS008765,Not Churn,0.4153,Medium,Synthetic Churn Risk Model,1.0,2026-06-30
CHN008766,CUS008766,Not Churn,0.044,Low,Synthetic Churn Risk Model,1.0,2026-06-30
CHN008767,CUS008767,Not Churn,0.0532,Low,Synthetic Churn Risk Model,1.0,2026-06-30
CHN008768,CUS008768,Not Churn,0.019,Low,Synthetic Churn Risk Model,1.0,2026-06-30
CHN008769,CUS008769,Not Churn,0.1106,Low,Synthetic Churn Risk Model,1.0,2026-06-30
CHN008770,CUS008770,Not Churn,0.4139,Medium,Synthetic Churn Risk Model,1.0,2026-06-30
CHN008771,CUS008771,Not Churn,0.0473,Low,Synthetic Churn Risk Model,1.0,2026-06-30
CHN008772,CUS008772,Not Churn,0.0653,Low,Synthetic Churn Risk Model,1.0,2026-06-30
CHN008773,CUS008773,Not Churn,0.0598,Low,Synthetic Churn Risk Model,1.0,2026-06-30
CHN008774,CUS008774,Not Churn,0.4993,Medium,Synthetic Churn Risk Model,1.0,2026-06-30
CHN008775,CUS008775,Not Churn,0.088,Low,Synthetic Churn Risk Model,1.0,2026-06-30
CHN008776,CUS008776,Not Churn,0.4236,Medium,Synthetic Churn Risk Model,1.0,2026-06-30
CHN008777,CUS008777,Not Churn,0.0306,Low,Synthetic Churn Risk Model,1.0,2026-06-30
CHN008778,CUS008778,Not Churn,0.3969,Medium,Synthetic Churn Risk Model,1.0,2026-06-30
CHN008779,CUS008779,Not Churn,0.2374,Low,Synthetic Churn Risk Model,1.0,2026-06-30
CHN008780,CUS008780,Not Churn,0.0939,Low,Synthetic Churn Risk Model,1.0,2026-06-30
CHN008781,CUS008781,Not Churn,0.0756,Low,Synthetic Churn Risk Model,1.0,2026-06-30
CHN008782,CUS008782,Not Churn,0.0348,Low,Synthetic Churn Risk Model,1.0,2026-06-30
CHN008783,CUS008783,Not Churn,0.2019,Low,Synthetic Churn Risk Model,1.0,2026-06-30
CHN008784,CUS008784,Not Churn,0.2758,Low,Synthetic Churn Risk Model,1.0,2026-06-30
CHN008785,CUS008785,Not Churn,0.0655,Low,Synthetic Churn Risk Model,1.0,2026-06-30
CHN008786,CUS008786,Not Churn,0.121,Low,Synthetic Churn Risk Model,1.0,2026-06-30
CHN008787,CUS008787,Not Churn,0.4052,Medium,Synthetic Churn Risk Model,1.0,2026-06-30
CHN008788,CUS008788,Not Churn,0.1003,Low,Synthetic Churn Risk Model,1.0,2026-06-30
CHN008789,CUS008789,Not Churn,0.0675,Low,Synthetic Churn Risk Model,1.0,2026-06-30
CHN008790,CUS008790,Not Churn,0.0732,Low,Synthetic Churn Risk Model,1.0,2026-06-30
CHN008791,CUS008791,Not Churn,0.2805,Low,Synthetic Churn Risk Model,1.0,2026-06-30
CHN008792,CUS008792,Not Churn,0.1253,Low,Synthetic Churn Risk Model,1.0,2026-06-30
CHN008793,CUS008793,Not Churn,0.0521,Low,Synthetic Churn Risk Model,1.0,2026-06-30
CHN008794,CUS008794,Not Churn,0.0817,Low,Synthetic Churn Risk Model,1.0,2026-06-30
CHN008795,CUS008795,Not Churn,0.1147,Low,Synthetic Churn Risk Model,1.0,2026-06-30
CHN008796,CUS008796,Not Churn,0.0419,Low,Synthetic Churn Risk Model,1.0,2026-06-30
CHN008797,CUS008797,Not Churn,0.0458,Low,Synthetic Churn Risk Model,1.0,2026-06-30
CHN008798,CUS008798,Not Churn,0.0578,Low,Synthetic Churn Risk Model,1.0,2026-06-30
CHN008799,CUS008799,Not Churn,0.0415,Low,Synthetic Churn Risk Model,1.0,2026-06-30
CHN008800,CUS008800,Not Churn,0.082,Low,Synthetic Churn Risk Model,1.0,2026-06-30
CHN008801,CUS008801,Not Churn,0.259,Low,Synthetic Churn Risk Model,1.0,2026-06-30
CHN008802,CUS008802,Not Churn,0.0296,Low,Synthetic Churn Risk Model,1.0,2026-06-30
CHN008803,CUS008803,Not Churn,0.1813,Low,Synthetic Churn Risk Model,1.0,2026-06-30
CHN008804,CUS008804,Not Churn,0.1369,Low,Synthetic Churn Risk Model,1.0,2026-06-30
CHN008805,CUS008805,Not Churn,0.4259,Medium,Synthetic Churn Risk Model,1.0,2026-06-30
CHN008806,CUS008806,Not Churn,0.3989,Medium,Synthetic Churn Risk Model,1.0,2026-06-30
CHN008807,CUS008807,Not Churn,0.0964,Low,Synthetic Churn Risk Model,1.0,2026-06-30
CHN008808,CUS008808,Not Churn,0.0354,Low,Synthetic Churn Risk Model,1.0,2026-06-30
CHN008809,CUS008809,Not Churn,0.4048,Medium,Synthetic Churn Risk Model,1.0,2026-06-30
CHN008810,CUS008810,Not Churn,0.1953,Low,Synthetic Churn Risk Model,1.0,2026-06-30
CHN008811,CUS008811,Not Churn,0.1069,Low,Synthetic Churn Risk Model,1.0,2026-06-30
CHN008812,CUS008812,Not Churn,0.4549,Medium,Synthetic Churn Risk Model,1.0,2026-06-30
CHN008813,CUS008813,Not Churn,0.2139,Low,Synthetic Churn Risk Model,1.0,2026-06-30
CHN008814,CUS008814,Not Churn,0.4131,Medium,Synthetic Churn Risk Model,1.0,2026-06-30
CHN008815,CUS008815,Not Churn,0.1678,Low,Synthetic Churn Risk Model,1.0,2026-06-30
CHN008816,CUS008816,Not Churn,0.4206,Medium,Synthetic Churn Risk Model,1.0,2026-06-30
CHN008817,CUS008817,Not Churn,0.0597,Low,Synthetic Churn Risk Model,1.0,2026-06-30
CHN008818,CUS008818,Not Churn,0.1378,Low,Synthetic Churn Risk Model,1.0,2026-06-30
CHN008819,CUS008819,Not Churn,0.0667,Low,Synthetic Churn Risk Model,1.0,2026-06-30
CHN008820,CUS008820,Not Churn,0.0742,Low,Synthetic Churn Risk Model,1.0,2026-06-30
CHN008821,CUS008821,Not Churn,0.3178,Medium,Synthetic Churn Risk Model,1.0,2026-06-30
CHN008822,CUS008822,Not Churn,0.4108,Medium,Synthetic Churn Risk Model,1.0,2026-06-30
CHN008823,CUS008823,Not Churn,0.4391,Medium,Synthetic Churn Risk Model,1.0,2026-06-30
CHN008824,CUS008824,Not Churn,0.1595,Low,Synthetic Churn Risk Model,1.0,2026-06-30
CHN008825,CUS008825,Not Churn,0.258,Low,Synthetic Churn Risk Model,1.0,2026-06-30
CHN008826,CUS008826,Not Churn,0.2183,Low,Synthetic Churn Risk Model,1.0,2026-06-30
CHN008827,CUS008827,Not Churn,0.1469,Low,Synthetic Churn Risk Model,1.0,2026-06-30
CHN008828,CUS008828,Not Churn,0.4577,Medium,Synthetic Churn Risk Model,1.0,2026-06-30
CHN008829,CUS008829,Not Churn,0.0796,Low,Synthetic Churn Risk Model,1.0,2026-06-30
CHN008830,CUS008830,Not Churn,0.4115,Medium,Synthetic Churn Risk Model,1.0,2026-06-30
CHN008831,CUS008831,Not Churn,0.1799,Low,Synthetic Churn Risk Model,1.0,2026-06-30
CHN008832,CUS008832,Not Churn,0.0529,Low,Synthetic Churn Risk Model,1.0,2026-06-30
CHN008833,CUS008833,Not Churn,0.405,Medium,Synthetic Churn Risk Model,1.0,2026-06-30
CHN008834,CUS008834,Not Churn,0.0511,Low,Synthetic Churn Risk Model,1.0,2026-06-30
CHN008835,CUS008835,Not Churn,0.0899,Low,Synthetic Churn Risk Model,1.0,2026-06-30
CHN008836,CUS008836,Not Churn,0.1055,Low,Synthetic Churn Risk Model,1.0,2026-06-30
CHN008837,CUS008837,Not Churn,0.4147,Medium,Synthetic Churn Risk Model,1.0,2026-06-30
CHN008838,CUS008838,Not Churn,0.0922,Low,Synthetic Churn Risk Model,1.0,2026-06-30
CHN008839,CUS008839,Not Churn,0.1518,Low,Synthetic Churn Risk Model,1.0,2026-06-30
CHN008840,CUS008840,Not Churn,0.4083,Medium,Synthetic Churn Risk Model,1.0,2026-06-30
CHN008841,CUS008841,Not Churn,0.1192,Low,Synthetic Churn Risk Model,1.0,2026-06-30
CHN008842,CUS008842,Not Churn,0.0876,Low,Synthetic Churn Risk Model,1.0,2026-06-30
CHN008843,CUS008843,Not Churn,0.0477,Low,Synthetic Churn Risk Model,1.0,2026-06-30
CHN008844,CUS008844,Not Churn,0.0656,Low,Synthetic Churn Risk Model,1.0,2026-06-30
CHN008845,CUS008845,Not Churn,0.0478,Low,Synthetic Churn Risk Model,1.0,2026-06-30
CHN008846,CUS008846,Not Churn,0.0499,Low,Synthetic Churn Risk Model,1.0,2026-06-30
CHN008847,CUS008847,Not Churn,0.062,Low,Synthetic Churn Risk Model,1.0,2026-06-30
CHN008848,CUS008848,Not Churn,0.0555,Low,Synthetic Churn Risk Model,1.0,2026-06-30
CHN008849,CUS008849,Not Churn,0.0355,Low,Synthetic Churn Risk Model,1.0,2026-06-30
CHN008850,CUS008850,Not Churn,0.1365,Low,Synthetic Churn Risk Model,1.0,2026-06-30
CHN008851,CUS008851,Not Churn,0.1499,Low,Synthetic Churn Risk Model,1.0,2026-06-30
CHN008852,CUS008852,Not Churn,0.0743,Low,Synthetic Churn Risk Model,1.0,2026-06-30
CHN008853,CUS008853,Not Churn,0.3985,Medium,Synthetic Churn Risk Model,1.0,2026-06-30
CHN008854,CUS008854,Not Churn,0.4176,Medium,Synthetic Churn Risk Model,1.0,2026-06-30
CHN008855,CUS008855,Not Churn,0.4583,Medium,Synthetic Churn Risk Model,1.0,2026-06-30
CHN008856,CUS008856,Not Churn,0.1834,Low,Synthetic Churn Risk Model,1.0,2026-06-30
CHN008857,CUS008857,Not Churn,0.1133,Low,Synthetic Churn Risk Model,1.0,2026-06-30
CHN008858,CUS008858,Not Churn,0.0369,Low,Synthetic Churn Risk Model,1.0,2026-06-30
CHN008859,CUS008859,Not Churn,0.0811,Low,Synthetic Churn Risk Model,1.0,2026-06-30
CHN008860,CUS008860,Not Churn,0.3048,Medium,Synthetic Churn Risk Model,1.0,2026-06-30
CHN008861,CUS008861,Not Churn,0.0432,Low,Synthetic Churn Risk Model,1.0,2026-06-30
CHN008862,CUS008862,Not Churn,0.0417,Low,Synthetic Churn Risk Model,1.0,2026-06-30
CHN008863,CUS008863,Not Churn,0.0533,Low,Synthetic Churn Risk Model,1.0,2026-06-30
CHN008864,CUS008864,Not Churn,0.0391,Low,Synthetic Churn Risk Model,1.0,2026-06-30
CHN008865,CUS008865,Not Churn,0.2998,Low,Synthetic Churn Risk Model,1.0,2026-06-30
CHN008866,CUS008866,Not Churn,0.4261,Medium,Synthetic Churn Risk Model,1.0,2026-06-30
CHN008867,CUS008867,Not Churn,0.0089,Low,Synthetic Churn Risk Model,1.0,2026-06-30
CHN008868,CUS008868,Not Churn,0.1234,Low,Synthetic Churn Risk Model,1.0,2026-06-30
CHN008869,CUS008869,Not Churn,0.0837,Low,Synthetic Churn Risk Model,1.0,2026-06-30
CHN008870,CUS008870,Not Churn,0.2043,Low,Synthetic Churn Risk Model,1.0,2026-06-30
CHN008871,CUS008871,Not Churn,0.2989,Low,Synthetic Churn Risk Model,1.0,2026-06-30
CHN008872,CUS008872,Not Churn,0.4198,Medium,Synthetic Churn Risk Model,1.0,2026-06-30
CHN008873,CUS008873,Not Churn,0.0463,Low,Synthetic Churn Risk Model,1.0,2026-06-30
CHN008874,CUS008874,Not Churn,0.0468,Low,Synthetic Churn Risk Model,1.0,2026-06-30
CHN008875,CUS008875,Not Churn,0.163,Low,Synthetic Churn Risk Model,1.0,2026-06-30
CHN008876,CUS008876,Not Churn,0.0319,Low,Synthetic Churn Risk Model,1.0,2026-06-30
CHN008877,CUS008877,Not Churn,0.0669,Low,Synthetic Churn Risk Model,1.0,2026-06-30
CHN008878,CUS008878,Not Churn,0.4404,Medium,Synthetic Churn Risk Model,1.0,2026-06-30
CHN008879,CUS008879,Not Churn,0.0595,Low,Synthetic Churn Risk Model,1.0,2026-06-30
CHN008880,CUS008880,Not Churn,0.0828,Low,Synthetic Churn Risk Model,1.0,2026-06-30
CHN008881,CUS008881,Not Churn,0.4264,Medium,Synthetic Churn Risk Model,1.0,2026-06-30
CHN008882,CUS008882,Not Churn,0.086,Low,Synthetic Churn Risk Model,1.0,2026-06-30
CHN008883,CUS008883,Not Churn,0.3052,Medium,Synthetic Churn Risk Model,1.0,2026-06-30
CHN008884,CUS008884,Not Churn,0.4335,Medium,Synthetic Churn Risk Model,1.0,2026-06-30
CHN008885,CUS008885,Not Churn,0.4399,Medium,Synthetic Churn Risk Model,1.0,2026-06-30
CHN008886,CUS008886,Not Churn,0.4174,Medium,Synthetic Churn Risk Model,1.0,2026-06-30
CHN008887,CUS008887,Not Churn,0.1651,Low,Synthetic Churn Risk Model,1.0,2026-06-30
CHN008888,CUS008888,Not Churn,0.1454,Low,Synthetic Churn Risk Model,1.0,2026-06-30
CHN008889,CUS008889,Not Churn,0.4198,Medium,Synthetic Churn Risk Model,1.0,2026-06-30
CHN008890,CUS008890,Not Churn,0.3906,Medium,Synthetic Churn Risk Model,1.0,2026-06-30
CHN008891,CUS008891,Not Churn,0.1394,Low,Synthetic Churn Risk Model,1.0,2026-06-30
CHN008892,CUS008892,Not Churn,0.1911,Low,Synthetic Churn Risk Model,1.0,2026-06-30
CHN008893,CUS008893,Not Churn,0.1494,Low,Synthetic Churn Risk Model,1.0,2026-06-30
CHN008894,CUS008894,Not Churn,0.2,Low,Synthetic Churn Risk Model,1.0,2026-06-30
CHN008895,CUS008895,Not Churn,0.0488,Low,Synthetic Churn Risk Model,1.0,2026-06-30
CHN008896,CUS008896,Not Churn,0.4072,Medium,Synthetic Churn Risk Model,1.0,2026-06-30
CHN008897,CUS008897,Not Churn,0.022,Low,Synthetic Churn Risk Model,1.0,2026-06-30
CHN008898,CUS008898,Not Churn,0.1309,Low,Synthetic Churn Risk Model,1.0,2026-06-30
CHN008899,CUS008899,Not Churn,0.0784,Low,Synthetic Churn Risk Model,1.0,2026-06-30
CHN008900,CUS008900,Not Churn,0.0932,Low,Synthetic Churn Risk Model,1.0,2026-06-30
CHN008901,CUS008901,Not Churn,0.1266,Low,Synthetic Churn Risk Model,1.0,2026-06-30
CHN008902,CUS008902,Not Churn,0.0289,Low,Synthetic Churn Risk Model,1.0,2026-06-30
CHN008903,CUS008903,Not Churn,0.21,Low,Synthetic Churn Risk Model,1.0,2026-06-30
CHN008904,CUS008904,Not Churn,0.0729,Low,Synthetic Churn Risk Model,1.0,2026-06-30
CHN008905,CUS008905,Not Churn,0.2468,Low,Synthetic Churn Risk Model,1.0,2026-06-30
CHN008906,CUS008906,Not Churn,0.1501,Low,Synthetic Churn Risk Model,1.0,2026-06-30
CHN008907,CUS008907,Not Churn,0.1026,Low,Synthetic Churn Risk Model,1.0,2026-06-30
CHN008908,CUS008908,Not Churn,0.0486,Low,Synthetic Churn Risk Model,1.0,2026-06-30
CHN008909,CUS008909,Not Churn,0.0551,Low,Synthetic Churn Risk Model,1.0,2026-06-30
CHN008910,CUS008910,Not Churn,0.0751,Low,Synthetic Churn Risk Model,1.0,2026-06-30
CHN008911,CUS008911,Not Churn,0.1033,Low,Synthetic Churn Risk Model,1.0,2026-06-30
CHN008912,CUS008912,Not Churn,0.5044,Medium,Synthetic Churn Risk Model,1.0,2026-06-30
CHN008913,CUS008913,Not Churn,0.0118,Low,Synthetic Churn Risk Model,1.0,2026-06-30
CHN008914,CUS008914,Not Churn,0.4053,Medium,Synthetic Churn Risk Model,1.0,2026-06-30
CHN008915,CUS008915,Not Churn,0.4199,Medium,Synthetic Churn Risk Model,1.0,2026-06-30
CHN008916,CUS008916,Not Churn,0.1695,Low,Synthetic Churn Risk Model,1.0,2026-06-30
CHN008917,CUS008917,Not Churn,0.1887,Low,Synthetic Churn Risk Model,1.0,2026-06-30
CHN008918,CUS008918,Not Churn,0.0438,Low,Synthetic Churn Risk Model,1.0,2026-06-30
CHN008919,CUS008919,Not Churn,0.0499,Low,Synthetic Churn Risk Model,1.0,2026-06-30
CHN008920,CUS008920,Not Churn,0.065,Low,Synthetic Churn Risk Model,1.0,2026-06-30
CHN008921,CUS008921,Not Churn,0.0796,Low,Synthetic Churn Risk Model,1.0,2026-06-30
CHN008922,CUS008922,Not Churn,0.0496,Low,Synthetic Churn Risk Model,1.0,2026-06-30
CHN008923,CUS008923,Not Churn,0.0787,Low,Synthetic Churn Risk Model,1.0,2026-06-30
CHN008924,CUS008924,Not Churn,0.0535,Low,Synthetic Churn Risk Model,1.0,2026-06-30
CHN008925,CUS008925,Not Churn,0.0464,Low,Synthetic Churn Risk Model,1.0,2026-06-30
CHN008926,CUS008926,Not Churn,0.4013,Medium,Synthetic Churn Risk Model,1.0,2026-06-30
CHN008927,CUS008927,Not Churn,0.114,Low,Synthetic Churn Risk Model,1.0,2026-06-30
CHN008928,CUS008928,Not Churn,0.1018,Low,Synthetic Churn Risk Model,1.0,2026-06-30
CHN008929,CUS008929,Not Churn,0.0214,Low,Synthetic Churn Risk Model,1.0,2026-06-30
CHN008930,CUS008930,Not Churn,0.0475,Low,Synthetic Churn Risk Model,1.0,2026-06-30
CHN008931,CUS008931,Not Churn,0.4267,Medium,Synthetic Churn Risk Model,1.0,2026-06-30
CHN008932,CUS008932,Not Churn,0.1101,Low,Synthetic Churn Risk Model,1.0,2026-06-30
CHN008933,CUS008933,Not Churn,0.2177,Low,Synthetic Churn Risk Model,1.0,2026-06-30
CHN008934,CUS008934,Not Churn,0.0403,Low,Synthetic Churn Risk Model,1.0,2026-06-30
CHN008935,CUS008935,Not Churn,0.2837,Low,Synthetic Churn Risk Model,1.0,2026-06-30
CHN008936,CUS008936,Not Churn,0.2318,Low,Synthetic Churn Risk Model,1.0,2026-06-30
CHN008937,CUS008937,Not Churn,0.3927,Medium,Synthetic Churn Risk Model,1.0,2026-06-30
CHN008938,CUS008938,Not Churn,0.4174,Medium,Synthetic Churn Risk Model,1.0,2026-06-30
CHN008939,CUS008939,Not Churn,0.4139,Medium,Synthetic Churn Risk Model,1.0,2026-06-30
CHN008940,CUS008940,Not Churn,0.1842,Low,Synthetic Churn Risk Model,1.0,2026-06-30
CHN008941,CUS008941,Not Churn,0.2288,Low,Synthetic Churn Risk Model,1.0,2026-06-30
CHN008942,CUS008942,Not Churn,0.4086,Medium,Synthetic Churn Risk Model,1.0,2026-06-30
CHN008943,CUS008943,Not Churn,0.408,Medium,Synthetic Churn Risk Model,1.0,2026-06-30
CHN008944,CUS008944,Not Churn,0.0597,Low,Synthetic Churn Risk Model,1.0,2026-06-30
CHN008945,CUS008945,Not Churn,0.104,Low,Synthetic Churn Risk Model,1.0,2026-06-30
CHN008946,CUS008946,Not Churn,0.0289,Low,Synthetic Churn Risk Model,1.0,2026-06-30
CHN008947,CUS008947,Not Churn,0.4039,Medium,Synthetic Churn Risk Model,1.0,2026-06-30
CHN008948,CUS008948,Not Churn,0.3906,Medium,Synthetic Churn Risk Model,1.0,2026-06-30
CHN008949,CUS008949,Not Churn,0.3981,Medium,Synthetic Churn Risk Model,1.0,2026-06-30
CHN008950,CUS008950,Not Churn,0.404,Medium,Synthetic Churn Risk Model,1.0,2026-06-30
CHN008951,CUS008951,Not Churn,0.4066,Medium,Synthetic Churn Risk Model,1.0,2026-06-30
CHN008952,CUS008952,Not Churn,0.0051,Low,Synthetic Churn Risk Model,1.0,2026-06-30
CHN008953,CUS008953,Not Churn,0.031,Low,Synthetic Churn Risk Model,1.0,2026-06-30
CHN008954,CUS008954,Not Churn,0.0311,Low,Synthetic Churn Risk Model,1.0,2026-06-30
CHN008955,CUS008955,Not Churn,0.0925,Low,Synthetic Churn Risk Model,1.0,2026-06-30
CHN008956,CUS008956,Not Churn,0.0298,Low,Synthetic Churn Risk Model,1.0,2026-06-30
CHN008957,CUS008957,Not Churn,0.0602,Low,Synthetic Churn Risk Model,1.0,2026-06-30
CHN008958,CUS008958,Not Churn,0.1112,Low,Synthetic Churn Risk Model,1.0,2026-06-30
CHN008959,CUS008959,Not Churn,0.0385,Low,Synthetic Churn Risk Model,1.0,2026-06-30
CHN008960,CUS008960,Not Churn,0.4215,Medium,Synthetic Churn Risk Model,1.0,2026-06-30
CHN008961,CUS008961,Not Churn,0.1822,Low,Synthetic Churn Risk Model,1.0,2026-06-30
CHN008962,CUS008962,Not Churn,0.0602,Low,Synthetic Churn Risk Model,1.0,2026-06-30
CHN008963,CUS008963,Not Churn,0.0504,Low,Synthetic Churn Risk Model,1.0,2026-06-30
CHN008964,CUS008964,Not Churn,0.1231,Low,Synthetic Churn Risk Model,1.0,2026-06-30
CHN008965,CUS008965,Not Churn,0.1008,Low,Synthetic Churn Risk Model,1.0,2026-06-30
CHN008966,CUS008966,Not Churn,0.032,Low,Synthetic Churn Risk Model,1.0,2026-06-30
CHN008967,CUS008967,Not Churn,0.1012,Low,Synthetic Churn Risk Model,1.0,2026-06-30
CHN008968,CUS008968,Not Churn,0.0734,Low,Synthetic Churn Risk Model,1.0,2026-06-30
CHN008969,CUS008969,Not Churn,0.075,Low,Synthetic Churn Risk Model,1.0,2026-06-30
CHN008970,CUS008970,Not Churn,0.5801,Medium,Synthetic Churn Risk Model,1.0,2026-06-30
CHN008971,CUS008971,Not Churn,0.0335,Low,Synthetic Churn Risk Model,1.0,2026-06-30
CHN008972,CUS008972,Not Churn,0.0024,Low,Synthetic Churn Risk Model,1.0,2026-06-30
CHN008973,CUS008973,Not Churn,0.1204,Low,Synthetic Churn Risk Model,1.0,2026-06-30
CHN008974,CUS008974,Not Churn,0.0268,Low,Synthetic Churn Risk Model,1.0,2026-06-30
CHN008975,CUS008975,Not Churn,0.0107,Low,Synthetic Churn Risk Model,1.0,2026-06-30
CHN008976,CUS008976,Not Churn,0.3591,Medium,Synthetic Churn Risk Model,1.0,2026-06-30
CHN008977,CUS008977,Not Churn,0.3201,Medium,Synthetic Churn Risk Model,1.0,2026-06-30
CHN008978,CUS008978,Not Churn,0.0859,Low,Synthetic Churn Risk Model,1.0,2026-06-30
CHN008979,CUS008979,Not Churn,0.0782,Low,Synthetic Churn Risk Model,1.0,2026-06-30
CHN008980,CUS008980,Not Churn,0.0414,Low,Synthetic Churn Risk Model,1.0,2026-06-30
CHN008981,CUS008981,Not Churn,0.4146,Medium,Synthetic Churn Risk Model,1.0,2026-06-30
CHN008982,CUS008982,Not Churn,0.0283,Low,Synthetic Churn Risk Model,1.0,2026-06-30
CHN008983,CUS008983,Not Churn,0.105,Low,Synthetic Churn Risk Model,1.0,2026-06-30
CHN008984,CUS008984,Not Churn,0.1493,Low,Synthetic Churn Risk Model,1.0,2026-06-30
CHN008985,CUS008985,Not Churn,0.0724,Low,Synthetic Churn Risk Model,1.0,2026-06-30
CHN008986,CUS008986,Not Churn,0.0906,Low,Synthetic Churn Risk Model,1.0,2026-06-30
CHN008987,CUS008987,Not Churn,0.1802,Low,Synthetic Churn Risk Model,1.0,2026-06-30
CHN008988,CUS008988,Not Churn,0.0272,Low,Synthetic Churn Risk Model,1.0,2026-06-30
CHN008989,CUS008989,Not Churn,0.4274,Medium,Synthetic Churn Risk Model,1.0,2026-06-30
CHN008990,CUS008990,Not Churn,0.0501,Low,Synthetic Churn Risk Model,1.0,2026-06-30
CHN008991,CUS008991,Not Churn,0.4031,Medium,Synthetic Churn Risk Model,1.0,2026-06-30
CHN008992,CUS008992,Not Churn,0.392,Medium,Synthetic Churn Risk Model,1.0,2026-06-30
CHN008993,CUS008993,Not Churn,0.2566,Low,Synthetic Churn Risk Model,1.0,2026-06-30
CHN008994,CUS008994,Not Churn,0.4114,Medium,Synthetic Churn Risk Model,1.0,2026-06-30
CHN008995,CUS008995,Not Churn,0.2002,Low,Synthetic Churn Risk Model,1.0,2026-06-30
CHN008996,CUS008996,Not Churn,0.0576,Low,Synthetic Churn Risk Model,1.0,2026-06-30
CHN008997,CUS008997,Not Churn,0.056,Low,Synthetic Churn Risk Model,1.0,2026-06-30
CHN008998,CUS008998,Not Churn,0.219,Low,Synthetic Churn Risk Model,1.0,2026-06-30
CHN008999,CUS008999,Not Churn,0.0556,Low,Synthetic Churn Risk Model,1.0,2026-06-30
CHN009000,CUS009000,Not Churn,0.077,Low,Synthetic Churn Risk Model,1.0,2026-06-30
CHN009001,CUS009001,Not Churn,0.4233,Medium,Synthetic Churn Risk Model,1.0,2026-06-30
CHN009002,CUS009002,Not Churn,0.0494,Low,Synthetic Churn Risk Model,1.0,2026-06-30
CHN009003,CUS009003,Not Churn,0.1356,Low,Synthetic Churn Risk Model,1.0,2026-06-30
CHN009004,CUS009004,Not Churn,0.097,Low,Synthetic Churn Risk Model,1.0,2026-06-30
CHN009005,CUS009005,Not Churn,0.1317,Low,Synthetic Churn Risk Model,1.0,2026-06-30
CHN009006,CUS009006,Not Churn,0.4091,Medium,Synthetic Churn Risk Model,1.0,2026-06-30
CHN009007,CUS009007,Not Churn,0.0986,Low,Synthetic Churn Risk Model,1.0,2026-06-30
CHN009008,CUS009008,Not Churn,0.0722,Low,Synthetic Churn Risk Model,1.0,2026-06-30
CHN009009,CUS009009,Not Churn,0.0094,Low,Synthetic Churn Risk Model,1.0,2026-06-30
CHN009010,CUS009010,Not Churn,0.0533,Low,Synthetic Churn Risk Model,1.0,2026-06-30
CHN009011,CUS009011,Churn,0.6555,High,Synthetic Churn Risk Model,1.0,2026-06-30
CHN009012,CUS009012,Not Churn,0.3365,Medium,Synthetic Churn Risk Model,1.0,2026-06-30
CHN009013,CUS009013,Not Churn,0.3977,Medium,Synthetic Churn Risk Model,1.0,2026-06-30
CHN009014,CUS009014,Not Churn,0.1178,Low,Synthetic Churn Risk Model,1.0,2026-06-30
CHN009015,CUS009015,Not Churn,0.2828,Low,Synthetic Churn Risk Model,1.0,2026-06-30
CHN009016,CUS009016,Not Churn,0.0647,Low,Synthetic Churn Risk Model,1.0,2026-06-30
CHN009017,CUS009017,Not Churn,0.1324,Low,Synthetic Churn Risk Model,1.0,2026-06-30
CHN009018,CUS009018,Not Churn,0.0177,Low,Synthetic Churn Risk Model,1.0,2026-06-30
CHN009019,CUS009019,Not Churn,0.111,Low,Synthetic Churn Risk Model,1.0,2026-06-30
CHN009020,CUS009020,Not Churn,0.0508,Low,Synthetic Churn Risk Model,1.0,2026-06-30
CHN009021,CUS009021,Not Churn,0.0477,Low,Synthetic Churn Risk Model,1.0,2026-06-30
CHN009022,CUS009022,Not Churn,0.0997,Low,Synthetic Churn Risk Model,1.0,2026-06-30
CHN009023,CUS009023,Not Churn,0.4169,Medium,Synthetic Churn Risk Model,1.0,2026-06-30
CHN009024,CUS009024,Not Churn,0.3823,Medium,Synthetic Churn Risk Model,1.0,2026-06-30
CHN009025,CUS009025,Not Churn,0.0169,Low,Synthetic Churn Risk Model,1.0,2026-06-30
CHN009026,CUS009026,Not Churn,0.1842,Low,Synthetic Churn Risk Model,1.0,2026-06-30
CHN009027,CUS009027,Not Churn,0.1156,Low,Synthetic Churn Risk Model,1.0,2026-06-30
CHN009028,CUS009028,Not Churn,0.0227,Low,Synthetic Churn Risk Model,1.0,2026-06-30
CHN009029,CUS009029,Not Churn,0.4262,Medium,Synthetic Churn Risk Model,1.0,2026-06-30
CHN009030,CUS009030,Not Churn,0.1869,Low,Synthetic Churn Risk Model,1.0,2026-06-30
CHN009031,CUS009031,Not Churn,0.4077,Medium,Synthetic Churn Risk Model,1.0,2026-06-30
CHN009032,CUS009032,Not Churn,0.059,Low,Synthetic Churn Risk Model,1.0,2026-06-30
CHN009033,CUS009033,Not Churn,0.3975,Medium,Synthetic Churn Risk Model,1.0,2026-06-30
CHN009034,CUS009034,Not Churn,0.0787,Low,Synthetic Churn Risk Model,1.0,2026-06-30
CHN009035,CUS009035,Not Churn,0.3976,Medium,Synthetic Churn Risk Model,1.0,2026-06-30
CHN009036,CUS009036,Not Churn,0.082,Low,Synthetic Churn Risk Model,1.0,2026-06-30
CHN009037,CUS009037,Not Churn,0.1819,Low,Synthetic Churn Risk Model,1.0,2026-06-30
CHN009038,CUS009038,Not Churn,0.4164,Medium,Synthetic Churn Risk Model,1.0,2026-06-30
CHN009039,CUS009039,Not Churn,0.0494,Low,Synthetic Churn Risk Model,1.0,2026-06-30
CHN009040,CUS009040,Churn,0.7437,High,Synthetic Churn Risk Model,1.0,2026-06-30
CHN009041,CUS009041,Not Churn,0.107,Low,Synthetic Churn Risk Model,1.0,2026-06-30
CHN009042,CUS009042,Not Churn,0.1378,Low,Synthetic Churn Risk Model,1.0,2026-06-30
CHN009043,CUS009043,Not Churn,0.407,Medium,Synthetic Churn Risk Model,1.0,2026-06-30
CHN009044,CUS009044,Not Churn,0.0278,Low,Synthetic Churn Risk Model,1.0,2026-06-30
CHN009045,CUS009045,Not Churn,0.0478,Low,Synthetic Churn Risk Model,1.0,2026-06-30
CHN009046,CUS009046,Not Churn,0.0696,Low,Synthetic Churn Risk Model,1.0,2026-06-30
CHN009047,CUS009047,Not Churn,0.1987,Low,Synthetic Churn Risk Model,1.0,2026-06-30
CHN009048,CUS009048,Not Churn,0.1689,Low,Synthetic Churn Risk Model,1.0,2026-06-30
CHN009049,CUS009049,Not Churn,0.4392,Medium,Synthetic Churn Risk Model,1.0,2026-06-30
CHN009050,CUS009050,Not Churn,0.1339,Low,Synthetic Churn Risk Model,1.0,2026-06-30
CHN009051,CUS009051,Not Churn,0.3353,Medium,Synthetic Churn Risk Model,1.0,2026-06-30
CHN009052,CUS009052,Not Churn,0.4122,Medium,Synthetic Churn Risk Model,1.0,2026-06-30
CHN009053,CUS009053,Not Churn,0.0168,Low,Synthetic Churn Risk Model,1.0,2026-06-30
CHN009054,CUS009054,Not Churn,0.4446,Medium,Synthetic Churn Risk Model,1.0,2026-06-30
CHN009055,CUS009055,Not Churn,0.0779,Low,Synthetic Churn Risk Model,1.0,2026-06-30
CHN009056,CUS009056,Not Churn,0.0318,Low,Synthetic Churn Risk Model,1.0,2026-06-30
CHN009057,CUS009057,Not Churn,0.2349,Low,Synthetic Churn Risk Model,1.0,2026-06-30
CHN009058,CUS009058,Not Churn,0.0138,Low,Synthetic Churn Risk Model,1.0,2026-06-30
CHN009059,CUS009059,Not Churn,0.3257,Medium,Synthetic Churn Risk Model,1.0,2026-06-30
CHN009060,CUS009060,Not Churn,0.2147,Low,Synthetic Churn Risk Model,1.0,2026-06-30
CHN009061,CUS009061,Not Churn,0.0682,Low,Synthetic Churn Risk Model,1.0,2026-06-30
CHN009062,CUS009062,Not Churn,0.4392,Medium,Synthetic Churn Risk Model,1.0,2026-06-30
CHN009063,CUS009063,Not Churn,0.048,Low,Synthetic Churn Risk Model,1.0,2026-06-30
CHN009064,CUS009064,Not Churn,0.101,Low,Synthetic Churn Risk Model,1.0,2026-06-30
CHN009065,CUS009065,Not Churn,0.1542,Low,Synthetic Churn Risk Model,1.0,2026-06-30
CHN009066,CUS009066,Not Churn,0.0104,Low,Synthetic Churn Risk Model,1.0,2026-06-30
CHN009067,CUS009067,Not Churn,0.1036,Low,Synthetic Churn Risk Model,1.0,2026-06-30
CHN009068,CUS009068,Not Churn,0.0499,Low,Synthetic Churn Risk Model,1.0,2026-06-30
CHN009069,CUS009069,Not Churn,0.4054,Medium,Synthetic Churn Risk Model,1.0,2026-06-30
CHN009070,CUS009070,Not Churn,0.0528,Low,Synthetic Churn Risk Model,1.0,2026-06-30
CHN009071,CUS009071,Not Churn,0.0108,Low,Synthetic Churn Risk Model,1.0,2026-06-30
CHN009072,CUS009072,Not Churn,0.1417,Low,Synthetic Churn Risk Model,1.0,2026-06-30
CHN009073,CUS009073,Not Churn,0.1934,Low,Synthetic Churn Risk Model,1.0,2026-06-30
CHN009074,CUS009074,Not Churn,0.1125,Low,Synthetic Churn Risk Model,1.0,2026-06-30
CHN009075,CUS009075,Not Churn,0.4392,Medium,Synthetic Churn Risk Model,1.0,2026-06-30
CHN009076,CUS009076,Not Churn,0.0565,Low,Synthetic Churn Risk Model,1.0,2026-06-30
CHN009077,CUS009077,Not Churn,0.101,Low,Synthetic Churn Risk Model,1.0,2026-06-30
CHN009078,CUS009078,Not Churn,0.0874,Low,Synthetic Churn Risk Model,1.0,2026-06-30
CHN009079,CUS009079,Not Churn,0.1762,Low,Synthetic Churn Risk Model,1.0,2026-06-30
CHN009080,CUS009080,Not Churn,0.2419,Low,Synthetic Churn Risk Model,1.0,2026-06-30
CHN009081,CUS009081,Not Churn,0.086,Low,Synthetic Churn Risk Model,1.0,2026-06-30
CHN009082,CUS009082,Not Churn,0.3408,Medium,Synthetic Churn Risk Model,1.0,2026-06-30
CHN009083,CUS009083,Not Churn,0.2117,Low,Synthetic Churn Risk Model,1.0,2026-06-30
CHN009084,CUS009084,Not Churn,0.0255,Low,Synthetic Churn Risk Model,1.0,2026-06-30
CHN009085,CUS009085,Not Churn,0.1486,Low,Synthetic Churn Risk Model,1.0,2026-06-30
CHN009086,CUS009086,Not Churn,0.0623,Low,Synthetic Churn Risk Model,1.0,2026-06-30
CHN009087,CUS009087,Not Churn,0.0401,Low,Synthetic Churn Risk Model,1.0,2026-06-30
CHN009088,CUS009088,Not Churn,0.1388,Low,Synthetic Churn Risk Model,1.0,2026-06-30
CHN009089,CUS009089,Not Churn,0.1305,Low,Synthetic Churn Risk Model,1.0,2026-06-30
CHN009090,CUS009090,Not Churn,0.0934,Low,Synthetic Churn Risk Model,1.0,2026-06-30
CHN009091,CUS009091,Not Churn,0.1699,Low,Synthetic Churn Risk Model,1.0,2026-06-30
CHN009092,CUS009092,Not Churn,0.4127,Medium,Synthetic Churn Risk Model,1.0,2026-06-30
CHN009093,CUS009093,Not Churn,0.4835,Medium,Synthetic Churn Risk Model,1.0,2026-06-30
CHN009094,CUS009094,Not Churn,0.4152,Medium,Synthetic Churn Risk Model,1.0,2026-06-30
CHN009095,CUS009095,Not Churn,0.2021,Low,Synthetic Churn Risk Model,1.0,2026-06-30
CHN009096,CUS009096,Not Churn,0.0737,Low,Synthetic Churn Risk Model,1.0,2026-06-30
CHN009097,CUS009097,Not Churn,0.4128,Medium,Synthetic Churn Risk Model,1.0,2026-06-30
CHN009098,CUS009098,Not Churn,0.3992,Medium,Synthetic Churn Risk Model,1.0,2026-06-30
CHN009099,CUS009099,Not Churn,0.2936,Low,Synthetic Churn Risk Model,1.0,2026-06-30
CHN009100,CUS009100,Not Churn,0.0562,Low,Synthetic Churn Risk Model,1.0,2026-06-30
CHN009101,CUS009101,Not Churn,0.3128,Medium,Synthetic Churn Risk Model,1.0,2026-06-30
CHN009102,CUS009102,Not Churn,0.33,Medium,Synthetic Churn Risk Model,1.0,2026-06-30
CHN009103,CUS009103,Not Churn,0.1455,Low,Synthetic Churn Risk Model,1.0,2026-06-30
CHN009104,CUS009104,Not Churn,0.1287,Low,Synthetic Churn Risk Model,1.0,2026-06-30
CHN009105,CUS009105,Not Churn,0.4128,Medium,Synthetic Churn Risk Model,1.0,2026-06-30
CHN009106,CUS009106,Not Churn,0.4163,Medium,Synthetic Churn Risk Model,1.0,2026-06-30
CHN009107,CUS009107,Not Churn,0.0869,Low,Synthetic Churn Risk Model,1.0,2026-06-30
CHN009108,CUS009108,Not Churn,0.1212,Low,Synthetic Churn Risk Model,1.0,2026-06-30
CHN009109,CUS009109,Not Churn,0.2062,Low,Synthetic Churn Risk Model,1.0,2026-06-30
CHN009110,CUS009110,Not Churn,0.1043,Low,Synthetic Churn Risk Model,1.0,2026-06-30
CHN009111,CUS009111,Not Churn,0.1843,Low,Synthetic Churn Risk Model,1.0,2026-06-30
CHN009112,CUS009112,Not Churn,0.0433,Low,Synthetic Churn Risk Model,1.0,2026-06-30
CHN009113,CUS009113,Not Churn,0.0656,Low,Synthetic Churn Risk Model,1.0,2026-06-30
CHN009114,CUS009114,Not Churn,0.1584,Low,Synthetic Churn Risk Model,1.0,2026-06-30
CHN009115,CUS009115,Not Churn,0.1372,Low,Synthetic Churn Risk Model,1.0,2026-06-30
CHN009116,CUS009116,Not Churn,0.1061,Low,Synthetic Churn Risk Model,1.0,2026-06-30
CHN009117,CUS009117,Not Churn,0.0613,Low,Synthetic Churn Risk Model,1.0,2026-06-30
CHN009118,CUS009118,Not Churn,0.4277,Medium,Synthetic Churn Risk Model,1.0,2026-06-30
CHN009119,CUS009119,Not Churn,0.0555,Low,Synthetic Churn Risk Model,1.0,2026-06-30
CHN009120,CUS009120,Not Churn,0.3012,Medium,Synthetic Churn Risk Model,1.0,2026-06-30
CHN009121,CUS009121,Not Churn,0.0564,Low,Synthetic Churn Risk Model,1.0,2026-06-30
CHN009122,CUS009122,Not Churn,0.0242,Low,Synthetic Churn Risk Model,1.0,2026-06-30
CHN009123,CUS009123,Not Churn,0.1793,Low,Synthetic Churn Risk Model,1.0,2026-06-30
CHN009124,CUS009124,Not Churn,0.0616,Low,Synthetic Churn Risk Model,1.0,2026-06-30
CHN009125,CUS009125,Not Churn,0.3999,Medium,Synthetic Churn Risk Model,1.0,2026-06-30
CHN009126,CUS009126,Not Churn,0.168,Low,Synthetic Churn Risk Model,1.0,2026-06-30
CHN009127,CUS009127,Not Churn,0.0887,Low,Synthetic Churn Risk Model,1.0,2026-06-30
CHN009128,CUS009128,Not Churn,0.0493,Low,Synthetic Churn Risk Model,1.0,2026-06-30
CHN009129,CUS009129,Not Churn,0.1683,Low,Synthetic Churn Risk Model,1.0,2026-06-30
CHN009130,CUS009130,Not Churn,0.0584,Low,Synthetic Churn Risk Model,1.0,2026-06-30
CHN009131,CUS009131,Not Churn,0.1751,Low,Synthetic Churn Risk Model,1.0,2026-06-30
CHN009132,CUS009132,Not Churn,0.4022,Medium,Synthetic Churn Risk Model,1.0,2026-06-30
CHN009133,CUS009133,Not Churn,0.0414,Low,Synthetic Churn Risk Model,1.0,2026-06-30
CHN009134,CUS009134,Not Churn,0.0145,Low,Synthetic Churn Risk Model,1.0,2026-06-30
CHN009135,CUS009135,Not Churn,0.0569,Low,Synthetic Churn Risk Model,1.0,2026-06-30
CHN009136,CUS009136,Not Churn,0.0611,Low,Synthetic Churn Risk Model,1.0,2026-06-30
CHN009137,CUS009137,Not Churn,0.412,Medium,Synthetic Churn Risk Model,1.0,2026-06-30
CHN009138,CUS009138,Not Churn,0.4132,Medium,Synthetic Churn Risk Model,1.0,2026-06-30
CHN009139,CUS009139,Not Churn,0.4052,Medium,Synthetic Churn Risk Model,1.0,2026-06-30
CHN009140,CUS009140,Not Churn,0.0553,Low,Synthetic Churn Risk Model,1.0,2026-06-30
CHN009141,CUS009141,Not Churn,0.0119,Low,Synthetic Churn Risk Model,1.0,2026-06-30
CHN009142,CUS009142,Not Churn,0.0619,Low,Synthetic Churn Risk Model,1.0,2026-06-30
CHN009143,CUS009143,Not Churn,0.4017,Medium,Synthetic Churn Risk Model,1.0,2026-06-30
CHN009144,CUS009144,Not Churn,0.4193,Medium,Synthetic Churn Risk Model,1.0,2026-06-30
CHN009145,CUS009145,Not Churn,0.0739,Low,Synthetic Churn Risk Model,1.0,2026-06-30
CHN009146,CUS009146,Not Churn,0.4404,Medium,Synthetic Churn Risk Model,1.0,2026-06-30
CHN009147,CUS009147,Not Churn,0.1723,Low,Synthetic Churn Risk Model,1.0,2026-06-30
CHN009148,CUS009148,Not Churn,0.0597,Low,Synthetic Churn Risk Model,1.0,2026-06-30
CHN009149,CUS009149,Not Churn,0.2104,Low,Synthetic Churn Risk Model,1.0,2026-06-30
CHN009150,CUS009150,Not Churn,0.4085,Medium,Synthetic Churn Risk Model,1.0,2026-06-30
CHN009151,CUS009151,Not Churn,0.0738,Low,Synthetic Churn Risk Model,1.0,2026-06-30
CHN009152,CUS009152,Not Churn,0.1276,Low,Synthetic Churn Risk Model,1.0,2026-06-30
CHN009153,CUS009153,Not Churn,0.4059,Medium,Synthetic Churn Risk Model,1.0,2026-06-30
CHN009154,CUS009154,Not Churn,0.0726,Low,Synthetic Churn Risk Model,1.0,2026-06-30
CHN009155,CUS009155,Not Churn,0.0807,Low,Synthetic Churn Risk Model,1.0,2026-06-30
CHN009156,CUS009156,Not Churn,0.0673,Low,Synthetic Churn Risk Model,1.0,2026-06-30
CHN009157,CUS009157,Not Churn,0.032,Low,Synthetic Churn Risk Model,1.0,2026-06-30
CHN009158,CUS009158,Not Churn,0.1255,Low,Synthetic Churn Risk Model,1.0,2026-06-30
CHN009159,CUS009159,Not Churn,0.0774,Low,Synthetic Churn Risk Model,1.0,2026-06-30
CHN009160,CUS009160,Not Churn,0.0986,Low,Synthetic Churn Risk Model,1.0,2026-06-30
CHN009161,CUS009161,Not Churn,0.2464,Low,Synthetic Churn Risk Model,1.0,2026-06-30
CHN009162,CUS009162,Not Churn,0.4534,Medium,Synthetic Churn Risk Model,1.0,2026-06-30
CHN009163,CUS009163,Not Churn,0.2581,Low,Synthetic Churn Risk Model,1.0,2026-06-30
CHN009164,CUS009164,Not Churn,0.4072,Medium,Synthetic Churn Risk Model,1.0,2026-06-30
CHN009165,CUS009165,Not Churn,0.437,Medium,Synthetic Churn Risk Model,1.0,2026-06-30
CHN009166,CUS009166,Not Churn,0.0556,Low,Synthetic Churn Risk Model,1.0,2026-06-30
CHN009167,CUS009167,Not Churn,0.0743,Low,Synthetic Churn Risk Model,1.0,2026-06-30
CHN009168,CUS009168,Not Churn,0.0433,Low,Synthetic Churn Risk Model,1.0,2026-06-30
CHN009169,CUS009169,Not Churn,0.2062,Low,Synthetic Churn Risk Model,1.0,2026-06-30
CHN009170,CUS009170,Not Churn,0.1762,Low,Synthetic Churn Risk Model,1.0,2026-06-30
CHN009171,CUS009171,Not Churn,0.0111,Low,Synthetic Churn Risk Model,1.0,2026-06-30
CHN009172,CUS009172,Not Churn,0.0524,Low,Synthetic Churn Risk Model,1.0,2026-06-30
CHN009173,CUS009173,Not Churn,0.1484,Low,Synthetic Churn Risk Model,1.0,2026-06-30
CHN009174,CUS009174,Not Churn,0.3897,Medium,Synthetic Churn Risk Model,1.0,2026-06-30
CHN009175,CUS009175,Not Churn,0.0516,Low,Synthetic Churn Risk Model,1.0,2026-06-30
CHN009176,CUS009176,Not Churn,0.413,Medium,Synthetic Churn Risk Model,1.0,2026-06-30
CHN009177,CUS009177,Not Churn,0.1743,Low,Synthetic Churn Risk Model,1.0,2026-06-30
CHN009178,CUS009178,Not Churn,0.0304,Low,Synthetic Churn Risk Model,1.0,2026-06-30
CHN009179,CUS009179,Not Churn,0.0232,Low,Synthetic Churn Risk Model,1.0,2026-06-30
CHN009180,CUS009180,Not Churn,0.106,Low,Synthetic Churn Risk Model,1.0,2026-06-30
CHN009181,CUS009181,Not Churn,0.1084,Low,Synthetic Churn Risk Model,1.0,2026-06-30
CHN009182,CUS009182,Not Churn,0.005,Low,Synthetic Churn Risk Model,1.0,2026-06-30
CHN009183,CUS009183,Not Churn,0.4067,Medium,Synthetic Churn Risk Model,1.0,2026-06-30
CHN009184,CUS009184,Not Churn,0.0532,Low,Synthetic Churn Risk Model,1.0,2026-06-30
CHN009185,CUS009185,Not Churn,0.424,Medium,Synthetic Churn Risk Model,1.0,2026-06-30
CHN009186,CUS009186,Not Churn,0.125,Low,Synthetic Churn Risk Model,1.0,2026-06-30
CHN009187,CUS009187,Not Churn,0.0446,Low,Synthetic Churn Risk Model,1.0,2026-06-30
CHN009188,CUS009188,Not Churn,0.0613,Low,Synthetic Churn Risk Model,1.0,2026-06-30
CHN009189,CUS009189,Not Churn,0.4252,Medium,Synthetic Churn Risk Model,1.0,2026-06-30
CHN009190,CUS009190,Not Churn,0.1121,Low,Synthetic Churn Risk Model,1.0,2026-06-30
CHN009191,CUS009191,Not Churn,0.4023,Medium,Synthetic Churn Risk Model,1.0,2026-06-30
CHN009192,CUS009192,Not Churn,0.0576,Low,Synthetic Churn Risk Model,1.0,2026-06-30
CHN009193,CUS009193,Not Churn,0.0305,Low,Synthetic Churn Risk Model,1.0,2026-06-30
CHN009194,CUS009194,Not Churn,0.029,Low,Synthetic Churn Risk Model,1.0,2026-06-30
CHN009195,CUS009195,Not Churn,0.0588,Low,Synthetic Churn Risk Model,1.0,2026-06-30
CHN009196,CUS009196,Not Churn,0.1357,Low,Synthetic Churn Risk Model,1.0,2026-06-30
CHN009197,CUS009197,Not Churn,0.0659,Low,Synthetic Churn Risk Model,1.0,2026-06-30
CHN009198,CUS009198,Not Churn,0.109,Low,Synthetic Churn Risk Model,1.0,2026-06-30
CHN009199,CUS009199,Not Churn,0.1627,Low,Synthetic Churn Risk Model,1.0,2026-06-30
CHN009200,CUS009200,Not Churn,0.397,Medium,Synthetic Churn Risk Model,1.0,2026-06-30
CHN009201,CUS009201,Not Churn,0.2963,Low,Synthetic Churn Risk Model,1.0,2026-06-30
CHN009202,CUS009202,Not Churn,0.1938,Low,Synthetic Churn Risk Model,1.0,2026-06-30
CHN009203,CUS009203,Not Churn,0.4307,Medium,Synthetic Churn Risk Model,1.0,2026-06-30
CHN009204,CUS009204,Not Churn,0.0739,Low,Synthetic Churn Risk Model,1.0,2026-06-30
CHN009205,CUS009205,Not Churn,0.0313,Low,Synthetic Churn Risk Model,1.0,2026-06-30
CHN009206,CUS009206,Not Churn,0.0576,Low,Synthetic Churn Risk Model,1.0,2026-06-30
CHN009207,CUS009207,Not Churn,0.2555,Low,Synthetic Churn Risk Model,1.0,2026-06-30
CHN009208,CUS009208,Not Churn,0.0629,Low,Synthetic Churn Risk Model,1.0,2026-06-30
CHN009209,CUS009209,Not Churn,0.0608,Low,Synthetic Churn Risk Model,1.0,2026-06-30
CHN009210,CUS009210,Not Churn,0.0486,Low,Synthetic Churn Risk Model,1.0,2026-06-30
CHN009211,CUS009211,Not Churn,0.0485,Low,Synthetic Churn Risk Model,1.0,2026-06-30
CHN009212,CUS009212,Not Churn,0.1134,Low,Synthetic Churn Risk Model,1.0,2026-06-30
CHN009213,CUS009213,Not Churn,0.2622,Low,Synthetic Churn Risk Model,1.0,2026-06-30
CHN009214,CUS009214,Not Churn,0.0316,Low,Synthetic Churn Risk Model,1.0,2026-06-30
CHN009215,CUS009215,Not Churn,0.0468,Low,Synthetic Churn Risk Model,1.0,2026-06-30
CHN009216,CUS009216,Not Churn,0.1145,Low,Synthetic Churn Risk Model,1.0,2026-06-30
CHN009217,CUS009217,Not Churn,0.0441,Low,Synthetic Churn Risk Model,1.0,2026-06-30
CHN009218,CUS009218,Not Churn,0.0142,Low,Synthetic Churn Risk Model,1.0,2026-06-30
CHN009219,CUS009219,Not Churn,0.0898,Low,Synthetic Churn Risk Model,1.0,2026-06-30
CHN009220,CUS009220,Not Churn,0.3985,Medium,Synthetic Churn Risk Model,1.0,2026-06-30
CHN009221,CUS009221,Not Churn,0.3977,Medium,Synthetic Churn Risk Model,1.0,2026-06-30
CHN009222,CUS009222,Not Churn,0.1701,Low,Synthetic Churn Risk Model,1.0,2026-06-30
CHN009223,CUS009223,Not Churn,0.0167,Low,Synthetic Churn Risk Model,1.0,2026-06-30
CHN009224,CUS009224,Not Churn,0.2136,Low,Synthetic Churn Risk Model,1.0,2026-06-30
CHN009225,CUS009225,Not Churn,0.0406,Low,Synthetic Churn Risk Model,1.0,2026-06-30
CHN009226,CUS009226,Not Churn,0.1172,Low,Synthetic Churn Risk Model,1.0,2026-06-30
CHN009227,CUS009227,Not Churn,0.1395,Low,Synthetic Churn Risk Model,1.0,2026-06-30
CHN009228,CUS009228,Not Churn,0.0613,Low,Synthetic Churn Risk Model,1.0,2026-06-30
CHN009229,CUS009229,Not Churn,0.4342,Medium,Synthetic Churn Risk Model,1.0,2026-06-30
CHN009230,CUS009230,Not Churn,0.0602,Low,Synthetic Churn Risk Model,1.0,2026-06-30
CHN009231,CUS009231,Not Churn,0.3609,Medium,Synthetic Churn Risk Model,1.0,2026-06-30
CHN009232,CUS009232,Not Churn,0.0741,Low,Synthetic Churn Risk Model,1.0,2026-06-30
CHN009233,CUS009233,Not Churn,0.4083,Medium,Synthetic Churn Risk Model,1.0,2026-06-30
CHN009234,CUS009234,Not Churn,0.4162,Medium,Synthetic Churn Risk Model,1.0,2026-06-30
CHN009235,CUS009235,Not Churn,0.575,Medium,Synthetic Churn Risk Model,1.0,2026-06-30
CHN009236,CUS009236,Not Churn,0.3043,Medium,Synthetic Churn Risk Model,1.0,2026-06-30
CHN009237,CUS009237,Not Churn,0.4035,Medium,Synthetic Churn Risk Model,1.0,2026-06-30
CHN009238,CUS009238,Not Churn,0.4033,Medium,Synthetic Churn Risk Model,1.0,2026-06-30
CHN009239,CUS009239,Not Churn,0.4106,Medium,Synthetic Churn Risk Model,1.0,2026-06-30
CHN009240,CUS009240,Not Churn,0.4076,Medium,Synthetic Churn Risk Model,1.0,2026-06-30
CHN009241,CUS009241,Not Churn,0.1994,Low,Synthetic Churn Risk Model,1.0,2026-06-30
CHN009242,CUS009242,Not Churn,0.0464,Low,Synthetic Churn Risk Model,1.0,2026-06-30
CHN009243,CUS009243,Not Churn,0.2606,Low,Synthetic Churn Risk Model,1.0,2026-06-30
CHN009244,CUS009244,Not Churn,0.0396,Low,Synthetic Churn Risk Model,1.0,2026-06-30
CHN009245,CUS009245,Not Churn,0.0376,Low,Synthetic Churn Risk Model,1.0,2026-06-30
CHN009246,CUS009246,Not Churn,0.0585,Low,Synthetic Churn Risk Model,1.0,2026-06-30
CHN009247,CUS009247,Not Churn,0.0289,Low,Synthetic Churn Risk Model,1.0,2026-06-30
CHN009248,CUS009248,Not Churn,0.0202,Low,Synthetic Churn Risk Model,1.0,2026-06-30
CHN009249,CUS009249,Not Churn,0.0767,Low,Synthetic Churn Risk Model,1.0,2026-06-30
CHN009250,CUS009250,Not Churn,0.1831,Low,Synthetic Churn Risk Model,1.0,2026-06-30
CHN009251,CUS009251,Not Churn,0.0731,Low,Synthetic Churn Risk Model,1.0,2026-06-30
CHN009252,CUS009252,Not Churn,0.4337,Medium,Synthetic Churn Risk Model,1.0,2026-06-30
CHN009253,CUS009253,Not Churn,0.3965,Medium,Synthetic Churn Risk Model,1.0,2026-06-30
CHN009254,CUS009254,Not Churn,0.1647,Low,Synthetic Churn Risk Model,1.0,2026-06-30
CHN009255,CUS009255,Not Churn,0.1106,Low,Synthetic Churn Risk Model,1.0,2026-06-30
CHN009256,CUS009256,Not Churn,0.1237,Low,Synthetic Churn Risk Model,1.0,2026-06-30
CHN009257,CUS009257,Not Churn,0.415,Medium,Synthetic Churn Risk Model,1.0,2026-06-30
CHN009258,CUS009258,Not Churn,0.0882,Low,Synthetic Churn Risk Model,1.0,2026-06-30
CHN009259,CUS009259,Not Churn,0.0438,Low,Synthetic Churn Risk Model,1.0,2026-06-30
CHN009260,CUS009260,Not Churn,0.023,Low,Synthetic Churn Risk Model,1.0,2026-06-30
CHN009261,CUS009261,Not Churn,0.1373,Low,Synthetic Churn Risk Model,1.0,2026-06-30
CHN009262,CUS009262,Not Churn,0.078,Low,Synthetic Churn Risk Model,1.0,2026-06-30
CHN009263,CUS009263,Not Churn,0.4057,Medium,Synthetic Churn Risk Model,1.0,2026-06-30
CHN009264,CUS009264,Not Churn,0.1946,Low,Synthetic Churn Risk Model,1.0,2026-06-30
CHN009265,CUS009265,Not Churn,0.0669,Low,Synthetic Churn Risk Model,1.0,2026-06-30
CHN009266,CUS009266,Not Churn,0.1083,Low,Synthetic Churn Risk Model,1.0,2026-06-30
CHN009267,CUS009267,Not Churn,0.0498,Low,Synthetic Churn Risk Model,1.0,2026-06-30
CHN009268,CUS009268,Not Churn,0.1089,Low,Synthetic Churn Risk Model,1.0,2026-06-30
CHN009269,CUS009269,Not Churn,0.0851,Low,Synthetic Churn Risk Model,1.0,2026-06-30
CHN009270,CUS009270,Not Churn,0.412,Medium,Synthetic Churn Risk Model,1.0,2026-06-30
CHN009271,CUS009271,Not Churn,0.0329,Low,Synthetic Churn Risk Model,1.0,2026-06-30
CHN009272,CUS009272,Not Churn,0.451,Medium,Synthetic Churn Risk Model,1.0,2026-06-30
CHN009273,CUS009273,Not Churn,0.0729,Low,Synthetic Churn Risk Model,1.0,2026-06-30
CHN009274,CUS009274,Not Churn,0.0786,Low,Synthetic Churn Risk Model,1.0,2026-06-30
CHN009275,CUS009275,Not Churn,0.3377,Medium,Synthetic Churn Risk Model,1.0,2026-06-30
CHN009276,CUS009276,Not Churn,0.0843,Low,Synthetic Churn Risk Model,1.0,2026-06-30
CHN009277,CUS009277,Not Churn,0.047,Low,Synthetic Churn Risk Model,1.0,2026-06-30
CHN009278,CUS009278,Not Churn,0.0634,Low,Synthetic Churn Risk Model,1.0,2026-06-30
CHN009279,CUS009279,Not Churn,0.082,Low,Synthetic Churn Risk Model,1.0,2026-06-30
CHN009280,CUS009280,Not Churn,0.0444,Low,Synthetic Churn Risk Model,1.0,2026-06-30
CHN009281,CUS009281,Not Churn,0.007,Low,Synthetic Churn Risk Model,1.0,2026-06-30
CHN009282,CUS009282,Not Churn,0.4376,Medium,Synthetic Churn Risk Model,1.0,2026-06-30
CHN009283,CUS009283,Not Churn,0.0341,Low,Synthetic Churn Risk Model,1.0,2026-06-30
CHN009284,CUS009284,Not Churn,0.0462,Low,Synthetic Churn Risk Model,1.0,2026-06-30
CHN009285,CUS009285,Not Churn,0.0413,Low,Synthetic Churn Risk Model,1.0,2026-06-30
CHN009286,CUS009286,Not Churn,0.0643,Low,Synthetic Churn Risk Model,1.0,2026-06-30
CHN009287,CUS009287,Not Churn,0.0471,Low,Synthetic Churn Risk Model,1.0,2026-06-30
CHN009288,CUS009288,Not Churn,0.4221,Medium,Synthetic Churn Risk Model,1.0,2026-06-30
CHN009289,CUS009289,Not Churn,0.4401,Medium,Synthetic Churn Risk Model,1.0,2026-06-30
CHN009290,CUS009290,Not Churn,0.3465,Medium,Synthetic Churn Risk Model,1.0,2026-06-30
CHN009291,CUS009291,Not Churn,0.301,Medium,Synthetic Churn Risk Model,1.0,2026-06-30
CHN009292,CUS009292,Not Churn,0.0539,Low,Synthetic Churn Risk Model,1.0,2026-06-30
CHN009293,CUS009293,Not Churn,0.0491,Low,Synthetic Churn Risk Model,1.0,2026-06-30
CHN009294,CUS009294,Not Churn,0.4248,Medium,Synthetic Churn Risk Model,1.0,2026-06-30
CHN009295,CUS009295,Not Churn,0.0948,Low,Synthetic Churn Risk Model,1.0,2026-06-30
CHN009296,CUS009296,Not Churn,0.4186,Medium,Synthetic Churn Risk Model,1.0,2026-06-30
CHN009297,CUS009297,Not Churn,0.427,Medium,Synthetic Churn Risk Model,1.0,2026-06-30
CHN009298,CUS009298,Not Churn,0.2297,Low,Synthetic Churn Risk Model,1.0,2026-06-30
CHN009299,CUS009299,Not Churn,0.0282,Low,Synthetic Churn Risk Model,1.0,2026-06-30
CHN009300,CUS009300,Not Churn,0.4178,Medium,Synthetic Churn Risk Model,1.0,2026-06-30
CHN009301,CUS009301,Not Churn,0.0586,Low,Synthetic Churn Risk Model,1.0,2026-06-30
CHN009302,CUS009302,Not Churn,0.0859,Low,Synthetic Churn Risk Model,1.0,2026-06-30
CHN009303,CUS009303,Not Churn,0.42,Medium,Synthetic Churn Risk Model,1.0,2026-06-30
CHN009304,CUS009304,Not Churn,0.4332,Medium,Synthetic Churn Risk Model,1.0,2026-06-30
CHN009305,CUS009305,Not Churn,0.0558,Low,Synthetic Churn Risk Model,1.0,2026-06-30
CHN009306,CUS009306,Not Churn,0.0482,Low,Synthetic Churn Risk Model,1.0,2026-06-30
CHN009307,CUS009307,Not Churn,0.125,Low,Synthetic Churn Risk Model,1.0,2026-06-30
CHN009308,CUS009308,Not Churn,0.023,Low,Synthetic Churn Risk Model,1.0,2026-06-30
CHN009309,CUS009309,Not Churn,0.1492,Low,Synthetic Churn Risk Model,1.0,2026-06-30
CHN009310,CUS009310,Not Churn,0.2071,Low,Synthetic Churn Risk Model,1.0,2026-06-30
CHN009311,CUS009311,Not Churn,0.025,Low,Synthetic Churn Risk Model,1.0,2026-06-30
CHN009312,CUS009312,Not Churn,0.0111,Low,Synthetic Churn Risk Model,1.0,2026-06-30
CHN009313,CUS009313,Not Churn,0.069,Low,Synthetic Churn Risk Model,1.0,2026-06-30
CHN009314,CUS009314,Not Churn,0.1265,Low,Synthetic Churn Risk Model,1.0,2026-06-30
CHN009315,CUS009315,Not Churn,0.3957,Medium,Synthetic Churn Risk Model,1.0,2026-06-30
CHN009316,CUS009316,Not Churn,0.1667,Low,Synthetic Churn Risk Model,1.0,2026-06-30
CHN009317,CUS009317,Not Churn,0.1354,Low,Synthetic Churn Risk Model,1.0,2026-06-30
CHN009318,CUS009318,Not Churn,0.1618,Low,Synthetic Churn Risk Model,1.0,2026-06-30
CHN009319,CUS009319,Not Churn,0.044,Low,Synthetic Churn Risk Model,1.0,2026-06-30
CHN009320,CUS009320,Not Churn,0.1242,Low,Synthetic Churn Risk Model,1.0,2026-06-30
CHN009321,CUS009321,Not Churn,0.0449,Low,Synthetic Churn Risk Model,1.0,2026-06-30
CHN009322,CUS009322,Not Churn,0.0699,Low,Synthetic Churn Risk Model,1.0,2026-06-30
CHN009323,CUS009323,Not Churn,0.1316,Low,Synthetic Churn Risk Model,1.0,2026-06-30
CHN009324,CUS009324,Not Churn,0.4198,Medium,Synthetic Churn Risk Model,1.0,2026-06-30
CHN009325,CUS009325,Not Churn,0.0483,Low,Synthetic Churn Risk Model,1.0,2026-06-30
CHN009326,CUS009326,Not Churn,0.1939,Low,Synthetic Churn Risk Model,1.0,2026-06-30
CHN009327,CUS009327,Not Churn,0.0993,Low,Synthetic Churn Risk Model,1.0,2026-06-30
CHN009328,CUS009328,Not Churn,0.0421,Low,Synthetic Churn Risk Model,1.0,2026-06-30
CHN009329,CUS009329,Not Churn,0.4281,Medium,Synthetic Churn Risk Model,1.0,2026-06-30
CHN009330,CUS009330,Not Churn,0.0431,Low,Synthetic Churn Risk Model,1.0,2026-06-30
CHN009331,CUS009331,Not Churn,0.1507,Low,Synthetic Churn Risk Model,1.0,2026-06-30
CHN009332,CUS009332,Not Churn,0.1397,Low,Synthetic Churn Risk Model,1.0,2026-06-30
CHN009333,CUS009333,Churn,0.7358,High,Synthetic Churn Risk Model,1.0,2026-06-30
CHN009334,CUS009334,Not Churn,0.0258,Low,Synthetic Churn Risk Model,1.0,2026-06-30
CHN009335,CUS009335,Not Churn,0.0913,Low,Synthetic Churn Risk Model,1.0,2026-06-30
CHN009336,CUS009336,Not Churn,0.0251,Low,Synthetic Churn Risk Model,1.0,2026-06-30
CHN009337,CUS009337,Not Churn,0.4954,Medium,Synthetic Churn Risk Model,1.0,2026-06-30
CHN009338,CUS009338,Not Churn,0.0164,Low,Synthetic Churn Risk Model,1.0,2026-06-30
CHN009339,CUS009339,Not Churn,0.0707,Low,Synthetic Churn Risk Model,1.0,2026-06-30
CHN009340,CUS009340,Not Churn,0.0813,Low,Synthetic Churn Risk Model,1.0,2026-06-30
CHN009341,CUS009341,Not Churn,0.0222,Low,Synthetic Churn Risk Model,1.0,2026-06-30
CHN009342,CUS009342,Not Churn,0.4801,Medium,Synthetic Churn Risk Model,1.0,2026-06-30
CHN009343,CUS009343,Not Churn,0.0204,Low,Synthetic Churn Risk Model,1.0,2026-06-30
CHN009344,CUS009344,Not Churn,0.4032,Medium,Synthetic Churn Risk Model,1.0,2026-06-30
CHN009345,CUS009345,Not Churn,0.4566,Medium,Synthetic Churn Risk Model,1.0,2026-06-30
CHN009346,CUS009346,Not Churn,0.0713,Low,Synthetic Churn Risk Model,1.0,2026-06-30
CHN009347,CUS009347,Not Churn,0.4302,Medium,Synthetic Churn Risk Model,1.0,2026-06-30
CHN009348,CUS009348,Not Churn,0.0183,Low,Synthetic Churn Risk Model,1.0,2026-06-30
CHN009349,CUS009349,Not Churn,0.0241,Low,Synthetic Churn Risk Model,1.0,2026-06-30
CHN009350,CUS009350,Not Churn,0.0311,Low,Synthetic Churn Risk Model,1.0,2026-06-30
CHN009351,CUS009351,Not Churn,0.035,Low,Synthetic Churn Risk Model,1.0,2026-06-30
CHN009352,CUS009352,Not Churn,0.0395,Low,Synthetic Churn Risk Model,1.0,2026-06-30
CHN009353,CUS009353,Not Churn,0.0195,Low,Synthetic Churn Risk Model,1.0,2026-06-30
CHN009354,CUS009354,Not Churn,0.0781,Low,Synthetic Churn Risk Model,1.0,2026-06-30
CHN009355,CUS009355,Not Churn,0.0279,Low,Synthetic Churn Risk Model,1.0,2026-06-30
CHN009356,CUS009356,Not Churn,0.0393,Low,Synthetic Churn Risk Model,1.0,2026-06-30
CHN009357,CUS009357,Not Churn,0.1188,Low,Synthetic Churn Risk Model,1.0,2026-06-30
CHN009358,CUS009358,Not Churn,0.4005,Medium,Synthetic Churn Risk Model,1.0,2026-06-30
CHN009359,CUS009359,Not Churn,0.4082,Medium,Synthetic Churn Risk Model,1.0,2026-06-30
CHN009360,CUS009360,Not Churn,0.1704,Low,Synthetic Churn Risk Model,1.0,2026-06-30
CHN009361,CUS009361,Not Churn,0.4218,Medium,Synthetic Churn Risk Model,1.0,2026-06-30
CHN009362,CUS009362,Not Churn,0.0314,Low,Synthetic Churn Risk Model,1.0,2026-06-30
CHN009363,CUS009363,Not Churn,0.5406,Medium,Synthetic Churn Risk Model,1.0,2026-06-30
CHN009364,CUS009364,Not Churn,0.119,Low,Synthetic Churn Risk Model,1.0,2026-06-30
CHN009365,CUS009365,Not Churn,0.0494,Low,Synthetic Churn Risk Model,1.0,2026-06-30
CHN009366,CUS009366,Not Churn,0.1129,Low,Synthetic Churn Risk Model,1.0,2026-06-30
CHN009367,CUS009367,Not Churn,0.0971,Low,Synthetic Churn Risk Model,1.0,2026-06-30
CHN009368,CUS009368,Not Churn,0.0908,Low,Synthetic Churn Risk Model,1.0,2026-06-30
CHN009369,CUS009369,Not Churn,0.4081,Medium,Synthetic Churn Risk Model,1.0,2026-06-30
CHN009370,CUS009370,Not Churn,0.2919,Low,Synthetic Churn Risk Model,1.0,2026-06-30
CHN009371,CUS009371,Not Churn,0.1744,Low,Synthetic Churn Risk Model,1.0,2026-06-30
CHN009372,CUS009372,Not Churn,0.0025,Low,Synthetic Churn Risk Model,1.0,2026-06-30
CHN009373,CUS009373,Not Churn,0.4115,Medium,Synthetic Churn Risk Model,1.0,2026-06-30
CHN009374,CUS009374,Not Churn,0.283,Low,Synthetic Churn Risk Model,1.0,2026-06-30
CHN009375,CUS009375,Not Churn,0.0362,Low,Synthetic Churn Risk Model,1.0,2026-06-30
CHN009376,CUS009376,Not Churn,0.4402,Medium,Synthetic Churn Risk Model,1.0,2026-06-30
CHN009377,CUS009377,Not Churn,0.0483,Low,Synthetic Churn Risk Model,1.0,2026-06-30
CHN009378,CUS009378,Not Churn,0.4104,Medium,Synthetic Churn Risk Model,1.0,2026-06-30
CHN009379,CUS009379,Not Churn,0.3503,Medium,Synthetic Churn Risk Model,1.0,2026-06-30
CHN009380,CUS009380,Not Churn,0.4053,Medium,Synthetic Churn Risk Model,1.0,2026-06-30
CHN009381,CUS009381,Not Churn,0.0383,Low,Synthetic Churn Risk Model,1.0,2026-06-30
CHN009382,CUS009382,Not Churn,0.0295,Low,Synthetic Churn Risk Model,1.0,2026-06-30
CHN009383,CUS009383,Not Churn,0.0429,Low,Synthetic Churn Risk Model,1.0,2026-06-30
CHN009384,CUS009384,Not Churn,0.4438,Medium,Synthetic Churn Risk Model,1.0,2026-06-30
CHN009385,CUS009385,Not Churn,0.4191,Medium,Synthetic Churn Risk Model,1.0,2026-06-30
CHN009386,CUS009386,Not Churn,0.1079,Low,Synthetic Churn Risk Model,1.0,2026-06-30
CHN009387,CUS009387,Not Churn,0.4182,Medium,Synthetic Churn Risk Model,1.0,2026-06-30
CHN009388,CUS009388,Not Churn,0.0973,Low,Synthetic Churn Risk Model,1.0,2026-06-30
CHN009389,CUS009389,Not Churn,0.4211,Medium,Synthetic Churn Risk Model,1.0,2026-06-30
CHN009390,CUS009390,Not Churn,0.1618,Low,Synthetic Churn Risk Model,1.0,2026-06-30
CHN009391,CUS009391,Not Churn,0.0413,Low,Synthetic Churn Risk Model,1.0,2026-06-30
CHN009392,CUS009392,Not Churn,0.121,Low,Synthetic Churn Risk Model,1.0,2026-06-30
CHN009393,CUS009393,Not Churn,0.1271,Low,Synthetic Churn Risk Model,1.0,2026-06-30
CHN009394,CUS009394,Not Churn,0.033,Low,Synthetic Churn Risk Model,1.0,2026-06-30
CHN009395,CUS009395,Not Churn,0.0173,Low,Synthetic Churn Risk Model,1.0,2026-06-30
CHN009396,CUS009396,Not Churn,0.0487,Low,Synthetic Churn Risk Model,1.0,2026-06-30
CHN009397,CUS009397,Not Churn,0.3984,Medium,Synthetic Churn Risk Model,1.0,2026-06-30
CHN009398,CUS009398,Not Churn,0.414,Medium,Synthetic Churn Risk Model,1.0,2026-06-30
CHN009399,CUS009399,Not Churn,0.0458,Low,Synthetic Churn Risk Model,1.0,2026-06-30
CHN009400,CUS009400,Not Churn,0.4088,Medium,Synthetic Churn Risk Model,1.0,2026-06-30
CHN009401,CUS009401,Not Churn,0.4282,Medium,Synthetic Churn Risk Model,1.0,2026-06-30
CHN009402,CUS009402,Not Churn,0.0195,Low,Synthetic Churn Risk Model,1.0,2026-06-30
CHN009403,CUS009403,Not Churn,0.3935,Medium,Synthetic Churn Risk Model,1.0,2026-06-30
CHN009404,CUS009404,Not Churn,0.0514,Low,Synthetic Churn Risk Model,1.0,2026-06-30
CHN009405,CUS009405,Not Churn,0.422,Medium,Synthetic Churn Risk Model,1.0,2026-06-30
CHN009406,CUS009406,Not Churn,0.0367,Low,Synthetic Churn Risk Model,1.0,2026-06-30
CHN009407,CUS009407,Not Churn,0.1273,Low,Synthetic Churn Risk Model,1.0,2026-06-30
CHN009408,CUS009408,Not Churn,0.1577,Low,Synthetic Churn Risk Model,1.0,2026-06-30
CHN009409,CUS009409,Not Churn,0.0644,Low,Synthetic Churn Risk Model,1.0,2026-06-30
CHN009410,CUS009410,Not Churn,0.4252,Medium,Synthetic Churn Risk Model,1.0,2026-06-30
CHN009411,CUS009411,Not Churn,0.4099,Medium,Synthetic Churn Risk Model,1.0,2026-06-30
CHN009412,CUS009412,Not Churn,0.1069,Low,Synthetic Churn Risk Model,1.0,2026-06-30
CHN009413,CUS009413,Not Churn,0.3985,Medium,Synthetic Churn Risk Model,1.0,2026-06-30
CHN009414,CUS009414,Not Churn,0.1079,Low,Synthetic Churn Risk Model,1.0,2026-06-30
CHN009415,CUS009415,Not Churn,0.1635,Low,Synthetic Churn Risk Model,1.0,2026-06-30
CHN009416,CUS009416,Not Churn,0.0595,Low,Synthetic Churn Risk Model,1.0,2026-06-30
CHN009417,CUS009417,Not Churn,0.2299,Low,Synthetic Churn Risk Model,1.0,2026-06-30
CHN009418,CUS009418,Not Churn,0.4248,Medium,Synthetic Churn Risk Model,1.0,2026-06-30
CHN009419,CUS009419,Not Churn,0.4065,Medium,Synthetic Churn Risk Model,1.0,2026-06-30
CHN009420,CUS009420,Not Churn,0.0813,Low,Synthetic Churn Risk Model,1.0,2026-06-30
CHN009421,CUS009421,Not Churn,0.4063,Medium,Synthetic Churn Risk Model,1.0,2026-06-30
CHN009422,CUS009422,Not Churn,0.0345,Low,Synthetic Churn Risk Model,1.0,2026-06-30
CHN009423,CUS009423,Not Churn,0.1207,Low,Synthetic Churn Risk Model,1.0,2026-06-30
CHN009424,CUS009424,Not Churn,0.0642,Low,Synthetic Churn Risk Model,1.0,2026-06-30
CHN009425,CUS009425,Not Churn,0.0836,Low,Synthetic Churn Risk Model,1.0,2026-06-30
CHN009426,CUS009426,Not Churn,0.2043,Low,Synthetic Churn Risk Model,1.0,2026-06-30
CHN009427,CUS009427,Not Churn,0.2381,Low,Synthetic Churn Risk Model,1.0,2026-06-30
CHN009428,CUS009428,Not Churn,0.2668,Low,Synthetic Churn Risk Model,1.0,2026-06-30
CHN009429,CUS009429,Not Churn,0.1659,Low,Synthetic Churn Risk Model,1.0,2026-06-30
CHN009430,CUS009430,Not Churn,0.1947,Low,Synthetic Churn Risk Model,1.0,2026-06-30
CHN009431,CUS009431,Not Churn,0.4374,Medium,Synthetic Churn Risk Model,1.0,2026-06-30
CHN009432,CUS009432,Not Churn,0.0458,Low,Synthetic Churn Risk Model,1.0,2026-06-30
CHN009433,CUS009433,Not Churn,0.0441,Low,Synthetic Churn Risk Model,1.0,2026-06-30
CHN009434,CUS009434,Not Churn,0.0496,Low,Synthetic Churn Risk Model,1.0,2026-06-30
CHN009435,CUS009435,Not Churn,0.4032,Medium,Synthetic Churn Risk Model,1.0,2026-06-30
CHN009436,CUS009436,Not Churn,0.0841,Low,Synthetic Churn Risk Model,1.0,2026-06-30
CHN009437,CUS009437,Not Churn,0.4056,Medium,Synthetic Churn Risk Model,1.0,2026-06-30
CHN009438,CUS009438,Not Churn,0.0422,Low,Synthetic Churn Risk Model,1.0,2026-06-30
CHN009439,CUS009439,Not Churn,0.4212,Medium,Synthetic Churn Risk Model,1.0,2026-06-30
CHN009440,CUS009440,Not Churn,0.4329,Medium,Synthetic Churn Risk Model,1.0,2026-06-30
CHN009441,CUS009441,Not Churn,0.1853,Low,Synthetic Churn Risk Model,1.0,2026-06-30
CHN009442,CUS009442,Not Churn,0.0841,Low,Synthetic Churn Risk Model,1.0,2026-06-30
CHN009443,CUS009443,Not Churn,0.1059,Low,Synthetic Churn Risk Model,1.0,2026-06-30
CHN009444,CUS009444,Not Churn,0.0318,Low,Synthetic Churn Risk Model,1.0,2026-06-30
CHN009445,CUS009445,Not Churn,0.5122,Medium,Synthetic Churn Risk Model,1.0,2026-06-30
CHN009446,CUS009446,Not Churn,0.0703,Low,Synthetic Churn Risk Model,1.0,2026-06-30
CHN009447,CUS009447,Not Churn,0.0792,Low,Synthetic Churn Risk Model,1.0,2026-06-30
CHN009448,CUS009448,Not Churn,0.4124,Medium,Synthetic Churn Risk Model,1.0,2026-06-30
CHN009449,CUS009449,Not Churn,0.218,Low,Synthetic Churn Risk Model,1.0,2026-06-30
CHN009450,CUS009450,Not Churn,0.0382,Low,Synthetic Churn Risk Model,1.0,2026-06-30
CHN009451,CUS009451,Not Churn,0.0775,Low,Synthetic Churn Risk Model,1.0,2026-06-30
CHN009452,CUS009452,Not Churn,0.4243,Medium,Synthetic Churn Risk Model,1.0,2026-06-30
CHN009453,CUS009453,Not Churn,0.0865,Low,Synthetic Churn Risk Model,1.0,2026-06-30
CHN009454,CUS009454,Not Churn,0.3708,Medium,Synthetic Churn Risk Model,1.0,2026-06-30
CHN009455,CUS009455,Not Churn,0.4135,Medium,Synthetic Churn Risk Model,1.0,2026-06-30
CHN009456,CUS009456,Not Churn,0.4259,Medium,Synthetic Churn Risk Model,1.0,2026-06-30
CHN009457,CUS009457,Not Churn,0.3613,Medium,Synthetic Churn Risk Model,1.0,2026-06-30
CHN009458,CUS009458,Not Churn,0.1778,Low,Synthetic Churn Risk Model,1.0,2026-06-30
CHN009459,CUS009459,Not Churn,0.093,Low,Synthetic Churn Risk Model,1.0,2026-06-30
CHN009460,CUS009460,Not Churn,0.0519,Low,Synthetic Churn Risk Model,1.0,2026-06-30
CHN009461,CUS009461,Not Churn,0.2967,Low,Synthetic Churn Risk Model,1.0,2026-06-30
CHN009462,CUS009462,Not Churn,0.0882,Low,Synthetic Churn Risk Model,1.0,2026-06-30
CHN009463,CUS009463,Not Churn,0.0961,Low,Synthetic Churn Risk Model,1.0,2026-06-30
CHN009464,CUS009464,Not Churn,0.3159,Medium,Synthetic Churn Risk Model,1.0,2026-06-30
CHN009465,CUS009465,Not Churn,0.3413,Medium,Synthetic Churn Risk Model,1.0,2026-06-30
CHN009466,CUS009466,Not Churn,0.0765,Low,Synthetic Churn Risk Model,1.0,2026-06-30
CHN009467,CUS009467,Not Churn,0.0333,Low,Synthetic Churn Risk Model,1.0,2026-06-30
CHN009468,CUS009468,Not Churn,0.0216,Low,Synthetic Churn Risk Model,1.0,2026-06-30
CHN009469,CUS009469,Not Churn,0.028,Low,Synthetic Churn Risk Model,1.0,2026-06-30
CHN009470,CUS009470,Not Churn,0.4223,Medium,Synthetic Churn Risk Model,1.0,2026-06-30
CHN009471,CUS009471,Not Churn,0.0411,Low,Synthetic Churn Risk Model,1.0,2026-06-30
CHN009472,CUS009472,Not Churn,0.0687,Low,Synthetic Churn Risk Model,1.0,2026-06-30
CHN009473,CUS009473,Not Churn,0.1356,Low,Synthetic Churn Risk Model,1.0,2026-06-30
CHN009474,CUS009474,Not Churn,0.4139,Medium,Synthetic Churn Risk Model,1.0,2026-06-30
CHN009475,CUS009475,Not Churn,0.1758,Low,Synthetic Churn Risk Model,1.0,2026-06-30
CHN009476,CUS009476,Not Churn,0.4155,Medium,Synthetic Churn Risk Model,1.0,2026-06-30
CHN009477,CUS009477,Not Churn,0.049,Low,Synthetic Churn Risk Model,1.0,2026-06-30
CHN009478,CUS009478,Not Churn,0.1363,Low,Synthetic Churn Risk Model,1.0,2026-06-30
CHN009479,CUS009479,Not Churn,0.2589,Low,Synthetic Churn Risk Model,1.0,2026-06-30
CHN009480,CUS009480,Not Churn,0.164,Low,Synthetic Churn Risk Model,1.0,2026-06-30
CHN009481,CUS009481,Not Churn,0.019,Low,Synthetic Churn Risk Model,1.0,2026-06-30
CHN009482,CUS009482,Not Churn,0.1586,Low,Synthetic Churn Risk Model,1.0,2026-06-30
CHN009483,CUS009483,Not Churn,0.159,Low,Synthetic Churn Risk Model,1.0,2026-06-30
CHN009484,CUS009484,Not Churn,0.098,Low,Synthetic Churn Risk Model,1.0,2026-06-30
CHN009485,CUS009485,Not Churn,0.0676,Low,Synthetic Churn Risk Model,1.0,2026-06-30
CHN009486,CUS009486,Not Churn,0.0282,Low,Synthetic Churn Risk Model,1.0,2026-06-30
CHN009487,CUS009487,Not Churn,0.0698,Low,Synthetic Churn Risk Model,1.0,2026-06-30
CHN009488,CUS009488,Not Churn,0.0172,Low,Synthetic Churn Risk Model,1.0,2026-06-30
CHN009489,CUS009489,Not Churn,0.0832,Low,Synthetic Churn Risk Model,1.0,2026-06-30
CHN009490,CUS009490,Not Churn,0.421,Medium,Synthetic Churn Risk Model,1.0,2026-06-30
CHN009491,CUS009491,Not Churn,0.0188,Low,Synthetic Churn Risk Model,1.0,2026-06-30
CHN009492,CUS009492,Not Churn,0.0855,Low,Synthetic Churn Risk Model,1.0,2026-06-30
CHN009493,CUS009493,Not Churn,0.1114,Low,Synthetic Churn Risk Model,1.0,2026-06-30
CHN009494,CUS009494,Not Churn,0.4387,Medium,Synthetic Churn Risk Model,1.0,2026-06-30
CHN009495,CUS009495,Not Churn,0.4262,Medium,Synthetic Churn Risk Model,1.0,2026-06-30
CHN009496,CUS009496,Not Churn,0.4377,Medium,Synthetic Churn Risk Model,1.0,2026-06-30
CHN009497,CUS009497,Not Churn,0.2123,Low,Synthetic Churn Risk Model,1.0,2026-06-30
CHN009498,CUS009498,Not Churn,0.0448,Low,Synthetic Churn Risk Model,1.0,2026-06-30
CHN009499,CUS009499,Not Churn,0.2071,Low,Synthetic Churn Risk Model,1.0,2026-06-30
CHN009500,CUS009500,Churn,0.602,High,Synthetic Churn Risk Model,1.0,2026-06-30
CHN009501,CUS009501,Not Churn,0.0866,Low,Synthetic Churn Risk Model,1.0,2026-06-30
CHN009502,CUS009502,Not Churn,0.4419,Medium,Synthetic Churn Risk Model,1.0,2026-06-30
CHN009503,CUS009503,Not Churn,0.0141,Low,Synthetic Churn Risk Model,1.0,2026-06-30
CHN009504,CUS009504,Not Churn,0.0051,Low,Synthetic Churn Risk Model,1.0,2026-06-30
CHN009505,CUS009505,Not Churn,0.0798,Low,Synthetic Churn Risk Model,1.0,2026-06-30
CHN009506,CUS009506,Not Churn,0.114,Low,Synthetic Churn Risk Model,1.0,2026-06-30
CHN009507,CUS009507,Not Churn,0.4158,Medium,Synthetic Churn Risk Model,1.0,2026-06-30
CHN009508,CUS009508,Not Churn,0.0213,Low,Synthetic Churn Risk Model,1.0,2026-06-30
CHN009509,CUS009509,Not Churn,0.4334,Medium,Synthetic Churn Risk Model,1.0,2026-06-30
CHN009510,CUS009510,Not Churn,0.2536,Low,Synthetic Churn Risk Model,1.0,2026-06-30
CHN009511,CUS009511,Not Churn,0.4229,Medium,Synthetic Churn Risk Model,1.0,2026-06-30
CHN009512,CUS009512,Not Churn,0.026,Low,Synthetic Churn Risk Model,1.0,2026-06-30
CHN009513,CUS009513,Not Churn,0.0354,Low,Synthetic Churn Risk Model,1.0,2026-06-30
CHN009514,CUS009514,Not Churn,0.0521,Low,Synthetic Churn Risk Model,1.0,2026-06-30
CHN009515,CUS009515,Not Churn,0.4238,Medium,Synthetic Churn Risk Model,1.0,2026-06-30
CHN009516,CUS009516,Not Churn,0.0273,Low,Synthetic Churn Risk Model,1.0,2026-06-30
CHN009517,CUS009517,Not Churn,0.1583,Low,Synthetic Churn Risk Model,1.0,2026-06-30
CHN009518,CUS009518,Not Churn,0.0444,Low,Synthetic Churn Risk Model,1.0,2026-06-30
CHN009519,CUS009519,Not Churn,0.0155,Low,Synthetic Churn Risk Model,1.0,2026-06-30
CHN009520,CUS009520,Not Churn,0.0972,Low,Synthetic Churn Risk Model,1.0,2026-06-30
CHN009521,CUS009521,Not Churn,0.1645,Low,Synthetic Churn Risk Model,1.0,2026-06-30
CHN009522,CUS009522,Not Churn,0.0556,Low,Synthetic Churn Risk Model,1.0,2026-06-30
CHN009523,CUS009523,Not Churn,0.1217,Low,Synthetic Churn Risk Model,1.0,2026-06-30
CHN009524,CUS009524,Not Churn,0.1357,Low,Synthetic Churn Risk Model,1.0,2026-06-30
CHN009525,CUS009525,Not Churn,0.1201,Low,Synthetic Churn Risk Model,1.0,2026-06-30
CHN009526,CUS009526,Not Churn,0.2952,Low,Synthetic Churn Risk Model,1.0,2026-06-30
CHN009527,CUS009527,Not Churn,0.1044,Low,Synthetic Churn Risk Model,1.0,2026-06-30
CHN009528,CUS009528,Not Churn,0.081,Low,Synthetic Churn Risk Model,1.0,2026-06-30
CHN009529,CUS009529,Not Churn,0.0687,Low,Synthetic Churn Risk Model,1.0,2026-06-30
CHN009530,CUS009530,Not Churn,0.0959,Low,Synthetic Churn Risk Model,1.0,2026-06-30
CHN009531,CUS009531,Not Churn,0.0313,Low,Synthetic Churn Risk Model,1.0,2026-06-30
CHN009532,CUS009532,Not Churn,0.4137,Medium,Synthetic Churn Risk Model,1.0,2026-06-30
CHN009533,CUS009533,Not Churn,0.0882,Low,Synthetic Churn Risk Model,1.0,2026-06-30
CHN009534,CUS009534,Not Churn,0.1203,Low,Synthetic Churn Risk Model,1.0,2026-06-30
CHN009535,CUS009535,Not Churn,0.0531,Low,Synthetic Churn Risk Model,1.0,2026-06-30
CHN009536,CUS009536,Not Churn,0.4093,Medium,Synthetic Churn Risk Model,1.0,2026-06-30
CHN009537,CUS009537,Not Churn,0.1254,Low,Synthetic Churn Risk Model,1.0,2026-06-30
CHN009538,CUS009538,Not Churn,0.0364,Low,Synthetic Churn Risk Model,1.0,2026-06-30
CHN009539,CUS009539,Not Churn,0.1234,Low,Synthetic Churn Risk Model,1.0,2026-06-30
CHN009540,CUS009540,Not Churn,0.0462,Low,Synthetic Churn Risk Model,1.0,2026-06-30
CHN009541,CUS009541,Not Churn,0.2607,Low,Synthetic Churn Risk Model,1.0,2026-06-30
CHN009542,CUS009542,Not Churn,0.1963,Low,Synthetic Churn Risk Model,1.0,2026-06-30
CHN009543,CUS009543,Not Churn,0.0261,Low,Synthetic Churn Risk Model,1.0,2026-06-30
CHN009544,CUS009544,Not Churn,0.1375,Low,Synthetic Churn Risk Model,1.0,2026-06-30
CHN009545,CUS009545,Not Churn,0.2737,Low,Synthetic Churn Risk Model,1.0,2026-06-30
CHN009546,CUS009546,Not Churn,0.3707,Medium,Synthetic Churn Risk Model,1.0,2026-06-30
CHN009547,CUS009547,Not Churn,0.0844,Low,Synthetic Churn Risk Model,1.0,2026-06-30
CHN009548,CUS009548,Not Churn,0.0854,Low,Synthetic Churn Risk Model,1.0,2026-06-30
CHN009549,CUS009549,Not Churn,0.0178,Low,Synthetic Churn Risk Model,1.0,2026-06-30
CHN009550,CUS009550,Not Churn,0.0392,Low,Synthetic Churn Risk Model,1.0,2026-06-30
CHN009551,CUS009551,Not Churn,0.4109,Medium,Synthetic Churn Risk Model,1.0,2026-06-30
CHN009552,CUS009552,Not Churn,0.0437,Low,Synthetic Churn Risk Model,1.0,2026-06-30
CHN009553,CUS009553,Not Churn,0.0714,Low,Synthetic Churn Risk Model,1.0,2026-06-30
CHN009554,CUS009554,Not Churn,0.0666,Low,Synthetic Churn Risk Model,1.0,2026-06-30
CHN009555,CUS009555,Not Churn,0.0383,Low,Synthetic Churn Risk Model,1.0,2026-06-30
CHN009556,CUS009556,Not Churn,0.4362,Medium,Synthetic Churn Risk Model,1.0,2026-06-30
CHN009557,CUS009557,Not Churn,0.0278,Low,Synthetic Churn Risk Model,1.0,2026-06-30
CHN009558,CUS009558,Not Churn,0.0693,Low,Synthetic Churn Risk Model,1.0,2026-06-30
CHN009559,CUS009559,Not Churn,0.1848,Low,Synthetic Churn Risk Model,1.0,2026-06-30
CHN009560,CUS009560,Not Churn,0.1663,Low,Synthetic Churn Risk Model,1.0,2026-06-30
CHN009561,CUS009561,Not Churn,0.4525,Medium,Synthetic Churn Risk Model,1.0,2026-06-30
CHN009562,CUS009562,Not Churn,0.0616,Low,Synthetic Churn Risk Model,1.0,2026-06-30
CHN009563,CUS009563,Not Churn,0.0819,Low,Synthetic Churn Risk Model,1.0,2026-06-30
CHN009564,CUS009564,Not Churn,0.0201,Low,Synthetic Churn Risk Model,1.0,2026-06-30
CHN009565,CUS009565,Not Churn,0.0269,Low,Synthetic Churn Risk Model,1.0,2026-06-30
CHN009566,CUS009566,Not Churn,0.4149,Medium,Synthetic Churn Risk Model,1.0,2026-06-30
CHN009567,CUS009567,Not Churn,0.0515,Low,Synthetic Churn Risk Model,1.0,2026-06-30
CHN009568,CUS009568,Not Churn,0.4334,Medium,Synthetic Churn Risk Model,1.0,2026-06-30
CHN009569,CUS009569,Not Churn,0.4054,Medium,Synthetic Churn Risk Model,1.0,2026-06-30
CHN009570,CUS009570,Not Churn,0.0573,Low,Synthetic Churn Risk Model,1.0,2026-06-30
CHN009571,CUS009571,Not Churn,0.4327,Medium,Synthetic Churn Risk Model,1.0,2026-06-30
CHN009572,CUS009572,Not Churn,0.0841,Low,Synthetic Churn Risk Model,1.0,2026-06-30
CHN009573,CUS009573,Not Churn,0.4088,Medium,Synthetic Churn Risk Model,1.0,2026-06-30
CHN009574,CUS009574,Not Churn,0.1415,Low,Synthetic Churn Risk Model,1.0,2026-06-30
CHN009575,CUS009575,Not Churn,0.1164,Low,Synthetic Churn Risk Model,1.0,2026-06-30
CHN009576,CUS009576,Not Churn,0.0376,Low,Synthetic Churn Risk Model,1.0,2026-06-30
CHN009577,CUS009577,Not Churn,0.0052,Low,Synthetic Churn Risk Model,1.0,2026-06-30
CHN009578,CUS009578,Not Churn,0.0471,Low,Synthetic Churn Risk Model,1.0,2026-06-30
CHN009579,CUS009579,Not Churn,0.1156,Low,Synthetic Churn Risk Model,1.0,2026-06-30
CHN009580,CUS009580,Not Churn,0.108,Low,Synthetic Churn Risk Model,1.0,2026-06-30
CHN009581,CUS009581,Not Churn,0.0748,Low,Synthetic Churn Risk Model,1.0,2026-06-30
CHN009582,CUS009582,Not Churn,0.4209,Medium,Synthetic Churn Risk Model,1.0,2026-06-30
CHN009583,CUS009583,Not Churn,0.1213,Low,Synthetic Churn Risk Model,1.0,2026-06-30
CHN009584,CUS009584,Not Churn,0.4191,Medium,Synthetic Churn Risk Model,1.0,2026-06-30
CHN009585,CUS009585,Not Churn,0.1291,Low,Synthetic Churn Risk Model,1.0,2026-06-30
CHN009586,CUS009586,Not Churn,0.023,Low,Synthetic Churn Risk Model,1.0,2026-06-30
CHN009587,CUS009587,Not Churn,0.0132,Low,Synthetic Churn Risk Model,1.0,2026-06-30
CHN009588,CUS009588,Not Churn,0.0398,Low,Synthetic Churn Risk Model,1.0,2026-06-30
CHN009589,CUS009589,Not Churn,0.4397,Medium,Synthetic Churn Risk Model,1.0,2026-06-30
CHN009590,CUS009590,Not Churn,0.1366,Low,Synthetic Churn Risk Model,1.0,2026-06-30
CHN009591,CUS009591,Not Churn,0.1225,Low,Synthetic Churn Risk Model,1.0,2026-06-30
CHN009592,CUS009592,Not Churn,0.3969,Medium,Synthetic Churn Risk Model,1.0,2026-06-30
CHN009593,CUS009593,Not Churn,0.0357,Low,Synthetic Churn Risk Model,1.0,2026-06-30
CHN009594,CUS009594,Not Churn,0.4182,Medium,Synthetic Churn Risk Model,1.0,2026-06-30
CHN009595,CUS009595,Not Churn,0.237,Low,Synthetic Churn Risk Model,1.0,2026-06-30
CHN009596,CUS009596,Not Churn,0.0078,Low,Synthetic Churn Risk Model,1.0,2026-06-30
CHN009597,CUS009597,Not Churn,0.0976,Low,Synthetic Churn Risk Model,1.0,2026-06-30
CHN009598,CUS009598,Churn,0.6607,High,Synthetic Churn Risk Model,1.0,2026-06-30
CHN009599,CUS009599,Not Churn,0.1728,Low,Synthetic Churn Risk Model,1.0,2026-06-30
CHN009600,CUS009600,Not Churn,0.407,Medium,Synthetic Churn Risk Model,1.0,2026-06-30
CHN009601,CUS009601,Not Churn,0.4061,Medium,Synthetic Churn Risk Model,1.0,2026-06-30
CHN009602,CUS009602,Not Churn,0.0488,Low,Synthetic Churn Risk Model,1.0,2026-06-30
CHN009603,CUS009603,Not Churn,0.0426,Low,Synthetic Churn Risk Model,1.0,2026-06-30
CHN009604,CUS009604,Not Churn,0.0686,Low,Synthetic Churn Risk Model,1.0,2026-06-30
CHN009605,CUS009605,Not Churn,0.174,Low,Synthetic Churn Risk Model,1.0,2026-06-30
CHN009606,CUS009606,Not Churn,0.0737,Low,Synthetic Churn Risk Model,1.0,2026-06-30
CHN009607,CUS009607,Not Churn,0.0414,Low,Synthetic Churn Risk Model,1.0,2026-06-30
CHN009608,CUS009608,Not Churn,0.5165,Medium,Synthetic Churn Risk Model,1.0,2026-06-30
CHN009609,CUS009609,Not Churn,0.0521,Low,Synthetic Churn Risk Model,1.0,2026-06-30
CHN009610,CUS009610,Not Churn,0.0208,Low,Synthetic Churn Risk Model,1.0,2026-06-30
CHN009611,CUS009611,Not Churn,0.1674,Low,Synthetic Churn Risk Model,1.0,2026-06-30
CHN009612,CUS009612,Not Churn,0.0165,Low,Synthetic Churn Risk Model,1.0,2026-06-30
CHN009613,CUS009613,Not Churn,0.0784,Low,Synthetic Churn Risk Model,1.0,2026-06-30
CHN009614,CUS009614,Not Churn,0.3052,Medium,Synthetic Churn Risk Model,1.0,2026-06-30
CHN009615,CUS009615,Not Churn,0.037,Low,Synthetic Churn Risk Model,1.0,2026-06-30
CHN009616,CUS009616,Not Churn,0.0922,Low,Synthetic Churn Risk Model,1.0,2026-06-30
CHN009617,CUS009617,Not Churn,0.0338,Low,Synthetic Churn Risk Model,1.0,2026-06-30
CHN009618,CUS009618,Not Churn,0.0815,Low,Synthetic Churn Risk Model,1.0,2026-06-30
CHN009619,CUS009619,Not Churn,0.4231,Medium,Synthetic Churn Risk Model,1.0,2026-06-30
CHN009620,CUS009620,Not Churn,0.4121,Medium,Synthetic Churn Risk Model,1.0,2026-06-30
CHN009621,CUS009621,Not Churn,0.3993,Medium,Synthetic Churn Risk Model,1.0,2026-06-30
CHN009622,CUS009622,Not Churn,0.106,Low,Synthetic Churn Risk Model,1.0,2026-06-30
CHN009623,CUS009623,Not Churn,0.2157,Low,Synthetic Churn Risk Model,1.0,2026-06-30
CHN009624,CUS009624,Not Churn,0.1869,Low,Synthetic Churn Risk Model,1.0,2026-06-30
CHN009625,CUS009625,Not Churn,0.2934,Low,Synthetic Churn Risk Model,1.0,2026-06-30
CHN009626,CUS009626,Not Churn,0.0242,Low,Synthetic Churn Risk Model,1.0,2026-06-30
CHN009627,CUS009627,Not Churn,0.1081,Low,Synthetic Churn Risk Model,1.0,2026-06-30
CHN009628,CUS009628,Not Churn,0.0384,Low,Synthetic Churn Risk Model,1.0,2026-06-30
CHN009629,CUS009629,Not Churn,0.1139,Low,Synthetic Churn Risk Model,1.0,2026-06-30
CHN009630,CUS009630,Not Churn,0.0605,Low,Synthetic Churn Risk Model,1.0,2026-06-30
CHN009631,CUS009631,Not Churn,0.109,Low,Synthetic Churn Risk Model,1.0,2026-06-30
CHN009632,CUS009632,Not Churn,0.068,Low,Synthetic Churn Risk Model,1.0,2026-06-30
CHN009633,CUS009633,Not Churn,0.0269,Low,Synthetic Churn Risk Model,1.0,2026-06-30
CHN009634,CUS009634,Not Churn,0.4215,Medium,Synthetic Churn Risk Model,1.0,2026-06-30
CHN009635,CUS009635,Not Churn,0.0446,Low,Synthetic Churn Risk Model,1.0,2026-06-30
CHN009636,CUS009636,Not Churn,0.4493,Medium,Synthetic Churn Risk Model,1.0,2026-06-30
CHN009637,CUS009637,Not Churn,0.2495,Low,Synthetic Churn Risk Model,1.0,2026-06-30
CHN009638,CUS009638,Not Churn,0.2234,Low,Synthetic Churn Risk Model,1.0,2026-06-30
CHN009639,CUS009639,Not Churn,0.1574,Low,Synthetic Churn Risk Model,1.0,2026-06-30
CHN009640,CUS009640,Not Churn,0.0142,Low,Synthetic Churn Risk Model,1.0,2026-06-30
CHN009641,CUS009641,Not Churn,0.0269,Low,Synthetic Churn Risk Model,1.0,2026-06-30
CHN009642,CUS009642,Not Churn,0.0862,Low,Synthetic Churn Risk Model,1.0,2026-06-30
CHN009643,CUS009643,Not Churn,0.4176,Medium,Synthetic Churn Risk Model,1.0,2026-06-30
CHN009644,CUS009644,Not Churn,0.4152,Medium,Synthetic Churn Risk Model,1.0,2026-06-30
CHN009645,CUS009645,Not Churn,0.4112,Medium,Synthetic Churn Risk Model,1.0,2026-06-30
CHN009646,CUS009646,Not Churn,0.0449,Low,Synthetic Churn Risk Model,1.0,2026-06-30
CHN009647,CUS009647,Not Churn,0.1714,Low,Synthetic Churn Risk Model,1.0,2026-06-30
CHN009648,CUS009648,Not Churn,0.3971,Medium,Synthetic Churn Risk Model,1.0,2026-06-30
CHN009649,CUS009649,Not Churn,0.0799,Low,Synthetic Churn Risk Model,1.0,2026-06-30
CHN009650,CUS009650,Not Churn,0.1286,Low,Synthetic Churn Risk Model,1.0,2026-06-30
CHN009651,CUS009651,Not Churn,0.1364,Low,Synthetic Churn Risk Model,1.0,2026-06-30
CHN009652,CUS009652,Not Churn,0.4111,Medium,Synthetic Churn Risk Model,1.0,2026-06-30
CHN009653,CUS009653,Not Churn,0.0135,Low,Synthetic Churn Risk Model,1.0,2026-06-30
CHN009654,CUS009654,Not Churn,0.1456,Low,Synthetic Churn Risk Model,1.0,2026-06-30
CHN009655,CUS009655,Not Churn,0.1917,Low,Synthetic Churn Risk Model,1.0,2026-06-30
CHN009656,CUS009656,Not Churn,0.3367,Medium,Synthetic Churn Risk Model,1.0,2026-06-30
CHN009657,CUS009657,Not Churn,0.0141,Low,Synthetic Churn Risk Model,1.0,2026-06-30
CHN009658,CUS009658,Not Churn,0.0518,Low,Synthetic Churn Risk Model,1.0,2026-06-30
CHN009659,CUS009659,Not Churn,0.0946,Low,Synthetic Churn Risk Model,1.0,2026-06-30
CHN009660,CUS009660,Not Churn,0.3981,Medium,Synthetic Churn Risk Model,1.0,2026-06-30
CHN009661,CUS009661,Not Churn,0.4078,Medium,Synthetic Churn Risk Model,1.0,2026-06-30
CHN009662,CUS009662,Not Churn,0.0831,Low,Synthetic Churn Risk Model,1.0,2026-06-30
CHN009663,CUS009663,Not Churn,0.2337,Low,Synthetic Churn Risk Model,1.0,2026-06-30
CHN009664,CUS009664,Not Churn,0.1278,Low,Synthetic Churn Risk Model,1.0,2026-06-30
CHN009665,CUS009665,Not Churn,0.1718,Low,Synthetic Churn Risk Model,1.0,2026-06-30
CHN009666,CUS009666,Not Churn,0.0682,Low,Synthetic Churn Risk Model,1.0,2026-06-30
CHN009667,CUS009667,Not Churn,0.4185,Medium,Synthetic Churn Risk Model,1.0,2026-06-30
CHN009668,CUS009668,Not Churn,0.029,Low,Synthetic Churn Risk Model,1.0,2026-06-30
CHN009669,CUS009669,Not Churn,0.399,Medium,Synthetic Churn Risk Model,1.0,2026-06-30
CHN009670,CUS009670,Not Churn,0.0247,Low,Synthetic Churn Risk Model,1.0,2026-06-30
CHN009671,CUS009671,Not Churn,0.2125,Low,Synthetic Churn Risk Model,1.0,2026-06-30
CHN009672,CUS009672,Not Churn,0.0502,Low,Synthetic Churn Risk Model,1.0,2026-06-30
CHN009673,CUS009673,Not Churn,0.3964,Medium,Synthetic Churn Risk Model,1.0,2026-06-30
CHN009674,CUS009674,Not Churn,0.4112,Medium,Synthetic Churn Risk Model,1.0,2026-06-30
CHN009675,CUS009675,Not Churn,0.0858,Low,Synthetic Churn Risk Model,1.0,2026-06-30
CHN009676,CUS009676,Not Churn,0.0456,Low,Synthetic Churn Risk Model,1.0,2026-06-30
CHN009677,CUS009677,Not Churn,0.1688,Low,Synthetic Churn Risk Model,1.0,2026-06-30
CHN009678,CUS009678,Not Churn,0.021,Low,Synthetic Churn Risk Model,1.0,2026-06-30
CHN009679,CUS009679,Not Churn,0.0302,Low,Synthetic Churn Risk Model,1.0,2026-06-30
CHN009680,CUS009680,Not Churn,0.402,Medium,Synthetic Churn Risk Model,1.0,2026-06-30
CHN009681,CUS009681,Not Churn,0.0383,Low,Synthetic Churn Risk Model,1.0,2026-06-30
CHN009682,CUS009682,Not Churn,0.0751,Low,Synthetic Churn Risk Model,1.0,2026-06-30
CHN009683,CUS009683,Not Churn,0.0263,Low,Synthetic Churn Risk Model,1.0,2026-06-30
CHN009684,CUS009684,Not Churn,0.415,Medium,Synthetic Churn Risk Model,1.0,2026-06-30
CHN009685,CUS009685,Not Churn,0.0936,Low,Synthetic Churn Risk Model,1.0,2026-06-30
CHN009686,CUS009686,Not Churn,0.0536,Low,Synthetic Churn Risk Model,1.0,2026-06-30
CHN009687,CUS009687,Not Churn,0.0805,Low,Synthetic Churn Risk Model,1.0,2026-06-30
CHN009688,CUS009688,Not Churn,0.1034,Low,Synthetic Churn Risk Model,1.0,2026-06-30
CHN009689,CUS009689,Not Churn,0.246,Low,Synthetic Churn Risk Model,1.0,2026-06-30
CHN009690,CUS009690,Not Churn,0.4015,Medium,Synthetic Churn Risk Model,1.0,2026-06-30
CHN009691,CUS009691,Not Churn,0.0858,Low,Synthetic Churn Risk Model,1.0,2026-06-30
CHN009692,CUS009692,Not Churn,0.0658,Low,Synthetic Churn Risk Model,1.0,2026-06-30
CHN009693,CUS009693,Not Churn,0.03,Low,Synthetic Churn Risk Model,1.0,2026-06-30
CHN009694,CUS009694,Not Churn,0.198,Low,Synthetic Churn Risk Model,1.0,2026-06-30
CHN009695,CUS009695,Not Churn,0.0348,Low,Synthetic Churn Risk Model,1.0,2026-06-30
CHN009696,CUS009696,Not Churn,0.1671,Low,Synthetic Churn Risk Model,1.0,2026-06-30
CHN009697,CUS009697,Not Churn,0.4329,Medium,Synthetic Churn Risk Model,1.0,2026-06-30
CHN009698,CUS009698,Not Churn,0.0537,Low,Synthetic Churn Risk Model,1.0,2026-06-30
CHN009699,CUS009699,Not Churn,0.0369,Low,Synthetic Churn Risk Model,1.0,2026-06-30
CHN009700,CUS009700,Not Churn,0.4045,Medium,Synthetic Churn Risk Model,1.0,2026-06-30
CHN009701,CUS009701,Not Churn,0.068,Low,Synthetic Churn Risk Model,1.0,2026-06-30
CHN009702,CUS009702,Not Churn,0.047,Low,Synthetic Churn Risk Model,1.0,2026-06-30
CHN009703,CUS009703,Not Churn,0.4046,Medium,Synthetic Churn Risk Model,1.0,2026-06-30
CHN009704,CUS009704,Not Churn,0.442,Medium,Synthetic Churn Risk Model,1.0,2026-06-30
CHN009705,CUS009705,Not Churn,0.0458,Low,Synthetic Churn Risk Model,1.0,2026-06-30
CHN009706,CUS009706,Not Churn,0.1135,Low,Synthetic Churn Risk Model,1.0,2026-06-30
CHN009707,CUS009707,Not Churn,0.4054,Medium,Synthetic Churn Risk Model,1.0,2026-06-30
CHN009708,CUS009708,Not Churn,0.0265,Low,Synthetic Churn Risk Model,1.0,2026-06-30
CHN009709,CUS009709,Not Churn,0.0312,Low,Synthetic Churn Risk Model,1.0,2026-06-30
CHN009710,CUS009710,Not Churn,0.4007,Medium,Synthetic Churn Risk Model,1.0,2026-06-30
CHN009711,CUS009711,Not Churn,0.0654,Low,Synthetic Churn Risk Model,1.0,2026-06-30
CHN009712,CUS009712,Not Churn,0.0507,Low,Synthetic Churn Risk Model,1.0,2026-06-30
CHN009713,CUS009713,Not Churn,0.0267,Low,Synthetic Churn Risk Model,1.0,2026-06-30
CHN009714,CUS009714,Not Churn,0.0283,Low,Synthetic Churn Risk Model,1.0,2026-06-30
CHN009715,CUS009715,Not Churn,0.0473,Low,Synthetic Churn Risk Model,1.0,2026-06-30
CHN009716,CUS009716,Not Churn,0.0449,Low,Synthetic Churn Risk Model,1.0,2026-06-30
CHN009717,CUS009717,Not Churn,0.0603,Low,Synthetic Churn Risk Model,1.0,2026-06-30
CHN009718,CUS009718,Not Churn,0.0468,Low,Synthetic Churn Risk Model,1.0,2026-06-30
CHN009719,CUS009719,Not Churn,0.431,Medium,Synthetic Churn Risk Model,1.0,2026-06-30
CHN009720,CUS009720,Not Churn,0.1919,Low,Synthetic Churn Risk Model,1.0,2026-06-30
CHN009721,CUS009721,Not Churn,0.0317,Low,Synthetic Churn Risk Model,1.0,2026-06-30
CHN009722,CUS009722,Not Churn,0.0451,Low,Synthetic Churn Risk Model,1.0,2026-06-30
CHN009723,CUS009723,Not Churn,0.4257,Medium,Synthetic Churn Risk Model,1.0,2026-06-30
CHN009724,CUS009724,Not Churn,0.0103,Low,Synthetic Churn Risk Model,1.0,2026-06-30
CHN009725,CUS009725,Not Churn,0.4243,Medium,Synthetic Churn Risk Model,1.0,2026-06-30
CHN009726,CUS009726,Not Churn,0.0967,Low,Synthetic Churn Risk Model,1.0,2026-06-30
CHN009727,CUS009727,Not Churn,0.1678,Low,Synthetic Churn Risk Model,1.0,2026-06-30
CHN009728,CUS009728,Not Churn,0.0899,Low,Synthetic Churn Risk Model,1.0,2026-06-30
CHN009729,CUS009729,Not Churn,0.4103,Medium,Synthetic Churn Risk Model,1.0,2026-06-30
CHN009730,CUS009730,Not Churn,0.0365,Low,Synthetic Churn Risk Model,1.0,2026-06-30
CHN009731,CUS009731,Not Churn,0.3985,Medium,Synthetic Churn Risk Model,1.0,2026-06-30
CHN009732,CUS009732,Not Churn,0.4122,Medium,Synthetic Churn Risk Model,1.0,2026-06-30
CHN009733,CUS009733,Not Churn,0.4159,Medium,Synthetic Churn Risk Model,1.0,2026-06-30
CHN009734,CUS009734,Not Churn,0.0143,Low,Synthetic Churn Risk Model,1.0,2026-06-30
CHN009735,CUS009735,Not Churn,0.4305,Medium,Synthetic Churn Risk Model,1.0,2026-06-30
CHN009736,CUS009736,Not Churn,0.0871,Low,Synthetic Churn Risk Model,1.0,2026-06-30
CHN009737,CUS009737,Not Churn,0.1941,Low,Synthetic Churn Risk Model,1.0,2026-06-30
CHN009738,CUS009738,Not Churn,0.0557,Low,Synthetic Churn Risk Model,1.0,2026-06-30
CHN009739,CUS009739,Not Churn,0.0444,Low,Synthetic Churn Risk Model,1.0,2026-06-30
CHN009740,CUS009740,Not Churn,0.0615,Low,Synthetic Churn Risk Model,1.0,2026-06-30
CHN009741,CUS009741,Not Churn,0.4086,Medium,Synthetic Churn Risk Model,1.0,2026-06-30
CHN009742,CUS009742,Not Churn,0.0849,Low,Synthetic Churn Risk Model,1.0,2026-06-30
CHN009743,CUS009743,Not Churn,0.0152,Low,Synthetic Churn Risk Model,1.0,2026-06-30
CHN009744,CUS009744,Not Churn,0.2472,Low,Synthetic Churn Risk Model,1.0,2026-06-30
CHN009745,CUS009745,Not Churn,0.0847,Low,Synthetic Churn Risk Model,1.0,2026-06-30
CHN009746,CUS009746,Not Churn,0.1855,Low,Synthetic Churn Risk Model,1.0,2026-06-30
CHN009747,CUS009747,Not Churn,0.0199,Low,Synthetic Churn Risk Model,1.0,2026-06-30
CHN009748,CUS009748,Not Churn,0.1336,Low,Synthetic Churn Risk Model,1.0,2026-06-30
CHN009749,CUS009749,Not Churn,0.5614,Medium,Synthetic Churn Risk Model,1.0,2026-06-30
CHN009750,CUS009750,Not Churn,0.0054,Low,Synthetic Churn Risk Model,1.0,2026-06-30
CHN009751,CUS009751,Not Churn,0.4627,Medium,Synthetic Churn Risk Model,1.0,2026-06-30
CHN009752,CUS009752,Not Churn,0.4105,Medium,Synthetic Churn Risk Model,1.0,2026-06-30
CHN009753,CUS009753,Not Churn,0.0594,Low,Synthetic Churn Risk Model,1.0,2026-06-30
CHN009754,CUS009754,Not Churn,0.0546,Low,Synthetic Churn Risk Model,1.0,2026-06-30
CHN009755,CUS009755,Not Churn,0.1164,Low,Synthetic Churn Risk Model,1.0,2026-06-30
CHN009756,CUS009756,Not Churn,0.4293,Medium,Synthetic Churn Risk Model,1.0,2026-06-30
CHN009757,CUS009757,Not Churn,0.0931,Low,Synthetic Churn Risk Model,1.0,2026-06-30
CHN009758,CUS009758,Not Churn,0.0819,Low,Synthetic Churn Risk Model,1.0,2026-06-30
CHN009759,CUS009759,Not Churn,0.0713,Low,Synthetic Churn Risk Model,1.0,2026-06-30
CHN009760,CUS009760,Not Churn,0.1436,Low,Synthetic Churn Risk Model,1.0,2026-06-30
CHN009761,CUS009761,Not Churn,0.0951,Low,Synthetic Churn Risk Model,1.0,2026-06-30
CHN009762,CUS009762,Not Churn,0.0415,Low,Synthetic Churn Risk Model,1.0,2026-06-30
CHN009763,CUS009763,Not Churn,0.0455,Low,Synthetic Churn Risk Model,1.0,2026-06-30
CHN009764,CUS009764,Not Churn,0.0573,Low,Synthetic Churn Risk Model,1.0,2026-06-30
CHN009765,CUS009765,Not Churn,0.043,Low,Synthetic Churn Risk Model,1.0,2026-06-30
CHN009766,CUS009766,Not Churn,0.0511,Low,Synthetic Churn Risk Model,1.0,2026-06-30
CHN009767,CUS009767,Not Churn,0.0332,Low,Synthetic Churn Risk Model,1.0,2026-06-30
CHN009768,CUS009768,Not Churn,0.104,Low,Synthetic Churn Risk Model,1.0,2026-06-30
CHN009769,CUS009769,Not Churn,0.5195,Medium,Synthetic Churn Risk Model,1.0,2026-06-30
CHN009770,CUS009770,Not Churn,0.0066,Low,Synthetic Churn Risk Model,1.0,2026-06-30
CHN009771,CUS009771,Not Churn,0.1308,Low,Synthetic Churn Risk Model,1.0,2026-06-30
CHN009772,CUS009772,Not Churn,0.0926,Low,Synthetic Churn Risk Model,1.0,2026-06-30
CHN009773,CUS009773,Churn,0.6263,High,Synthetic Churn Risk Model,1.0,2026-06-30
CHN009774,CUS009774,Not Churn,0.2741,Low,Synthetic Churn Risk Model,1.0,2026-06-30
CHN009775,CUS009775,Not Churn,0.0849,Low,Synthetic Churn Risk Model,1.0,2026-06-30
CHN009776,CUS009776,Not Churn,0.0711,Low,Synthetic Churn Risk Model,1.0,2026-06-30
CHN009777,CUS009777,Not Churn,0.1594,Low,Synthetic Churn Risk Model,1.0,2026-06-30
CHN009778,CUS009778,Not Churn,0.4277,Medium,Synthetic Churn Risk Model,1.0,2026-06-30
CHN009779,CUS009779,Not Churn,0.0918,Low,Synthetic Churn Risk Model,1.0,2026-06-30
CHN009780,CUS009780,Not Churn,0.2697,Low,Synthetic Churn Risk Model,1.0,2026-06-30
CHN009781,CUS009781,Not Churn,0.0623,Low,Synthetic Churn Risk Model,1.0,2026-06-30
CHN009782,CUS009782,Not Churn,0.0649,Low,Synthetic Churn Risk Model,1.0,2026-06-30
CHN009783,CUS009783,Not Churn,0.0839,Low,Synthetic Churn Risk Model,1.0,2026-06-30
CHN009784,CUS009784,Not Churn,0.1148,Low,Synthetic Churn Risk Model,1.0,2026-06-30
CHN009785,CUS009785,Not Churn,0.1943,Low,Synthetic Churn Risk Model,1.0,2026-06-30
CHN009786,CUS009786,Not Churn,0.0065,Low,Synthetic Churn Risk Model,1.0,2026-06-30
CHN009787,CUS009787,Not Churn,0.3981,Medium,Synthetic Churn Risk Model,1.0,2026-06-30
CHN009788,CUS009788,Not Churn,0.0568,Low,Synthetic Churn Risk Model,1.0,2026-06-30
CHN009789,CUS009789,Not Churn,0.4296,Medium,Synthetic Churn Risk Model,1.0,2026-06-30
CHN009790,CUS009790,Not Churn,0.4024,Medium,Synthetic Churn Risk Model,1.0,2026-06-30
CHN009791,CUS009791,Not Churn,0.4022,Medium,Synthetic Churn Risk Model,1.0,2026-06-30
CHN009792,CUS009792,Not Churn,0.0306,Low,Synthetic Churn Risk Model,1.0,2026-06-30
CHN009793,CUS009793,Not Churn,0.0543,Low,Synthetic Churn Risk Model,1.0,2026-06-30
CHN009794,CUS009794,Not Churn,0.0687,Low,Synthetic Churn Risk Model,1.0,2026-06-30
CHN009795,CUS009795,Not Churn,0.4018,Medium,Synthetic Churn Risk Model,1.0,2026-06-30
CHN009796,CUS009796,Not Churn,0.2179,Low,Synthetic Churn Risk Model,1.0,2026-06-30
CHN009797,CUS009797,Not Churn,0.2643,Low,Synthetic Churn Risk Model,1.0,2026-06-30
CHN009798,CUS009798,Not Churn,0.0531,Low,Synthetic Churn Risk Model,1.0,2026-06-30
CHN009799,CUS009799,Not Churn,0.1108,Low,Synthetic Churn Risk Model,1.0,2026-06-30
CHN009800,CUS009800,Not Churn,0.0811,Low,Synthetic Churn Risk Model,1.0,2026-06-30
CHN009801,CUS009801,Not Churn,0.045,Low,Synthetic Churn Risk Model,1.0,2026-06-30
CHN009802,CUS009802,Not Churn,0.0331,Low,Synthetic Churn Risk Model,1.0,2026-06-30
CHN009803,CUS009803,Not Churn,0.0708,Low,Synthetic Churn Risk Model,1.0,2026-06-30
CHN009804,CUS009804,Not Churn,0.0093,Low,Synthetic Churn Risk Model,1.0,2026-06-30
CHN009805,CUS009805,Not Churn,0.421,Medium,Synthetic Churn Risk Model,1.0,2026-06-30
CHN009806,CUS009806,Not Churn,0.0516,Low,Synthetic Churn Risk Model,1.0,2026-06-30
CHN009807,CUS009807,Not Churn,0.1273,Low,Synthetic Churn Risk Model,1.0,2026-06-30
CHN009808,CUS009808,Not Churn,0.0163,Low,Synthetic Churn Risk Model,1.0,2026-06-30
CHN009809,CUS009809,Not Churn,0.0536,Low,Synthetic Churn Risk Model,1.0,2026-06-30
CHN009810,CUS009810,Not Churn,0.0813,Low,Synthetic Churn Risk Model,1.0,2026-06-30
CHN009811,CUS009811,Not Churn,0.4083,Medium,Synthetic Churn Risk Model,1.0,2026-06-30
CHN009812,CUS009812,Not Churn,0.0508,Low,Synthetic Churn Risk Model,1.0,2026-06-30
CHN009813,CUS009813,Not Churn,0.124,Low,Synthetic Churn Risk Model,1.0,2026-06-30
CHN009814,CUS009814,Not Churn,0.1351,Low,Synthetic Churn Risk Model,1.0,2026-06-30
CHN009815,CUS009815,Not Churn,0.1157,Low,Synthetic Churn Risk Model,1.0,2026-06-30
CHN009816,CUS009816,Not Churn,0.3993,Medium,Synthetic Churn Risk Model,1.0,2026-06-30
CHN009817,CUS009817,Not Churn,0.1541,Low,Synthetic Churn Risk Model,1.0,2026-06-30
CHN009818,CUS009818,Not Churn,0.0627,Low,Synthetic Churn Risk Model,1.0,2026-06-30
CHN009819,CUS009819,Not Churn,0.3462,Medium,Synthetic Churn Risk Model,1.0,2026-06-30
CHN009820,CUS009820,Not Churn,0.305,Medium,Synthetic Churn Risk Model,1.0,2026-06-30
CHN009821,CUS009821,Not Churn,0.4282,Medium,Synthetic Churn Risk Model,1.0,2026-06-30
CHN009822,CUS009822,Not Churn,0.044,Low,Synthetic Churn Risk Model,1.0,2026-06-30
CHN009823,CUS009823,Not Churn,0.0307,Low,Synthetic Churn Risk Model,1.0,2026-06-30
CHN009824,CUS009824,Not Churn,0.077,Low,Synthetic Churn Risk Model,1.0,2026-06-30
CHN009825,CUS009825,Not Churn,0.3678,Medium,Synthetic Churn Risk Model,1.0,2026-06-30
CHN009826,CUS009826,Not Churn,0.0794,Low,Synthetic Churn Risk Model,1.0,2026-06-30
CHN009827,CUS009827,Not Churn,0.4107,Medium,Synthetic Churn Risk Model,1.0,2026-06-30
CHN009828,CUS009828,Not Churn,0.0514,Low,Synthetic Churn Risk Model,1.0,2026-06-30
CHN009829,CUS009829,Not Churn,0.0252,Low,Synthetic Churn Risk Model,1.0,2026-06-30
CHN009830,CUS009830,Not Churn,0.3236,Medium,Synthetic Churn Risk Model,1.0,2026-06-30
CHN009831,CUS009831,Not Churn,0.4028,Medium,Synthetic Churn Risk Model,1.0,2026-06-30
CHN009832,CUS009832,Not Churn,0.1086,Low,Synthetic Churn Risk Model,1.0,2026-06-30
CHN009833,CUS009833,Not Churn,0.0408,Low,Synthetic Churn Risk Model,1.0,2026-06-30
CHN009834,CUS009834,Not Churn,0.2983,Low,Synthetic Churn Risk Model,1.0,2026-06-30
CHN009835,CUS009835,Not Churn,0.0338,Low,Synthetic Churn Risk Model,1.0,2026-06-30
CHN009836,CUS009836,Not Churn,0.4236,Medium,Synthetic Churn Risk Model,1.0,2026-06-30
CHN009837,CUS009837,Not Churn,0.435,Medium,Synthetic Churn Risk Model,1.0,2026-06-30
CHN009838,CUS009838,Not Churn,0.1238,Low,Synthetic Churn Risk Model,1.0,2026-06-30
CHN009839,CUS009839,Not Churn,0.0529,Low,Synthetic Churn Risk Model,1.0,2026-06-30
CHN009840,CUS009840,Not Churn,0.3758,Medium,Synthetic Churn Risk Model,1.0,2026-06-30
CHN009841,CUS009841,Not Churn,0.0185,Low,Synthetic Churn Risk Model,1.0,2026-06-30
CHN009842,CUS009842,Not Churn,0.3957,Medium,Synthetic Churn Risk Model,1.0,2026-06-30
CHN009843,CUS009843,Not Churn,0.4119,Medium,Synthetic Churn Risk Model,1.0,2026-06-30
CHN009844,CUS009844,Not Churn,0.387,Medium,Synthetic Churn Risk Model,1.0,2026-06-30
CHN009845,CUS009845,Not Churn,0.4012,Medium,Synthetic Churn Risk Model,1.0,2026-06-30
CHN009846,CUS009846,Not Churn,0.3969,Medium,Synthetic Churn Risk Model,1.0,2026-06-30
CHN009847,CUS009847,Not Churn,0.1696,Low,Synthetic Churn Risk Model,1.0,2026-06-30
CHN009848,CUS009848,Not Churn,0.0972,Low,Synthetic Churn Risk Model,1.0,2026-06-30
CHN009849,CUS009849,Not Churn,0.0763,Low,Synthetic Churn Risk Model,1.0,2026-06-30
CHN009850,CUS009850,Not Churn,0.0881,Low,Synthetic Churn Risk Model,1.0,2026-06-30
CHN009851,CUS009851,Not Churn,0.1064,Low,Synthetic Churn Risk Model,1.0,2026-06-30
CHN009852,CUS009852,Not Churn,0.0448,Low,Synthetic Churn Risk Model,1.0,2026-06-30
CHN009853,CUS009853,Not Churn,0.4124,Medium,Synthetic Churn Risk Model,1.0,2026-06-30
CHN009854,CUS009854,Not Churn,0.4077,Medium,Synthetic Churn Risk Model,1.0,2026-06-30
CHN009855,CUS009855,Not Churn,0.4183,Medium,Synthetic Churn Risk Model,1.0,2026-06-30
CHN009856,CUS009856,Not Churn,0.0272,Low,Synthetic Churn Risk Model,1.0,2026-06-30
CHN009857,CUS009857,Not Churn,0.4133,Medium,Synthetic Churn Risk Model,1.0,2026-06-30
CHN009858,CUS009858,Not Churn,0.4087,Medium,Synthetic Churn Risk Model,1.0,2026-06-30
CHN009859,CUS009859,Not Churn,0.1191,Low,Synthetic Churn Risk Model,1.0,2026-06-30
CHN009860,CUS009860,Not Churn,0.1193,Low,Synthetic Churn Risk Model,1.0,2026-06-30
CHN009861,CUS009861,Not Churn,0.0509,Low,Synthetic Churn Risk Model,1.0,2026-06-30
CHN009862,CUS009862,Not Churn,0.141,Low,Synthetic Churn Risk Model,1.0,2026-06-30
CHN009863,CUS009863,Not Churn,0.0577,Low,Synthetic Churn Risk Model,1.0,2026-06-30
CHN009864,CUS009864,Not Churn,0.1393,Low,Synthetic Churn Risk Model,1.0,2026-06-30
CHN009865,CUS009865,Not Churn,0.4054,Medium,Synthetic Churn Risk Model,1.0,2026-06-30
CHN009866,CUS009866,Not Churn,0.0646,Low,Synthetic Churn Risk Model,1.0,2026-06-30
CHN009867,CUS009867,Not Churn,0.2498,Low,Synthetic Churn Risk Model,1.0,2026-06-30
CHN009868,CUS009868,Not Churn,0.4198,Medium,Synthetic Churn Risk Model,1.0,2026-06-30
CHN009869,CUS009869,Not Churn,0.0898,Low,Synthetic Churn Risk Model,1.0,2026-06-30
CHN009870,CUS009870,Not Churn,0.07,Low,Synthetic Churn Risk Model,1.0,2026-06-30
CHN009871,CUS009871,Not Churn,0.4231,Medium,Synthetic Churn Risk Model,1.0,2026-06-30
CHN009872,CUS009872,Not Churn,0.2673,Low,Synthetic Churn Risk Model,1.0,2026-06-30
CHN009873,CUS009873,Not Churn,0.0495,Low,Synthetic Churn Risk Model,1.0,2026-06-30
CHN009874,CUS009874,Not Churn,0.0418,Low,Synthetic Churn Risk Model,1.0,2026-06-30
CHN009875,CUS009875,Not Churn,0.3762,Medium,Synthetic Churn Risk Model,1.0,2026-06-30
CHN009876,CUS009876,Not Churn,0.1572,Low,Synthetic Churn Risk Model,1.0,2026-06-30
CHN009877,CUS009877,Not Churn,0.0403,Low,Synthetic Churn Risk Model,1.0,2026-06-30
CHN009878,CUS009878,Not Churn,0.0239,Low,Synthetic Churn Risk Model,1.0,2026-06-30
CHN009879,CUS009879,Not Churn,0.0383,Low,Synthetic Churn Risk Model,1.0,2026-06-30
CHN009880,CUS009880,Not Churn,0.0285,Low,Synthetic Churn Risk Model,1.0,2026-06-30
CHN009881,CUS009881,Not Churn,0.1579,Low,Synthetic Churn Risk Model,1.0,2026-06-30
CHN009882,CUS009882,Churn,0.8153,High,Synthetic Churn Risk Model,1.0,2026-06-30
CHN009883,CUS009883,Not Churn,0.1938,Low,Synthetic Churn Risk Model,1.0,2026-06-30
CHN009884,CUS009884,Not Churn,0.5634,Medium,Synthetic Churn Risk Model,1.0,2026-06-30
CHN009885,CUS009885,Not Churn,0.0741,Low,Synthetic Churn Risk Model,1.0,2026-06-30
CHN009886,CUS009886,Not Churn,0.1338,Low,Synthetic Churn Risk Model,1.0,2026-06-30
CHN009887,CUS009887,Not Churn,0.0554,Low,Synthetic Churn Risk Model,1.0,2026-06-30
CHN009888,CUS009888,Not Churn,0.2572,Low,Synthetic Churn Risk Model,1.0,2026-06-30
CHN009889,CUS009889,Not Churn,0.0809,Low,Synthetic Churn Risk Model,1.0,2026-06-30
CHN009890,CUS009890,Not Churn,0.4117,Medium,Synthetic Churn Risk Model,1.0,2026-06-30
CHN009891,CUS009891,Not Churn,0.0832,Low,Synthetic Churn Risk Model,1.0,2026-06-30
CHN009892,CUS009892,Not Churn,0.0376,Low,Synthetic Churn Risk Model,1.0,2026-06-30
CHN009893,CUS009893,Not Churn,0.2445,Low,Synthetic Churn Risk Model,1.0,2026-06-30
CHN009894,CUS009894,Not Churn,0.0265,Low,Synthetic Churn Risk Model,1.0,2026-06-30
CHN009895,CUS009895,Not Churn,0.0652,Low,Synthetic Churn Risk Model,1.0,2026-06-30
CHN009896,CUS009896,Not Churn,0.2761,Low,Synthetic Churn Risk Model,1.0,2026-06-30
CHN009897,CUS009897,Not Churn,0.4317,Medium,Synthetic Churn Risk Model,1.0,2026-06-30
CHN009898,CUS009898,Not Churn,0.0394,Low,Synthetic Churn Risk Model,1.0,2026-06-30
CHN009899,CUS009899,Not Churn,0.2269,Low,Synthetic Churn Risk Model,1.0,2026-06-30
CHN009900,CUS009900,Not Churn,0.1072,Low,Synthetic Churn Risk Model,1.0,2026-06-30
CHN009901,CUS009901,Not Churn,0.052,Low,Synthetic Churn Risk Model,1.0,2026-06-30
CHN009902,CUS009902,Not Churn,0.0671,Low,Synthetic Churn Risk Model,1.0,2026-06-30
CHN009903,CUS009903,Not Churn,0.0215,Low,Synthetic Churn Risk Model,1.0,2026-06-30
CHN009904,CUS009904,Not Churn,0.1049,Low,Synthetic Churn Risk Model,1.0,2026-06-30
CHN009905,CUS009905,Not Churn,0.1468,Low,Synthetic Churn Risk Model,1.0,2026-06-30
CHN009906,CUS009906,Not Churn,0.2763,Low,Synthetic Churn Risk Model,1.0,2026-06-30
CHN009907,CUS009907,Not Churn,0.1299,Low,Synthetic Churn Risk Model,1.0,2026-06-30
CHN009908,CUS009908,Not Churn,0.2362,Low,Synthetic Churn Risk Model,1.0,2026-06-30
CHN009909,CUS009909,Not Churn,0.4461,Medium,Synthetic Churn Risk Model,1.0,2026-06-30
CHN009910,CUS009910,Not Churn,0.0782,Low,Synthetic Churn Risk Model,1.0,2026-06-30
CHN009911,CUS009911,Not Churn,0.08,Low,Synthetic Churn Risk Model,1.0,2026-06-30
CHN009912,CUS009912,Not Churn,0.0562,Low,Synthetic Churn Risk Model,1.0,2026-06-30
CHN009913,CUS009913,Not Churn,0.0475,Low,Synthetic Churn Risk Model,1.0,2026-06-30
CHN009914,CUS009914,Not Churn,0.0411,Low,Synthetic Churn Risk Model,1.0,2026-06-30
CHN009915,CUS009915,Not Churn,0.4254,Medium,Synthetic Churn Risk Model,1.0,2026-06-30
CHN009916,CUS009916,Not Churn,0.0349,Low,Synthetic Churn Risk Model,1.0,2026-06-30
CHN009917,CUS009917,Not Churn,0.0627,Low,Synthetic Churn Risk Model,1.0,2026-06-30
CHN009918,CUS009918,Not Churn,0.2655,Low,Synthetic Churn Risk Model,1.0,2026-06-30
CHN009919,CUS009919,Not Churn,0.0348,Low,Synthetic Churn Risk Model,1.0,2026-06-30
CHN009920,CUS009920,Not Churn,0.1378,Low,Synthetic Churn Risk Model,1.0,2026-06-30
CHN009921,CUS009921,Not Churn,0.034,Low,Synthetic Churn Risk Model,1.0,2026-06-30
CHN009922,CUS009922,Not Churn,0.114,Low,Synthetic Churn Risk Model,1.0,2026-06-30
CHN009923,CUS009923,Not Churn,0.4077,Medium,Synthetic Churn Risk Model,1.0,2026-06-30
CHN009924,CUS009924,Not Churn,0.0902,Low,Synthetic Churn Risk Model,1.0,2026-06-30
CHN009925,CUS009925,Not Churn,0.4069,Medium,Synthetic Churn Risk Model,1.0,2026-06-30
CHN009926,CUS009926,Not Churn,0.0859,Low,Synthetic Churn Risk Model,1.0,2026-06-30
CHN009927,CUS009927,Not Churn,0.0297,Low,Synthetic Churn Risk Model,1.0,2026-06-30
CHN009928,CUS009928,Not Churn,0.152,Low,Synthetic Churn Risk Model,1.0,2026-06-30
CHN009929,CUS009929,Not Churn,0.08,Low,Synthetic Churn Risk Model,1.0,2026-06-30
CHN009930,CUS009930,Not Churn,0.03,Low,Synthetic Churn Risk Model,1.0,2026-06-30
CHN009931,CUS009931,Not Churn,0.045,Low,Synthetic Churn Risk Model,1.0,2026-06-30
CHN009932,CUS009932,Not Churn,0.3893,Medium,Synthetic Churn Risk Model,1.0,2026-06-30
CHN009933,CUS009933,Not Churn,0.0375,Low,Synthetic Churn Risk Model,1.0,2026-06-30
CHN009934,CUS009934,Not Churn,0.2649,Low,Synthetic Churn Risk Model,1.0,2026-06-30
CHN009935,CUS009935,Not Churn,0.034,Low,Synthetic Churn Risk Model,1.0,2026-06-30
CHN009936,CUS009936,Not Churn,0.0606,Low,Synthetic Churn Risk Model,1.0,2026-06-30
CHN009937,CUS009937,Not Churn,0.0883,Low,Synthetic Churn Risk Model,1.0,2026-06-30
CHN009938,CUS009938,Not Churn,0.0661,Low,Synthetic Churn Risk Model,1.0,2026-06-30
CHN009939,CUS009939,Not Churn,0.0414,Low,Synthetic Churn Risk Model,1.0,2026-06-30
CHN009940,CUS009940,Not Churn,0.0294,Low,Synthetic Churn Risk Model,1.0,2026-06-30
CHN009941,CUS009941,Not Churn,0.4386,Medium,Synthetic Churn Risk Model,1.0,2026-06-30
CHN009942,CUS009942,Not Churn,0.0658,Low,Synthetic Churn Risk Model,1.0,2026-06-30
CHN009943,CUS009943,Not Churn,0.4023,Medium,Synthetic Churn Risk Model,1.0,2026-06-30
CHN009944,CUS009944,Not Churn,0.3989,Medium,Synthetic Churn Risk Model,1.0,2026-06-30
CHN009945,CUS009945,Not Churn,0.0532,Low,Synthetic Churn Risk Model,1.0,2026-06-30
CHN009946,CUS009946,Not Churn,0.0599,Low,Synthetic Churn Risk Model,1.0,2026-06-30
CHN009947,CUS009947,Not Churn,0.4049,Medium,Synthetic Churn Risk Model,1.0,2026-06-30
CHN009948,CUS009948,Not Churn,0.4097,Medium,Synthetic Churn Risk Model,1.0,2026-06-30
CHN009949,CUS009949,Not Churn,0.0107,Low,Synthetic Churn Risk Model,1.0,2026-06-30
CHN009950,CUS009950,Not Churn,0.0868,Low,Synthetic Churn Risk Model,1.0,2026-06-30
CHN009951,CUS009951,Not Churn,0.1976,Low,Synthetic Churn Risk Model,1.0,2026-06-30
CHN009952,CUS009952,Not Churn,0.1193,Low,Synthetic Churn Risk Model,1.0,2026-06-30
CHN009953,CUS009953,Not Churn,0.0885,Low,Synthetic Churn Risk Model,1.0,2026-06-30
CHN009954,CUS009954,Not Churn,0.0521,Low,Synthetic Churn Risk Model,1.0,2026-06-30
CHN009955,CUS009955,Not Churn,0.3373,Medium,Synthetic Churn Risk Model,1.0,2026-06-30
CHN009956,CUS009956,Not Churn,0.0299,Low,Synthetic Churn Risk Model,1.0,2026-06-30
CHN009957,CUS009957,Not Churn,0.4792,Medium,Synthetic Churn Risk Model,1.0,2026-06-30
CHN009958,CUS009958,Not Churn,0.0623,Low,Synthetic Churn Risk Model,1.0,2026-06-30
CHN009959,CUS009959,Not Churn,0.0339,Low,Synthetic Churn Risk Model,1.0,2026-06-30
CHN009960,CUS009960,Not Churn,0.2217,Low,Synthetic Churn Risk Model,1.0,2026-06-30
CHN009961,CUS009961,Not Churn,0.0324,Low,Synthetic Churn Risk Model,1.0,2026-06-30
CHN009962,CUS009962,Not Churn,0.0825,Low,Synthetic Churn Risk Model,1.0,2026-06-30
CHN009963,CUS009963,Not Churn,0.2142,Low,Synthetic Churn Risk Model,1.0,2026-06-30
CHN009964,CUS009964,Not Churn,0.0539,Low,Synthetic Churn Risk Model,1.0,2026-06-30
CHN009965,CUS009965,Not Churn,0.021,Low,Synthetic Churn Risk Model,1.0,2026-06-30
CHN009966,CUS009966,Not Churn,0.1793,Low,Synthetic Churn Risk Model,1.0,2026-06-30
CHN009967,CUS009967,Not Churn,0.075,Low,Synthetic Churn Risk Model,1.0,2026-06-30
CHN009968,CUS009968,Not Churn,0.144,Low,Synthetic Churn Risk Model,1.0,2026-06-30
CHN009969,CUS009969,Not Churn,0.1738,Low,Synthetic Churn Risk Model,1.0,2026-06-30
CHN009970,CUS009970,Not Churn,0.027,Low,Synthetic Churn Risk Model,1.0,2026-06-30
CHN009971,CUS009971,Not Churn,0.1166,Low,Synthetic Churn Risk Model,1.0,2026-06-30
CHN009972,CUS009972,Not Churn,0.4113,Medium,Synthetic Churn Risk Model,1.0,2026-06-30
CHN009973,CUS009973,Not Churn,0.0673,Low,Synthetic Churn Risk Model,1.0,2026-06-30
CHN009974,CUS009974,Not Churn,0.403,Medium,Synthetic Churn Risk Model,1.0,2026-06-30
CHN009975,CUS009975,Not Churn,0.0752,Low,Synthetic Churn Risk Model,1.0,2026-06-30
CHN009976,CUS009976,Not Churn,0.0847,Low,Synthetic Churn Risk Model,1.0,2026-06-30
CHN009977,CUS009977,Not Churn,0.0425,Low,Synthetic Churn Risk Model,1.0,2026-06-30
CHN009978,CUS009978,Not Churn,0.1016,Low,Synthetic Churn Risk Model,1.0,2026-06-30
CHN009979,CUS009979,Not Churn,0.1476,Low,Synthetic Churn Risk Model,1.0,2026-06-30
CHN009980,CUS009980,Not Churn,0.4153,Medium,Synthetic Churn Risk Model,1.0,2026-06-30
CHN009981,CUS009981,Not Churn,0.0697,Low,Synthetic Churn Risk Model,1.0,2026-06-30
CHN009982,CUS009982,Not Churn,0.0625,Low,Synthetic Churn Risk Model,1.0,2026-06-30
CHN009983,CUS009983,Not Churn,0.0986,Low,Synthetic Churn Risk Model,1.0,2026-06-30
CHN009984,CUS009984,Not Churn,0.406,Medium,Synthetic Churn Risk Model,1.0,2026-06-30
CHN009985,CUS009985,Not Churn,0.016,Low,Synthetic Churn Risk Model,1.0,2026-06-30
CHN009986,CUS009986,Not Churn,0.0152,Low,Synthetic Churn Risk Model,1.0,2026-06-30
CHN009987,CUS009987,Not Churn,0.0562,Low,Synthetic Churn Risk Model,1.0,2026-06-30
CHN009988,CUS009988,Not Churn,0.181,Low,Synthetic Churn Risk Model,1.0,2026-06-30
CHN009989,CUS009989,Not Churn,0.4178,Medium,Synthetic Churn Risk Model,1.0,2026-06-30
CHN009990,CUS009990,Not Churn,0.0293,Low,Synthetic Churn Risk Model,1.0,2026-06-30
CHN009991,CUS009991,Not Churn,0.1228,Low,Synthetic Churn Risk Model,1.0,2026-06-30
CHN009992,CUS009992,Not Churn,0.0819,Low,Synthetic Churn Risk Model,1.0,2026-06-30
CHN009993,CUS009993,Not Churn,0.3665,Medium,Synthetic Churn Risk Model,1.0,2026-06-30
CHN009994,CUS009994,Not Churn,0.0626,Low,Synthetic Churn Risk Model,1.0,2026-06-30
CHN009995,CUS009995,Not Churn,0.3969,Medium,Synthetic Churn Risk Model,1.0,2026-06-30
CHN009996,CUS009996,Not Churn,0.4098,Medium,Synthetic Churn Risk Model,1.0,2026-06-30
CHN009997,CUS009997,Not Churn,0.1178,Low,Synthetic Churn Risk Model,1.0,2026-06-30
CHN009998,CUS009998,Not Churn,0.1085,Low,Synthetic Churn Risk Model,1.0,2026-06-30
CHN009999,CUS009999,Not Churn,0.2445,Low,Synthetic Churn Risk Model,1.0,2026-06-30
CHN010000,CUS010000,Not Churn,0.022,Low,Synthetic Churn Risk Model,1.0,2026-06-30
