customer_id,institution_id,first_name,last_name,date_of_birth,gender,city,state,country,customer_since,customer_status
CUS000001,INS000004,Isaac,Kota,2004-03-24,Male,Patna,Bihar,India,2021-04-06,Inactive
CUS000002,INS000005,Aryan,Sodhi,1984-07-17,Female,Thane,Maharashtra,India,2021-09-24,Active
CUS000003,INS000003,Anvi,Choudhary,1963-06-03,Male,Mumbai,Maharashtra,India,2022-04-12,Active
CUS000004,INS000005,Yash,Bath,1996-05-19,Male,Mumbai,Maharashtra,India,2020-12-14,Active
CUS000005,INS000005,Udant,Badal,1955-10-15,Male,Kochi,Kerala,India,2020-08-01,Active
CUS000006,INS000002,Liam,Mannan,1998-09-08,Female,Mumbai,Maharashtra,India,2019-06-30,Active
CUS000007,INS000003,Harsh,Kari,1968-10-04,Male,Mumbai,Maharashtra,India,2025-09-20,Active
CUS000008,INS000003,Gagan,Vohra,1979-11-13,Male,Nagpur,Maharashtra,India,2022-03-24,Active
CUS000009,INS000003,Pahal,Thakur,1994-02-24,Male,Jaipur,Rajasthan,India,2021-01-11,Active
CUS000010,INS000005,Azad,Ganesh,1994-05-14,Male,Lucknow,Uttar Pradesh,India,2020-12-23,Active
CUS000011,INS000004,Ayushman,Din,1977-07-21,Female,Nagpur,Maharashtra,India,2024-02-19,Active
CUS000012,INS000003,Girik,Chandra,1994-01-16,Other,Surat,Gujarat,India,2024-11-30,Active
CUS000013,INS000005,Tejas,Chaudhry,1995-03-12,Female,Delhi,Delhi,India,2024-12-02,Active
CUS000014,INS000002,Viraj,Modi,1989-05-26,Male,Mysuru,Karnataka,India,2023-02-09,Active
CUS000015,INS000004,Yashasvi,Nayak,1961-12-02,Female,Surat,Gujarat,India,2018-12-10,Active
CUS000016,INS000002,Avi,Sethi,1989-08-27,Female,Jaipur,Rajasthan,India,2024-04-10,Active
CUS000017,INS000004,Rushil,Swaminathan,1951-10-05,Male,Thane,Maharashtra,India,2026-03-12,Active
CUS000018,INS000005,Oni,Panchal,1993-10-11,Female,Lucknow,Uttar Pradesh,India,2024-03-17,Active
CUS000019,INS000001,Thomas,Kurian,1957-09-01,Female,Indore,Madhya Pradesh,India,2022-07-04,Active
CUS000020,INS000004,Saumya,Sur,1964-08-02,Female,Surat,Gujarat,India,2022-07-14,Active
CUS000021,INS000002,Arunima,Kulkarni,1984-07-02,Female,Delhi,Delhi,India,2025-10-08,Active
CUS000022,INS000005,Abeer,Patla,1951-03-17,Male,Indore,Madhya Pradesh,India,2024-07-05,Active
CUS000023,INS000004,Nathaniel,Shanker,2006-03-13,Male,Bhopal,Madhya Pradesh,India,2022-09-21,Active
CUS000024,INS000001,Pahal,Arya,1981-06-29,Female,Kochi,Kerala,India,2020-06-24,Active
CUS000025,INS000001,Harini,Pandit,2000-01-25,Male,Indore,Madhya Pradesh,India,2025-01-30,Active
CUS000026,INS000003,Arunima,Mitra,2007-09-20,Male,Kochi,Kerala,India,2026-06-02,Active
CUS000027,INS000003,Nachiket,Nath,1968-06-05,Female,Mysuru,Karnataka,India,2026-06-22,Active
CUS000028,INS000002,Tanveer,Vasa,1988-02-02,Female,Surat,Gujarat,India,2023-03-16,Active
CUS000029,INS000004,Gayathri,Sule,1968-11-17,Male,Bhopal,Madhya Pradesh,India,2019-09-08,Active
CUS000030,INS000004,Harsh,Chowdhury,1957-08-19,Female,Surat,Gujarat,India,2023-12-30,Active
CUS000031,INS000003,George,Madan,1992-07-25,Female,Surat,Gujarat,India,2024-06-11,Active
CUS000032,INS000004,Lajita,Venkataraman,1953-01-19,Female,Kochi,Kerala,India,2026-06-05,Active
CUS000033,INS000004,Gunbir,Bail,1954-01-10,Male,Chandigarh,Chandigarh,India,2018-09-05,Active
CUS000034,INS000001,Jagrati,Divan,1981-05-28,Male,Bhopal,Madhya Pradesh,India,2020-04-25,Active
CUS000035,INS000003,Hemangini,Roy,1998-07-13,Male,Ahmedabad,Gujarat,India,2021-01-08,Active
CUS000036,INS000005,Aishani,Kannan,1996-11-11,Male,Lucknow,Uttar Pradesh,India,2025-10-14,Active
CUS000037,INS000003,Caleb,Dhar,2000-03-23,Male,Hyderabad,Telangana,India,2022-06-10,Active
CUS000038,INS000005,Tripti,Parikh,1992-03-13,Male,Pune,Maharashtra,India,2026-05-22,Active
CUS000039,INS000001,Jeet,Tank,1953-01-28,Male,Nagpur,Maharashtra,India,2024-11-01,Active
CUS000040,INS000002,Kritika,Balasubramanian,1969-08-11,Female,Chandigarh,Chandigarh,India,2024-04-03,Active
CUS000041,INS000004,Farhan,Konda,2001-08-08,Male,Patna,Bihar,India,2024-12-02,Active
CUS000042,INS000001,Chaaya,Sankar,1967-12-18,Female,Delhi,Delhi,India,2018-09-30,Active
CUS000043,INS000004,Janaki,Parsa,1992-01-19,Female,Bengaluru,Karnataka,India,2025-01-26,Active
CUS000044,INS000002,Rehaan,Jhaveri,1962-08-01,Male,Chennai,Tamil Nadu,India,2023-07-15,Active
CUS000045,INS000002,Ekaraj,Chakraborty,1954-08-23,Female,Chandigarh,Chandigarh,India,2020-02-26,Active
CUS000046,INS000001,Chakradev,Hari,1970-07-05,Female,Bengaluru,Karnataka,India,2024-10-26,Active
CUS000047,INS000002,Vedant,Purohit,1991-01-14,Male,Pune,Maharashtra,India,2020-06-09,Active
CUS000048,INS000005,Bimala,Chokshi,1996-03-31,Female,Bengaluru,Karnataka,India,2026-02-23,Active
CUS000049,INS000002,Fariq,Mahal,1979-05-19,Male,Thane,Maharashtra,India,2026-02-01,Inactive
CUS000050,INS000004,Viraj,Sengupta,1972-08-03,Female,Jaipur,Rajasthan,India,2020-02-15,Active
CUS000051,INS000004,Harrison,Vyas,1973-12-02,Male,Bhubaneswar,Odisha,India,2021-07-21,Active
CUS000052,INS000004,Lajita,Gill,2003-09-03,Female,Hyderabad,Telangana,India,2020-03-31,Active
CUS000053,INS000004,Arunima,Lanka,1955-03-05,Male,Bhubaneswar,Odisha,India,2025-03-20,Inactive
CUS000054,INS000005,Sudiksha,Palla,1990-08-20,Female,Nagpur,Maharashtra,India,2020-08-05,Active
CUS000055,INS000003,Janya,Narula,1980-02-29,Male,Kochi,Kerala,India,2024-06-26,Active
CUS000056,INS000001,Nicholas,Raman,1985-05-18,Female,Bhubaneswar,Odisha,India,2019-06-23,Active
CUS000057,INS000004,Kamala,Sahni,1983-07-26,Female,Patna,Bihar,India,2026-01-20,Active
CUS000058,INS000002,Isha,Majumdar,1962-09-21,Male,Hyderabad,Telangana,India,2023-03-04,Active
CUS000059,INS000004,Shaurya,More,1964-08-20,Female,Lucknow,Uttar Pradesh,India,2024-12-19,Active
CUS000060,INS000002,Amara,Halder,1986-06-26,Male,Mumbai,Maharashtra,India,2018-10-31,Active
CUS000061,INS000002,Ekbal,Barman,1991-06-14,Female,Jaipur,Rajasthan,India,2024-10-19,Active
CUS000062,INS000004,Onveer,Venkatesh,1986-12-12,Female,Bhubaneswar,Odisha,India,2023-01-03,Active
CUS000063,INS000005,Yash,Oza,1982-03-09,Female,Mysuru,Karnataka,India,2022-09-20,Active
CUS000064,INS000002,Nihal,Das,2007-03-06,Female,Kolkata,West Bengal,India,2025-06-19,Active
CUS000065,INS000002,Turvi,Sant,2007-03-30,Male,Mysuru,Karnataka,India,2025-11-13,Inactive
CUS000066,INS000004,Ladli,Sha,1999-05-31,Male,Kolkata,West Bengal,India,2022-12-18,Active
CUS000067,INS000002,Anamika,Palan,1975-07-21,Male,Lucknow,Uttar Pradesh,India,2024-10-08,Active
CUS000068,INS000002,Theodore,Mani,1971-11-14,Female,Indore,Madhya Pradesh,India,2022-12-06,Active
CUS000069,INS000004,Ekta,Choudhary,2006-01-10,Male,Chennai,Tamil Nadu,India,2024-03-19,Active
CUS000070,INS000004,Daksh,Anand,1976-09-20,Female,Kolkata,West Bengal,India,2023-02-14,Active
CUS000071,INS000001,Veer,Tara,1964-11-20,Female,Kolkata,West Bengal,India,2026-07-06,Active
CUS000072,INS000005,Azad,Din,1988-05-04,Male,Chandigarh,Chandigarh,India,2022-04-20,Active
CUS000073,INS000005,Diya,Shukla,2000-07-11,Female,Chandigarh,Chandigarh,India,2019-09-15,Active
CUS000074,INS000002,Nandini,Doctor,1998-03-09,Male,Jaipur,Rajasthan,India,2020-01-08,Active
CUS000075,INS000005,Amrita,Virk,1964-06-26,Male,Bhubaneswar,Odisha,India,2023-04-08,Active
CUS000076,INS000002,Dominic,Mann,1978-11-13,Female,Bhopal,Madhya Pradesh,India,2025-08-07,Active
CUS000077,INS000001,Siddharth,Gaba,1961-05-21,Male,Thane,Maharashtra,India,2022-06-13,Inactive
CUS000078,INS000004,Divya,Mitter,1970-09-17,Male,Lucknow,Uttar Pradesh,India,2018-11-29,Active
CUS000079,INS000004,Simon,Sur,2001-06-24,Female,Bhopal,Madhya Pradesh,India,2023-04-29,Active
CUS000080,INS000004,Xalak,Mani,1956-06-22,Male,Mysuru,Karnataka,India,2025-11-09,Active
CUS000081,INS000005,Meghana,Bhattacharyya,1967-06-07,Other,Bhubaneswar,Odisha,India,2020-06-25,Active
CUS000082,INS000001,Tara,Menon,1973-05-22,Other,Jaipur,Rajasthan,India,2025-01-04,Active
CUS000083,INS000005,Luke,Aurora,1989-12-22,Male,Nagpur,Maharashtra,India,2023-11-26,Active
CUS000084,INS000005,Alka,Setty,1953-01-26,Male,Jaipur,Rajasthan,India,2025-05-08,Active
CUS000085,INS000001,Liam,Baria,1958-05-17,Female,Pune,Maharashtra,India,2021-10-08,Active
CUS000086,INS000001,Yatin,Kalla,1980-01-26,Male,Hyderabad,Telangana,India,2025-08-05,Active
CUS000087,INS000001,Adya,Mandal,1964-07-09,Male,Indore,Madhya Pradesh,India,2019-05-10,Active
CUS000088,INS000001,Priya,Dasgupta,1978-10-19,Female,Jaipur,Rajasthan,India,2018-11-29,Active
CUS000089,INS000004,Mohini,Bera,1977-02-07,Male,Indore,Madhya Pradesh,India,2020-01-11,Active
CUS000090,INS000003,Janaki,Suresh,2000-03-16,Female,Kochi,Kerala,India,2020-10-23,Active
CUS000091,INS000003,Theodore,Mohan,1982-03-12,Male,Mumbai,Maharashtra,India,2022-01-12,Inactive
CUS000092,INS000001,Lakshit,Ahluwalia,1975-01-25,Male,Ahmedabad,Gujarat,India,2022-04-13,Active
CUS000093,INS000003,Yashodhara,Sani,1995-01-05,Male,Hyderabad,Telangana,India,2021-12-01,Active
CUS000094,INS000003,Wakeeta,Pandey,1972-07-15,Other,Bengaluru,Karnataka,India,2020-03-04,Active
CUS000095,INS000001,Gavin,Acharya,1950-11-15,Female,Surat,Gujarat,India,2018-12-03,Active
CUS000096,INS000003,Champak,Bedi,2003-08-15,Female,Surat,Gujarat,India,2020-05-19,Active
CUS000097,INS000005,Imaran,Krishnamurthy,1967-09-17,Male,Patna,Bihar,India,2019-02-09,Active
CUS000098,INS000002,Michael,Devi,1980-10-31,Male,Hyderabad,Telangana,India,2021-09-13,Active
CUS000099,INS000002,Nathaniel,Palla,1972-07-04,Male,Patna,Bihar,India,2019-02-20,Active
CUS000100,INS000001,Pahal,Mander,1965-05-20,Female,Kolkata,West Bengal,India,2023-03-04,Active
CUS000101,INS000004,Devansh,Thakkar,1954-08-02,Female,Delhi,Delhi,India,2020-08-29,Active
CUS000102,INS000001,Lekha,Dubey,1991-06-25,Female,Surat,Gujarat,India,2021-09-29,Active
CUS000103,INS000004,Lakshmi,Chadha,1974-07-05,Male,Ahmedabad,Gujarat,India,2018-11-30,Active
CUS000104,INS000002,Upadhriti,Madan,1952-08-17,Female,Lucknow,Uttar Pradesh,India,2023-10-17,Active
CUS000105,INS000001,Zayan,Dhar,1956-09-06,Male,Kochi,Kerala,India,2024-03-10,Inactive
CUS000106,INS000005,Advay,Hegde,2008-07-21,Other,Thane,Maharashtra,India,2026-03-11,Active
CUS000107,INS000003,Ishwar,Sankaran,1977-05-21,Male,Kochi,Kerala,India,2024-08-06,Active
CUS000108,INS000004,Amara,Buch,2005-08-19,Female,Indore,Madhya Pradesh,India,2025-05-17,Active
CUS000109,INS000003,Harini,Mannan,1987-05-30,Male,Thane,Maharashtra,India,2025-02-25,Active
CUS000110,INS000003,Isaac,Kanda,1962-06-23,Male,Chennai,Tamil Nadu,India,2020-10-12,Active
CUS000111,INS000001,Chaaya,Balay,1981-08-27,Female,Pune,Maharashtra,India,2020-10-16,Inactive
CUS000112,INS000003,Radhika,Solanki,1998-01-20,Male,Pune,Maharashtra,India,2019-02-11,Active
CUS000113,INS000005,Nakul,Pant,2003-11-27,Male,Patna,Bihar,India,2022-12-19,Inactive
CUS000114,INS000003,Sudiksha,Kothari,1974-05-11,Female,Hyderabad,Telangana,India,2019-04-04,Active
CUS000115,INS000001,Aarush,Raju,1966-01-02,Female,Bhopal,Madhya Pradesh,India,2019-06-13,Active
CUS000116,INS000005,Adya,Sami,2007-03-04,Female,Mysuru,Karnataka,India,2020-09-13,Active
CUS000117,INS000002,Xiti,Rastogi,2006-06-23,Male,Surat,Gujarat,India,2019-12-07,Active
CUS000118,INS000003,Pranav,Chaudhari,1952-10-09,Female,Hyderabad,Telangana,India,2024-10-28,Active
CUS000119,INS000001,Yashica,Lal,1989-06-02,Female,Nagpur,Maharashtra,India,2020-01-02,Active
CUS000120,INS000002,Hitesh,Mittal,1982-04-27,Male,Delhi,Delhi,India,2021-04-10,Active
CUS000121,INS000002,Chanchal,Mukhopadhyay,1958-06-14,Female,Indore,Madhya Pradesh,India,2022-04-11,Active
CUS000122,INS000004,Yashica,Ghose,2007-06-14,Male,Bhopal,Madhya Pradesh,India,2018-09-20,Active
CUS000123,INS000005,Rushil,Sarin,1951-01-30,Male,Mysuru,Karnataka,India,2019-06-03,Active
CUS000124,INS000003,Michael,Naidu,1958-11-17,Male,Chandigarh,Chandigarh,India,2022-08-19,Active
CUS000125,INS000001,Kashvi,Dewan,1974-12-11,Male,Bhubaneswar,Odisha,India,2018-12-21,Inactive
CUS000126,INS000004,Neel,Iyengar,1975-02-02,Female,Chandigarh,Chandigarh,India,2022-07-22,Active
CUS000127,INS000005,Aadi,Krishna,2004-10-01,Female,Patna,Bihar,India,2021-04-20,Active
CUS000128,INS000004,Ekiya,Deshmukh,1980-02-17,Female,Lucknow,Uttar Pradesh,India,2021-01-04,Active
CUS000129,INS000005,Vrinda,Saha,1956-07-17,Female,Pune,Maharashtra,India,2025-06-08,Active
CUS000130,INS000005,Anirudh,Iyengar,1987-05-12,Male,Bhubaneswar,Odisha,India,2018-09-25,Active
CUS000131,INS000003,Isaac,Mitra,1989-11-01,Female,Mysuru,Karnataka,India,2019-11-22,Active
CUS000132,INS000005,Janani,Mody,1976-11-21,Female,Jaipur,Rajasthan,India,2024-06-15,Inactive
CUS000133,INS000004,Damyanti,Chada,1981-04-11,Male,Mumbai,Maharashtra,India,2026-01-08,Active
CUS000134,INS000005,Wriddhish,Mishra,1984-03-08,Female,Delhi,Delhi,India,2025-12-30,Active
CUS000135,INS000003,Dalbir,Shenoy,1984-12-08,Other,Bhubaneswar,Odisha,India,2020-01-15,Active
CUS000136,INS000003,Wridesh,Goswami,1996-09-01,Female,Nagpur,Maharashtra,India,2024-02-17,Active
CUS000137,INS000004,Farhan,Prashad,2004-05-05,Female,Bhubaneswar,Odisha,India,2025-04-02,Active
CUS000138,INS000002,Frederick,Sarkar,1983-12-21,Male,Mysuru,Karnataka,India,2019-11-13,Active
CUS000139,INS000002,Vedika,Char,1983-12-17,Male,Chennai,Tamil Nadu,India,2024-02-06,Inactive
CUS000140,INS000005,Ekapad,Devi,1953-03-16,Male,Ahmedabad,Gujarat,India,2025-05-05,Active
CUS000141,INS000001,Jeremiah,Vyas,1979-04-30,Female,Surat,Gujarat,India,2019-12-11,Active
CUS000142,INS000005,Kabir,Sathe,1965-09-08,Female,Surat,Gujarat,India,2024-10-30,Active
CUS000143,INS000004,Vaishnavi,Munshi,1994-06-17,Other,Surat,Gujarat,India,2024-06-09,Active
CUS000144,INS000004,Noah,Thakur,2003-10-25,Male,Nagpur,Maharashtra,India,2026-01-24,Active
CUS000145,INS000004,Alka,Parmar,2000-06-30,Male,Patna,Bihar,India,2023-12-08,Active
CUS000146,INS000004,Pallavi,Sidhu,1986-12-13,Female,Jaipur,Rajasthan,India,2020-07-13,Active
CUS000147,INS000004,Siddharth,Pandya,1990-09-28,Female,Delhi,Delhi,India,2025-07-10,Active
CUS000148,INS000003,Sai,Sane,1950-10-23,Male,Indore,Madhya Pradesh,India,2024-03-17,Active
CUS000149,INS000002,Devika,Shukla,1960-09-03,Female,Bhubaneswar,Odisha,India,2020-05-16,Active
CUS000150,INS000004,Mohini,Salvi,1979-12-06,Female,Delhi,Delhi,India,2019-02-22,Active
CUS000151,INS000001,Kashvi,Roy,1994-11-20,Female,Nagpur,Maharashtra,India,2021-09-09,Active
CUS000152,INS000001,Raksha,Shenoy,1966-09-27,Female,Jaipur,Rajasthan,India,2026-04-07,Active
CUS000153,INS000001,Zansi,Bala,1986-03-12,Male,Bhopal,Madhya Pradesh,India,2020-06-21,Active
CUS000154,INS000001,Siya,Bala,1976-12-14,Other,Kolkata,West Bengal,India,2019-11-14,Active
CUS000155,INS000003,Jai,Sama,1966-03-28,Female,Nagpur,Maharashtra,India,2022-04-19,Active
CUS000156,INS000001,Yug,Chakrabarti,1969-02-26,Male,Mysuru,Karnataka,India,2024-08-28,Active
CUS000157,INS000004,Umang,Dey,2006-05-03,Male,Hyderabad,Telangana,India,2024-12-15,Active
CUS000158,INS000005,Devansh,Mittal,1957-02-02,Female,Chennai,Tamil Nadu,India,2022-02-11,Active
CUS000159,INS000001,Hamsini,Kibe,1991-08-08,Male,Pune,Maharashtra,India,2022-04-28,Inactive
CUS000160,INS000003,Ansh,Vala,1998-10-23,Male,Ahmedabad,Gujarat,India,2022-05-01,Active
CUS000161,INS000003,Victor,Prakash,1995-01-31,Female,Surat,Gujarat,India,2023-10-30,Active
CUS000162,INS000001,Thomas,Datta,1981-10-13,Male,Bhubaneswar,Odisha,India,2022-09-03,Active
CUS000163,INS000005,Abhimanyu,Memon,2002-05-20,Female,Mumbai,Maharashtra,India,2020-10-19,Inactive
CUS000164,INS000001,Ekavir,Bera,1958-06-23,Male,Indore,Madhya Pradesh,India,2018-10-24,Active
CUS000165,INS000003,Daniel,Ramaswamy,1979-01-28,Female,Patna,Bihar,India,2020-02-10,Active
CUS000166,INS000002,Veer,Dass,1976-11-26,Male,Chennai,Tamil Nadu,India,2025-12-31,Active
CUS000167,INS000004,Ekansh,Rau,2002-02-13,Male,Surat,Gujarat,India,2026-03-22,Active
CUS000168,INS000003,Azad,Ahuja,1951-11-01,Male,Delhi,Delhi,India,2025-12-12,Active
CUS000169,INS000001,Ganga,Shere,2006-09-26,Female,Bhopal,Madhya Pradesh,India,2021-04-02,Inactive
CUS000170,INS000004,Ekavir,Vasa,1997-05-09,Female,Hyderabad,Telangana,India,2025-11-07,Active
CUS000171,INS000001,Yoshita,Sharma,2006-04-10,Male,Thane,Maharashtra,India,2020-11-21,Active
CUS000172,INS000001,Wazir,Bhagat,2007-09-27,Female,Hyderabad,Telangana,India,2024-09-04,Active
CUS000173,INS000002,Arya,Chad,1996-05-09,Female,Mysuru,Karnataka,India,2019-02-02,Active
CUS000174,INS000004,Vedika,Bhakta,1994-07-16,Other,Thane,Maharashtra,India,2021-08-25,Active
CUS000175,INS000004,Tanish,Madan,1999-04-10,Male,Chennai,Tamil Nadu,India,2022-11-27,Active
CUS000176,INS000002,Kevin,Chhabra,1998-03-16,Female,Mumbai,Maharashtra,India,2020-09-04,Active
CUS000177,INS000003,Urvashi,Nath,1995-08-04,Male,Bengaluru,Karnataka,India,2023-10-10,Active
CUS000178,INS000001,Xavier,Chatterjee,1995-01-04,Male,Bhubaneswar,Odisha,India,2026-03-27,Active
CUS000179,INS000005,Urvashi,Mannan,1952-08-20,Other,Kolkata,West Bengal,India,2024-11-06,Active
CUS000180,INS000001,Niharika,Subramaniam,1968-04-17,Female,Delhi,Delhi,India,2023-05-13,Active
CUS000181,INS000001,Ranveer,Narula,1962-09-06,Male,Delhi,Delhi,India,2022-07-09,Active
CUS000182,INS000003,Girindra,Bhat,1979-10-29,Male,Pune,Maharashtra,India,2022-01-06,Active
CUS000183,INS000001,Gunbir,Dara,1980-12-01,Female,Ahmedabad,Gujarat,India,2020-12-03,Active
CUS000184,INS000002,Raagini,Vaidya,1954-05-16,Female,Pune,Maharashtra,India,2026-06-02,Active
CUS000185,INS000002,Irya,Bera,1979-03-22,Male,Bhubaneswar,Odisha,India,2024-11-28,Active
CUS000186,INS000004,Pallavi,Jayaraman,1982-05-29,Female,Jaipur,Rajasthan,India,2023-07-07,Active
CUS000187,INS000005,Nirja,Varty,1976-04-21,Male,Ahmedabad,Gujarat,India,2023-02-13,Active
CUS000188,INS000001,Unni,Dhawan,1993-12-13,Male,Ahmedabad,Gujarat,India,2024-09-15,Active
CUS000189,INS000001,Chatura,Tandon,2006-05-21,Female,Surat,Gujarat,India,2022-06-11,Active
CUS000190,INS000003,Guneet,Deshpande,1963-07-03,Male,Bengaluru,Karnataka,India,2020-02-23,Active
CUS000191,INS000002,Darsh,Kapoor,1964-03-05,Male,Ahmedabad,Gujarat,India,2024-09-30,Active
CUS000192,INS000005,Neha,Dubey,1974-01-27,Female,Patna,Bihar,India,2021-03-16,Active
CUS000193,INS000004,Harinakshi,Mitra,1994-09-27,Female,Surat,Gujarat,India,2024-08-25,Active
CUS000194,INS000002,Ikbal,Mukhopadhyay,1976-09-02,Male,Bhopal,Madhya Pradesh,India,2023-05-18,Active
CUS000195,INS000004,Yuvraj,Ahuja,1998-09-15,Female,Surat,Gujarat,India,2025-11-29,Active
CUS000196,INS000003,Rehaan,Sundaram,1956-01-26,Female,Kochi,Kerala,India,2026-07-08,Active
CUS000197,INS000003,Ranveer,Iyer,1992-03-19,Male,Nagpur,Maharashtra,India,2025-11-17,Active
CUS000198,INS000001,Saumya,Contractor,1985-09-10,Female,Surat,Gujarat,India,2019-04-14,Active
CUS000199,INS000005,Logan,Bhavsar,1986-09-19,Male,Patna,Bihar,India,2018-09-14,Active
CUS000200,INS000004,Pahal,Acharya,1957-02-19,Male,Bengaluru,Karnataka,India,2018-11-09,Active
CUS000201,INS000002,Qadim,Dua,2005-10-15,Female,Ahmedabad,Gujarat,India,2025-05-25,Active
CUS000202,INS000003,Arya,Dara,1961-10-17,Other,Mysuru,Karnataka,India,2022-05-14,Active
CUS000203,INS000001,Turvi,Venkatesh,1998-07-03,Male,Indore,Madhya Pradesh,India,2020-06-28,Active
CUS000204,INS000001,Zaid,Chatterjee,2001-04-03,Male,Indore,Madhya Pradesh,India,2025-08-14,Active
CUS000205,INS000004,Faqid,Kota,2006-10-28,Female,Delhi,Delhi,India,2026-07-15,Active
CUS000206,INS000003,Saanvi,Jayaraman,1961-05-28,Male,Lucknow,Uttar Pradesh,India,2022-09-30,Active
CUS000207,INS000005,Guneet,Chawla,1958-01-03,Male,Bhubaneswar,Odisha,India,2026-06-11,Active
CUS000208,INS000003,Chandresh,Som,1958-04-30,Male,Thane,Maharashtra,India,2024-06-17,Inactive
CUS000209,INS000004,Alexander,Bakshi,1965-12-10,Female,Indore,Madhya Pradesh,India,2020-03-24,Active
CUS000210,INS000004,Girik,Tiwari,1960-04-11,Male,Chandigarh,Chandigarh,India,2023-09-19,Active
CUS000211,INS000003,Warjas,Sawhney,1952-11-22,Male,Bengaluru,Karnataka,India,2019-03-02,Active
CUS000212,INS000004,Ojas,Raman,1965-10-17,Female,Ahmedabad,Gujarat,India,2022-12-02,Active
CUS000213,INS000003,Niharika,Bhakta,1988-08-08,Female,Bengaluru,Karnataka,India,2024-01-12,Inactive
CUS000214,INS000002,Vedika,Dara,1960-06-25,Female,Nagpur,Maharashtra,India,2018-12-25,Active
CUS000215,INS000003,Vasana,Mital,2001-01-20,Male,Kolkata,West Bengal,India,2025-11-22,Active
CUS000216,INS000003,Tanay,Ravel,2002-06-24,Female,Chandigarh,Chandigarh,India,2020-02-02,Active
CUS000217,INS000004,Nandini,Sule,1986-01-19,Male,Bhopal,Madhya Pradesh,India,2019-01-20,Inactive
CUS000218,INS000004,Daniel,Gour,1992-08-08,Male,Chandigarh,Chandigarh,India,2022-09-21,Active
CUS000219,INS000001,Nitesh,Keer,1971-04-03,Female,Jaipur,Rajasthan,India,2023-08-06,Active
CUS000220,INS000001,Ladli,Lad,1977-05-21,Male,Chandigarh,Chandigarh,India,2020-06-12,Active
CUS000221,INS000002,Aarnav,Sarna,1951-01-10,Male,Chandigarh,Chandigarh,India,2023-12-29,Active
CUS000222,INS000001,Madhavi,Dasgupta,1994-07-25,Male,Hyderabad,Telangana,India,2019-11-21,Active
CUS000223,INS000003,Alka,Sankaran,1954-06-12,Male,Mumbai,Maharashtra,India,2026-05-20,Active
CUS000224,INS000004,Suhani,Dhingra,1953-11-19,Male,Indore,Madhya Pradesh,India,2020-08-31,Active
CUS000225,INS000001,Bhavika,Bains,1990-08-18,Other,Hyderabad,Telangana,India,2020-12-05,Active
CUS000226,INS000001,Pallavi,Goyal,1990-08-04,Male,Pune,Maharashtra,India,2021-07-21,Active
CUS000227,INS000002,Vidhi,Dhar,1999-04-04,Male,Jaipur,Rajasthan,India,2023-11-17,Active
CUS000228,INS000002,Mohammed,Khosla,1966-05-20,Male,Delhi,Delhi,India,2021-05-26,Active
CUS000229,INS000003,Ranveer,Garde,1983-05-17,Female,Chennai,Tamil Nadu,India,2026-05-06,Active
CUS000230,INS000004,Chaman,Vaidya,1959-11-09,Female,Mumbai,Maharashtra,India,2024-10-01,Active
CUS000231,INS000002,Teerth,Iyer,1972-02-18,Male,Thane,Maharashtra,India,2025-11-24,Inactive
CUS000232,INS000001,Dalbir,Soni,1995-11-20,Female,Chennai,Tamil Nadu,India,2026-03-06,Active
CUS000233,INS000004,Darsh,Srinivasan,1999-05-02,Male,Chennai,Tamil Nadu,India,2022-02-24,Active
CUS000234,INS000004,Dipta,Mann,1987-11-29,Male,Delhi,Delhi,India,2025-11-28,Active
CUS000235,INS000001,Dakshesh,Mann,1954-01-19,Male,Bengaluru,Karnataka,India,2024-04-09,Active
CUS000236,INS000002,Chandresh,Chaudhry,1978-08-07,Male,Chennai,Tamil Nadu,India,2025-04-16,Active
CUS000237,INS000001,Vansha,Tailor,1986-05-03,Male,Ahmedabad,Gujarat,India,2020-12-02,Active
CUS000238,INS000004,Yadavi,Pillai,1956-04-30,Female,Bhopal,Madhya Pradesh,India,2024-12-23,Active
CUS000239,INS000005,Nakul,Maharaj,1987-05-23,Male,Bengaluru,Karnataka,India,2025-02-17,Active
CUS000240,INS000005,Dakshesh,Raman,1958-12-24,Female,Bhubaneswar,Odisha,India,2024-06-06,Active
CUS000241,INS000003,Yashoda,Raju,1994-02-20,Male,Bhubaneswar,Odisha,India,2022-04-12,Active
CUS000242,INS000001,Faris,Chhabra,1982-02-25,Male,Pune,Maharashtra,India,2025-02-15,Active
CUS000243,INS000001,Quincy,Shetty,1977-08-10,Male,Bhubaneswar,Odisha,India,2022-03-31,Active
CUS000244,INS000003,Ekapad,Saha,1984-09-01,Female,Lucknow,Uttar Pradesh,India,2018-10-16,Inactive
CUS000245,INS000003,Ekansh,Sandal,1993-04-02,Male,Chennai,Tamil Nadu,India,2026-01-02,Active
CUS000246,INS000003,Wahab,Divan,1978-02-17,Female,Chennai,Tamil Nadu,India,2023-01-24,Active
CUS000247,INS000004,Netra,Bala,1993-10-11,Male,Mumbai,Maharashtra,India,2022-03-13,Active
CUS000248,INS000001,Jagdish,Mander,2007-08-13,Male,Kochi,Kerala,India,2024-10-07,Active
CUS000249,INS000004,Yatin,Shankar,2000-10-20,Male,Delhi,Delhi,India,2024-07-25,Active
CUS000250,INS000003,Balveer,Dara,1983-11-30,Male,Hyderabad,Telangana,India,2019-08-10,Active
CUS000251,INS000001,Finn,Ramachandran,1962-06-22,Male,Patna,Bihar,India,2018-08-24,Active
CUS000252,INS000004,Oni,Apte,1960-11-22,Male,Lucknow,Uttar Pradesh,India,2024-10-10,Active
CUS000253,INS000004,Diya,Mitter,1955-02-18,Female,Surat,Gujarat,India,2019-07-26,Active
CUS000254,INS000003,Advika,Bandi,1979-05-15,Male,Nagpur,Maharashtra,India,2022-05-19,Active
CUS000255,INS000001,Samarth,Saxena,1967-12-01,Female,Mumbai,Maharashtra,India,2023-06-23,Active
CUS000256,INS000003,Dipta,Basak,1958-12-17,Male,Kochi,Kerala,India,2022-11-09,Active
CUS000257,INS000001,William,Pant,1967-05-26,Female,Chandigarh,Chandigarh,India,2019-12-04,Active
CUS000258,INS000005,Alka,Dewan,1965-12-21,Female,Chandigarh,Chandigarh,India,2022-03-22,Active
CUS000259,INS000002,Meghana,Sidhu,2002-03-24,Male,Ahmedabad,Gujarat,India,2019-04-14,Active
CUS000260,INS000002,Karan,Shanker,1988-01-19,Male,Kolkata,West Bengal,India,2023-02-01,Active
CUS000261,INS000002,Charita,Malhotra,1963-01-05,Female,Bhopal,Madhya Pradesh,India,2021-02-19,Active
CUS000262,INS000003,Tanvi,Andra,1974-12-01,Female,Chandigarh,Chandigarh,India,2024-05-13,Active
CUS000263,INS000005,Diya,Dutt,1956-11-09,Male,Nagpur,Maharashtra,India,2025-06-15,Active
CUS000264,INS000001,Elijah,Parmar,1998-08-26,Male,Bengaluru,Karnataka,India,2025-04-26,Active
CUS000265,INS000004,Aditya,Tella,1953-08-05,Female,Patna,Bihar,India,2020-03-26,Active
CUS000266,INS000001,Tara,Thakur,1961-10-05,Male,Bhopal,Madhya Pradesh,India,2018-11-02,Active
CUS000267,INS000004,Harish,Kade,1972-10-15,Female,Hyderabad,Telangana,India,2022-07-16,Active
CUS000268,INS000001,Ethan,Palla,1975-08-20,Male,Surat,Gujarat,India,2025-06-23,Active
CUS000269,INS000005,Tanay,Vohra,1990-06-24,Male,Ahmedabad,Gujarat,India,2022-07-20,Active
CUS000270,INS000004,Yashawini,Ramakrishnan,1963-01-29,Female,Kolkata,West Bengal,India,2018-10-31,Active
CUS000271,INS000003,Alka,Varghese,1978-02-22,Female,Patna,Bihar,India,2019-02-28,Active
CUS000272,INS000001,Kevin,Bhatnagar,1959-04-06,Male,Jaipur,Rajasthan,India,2022-08-08,Active
CUS000273,INS000001,Ikshita,Ghosh,1973-10-06,Male,Chennai,Tamil Nadu,India,2019-03-20,Active
CUS000274,INS000004,Ekapad,Doshi,1990-11-18,Female,Patna,Bihar,India,2026-03-04,Active
CUS000275,INS000003,Yash,Pandey,1960-06-13,Female,Bengaluru,Karnataka,India,2026-02-21,Active
CUS000276,INS000003,Kala,Nori,2004-10-15,Male,Hyderabad,Telangana,India,2025-10-14,Active
CUS000277,INS000005,Bhavani,Sharaf,1959-05-21,Female,Lucknow,Uttar Pradesh,India,2020-05-03,Active
CUS000278,INS000003,Nakul,Dey,1952-08-21,Female,Thane,Maharashtra,India,2024-12-25,Active
CUS000279,INS000003,Raksha,Mallick,1985-01-31,Female,Patna,Bihar,India,2026-04-24,Active
CUS000280,INS000003,Chasmum,Mitter,1995-10-23,Female,Mysuru,Karnataka,India,2024-11-25,Active
CUS000281,INS000002,Abhiram,Ramesh,1964-04-25,Male,Mysuru,Karnataka,India,2019-06-30,Active
CUS000282,INS000005,Chandani,Bir,2002-05-30,Female,Chandigarh,Chandigarh,India,2022-01-28,Active
CUS000283,INS000001,Hemang,Sule,1974-08-14,Female,Mumbai,Maharashtra,India,2019-03-15,Active
CUS000284,INS000004,Krish,Puri,1958-06-18,Male,Bhopal,Madhya Pradesh,India,2019-12-26,Active
CUS000285,INS000001,Aishani,Sodhi,1983-09-25,Male,Delhi,Delhi,India,2025-10-29,Active
CUS000286,INS000005,Jack,Gole,1962-01-01,Male,Pune,Maharashtra,India,2019-12-21,Active
CUS000287,INS000004,Hredhaan,Tripathi,2006-03-11,Female,Ahmedabad,Gujarat,India,2024-04-10,Active
CUS000288,INS000005,Nachiket,Vora,1984-06-09,Male,Bhubaneswar,Odisha,India,2024-08-24,Active
CUS000289,INS000003,Anita,Lad,1951-03-07,Female,Mysuru,Karnataka,India,2024-06-27,Active
CUS000290,INS000004,Baghyawati,Dayal,1977-07-24,Female,Hyderabad,Telangana,India,2023-06-19,Active
CUS000291,INS000003,Shivansh,Naik,1985-09-08,Female,Nagpur,Maharashtra,India,2020-02-20,Active
CUS000292,INS000001,Hemal,Pall,1952-05-05,Female,Thane,Maharashtra,India,2021-12-15,Active
CUS000293,INS000001,Samar,Raval,1956-02-27,Other,Pune,Maharashtra,India,2024-12-22,Active
CUS000294,INS000004,Aishani,Bir,1964-09-19,Male,Surat,Gujarat,India,2024-10-13,Active
CUS000295,INS000004,Yashasvi,Bath,1969-12-12,Female,Surat,Gujarat,India,2025-07-10,Active
CUS000296,INS000005,Vrinda,Balan,1996-11-18,Male,Bhopal,Madhya Pradesh,India,2020-12-04,Active
CUS000297,INS000005,Zayan,Dutt,2006-08-12,Female,Indore,Madhya Pradesh,India,2022-07-01,Active
CUS000298,INS000003,Charan,Kata,1952-02-09,Male,Mumbai,Maharashtra,India,2020-01-25,Active
CUS000299,INS000004,George,Char,1977-05-12,Other,Jaipur,Rajasthan,India,2022-12-06,Active
CUS000300,INS000001,Pallavi,Cherian,1986-04-16,Female,Chandigarh,Chandigarh,India,2025-09-01,Active
CUS000301,INS000005,Aradhana,Tata,1955-10-16,Female,Chandigarh,Chandigarh,India,2022-08-08,Active
CUS000302,INS000005,Chaitanya,Soni,1994-04-03,Male,Surat,Gujarat,India,2018-10-28,Active
CUS000303,INS000001,Aarush,Naik,1952-08-10,Male,Mumbai,Maharashtra,India,2025-10-03,Active
CUS000304,INS000005,Gauri,Kata,1976-10-14,Female,Indore,Madhya Pradesh,India,2025-07-15,Active
CUS000305,INS000003,Kalpit,Khalsa,1959-11-23,Male,Delhi,Delhi,India,2021-06-09,Inactive
CUS000306,INS000004,Adweta,Cheema,1956-12-06,Female,Nagpur,Maharashtra,India,2024-03-06,Active
CUS000307,INS000001,Neel,Ghosh,1981-12-14,Male,Thane,Maharashtra,India,2019-01-25,Active
CUS000308,INS000004,Riya,Rajagopalan,1972-09-05,Female,Kolkata,West Bengal,India,2020-09-21,Active
CUS000309,INS000005,Prisha,Salvi,1952-12-29,Male,Lucknow,Uttar Pradesh,India,2020-02-03,Active
CUS000310,INS000005,Aditya,Bhatt,1980-02-21,Female,Surat,Gujarat,India,2023-02-06,Active
CUS000311,INS000001,Isaac,Bhatia,2001-11-28,Female,Mysuru,Karnataka,India,2019-02-27,Active
CUS000312,INS000003,Faqid,Krishna,1988-08-05,Male,Delhi,Delhi,India,2019-11-08,Active
CUS000313,INS000002,Manthan,Contractor,1979-05-07,Male,Mumbai,Maharashtra,India,2024-09-11,Active
CUS000314,INS000001,Balendra,Barad,1961-05-14,Male,Chandigarh,Chandigarh,India,2019-07-17,Active
CUS000315,INS000002,Kala,Bora,1952-01-18,Female,Nagpur,Maharashtra,India,2020-12-07,Active
CUS000316,INS000002,Manbir,Sathe,1998-05-16,Female,Surat,Gujarat,India,2025-11-30,Active
CUS000317,INS000003,Qushi,Prasad,1968-12-09,Female,Lucknow,Uttar Pradesh,India,2021-10-12,Active
CUS000318,INS000002,Joshua,Balan,2004-01-30,Female,Mumbai,Maharashtra,India,2021-12-14,Active
CUS000319,INS000002,Benjamin,Ghosh,1995-06-19,Male,Lucknow,Uttar Pradesh,India,2025-11-22,Active
CUS000320,INS000003,Darika,Nagi,1993-09-21,Male,Thane,Maharashtra,India,2023-11-21,Active
CUS000321,INS000002,Janya,Chokshi,1996-07-22,Male,Mumbai,Maharashtra,India,2022-09-15,Active
CUS000322,INS000002,Balveer,Sengupta,2008-07-13,Male,Mysuru,Karnataka,India,2018-10-22,Inactive
CUS000323,INS000002,Ishita,Purohit,1957-01-13,Other,Bhubaneswar,Odisha,India,2026-05-16,Active
CUS000324,INS000001,Shivansh,Deol,1960-04-18,Female,Nagpur,Maharashtra,India,2022-07-10,Active
CUS000325,INS000001,Zaid,Iyengar,1997-06-14,Male,Jaipur,Rajasthan,India,2023-05-17,Active
CUS000326,INS000001,Harshil,Hayre,2006-07-16,Female,Pune,Maharashtra,India,2020-09-24,Active
CUS000327,INS000003,Irya,Krishnan,1978-02-02,Female,Bhopal,Madhya Pradesh,India,2023-07-10,Active
CUS000328,INS000005,Niharika,Swaminathan,1950-12-19,Male,Mysuru,Karnataka,India,2020-04-30,Active
CUS000329,INS000002,Mohammed,Sarma,1965-07-01,Male,Jaipur,Rajasthan,India,2026-07-15,Inactive
CUS000330,INS000002,Warjas,Mangal,1964-10-20,Male,Lucknow,Uttar Pradesh,India,2021-05-27,Active
CUS000331,INS000003,Nicholas,Kar,1953-09-20,Female,Bhopal,Madhya Pradesh,India,2020-04-21,Active
CUS000332,INS000002,Peter,Jaggi,2007-05-07,Other,Mumbai,Maharashtra,India,2021-12-05,Inactive
CUS000333,INS000001,Nitara,Edwin,1998-06-15,Female,Kochi,Kerala,India,2025-09-22,Active
CUS000334,INS000005,Aryan,Saraf,1994-08-28,Male,Pune,Maharashtra,India,2022-11-18,Active
CUS000335,INS000004,Praneel,Wadhwa,1967-08-09,Male,Nagpur,Maharashtra,India,2025-01-07,Active
CUS000336,INS000002,Gaurangi,Handa,1996-03-21,Female,Chandigarh,Chandigarh,India,2022-11-04,Active
CUS000337,INS000001,Nisha,Chadha,2002-12-10,Female,Pune,Maharashtra,India,2021-01-09,Active
CUS000338,INS000004,Yuvraj,Bajwa,1961-04-02,Female,Kochi,Kerala,India,2023-10-29,Active
CUS000339,INS000005,Amara,Char,1958-12-19,Female,Patna,Bihar,India,2024-04-21,Inactive
CUS000340,INS000004,Nathaniel,Jani,1988-03-07,Male,Chennai,Tamil Nadu,India,2024-06-28,Active
CUS000341,INS000001,Hritik,Bandi,1951-06-30,Female,Chandigarh,Chandigarh,India,2022-07-23,Active
CUS000342,INS000004,Lavanya,Dey,1970-06-16,Female,Mumbai,Maharashtra,India,2023-07-09,Active
CUS000343,INS000003,Balvan,Ahluwalia,1963-01-19,Male,Indore,Madhya Pradesh,India,2026-08-05,Active
CUS000344,INS000004,Upma,Parsa,1984-09-08,Female,Hyderabad,Telangana,India,2019-05-26,Active
CUS000345,INS000002,Tristan,Reddy,1994-05-30,Male,Mysuru,Karnataka,India,2020-12-04,Active
CUS000346,INS000002,Ryan,Bora,1958-10-31,Male,Bhubaneswar,Odisha,India,2021-03-18,Active
CUS000347,INS000003,Triveni,Oak,1993-02-02,Male,Surat,Gujarat,India,2023-08-04,Active
CUS000348,INS000001,Inaya,Goyal,2004-12-02,Male,Mysuru,Karnataka,India,2018-08-16,Active
CUS000349,INS000002,Dalaja,Wable,1992-12-19,Male,Surat,Gujarat,India,2024-05-16,Active
CUS000350,INS000005,Vedant,Taneja,1984-06-08,Male,Bhubaneswar,Odisha,India,2020-10-10,Active
CUS000351,INS000002,Udant,Gupta,1968-04-18,Female,Thane,Maharashtra,India,2023-07-29,Active
CUS000352,INS000002,Arjun,Johal,1998-05-09,Male,Chandigarh,Chandigarh,India,2022-01-05,Active
CUS000353,INS000001,Reyansh,Som,1996-11-16,Male,Thane,Maharashtra,India,2020-08-06,Active
CUS000354,INS000004,Mohini,Tella,1978-02-13,Male,Chandigarh,Chandigarh,India,2022-09-14,Active
CUS000355,INS000002,Falguni,Pandey,1961-01-21,Female,Mysuru,Karnataka,India,2019-05-01,Active
CUS000356,INS000003,Arya,Parikh,1986-05-22,Male,Bhopal,Madhya Pradesh,India,2023-02-28,Inactive
CUS000357,INS000004,Ekaraj,Devi,1962-09-05,Male,Patna,Bihar,India,2018-11-30,Active
CUS000358,INS000005,Arya,Bhavsar,1961-03-12,Female,Surat,Gujarat,India,2026-02-02,Active
CUS000359,INS000001,Indali,Sarna,1987-10-24,Female,Mysuru,Karnataka,India,2022-12-01,Inactive
CUS000360,INS000005,Yashodhara,Sane,1971-01-30,Female,Kolkata,West Bengal,India,2024-08-18,Active
CUS000361,INS000004,Mugdha,Puri,1956-01-28,Female,Mysuru,Karnataka,India,2021-05-17,Active
CUS000362,INS000004,Garima,Bobal,2004-02-18,Male,Jaipur,Rajasthan,India,2025-01-19,Active
CUS000363,INS000004,Ayaan,Brar,1977-11-17,Female,Kochi,Kerala,India,2023-04-04,Active
CUS000364,INS000005,Jack,Datta,1955-03-06,Male,Bhopal,Madhya Pradesh,India,2020-04-24,Active
CUS000365,INS000004,Advika,Varughese,1977-08-10,Male,Chennai,Tamil Nadu,India,2020-08-13,Active
CUS000366,INS000005,Pranav,Misra,1998-01-24,Male,Bengaluru,Karnataka,India,2026-02-01,Active
CUS000367,INS000004,Alka,Chaudhuri,1992-05-16,Female,Nagpur,Maharashtra,India,2019-05-24,Active
CUS000368,INS000003,Balvan,Dalal,1951-12-31,Male,Mysuru,Karnataka,India,2025-04-14,Active
CUS000369,INS000004,Ikbal,Tara,2006-11-25,Female,Delhi,Delhi,India,2021-07-05,Active
CUS000370,INS000005,Radha,Kashyap,1958-05-15,Female,Bengaluru,Karnataka,India,2019-12-31,Active
CUS000371,INS000002,Hemani,Behl,2005-08-02,Male,Kochi,Kerala,India,2022-03-23,Active
CUS000372,INS000004,Dipta,Zachariah,1998-07-30,Female,Surat,Gujarat,India,2025-02-10,Active
CUS000373,INS000002,Rajata,Narayanan,1971-06-06,Female,Delhi,Delhi,India,2023-06-20,Active
CUS000374,INS000003,Yasti,Bajaj,1981-12-03,Female,Thane,Maharashtra,India,2022-05-23,Active
CUS000375,INS000001,Jack,Kapur,1957-02-03,Male,Chennai,Tamil Nadu,India,2019-09-18,Active
CUS000376,INS000003,Lekha,Mann,1952-10-01,Female,Bengaluru,Karnataka,India,2026-04-29,Active
CUS000377,INS000004,Ranveer,Krishnamurthy,1956-09-25,Male,Chandigarh,Chandigarh,India,2021-04-26,Inactive
CUS000378,INS000002,Aachal,Ramakrishnan,1983-12-13,Female,Surat,Gujarat,India,2024-11-18,Active
CUS000379,INS000002,Chaitanya,Parmar,1957-01-02,Female,Chennai,Tamil Nadu,India,2023-11-14,Active
CUS000380,INS000005,Rajata,Bir,2005-12-30,Male,Ahmedabad,Gujarat,India,2021-03-02,Active
CUS000381,INS000002,Aarav,Dugar,1981-09-30,Female,Lucknow,Uttar Pradesh,India,2019-08-19,Active
CUS000382,INS000005,Zinal,Mani,2004-02-02,Female,Mumbai,Maharashtra,India,2019-12-31,Active
CUS000383,INS000001,Ronith,Borde,1955-11-16,Female,Bengaluru,Karnataka,India,2023-07-15,Active
CUS000384,INS000004,Januja,Warrior,1997-04-25,Male,Lucknow,Uttar Pradesh,India,2025-10-03,Active
CUS000385,INS000005,Raagini,Khurana,1981-12-13,Male,Nagpur,Maharashtra,India,2025-02-03,Active
CUS000386,INS000001,Ekaraj,Vasa,1974-01-25,Other,Bhubaneswar,Odisha,India,2023-11-24,Active
CUS000387,INS000002,Ganga,Tella,1994-07-14,Female,Surat,Gujarat,India,2025-09-09,Active
CUS000388,INS000002,Dipta,Muni,1967-03-01,Female,Pune,Maharashtra,India,2020-01-29,Active
CUS000389,INS000001,Jeet,Rastogi,1985-10-14,Male,Bengaluru,Karnataka,India,2022-05-26,Active
CUS000390,INS000002,Charita,Bhandari,1981-09-06,Male,Patna,Bihar,India,2021-08-01,Inactive
CUS000391,INS000001,Yashica,Choudhry,1974-08-04,Female,Mysuru,Karnataka,India,2025-08-23,Active
CUS000392,INS000005,Dayamai,Sinha,1978-05-19,Female,Surat,Gujarat,India,2024-01-08,Active
CUS000393,INS000005,Nilima,Lall,1975-06-04,Male,Lucknow,Uttar Pradesh,India,2023-02-28,Active
CUS000394,INS000001,Eta,Balan,2001-07-28,Female,Ahmedabad,Gujarat,India,2021-07-11,Active
CUS000395,INS000005,Neha,Bali,2007-06-25,Female,Kolkata,West Bengal,India,2021-02-12,Inactive
CUS000396,INS000005,Chakrika,Nigam,1989-09-20,Male,Patna,Bihar,India,2018-09-11,Active
CUS000397,INS000005,Joshua,Sama,1957-12-17,Male,Hyderabad,Telangana,India,2024-01-18,Active
CUS000398,INS000003,Rehaan,Lal,1977-06-28,Male,Pune,Maharashtra,India,2022-03-23,Active
CUS000399,INS000004,Osha,Iyer,2008-07-20,Female,Indore,Madhya Pradesh,India,2021-02-19,Active
CUS000400,INS000002,Ladli,Natt,2003-04-04,Male,Pune,Maharashtra,India,2019-08-30,Active
CUS000401,INS000003,Owen,Bhargava,1979-08-12,Male,Nagpur,Maharashtra,India,2020-08-11,Active
CUS000402,INS000005,Charvi,Dewan,1966-03-20,Female,Pune,Maharashtra,India,2022-01-09,Active
CUS000403,INS000001,Nidra,Jayaraman,1977-01-22,Male,Bhopal,Madhya Pradesh,India,2026-05-02,Active
CUS000404,INS000005,Aadi,Narayan,1951-12-21,Male,Mysuru,Karnataka,India,2019-10-15,Active
CUS000405,INS000004,Daksha,Bhatia,1994-01-20,Male,Surat,Gujarat,India,2023-07-20,Active
CUS000406,INS000005,Bhavini,Keer,1976-01-09,Female,Kochi,Kerala,India,2022-02-18,Active
CUS000407,INS000001,Shivansh,Tak,1988-09-22,Female,Lucknow,Uttar Pradesh,India,2022-06-25,Active
CUS000408,INS000004,Qushi,Bora,2007-03-27,Male,Jaipur,Rajasthan,India,2020-02-17,Inactive
CUS000409,INS000005,Ekanta,Banik,2007-04-02,Female,Bhubaneswar,Odisha,India,2018-09-08,Active
CUS000410,INS000004,Udyati,Pal,1956-12-14,Female,Delhi,Delhi,India,2022-02-24,Active
CUS000411,INS000002,Riya,Bobal,1952-06-27,Male,Mumbai,Maharashtra,India,2025-10-02,Active
CUS000412,INS000002,Riya,Saha,1967-07-07,Male,Chennai,Tamil Nadu,India,2021-11-09,Active
CUS000413,INS000005,Tanay,Buch,1999-09-10,Male,Mysuru,Karnataka,India,2022-12-13,Active
CUS000414,INS000004,Yasti,Srinivas,1958-03-06,Male,Jaipur,Rajasthan,India,2021-10-21,Active
CUS000415,INS000001,Urvashi,Dayal,1975-12-16,Female,Chandigarh,Chandigarh,India,2020-01-18,Inactive
CUS000416,INS000005,Omkaar,Madan,1953-02-16,Female,Indore,Madhya Pradesh,India,2024-08-21,Active
CUS000417,INS000002,Frado,Barman,1974-01-05,Male,Patna,Bihar,India,2023-07-29,Inactive
CUS000418,INS000002,Bhanumati,Chawla,1993-05-06,Male,Jaipur,Rajasthan,India,2020-12-28,Active
CUS000419,INS000005,Yutika,Banik,1994-12-02,Male,Chandigarh,Chandigarh,India,2023-06-22,Active
CUS000420,INS000004,Gautami,Taneja,2004-09-24,Female,Pune,Maharashtra,India,2023-03-24,Active
CUS000421,INS000002,Girik,Tripathi,1995-03-06,Male,Hyderabad,Telangana,India,2025-06-15,Active
CUS000422,INS000004,Wahab,Kar,2005-04-05,Female,Ahmedabad,Gujarat,India,2018-11-28,Active
CUS000423,INS000002,Dayita,Palla,1962-04-17,Male,Patna,Bihar,India,2020-04-08,Active
CUS000424,INS000002,Umang,Sankar,1985-11-10,Female,Ahmedabad,Gujarat,India,2024-05-12,Inactive
CUS000425,INS000003,Rushil,Sridhar,1992-12-17,Female,Chennai,Tamil Nadu,India,2019-12-17,Active
CUS000426,INS000002,Manan,Mitter,1958-01-06,Male,Mumbai,Maharashtra,India,2026-04-21,Active
CUS000427,INS000001,Aryan,Kari,1962-01-18,Female,Bengaluru,Karnataka,India,2019-06-29,Active
CUS000428,INS000005,Chakradhar,Bail,1969-07-06,Other,Indore,Madhya Pradesh,India,2021-09-21,Active
CUS000429,INS000005,Yash,Bhakta,1963-12-20,Male,Kochi,Kerala,India,2022-11-11,Active
CUS000430,INS000004,Vaishnavi,Bal,1981-12-09,Female,Kolkata,West Bengal,India,2020-05-04,Active
CUS000431,INS000002,Elijah,Hayre,1980-03-04,Male,Delhi,Delhi,India,2019-02-25,Active
CUS000432,INS000001,Tamanna,Warrior,1966-04-14,Female,Chandigarh,Chandigarh,India,2023-09-04,Active
CUS000433,INS000004,Oeshi,Raghavan,2005-05-21,Male,Kolkata,West Bengal,India,2024-10-03,Inactive
CUS000434,INS000003,Robert,Badami,1952-11-12,Female,Lucknow,Uttar Pradesh,India,2021-01-11,Active
CUS000435,INS000004,Leena,Subramaniam,1959-10-01,Female,Indore,Madhya Pradesh,India,2018-10-21,Active
CUS000436,INS000004,Warda,Ben,1963-08-05,Female,Kolkata,West Bengal,India,2024-05-05,Active
CUS000437,INS000002,Mugdha,Ram,2006-08-07,Female,Chennai,Tamil Nadu,India,2023-05-12,Active
CUS000438,INS000003,Yagnesh,Purohit,1974-05-24,Female,Patna,Bihar,India,2025-11-26,Active
CUS000439,INS000004,Manbir,Dass,1966-07-06,Male,Bhubaneswar,Odisha,India,2023-06-29,Active
CUS000440,INS000001,Abdul,Sani,1961-06-23,Female,Lucknow,Uttar Pradesh,India,2021-08-29,Active
CUS000441,INS000001,Hredhaan,Sane,1992-01-14,Female,Surat,Gujarat,India,2018-10-03,Active
CUS000442,INS000005,Pavani,Devi,1951-03-02,Female,Nagpur,Maharashtra,India,2025-03-25,Active
CUS000443,INS000003,Theodore,D’Alia,1954-06-04,Female,Mysuru,Karnataka,India,2024-07-31,Active
CUS000444,INS000003,Patrick,Sarma,1960-04-04,Female,Chennai,Tamil Nadu,India,2020-11-05,Inactive
CUS000445,INS000005,Zarna,Dalal,1993-09-21,Female,Hyderabad,Telangana,India,2021-01-02,Active
CUS000446,INS000004,Ucchal,Pillai,1979-02-12,Male,Jaipur,Rajasthan,India,2026-06-13,Active
CUS000447,INS000003,Chandresh,Pandey,2005-01-19,Male,Patna,Bihar,India,2020-10-08,Active
CUS000448,INS000001,Zaid,Hari,1959-03-17,Male,Patna,Bihar,India,2020-01-14,Active
CUS000449,INS000001,Jairaj,Oza,1951-06-12,Male,Bhubaneswar,Odisha,India,2019-08-13,Active
CUS000450,INS000002,Tanmayi,Sarkar,2002-12-15,Female,Nagpur,Maharashtra,India,2020-05-23,Active
CUS000451,INS000003,Kiaan,Bhardwaj,1950-09-08,Male,Mumbai,Maharashtra,India,2021-03-23,Active
CUS000452,INS000004,Ucchal,Khanna,1962-09-03,Male,Bengaluru,Karnataka,India,2021-10-24,Active
CUS000453,INS000005,Edhitha,Kata,1963-03-27,Other,Hyderabad,Telangana,India,2024-04-09,Inactive
CUS000454,INS000005,Saanvi,Chanda,1954-02-19,Male,Delhi,Delhi,India,2019-09-05,Inactive
CUS000455,INS000004,Yamini,Anne,1951-08-28,Male,Delhi,Delhi,India,2023-05-07,Inactive
CUS000456,INS000002,Pooja,Karan,1980-09-13,Male,Surat,Gujarat,India,2026-05-28,Active
CUS000457,INS000005,Sanaya,Sachar,1965-01-09,Male,Hyderabad,Telangana,India,2025-10-27,Inactive
CUS000458,INS000003,Nathan,Yadav,1967-07-09,Female,Indore,Madhya Pradesh,India,2019-04-04,Active
CUS000459,INS000002,Vaishnavi,Bath,1992-01-12,Female,Mumbai,Maharashtra,India,2022-07-02,Active
CUS000460,INS000003,Shivani,Aurora,1973-12-29,Female,Mumbai,Maharashtra,India,2020-12-31,Active
CUS000461,INS000001,Aashi,Krish,1964-06-23,Male,Jaipur,Rajasthan,India,2026-02-09,Inactive
CUS000462,INS000002,Yug,Bhandari,1957-01-19,Female,Indore,Madhya Pradesh,India,2022-09-09,Active
CUS000463,INS000005,Aradhana,Bose,1950-11-18,Male,Bengaluru,Karnataka,India,2021-11-06,Active
CUS000464,INS000002,Vedhika,Bhandari,1980-07-15,Male,Kochi,Kerala,India,2021-12-04,Active
CUS000465,INS000002,William,Date,1983-10-06,Male,Patna,Bihar,India,2020-07-17,Active
CUS000466,INS000002,Anvi,Sarna,1995-09-26,Male,Ahmedabad,Gujarat,India,2022-12-03,Active
CUS000467,INS000002,Ria,Gole,2008-07-23,Male,Pune,Maharashtra,India,2018-12-20,Active
CUS000468,INS000003,Faras,Mandal,1957-08-21,Male,Jaipur,Rajasthan,India,2022-11-29,Active
CUS000469,INS000001,Bhavika,Bassi,1957-07-05,Other,Surat,Gujarat,India,2021-09-25,Active
CUS000470,INS000004,Wahab,Murthy,1996-11-26,Male,Pune,Maharashtra,India,2018-11-13,Active
CUS000471,INS000002,Anita,Palla,1951-12-11,Male,Lucknow,Uttar Pradesh,India,2018-08-25,Active
CUS000472,INS000005,Gautami,Konda,2005-12-27,Male,Nagpur,Maharashtra,India,2026-03-02,Inactive
CUS000473,INS000002,Ekaja,Master,1999-12-04,Female,Bhubaneswar,Odisha,India,2025-05-16,Active
CUS000474,INS000005,Faris,Dayal,1972-11-25,Male,Nagpur,Maharashtra,India,2020-06-06,Active
CUS000475,INS000003,Lakshit,Rao,1994-04-10,Female,Ahmedabad,Gujarat,India,2023-12-19,Active
CUS000476,INS000005,Matthew,Srinivas,1987-01-05,Other,Kolkata,West Bengal,India,2019-06-10,Active
CUS000477,INS000004,Vihaan,Das,1998-03-09,Male,Surat,Gujarat,India,2021-08-06,Active
CUS000478,INS000001,Leela,Bose,1958-08-27,Male,Kochi,Kerala,India,2020-02-18,Active
CUS000479,INS000005,Michael,Bose,1979-04-13,Male,Thane,Maharashtra,India,2022-02-06,Active
CUS000480,INS000005,Tanish,Krishna,2004-10-05,Female,Thane,Maharashtra,India,2021-12-23,Active
CUS000481,INS000001,Devansh,Jha,1993-08-24,Male,Chandigarh,Chandigarh,India,2025-07-22,Active
CUS000482,INS000004,Oeshi,Talwar,1984-05-10,Male,Indore,Madhya Pradesh,India,2025-08-22,Active
CUS000483,INS000002,Nikita,Parikh,1981-06-14,Male,Ahmedabad,Gujarat,India,2018-11-13,Active
CUS000484,INS000005,Ganga,Kannan,1995-06-16,Female,Kochi,Kerala,India,2023-12-27,Inactive
CUS000485,INS000001,Unnati,Sawhney,1992-10-02,Male,Indore,Madhya Pradesh,India,2020-09-13,Active
CUS000486,INS000003,Ojasvi,Mittal,1993-07-10,Male,Ahmedabad,Gujarat,India,2021-10-11,Active
CUS000487,INS000001,David,Peri,1986-06-07,Female,Bengaluru,Karnataka,India,2025-12-29,Active
CUS000488,INS000003,Samuel,Master,1973-02-12,Female,Kolkata,West Bengal,India,2019-03-19,Active
CUS000489,INS000004,Osha,Konda,1982-01-09,Female,Lucknow,Uttar Pradesh,India,2025-09-04,Active
CUS000490,INS000002,Lopa,Vyas,1993-02-12,Male,Nagpur,Maharashtra,India,2022-03-05,Active
CUS000491,INS000001,Anmol,Loke,1968-01-05,Female,Kochi,Kerala,India,2023-05-02,Active
CUS000492,INS000005,Lajita,Nagar,2007-12-18,Female,Chandigarh,Chandigarh,India,2021-10-11,Active
CUS000493,INS000004,Vansha,Thakur,2005-10-03,Male,Chandigarh,Chandigarh,India,2024-09-24,Active
CUS000494,INS000001,Abeer,Chawla,2005-04-14,Female,Hyderabad,Telangana,India,2021-12-22,Active
CUS000495,INS000005,Indira,Bhagat,2000-11-11,Male,Nagpur,Maharashtra,India,2019-01-01,Active
CUS000496,INS000001,Chanchal,Pal,1982-05-13,Female,Bhopal,Madhya Pradesh,India,2022-11-19,Active
CUS000497,INS000003,Madhavi,Roy,1978-06-11,Male,Ahmedabad,Gujarat,India,2023-06-21,Active
CUS000498,INS000001,Oni,Sunder,1965-07-26,Female,Nagpur,Maharashtra,India,2022-06-29,Active
CUS000499,INS000001,Thomas,Mammen,1964-10-22,Male,Thane,Maharashtra,India,2026-07-30,Active
CUS000500,INS000001,Vinaya,Brar,1953-07-16,Female,Bhubaneswar,Odisha,India,2022-08-24,Active
CUS000501,INS000004,Theodore,Jani,2004-01-15,Male,Ahmedabad,Gujarat,India,2021-02-28,Active
CUS000502,INS000001,Anjali,Devan,1997-12-04,Other,Chennai,Tamil Nadu,India,2025-09-13,Active
CUS000503,INS000005,Rajata,Verma,2007-01-02,Female,Hyderabad,Telangana,India,2023-04-29,Active
CUS000504,INS000003,Vedika,Kashyap,1980-06-22,Male,Hyderabad,Telangana,India,2023-12-07,Active
CUS000505,INS000003,Ayush,Mody,1990-04-16,Female,Nagpur,Maharashtra,India,2026-07-22,Active
CUS000506,INS000001,Lopa,Kade,1965-01-16,Other,Bhubaneswar,Odisha,India,2026-01-24,Active
CUS000507,INS000004,Gayathri,Das,1957-06-27,Male,Jaipur,Rajasthan,India,2025-04-24,Active
CUS000508,INS000004,Nidhi,Pradhan,1956-03-19,Male,Chandigarh,Chandigarh,India,2022-01-03,Active
CUS000509,INS000005,Noah,Dhar,1999-01-13,Female,Mysuru,Karnataka,India,2021-12-15,Active
CUS000510,INS000001,Unni,Banik,2005-11-18,Male,Jaipur,Rajasthan,India,2023-09-06,Active
CUS000511,INS000003,Joshua,Keer,1955-05-21,Male,Chandigarh,Chandigarh,India,2023-08-05,Active
CUS000512,INS000004,Avi,Sarraf,1956-03-05,Male,Nagpur,Maharashtra,India,2021-03-29,Active
CUS000513,INS000001,Meera,Setty,2001-10-12,Male,Pune,Maharashtra,India,2019-06-10,Active
CUS000514,INS000004,Avi,Comar,1969-01-24,Male,Lucknow,Uttar Pradesh,India,2022-12-29,Active
CUS000515,INS000004,Fiyaz,Bail,1989-01-02,Male,Mysuru,Karnataka,India,2024-08-09,Active
CUS000516,INS000003,Priya,Tara,1982-10-22,Female,Patna,Bihar,India,2022-08-29,Inactive
CUS000517,INS000002,Krishna,Bandi,1972-01-10,Female,Bengaluru,Karnataka,India,2022-03-01,Active
CUS000518,INS000005,Triya,Madan,1965-08-18,Male,Nagpur,Maharashtra,India,2023-10-02,Active
CUS000519,INS000005,Qabil,Mall,1979-09-03,Female,Delhi,Delhi,India,2024-03-29,Active
CUS000520,INS000003,Chandresh,Rajagopalan,1994-08-21,Female,Delhi,Delhi,India,2020-02-26,Active
CUS000521,INS000004,Abha,Mital,2006-06-13,Female,Ahmedabad,Gujarat,India,2020-01-17,Active
CUS000522,INS000001,Ladli,Chad,1968-07-11,Male,Thane,Maharashtra,India,2022-05-26,Active
CUS000523,INS000004,Falak,Bhasin,2007-01-09,Male,Delhi,Delhi,India,2022-03-22,Inactive
CUS000524,INS000003,Siddharth,Mallick,1961-07-27,Female,Pune,Maharashtra,India,2022-09-02,Active
CUS000525,INS000005,Suhani,Rajagopalan,1965-09-01,Female,Ahmedabad,Gujarat,India,2021-03-08,Active
CUS000526,INS000004,Eta,Tandon,1999-10-12,Female,Surat,Gujarat,India,2021-02-22,Active
CUS000527,INS000005,Geetika,Bahl,1951-04-20,Female,Delhi,Delhi,India,2020-11-18,Active
CUS000528,INS000001,Ladli,Raja,1971-08-28,Male,Thane,Maharashtra,India,2022-06-01,Active
CUS000529,INS000005,Arunima,Rajagopalan,1969-05-22,Female,Bhopal,Madhya Pradesh,India,2024-01-21,Active
CUS000530,INS000005,Oviya,Sawhney,1964-06-21,Male,Delhi,Delhi,India,2018-10-15,Active
CUS000531,INS000002,Zayyan,Basu,1974-07-19,Male,Bhopal,Madhya Pradesh,India,2018-12-01,Active
CUS000532,INS000002,Finn,Kapur,1952-05-03,Female,Bhubaneswar,Odisha,India,2024-10-04,Active
CUS000533,INS000002,Upma,Jha,1969-04-04,Male,Nagpur,Maharashtra,India,2024-12-16,Active
CUS000534,INS000005,Anirudh,Raghavan,2005-04-27,Male,Pune,Maharashtra,India,2024-07-02,Active
CUS000535,INS000003,Charles,Gour,1985-10-26,Female,Kochi,Kerala,India,2023-01-07,Active
CUS000536,INS000005,Inaya,Sankar,1965-02-14,Male,Lucknow,Uttar Pradesh,India,2022-08-29,Active
CUS000537,INS000003,Udarsh,Walia,1984-05-10,Other,Thane,Maharashtra,India,2020-02-16,Active
CUS000538,INS000003,Ekapad,Ben,1991-06-09,Other,Chandigarh,Chandigarh,India,2022-12-03,Inactive
CUS000539,INS000002,Banjeet,Mody,2000-09-01,Female,Kolkata,West Bengal,India,2021-08-02,Active
CUS000540,INS000004,Azaan,Balay,1975-08-27,Male,Kolkata,West Bengal,India,2021-11-30,Active
CUS000541,INS000001,Yug,Pall,1959-03-15,Male,Patna,Bihar,India,2024-08-15,Active
CUS000542,INS000002,Ryan,Bal,1953-09-17,Male,Chandigarh,Chandigarh,India,2024-05-09,Active
CUS000543,INS000002,Anmol,Nayar,1953-12-30,Male,Hyderabad,Telangana,India,2026-01-12,Active
CUS000544,INS000004,Michael,Lala,1958-08-08,Male,Indore,Madhya Pradesh,India,2025-06-06,Active
CUS000545,INS000001,William,Kalita,2001-09-17,Other,Indore,Madhya Pradesh,India,2024-04-01,Active
CUS000546,INS000005,Jonathan,Bala,1992-06-02,Male,Mysuru,Karnataka,India,2021-01-24,Active
CUS000547,INS000005,Urvashi,Om,1997-08-03,Female,Mysuru,Karnataka,India,2026-05-24,Active
CUS000548,INS000002,Ishwar,Saraf,1991-07-27,Male,Nagpur,Maharashtra,India,2019-03-03,Active
CUS000549,INS000001,Tejas,Sane,1981-11-13,Female,Thane,Maharashtra,India,2025-03-12,Active
CUS000550,INS000002,Udyati,Bhandari,1955-11-30,Female,Mumbai,Maharashtra,India,2022-01-03,Active
CUS000551,INS000003,Aahana,Chopra,1980-01-03,Male,Thane,Maharashtra,India,2019-10-21,Active
CUS000552,INS000002,Jyoti,Rama,2003-12-31,Male,Bhubaneswar,Odisha,India,2022-03-26,Active
CUS000553,INS000002,Oliver,Mani,1988-06-14,Female,Ahmedabad,Gujarat,India,2025-11-28,Active
CUS000554,INS000005,Ishwar,Warrior,1980-05-17,Female,Kochi,Kerala,India,2026-01-16,Inactive
CUS000555,INS000005,Nihal,Sheth,1985-03-13,Female,Bhubaneswar,Odisha,India,2021-05-09,Inactive
CUS000556,INS000005,Deepa,Samra,1995-02-03,Male,Bhubaneswar,Odisha,India,2026-02-25,Active
CUS000557,INS000003,Hritik,Venkataraman,2006-10-03,Male,Kolkata,West Bengal,India,2021-08-30,Active
CUS000558,INS000005,Atharv,Lad,1959-04-05,Female,Indore,Madhya Pradesh,India,2021-09-19,Active
CUS000559,INS000001,Devika,Gaba,2002-04-06,Female,Chennai,Tamil Nadu,India,2025-09-13,Active
CUS000560,INS000004,Keya,Raj,1958-10-06,Male,Indore,Madhya Pradesh,India,2023-08-05,Active
CUS000561,INS000001,Mekhala,Sibal,1981-05-23,Female,Ahmedabad,Gujarat,India,2022-11-26,Active
CUS000562,INS000001,Rushil,Khanna,1979-08-25,Male,Ahmedabad,Gujarat,India,2022-12-02,Active
CUS000563,INS000005,Faqid,Deo,1954-08-30,Male,Thane,Maharashtra,India,2025-03-06,Active
CUS000564,INS000004,Xavier,Aurora,1965-10-20,Male,Hyderabad,Telangana,India,2019-08-10,Active
CUS000565,INS000004,Harsh,Mand,1969-06-09,Male,Chandigarh,Chandigarh,India,2026-07-01,Inactive
CUS000566,INS000004,Charvi,Mahal,1958-06-26,Female,Patna,Bihar,India,2023-04-21,Active
CUS000567,INS000003,Jai,Chada,1963-10-16,Male,Pune,Maharashtra,India,2018-10-24,Inactive
CUS000568,INS000005,Benjamin,Krish,2003-07-17,Male,Mumbai,Maharashtra,India,2023-01-25,Active
CUS000569,INS000004,Idika,Merchant,1987-07-23,Female,Jaipur,Rajasthan,India,2020-08-21,Active
CUS000570,INS000003,Priya,Nazareth,1961-10-10,Female,Indore,Madhya Pradesh,India,2020-07-03,Active
CUS000571,INS000002,Kamala,Rana,1968-09-02,Female,Jaipur,Rajasthan,India,2019-06-01,Active
CUS000572,INS000002,Ekapad,Barad,2005-10-05,Female,Surat,Gujarat,India,2024-05-09,Active
CUS000573,INS000003,Yashawini,Mahal,1963-06-29,Male,Ahmedabad,Gujarat,India,2024-10-05,Active
CUS000574,INS000003,Harita,Pathak,2008-05-09,Female,Patna,Bihar,India,2026-01-22,Active
CUS000575,INS000005,Advik,Luthra,1951-08-11,Female,Nagpur,Maharashtra,India,2026-01-04,Active
CUS000576,INS000005,Osha,Krishna,1967-09-10,Female,Chennai,Tamil Nadu,India,2018-11-30,Active
CUS000577,INS000002,Vrishti,Arora,1959-11-07,Male,Nagpur,Maharashtra,India,2026-05-28,Active
CUS000578,INS000004,Hitesh,Dash,1956-02-04,Male,Indore,Madhya Pradesh,India,2021-10-25,Active
CUS000579,INS000002,Rachita,Mohanty,1995-05-10,Female,Chennai,Tamil Nadu,India,2021-01-27,Active
CUS000580,INS000004,Janaki,Nagi,2005-09-22,Male,Hyderabad,Telangana,India,2024-10-31,Active
CUS000581,INS000004,Tripti,Lalla,1982-08-06,Female,Kolkata,West Bengal,India,2025-06-30,Active
CUS000582,INS000005,Michael,Gola,1969-11-09,Female,Chennai,Tamil Nadu,India,2020-07-05,Active
CUS000583,INS000001,Radhika,Sawhney,1982-06-10,Female,Hyderabad,Telangana,India,2021-04-12,Inactive
CUS000584,INS000001,Patrick,Shere,1990-06-05,Female,Bengaluru,Karnataka,India,2024-02-27,Active
CUS000585,INS000003,Anamika,Badal,2005-01-08,Female,Patna,Bihar,India,2022-11-29,Active
CUS000586,INS000005,Veda,Sarraf,1987-01-17,Male,Bhubaneswar,Odisha,India,2022-09-21,Active
CUS000587,INS000004,Udyati,Andra,1996-03-16,Female,Surat,Gujarat,India,2020-03-19,Active
CUS000588,INS000001,Rajata,Shukla,2007-02-15,Female,Delhi,Delhi,India,2025-01-06,Active
CUS000589,INS000004,Amrita,Bansal,1970-08-31,Male,Chennai,Tamil Nadu,India,2020-05-31,Active
CUS000590,INS000001,Ekantika,Parmer,1951-08-22,Male,Mysuru,Karnataka,India,2019-04-24,Active
CUS000591,INS000001,Yatan,Srinivasan,1989-03-15,Male,Delhi,Delhi,India,2023-04-02,Active
CUS000592,INS000001,Gabriel,Kamdar,2002-05-09,Female,Indore,Madhya Pradesh,India,2023-10-22,Active
CUS000593,INS000005,Arya,Rege,1957-03-28,Male,Nagpur,Maharashtra,India,2021-06-18,Active
CUS000594,INS000002,Shravya,Bhardwaj,1952-06-09,Female,Pune,Maharashtra,India,2020-11-19,Active
CUS000595,INS000004,Yagnesh,Buch,1977-07-20,Male,Kolkata,West Bengal,India,2021-03-13,Active
CUS000596,INS000005,Ucchal,Malhotra,1960-08-17,Male,Hyderabad,Telangana,India,2023-03-23,Active
CUS000597,INS000005,Ladli,Murthy,1953-10-24,Female,Bhopal,Madhya Pradesh,India,2019-12-01,Inactive
CUS000598,INS000005,Gayathri,Bhatt,1975-05-03,Male,Kolkata,West Bengal,India,2025-01-03,Active
CUS000599,INS000005,Ayush,Sastry,1951-12-19,Female,Surat,Gujarat,India,2026-04-17,Active
CUS000600,INS000005,Warda,Gole,1955-07-19,Female,Kolkata,West Bengal,India,2019-12-29,Active
CUS000601,INS000003,Ekta,Kuruvilla,1983-03-04,Female,Surat,Gujarat,India,2018-08-31,Inactive
CUS000602,INS000004,Qabil,Majumdar,1980-11-24,Male,Hyderabad,Telangana,India,2026-02-05,Active
CUS000603,INS000005,Vinaya,Lad,1977-03-07,Female,Surat,Gujarat,India,2021-10-01,Active
CUS000604,INS000004,Simon,Talwar,1952-04-26,Female,Indore,Madhya Pradesh,India,2022-01-29,Active
CUS000605,INS000003,Isha,Datta,1992-07-23,Female,Thane,Maharashtra,India,2020-04-05,Active
CUS000606,INS000003,Aarna,Karan,1993-11-06,Female,Nagpur,Maharashtra,India,2022-08-07,Active
CUS000607,INS000004,Harini,Ghosh,1960-10-17,Female,Nagpur,Maharashtra,India,2022-03-10,Active
CUS000608,INS000001,Ati,Din,2007-08-26,Female,Nagpur,Maharashtra,India,2024-03-08,Active
CUS000609,INS000002,Anya,Bawa,1957-12-22,Female,Indore,Madhya Pradesh,India,2019-04-21,Active
CUS000610,INS000001,Advaith,Kaul,1993-03-26,Male,Ahmedabad,Gujarat,India,2023-02-20,Active
CUS000611,INS000001,Zansi,Contractor,2004-04-07,Male,Mysuru,Karnataka,India,2018-10-09,Active
CUS000612,INS000001,Rayaan,Barad,1975-05-19,Male,Surat,Gujarat,India,2025-05-09,Active
CUS000613,INS000005,Frederick,Gour,1970-12-13,Male,Nagpur,Maharashtra,India,2026-01-23,Active
CUS000614,INS000003,Wyatt,Toor,1957-11-09,Male,Jaipur,Rajasthan,India,2018-08-08,Active
CUS000615,INS000001,Niharika,Sarraf,1988-08-01,Male,Surat,Gujarat,India,2018-10-04,Active
CUS000616,INS000003,Vrinda,Nadig,1965-12-10,Female,Jaipur,Rajasthan,India,2025-10-07,Active
CUS000617,INS000004,Wridesh,Barman,1981-06-23,Male,Bhubaneswar,Odisha,India,2024-07-31,Active
CUS000618,INS000002,Vamakshi,Kari,1972-04-22,Female,Bhubaneswar,Odisha,India,2021-10-17,Active
CUS000619,INS000004,Vritti,Bhat,1979-06-22,Male,Mumbai,Maharashtra,India,2025-05-24,Active
CUS000620,INS000004,Sara,Lad,1975-07-04,Male,Nagpur,Maharashtra,India,2022-05-02,Active
CUS000621,INS000005,Anay,Kurian,1994-03-09,Male,Kolkata,West Bengal,India,2018-09-15,Active
CUS000622,INS000002,Girik,Babu,1963-08-13,Male,Chennai,Tamil Nadu,India,2024-05-04,Active
CUS000623,INS000004,Chaitaly,Pandit,1997-11-12,Female,Kochi,Kerala,India,2025-03-14,Active
CUS000624,INS000004,Timothy,Zachariah,2002-04-17,Female,Indore,Madhya Pradesh,India,2024-12-20,Active
CUS000625,INS000002,Nidhi,Basu,2003-08-01,Male,Pune,Maharashtra,India,2021-01-25,Active
CUS000626,INS000002,Yagnesh,Keer,1994-04-30,Male,Chennai,Tamil Nadu,India,2023-08-08,Active
CUS000627,INS000004,Damini,Palla,1968-09-12,Male,Kolkata,West Bengal,India,2024-03-26,Active
CUS000628,INS000002,Jyoti,Chopra,1992-09-03,Female,Mumbai,Maharashtra,India,2025-09-28,Active
CUS000629,INS000004,Urvashi,Brahmbhatt,2006-11-25,Female,Jaipur,Rajasthan,India,2021-09-24,Active
CUS000630,INS000004,Hemangini,Tripathi,1968-04-26,Female,Bhopal,Madhya Pradesh,India,2026-05-23,Active
CUS000631,INS000005,Pavani,Sawhney,1960-11-27,Female,Hyderabad,Telangana,India,2026-03-24,Active
CUS000632,INS000001,Ganga,Chowdhury,1958-12-21,Female,Indore,Madhya Pradesh,India,2024-02-28,Active
CUS000633,INS000004,Indira,Vaidya,1976-02-10,Male,Kochi,Kerala,India,2024-10-28,Active
CUS000634,INS000003,Sudiksha,Brahmbhatt,2007-11-18,Male,Surat,Gujarat,India,2021-05-14,Active
CUS000635,INS000001,Anika,Khalsa,2000-01-10,Female,Thane,Maharashtra,India,2019-10-13,Active
CUS000636,INS000001,Damini,Jani,1967-12-29,Female,Jaipur,Rajasthan,India,2024-06-16,Active
CUS000637,INS000001,Zayan,Nanda,1998-06-19,Female,Chennai,Tamil Nadu,India,2024-09-14,Inactive
CUS000638,INS000005,Vihaan,Prabhu,1952-01-22,Female,Indore,Madhya Pradesh,India,2026-01-26,Active
CUS000639,INS000004,Jai,Sagar,1986-09-05,Male,Mumbai,Maharashtra,India,2019-11-23,Active
CUS000640,INS000005,Reyansh,Bora,1969-11-28,Female,Bhopal,Madhya Pradesh,India,2019-02-06,Active
CUS000641,INS000004,Diya,Sandhu,1950-12-30,Female,Mysuru,Karnataka,India,2019-04-13,Active
CUS000642,INS000005,Jagdish,Mandal,1979-07-22,Male,Mumbai,Maharashtra,India,2019-08-31,Active
CUS000643,INS000005,Qasim,Dhar,1993-09-22,Female,Lucknow,Uttar Pradesh,India,2025-08-12,Active
CUS000644,INS000003,Rehaan,Bakshi,1986-11-27,Female,Kolkata,West Bengal,India,2019-07-14,Active
CUS000645,INS000005,Tarak,Narain,1962-06-28,Male,Mysuru,Karnataka,India,2026-04-03,Active
CUS000646,INS000002,Veda,Parsa,1993-01-19,Male,Kolkata,West Bengal,India,2021-07-19,Active
CUS000647,INS000003,Aradhana,Nayak,1979-02-16,Male,Nagpur,Maharashtra,India,2022-04-02,Active
CUS000648,INS000005,Barkha,Reddy,1959-03-28,Female,Mumbai,Maharashtra,India,2026-06-30,Active
CUS000649,INS000001,Harish,Prasad,1964-03-22,Male,Surat,Gujarat,India,2026-06-11,Active
CUS000650,INS000002,Rishi,Singhal,1982-12-26,Female,Nagpur,Maharashtra,India,2019-11-07,Inactive
CUS000651,INS000002,Chaman,Menon,1975-01-26,Female,Kolkata,West Bengal,India,2022-06-13,Active
CUS000652,INS000002,Utkarsh,Balasubramanian,1979-02-02,Male,Nagpur,Maharashtra,India,2026-04-10,Inactive
CUS000653,INS000003,Jalsa,Dyal,1974-05-16,Female,Indore,Madhya Pradesh,India,2022-04-24,Active
CUS000654,INS000005,Praneel,Pillay,1960-05-28,Other,Ahmedabad,Gujarat,India,2021-10-05,Active
CUS000655,INS000005,Chasmum,Basu,2005-02-18,Male,Nagpur,Maharashtra,India,2021-10-03,Active
CUS000656,INS000001,Akshay,Mannan,1994-07-02,Male,Chandigarh,Chandigarh,India,2019-07-13,Active
CUS000657,INS000001,Jonathan,Doctor,1994-01-26,Female,Chennai,Tamil Nadu,India,2019-12-09,Active
CUS000658,INS000002,Anusha,Bal,1957-12-02,Female,Nagpur,Maharashtra,India,2019-09-10,Active
CUS000659,INS000001,Chakradev,Cherian,1977-03-19,Male,Ahmedabad,Gujarat,India,2024-08-14,Inactive
CUS000660,INS000003,Chatura,Kakar,2005-11-10,Male,Delhi,Delhi,India,2020-02-13,Active
CUS000661,INS000005,Brinda,Munshi,1973-06-19,Male,Bengaluru,Karnataka,India,2022-11-05,Active
CUS000662,INS000002,Jonathan,Vaidya,2007-11-03,Other,Ahmedabad,Gujarat,India,2019-06-23,Active
CUS000663,INS000001,Vritti,Trivedi,1980-02-23,Male,Chennai,Tamil Nadu,India,2023-12-14,Active
CUS000664,INS000003,Harshil,Padmanabhan,1999-09-30,Female,Nagpur,Maharashtra,India,2024-09-16,Active
CUS000665,INS000003,Advik,Kale,1991-05-30,Female,Chandigarh,Chandigarh,India,2022-05-25,Active
CUS000666,INS000001,Bhavani,Radhakrishnan,1973-01-26,Male,Mumbai,Maharashtra,India,2024-01-22,Inactive
CUS000667,INS000005,Upasna,Bali,1970-12-18,Female,Chandigarh,Chandigarh,India,2019-07-11,Active
CUS000668,INS000001,Varenya,Doctor,1991-02-17,Male,Kolkata,West Bengal,India,2022-04-15,Active
CUS000669,INS000002,Ridhi,Raj,1973-10-24,Female,Bengaluru,Karnataka,India,2025-12-11,Active
CUS000670,INS000001,Harini,Brar,1959-06-15,Male,Chandigarh,Chandigarh,India,2020-12-13,Inactive
CUS000671,INS000003,Qarin,Brahmbhatt,1958-02-21,Female,Surat,Gujarat,India,2021-10-08,Active
CUS000672,INS000001,Charan,Kapur,2007-08-25,Female,Indore,Madhya Pradesh,India,2022-11-30,Inactive
CUS000673,INS000005,Zayyan,Thakur,2006-01-27,Male,Chennai,Tamil Nadu,India,2020-12-19,Active
CUS000674,INS000004,Vanya,Sahota,1986-08-23,Male,Jaipur,Rajasthan,India,2023-01-27,Active
CUS000675,INS000001,Ishaan,Yohannan,1976-03-26,Male,Thane,Maharashtra,India,2021-08-08,Active
CUS000676,INS000005,Dhruv,Dara,2008-06-22,Male,Nagpur,Maharashtra,India,2023-03-13,Active
CUS000677,INS000005,Nandini,Wable,2000-01-14,Female,Bhopal,Madhya Pradesh,India,2022-07-02,Active
CUS000678,INS000003,Vyanjana,Behl,1976-03-27,Female,Chandigarh,Chandigarh,India,2021-03-10,Active
CUS000679,INS000005,Ethan,Sodhi,2000-04-06,Male,Kolkata,West Bengal,India,2022-03-31,Active
CUS000680,INS000005,Chatresh,Vohra,1966-03-27,Female,Mysuru,Karnataka,India,2024-09-02,Active
CUS000681,INS000005,Max,Venkatesh,1986-10-07,Female,Thane,Maharashtra,India,2025-12-13,Active
CUS000682,INS000005,Manthan,Sastry,1978-01-19,Female,Kochi,Kerala,India,2019-05-13,Active
CUS000683,INS000002,Daksha,Nadig,1998-09-25,Male,Hyderabad,Telangana,India,2019-08-28,Active
CUS000684,INS000002,Frederick,Luthra,1989-01-07,Male,Thane,Maharashtra,India,2020-03-28,Active
CUS000685,INS000003,Yuvraj,Hayer,1984-02-19,Male,Mysuru,Karnataka,India,2019-07-10,Active
CUS000686,INS000001,Jagat,Memon,1987-09-02,Female,Kolkata,West Bengal,India,2021-02-24,Active
CUS000687,INS000005,Omaja,Kohli,1971-07-29,Male,Kochi,Kerala,India,2024-01-23,Active
CUS000688,INS000001,Upkaar,Narasimhan,1952-09-19,Male,Lucknow,Uttar Pradesh,India,2020-10-12,Active
CUS000689,INS000001,Lajita,Kibe,2007-02-24,Male,Indore,Madhya Pradesh,India,2022-08-04,Active
CUS000690,INS000003,Shravya,Pathak,1956-11-30,Female,Mumbai,Maharashtra,India,2019-12-26,Active
CUS000691,INS000005,Saanvi,Kashyap,1980-03-12,Male,Lucknow,Uttar Pradesh,India,2025-04-18,Active
CUS000692,INS000005,Chameli,Shah,1979-08-21,Male,Hyderabad,Telangana,India,2020-11-22,Active
CUS000693,INS000004,Pushti,Murty,1978-08-21,Male,Ahmedabad,Gujarat,India,2023-09-16,Active
CUS000694,INS000001,Dalaja,D’Alia,1968-01-29,Male,Lucknow,Uttar Pradesh,India,2025-04-26,Inactive
CUS000695,INS000001,Darpan,Khosla,1959-01-16,Female,Kochi,Kerala,India,2026-05-02,Active
CUS000696,INS000002,Hardik,Saxena,1964-03-31,Male,Bhubaneswar,Odisha,India,2020-05-15,Active
CUS000697,INS000004,Sarthak,Rout,2000-09-19,Male,Patna,Bihar,India,2021-05-22,Active
CUS000698,INS000002,Siddharth,Pathak,1997-09-05,Female,Ahmedabad,Gujarat,India,2020-12-26,Active
CUS000699,INS000002,Aishani,Buch,1968-06-10,Male,Mumbai,Maharashtra,India,2021-08-21,Active
CUS000700,INS000002,Finn,Pandey,1968-06-02,Male,Jaipur,Rajasthan,India,2023-02-02,Active
CUS000701,INS000003,Naksh,Tiwari,1974-12-02,Female,Surat,Gujarat,India,2024-06-29,Inactive
CUS000702,INS000003,Wriddhish,Bose,1993-06-17,Male,Hyderabad,Telangana,India,2024-02-27,Active
CUS000703,INS000002,Oscar,Pathak,1972-07-19,Male,Kochi,Kerala,India,2022-10-29,Inactive
CUS000704,INS000004,Falan,Sule,1959-06-09,Male,Mumbai,Maharashtra,India,2023-03-23,Active
CUS000705,INS000001,Naksh,Karpe,1957-01-03,Female,Lucknow,Uttar Pradesh,India,2020-02-05,Active
CUS000706,INS000004,Aarnav,Sen,1955-08-22,Female,Mumbai,Maharashtra,India,2026-03-19,Active
CUS000707,INS000005,Nilima,Sahota,1996-06-16,Female,Kolkata,West Bengal,India,2023-06-24,Active
CUS000708,INS000003,Shravya,Karpe,1975-09-15,Female,Chandigarh,Chandigarh,India,2022-03-26,Active
CUS000709,INS000001,Upma,Dass,1965-04-06,Male,Pune,Maharashtra,India,2025-07-31,Inactive
CUS000710,INS000001,Bishakha,Yogi,1993-06-02,Male,Thane,Maharashtra,India,2020-02-21,Inactive
CUS000711,INS000005,Bachittar,Konda,1971-04-07,Female,Nagpur,Maharashtra,India,2023-10-13,Inactive
CUS000712,INS000005,Vincent,Reddy,1971-04-21,Female,Indore,Madhya Pradesh,India,2022-03-01,Active
CUS000713,INS000002,Bhavya,Devi,1983-12-10,Male,Jaipur,Rajasthan,India,2021-09-29,Inactive
CUS000714,INS000003,Barkha,Lad,1960-07-31,Female,Nagpur,Maharashtra,India,2019-11-16,Active
CUS000715,INS000003,Sudiksha,Mangat,2006-11-09,Male,Jaipur,Rajasthan,India,2022-10-22,Active
CUS000716,INS000004,Ekavir,Om,1988-11-16,Male,Hyderabad,Telangana,India,2024-03-02,Active
CUS000717,INS000002,Vivaan,Murthy,1966-08-19,Male,Chandigarh,Chandigarh,India,2026-02-10,Active
CUS000718,INS000002,Aishani,Dalal,1967-01-07,Male,Thane,Maharashtra,India,2024-10-28,Inactive
CUS000719,INS000002,Rudra,Bumb,1998-01-24,Female,Bengaluru,Karnataka,India,2021-11-27,Inactive
CUS000720,INS000002,Pavani,Rege,1995-01-20,Female,Jaipur,Rajasthan,India,2025-09-12,Active
CUS000721,INS000003,Ishwar,Sama,1956-06-18,Male,Jaipur,Rajasthan,India,2021-07-13,Active
CUS000722,INS000003,Umang,Tiwari,1991-10-18,Male,Chandigarh,Chandigarh,India,2021-06-12,Active
CUS000723,INS000002,Manthan,Divan,1979-03-14,Female,Hyderabad,Telangana,India,2023-12-07,Active
CUS000724,INS000004,Amaira,Talwar,1961-12-11,Male,Jaipur,Rajasthan,India,2018-09-26,Active
CUS000725,INS000001,Lucky,Hora,1982-07-11,Female,Pune,Maharashtra,India,2019-09-24,Active
CUS000726,INS000001,Ekbal,Gole,1981-05-30,Male,Kochi,Kerala,India,2023-11-11,Active
CUS000727,INS000004,Darpan,Setty,1977-06-28,Female,Indore,Madhya Pradesh,India,2023-12-20,Active
CUS000728,INS000002,Noah,Aurora,1950-09-30,Male,Hyderabad,Telangana,India,2023-02-18,Active
CUS000729,INS000003,Damyanti,Ganesan,1989-05-21,Male,Nagpur,Maharashtra,India,2019-04-01,Active
CUS000730,INS000001,Bhavya,Dara,1964-02-22,Male,Chandigarh,Chandigarh,India,2025-12-30,Active
CUS000731,INS000005,Reva,Sahota,1963-09-02,Male,Bengaluru,Karnataka,India,2023-05-04,Active
CUS000732,INS000005,Jeet,Lall,1989-11-16,Male,Kochi,Kerala,India,2023-04-27,Active
CUS000733,INS000004,Upadhriti,Singhal,1996-05-12,Female,Ahmedabad,Gujarat,India,2019-08-20,Active
CUS000734,INS000002,Daksha,Chaudhuri,1979-08-17,Male,Bengaluru,Karnataka,India,2020-02-18,Active
CUS000735,INS000001,Neha,Date,2000-09-17,Male,Pune,Maharashtra,India,2025-10-22,Active
CUS000736,INS000002,Anita,Bandi,1997-05-14,Female,Bengaluru,Karnataka,India,2023-03-20,Active
CUS000737,INS000001,Xiti,Sankar,1992-08-05,Female,Thane,Maharashtra,India,2020-06-29,Active
CUS000738,INS000004,Wakeeta,Bajwa,1981-03-28,Other,Surat,Gujarat,India,2018-08-30,Active
CUS000739,INS000004,Raksha,Ganesan,1966-09-06,Female,Chennai,Tamil Nadu,India,2024-10-15,Active
CUS000740,INS000005,Faris,Bora,1997-01-30,Male,Surat,Gujarat,India,2021-09-13,Active
CUS000741,INS000002,Balveer,Deo,1981-09-26,Female,Pune,Maharashtra,India,2020-10-09,Active
CUS000742,INS000005,Rachana,Varma,2008-03-14,Female,Kochi,Kerala,India,2024-06-11,Active
CUS000743,INS000002,Ekantika,Wagle,1974-02-06,Female,Nagpur,Maharashtra,India,2019-01-24,Active
CUS000744,INS000005,Zashil,Rama,2000-11-02,Male,Jaipur,Rajasthan,India,2024-12-07,Active
CUS000745,INS000003,Atharv,Sami,1951-08-30,Male,Chandigarh,Chandigarh,India,2023-08-04,Active
CUS000746,INS000003,Gavin,Pandya,1999-09-18,Male,Kochi,Kerala,India,2020-12-02,Active
CUS000747,INS000003,Veer,Datta,1997-12-17,Female,Indore,Madhya Pradesh,India,2020-08-25,Active
CUS000748,INS000003,Ansh,Ratti,2008-03-11,Female,Bengaluru,Karnataka,India,2024-01-10,Active
CUS000749,INS000001,Amruta,Khurana,1961-02-21,Female,Indore,Madhya Pradesh,India,2023-04-20,Active
CUS000750,INS000003,Banjeet,Memon,1959-12-09,Male,Nagpur,Maharashtra,India,2019-05-27,Inactive
CUS000751,INS000004,Parth,Dani,2001-07-14,Female,Thane,Maharashtra,India,2021-02-07,Active
CUS000752,INS000004,Upma,Nayar,1968-08-21,Female,Mumbai,Maharashtra,India,2024-10-06,Active
CUS000753,INS000001,Zilmil,Nayar,1988-09-05,Male,Nagpur,Maharashtra,India,2019-03-01,Active
CUS000754,INS000003,Riya,Chokshi,1966-10-12,Female,Ahmedabad,Gujarat,India,2019-09-11,Inactive
CUS000755,INS000003,Arunima,Bath,1997-02-15,Male,Mumbai,Maharashtra,India,2023-09-20,Active
CUS000756,INS000003,Pratyush,Borah,1961-06-01,Female,Indore,Madhya Pradesh,India,2020-03-28,Active
CUS000757,INS000005,Rajata,Pant,2000-08-31,Female,Thane,Maharashtra,India,2022-12-18,Active
CUS000758,INS000002,Vyanjana,Sen,1957-06-21,Female,Mysuru,Karnataka,India,2022-05-30,Active
CUS000759,INS000005,Gavin,Rege,1973-11-19,Female,Kolkata,West Bengal,India,2023-08-27,Active
CUS000760,INS000002,Upma,Sengupta,1968-08-20,Female,Bhopal,Madhya Pradesh,India,2019-03-08,Active
CUS000761,INS000003,Ijaya,Sarin,1993-10-02,Female,Lucknow,Uttar Pradesh,India,2025-04-19,Inactive
CUS000762,INS000003,Nilima,Mann,1981-03-21,Male,Jaipur,Rajasthan,India,2023-09-06,Inactive
CUS000763,INS000005,Gauri,Sood,1950-11-04,Female,Chennai,Tamil Nadu,India,2018-10-11,Active
CUS000764,INS000005,Ekani,Desai,2005-06-20,Male,Indore,Madhya Pradesh,India,2020-11-26,Inactive
CUS000765,INS000002,Henry,Goswami,1979-05-29,Male,Thane,Maharashtra,India,2019-08-27,Active
CUS000766,INS000004,Naveen,Upadhyay,1956-06-05,Female,Nagpur,Maharashtra,India,2019-09-24,Active
CUS000767,INS000002,Forum,Chacko,1992-12-09,Female,Hyderabad,Telangana,India,2025-12-10,Active
CUS000768,INS000005,Nisha,Doshi,2001-03-12,Male,Lucknow,Uttar Pradesh,India,2025-01-13,Active
CUS000769,INS000005,Warhi,Amble,1972-12-07,Male,Delhi,Delhi,India,2018-08-25,Active
CUS000770,INS000001,Bhavya,Pingle,2007-11-16,Male,Indore,Madhya Pradesh,India,2020-11-21,Active
CUS000771,INS000005,Nandini,Setty,1962-05-09,Male,Kochi,Kerala,India,2022-12-06,Active
CUS000772,INS000001,Balhaar,Raghavan,1954-03-23,Male,Kolkata,West Bengal,India,2023-06-21,Active
CUS000773,INS000004,Suhani,Nagi,1991-02-19,Female,Ahmedabad,Gujarat,India,2021-06-06,Active
CUS000774,INS000002,Gaurang,Sarna,1956-09-10,Male,Patna,Bihar,India,2019-04-01,Active
CUS000775,INS000002,Divya,Goda,1976-07-05,Male,Thane,Maharashtra,India,2025-10-13,Inactive
CUS000776,INS000001,Zayyan,Trivedi,1998-08-18,Male,Chandigarh,Chandigarh,India,2022-10-23,Active
CUS000777,INS000002,Ekiya,Mammen,1986-09-24,Other,Bengaluru,Karnataka,India,2023-01-04,Active
CUS000778,INS000005,Jack,Chatterjee,2003-07-10,Male,Pune,Maharashtra,India,2021-02-09,Active
CUS000779,INS000003,Netra,Kata,1953-06-21,Male,Bhopal,Madhya Pradesh,India,2020-01-02,Active
CUS000780,INS000001,Yoshita,Mishra,1955-10-16,Male,Indore,Madhya Pradesh,India,2024-01-09,Inactive
CUS000781,INS000002,Aarav,Tak,1966-08-11,Female,Chandigarh,Chandigarh,India,2021-04-01,Active
CUS000782,INS000001,Turvi,Om,2005-01-10,Female,Kolkata,West Bengal,India,2022-01-25,Active
CUS000783,INS000001,Odika,Bava,1962-10-09,Male,Chandigarh,Chandigarh,India,2024-03-27,Active
CUS000784,INS000003,Chatura,Vasa,2003-11-26,Male,Delhi,Delhi,India,2021-09-02,Active
CUS000785,INS000005,Raghav,Vohra,1978-02-21,Male,Chennai,Tamil Nadu,India,2019-09-27,Inactive
CUS000786,INS000001,Zarna,Trivedi,1957-05-16,Female,Bengaluru,Karnataka,India,2019-12-04,Active
CUS000787,INS000002,Janaki,Sandhu,1956-10-20,Female,Pune,Maharashtra,India,2019-01-16,Active
CUS000788,INS000004,Wishi,Mangal,1990-08-12,Male,Nagpur,Maharashtra,India,2024-07-27,Active
CUS000789,INS000001,Riya,Naidu,1993-12-16,Male,Thane,Maharashtra,India,2021-03-06,Active
CUS000790,INS000001,Charan,Rajagopalan,1984-10-20,Male,Pune,Maharashtra,India,2020-09-24,Active
CUS000791,INS000003,Samar,Nagar,1977-08-31,Male,Thane,Maharashtra,India,2025-01-19,Active
CUS000792,INS000005,Amara,Gokhale,1988-06-06,Female,Indore,Madhya Pradesh,India,2022-04-13,Active
CUS000793,INS000004,Karan,Dhar,1974-09-01,Male,Chandigarh,Chandigarh,India,2018-09-28,Active
CUS000794,INS000002,Bhavna,Barman,1995-11-18,Male,Ahmedabad,Gujarat,India,2026-04-23,Active
CUS000795,INS000004,Raksha,Kade,1956-09-08,Male,Mysuru,Karnataka,India,2021-08-30,Active
CUS000796,INS000002,Vedhika,Sani,1987-02-28,Female,Lucknow,Uttar Pradesh,India,2020-04-26,Active
CUS000797,INS000005,Jairaj,Venkataraman,1973-02-06,Female,Bengaluru,Karnataka,India,2024-06-16,Active
CUS000798,INS000002,Ayush,Mall,2004-05-21,Male,Ahmedabad,Gujarat,India,2023-07-24,Active
CUS000799,INS000003,Wriddhish,Murthy,1994-09-18,Male,Mysuru,Karnataka,India,2024-03-08,Active
CUS000800,INS000003,Nathan,Chaudhary,2005-02-11,Male,Thane,Maharashtra,India,2025-01-24,Active
CUS000801,INS000003,Deepa,Palan,1990-04-05,Female,Kolkata,West Bengal,India,2021-11-22,Active
CUS000802,INS000003,Akshay,Mane,1986-05-18,Male,Lucknow,Uttar Pradesh,India,2023-03-10,Active
CUS000803,INS000004,Nikita,Gandhi,1994-03-05,Female,Delhi,Delhi,India,2018-11-12,Active
CUS000804,INS000005,Girik,Dani,1953-07-21,Female,Indore,Madhya Pradesh,India,2026-07-07,Active
CUS000805,INS000002,Umang,Mani,1980-01-10,Female,Lucknow,Uttar Pradesh,India,2025-04-07,Active
CUS000806,INS000002,Ishaan,Mahal,1956-04-25,Male,Mysuru,Karnataka,India,2020-08-10,Active
CUS000807,INS000003,Triya,Sur,1988-03-09,Female,Kochi,Kerala,India,2022-09-24,Active
CUS000808,INS000003,Jacob,Sarna,1999-08-20,Female,Delhi,Delhi,India,2022-07-17,Active
CUS000809,INS000001,Mitesh,Kapur,1987-07-01,Male,Chandigarh,Chandigarh,India,2024-04-27,Active
CUS000810,INS000005,Wishi,Gara,1998-03-31,Male,Surat,Gujarat,India,2021-04-11,Active
CUS000811,INS000004,Bishakha,Mani,1969-08-30,Male,Indore,Madhya Pradesh,India,2022-10-18,Active
CUS000812,INS000002,Yashodhara,Lad,1971-10-02,Male,Jaipur,Rajasthan,India,2024-10-26,Active
CUS000813,INS000001,Anjali,Cherian,1951-02-23,Male,Hyderabad,Telangana,India,2024-10-28,Active
CUS000814,INS000001,Ojasvi,Kata,1957-08-03,Female,Hyderabad,Telangana,India,2024-06-06,Active
CUS000815,INS000002,Vasudha,Mallick,1962-07-20,Male,Patna,Bihar,India,2026-03-06,Active
CUS000816,INS000004,Urmi,Dhaliwal,1975-12-24,Female,Lucknow,Uttar Pradesh,India,2023-08-30,Active
CUS000817,INS000001,Yagnesh,Char,1963-07-24,Male,Mysuru,Karnataka,India,2023-03-17,Active
CUS000818,INS000001,Tanmayi,Jhaveri,1981-05-07,Other,Bhubaneswar,Odisha,India,2025-09-09,Active
CUS000819,INS000005,Maanav,Trivedi,1991-07-24,Male,Chennai,Tamil Nadu,India,2025-09-07,Active
CUS000820,INS000004,Leela,Ganguly,1951-11-30,Female,Chandigarh,Chandigarh,India,2019-04-06,Active
CUS000821,INS000001,Rayaan,Bala,2004-02-11,Male,Lucknow,Uttar Pradesh,India,2025-08-12,Active
CUS000822,INS000004,Yashoda,Baral,1982-12-21,Male,Nagpur,Maharashtra,India,2023-09-08,Active
CUS000823,INS000002,Laban,Zacharia,1989-10-22,Female,Patna,Bihar,India,2019-01-13,Active
CUS000824,INS000003,Ekaraj,Yogi,1999-02-26,Male,Kolkata,West Bengal,India,2022-04-26,Active
CUS000825,INS000001,Anya,Hayer,1980-11-28,Female,Mumbai,Maharashtra,India,2018-10-14,Active
CUS000826,INS000005,Oeshi,Ahuja,1950-10-20,Female,Chennai,Tamil Nadu,India,2021-01-18,Active
CUS000827,INS000002,Harini,Suresh,1958-08-01,Male,Bhubaneswar,Odisha,India,2020-02-29,Active
CUS000828,INS000004,Yashica,Bal,1977-09-29,Female,Bhopal,Madhya Pradesh,India,2018-08-29,Active
CUS000829,INS000002,Amara,Pingle,1994-09-16,Female,Surat,Gujarat,India,2026-03-12,Inactive
CUS000830,INS000001,Aarnav,Jani,1992-01-28,Male,Mumbai,Maharashtra,India,2021-09-22,Inactive
CUS000831,INS000004,Barkha,Manda,1977-09-28,Female,Mumbai,Maharashtra,India,2022-04-19,Active
CUS000832,INS000003,Chanchal,Sandhu,2005-06-10,Female,Bengaluru,Karnataka,India,2020-08-03,Active
CUS000833,INS000002,Vrishti,Saxena,1956-09-26,Male,Mumbai,Maharashtra,India,2019-12-18,Active
CUS000834,INS000001,Manthan,Verma,1952-03-12,Male,Chandigarh,Chandigarh,India,2021-05-05,Active
CUS000835,INS000005,Sanya,Date,1990-08-21,Female,Kolkata,West Bengal,India,2022-12-20,Inactive
CUS000836,INS000004,Veda,Setty,1957-01-15,Male,Ahmedabad,Gujarat,India,2022-04-13,Active
CUS000837,INS000002,Hemani,Merchant,1986-04-21,Male,Indore,Madhya Pradesh,India,2024-06-09,Active
CUS000838,INS000002,Gaurangi,Choudhary,2007-03-17,Male,Chennai,Tamil Nadu,India,2020-04-30,Active
CUS000839,INS000003,Krishna,Dar,1959-07-27,Female,Kochi,Kerala,India,2020-06-22,Active
CUS000840,INS000003,Tamanna,Saxena,2002-06-10,Male,Bhopal,Madhya Pradesh,India,2024-03-04,Active
CUS000841,INS000005,Ekanta,Sankaran,1989-11-09,Male,Nagpur,Maharashtra,India,2021-10-04,Inactive
CUS000842,INS000005,Ranbir,Tak,2001-08-04,Female,Hyderabad,Telangana,India,2024-12-23,Active
CUS000843,INS000001,William,Lall,1984-09-16,Male,Bhopal,Madhya Pradesh,India,2025-07-12,Active
CUS000844,INS000001,Leela,Chadha,2007-11-24,Female,Indore,Madhya Pradesh,India,2021-04-19,Active
CUS000845,INS000005,Vivaan,Devan,1965-03-06,Other,Kochi,Kerala,India,2022-01-02,Active
CUS000846,INS000005,Nirja,Mallick,1979-01-17,Female,Indore,Madhya Pradesh,India,2024-11-15,Active
CUS000847,INS000004,Caleb,Dada,1957-08-06,Female,Pune,Maharashtra,India,2021-01-12,Active
CUS000848,INS000003,Eesha,Pandya,1962-01-30,Male,Lucknow,Uttar Pradesh,India,2020-04-15,Inactive
CUS000849,INS000001,Urvashi,Brar,1970-04-03,Female,Delhi,Delhi,India,2020-06-26,Active
CUS000850,INS000003,Lakshmi,Kapadia,1963-10-01,Male,Kolkata,West Bengal,India,2024-07-28,Active
CUS000851,INS000003,Libni,Borde,1976-07-20,Male,Nagpur,Maharashtra,India,2024-07-09,Active
CUS000852,INS000005,Max,Narain,1974-12-01,Male,Mumbai,Maharashtra,India,2025-10-06,Active
CUS000853,INS000004,Warhi,Dugar,2000-09-02,Male,Lucknow,Uttar Pradesh,India,2020-06-15,Inactive
CUS000854,INS000002,Balhaar,Tripathi,2002-10-13,Female,Jaipur,Rajasthan,India,2018-08-16,Active
CUS000855,INS000004,Jonathan,Nayak,1951-01-02,Male,Ahmedabad,Gujarat,India,2020-09-05,Active
CUS000856,INS000004,Yadavi,Majumdar,1996-11-25,Female,Hyderabad,Telangana,India,2026-03-11,Active
CUS000857,INS000003,Garima,Setty,1982-04-30,Female,Thane,Maharashtra,India,2020-08-26,Active
CUS000858,INS000004,Harish,Varghese,1989-09-05,Female,Indore,Madhya Pradesh,India,2022-06-18,Active
CUS000859,INS000001,Ria,Borah,1992-02-24,Male,Nagpur,Maharashtra,India,2026-01-07,Active
CUS000860,INS000003,Harish,Murty,1971-11-06,Female,Kochi,Kerala,India,2026-03-12,Active
CUS000861,INS000001,Tanmayi,Barad,1971-01-04,Male,Kolkata,West Bengal,India,2020-08-04,Active
CUS000862,INS000002,Alexander,Sant,2000-11-23,Male,Chandigarh,Chandigarh,India,2019-01-19,Inactive
CUS000863,INS000003,Maanas,Chaudhry,1979-08-19,Other,Bhubaneswar,Odisha,India,2023-06-02,Active
CUS000864,INS000002,Nimrat,Verma,1951-06-16,Male,Pune,Maharashtra,India,2021-03-19,Active
CUS000865,INS000003,Mohammed,Nadkarni,1988-05-18,Male,Surat,Gujarat,India,2020-12-17,Active
CUS000866,INS000005,Falan,Gupta,1989-05-30,Female,Bhubaneswar,Odisha,India,2025-10-07,Active
CUS000867,INS000004,Upasna,Banik,1967-08-09,Male,Lucknow,Uttar Pradesh,India,2022-12-07,Active
CUS000868,INS000005,Alka,Anand,1996-11-28,Female,Hyderabad,Telangana,India,2024-02-29,Active
CUS000869,INS000002,Hamsini,Korpal,1958-06-05,Male,Lucknow,Uttar Pradesh,India,2019-02-04,Active
CUS000870,INS000004,Mitali,Devan,2001-06-06,Male,Bhopal,Madhya Pradesh,India,2023-04-12,Active
CUS000871,INS000003,Faris,Puri,2006-07-07,Male,Indore,Madhya Pradesh,India,2019-06-11,Active
CUS000872,INS000004,Falguni,Kannan,1960-01-05,Male,Bhopal,Madhya Pradesh,India,2018-12-13,Active
CUS000873,INS000001,Lajita,Hayre,1998-05-29,Male,Indore,Madhya Pradesh,India,2025-10-25,Active
CUS000874,INS000004,Edhitha,Lanka,1973-04-06,Female,Patna,Bihar,India,2024-02-20,Active
CUS000875,INS000001,Vinaya,Singhal,1952-10-22,Female,Bhopal,Madhya Pradesh,India,2018-10-04,Active
CUS000876,INS000004,Balendra,Doshi,2008-03-19,Female,Nagpur,Maharashtra,India,2024-08-23,Active
CUS000877,INS000001,Ekapad,Sundaram,1985-07-18,Male,Pune,Maharashtra,India,2020-05-01,Inactive
CUS000878,INS000002,Wahab,Grover,1994-11-18,Female,Bhopal,Madhya Pradesh,India,2018-11-20,Active
CUS000879,INS000005,Bhavna,Taneja,1982-08-03,Female,Bhopal,Madhya Pradesh,India,2024-09-15,Active
CUS000880,INS000003,Utkarsh,Mandal,1999-09-21,Female,Pune,Maharashtra,India,2023-04-10,Inactive
CUS000881,INS000004,Gautam,Deep,1965-08-28,Male,Pune,Maharashtra,India,2019-01-11,Active
CUS000882,INS000005,Radha,Issac,1989-04-02,Female,Lucknow,Uttar Pradesh,India,2023-04-01,Inactive
CUS000883,INS000003,Guneet,Chakrabarti,1951-10-04,Female,Indore,Madhya Pradesh,India,2025-10-05,Inactive
CUS000884,INS000003,Harish,Varty,1997-01-18,Male,Delhi,Delhi,India,2020-07-13,Active
CUS000885,INS000001,Sachi,Kala,1990-03-04,Female,Pune,Maharashtra,India,2020-08-19,Active
CUS000886,INS000002,Ojas,Aggarwal,1971-04-12,Male,Chennai,Tamil Nadu,India,2023-11-29,Active
CUS000887,INS000002,Chandani,Saraf,1975-12-11,Female,Jaipur,Rajasthan,India,2025-04-23,Active
CUS000888,INS000005,Ayush,Bhavsar,1990-08-17,Female,Kochi,Kerala,India,2024-03-05,Active
CUS000889,INS000002,Chakradhar,Swaminathan,1964-11-11,Female,Kochi,Kerala,India,2019-01-15,Active
CUS000890,INS000004,Ekta,Joshi,1999-11-19,Male,Jaipur,Rajasthan,India,2022-10-31,Inactive
CUS000891,INS000002,Daksh,Gokhale,2003-08-21,Male,Pune,Maharashtra,India,2022-06-12,Active
CUS000892,INS000005,Chaaya,Barad,1971-10-02,Female,Kochi,Kerala,India,2026-04-03,Inactive
CUS000893,INS000002,Jagrati,Sahota,1994-01-07,Male,Jaipur,Rajasthan,India,2022-08-19,Active
CUS000894,INS000004,Kavya,Lall,2001-06-30,Male,Ahmedabad,Gujarat,India,2023-12-08,Active
CUS000895,INS000001,Raagini,Rai,1958-11-03,Female,Chennai,Tamil Nadu,India,2021-09-27,Active
CUS000896,INS000005,Madhav,Keer,1969-04-08,Female,Chandigarh,Chandigarh,India,2021-03-21,Active
CUS000897,INS000001,Yash,Palla,1993-04-11,Male,Indore,Madhya Pradesh,India,2023-12-19,Active
CUS000898,INS000001,Nisha,Sule,1999-04-01,Male,Surat,Gujarat,India,2019-11-05,Active
CUS000899,INS000001,Pranit,Wali,2002-06-29,Male,Hyderabad,Telangana,India,2021-05-31,Inactive
CUS000900,INS000003,Onkar,Gole,1998-05-12,Female,Lucknow,Uttar Pradesh,India,2025-05-25,Active
CUS000901,INS000003,Parth,Mital,1973-02-16,Female,Ahmedabad,Gujarat,India,2022-02-13,Active
CUS000902,INS000001,Farhan,Kata,1950-11-09,Female,Nagpur,Maharashtra,India,2022-10-12,Active
CUS000903,INS000005,Lavanya,Master,2004-05-30,Female,Mysuru,Karnataka,India,2022-05-05,Active
CUS000904,INS000004,Wridesh,Sundaram,1963-03-22,Female,Jaipur,Rajasthan,India,2021-07-13,Active
CUS000905,INS000004,Widisha,Suri,1971-09-17,Female,Lucknow,Uttar Pradesh,India,2022-01-29,Active
CUS000906,INS000002,Luke,Ramanathan,2007-05-25,Male,Bhubaneswar,Odisha,India,2024-09-29,Active
CUS000907,INS000005,Vincent,Parikh,2005-12-28,Female,Pune,Maharashtra,India,2020-12-11,Active
CUS000908,INS000003,Triya,Srivastava,1988-03-25,Male,Bhubaneswar,Odisha,India,2026-05-09,Active
CUS000909,INS000001,Aachal,Merchant,1995-01-29,Female,Chandigarh,Chandigarh,India,2023-04-02,Active
CUS000910,INS000002,Tripti,Char,2002-05-20,Female,Chandigarh,Chandigarh,India,2022-07-22,Active
CUS000911,INS000004,Aadhya,Kanda,1959-09-06,Male,Pune,Maharashtra,India,2021-05-01,Active
CUS000912,INS000003,Aditya,Chowdhury,1999-10-26,Female,Lucknow,Uttar Pradesh,India,2019-04-17,Active
CUS000913,INS000003,Udyati,Mani,1991-05-14,Male,Jaipur,Rajasthan,India,2020-04-13,Active
CUS000914,INS000001,Bhavna,Saini,1990-11-26,Female,Mumbai,Maharashtra,India,2025-01-11,Active
CUS000915,INS000004,Nakul,Sekhon,1986-07-24,Male,Kochi,Kerala,India,2019-08-24,Active
CUS000916,INS000005,Ethan,Nanda,2000-10-23,Female,Nagpur,Maharashtra,India,2021-11-11,Active
CUS000917,INS000003,Riya,Kota,1984-02-13,Male,Delhi,Delhi,India,2022-02-17,Inactive
CUS000918,INS000001,Hemani,Sandal,1967-05-04,Male,Hyderabad,Telangana,India,2023-06-24,Active
CUS000919,INS000005,Chandani,D’Alia,2000-03-17,Male,Kolkata,West Bengal,India,2019-09-14,Inactive
CUS000920,INS000004,Panini,Goda,1979-10-19,Male,Kochi,Kerala,India,2020-02-05,Active
CUS000921,INS000003,Zashil,Shetty,1963-05-20,Male,Hyderabad,Telangana,India,2025-05-19,Active
CUS000922,INS000005,Tanmayi,Nagar,1951-03-12,Female,Delhi,Delhi,India,2019-04-28,Active
CUS000923,INS000005,Chasmum,Comar,2003-07-20,Male,Chandigarh,Chandigarh,India,2021-09-07,Active
CUS000924,INS000005,Rushil,Palan,1993-06-10,Male,Chandigarh,Chandigarh,India,2023-07-04,Active
CUS000925,INS000003,Leena,Rao,1985-06-10,Male,Delhi,Delhi,India,2025-09-24,Active
CUS000926,INS000003,Vasudha,Dave,1997-07-21,Female,Ahmedabad,Gujarat,India,2019-12-31,Active
CUS000927,INS000002,Hredhaan,Sule,1997-10-25,Female,Nagpur,Maharashtra,India,2022-09-03,Active
CUS000928,INS000004,Warjas,Suresh,1968-12-13,Female,Pune,Maharashtra,India,2019-06-02,Active
CUS000929,INS000001,Lakshmi,Sabharwal,1963-11-11,Female,Pune,Maharashtra,India,2020-10-18,Active
CUS000930,INS000005,Jagrati,Keer,1959-02-23,Male,Ahmedabad,Gujarat,India,2022-12-24,Inactive
CUS000931,INS000002,Chakrika,Balakrishnan,1971-12-18,Male,Bhubaneswar,Odisha,India,2019-03-17,Active
CUS000932,INS000001,Chakrika,Mannan,1954-09-25,Male,Lucknow,Uttar Pradesh,India,2020-11-25,Active
CUS000933,INS000002,Anthony,Loyal,1978-03-23,Female,Patna,Bihar,India,2024-07-28,Active
CUS000934,INS000003,Meghana,Tripathi,1971-10-03,Other,Indore,Madhya Pradesh,India,2024-06-13,Active
CUS000935,INS000005,Anvi,Kale,1997-06-09,Female,Pune,Maharashtra,India,2024-03-15,Active
CUS000936,INS000001,Abhiram,Rege,1982-07-03,Male,Jaipur,Rajasthan,India,2023-12-01,Active
CUS000937,INS000001,Chandran,Bhat,1973-02-10,Male,Mumbai,Maharashtra,India,2022-04-03,Active
CUS000938,INS000001,Watika,Naidu,1967-06-20,Male,Pune,Maharashtra,India,2022-08-04,Active
CUS000939,INS000001,Bhavini,Lal,1991-12-14,Female,Kochi,Kerala,India,2023-08-01,Active
CUS000940,INS000001,Victor,Nadkarni,1964-10-24,Male,Hyderabad,Telangana,India,2019-07-25,Active
CUS000941,INS000002,Indira,Sabharwal,1989-05-01,Female,Bhopal,Madhya Pradesh,India,2020-08-17,Active
CUS000942,INS000005,Theodore,Raman,2004-11-15,Male,Lucknow,Uttar Pradesh,India,2020-12-02,Active
CUS000943,INS000003,Ranveer,Sathe,2000-08-17,Female,Bhopal,Madhya Pradesh,India,2020-07-25,Active
CUS000944,INS000003,Zashil,Sandal,1964-02-05,Female,Ahmedabad,Gujarat,India,2021-08-31,Inactive
CUS000945,INS000003,Laksh,Rastogi,1982-07-01,Female,Kolkata,West Bengal,India,2026-04-28,Active
CUS000946,INS000003,Gunbir,Lad,1956-01-09,Female,Pune,Maharashtra,India,2021-08-07,Active
CUS000947,INS000002,Balveer,Bhagat,1969-07-02,Female,Lucknow,Uttar Pradesh,India,2024-08-20,Active
CUS000948,INS000004,Dayamai,Loyal,1998-03-04,Female,Chandigarh,Chandigarh,India,2026-07-23,Active
CUS000949,INS000005,Ridhi,Sunder,2001-09-01,Female,Delhi,Delhi,India,2025-12-16,Active
CUS000950,INS000001,Bahadurjit,Kanda,1966-08-13,Female,Bhubaneswar,Odisha,India,2021-04-21,Active
CUS000951,INS000004,Janya,Nori,1979-07-11,Other,Kochi,Kerala,India,2021-05-30,Active
CUS000952,INS000003,Karan,Bath,1965-08-28,Female,Nagpur,Maharashtra,India,2020-05-06,Active
CUS000953,INS000004,Gautam,Morar,2008-03-25,Female,Delhi,Delhi,India,2022-05-03,Active
CUS000954,INS000005,Chakrika,Sem,1979-01-21,Female,Indore,Madhya Pradesh,India,2023-08-27,Inactive
CUS000955,INS000001,Eta,Rout,1998-03-06,Male,Pune,Maharashtra,India,2025-11-26,Active
CUS000956,INS000001,Ojasvi,Kant,1984-07-17,Male,Pune,Maharashtra,India,2026-06-18,Active
CUS000957,INS000005,Parth,Ganesan,1975-03-22,Female,Ahmedabad,Gujarat,India,2023-10-20,Active
CUS000958,INS000005,Sai,Wason,2006-03-26,Female,Nagpur,Maharashtra,India,2020-05-05,Active
CUS000959,INS000003,Kevin,Jhaveri,1969-03-01,Female,Chennai,Tamil Nadu,India,2025-08-02,Active
CUS000960,INS000001,Jasmit,Choudhary,1964-11-30,Male,Patna,Bihar,India,2024-05-03,Active
CUS000961,INS000004,Yachana,Narayan,1970-02-22,Female,Lucknow,Uttar Pradesh,India,2022-01-28,Inactive
CUS000962,INS000002,Anjali,Dayal,1993-10-12,Female,Pune,Maharashtra,India,2026-05-31,Active
CUS000963,INS000002,Nitesh,Zacharia,2003-08-21,Male,Delhi,Delhi,India,2021-06-13,Active
CUS000964,INS000005,Aarini,Bahri,1957-01-18,Female,Bhopal,Madhya Pradesh,India,2019-09-29,Active
CUS000965,INS000003,Vasatika,Bail,1982-04-09,Female,Hyderabad,Telangana,India,2025-08-29,Active
CUS000966,INS000002,Chakrika,Raghavan,1955-01-11,Male,Chennai,Tamil Nadu,India,2022-01-18,Active
CUS000967,INS000001,Hamsini,Chana,1976-08-23,Female,Surat,Gujarat,India,2021-06-13,Active
CUS000968,INS000005,Ishwar,Nath,1979-03-06,Female,Thane,Maharashtra,India,2025-12-28,Active
CUS000969,INS000004,Upadhriti,Pandit,1997-06-02,Male,Kolkata,West Bengal,India,2023-08-21,Active
CUS000970,INS000005,Faqid,Bhatnagar,1958-05-16,Male,Bhopal,Madhya Pradesh,India,2021-09-15,Active
CUS000971,INS000004,Lohit,Bawa,1984-12-14,Other,Kolkata,West Bengal,India,2026-05-05,Active
CUS000972,INS000005,Upkaar,Venkataraman,1994-12-23,Male,Bhubaneswar,Odisha,India,2023-07-30,Active
CUS000973,INS000005,Mekhala,Kade,1979-06-21,Male,Ahmedabad,Gujarat,India,2026-07-02,Inactive
CUS000974,INS000005,Jasmit,Pathak,1956-04-23,Male,Indore,Madhya Pradesh,India,2021-05-12,Active
CUS000975,INS000004,Gautam,Wason,1971-08-12,Female,Bengaluru,Karnataka,India,2023-09-11,Active
CUS000976,INS000004,Megha,Issac,1959-07-30,Female,Ahmedabad,Gujarat,India,2023-01-13,Active
CUS000977,INS000005,Akshay,Dugar,2000-02-20,Female,Ahmedabad,Gujarat,India,2022-07-07,Active
CUS000978,INS000002,Aishani,Wason,1987-09-10,Male,Mysuru,Karnataka,India,2023-09-07,Active
CUS000979,INS000003,Jatin,Randhawa,1994-10-28,Female,Surat,Gujarat,India,2023-09-21,Inactive
CUS000980,INS000003,Suhani,Karnik,1997-09-14,Male,Patna,Bihar,India,2024-04-19,Active
CUS000981,INS000003,Jyoti,Mannan,1977-05-22,Male,Delhi,Delhi,India,2024-08-16,Active
CUS000982,INS000004,Adweta,Edwin,1963-10-09,Male,Lucknow,Uttar Pradesh,India,2026-01-06,Active
CUS000983,INS000004,Lakshmi,Prakash,1972-11-01,Male,Hyderabad,Telangana,India,2026-08-06,Active
CUS000984,INS000002,Kamya,Narula,1959-07-04,Female,Kochi,Kerala,India,2026-01-18,Active
CUS000985,INS000003,Hritik,Sachdev,1996-03-26,Female,Chennai,Tamil Nadu,India,2025-12-16,Inactive
CUS000986,INS000003,Vivaan,Kale,1975-11-03,Male,Bhubaneswar,Odisha,India,2023-12-15,Active
CUS000987,INS000005,Urishilla,Kothari,1993-05-31,Female,Lucknow,Uttar Pradesh,India,2024-01-05,Inactive
CUS000988,INS000004,Aryan,Arya,2008-01-25,Female,Bhubaneswar,Odisha,India,2025-08-11,Active
CUS000989,INS000003,Falak,Banik,1995-05-12,Female,Patna,Bihar,India,2021-02-04,Active
CUS000990,INS000002,Timothy,Bahri,1975-02-16,Male,Bhopal,Madhya Pradesh,India,2025-07-07,Active
CUS000991,INS000002,Dev,Vyas,1977-06-06,Female,Thane,Maharashtra,India,2026-02-26,Active
CUS000992,INS000003,Ucchal,Chaudry,1958-10-19,Male,Thane,Maharashtra,India,2022-10-17,Inactive
CUS000993,INS000004,Chasmum,Thaker,1971-05-16,Female,Hyderabad,Telangana,India,2024-04-14,Active
CUS000994,INS000002,Nilima,Rao,1976-03-18,Male,Surat,Gujarat,India,2021-11-12,Active
CUS000995,INS000005,Jackson,Sundaram,1952-03-08,Female,Bhopal,Madhya Pradesh,India,2022-05-04,Active
CUS000996,INS000002,Logan,Basak,1962-05-29,Male,Lucknow,Uttar Pradesh,India,2019-07-08,Active
CUS000997,INS000001,Chakradev,Dugar,1998-07-25,Male,Chennai,Tamil Nadu,India,2018-10-08,Inactive
CUS000998,INS000001,Baljiwan,Mandal,1977-07-03,Female,Bhopal,Madhya Pradesh,India,2021-02-08,Active
CUS000999,INS000004,Daksha,Mitra,1971-07-30,Female,Thane,Maharashtra,India,2021-02-18,Active
CUS001000,INS000003,Waida,Bajwa,1997-04-27,Female,Nagpur,Maharashtra,India,2019-03-25,Active
CUS001001,INS000004,Jack,Karpe,1994-05-17,Female,Chennai,Tamil Nadu,India,2026-01-14,Active
CUS001002,INS000004,Gunbir,Kota,1978-06-25,Male,Kolkata,West Bengal,India,2021-05-18,Active
CUS001003,INS000004,Wahab,Bandi,2008-04-22,Female,Mumbai,Maharashtra,India,2024-10-11,Active
CUS001004,INS000004,Krishna,Magar,1994-04-03,Male,Patna,Bihar,India,2021-07-06,Active
CUS001005,INS000005,Lipika,Dasgupta,1978-07-05,Male,Delhi,Delhi,India,2019-05-18,Active
CUS001006,INS000005,Sudiksha,Purohit,1992-07-07,Female,Mysuru,Karnataka,India,2022-07-20,Active
CUS001007,INS000002,Kamala,Rattan,1963-02-27,Female,Indore,Madhya Pradesh,India,2020-12-28,Active
CUS001008,INS000001,Oni,Deep,1978-10-30,Female,Bhubaneswar,Odisha,India,2023-05-13,Active
CUS001009,INS000004,Mohammed,Madan,1968-05-26,Female,Bhopal,Madhya Pradesh,India,2022-12-17,Active
CUS001010,INS000002,Oeshi,Chad,1963-11-03,Female,Patna,Bihar,India,2023-02-06,Active
CUS001011,INS000001,Hardik,Bose,1951-07-11,Male,Delhi,Delhi,India,2021-10-23,Active
CUS001012,INS000003,Vrishti,Borah,1961-05-16,Male,Kochi,Kerala,India,2024-08-22,Active
CUS001013,INS000005,Nikita,Thaman,1976-04-03,Female,Jaipur,Rajasthan,India,2025-08-01,Active
CUS001014,INS000001,Ati,Sagar,1998-03-29,Male,Chandigarh,Chandigarh,India,2025-09-07,Active
CUS001015,INS000003,Bachittar,Bahri,1999-05-09,Male,Hyderabad,Telangana,India,2019-04-17,Active
CUS001016,INS000001,Kamala,Aurora,1979-10-16,Male,Bhopal,Madhya Pradesh,India,2023-01-15,Active
CUS001017,INS000005,Teerth,Doshi,1969-05-30,Female,Bengaluru,Karnataka,India,2023-06-20,Active
CUS001018,INS000005,Sachi,Chandran,1977-03-23,Male,Kochi,Kerala,India,2019-02-11,Active
CUS001019,INS000002,Sai,Raman,1961-02-06,Female,Kolkata,West Bengal,India,2019-03-06,Active
CUS001020,INS000004,Warinder,Hari,1953-06-28,Female,Jaipur,Rajasthan,India,2022-08-16,Active
CUS001021,INS000001,Janani,Muni,1983-03-27,Male,Kochi,Kerala,India,2025-04-09,Active
CUS001022,INS000001,Hardik,Naik,1969-11-16,Female,Ahmedabad,Gujarat,India,2023-05-05,Active
CUS001023,INS000003,Jhalak,Sandal,1995-04-18,Female,Nagpur,Maharashtra,India,2025-10-31,Active
CUS001024,INS000005,Jagrati,Vala,1973-06-23,Female,Bhubaneswar,Odisha,India,2025-03-10,Active
CUS001025,INS000001,Darsh,Bajaj,1981-03-25,Female,Mumbai,Maharashtra,India,2024-06-07,Active
CUS001026,INS000005,Mitali,Mittal,2007-07-08,Male,Kolkata,West Bengal,India,2025-08-28,Active
CUS001027,INS000001,Anya,Mahal,2002-06-04,Female,Mysuru,Karnataka,India,2022-08-28,Active
CUS001028,INS000002,Ranveer,Shanker,1961-05-21,Male,Mumbai,Maharashtra,India,2023-09-26,Active
CUS001029,INS000004,Jason,Jain,1980-07-16,Female,Bhopal,Madhya Pradesh,India,2021-06-13,Active
CUS001030,INS000001,Suhani,Chaudhry,1968-01-06,Female,Thane,Maharashtra,India,2021-11-06,Active
CUS001031,INS000005,Gavin,Lalla,1953-04-02,Female,Bhopal,Madhya Pradesh,India,2023-10-14,Active
CUS001032,INS000002,Simon,Sinha,1974-10-07,Male,Pune,Maharashtra,India,2020-09-08,Active
CUS001033,INS000001,Ansh,Puri,1965-02-20,Male,Hyderabad,Telangana,India,2019-01-31,Active
CUS001034,INS000003,Chandresh,Manne,1951-03-13,Male,Mumbai,Maharashtra,India,2018-12-27,Active
CUS001035,INS000004,Gauri,Sanghvi,1988-06-16,Male,Lucknow,Uttar Pradesh,India,2023-09-18,Active
CUS001036,INS000001,Yagnesh,Chander,1972-06-24,Male,Nagpur,Maharashtra,India,2026-06-02,Active
CUS001037,INS000002,Jeremiah,Kapadia,1962-08-07,Female,Mysuru,Karnataka,India,2024-10-28,Active
CUS001038,INS000003,Samesh,Ray,1978-05-04,Male,Kolkata,West Bengal,India,2021-10-30,Active
CUS001039,INS000002,Ekapad,Mallick,1954-07-10,Other,Kolkata,West Bengal,India,2024-09-29,Active
CUS001040,INS000002,Sarthak,Subramanian,1999-01-08,Male,Chandigarh,Chandigarh,India,2022-06-14,Active
CUS001041,INS000003,Tarak,Mane,1962-07-31,Female,Mumbai,Maharashtra,India,2023-06-25,Active
CUS001042,INS000002,Viraj,Walla,1970-03-21,Female,Pune,Maharashtra,India,2021-05-07,Active
CUS001043,INS000003,Falguni,Toor,1992-09-29,Female,Mysuru,Karnataka,India,2020-07-29,Active
CUS001044,INS000001,Manbir,Konda,2006-09-06,Female,Delhi,Delhi,India,2024-09-16,Active
CUS001045,INS000003,Aarnav,Raja,1973-11-07,Male,Patna,Bihar,India,2025-06-08,Active
CUS001046,INS000003,Aradhana,Badal,1974-10-27,Female,Kolkata,West Bengal,India,2025-08-11,Active
CUS001047,INS000004,Maanav,Taneja,1958-08-17,Male,Jaipur,Rajasthan,India,2024-11-24,Active
CUS001048,INS000003,Kalpit,Ramesh,1985-08-14,Male,Chandigarh,Chandigarh,India,2024-06-23,Active
CUS001049,INS000003,Zashil,Pradhan,1963-03-28,Female,Hyderabad,Telangana,India,2024-10-20,Active
CUS001050,INS000001,Owen,Chokshi,1981-04-14,Female,Chandigarh,Chandigarh,India,2023-06-09,Active
CUS001051,INS000004,Imaran,Sethi,1992-06-24,Female,Hyderabad,Telangana,India,2025-09-07,Active
CUS001052,INS000005,Atharv,Kapur,1999-01-31,Male,Hyderabad,Telangana,India,2024-04-13,Active
CUS001053,INS000001,Karan,Bakshi,1985-10-30,Male,Pune,Maharashtra,India,2019-04-09,Active
CUS001054,INS000001,Alexander,Ranganathan,1974-03-05,Male,Delhi,Delhi,India,2024-06-22,Active
CUS001055,INS000005,Ishita,Kata,1989-07-26,Male,Mumbai,Maharashtra,India,2024-02-21,Active
CUS001056,INS000003,Wazir,Sekhon,1952-05-08,Male,Kolkata,West Bengal,India,2023-12-06,Active
CUS001057,INS000002,Ekiya,Pingle,1965-11-13,Male,Jaipur,Rajasthan,India,2019-12-26,Active
CUS001058,INS000004,Amol,Sood,2003-11-16,Male,Kolkata,West Bengal,India,2024-04-01,Active
CUS001059,INS000002,Owen,Chopra,1980-12-14,Female,Hyderabad,Telangana,India,2018-11-09,Active
CUS001060,INS000005,Alka,Mukhopadhyay,1973-06-01,Male,Jaipur,Rajasthan,India,2025-02-15,Active
CUS001061,INS000001,Charles,Natarajan,1990-01-03,Female,Bhopal,Madhya Pradesh,India,2022-05-23,Active
CUS001062,INS000001,Jonathan,Dhawan,1960-10-30,Male,Chennai,Tamil Nadu,India,2020-07-28,Active
CUS001063,INS000004,Oviya,Chacko,1990-11-06,Female,Thane,Maharashtra,India,2021-04-27,Active
CUS001064,INS000001,Ishaan,Chandran,1995-11-07,Female,Hyderabad,Telangana,India,2022-03-19,Active
CUS001065,INS000001,Devansh,Gara,1995-09-10,Male,Bhubaneswar,Odisha,India,2023-08-03,Inactive
CUS001066,INS000004,Vamakshi,Johal,1965-08-30,Female,Chandigarh,Chandigarh,India,2019-09-21,Active
CUS001067,INS000004,Saumya,Suri,1970-09-20,Male,Chennai,Tamil Nadu,India,2026-02-08,Active
CUS001068,INS000005,Janaki,Krish,1952-01-28,Female,Kochi,Kerala,India,2020-07-09,Active
CUS001069,INS000001,Yochana,Chacko,1981-01-15,Male,Kochi,Kerala,India,2018-11-20,Active
CUS001070,INS000001,Ikbal,Dhaliwal,1998-12-27,Other,Pune,Maharashtra,India,2026-06-15,Active
CUS001071,INS000005,Siya,Rau,1995-05-18,Male,Mysuru,Karnataka,India,2025-06-26,Active
CUS001072,INS000003,Yahvi,Solanki,1978-02-09,Male,Indore,Madhya Pradesh,India,2022-09-02,Inactive
CUS001073,INS000003,Timothy,Virk,1984-02-09,Female,Ahmedabad,Gujarat,India,2023-02-10,Active
CUS001074,INS000003,Caleb,Kaul,1993-08-25,Male,Lucknow,Uttar Pradesh,India,2025-03-10,Inactive
CUS001075,INS000005,Charvi,Bhargava,2006-02-08,Female,Bhubaneswar,Odisha,India,2019-02-03,Active
CUS001076,INS000001,Tara,Tak,1969-08-03,Male,Lucknow,Uttar Pradesh,India,2021-11-17,Active
CUS001077,INS000005,Azaan,Krishnan,2000-02-13,Female,Jaipur,Rajasthan,India,2020-08-11,Active
CUS001078,INS000005,Darsh,Sabharwal,1975-06-27,Male,Ahmedabad,Gujarat,India,2024-12-30,Active
CUS001079,INS000003,Varenya,Mukhopadhyay,1965-07-12,Female,Indore,Madhya Pradesh,India,2026-07-21,Active
CUS001080,INS000002,Neelima,Nazareth,1951-02-11,Female,Mysuru,Karnataka,India,2025-08-08,Inactive
CUS001081,INS000001,Pooja,Dora,1961-09-23,Male,Chandigarh,Chandigarh,India,2022-02-22,Active
CUS001082,INS000003,Hritik,Bansal,1988-08-30,Male,Lucknow,Uttar Pradesh,India,2024-10-19,Active
CUS001083,INS000002,Vritti,Nagy,1969-04-04,Male,Kolkata,West Bengal,India,2019-03-25,Active
CUS001084,INS000002,Sachi,Ray,1976-09-18,Other,Surat,Gujarat,India,2019-01-22,Active
CUS001085,INS000004,Ethan,Ahluwalia,1993-05-01,Male,Kochi,Kerala,India,2023-11-01,Active
CUS001086,INS000001,Faris,Loyal,1979-08-12,Male,Thane,Maharashtra,India,2025-04-28,Active
CUS001087,INS000002,Ekanta,Kadakia,2001-09-30,Male,Jaipur,Rajasthan,India,2021-10-05,Active
CUS001088,INS000003,Manbir,Suresh,1979-08-04,Male,Mumbai,Maharashtra,India,2024-10-07,Active
CUS001089,INS000004,Dominic,Tata,1970-04-06,Female,Indore,Madhya Pradesh,India,2019-02-18,Active
CUS001090,INS000001,Jonathan,Munshi,1965-05-16,Female,Surat,Gujarat,India,2019-03-03,Active
CUS001091,INS000005,Anvi,Keer,1975-11-28,Female,Ahmedabad,Gujarat,India,2024-02-19,Active
CUS001092,INS000003,Ekta,Nagy,1955-01-24,Female,Patna,Bihar,India,2024-09-11,Active
CUS001093,INS000002,Lakshmi,Shenoy,1991-06-18,Female,Mumbai,Maharashtra,India,2024-06-10,Active
CUS001094,INS000002,Chaitaly,Subramanian,1952-03-15,Male,Surat,Gujarat,India,2025-07-28,Inactive
CUS001095,INS000003,Sudiksha,Varkey,1998-10-23,Male,Hyderabad,Telangana,India,2023-10-25,Inactive
CUS001096,INS000002,Yashasvi,Bumb,1981-03-01,Female,Surat,Gujarat,India,2023-02-17,Active
CUS001097,INS000004,Qushi,Cheema,1959-02-19,Female,Jaipur,Rajasthan,India,2022-07-24,Inactive
CUS001098,INS000001,Hardik,Sandal,1961-02-03,Female,Delhi,Delhi,India,2026-02-12,Active
CUS001099,INS000004,Ishwar,Brahmbhatt,1962-10-14,Male,Ahmedabad,Gujarat,India,2020-04-10,Active
CUS001100,INS000002,Tanveer,Prashad,1973-12-10,Male,Bengaluru,Karnataka,India,2018-10-05,Active
CUS001101,INS000005,Qushi,Datta,1999-03-02,Male,Nagpur,Maharashtra,India,2021-02-26,Inactive
CUS001102,INS000001,Siya,Arya,1977-01-06,Female,Chandigarh,Chandigarh,India,2025-12-23,Active
CUS001103,INS000001,Vedant,Edwin,1962-07-25,Female,Kolkata,West Bengal,India,2021-06-29,Active
CUS001104,INS000003,Odika,Venkatesh,1954-01-22,Female,Chennai,Tamil Nadu,India,2020-02-12,Active
CUS001105,INS000003,Harinakshi,Dara,1960-10-23,Male,Indore,Madhya Pradesh,India,2022-12-23,Active
CUS001106,INS000005,Sudiksha,Ganesan,2005-05-03,Female,Mumbai,Maharashtra,India,2020-05-18,Active
CUS001107,INS000001,Mohini,Hora,1959-02-20,Male,Bhopal,Madhya Pradesh,India,2019-05-12,Active
CUS001108,INS000005,Ojasvi,Sarma,1956-08-04,Male,Lucknow,Uttar Pradesh,India,2021-06-22,Active
CUS001109,INS000003,Girish,Comar,1994-10-10,Female,Lucknow,Uttar Pradesh,India,2025-10-25,Active
CUS001110,INS000003,Dhriti,Barad,1999-01-31,Male,Patna,Bihar,India,2018-08-18,Active
CUS001111,INS000001,Prisha,Samra,1998-10-01,Male,Mysuru,Karnataka,India,2026-01-17,Active
CUS001112,INS000004,Dhriti,Tandon,1988-05-16,Female,Pune,Maharashtra,India,2023-03-30,Active
CUS001113,INS000002,Aadhya,Garde,1979-01-10,Female,Bengaluru,Karnataka,India,2020-02-23,Active
CUS001114,INS000003,Kavya,Vohra,1985-10-16,Male,Bhubaneswar,Odisha,India,2025-03-09,Active
CUS001115,INS000003,Michael,Sur,2006-10-15,Female,Hyderabad,Telangana,India,2020-06-27,Active
CUS001116,INS000004,Urvi,Dey,1956-10-13,Male,Ahmedabad,Gujarat,India,2023-10-24,Active
CUS001117,INS000004,Ekalinga,Sahota,1960-02-19,Female,Pune,Maharashtra,India,2025-01-04,Active
CUS001118,INS000005,Gavin,Rastogi,1995-10-23,Female,Hyderabad,Telangana,India,2026-01-22,Inactive
CUS001119,INS000005,Frederick,Andra,1959-09-29,Female,Kochi,Kerala,India,2020-10-29,Active
CUS001120,INS000002,Girik,Minhas,2001-10-26,Female,Lucknow,Uttar Pradesh,India,2018-08-26,Active
CUS001121,INS000002,Rachana,Dalal,1972-03-04,Male,Jaipur,Rajasthan,India,2025-10-15,Active
CUS001122,INS000001,Gopal,Saran,1967-05-12,Male,Chandigarh,Chandigarh,India,2021-11-23,Active
CUS001123,INS000005,Kashish,Menon,1999-02-27,Male,Nagpur,Maharashtra,India,2024-08-11,Active
CUS001124,INS000003,Kalpit,Madan,1974-01-15,Male,Kolkata,West Bengal,India,2022-06-18,Active
CUS001125,INS000005,Darpan,Virk,1982-09-14,Female,Ahmedabad,Gujarat,India,2023-10-19,Active
CUS001126,INS000003,Forum,Naidu,1952-06-24,Male,Jaipur,Rajasthan,India,2025-04-16,Inactive
CUS001127,INS000004,Jason,Prabhu,1960-10-16,Male,Surat,Gujarat,India,2021-09-04,Active
CUS001128,INS000005,Nirja,Gandhi,1956-08-10,Male,Ahmedabad,Gujarat,India,2019-08-22,Active
CUS001129,INS000004,Irya,Dhaliwal,1975-03-30,Other,Hyderabad,Telangana,India,2023-04-20,Active
CUS001130,INS000002,Pallavi,Mannan,1984-02-28,Male,Jaipur,Rajasthan,India,2020-02-19,Active
CUS001131,INS000002,Charan,Virk,1962-08-17,Female,Indore,Madhya Pradesh,India,2022-12-27,Active
CUS001132,INS000001,Bhavna,Jayaraman,2000-04-11,Male,Lucknow,Uttar Pradesh,India,2019-06-27,Active
CUS001133,INS000005,Devika,Prabhu,1960-12-28,Male,Hyderabad,Telangana,India,2019-04-22,Active
CUS001134,INS000004,Indira,Venkataraman,1952-04-25,Female,Chennai,Tamil Nadu,India,2025-08-15,Active
CUS001135,INS000003,Hemang,Krishnamurthy,1961-01-19,Female,Hyderabad,Telangana,India,2025-11-02,Active
CUS001136,INS000002,Yashica,Sodhi,1974-07-26,Female,Delhi,Delhi,India,2026-02-21,Active
CUS001137,INS000002,Simon,Shere,2006-05-06,Female,Nagpur,Maharashtra,India,2024-08-18,Active
CUS001138,INS000003,Mohammed,Kade,1983-08-01,Male,Patna,Bihar,India,2020-11-07,Active
CUS001139,INS000004,Vasatika,Narayanan,1982-06-24,Male,Bhubaneswar,Odisha,India,2023-10-20,Active
CUS001140,INS000004,Udarsh,Deshmukh,1956-02-24,Female,Hyderabad,Telangana,India,2024-10-30,Active
CUS001141,INS000005,Hritik,Gala,2007-05-27,Male,Kolkata,West Bengal,India,2025-03-31,Active
CUS001142,INS000005,Inaya,Viswanathan,1966-01-14,Female,Ahmedabad,Gujarat,India,2024-11-06,Inactive
CUS001143,INS000001,Jhalak,Som,1989-12-17,Female,Patna,Bihar,India,2025-02-23,Active
CUS001144,INS000002,Ishwar,Anne,1966-03-08,Male,Hyderabad,Telangana,India,2022-02-15,Active
CUS001145,INS000005,Arya,Nadkarni,1998-09-03,Female,Chandigarh,Chandigarh,India,2022-11-09,Active
CUS001146,INS000004,Upkaar,Saha,1954-02-10,Male,Indore,Madhya Pradesh,India,2020-08-08,Active
CUS001147,INS000003,Pushti,Gola,1982-04-16,Male,Bengaluru,Karnataka,India,2025-09-03,Active
CUS001148,INS000004,Atharv,Doctor,2000-12-19,Male,Hyderabad,Telangana,India,2023-12-07,Active
CUS001149,INS000002,Amara,Singhal,1976-09-25,Female,Mysuru,Karnataka,India,2022-09-29,Active
CUS001150,INS000004,Ayush,Bhavsar,2001-11-05,Male,Pune,Maharashtra,India,2021-03-27,Inactive
CUS001151,INS000001,Pranit,Ahluwalia,1994-08-26,Female,Hyderabad,Telangana,India,2021-01-04,Active
CUS001152,INS000002,Anjali,Muni,2004-01-20,Female,Ahmedabad,Gujarat,India,2020-01-06,Active
CUS001153,INS000003,Dayamai,Guha,1997-05-12,Female,Kolkata,West Bengal,India,2019-11-23,Active
CUS001154,INS000001,Harinakshi,Iyengar,1955-04-06,Female,Bhopal,Madhya Pradesh,India,2024-05-11,Active
CUS001155,INS000002,Indali,Chandra,2004-03-08,Male,Bhopal,Madhya Pradesh,India,2026-06-08,Active
CUS001156,INS000003,Abeer,Yogi,1976-06-13,Male,Lucknow,Uttar Pradesh,India,2024-02-02,Active
CUS001157,INS000001,Pratyush,Shanker,1995-10-04,Male,Patna,Bihar,India,2019-08-21,Active
CUS001158,INS000001,Luke,Narayanan,2002-02-11,Female,Lucknow,Uttar Pradesh,India,2023-01-12,Active
CUS001159,INS000002,Nandini,Chandra,1990-05-07,Other,Delhi,Delhi,India,2019-01-13,Active
CUS001160,INS000005,Ekaraj,Bhat,2005-03-14,Female,Jaipur,Rajasthan,India,2024-08-29,Active
CUS001161,INS000001,Lucky,Sidhu,1967-06-29,Female,Bhopal,Madhya Pradesh,India,2025-08-05,Active
CUS001162,INS000001,Azaan,Dugar,1962-02-06,Female,Jaipur,Rajasthan,India,2019-08-12,Active
CUS001163,INS000003,Gavin,Bhavsar,1961-04-25,Male,Hyderabad,Telangana,India,2020-01-06,Active
CUS001164,INS000004,Tanveer,Palla,1999-01-15,Female,Hyderabad,Telangana,India,2023-04-29,Active
CUS001165,INS000002,Krisha,Kara,1961-03-31,Female,Surat,Gujarat,India,2024-08-10,Inactive
CUS001166,INS000002,Oni,Pai,2003-10-11,Male,Indore,Madhya Pradesh,India,2024-06-10,Active
CUS001167,INS000005,Sudiksha,Atwal,1972-06-14,Other,Delhi,Delhi,India,2020-11-14,Active
CUS001168,INS000005,Harita,Hans,1963-08-02,Male,Indore,Madhya Pradesh,India,2025-10-26,Inactive
CUS001169,INS000002,Nakul,Maharaj,1957-02-28,Female,Pune,Maharashtra,India,2021-05-29,Active
CUS001170,INS000005,Kala,Mane,1997-06-26,Female,Pune,Maharashtra,India,2026-02-10,Inactive
CUS001171,INS000003,Devika,Sandhu,1959-11-16,Female,Patna,Bihar,India,2024-04-18,Active
CUS001172,INS000002,Ekta,Mohan,1966-10-05,Male,Bengaluru,Karnataka,India,2023-04-24,Active
CUS001173,INS000005,Frado,Pillai,1976-04-30,Female,Kochi,Kerala,India,2021-11-05,Active
CUS001174,INS000002,Charles,Rau,2007-05-18,Female,Chennai,Tamil Nadu,India,2022-07-06,Active
CUS001175,INS000004,Nachiket,Kumar,2003-09-21,Male,Mysuru,Karnataka,India,2023-09-23,Active
CUS001176,INS000001,Nakul,Jain,1950-11-28,Female,Ahmedabad,Gujarat,India,2019-02-14,Active
CUS001177,INS000002,Chandran,Brahmbhatt,1963-06-30,Female,Mysuru,Karnataka,India,2025-04-11,Active
CUS001178,INS000001,Finn,Dua,1983-03-31,Female,Bhopal,Madhya Pradesh,India,2025-05-28,Active
CUS001179,INS000005,Anita,Chauhan,1993-08-09,Male,Chennai,Tamil Nadu,India,2026-05-02,Active
CUS001180,INS000001,Saanvi,Kalita,1994-06-18,Female,Thane,Maharashtra,India,2020-02-20,Inactive
CUS001181,INS000002,Panini,Mammen,1969-06-16,Female,Jaipur,Rajasthan,India,2021-12-05,Active
CUS001182,INS000004,Vedika,Gokhale,1954-02-17,Male,Kolkata,West Bengal,India,2024-05-22,Inactive
CUS001183,INS000005,Riya,Lall,2001-09-12,Male,Patna,Bihar,India,2020-12-17,Active
CUS001184,INS000002,Oeshi,Chaudry,1986-04-26,Other,Delhi,Delhi,India,2025-04-10,Active
CUS001185,INS000005,Anjali,Date,1986-02-21,Female,Pune,Maharashtra,India,2022-07-09,Active
CUS001186,INS000003,Tanveer,Vig,2007-10-29,Female,Kochi,Kerala,India,2018-10-03,Active
CUS001187,INS000001,Yauvani,Rajagopal,1969-06-15,Male,Mumbai,Maharashtra,India,2023-12-18,Active
CUS001188,INS000003,Ishaan,Narayanan,1991-02-19,Male,Lucknow,Uttar Pradesh,India,2020-08-25,Active
CUS001189,INS000002,Hemani,Malhotra,1963-04-21,Male,Patna,Bihar,India,2021-04-03,Active
CUS001190,INS000004,Qushi,Solanki,1985-09-03,Male,Patna,Bihar,India,2025-08-08,Active
CUS001191,INS000005,Indrajit,Kadakia,1957-12-24,Female,Bhopal,Madhya Pradesh,India,2026-07-31,Inactive
CUS001192,INS000001,Bhanumati,Ganguly,1991-03-30,Female,Mumbai,Maharashtra,India,2026-07-31,Active
CUS001193,INS000005,Vidhi,Agate,2008-02-05,Female,Kochi,Kerala,India,2020-01-31,Active
CUS001194,INS000002,Darika,Kata,1979-03-18,Male,Chandigarh,Chandigarh,India,2020-06-07,Active
CUS001195,INS000005,Chakradev,Kalita,1981-12-22,Female,Indore,Madhya Pradesh,India,2026-06-20,Active
CUS001196,INS000001,Thomas,Chand,1955-08-25,Male,Nagpur,Maharashtra,India,2021-04-20,Inactive
CUS001197,INS000002,Megha,Din,2002-07-02,Male,Mysuru,Karnataka,India,2024-02-09,Active
CUS001198,INS000005,Christopher,Dhar,1957-06-09,Female,Indore,Madhya Pradesh,India,2023-02-15,Active
CUS001199,INS000004,Abhimanyu,Gala,1973-01-30,Female,Chandigarh,Chandigarh,India,2022-04-02,Active
CUS001200,INS000002,Samarth,Soman,1970-10-15,Female,Mysuru,Karnataka,India,2026-06-03,Active
CUS001201,INS000002,Charvi,Acharya,1953-05-15,Male,Lucknow,Uttar Pradesh,India,2026-06-27,Active
CUS001202,INS000004,Siddharth,Naik,2007-02-24,Female,Mumbai,Maharashtra,India,2021-12-15,Active
CUS001203,INS000003,Laksh,Brahmbhatt,1983-04-08,Female,Hyderabad,Telangana,India,2023-07-20,Active
CUS001204,INS000001,Aadhya,Ben,1975-07-01,Female,Delhi,Delhi,India,2022-09-05,Active
CUS001205,INS000003,Bimala,Devan,1957-11-16,Male,Mumbai,Maharashtra,India,2026-04-19,Active
CUS001206,INS000005,Falak,Vaidya,1975-07-27,Other,Chennai,Tamil Nadu,India,2023-10-20,Active
CUS001207,INS000004,Jagdish,Sarraf,1974-12-13,Female,Kochi,Kerala,India,2026-02-14,Active
CUS001208,INS000003,Abhimanyu,Sandal,1973-07-08,Female,Bengaluru,Karnataka,India,2020-02-25,Active
CUS001209,INS000002,Widisha,Sodhi,1969-10-21,Male,Kolkata,West Bengal,India,2019-11-22,Active
CUS001210,INS000005,Qushi,Narain,1960-07-22,Male,Lucknow,Uttar Pradesh,India,2021-04-05,Active
CUS001211,INS000005,Parth,Mittal,2000-08-27,Male,Ahmedabad,Gujarat,India,2025-05-19,Active
CUS001212,INS000003,Kai,Tella,1982-09-03,Male,Chennai,Tamil Nadu,India,2024-11-06,Active
CUS001213,INS000003,Lajita,Dalal,1968-03-20,Female,Bhubaneswar,Odisha,India,2021-04-17,Inactive
CUS001214,INS000004,Victor,Khosla,2007-04-13,Male,Bhopal,Madhya Pradesh,India,2020-01-28,Active
CUS001215,INS000001,Xiti,Ramaswamy,1984-09-17,Male,Bhubaneswar,Odisha,India,2026-05-22,Active
CUS001216,INS000003,Irya,Purohit,1965-12-16,Male,Patna,Bihar,India,2022-03-06,Active
CUS001217,INS000003,Ekbal,Rajan,1994-01-14,Male,Patna,Bihar,India,2022-03-03,Active
CUS001218,INS000002,Mekhala,Som,1984-08-11,Male,Nagpur,Maharashtra,India,2023-10-23,Active
CUS001219,INS000005,Brijesh,Pant,1951-12-16,Female,Pune,Maharashtra,India,2023-09-20,Active
CUS001220,INS000001,Rajata,Muni,1992-07-10,Female,Bengaluru,Karnataka,India,2018-08-29,Active
CUS001221,INS000002,Anirudh,Vig,1979-12-06,Male,Bhopal,Madhya Pradesh,India,2020-06-10,Active
CUS001222,INS000004,Tripti,Nadig,1982-04-11,Male,Hyderabad,Telangana,India,2020-08-21,Active
CUS001223,INS000004,Faras,Wali,1968-01-30,Male,Indore,Madhya Pradesh,India,2025-08-05,Active
CUS001224,INS000003,Dhriti,Brar,1950-10-06,Male,Mumbai,Maharashtra,India,2020-05-11,Inactive
CUS001225,INS000003,Pushti,Kala,1993-12-30,Female,Jaipur,Rajasthan,India,2022-06-01,Inactive
CUS001226,INS000004,Nidhi,Ganesan,2008-03-27,Female,Bhubaneswar,Odisha,India,2018-09-04,Inactive
CUS001227,INS000003,Omisha,Mall,1994-04-22,Female,Ahmedabad,Gujarat,India,2022-10-28,Active
CUS001228,INS000001,Bimala,Dhar,1999-09-12,Female,Indore,Madhya Pradesh,India,2022-07-21,Active
CUS001229,INS000003,Ishwar,Sarkar,1951-11-10,Male,Hyderabad,Telangana,India,2024-02-04,Active
CUS001230,INS000005,Nidhi,Sathe,1953-03-09,Female,Lucknow,Uttar Pradesh,India,2022-07-12,Active
CUS001231,INS000003,Ansh,Suri,1951-03-12,Female,Jaipur,Rajasthan,India,2021-04-12,Active
CUS001232,INS000002,Ekta,Krishna,1992-01-24,Female,Nagpur,Maharashtra,India,2019-11-26,Active
CUS001233,INS000001,Onveer,Dara,1956-08-04,Male,Mysuru,Karnataka,India,2024-11-28,Inactive
CUS001234,INS000002,Triveni,Saran,2006-04-10,Female,Mysuru,Karnataka,India,2025-05-24,Active
CUS001235,INS000002,Janaki,Pall,1999-07-31,Female,Lucknow,Uttar Pradesh,India,2025-09-15,Active
CUS001236,INS000005,Gaurang,Gokhale,1985-02-10,Female,Thane,Maharashtra,India,2023-12-11,Active
CUS001237,INS000001,Rajeshri,Bakshi,1960-03-22,Male,Pune,Maharashtra,India,2026-06-07,Inactive
CUS001238,INS000001,Hitesh,Pau,1995-05-11,Female,Bengaluru,Karnataka,India,2025-11-10,Active
CUS001239,INS000001,Yagnesh,Shukla,2003-01-15,Female,Chennai,Tamil Nadu,India,2018-11-14,Active
CUS001240,INS000001,Rajata,Pal,1995-08-24,Female,Bhubaneswar,Odisha,India,2021-01-16,Active
CUS001241,INS000001,Nandini,Samra,2005-05-20,Female,Indore,Madhya Pradesh,India,2023-09-03,Active
CUS001242,INS000005,Farhan,Kala,2001-10-06,Female,Bhubaneswar,Odisha,India,2020-04-26,Active
CUS001243,INS000003,Meghana,Halder,1964-06-01,Male,Indore,Madhya Pradesh,India,2026-05-14,Active
CUS001244,INS000002,Dayita,Raja,1952-06-28,Female,Mysuru,Karnataka,India,2019-08-31,Active
CUS001245,INS000001,Harinakshi,Prasad,1965-08-16,Male,Mumbai,Maharashtra,India,2026-01-13,Active
CUS001246,INS000003,Timothy,Gola,1983-10-20,Female,Patna,Bihar,India,2018-12-24,Active
CUS001247,INS000003,Gauri,Anne,1952-08-09,Male,Chennai,Tamil Nadu,India,2020-05-29,Active
CUS001248,INS000002,Om,Hayre,1963-08-30,Female,Bengaluru,Karnataka,India,2025-03-22,Inactive
CUS001249,INS000005,Faraj,Sathe,2002-09-24,Female,Jaipur,Rajasthan,India,2022-06-06,Inactive
CUS001250,INS000004,Yashvi,Patel,1970-10-24,Female,Patna,Bihar,India,2020-04-14,Active
CUS001251,INS000004,Ishaan,Vora,1961-10-05,Female,Bengaluru,Karnataka,India,2021-01-05,Inactive
CUS001252,INS000003,Yashvi,Hayer,1962-07-26,Female,Kolkata,West Bengal,India,2025-12-15,Active
CUS001253,INS000002,Rishi,Ahluwalia,1950-12-24,Female,Jaipur,Rajasthan,India,2025-05-07,Active
CUS001254,INS000004,Ikshita,Mukherjee,1960-05-01,Male,Indore,Madhya Pradesh,India,2021-06-21,Active
CUS001255,INS000003,Indali,Narasimhan,1971-05-04,Male,Kochi,Kerala,India,2018-11-12,Active
CUS001256,INS000005,Manbir,Chandra,1952-12-18,Male,Delhi,Delhi,India,2019-01-13,Active
CUS001257,INS000004,Warinder,Pillay,1997-07-23,Male,Ahmedabad,Gujarat,India,2019-05-18,Active
CUS001258,INS000003,Harshil,Kulkarni,2003-02-21,Female,Surat,Gujarat,India,2023-11-28,Active
CUS001259,INS000003,Madhav,Thakkar,1997-04-24,Female,Indore,Madhya Pradesh,India,2021-11-22,Active
CUS001260,INS000001,Aahana,Arya,1970-07-22,Female,Bhubaneswar,Odisha,India,2022-12-11,Active
CUS001261,INS000005,Rudra,Mahajan,2007-01-23,Male,Surat,Gujarat,India,2021-10-28,Active
CUS001262,INS000001,Oscar,Bandi,1957-03-08,Male,Nagpur,Maharashtra,India,2021-12-04,Active
CUS001263,INS000002,Michael,Maharaj,2001-12-01,Female,Chennai,Tamil Nadu,India,2020-11-02,Inactive
CUS001264,INS000001,Faqid,Srinivas,1963-09-21,Female,Delhi,Delhi,India,2024-08-23,Active
CUS001265,INS000001,Peter,Rao,1970-03-09,Male,Mysuru,Karnataka,India,2021-11-09,Inactive
CUS001266,INS000004,Wakeeta,Bassi,1969-08-28,Female,Nagpur,Maharashtra,India,2021-04-24,Active
CUS001267,INS000003,Ucchal,Kulkarni,1992-03-28,Female,Bengaluru,Karnataka,India,2021-08-08,Active
CUS001268,INS000005,Saumya,Mahal,2002-08-27,Male,Patna,Bihar,India,2023-08-01,Active
CUS001269,INS000001,Ekantika,Bhandari,1963-09-17,Female,Thane,Maharashtra,India,2021-01-12,Active
CUS001270,INS000005,Diya,Balasubramanian,1974-01-30,Male,Hyderabad,Telangana,India,2019-03-03,Active
CUS001271,INS000001,Matthew,Sinha,1979-11-07,Female,Jaipur,Rajasthan,India,2023-03-21,Active
CUS001272,INS000002,Ria,Sha,1982-10-03,Male,Thane,Maharashtra,India,2022-12-08,Active
CUS001273,INS000001,Ekansh,Swaminathan,1983-02-05,Male,Bhopal,Madhya Pradesh,India,2025-08-07,Active
CUS001274,INS000004,Upasna,Ghose,1990-12-02,Female,Thane,Maharashtra,India,2025-06-01,Active
CUS001275,INS000003,Riya,Solanki,1962-09-03,Male,Delhi,Delhi,India,2019-07-07,Active
CUS001276,INS000002,Chavvi,Chawla,1961-10-31,Female,Mysuru,Karnataka,India,2020-05-11,Active
CUS001277,INS000001,Anvi,Barad,1995-08-06,Male,Delhi,Delhi,India,2023-09-30,Active
CUS001278,INS000005,Daksh,Pingle,1961-10-12,Male,Nagpur,Maharashtra,India,2021-01-28,Active
CUS001279,INS000002,Indira,Balakrishnan,1960-01-04,Male,Bhopal,Madhya Pradesh,India,2025-01-04,Active
CUS001280,INS000002,Yashica,Dua,1999-11-22,Female,Mumbai,Maharashtra,India,2024-05-28,Inactive
CUS001281,INS000001,Ethan,Goel,1973-06-17,Female,Jaipur,Rajasthan,India,2020-07-31,Inactive
CUS001282,INS000002,Dayita,Deep,1960-01-25,Male,Thane,Maharashtra,India,2019-11-23,Active
CUS001283,INS000005,Triya,Butala,1975-05-09,Female,Indore,Madhya Pradesh,India,2021-09-20,Active
CUS001284,INS000002,Siya,Saini,1951-01-08,Female,Thane,Maharashtra,India,2022-07-31,Active
CUS001285,INS000005,Baljiwan,Dar,1981-10-08,Female,Kochi,Kerala,India,2022-07-14,Active
CUS001286,INS000001,Dakshesh,Bhalla,1970-09-19,Female,Bhopal,Madhya Pradesh,India,2021-02-14,Inactive
CUS001287,INS000003,Jyoti,Sawhney,1993-11-27,Female,Bhubaneswar,Odisha,India,2021-02-03,Inactive
CUS001288,INS000002,Bhavini,Bhatia,1981-10-29,Female,Hyderabad,Telangana,India,2025-09-15,Active
CUS001289,INS000003,Faraj,Murthy,1988-01-07,Male,Delhi,Delhi,India,2022-12-07,Active
CUS001290,INS000005,Gautam,Chatterjee,1957-09-14,Male,Indore,Madhya Pradesh,India,2019-04-24,Inactive
CUS001291,INS000002,Yashica,Mall,1998-11-02,Male,Bhubaneswar,Odisha,India,2023-10-12,Active
CUS001292,INS000004,Leena,Hari,1996-05-05,Male,Bengaluru,Karnataka,India,2022-10-21,Active
CUS001293,INS000003,Turvi,Badal,1994-04-04,Female,Mumbai,Maharashtra,India,2021-10-01,Active
CUS001294,INS000002,Benjamin,Natarajan,1955-11-06,Male,Surat,Gujarat,India,2021-10-12,Active
CUS001295,INS000003,Shivani,Nadig,2001-08-16,Male,Patna,Bihar,India,2021-12-13,Active
CUS001296,INS000002,Raghav,Gara,1953-12-08,Female,Surat,Gujarat,India,2020-06-08,Active
CUS001297,INS000001,Ekanta,Peri,1995-11-05,Male,Mumbai,Maharashtra,India,2025-02-09,Active
CUS001298,INS000003,Vamakshi,Varty,1994-03-07,Male,Kolkata,West Bengal,India,2020-01-29,Active
CUS001299,INS000004,Yachana,Atwal,1973-05-20,Male,Nagpur,Maharashtra,India,2022-09-12,Active
CUS001300,INS000004,Matthew,Rau,2003-04-01,Female,Jaipur,Rajasthan,India,2018-11-17,Active
CUS001301,INS000005,David,Saha,1986-01-30,Male,Indore,Madhya Pradesh,India,2019-04-03,Active
CUS001302,INS000002,Shravya,Bhat,1986-04-05,Male,Bhubaneswar,Odisha,India,2021-04-25,Active
CUS001303,INS000003,Harshil,Bhattacharyya,2005-10-12,Female,Jaipur,Rajasthan,India,2024-06-14,Inactive
CUS001304,INS000005,Hemal,Hans,1957-06-09,Female,Mysuru,Karnataka,India,2021-08-19,Active
CUS001305,INS000003,Frado,Thaker,1964-09-05,Female,Indore,Madhya Pradesh,India,2019-12-24,Active
CUS001306,INS000002,Yamini,Divan,1979-05-24,Female,Jaipur,Rajasthan,India,2023-06-12,Inactive
CUS001307,INS000004,Orinder,Loke,1962-02-02,Male,Surat,Gujarat,India,2022-04-25,Active
CUS001308,INS000001,Balveer,Chacko,1978-07-04,Male,Bengaluru,Karnataka,India,2018-08-24,Active
CUS001309,INS000004,Yug,Gera,1968-07-09,Male,Bhubaneswar,Odisha,India,2021-06-13,Active
CUS001310,INS000005,Raksha,Sawhney,1972-02-28,Male,Jaipur,Rajasthan,India,2026-06-29,Active
CUS001311,INS000001,Reva,Basu,1959-11-19,Male,Chennai,Tamil Nadu,India,2023-12-08,Active
CUS001312,INS000005,Nathan,Majumdar,2003-03-05,Male,Nagpur,Maharashtra,India,2019-07-06,Active
CUS001313,INS000002,Januja,Issac,1972-11-13,Female,Hyderabad,Telangana,India,2025-12-29,Inactive
CUS001314,INS000001,Kashish,Tiwari,1985-02-16,Female,Bengaluru,Karnataka,India,2026-01-21,Active
CUS001315,INS000005,Barkha,Rout,2000-11-19,Male,Delhi,Delhi,India,2020-09-07,Active
CUS001316,INS000002,Lila,Ghose,1987-10-10,Female,Bhopal,Madhya Pradesh,India,2018-11-08,Active
CUS001317,INS000004,Nilima,Aggarwal,1983-06-14,Male,Thane,Maharashtra,India,2025-07-27,Active
CUS001318,INS000002,Hamsini,Mukhopadhyay,2002-11-25,Male,Pune,Maharashtra,India,2021-07-27,Inactive
CUS001319,INS000003,Charles,Mahal,1970-06-07,Female,Bhubaneswar,Odisha,India,2020-10-05,Active
CUS001320,INS000002,Gaurika,Panchal,2007-10-16,Male,Pune,Maharashtra,India,2022-07-21,Active
CUS001321,INS000002,Dominic,Dalal,1956-04-09,Male,Kochi,Kerala,India,2021-06-05,Active
CUS001322,INS000003,Forum,Om,1958-04-13,Male,Mumbai,Maharashtra,India,2026-06-02,Active
CUS001323,INS000005,Girindra,Shukla,1973-07-17,Female,Indore,Madhya Pradesh,India,2026-01-10,Inactive
CUS001324,INS000005,Libni,Chadha,1955-01-04,Female,Lucknow,Uttar Pradesh,India,2021-12-29,Active
CUS001325,INS000002,Bhanumati,Sheth,1963-11-21,Male,Patna,Bihar,India,2024-01-28,Active
CUS001326,INS000003,Zayyan,Chakrabarti,1978-07-15,Female,Pune,Maharashtra,India,2025-01-08,Active
CUS001327,INS000003,Mason,Dada,1964-01-24,Female,Delhi,Delhi,India,2024-05-08,Active
CUS001328,INS000004,Gauri,Chana,1973-11-05,Female,Bhopal,Madhya Pradesh,India,2026-05-30,Active
CUS001329,INS000005,Finn,Gopal,2005-05-12,Female,Kolkata,West Bengal,India,2025-09-24,Active
CUS001330,INS000001,Lohit,Chadha,2000-03-10,Male,Jaipur,Rajasthan,India,2022-04-07,Active
CUS001331,INS000005,Inaya,Grewal,1966-07-01,Male,Pune,Maharashtra,India,2025-01-10,Active
CUS001332,INS000005,Dayita,Nadkarni,1969-01-27,Female,Patna,Bihar,India,2021-05-22,Active
CUS001333,INS000004,Manya,Bahri,1989-05-01,Female,Surat,Gujarat,India,2020-03-15,Inactive
CUS001334,INS000001,Kai,Gara,1980-02-08,Female,Jaipur,Rajasthan,India,2020-08-02,Active
CUS001335,INS000004,Frado,Anne,2003-11-01,Female,Bhopal,Madhya Pradesh,India,2026-02-02,Active
CUS001336,INS000001,Dayita,Kalla,1965-03-17,Female,Kochi,Kerala,India,2021-11-27,Inactive
CUS001337,INS000002,Krisha,Prasad,1956-07-26,Female,Bhubaneswar,Odisha,India,2025-03-04,Active
CUS001338,INS000001,Falguni,Sharma,2003-02-18,Female,Kolkata,West Bengal,India,2020-04-30,Active
CUS001339,INS000004,Joshua,Bumb,1991-04-10,Female,Thane,Maharashtra,India,2021-01-06,Active
CUS001340,INS000005,Girik,Koshy,2002-03-30,Female,Chennai,Tamil Nadu,India,2023-05-28,Active
CUS001341,INS000001,Pallavi,Morar,1975-04-17,Male,Bengaluru,Karnataka,India,2021-12-22,Active
CUS001342,INS000001,Yashoda,Halder,1976-08-13,Male,Jaipur,Rajasthan,India,2021-03-31,Active
CUS001343,INS000003,Janaki,Deo,1995-01-21,Female,Mumbai,Maharashtra,India,2021-04-11,Active
CUS001344,INS000005,Andrew,Mukherjee,1952-02-19,Female,Indore,Madhya Pradesh,India,2022-11-09,Inactive
CUS001345,INS000002,Janani,Bera,1983-09-22,Female,Jaipur,Rajasthan,India,2019-11-03,Active
CUS001346,INS000004,Dayamai,Raghavan,1959-10-14,Female,Bhopal,Madhya Pradesh,India,2026-03-22,Active
CUS001347,INS000002,Pranit,Mangat,1993-08-17,Male,Ahmedabad,Gujarat,India,2020-04-23,Active
CUS001348,INS000005,Tanish,Gokhale,1981-07-08,Male,Kolkata,West Bengal,India,2019-01-09,Active
CUS001349,INS000001,Harita,Mallick,1966-03-06,Female,Nagpur,Maharashtra,India,2025-03-07,Active
CUS001350,INS000001,Vedika,Dey,2001-04-29,Male,Nagpur,Maharashtra,India,2020-12-29,Active
CUS001351,INS000005,Rehaan,Mutti,1966-04-16,Male,Lucknow,Uttar Pradesh,India,2021-10-23,Active
CUS001352,INS000001,Upkaar,Sachdev,1961-09-06,Male,Surat,Gujarat,India,2021-05-03,Active
CUS001353,INS000001,Laksh,Kara,1991-07-02,Male,Mysuru,Karnataka,India,2022-01-06,Active
CUS001354,INS000001,Mohammed,Guha,1954-03-30,Female,Thane,Maharashtra,India,2021-11-13,Active
CUS001355,INS000004,Faras,Mahajan,1990-09-07,Male,Lucknow,Uttar Pradesh,India,2024-07-08,Active
CUS001356,INS000004,Chakrika,Iyengar,2000-06-26,Female,Mysuru,Karnataka,India,2021-07-06,Active
CUS001357,INS000003,Harrison,Goel,1971-03-03,Male,Delhi,Delhi,India,2024-09-13,Inactive
CUS001358,INS000002,Yashica,Merchant,1969-01-12,Female,Pune,Maharashtra,India,2019-04-09,Active
CUS001359,INS000005,Baljiwan,Lad,1966-04-25,Male,Pune,Maharashtra,India,2020-10-14,Inactive
CUS001360,INS000005,Gayathri,Sarraf,1992-05-07,Female,Mumbai,Maharashtra,India,2025-12-03,Inactive
CUS001361,INS000005,Karan,Lalla,1958-09-11,Female,Delhi,Delhi,India,2024-01-25,Inactive
CUS001362,INS000003,Krisha,Chanda,1984-05-08,Male,Bengaluru,Karnataka,India,2020-06-10,Active
CUS001363,INS000004,Mitesh,Suri,1956-09-10,Female,Mysuru,Karnataka,India,2025-12-20,Inactive
CUS001364,INS000003,Nicholas,Pant,1964-05-23,Female,Thane,Maharashtra,India,2020-08-31,Active
CUS001365,INS000005,Pratyush,Patla,1999-05-26,Male,Chandigarh,Chandigarh,India,2021-02-05,Active
CUS001366,INS000002,Noah,Palla,1980-08-11,Male,Bengaluru,Karnataka,India,2022-06-27,Active
CUS001367,INS000001,Raksha,Virk,1976-03-19,Female,Chandigarh,Chandigarh,India,2023-03-29,Inactive
CUS001368,INS000004,Caleb,Sengupta,2003-10-22,Female,Ahmedabad,Gujarat,India,2021-09-04,Active
CUS001369,INS000004,Nirja,Garde,1977-05-04,Male,Bhubaneswar,Odisha,India,2024-06-15,Active
CUS001370,INS000003,Janya,Bansal,1958-09-13,Male,Bengaluru,Karnataka,India,2024-10-21,Active
CUS001371,INS000004,Wazir,Rajan,1977-08-21,Female,Jaipur,Rajasthan,India,2022-09-04,Active
CUS001372,INS000005,Sachi,Dugal,2007-01-31,Female,Jaipur,Rajasthan,India,2019-10-19,Active
CUS001373,INS000005,Bhavani,Yogi,1972-04-24,Female,Indore,Madhya Pradesh,India,2023-12-24,Active
CUS001374,INS000003,Saumya,Kade,1993-08-05,Male,Hyderabad,Telangana,India,2025-05-20,Active
CUS001375,INS000005,Vivaan,Saraf,2000-06-24,Female,Kochi,Kerala,India,2019-05-29,Inactive
CUS001376,INS000002,William,Palan,1959-06-30,Male,Ahmedabad,Gujarat,India,2020-11-21,Active
CUS001377,INS000003,Dayamai,Mani,1956-01-08,Male,Lucknow,Uttar Pradesh,India,2023-05-13,Inactive
CUS001378,INS000002,Upasna,Johal,1982-03-24,Female,Delhi,Delhi,India,2026-01-03,Active
CUS001379,INS000001,Rishi,Oommen,1991-09-05,Other,Nagpur,Maharashtra,India,2026-03-31,Active
CUS001380,INS000002,Jhalak,Thakur,1965-05-09,Male,Delhi,Delhi,India,2024-08-17,Active
CUS001381,INS000001,Ridhi,Luthra,1996-11-17,Male,Ahmedabad,Gujarat,India,2023-09-18,Active
CUS001382,INS000001,Triya,Chana,1969-03-28,Female,Mysuru,Karnataka,India,2023-11-12,Active
CUS001383,INS000002,Baghyawati,Varghese,2004-08-23,Female,Bhopal,Madhya Pradesh,India,2023-07-04,Active
CUS001384,INS000003,Lavanya,Kade,1996-06-28,Female,Ahmedabad,Gujarat,India,2022-10-03,Active
CUS001385,INS000005,Yadavi,Kuruvilla,1984-11-10,Female,Mysuru,Karnataka,India,2020-05-25,Active
CUS001386,INS000005,Omya,Kamdar,1993-04-15,Male,Mysuru,Karnataka,India,2024-09-07,Active
CUS001387,INS000001,Neel,Sibal,2006-10-23,Other,Nagpur,Maharashtra,India,2019-03-30,Active
CUS001388,INS000001,Ryan,Lal,1968-02-23,Female,Chandigarh,Chandigarh,India,2021-09-22,Active
CUS001389,INS000003,Lakshit,Balay,1982-01-29,Female,Delhi,Delhi,India,2023-11-16,Active
CUS001390,INS000004,Zashil,D’Alia,1979-03-05,Female,Thane,Maharashtra,India,2021-12-22,Active
CUS001391,INS000002,Charles,Varughese,1975-08-16,Female,Patna,Bihar,India,2024-02-13,Inactive
CUS001392,INS000001,Vasana,Grewal,1987-05-18,Male,Indore,Madhya Pradesh,India,2025-09-08,Active
CUS001393,INS000005,Kamya,Soman,1998-09-18,Male,Indore,Madhya Pradesh,India,2020-09-16,Active
CUS001394,INS000003,Harshil,Dey,1962-02-06,Female,Jaipur,Rajasthan,India,2025-02-27,Active
CUS001395,INS000002,Zaitra,Sibal,1962-09-21,Male,Kochi,Kerala,India,2022-10-17,Active
CUS001396,INS000003,Jeet,Naidu,1964-03-14,Male,Ahmedabad,Gujarat,India,2022-02-04,Active
CUS001397,INS000002,Bhavani,Pradhan,1960-06-20,Female,Hyderabad,Telangana,India,2022-10-22,Active
CUS001398,INS000002,Fiyaz,Purohit,1984-10-17,Female,Kochi,Kerala,India,2022-03-16,Active
CUS001399,INS000001,Naveen,Bandi,1982-12-23,Male,Chandigarh,Chandigarh,India,2019-08-26,Active
CUS001400,INS000003,Anjali,Naidu,1971-02-24,Female,Chandigarh,Chandigarh,India,2022-04-05,Active
CUS001401,INS000003,Shivani,Cheema,1971-05-13,Female,Surat,Gujarat,India,2022-11-09,Active
CUS001402,INS000005,Yochana,Parmer,1986-06-01,Female,Delhi,Delhi,India,2026-05-28,Active
CUS001403,INS000005,Manan,Anand,1953-11-30,Female,Hyderabad,Telangana,India,2021-10-31,Active
CUS001404,INS000001,Rajeshri,Dutt,1970-05-04,Male,Bhubaneswar,Odisha,India,2020-08-17,Active
CUS001405,INS000001,Gavin,Sama,1992-02-26,Male,Bhubaneswar,Odisha,India,2025-04-19,Active
CUS001406,INS000004,Tristan,Soman,1989-03-14,Male,Delhi,Delhi,India,2023-11-27,Active
CUS001407,INS000005,Shravya,Natt,2006-04-14,Female,Mysuru,Karnataka,India,2026-06-25,Active
CUS001408,INS000002,Ikshita,Nayar,1966-07-19,Female,Chennai,Tamil Nadu,India,2021-10-01,Inactive
CUS001409,INS000003,Avi,Chaudhry,2001-11-03,Female,Mumbai,Maharashtra,India,2023-06-04,Active
CUS001410,INS000001,Oeshi,Grover,1969-12-12,Female,Chennai,Tamil Nadu,India,2026-02-19,Active
CUS001411,INS000003,Chatresh,Parmar,1979-10-20,Female,Bengaluru,Karnataka,India,2023-12-15,Active
CUS001412,INS000003,Meghana,Mohan,1996-02-05,Female,Surat,Gujarat,India,2022-08-20,Active
CUS001413,INS000004,Yadavi,Gaba,1993-03-31,Male,Pune,Maharashtra,India,2024-09-13,Active
CUS001414,INS000005,Kashvi,Sibal,1981-05-13,Male,Nagpur,Maharashtra,India,2024-02-04,Active
CUS001415,INS000001,Warinder,Grewal,1998-09-18,Female,Pune,Maharashtra,India,2024-04-22,Active
CUS001416,INS000003,Libni,Bains,1982-01-03,Male,Lucknow,Uttar Pradesh,India,2021-05-05,Active
CUS001417,INS000001,Finn,Sarna,2007-01-06,Male,Chandigarh,Chandigarh,India,2024-05-12,Active
CUS001418,INS000002,Kavya,Shan,1969-03-13,Female,Surat,Gujarat,India,2023-01-18,Active
CUS001419,INS000004,Udarsh,Saran,1975-12-17,Male,Pune,Maharashtra,India,2022-04-19,Active
CUS001420,INS000002,Ayaan,Rastogi,1996-08-21,Female,Mysuru,Karnataka,India,2026-03-21,Active
CUS001421,INS000001,Eiravati,Solanki,1958-06-06,Male,Kochi,Kerala,India,2018-10-08,Active
CUS001422,INS000001,Hardik,Kohli,1996-05-03,Male,Bengaluru,Karnataka,India,2024-08-11,Active
CUS001423,INS000005,Gautami,Krishnan,1951-08-24,Male,Pune,Maharashtra,India,2019-03-21,Active
CUS001424,INS000003,Madhav,Prakash,1980-01-23,Female,Kochi,Kerala,India,2019-02-12,Inactive
CUS001425,INS000003,Laksh,Nazareth,1973-09-05,Male,Kolkata,West Bengal,India,2025-01-18,Active
CUS001426,INS000002,Balvan,Subramanian,1957-11-14,Female,Pune,Maharashtra,India,2024-09-11,Active
CUS001427,INS000004,Bhavini,Rattan,1984-07-02,Female,Ahmedabad,Gujarat,India,2023-04-07,Active
CUS001428,INS000003,Urmi,Mital,1960-05-12,Female,Thane,Maharashtra,India,2024-05-05,Active
CUS001429,INS000005,Liam,Baria,1968-04-19,Male,Lucknow,Uttar Pradesh,India,2024-03-09,Active
CUS001430,INS000002,Upasna,Kaur,1963-03-03,Male,Thane,Maharashtra,India,2022-11-15,Active
CUS001431,INS000002,Saumya,Tripathi,1995-11-07,Female,Jaipur,Rajasthan,India,2021-02-23,Active
CUS001432,INS000005,Abdul,Chokshi,2001-05-06,Female,Mysuru,Karnataka,India,2024-11-28,Active
CUS001433,INS000004,Fariq,Sama,1993-05-09,Other,Bhubaneswar,Odisha,India,2025-05-16,Active
CUS001434,INS000005,Anirudh,Sandhu,1955-04-02,Male,Bhopal,Madhya Pradesh,India,2025-12-03,Active
CUS001435,INS000004,Aahana,Luthra,1984-07-25,Female,Mysuru,Karnataka,India,2020-11-28,Active
CUS001436,INS000005,Tanveer,Rattan,1960-05-22,Male,Bhubaneswar,Odisha,India,2021-09-21,Inactive
CUS001437,INS000005,Mason,Balakrishnan,1959-10-28,Male,Bhopal,Madhya Pradesh,India,2021-02-03,Active
CUS001438,INS000001,Pallavi,Gade,1961-03-31,Male,Indore,Madhya Pradesh,India,2019-09-26,Active
CUS001439,INS000002,Indrajit,Vala,1970-12-03,Male,Chennai,Tamil Nadu,India,2022-02-25,Active
CUS001440,INS000005,Bhavya,Ganesan,1994-05-23,Female,Bhubaneswar,Odisha,India,2018-10-30,Active
CUS001441,INS000005,Wazir,Mital,1981-07-13,Male,Chennai,Tamil Nadu,India,2021-06-18,Active
CUS001442,INS000003,Charvi,Viswanathan,1971-01-21,Female,Chandigarh,Chandigarh,India,2026-06-26,Active
CUS001443,INS000002,Jairaj,Issac,1996-10-04,Male,Lucknow,Uttar Pradesh,India,2025-04-11,Active
CUS001444,INS000003,Champak,Dewan,2004-10-06,Female,Chennai,Tamil Nadu,India,2022-10-16,Active
CUS001445,INS000002,William,De,1974-02-18,Male,Thane,Maharashtra,India,2021-03-26,Active
CUS001446,INS000003,Oni,Nath,1994-07-03,Male,Indore,Madhya Pradesh,India,2025-05-04,Active
CUS001447,INS000005,Tanvi,Bhagat,2007-12-15,Male,Thane,Maharashtra,India,2025-01-06,Active
CUS001448,INS000005,Dev,Chana,1976-07-16,Male,Mumbai,Maharashtra,India,2023-02-16,Active
CUS001449,INS000001,Indrajit,More,1982-08-24,Female,Chennai,Tamil Nadu,India,2024-10-26,Active
CUS001450,INS000003,Xalak,Dhaliwal,1961-07-18,Male,Ahmedabad,Gujarat,India,2020-05-07,Active
CUS001451,INS000004,Amol,Pal,1994-09-16,Female,Jaipur,Rajasthan,India,2022-04-13,Active
CUS001452,INS000001,Yutika,Shanker,2001-09-08,Male,Patna,Bihar,India,2023-01-29,Active
CUS001453,INS000003,Wyatt,Randhawa,1988-01-29,Female,Bhopal,Madhya Pradesh,India,2018-12-30,Active
CUS001454,INS000003,Maanas,Gandhi,1955-11-10,Female,Chennai,Tamil Nadu,India,2020-06-27,Active
CUS001455,INS000001,Bishakha,Sharma,2005-06-16,Male,Chandigarh,Chandigarh,India,2022-03-23,Active
CUS001456,INS000005,Pushti,Acharya,1996-08-03,Male,Delhi,Delhi,India,2020-10-22,Active
CUS001457,INS000003,Aarav,Divan,1964-11-06,Male,Hyderabad,Telangana,India,2025-11-14,Active
CUS001458,INS000005,Ira,Iyer,1966-06-19,Female,Kochi,Kerala,India,2023-01-20,Active
CUS001459,INS000001,Wridesh,Gera,1967-04-11,Male,Surat,Gujarat,India,2026-06-13,Inactive
CUS001460,INS000005,Omaja,Mitra,1983-11-10,Female,Lucknow,Uttar Pradesh,India,2018-11-24,Active
CUS001461,INS000002,Rachit,Mohanty,1985-01-20,Female,Jaipur,Rajasthan,India,2021-02-02,Active
CUS001462,INS000004,Frederick,Buch,1996-04-23,Female,Chandigarh,Chandigarh,India,2025-07-19,Inactive
CUS001463,INS000003,Jalsa,Goyal,1985-09-20,Female,Bhopal,Madhya Pradesh,India,2026-01-12,Active
CUS001464,INS000004,Ekansh,Keer,1988-08-06,Female,Chennai,Tamil Nadu,India,2020-08-22,Active
CUS001465,INS000005,Yashica,Jani,1973-06-23,Male,Kochi,Kerala,India,2018-11-22,Active
CUS001466,INS000003,Yashica,Sarkar,1998-10-29,Female,Lucknow,Uttar Pradesh,India,2024-08-30,Active
CUS001467,INS000005,Anmol,Chana,1976-04-26,Female,Delhi,Delhi,India,2025-09-17,Active
CUS001468,INS000002,Madhavi,Konda,1958-05-24,Male,Jaipur,Rajasthan,India,2026-04-22,Active
CUS001469,INS000001,Upma,Dube,1973-09-18,Female,Chandigarh,Chandigarh,India,2022-12-08,Active
CUS001470,INS000003,Caleb,Prasad,1965-10-24,Male,Indore,Madhya Pradesh,India,2021-06-21,Active
CUS001471,INS000002,Lila,Ahluwalia,1998-10-20,Female,Chandigarh,Chandigarh,India,2023-12-10,Active
CUS001472,INS000002,Kashvi,Sood,1970-06-23,Female,Patna,Bihar,India,2023-02-27,Inactive
CUS001473,INS000003,Zehaan,Dutta,1999-04-10,Male,Surat,Gujarat,India,2024-05-29,Active
CUS001474,INS000005,Amol,Padmanabhan,2006-06-13,Female,Bhubaneswar,Odisha,India,2026-03-31,Active
CUS001475,INS000002,Ishanvi,Chaudhry,1971-07-23,Male,Patna,Bihar,India,2022-04-06,Active
CUS001476,INS000004,Ekansh,Sinha,1961-11-12,Male,Mumbai,Maharashtra,India,2020-01-12,Active
CUS001477,INS000002,Hemani,Ramesh,1954-06-22,Male,Nagpur,Maharashtra,India,2024-10-18,Active
CUS001478,INS000005,Wridesh,Kala,1999-02-01,Female,Hyderabad,Telangana,India,2020-06-04,Active
CUS001479,INS000005,Hemang,Sodhi,1988-02-17,Male,Mumbai,Maharashtra,India,2023-10-27,Active
CUS001480,INS000004,Gaurangi,Puri,1951-09-09,Male,Chennai,Tamil Nadu,India,2019-01-08,Active
CUS001481,INS000002,Kiaan,Sheth,1964-01-13,Female,Bhopal,Madhya Pradesh,India,2019-03-04,Active
CUS001482,INS000005,Chaitanya,Kibe,1954-12-11,Male,Chennai,Tamil Nadu,India,2023-01-11,Active
CUS001483,INS000003,Indira,Char,1993-05-14,Male,Bengaluru,Karnataka,India,2022-02-06,Active
CUS001484,INS000001,Hamsini,Ram,1955-07-01,Male,Mumbai,Maharashtra,India,2025-04-29,Active
CUS001485,INS000001,Parth,Dave,1963-05-04,Male,Lucknow,Uttar Pradesh,India,2020-09-30,Active
CUS001486,INS000001,Ucchal,Nadkarni,1972-02-08,Male,Nagpur,Maharashtra,India,2024-01-04,Active
CUS001487,INS000002,Varenya,Deol,1962-03-31,Male,Hyderabad,Telangana,India,2019-08-20,Active
CUS001488,INS000004,Qabil,Ratta,1986-07-07,Other,Kochi,Kerala,India,2023-03-24,Inactive
CUS001489,INS000005,Krishna,Narain,1958-05-26,Female,Jaipur,Rajasthan,India,2025-03-16,Active
CUS001490,INS000003,Dev,Mandal,1967-11-17,Male,Thane,Maharashtra,India,2022-03-11,Active
CUS001491,INS000003,Tanvi,Samra,1977-06-30,Male,Chandigarh,Chandigarh,India,2018-09-30,Active
CUS001492,INS000002,Balhaar,Ramesh,1955-08-21,Male,Patna,Bihar,India,2020-04-21,Active
CUS001493,INS000001,Chaaya,Walla,1984-12-06,Female,Chennai,Tamil Nadu,India,2020-10-30,Active
CUS001494,INS000002,Saksham,Bora,1972-10-10,Male,Pune,Maharashtra,India,2018-12-20,Active
CUS001495,INS000004,Caleb,Palan,1950-12-08,Male,Mysuru,Karnataka,India,2025-04-11,Active
CUS001496,INS000004,Ryan,Suresh,1953-04-24,Female,Hyderabad,Telangana,India,2020-10-07,Active
CUS001497,INS000005,Benjamin,Bala,2006-07-30,Male,Hyderabad,Telangana,India,2024-07-25,Active
CUS001498,INS000005,Diya,Kapadia,2004-08-23,Male,Kolkata,West Bengal,India,2022-10-29,Active
CUS001499,INS000004,Dayita,Gokhale,1958-12-05,Female,Mumbai,Maharashtra,India,2020-05-18,Active
CUS001500,INS000004,Yutika,Keer,1978-10-12,Female,Chennai,Tamil Nadu,India,2021-06-24,Active
CUS001501,INS000004,Mitali,Pillay,1952-10-05,Male,Kolkata,West Bengal,India,2025-05-22,Active
CUS001502,INS000002,Urvashi,Pathak,1973-10-19,Female,Chandigarh,Chandigarh,India,2020-11-02,Active
CUS001503,INS000004,Zehaan,Oak,1973-10-24,Male,Bhubaneswar,Odisha,India,2022-11-11,Active
CUS001504,INS000003,Balhaar,Thaker,2004-02-29,Female,Bhopal,Madhya Pradesh,India,2025-11-19,Active
CUS001505,INS000001,Rayaan,Agarwal,1994-01-03,Female,Kolkata,West Bengal,India,2021-10-15,Active
CUS001506,INS000004,Bhavika,Rao,1998-10-18,Female,Indore,Madhya Pradesh,India,2023-08-02,Active
CUS001507,INS000001,Ishanvi,Brahmbhatt,1953-10-13,Female,Lucknow,Uttar Pradesh,India,2019-03-25,Active
CUS001508,INS000002,Champak,Karpe,2007-03-10,Female,Delhi,Delhi,India,2024-05-06,Active
CUS001509,INS000001,Garima,Devi,2001-01-29,Female,Jaipur,Rajasthan,India,2021-12-13,Active
CUS001510,INS000002,Anjali,Tata,1973-04-10,Female,Thane,Maharashtra,India,2026-04-30,Active
CUS001511,INS000003,Jeet,Guha,1963-04-08,Male,Ahmedabad,Gujarat,India,2026-03-18,Active
CUS001512,INS000002,Jhalak,Basu,1981-02-03,Male,Kochi,Kerala,India,2024-02-25,Active
CUS001513,INS000002,Rajeshri,Kakar,2005-02-01,Female,Hyderabad,Telangana,India,2020-11-10,Inactive
CUS001514,INS000005,Mugdha,Mittal,1951-03-14,Female,Delhi,Delhi,India,2026-07-11,Active
CUS001515,INS000004,Ria,Saran,1983-10-21,Male,Surat,Gujarat,India,2019-03-31,Active
CUS001516,INS000004,Libni,Chander,1963-11-03,Female,Thane,Maharashtra,India,2020-07-03,Active
CUS001517,INS000003,Harinakshi,Nori,1960-08-29,Female,Bhubaneswar,Odisha,India,2023-02-27,Active
CUS001518,INS000003,Rachit,Rajagopalan,1966-05-05,Other,Pune,Maharashtra,India,2018-11-18,Active
CUS001519,INS000004,Watika,Gole,1955-10-30,Female,Bhopal,Madhya Pradesh,India,2023-06-02,Active
CUS001520,INS000005,Widisha,Sandal,1998-07-09,Male,Pune,Maharashtra,India,2023-09-30,Active
CUS001521,INS000004,Jhalak,Dora,1988-10-28,Male,Indore,Madhya Pradesh,India,2024-08-28,Active
CUS001522,INS000005,Zilmil,Mane,2000-04-30,Male,Bhopal,Madhya Pradesh,India,2018-12-09,Active
CUS001523,INS000003,Amara,Mukhopadhyay,1989-08-26,Male,Surat,Gujarat,India,2021-09-26,Active
CUS001524,INS000001,Fitan,Ram,1962-07-11,Female,Nagpur,Maharashtra,India,2022-04-24,Active
CUS001525,INS000003,Panini,Srivastava,2000-11-27,Female,Delhi,Delhi,India,2020-05-28,Inactive
CUS001526,INS000003,Farhan,Banerjee,1962-02-05,Female,Bhopal,Madhya Pradesh,India,2019-09-18,Active
CUS001527,INS000002,Qushi,Lal,1974-05-27,Female,Jaipur,Rajasthan,India,2020-10-06,Active
CUS001528,INS000002,Pranit,Sama,1951-04-28,Male,Surat,Gujarat,India,2026-04-23,Inactive
CUS001529,INS000002,Chaaya,Gola,2004-12-09,Male,Indore,Madhya Pradesh,India,2020-04-11,Active
CUS001530,INS000002,Ekani,Gade,1986-05-26,Male,Nagpur,Maharashtra,India,2019-04-25,Active
CUS001531,INS000005,Harshil,Rao,1967-01-08,Male,Thane,Maharashtra,India,2020-07-26,Active
CUS001532,INS000004,Fariq,Varughese,1956-01-02,Female,Ahmedabad,Gujarat,India,2026-03-25,Inactive
CUS001533,INS000001,Falak,Cherian,1975-11-06,Male,Mysuru,Karnataka,India,2022-09-30,Inactive
CUS001534,INS000003,Chakrika,Shroff,1958-07-23,Male,Jaipur,Rajasthan,India,2025-09-04,Active
CUS001535,INS000005,Damini,Butala,1962-03-16,Male,Mumbai,Maharashtra,India,2022-05-24,Active
CUS001536,INS000001,Sanaya,Pal,1956-05-08,Female,Kochi,Kerala,India,2024-04-05,Active
CUS001537,INS000005,Pooja,Chaudhuri,1970-11-03,Male,Surat,Gujarat,India,2022-05-10,Active
CUS001538,INS000005,Ojas,Ravel,2002-10-18,Female,Patna,Bihar,India,2025-10-06,Active
CUS001539,INS000003,Sachi,Arora,1967-04-16,Male,Kolkata,West Bengal,India,2022-01-22,Inactive
CUS001540,INS000004,Indali,Dyal,2003-09-11,Female,Ahmedabad,Gujarat,India,2025-04-19,Active
CUS001541,INS000002,Sanya,Nagar,1962-01-02,Male,Bhubaneswar,Odisha,India,2022-08-28,Active
CUS001542,INS000004,Brijesh,Dave,1960-12-18,Female,Nagpur,Maharashtra,India,2022-07-31,Active
CUS001543,INS000003,Ira,Tripathi,1977-11-08,Female,Thane,Maharashtra,India,2021-08-04,Active
CUS001544,INS000003,Radhika,Rajagopalan,2002-07-01,Female,Mysuru,Karnataka,India,2021-01-07,Active
CUS001545,INS000003,Anvi,Sha,1980-12-15,Female,Ahmedabad,Gujarat,India,2022-07-18,Active
CUS001546,INS000001,Dakshesh,Apte,1978-03-30,Male,Surat,Gujarat,India,2018-12-16,Active
CUS001547,INS000004,Falan,Sunder,1974-12-22,Male,Ahmedabad,Gujarat,India,2025-01-03,Active
CUS001548,INS000004,Nidra,Ratti,2003-11-18,Male,Bhopal,Madhya Pradesh,India,2023-02-24,Active
CUS001549,INS000005,Januja,Sami,1952-06-08,Female,Surat,Gujarat,India,2020-08-22,Active
CUS001550,INS000005,Yochana,Bhagat,2000-05-27,Male,Mysuru,Karnataka,India,2019-07-18,Inactive
CUS001551,INS000005,Nathaniel,Mitter,1962-09-09,Male,Indore,Madhya Pradesh,India,2021-08-08,Active
CUS001552,INS000003,Azaan,Sandal,1965-02-27,Female,Bhopal,Madhya Pradesh,India,2023-06-25,Active
CUS001553,INS000004,Luke,Kuruvilla,1967-07-22,Female,Delhi,Delhi,India,2022-09-19,Active
CUS001554,INS000003,Raksha,D’Alia,1986-10-10,Male,Chandigarh,Chandigarh,India,2026-06-22,Inactive
CUS001555,INS000001,Bakhshi,Seshadri,1953-03-18,Female,Hyderabad,Telangana,India,2024-12-07,Active
CUS001556,INS000005,Jonathan,Thakkar,1966-09-10,Female,Nagpur,Maharashtra,India,2025-07-24,Active
CUS001557,INS000003,Ekalinga,Pradhan,1975-06-17,Male,Surat,Gujarat,India,2023-08-23,Active
CUS001558,INS000003,Warinder,Solanki,1954-08-18,Male,Kochi,Kerala,India,2021-11-03,Active
CUS001559,INS000001,Jeevika,Nayak,1969-08-12,Female,Bhopal,Madhya Pradesh,India,2018-12-14,Active
CUS001560,INS000002,Janaki,Warrior,1970-05-01,Female,Kochi,Kerala,India,2022-01-28,Active
CUS001561,INS000004,Leela,Patla,1980-04-10,Male,Chandigarh,Chandigarh,India,2021-12-25,Active
CUS001562,INS000002,Bachittar,Choudhury,1976-03-14,Male,Kolkata,West Bengal,India,2021-04-23,Active
CUS001563,INS000005,Mitesh,Gola,2008-06-26,Female,Pune,Maharashtra,India,2025-12-11,Active
CUS001564,INS000003,Shivani,Samra,1999-01-31,Female,Ahmedabad,Gujarat,India,2021-11-28,Active
CUS001565,INS000001,Kamala,Wali,1979-04-12,Female,Thane,Maharashtra,India,2026-06-09,Active
CUS001566,INS000001,Kamya,Rajagopal,1986-04-20,Male,Nagpur,Maharashtra,India,2022-02-12,Active
CUS001567,INS000004,Sachi,Buch,1961-07-20,Male,Jaipur,Rajasthan,India,2023-06-05,Active
CUS001568,INS000002,Faraj,Doctor,1967-12-27,Female,Lucknow,Uttar Pradesh,India,2020-06-12,Active
CUS001569,INS000004,Laksh,Amble,1961-03-14,Male,Chandigarh,Chandigarh,India,2019-09-12,Active
CUS001570,INS000003,Jeevika,Nazareth,2001-10-08,Other,Chennai,Tamil Nadu,India,2023-07-19,Inactive
CUS001571,INS000004,Mitali,Kuruvilla,1967-04-01,Female,Patna,Bihar,India,2024-09-23,Active
CUS001572,INS000001,Dipta,Hora,1963-04-25,Male,Bengaluru,Karnataka,India,2024-12-28,Active
CUS001573,INS000001,Arya,Varma,1968-06-11,Female,Pune,Maharashtra,India,2023-07-04,Active
CUS001574,INS000005,Zaid,Sha,1995-05-08,Male,Ahmedabad,Gujarat,India,2018-12-06,Active
CUS001575,INS000005,Ishaan,Saran,1955-02-10,Female,Kochi,Kerala,India,2023-09-25,Active
CUS001576,INS000003,Atharv,Bava,1979-05-20,Male,Mumbai,Maharashtra,India,2026-01-21,Active
CUS001577,INS000002,Quincy,Shetty,1963-04-22,Male,Chandigarh,Chandigarh,India,2025-08-06,Active
CUS001578,INS000004,Xalak,Manda,1970-08-19,Female,Nagpur,Maharashtra,India,2023-03-02,Active
CUS001579,INS000003,Zarna,Baral,1995-11-23,Female,Bhopal,Madhya Pradesh,India,2020-04-08,Active
CUS001580,INS000005,Lila,Dara,1996-10-11,Male,Surat,Gujarat,India,2021-08-16,Active
CUS001581,INS000004,Jacob,Suri,1979-08-29,Female,Pune,Maharashtra,India,2018-10-10,Active
CUS001582,INS000005,Adweta,Sharma,1973-02-23,Male,Mysuru,Karnataka,India,2024-11-16,Inactive
CUS001583,INS000004,Abha,Peri,1965-06-03,Male,Bhubaneswar,Odisha,India,2026-01-02,Active
CUS001584,INS000002,Sanaya,Bedi,1983-09-05,Male,Ahmedabad,Gujarat,India,2024-02-07,Active
CUS001585,INS000003,Tanish,Pingle,2008-06-14,Male,Bhubaneswar,Odisha,India,2021-10-11,Active
CUS001586,INS000004,Bhavika,Krishnan,1960-03-14,Male,Bhubaneswar,Odisha,India,2019-06-30,Inactive
CUS001587,INS000001,Vritti,Sandal,2001-04-20,Male,Ahmedabad,Gujarat,India,2021-07-27,Active
CUS001588,INS000001,Ryan,Nazareth,1995-06-02,Male,Thane,Maharashtra,India,2022-02-08,Active
CUS001589,INS000004,Jason,Minhas,1972-01-17,Male,Mysuru,Karnataka,India,2023-09-27,Active
CUS001590,INS000004,Krishna,Bajwa,1963-09-03,Male,Mysuru,Karnataka,India,2026-07-22,Active
CUS001591,INS000004,Ethan,Loke,1999-06-11,Female,Bhopal,Madhya Pradesh,India,2026-06-23,Active
CUS001592,INS000001,Siya,Gola,1958-07-15,Male,Kolkata,West Bengal,India,2025-07-16,Active
CUS001593,INS000001,Orinder,Memon,1983-01-18,Female,Kolkata,West Bengal,India,2025-04-26,Active
CUS001594,INS000004,Sai,Parikh,1953-01-02,Female,Hyderabad,Telangana,India,2024-07-09,Active
CUS001595,INS000005,Gagan,Sahni,1990-07-08,Female,Ahmedabad,Gujarat,India,2025-07-09,Active
CUS001596,INS000005,Ekaja,Badal,1960-08-19,Female,Patna,Bihar,India,2022-11-18,Inactive
CUS001597,INS000002,Idika,Sekhon,1980-07-06,Female,Mumbai,Maharashtra,India,2022-03-13,Active
CUS001598,INS000003,Dhruv,Nair,1993-03-03,Male,Chandigarh,Chandigarh,India,2022-10-18,Active
CUS001599,INS000005,Bina,Mishra,1966-01-15,Female,Kolkata,West Bengal,India,2023-12-30,Active
CUS001600,INS000001,Charita,Banik,1988-06-19,Female,Chennai,Tamil Nadu,India,2022-03-21,Active
CUS001601,INS000005,Nakul,Choudhury,2007-05-26,Female,Ahmedabad,Gujarat,India,2022-05-04,Active
CUS001602,INS000002,Owen,Parikh,1950-10-15,Female,Mumbai,Maharashtra,India,2022-12-31,Active
CUS001603,INS000002,Janaki,Bansal,1970-04-04,Male,Ahmedabad,Gujarat,India,2021-03-05,Active
CUS001604,INS000003,Yashoda,Wali,1979-08-26,Female,Chandigarh,Chandigarh,India,2025-08-23,Active
CUS001605,INS000005,Udarsh,Randhawa,1970-02-27,Female,Delhi,Delhi,India,2018-10-09,Active
CUS001606,INS000001,Jairaj,Kothari,2001-12-20,Male,Chandigarh,Chandigarh,India,2020-11-17,Active
CUS001607,INS000001,Sai,Gill,1978-07-17,Male,Nagpur,Maharashtra,India,2021-10-29,Active
CUS001608,INS000004,Liam,Chad,2005-05-01,Female,Indore,Madhya Pradesh,India,2019-07-13,Active
CUS001609,INS000001,Warjas,Warrior,1960-09-18,Female,Kochi,Kerala,India,2019-10-10,Active
CUS001610,INS000003,Wakeeta,Chandra,1973-04-08,Female,Chandigarh,Chandigarh,India,2020-08-11,Active
CUS001611,INS000003,Atharv,Date,1966-10-03,Female,Patna,Bihar,India,2021-11-29,Active
CUS001612,INS000001,Jalsa,Dhillon,1969-03-27,Male,Ahmedabad,Gujarat,India,2021-01-07,Active
CUS001613,INS000001,Jyoti,Tak,1984-10-26,Male,Mumbai,Maharashtra,India,2021-08-16,Inactive
CUS001614,INS000004,Unni,Sankar,1951-07-13,Male,Thane,Maharashtra,India,2022-01-27,Active
CUS001615,INS000001,Kai,Maharaj,1996-11-21,Male,Chandigarh,Chandigarh,India,2020-05-15,Active
CUS001616,INS000004,Gabriel,Pai,1984-05-01,Male,Mumbai,Maharashtra,India,2021-09-07,Active
CUS001617,INS000004,Dominic,Shanker,1963-05-20,Male,Thane,Maharashtra,India,2024-08-17,Active
CUS001618,INS000001,Dayamai,Kohli,1981-07-20,Female,Kochi,Kerala,India,2021-09-22,Active
CUS001619,INS000002,Mitali,Viswanathan,1965-10-15,Female,Kochi,Kerala,India,2026-05-27,Active
CUS001620,INS000002,Varenya,Shanker,1975-05-22,Male,Kolkata,West Bengal,India,2023-01-06,Active
CUS001621,INS000004,Nirja,Baria,1968-04-10,Male,Mumbai,Maharashtra,India,2024-08-23,Active
CUS001622,INS000001,Nimrat,Bose,1999-09-11,Male,Lucknow,Uttar Pradesh,India,2020-04-09,Active
CUS001623,INS000002,Ethan,Narain,1987-06-09,Female,Chandigarh,Chandigarh,India,2023-07-21,Active
CUS001624,INS000001,Jeremiah,Pradhan,1993-05-08,Male,Hyderabad,Telangana,India,2024-12-20,Active
CUS001625,INS000001,Edhitha,Barad,1967-08-18,Male,Indore,Madhya Pradesh,India,2025-02-01,Active
CUS001626,INS000001,Ethan,Din,1977-01-10,Female,Chandigarh,Chandigarh,India,2025-09-04,Active
CUS001627,INS000005,Shivani,Chaudhuri,2006-01-22,Female,Mumbai,Maharashtra,India,2020-04-14,Active
CUS001628,INS000001,Unnati,Raja,1980-11-28,Male,Lucknow,Uttar Pradesh,India,2019-01-24,Active
CUS001629,INS000005,Zansi,Vala,1966-08-06,Male,Chandigarh,Chandigarh,India,2020-11-15,Inactive
CUS001630,INS000004,Hemangini,Brar,1977-02-09,Male,Lucknow,Uttar Pradesh,India,2024-08-23,Active
CUS001631,INS000002,Kabir,Nazareth,1973-07-31,Female,Bhubaneswar,Odisha,India,2019-05-17,Active
CUS001632,INS000002,Qabil,Mittal,1972-05-12,Female,Mysuru,Karnataka,India,2020-06-12,Active
CUS001633,INS000002,Kai,Sami,1982-01-19,Male,Mysuru,Karnataka,India,2023-05-11,Active
CUS001634,INS000002,Rachita,Rattan,1976-10-12,Female,Mumbai,Maharashtra,India,2026-05-17,Active
CUS001635,INS000002,Yadavi,Bains,1988-05-28,Male,Indore,Madhya Pradesh,India,2023-03-02,Active
CUS001636,INS000002,Christopher,Gour,2000-04-04,Male,Patna,Bihar,India,2025-02-13,Active
CUS001637,INS000002,Jeet,Kurian,2001-07-21,Male,Kolkata,West Bengal,India,2025-10-30,Active
CUS001638,INS000004,Zarna,Buch,1965-06-21,Female,Jaipur,Rajasthan,India,2021-01-07,Inactive
CUS001639,INS000001,Michael,Sant,1974-08-14,Male,Patna,Bihar,India,2022-11-24,Active
CUS001640,INS000003,Daksha,Dada,1977-09-15,Male,Surat,Gujarat,India,2023-02-07,Active
CUS001641,INS000005,Nitesh,Handa,1990-01-03,Male,Kochi,Kerala,India,2024-05-01,Active
CUS001642,INS000003,Neel,Lal,1973-02-01,Male,Chandigarh,Chandigarh,India,2020-04-26,Active
CUS001643,INS000003,Ekantika,Mitter,1964-02-29,Female,Delhi,Delhi,India,2024-05-20,Active
CUS001644,INS000001,Umang,Varkey,1982-09-13,Male,Patna,Bihar,India,2025-12-03,Active
CUS001645,INS000001,Hiral,Zacharia,1997-07-13,Male,Jaipur,Rajasthan,India,2019-05-05,Active
CUS001646,INS000001,Zilmil,Kohli,2006-07-21,Female,Bhopal,Madhya Pradesh,India,2020-06-15,Inactive
CUS001647,INS000002,Bhanumati,Bawa,1954-06-30,Female,Thane,Maharashtra,India,2021-04-13,Active
CUS001648,INS000004,Farhan,Prasad,1988-10-30,Female,Mumbai,Maharashtra,India,2022-03-07,Active
CUS001649,INS000002,Zashil,Solanki,2001-10-09,Female,Mumbai,Maharashtra,India,2024-03-19,Active
CUS001650,INS000004,Ronith,Kale,1955-08-27,Male,Mysuru,Karnataka,India,2025-02-04,Active
CUS001651,INS000004,Anvi,Sarkar,1972-03-22,Female,Bhubaneswar,Odisha,India,2024-07-22,Active
CUS001652,INS000003,Jeremiah,Maharaj,1980-08-13,Female,Nagpur,Maharashtra,India,2024-07-09,Active
CUS001653,INS000003,Chavvi,Grewal,1985-12-02,Male,Kolkata,West Bengal,India,2023-08-22,Active
CUS001654,INS000004,Girik,Malhotra,1952-07-18,Female,Jaipur,Rajasthan,India,2024-04-07,Active
CUS001655,INS000004,Yadavi,Thaker,1954-01-26,Male,Chennai,Tamil Nadu,India,2021-05-18,Active
CUS001656,INS000002,Om,Bath,1976-11-11,Other,Chandigarh,Chandigarh,India,2018-08-27,Active
CUS001657,INS000002,Mitesh,Rastogi,2004-03-22,Female,Hyderabad,Telangana,India,2020-01-12,Active
CUS001658,INS000003,Onveer,Golla,1960-04-13,Female,Hyderabad,Telangana,India,2019-08-22,Active
CUS001659,INS000001,Geetika,Mane,1999-07-03,Female,Hyderabad,Telangana,India,2025-04-06,Active
CUS001660,INS000004,Benjamin,Mahajan,1951-03-31,Female,Kochi,Kerala,India,2023-07-27,Active
CUS001661,INS000002,Ayush,Ahluwalia,1980-08-03,Male,Patna,Bihar,India,2023-07-21,Active
CUS001662,INS000003,Finn,Ray,1970-01-01,Male,Bhubaneswar,Odisha,India,2025-09-14,Active
CUS001663,INS000002,Chakradev,Johal,1991-01-21,Male,Chandigarh,Chandigarh,India,2019-02-22,Active
CUS001664,INS000004,Alka,Bahl,1988-04-16,Male,Bhubaneswar,Odisha,India,2020-04-10,Active
CUS001665,INS000004,Shivansh,Sachdeva,1999-03-09,Female,Patna,Bihar,India,2018-09-19,Active
CUS001666,INS000005,Omaja,Dayal,1972-12-07,Male,Mysuru,Karnataka,India,2020-11-20,Active
CUS001667,INS000001,Azaan,Maharaj,1967-06-04,Male,Indore,Madhya Pradesh,India,2025-09-01,Active
CUS001668,INS000005,Widisha,Loke,1964-04-19,Female,Thane,Maharashtra,India,2025-08-29,Active
CUS001669,INS000003,Bimala,Shere,1974-06-29,Female,Pune,Maharashtra,India,2024-04-22,Active
CUS001670,INS000002,Chasmum,Nadkarni,2001-10-10,Male,Lucknow,Uttar Pradesh,India,2023-11-24,Active
CUS001671,INS000003,Vasudha,Chatterjee,1952-07-12,Male,Chandigarh,Chandigarh,India,2025-09-17,Active
CUS001672,INS000004,Yash,Kant,2002-10-08,Male,Delhi,Delhi,India,2018-12-30,Active
CUS001673,INS000005,Nidra,Kar,1963-10-26,Female,Bhubaneswar,Odisha,India,2024-05-23,Active
CUS001674,INS000005,Chameli,Badami,1964-12-25,Male,Patna,Bihar,India,2022-05-19,Inactive
CUS001675,INS000005,Sudiksha,Nair,1966-02-01,Female,Delhi,Delhi,India,2020-12-21,Active
CUS001676,INS000003,Elijah,Kant,1975-03-29,Male,Thane,Maharashtra,India,2023-09-16,Active
CUS001677,INS000004,Darpan,Bhatt,1980-02-19,Male,Nagpur,Maharashtra,India,2026-01-01,Active
CUS001678,INS000002,Nakul,Mani,1962-11-08,Female,Mysuru,Karnataka,India,2019-04-01,Active
CUS001679,INS000002,Ria,Sharma,1973-08-03,Male,Jaipur,Rajasthan,India,2020-05-28,Active
CUS001680,INS000003,Ojasvi,Salvi,1987-12-28,Male,Nagpur,Maharashtra,India,2019-11-05,Active
CUS001681,INS000005,Veda,Narasimhan,1989-03-22,Male,Jaipur,Rajasthan,India,2019-09-04,Active
CUS001682,INS000001,Ucchal,Ramachandran,1951-11-22,Female,Nagpur,Maharashtra,India,2025-08-02,Active
CUS001683,INS000003,Samar,Soni,1974-01-24,Female,Pune,Maharashtra,India,2021-11-22,Active
CUS001684,INS000003,Harini,Arora,1991-04-02,Male,Jaipur,Rajasthan,India,2021-12-24,Active
CUS001685,INS000004,Maanas,Oza,2002-02-01,Male,Kolkata,West Bengal,India,2021-02-05,Active
CUS001686,INS000002,Dhriti,Oak,1957-07-29,Male,Indore,Madhya Pradesh,India,2020-07-07,Active
CUS001687,INS000003,Eiravati,Nagarajan,2004-09-18,Female,Nagpur,Maharashtra,India,2025-04-27,Inactive
CUS001688,INS000003,Hemani,Pal,1961-03-20,Female,Chennai,Tamil Nadu,India,2024-10-14,Active
CUS001689,INS000005,Mohini,Saxena,1961-03-28,Female,Bengaluru,Karnataka,India,2023-02-02,Active
CUS001690,INS000005,Kalpit,Doshi,1974-05-26,Female,Kochi,Kerala,India,2019-04-20,Active
CUS001691,INS000001,Kamala,Shere,2000-05-05,Male,Lucknow,Uttar Pradesh,India,2022-12-28,Active
CUS001692,INS000004,Yutika,Tara,2003-06-15,Male,Delhi,Delhi,India,2024-02-07,Active
CUS001693,INS000001,Hitesh,Kade,1987-11-10,Male,Surat,Gujarat,India,2024-04-25,Active
CUS001694,INS000005,Eiravati,Walia,1995-08-13,Male,Surat,Gujarat,India,2020-05-06,Active
CUS001695,INS000002,Wyatt,Garde,1986-03-26,Male,Mysuru,Karnataka,India,2020-08-06,Active
CUS001696,INS000005,Unnati,Ramakrishnan,1995-04-29,Female,Indore,Madhya Pradesh,India,2020-03-07,Active
CUS001697,INS000004,Jason,Kumer,1976-10-28,Female,Nagpur,Maharashtra,India,2020-06-25,Active
CUS001698,INS000005,Amara,Rau,1988-02-17,Female,Ahmedabad,Gujarat,India,2022-01-26,Active
CUS001699,INS000004,Shivani,Bali,1975-08-05,Male,Surat,Gujarat,India,2022-04-01,Active
CUS001700,INS000004,Yug,Brar,1963-03-31,Female,Bengaluru,Karnataka,India,2024-09-25,Active
CUS001701,INS000004,Lohit,Sur,1994-09-05,Female,Surat,Gujarat,India,2026-05-16,Active
CUS001702,INS000004,Gunbir,Pai,1989-10-28,Female,Indore,Madhya Pradesh,India,2026-02-26,Inactive
CUS001703,INS000004,Chandresh,Chacko,1997-06-26,Male,Delhi,Delhi,India,2021-11-02,Active
CUS001704,INS000002,Bina,Johal,1953-04-23,Male,Mysuru,Karnataka,India,2020-12-29,Active
CUS001705,INS000001,Leena,Wagle,1977-11-26,Male,Hyderabad,Telangana,India,2026-02-19,Active
CUS001706,INS000003,Omya,Pingle,1962-07-04,Male,Jaipur,Rajasthan,India,2020-11-14,Active
CUS001707,INS000001,Yuvraj,Modi,1974-08-27,Female,Kolkata,West Bengal,India,2023-12-27,Active
CUS001708,INS000004,Nathaniel,Manne,1968-04-09,Male,Bhopal,Madhya Pradesh,India,2019-03-19,Active
CUS001709,INS000002,Falak,Murty,1997-10-07,Male,Ahmedabad,Gujarat,India,2020-11-28,Active
CUS001710,INS000005,Dhriti,Seth,1990-12-28,Female,Chennai,Tamil Nadu,India,2021-07-08,Active
CUS001711,INS000002,Ranveer,Sibal,1990-10-30,Female,Indore,Madhya Pradesh,India,2025-10-26,Active
CUS001712,INS000004,Nathaniel,Balan,2000-12-21,Male,Thane,Maharashtra,India,2019-04-19,Active
CUS001713,INS000002,Wishi,Dugal,1979-10-26,Female,Bengaluru,Karnataka,India,2023-12-16,Active
CUS001714,INS000002,Yutika,Ganesan,1978-07-14,Male,Kolkata,West Bengal,India,2021-02-26,Active
CUS001715,INS000004,Unni,Pandey,1973-10-15,Male,Patna,Bihar,India,2019-06-18,Active
CUS001716,INS000002,Wishi,Sankar,1993-08-18,Male,Indore,Madhya Pradesh,India,2019-06-28,Active
CUS001717,INS000003,Darika,Sagar,1968-11-12,Female,Kochi,Kerala,India,2019-03-14,Active
CUS001718,INS000003,Widisha,Bajaj,2008-04-08,Female,Delhi,Delhi,India,2021-10-13,Active
CUS001719,INS000002,Arin,Mander,1969-04-25,Male,Patna,Bihar,India,2026-03-31,Active
CUS001720,INS000005,Gautam,Swaminathan,1951-11-15,Female,Chennai,Tamil Nadu,India,2023-06-03,Active
CUS001721,INS000004,Maya,Keer,1989-07-03,Male,Jaipur,Rajasthan,India,2023-11-22,Inactive
CUS001722,INS000003,Yashasvi,Prashad,1968-02-27,Female,Bhubaneswar,Odisha,India,2019-10-23,Active
CUS001723,INS000005,Tanvi,Yogi,1958-08-10,Male,Chandigarh,Chandigarh,India,2026-03-15,Active
CUS001724,INS000002,Wridesh,Deep,1998-08-26,Male,Pune,Maharashtra,India,2024-12-11,Active
CUS001725,INS000005,Tanveer,Radhakrishnan,1990-11-18,Female,Ahmedabad,Gujarat,India,2020-01-28,Inactive
CUS001726,INS000001,Ira,Dasgupta,1954-01-02,Female,Ahmedabad,Gujarat,India,2026-01-17,Active
CUS001727,INS000003,Chanakya,Chatterjee,1988-03-07,Male,Kochi,Kerala,India,2019-02-09,Active
CUS001728,INS000002,Chandresh,Randhawa,1983-02-21,Male,Lucknow,Uttar Pradesh,India,2023-07-25,Active
CUS001729,INS000004,Baghyawati,Kamdar,1994-12-21,Male,Delhi,Delhi,India,2024-07-18,Active
CUS001730,INS000002,Warda,Kakar,1994-12-18,Male,Kolkata,West Bengal,India,2023-03-28,Active
CUS001731,INS000004,Upma,Choudhry,1982-03-20,Female,Bengaluru,Karnataka,India,2025-11-22,Active
CUS001732,INS000002,Bhavika,Mann,1973-11-20,Other,Mysuru,Karnataka,India,2021-05-06,Active
CUS001733,INS000005,Abhiram,Gokhale,1992-07-20,Male,Bengaluru,Karnataka,India,2024-01-05,Active
CUS001734,INS000005,Hritik,Dutt,1952-04-29,Male,Mumbai,Maharashtra,India,2026-07-09,Active
CUS001735,INS000005,Raagini,Rattan,1973-04-07,Female,Patna,Bihar,India,2020-04-13,Active
CUS001736,INS000001,Krish,Rege,1961-06-08,Male,Chennai,Tamil Nadu,India,2023-10-18,Active
CUS001737,INS000004,Aishani,Pandey,1954-02-24,Female,Bhopal,Madhya Pradesh,India,2018-12-08,Active
CUS001738,INS000005,Jasmit,Kalla,1954-08-24,Male,Delhi,Delhi,India,2025-11-08,Active
CUS001739,INS000001,Neha,Sahota,1994-11-09,Female,Delhi,Delhi,India,2018-11-29,Active
CUS001740,INS000004,Jasmit,Mallick,1984-02-13,Female,Thane,Maharashtra,India,2024-01-15,Active
CUS001741,INS000002,Chakradev,Nagarajan,2006-05-29,Female,Chennai,Tamil Nadu,India,2023-05-24,Active
CUS001742,INS000001,Nandini,Patil,2002-08-03,Female,Chennai,Tamil Nadu,India,2022-09-29,Active
CUS001743,INS000003,Charan,Cherian,1951-06-18,Male,Thane,Maharashtra,India,2019-03-15,Active
CUS001744,INS000001,Robert,Nadkarni,1961-09-19,Female,Surat,Gujarat,India,2018-08-28,Active
CUS001745,INS000001,Janani,Thakkar,1997-07-23,Female,Bhubaneswar,Odisha,India,2019-11-13,Active
CUS001746,INS000004,Bhavya,Wason,1984-04-26,Male,Kochi,Kerala,India,2019-10-14,Inactive
CUS001747,INS000002,Ethan,Walia,1995-01-27,Male,Patna,Bihar,India,2024-12-24,Active
CUS001748,INS000003,Libni,Ramanathan,1980-02-14,Male,Thane,Maharashtra,India,2023-10-31,Active
CUS001749,INS000005,Yamini,Kar,1986-04-24,Male,Chandigarh,Chandigarh,India,2025-08-27,Active
CUS001750,INS000005,Shravya,Raval,1989-08-18,Male,Kochi,Kerala,India,2023-12-25,Active
CUS001751,INS000001,Ati,Talwar,1983-06-20,Female,Delhi,Delhi,India,2025-02-19,Active
CUS001752,INS000004,Jagat,Shetty,1981-09-19,Male,Surat,Gujarat,India,2020-12-31,Active
CUS001753,INS000004,Kabir,Mangat,1959-11-13,Female,Kochi,Kerala,India,2024-07-10,Active
CUS001754,INS000005,Gunbir,Sengupta,1957-07-24,Male,Mumbai,Maharashtra,India,2022-10-02,Active
CUS001755,INS000003,Meera,Dugar,1959-07-12,Male,Indore,Madhya Pradesh,India,2025-01-03,Active
CUS001756,INS000002,Kashvi,Goel,1991-05-05,Female,Mysuru,Karnataka,India,2019-04-29,Active
CUS001757,INS000003,Harinakshi,Ratta,2006-08-13,Female,Patna,Bihar,India,2025-09-21,Active
CUS001758,INS000002,Jasmit,Mani,1995-03-26,Male,Indore,Madhya Pradesh,India,2021-01-26,Active
CUS001759,INS000005,Maanas,Aggarwal,1995-05-31,Male,Bhubaneswar,Odisha,India,2019-08-04,Active
CUS001760,INS000002,Rushil,Walia,1964-02-20,Male,Indore,Madhya Pradesh,India,2022-09-03,Inactive
CUS001761,INS000004,Yashodhara,Natt,1955-11-05,Female,Bengaluru,Karnataka,India,2022-11-21,Active
CUS001762,INS000001,Neelima,Shetty,1993-05-18,Female,Jaipur,Rajasthan,India,2021-01-21,Active
CUS001763,INS000001,Xiti,Gera,2004-01-30,Male,Mysuru,Karnataka,India,2026-02-14,Active
CUS001764,INS000005,Banjeet,Chaudhari,1981-07-26,Female,Pune,Maharashtra,India,2020-08-08,Active
CUS001765,INS000004,Chakradev,Rajagopal,1998-04-19,Female,Indore,Madhya Pradesh,India,2021-04-25,Active
CUS001766,INS000003,Balvan,Sahota,1968-06-18,Male,Delhi,Delhi,India,2022-06-27,Active
CUS001767,INS000004,Laksh,Sahota,1965-10-27,Other,Jaipur,Rajasthan,India,2019-09-17,Active
CUS001768,INS000001,Gauri,Roy,1974-02-07,Female,Delhi,Delhi,India,2023-05-21,Active
CUS001769,INS000001,Urvi,Gulati,1967-07-14,Male,Chandigarh,Chandigarh,India,2020-12-31,Active
CUS001770,INS000004,Zilmil,Balakrishnan,1952-05-08,Male,Bhubaneswar,Odisha,India,2025-01-22,Active
CUS001771,INS000004,Tanmayi,Kapur,1992-03-30,Male,Chennai,Tamil Nadu,India,2022-08-11,Active
CUS001772,INS000001,Manthan,Devi,1984-11-24,Male,Patna,Bihar,India,2022-12-28,Active
CUS001773,INS000003,Yutika,Thakur,1990-06-12,Female,Bengaluru,Karnataka,India,2022-05-28,Active
CUS001774,INS000005,Logan,Buch,1989-03-01,Male,Jaipur,Rajasthan,India,2022-08-06,Active
CUS001775,INS000005,Falak,Rege,2007-01-02,Female,Surat,Gujarat,India,2019-11-04,Active
CUS001776,INS000004,Eiravati,Bajaj,1955-08-27,Female,Lucknow,Uttar Pradesh,India,2023-04-09,Active
CUS001777,INS000005,Nicholas,Nair,1995-04-29,Female,Bengaluru,Karnataka,India,2022-08-28,Active
CUS001778,INS000001,Maya,Krish,2006-02-22,Female,Bhopal,Madhya Pradesh,India,2023-09-21,Active
CUS001779,INS000001,Chandani,Ganesan,1968-02-23,Male,Nagpur,Maharashtra,India,2019-04-03,Active
CUS001780,INS000004,Gayathri,Sodhi,2007-12-30,Male,Jaipur,Rajasthan,India,2023-06-04,Active
CUS001781,INS000004,Yashica,Chand,1985-06-27,Female,Patna,Bihar,India,2021-08-05,Active
CUS001782,INS000004,Yashodhara,Prabhakar,1951-09-20,Male,Chennai,Tamil Nadu,India,2025-11-26,Active
CUS001783,INS000003,Vrishti,Bajaj,1966-12-22,Male,Chandigarh,Chandigarh,India,2023-05-18,Active
CUS001784,INS000005,Chandani,Ramachandran,1995-07-23,Female,Bhopal,Madhya Pradesh,India,2019-05-08,Active
CUS001785,INS000004,Vaishnavi,Vaidya,1986-01-04,Female,Chennai,Tamil Nadu,India,2020-12-08,Active
CUS001786,INS000002,Anay,Hans,1974-11-16,Male,Kolkata,West Bengal,India,2020-07-09,Active
CUS001787,INS000002,Jyoti,Edwin,1952-02-26,Female,Thane,Maharashtra,India,2023-05-06,Active
CUS001788,INS000001,Garima,Shankar,1972-08-30,Female,Thane,Maharashtra,India,2024-10-02,Active
CUS001789,INS000005,Imaran,Pillay,1961-01-07,Male,Hyderabad,Telangana,India,2024-03-26,Active
CUS001790,INS000004,Omaja,Khatri,1986-05-20,Male,Patna,Bihar,India,2020-01-01,Inactive
CUS001791,INS000002,Darika,Gill,1998-02-18,Female,Hyderabad,Telangana,India,2026-03-31,Active
CUS001792,INS000005,Avi,Sodhi,1976-01-28,Male,Pune,Maharashtra,India,2026-05-10,Inactive
CUS001793,INS000001,Urvi,Iyengar,1950-09-19,Male,Hyderabad,Telangana,India,2025-10-20,Active
CUS001794,INS000003,Alka,Naidu,1965-08-04,Female,Pune,Maharashtra,India,2018-10-29,Active
CUS001795,INS000005,Vedant,Deo,1985-10-27,Female,Hyderabad,Telangana,India,2024-07-31,Active
CUS001796,INS000005,Charan,Memon,1960-01-08,Male,Kochi,Kerala,India,2019-10-27,Inactive
CUS001797,INS000003,Varsha,Bhattacharyya,2008-07-25,Male,Lucknow,Uttar Pradesh,India,2025-05-27,Active
CUS001798,INS000005,Onkar,Balasubramanian,1964-01-21,Male,Indore,Madhya Pradesh,India,2019-10-03,Active
CUS001799,INS000001,Lajita,Jhaveri,2003-07-11,Other,Chennai,Tamil Nadu,India,2018-12-20,Active
CUS001800,INS000001,Manbir,Shenoy,1993-08-31,Male,Indore,Madhya Pradesh,India,2023-06-16,Active
CUS001801,INS000003,Xavier,Sharaf,1966-09-21,Female,Hyderabad,Telangana,India,2021-09-20,Active
CUS001802,INS000004,Azad,Konda,1996-03-17,Female,Delhi,Delhi,India,2019-06-14,Active
CUS001803,INS000002,Imaran,Sawhney,1997-09-06,Male,Nagpur,Maharashtra,India,2025-12-08,Inactive
CUS001804,INS000004,Rayaan,Khurana,1991-01-18,Other,Patna,Bihar,India,2024-09-13,Active
CUS001805,INS000005,Anirudh,Goel,1996-01-02,Female,Kolkata,West Bengal,India,2021-12-28,Active
CUS001806,INS000002,Ridhi,Shenoy,1990-11-02,Female,Bhopal,Madhya Pradesh,India,2023-01-31,Active
CUS001807,INS000003,Dipta,Tella,1998-04-12,Male,Jaipur,Rajasthan,India,2020-11-07,Active
CUS001808,INS000003,Omya,Choudhry,1954-12-21,Female,Patna,Bihar,India,2019-02-17,Active
CUS001809,INS000002,Max,Narula,1992-08-19,Female,Surat,Gujarat,India,2022-12-26,Active
CUS001810,INS000001,Nitara,Dutta,1957-01-28,Other,Hyderabad,Telangana,India,2024-12-11,Active
CUS001811,INS000002,Samar,Konda,1977-12-12,Male,Jaipur,Rajasthan,India,2022-05-06,Active
CUS001812,INS000005,Nirja,Shere,2000-06-25,Female,Jaipur,Rajasthan,India,2022-01-21,Active
CUS001813,INS000001,Yachana,Boase,1950-12-04,Male,Kolkata,West Bengal,India,2023-12-26,Inactive
CUS001814,INS000003,Urishilla,Amble,1987-05-17,Male,Mumbai,Maharashtra,India,2022-12-02,Active
CUS001815,INS000002,David,Bali,2005-12-04,Male,Hyderabad,Telangana,India,2021-12-02,Inactive
CUS001816,INS000004,Lakshit,Ray,1966-04-28,Female,Indore,Madhya Pradesh,India,2024-02-13,Active
CUS001817,INS000004,Zilmil,Venkatesh,1963-06-19,Male,Indore,Madhya Pradesh,India,2026-01-04,Active
CUS001818,INS000005,Sarthak,Singhal,1957-03-16,Female,Indore,Madhya Pradesh,India,2023-09-02,Active
CUS001819,INS000004,Ekta,Rajan,2001-10-25,Other,Indore,Madhya Pradesh,India,2022-02-07,Active
CUS001820,INS000002,Vanya,Bobal,1981-03-17,Male,Kochi,Kerala,India,2020-02-05,Active
CUS001821,INS000002,Krisha,Sahni,2000-09-11,Female,Delhi,Delhi,India,2026-04-04,Active
CUS001822,INS000004,Dipta,Lad,1994-08-08,Male,Bhubaneswar,Odisha,India,2019-08-09,Active
CUS001823,INS000002,Oscar,Yogi,2004-01-11,Male,Delhi,Delhi,India,2025-07-20,Active
CUS001824,INS000005,Tripti,Dara,1956-07-28,Female,Pune,Maharashtra,India,2021-01-04,Active
CUS001825,INS000001,Hema,Walla,1988-04-30,Female,Hyderabad,Telangana,India,2024-09-30,Active
CUS001826,INS000005,Irya,Bajwa,1965-04-02,Female,Ahmedabad,Gujarat,India,2022-07-16,Active
CUS001827,INS000005,Aishani,Sarna,1995-05-27,Female,Ahmedabad,Gujarat,India,2024-12-11,Active
CUS001828,INS000002,Veda,Srivastava,2004-01-08,Male,Kochi,Kerala,India,2022-12-20,Active
CUS001829,INS000001,Rehaan,Bhasin,1988-10-10,Male,Surat,Gujarat,India,2019-04-22,Active
CUS001830,INS000002,Yatin,Master,2002-11-16,Female,Indore,Madhya Pradesh,India,2026-03-12,Active
CUS001831,INS000003,Arya,Rao,1988-07-15,Male,Patna,Bihar,India,2024-02-09,Active
CUS001832,INS000002,Chanchal,Baral,1956-01-02,Male,Mumbai,Maharashtra,India,2025-09-22,Active
CUS001833,INS000002,Umang,Patla,1950-09-08,Female,Pune,Maharashtra,India,2019-02-09,Active
CUS001834,INS000002,Chameli,Ratta,2005-02-02,Male,Chandigarh,Chandigarh,India,2024-05-18,Active
CUS001835,INS000001,Bhavya,Vaidya,1995-07-15,Male,Nagpur,Maharashtra,India,2022-10-26,Active
CUS001836,INS000002,Sarthak,Sarraf,1957-03-28,Female,Pune,Maharashtra,India,2026-03-08,Active
CUS001837,INS000001,Vrinda,Sangha,1953-10-03,Female,Nagpur,Maharashtra,India,2021-05-09,Active
CUS001838,INS000004,Edhitha,Dash,1985-05-07,Female,Mysuru,Karnataka,India,2023-05-04,Active
CUS001839,INS000003,Varsha,Chawla,1959-08-27,Female,Nagpur,Maharashtra,India,2020-01-13,Active
CUS001840,INS000001,Ikshita,Dhingra,1987-03-10,Male,Patna,Bihar,India,2018-12-24,Active
CUS001841,INS000004,Anusha,Lala,1953-01-25,Female,Bengaluru,Karnataka,India,2021-05-10,Active
CUS001842,INS000001,Bhavna,Choudhury,2001-08-19,Female,Delhi,Delhi,India,2019-07-12,Inactive
CUS001843,INS000001,Jairaj,Gara,1962-05-29,Male,Kolkata,West Bengal,India,2021-11-28,Active
CUS001844,INS000003,Ladli,Peri,1980-05-13,Male,Thane,Maharashtra,India,2019-11-21,Active
CUS001845,INS000005,Megha,Sachar,1981-11-20,Female,Bhubaneswar,Odisha,India,2025-04-24,Active
CUS001846,INS000005,Hemani,Nori,1980-08-14,Female,Chandigarh,Chandigarh,India,2025-10-08,Active
CUS001847,INS000001,Madhav,Dhar,2002-09-13,Female,Delhi,Delhi,India,2021-02-27,Active
CUS001848,INS000002,Bina,Kibe,2006-05-03,Female,Delhi,Delhi,India,2019-10-26,Active
CUS001849,INS000004,Brijesh,Subramanian,1954-05-28,Female,Pune,Maharashtra,India,2024-12-14,Active
CUS001850,INS000002,Bhavna,Kade,1959-11-04,Other,Lucknow,Uttar Pradesh,India,2022-08-22,Active
CUS001851,INS000002,Farhan,Lalla,1959-04-25,Female,Chennai,Tamil Nadu,India,2018-10-23,Active
CUS001852,INS000001,Hiral,Chatterjee,1960-03-16,Male,Pune,Maharashtra,India,2018-12-08,Active
CUS001853,INS000001,Riya,Narayan,2005-06-18,Female,Chennai,Tamil Nadu,India,2023-06-22,Inactive
CUS001854,INS000001,Aahana,Borah,1982-07-08,Male,Chandigarh,Chandigarh,India,2021-12-07,Active
CUS001855,INS000001,Varenya,Shanker,1988-05-17,Female,Lucknow,Uttar Pradesh,India,2018-10-18,Active
CUS001856,INS000005,Tanish,Swamy,1995-04-14,Female,Indore,Madhya Pradesh,India,2021-07-08,Active
CUS001857,INS000001,Saksham,Konda,1998-11-29,Female,Kolkata,West Bengal,India,2021-12-14,Active
CUS001858,INS000005,Anika,Lad,1999-06-19,Female,Bhopal,Madhya Pradesh,India,2018-10-17,Active
CUS001859,INS000005,Anita,Oommen,1969-07-10,Male,Kochi,Kerala,India,2025-05-06,Inactive
CUS001860,INS000001,Laksh,Merchant,2005-07-02,Male,Kochi,Kerala,India,2022-08-25,Active
CUS001861,INS000003,Ikbal,Saxena,1988-11-28,Male,Mumbai,Maharashtra,India,2023-09-30,Active
CUS001862,INS000004,Wriddhish,Narayanan,1951-09-19,Female,Mumbai,Maharashtra,India,2023-04-18,Active
CUS001863,INS000002,Xavier,Seshadri,1959-02-22,Female,Thane,Maharashtra,India,2021-04-10,Active
CUS001864,INS000005,Chandresh,Kuruvilla,1980-01-17,Female,Lucknow,Uttar Pradesh,India,2026-08-07,Inactive
CUS001865,INS000004,Upkaar,Maharaj,1984-03-17,Male,Bengaluru,Karnataka,India,2022-05-26,Active
CUS001866,INS000003,Viraj,Banik,1970-04-04,Female,Bengaluru,Karnataka,India,2025-12-07,Active
CUS001867,INS000002,Charles,Dey,1983-05-15,Female,Nagpur,Maharashtra,India,2025-11-30,Active
CUS001868,INS000002,Harish,Divan,1987-10-24,Male,Kochi,Kerala,India,2019-08-10,Active
CUS001869,INS000005,Odika,Vig,1977-09-06,Female,Chandigarh,Chandigarh,India,2018-12-31,Active
CUS001870,INS000001,Ganga,Mani,1966-08-02,Female,Hyderabad,Telangana,India,2020-11-11,Inactive
CUS001871,INS000003,Urmi,Bal,1954-12-19,Female,Lucknow,Uttar Pradesh,India,2020-04-14,Active
CUS001872,INS000005,Harish,Kant,1981-11-29,Male,Delhi,Delhi,India,2018-10-10,Active
CUS001873,INS000003,Laksh,Prabhakar,1975-02-18,Female,Kochi,Kerala,India,2022-10-16,Active
CUS001874,INS000001,Abdul,Patil,1984-12-15,Male,Mysuru,Karnataka,India,2022-02-13,Active
CUS001875,INS000001,Nakul,Manne,1957-02-11,Other,Surat,Gujarat,India,2022-12-11,Inactive
CUS001876,INS000005,Niharika,Mohanty,1985-05-23,Male,Hyderabad,Telangana,India,2022-02-17,Active
CUS001877,INS000001,Vamakshi,Dutt,2002-06-22,Male,Surat,Gujarat,India,2026-01-11,Active
CUS001878,INS000004,Vansha,Mody,2000-05-26,Female,Kochi,Kerala,India,2021-09-10,Active
CUS001879,INS000002,Ryan,Soman,1960-07-19,Male,Bengaluru,Karnataka,India,2019-11-21,Active
CUS001880,INS000005,Bhavna,Sarraf,1977-12-28,Female,Mumbai,Maharashtra,India,2025-07-29,Active
CUS001881,INS000003,Ekani,Menon,1973-05-01,Female,Bhubaneswar,Odisha,India,2022-10-11,Active
CUS001882,INS000004,Bhavika,Dubey,1951-07-03,Female,Chennai,Tamil Nadu,India,2020-08-20,Inactive
CUS001883,INS000005,Daniel,Dave,1952-07-09,Other,Bhubaneswar,Odisha,India,2019-07-11,Active
CUS001884,INS000001,Gaurav,Din,1958-05-05,Male,Bhopal,Madhya Pradesh,India,2020-06-12,Active
CUS001885,INS000001,Vincent,Master,1951-07-28,Female,Bhubaneswar,Odisha,India,2020-02-20,Active
CUS001886,INS000001,Baljiwan,Rajagopalan,1986-11-05,Male,Indore,Madhya Pradesh,India,2023-01-06,Active
CUS001887,INS000001,Parth,Kurian,1977-01-24,Male,Nagpur,Maharashtra,India,2019-01-14,Active
CUS001888,INS000003,Omisha,Kari,1987-06-20,Female,Chennai,Tamil Nadu,India,2020-01-01,Active
CUS001889,INS000004,Patrick,Bala,1997-04-05,Male,Nagpur,Maharashtra,India,2025-12-24,Active
CUS001890,INS000002,Balhaar,Kakar,2008-04-08,Female,Kolkata,West Bengal,India,2019-01-29,Active
CUS001891,INS000003,Mekhala,Mitter,1975-01-13,Female,Hyderabad,Telangana,India,2022-06-11,Active
CUS001892,INS000003,Warhi,Divan,1989-08-10,Female,Mumbai,Maharashtra,India,2022-05-31,Active
CUS001893,INS000002,Quincy,Arora,2001-10-11,Other,Ahmedabad,Gujarat,India,2018-10-29,Active
CUS001894,INS000002,Bimala,Lad,1966-11-16,Male,Nagpur,Maharashtra,India,2020-07-05,Active
CUS001895,INS000001,Baljiwan,Patla,1963-04-07,Female,Kochi,Kerala,India,2020-04-25,Active
CUS001896,INS000003,Aditya,Trivedi,1997-03-07,Female,Ahmedabad,Gujarat,India,2022-12-10,Active
CUS001897,INS000005,Chanchal,Varughese,1972-09-22,Female,Thane,Maharashtra,India,2020-03-09,Active
CUS001898,INS000002,Hredhaan,Ravi,1988-05-10,Male,Lucknow,Uttar Pradesh,India,2025-01-14,Active
CUS001899,INS000002,Gautami,Sood,1987-11-01,Female,Bengaluru,Karnataka,India,2025-06-25,Active
CUS001900,INS000004,Bhavani,Garde,1969-12-21,Male,Mumbai,Maharashtra,India,2022-02-03,Inactive
CUS001901,INS000005,Suhani,Padmanabhan,1980-11-14,Male,Delhi,Delhi,India,2022-05-07,Active
CUS001902,INS000005,Wakeeta,Dugal,1998-03-28,Female,Bhubaneswar,Odisha,India,2023-12-15,Active
CUS001903,INS000002,Krish,Thaker,1978-09-15,Female,Bengaluru,Karnataka,India,2024-07-14,Inactive
CUS001904,INS000001,Yamini,Murthy,1950-12-10,Female,Bhopal,Madhya Pradesh,India,2025-04-05,Active
CUS001905,INS000004,Upadhriti,Virk,1960-12-17,Female,Bhubaneswar,Odisha,India,2021-07-24,Inactive
CUS001906,INS000005,Anjali,Prasad,1993-04-11,Female,Bhopal,Madhya Pradesh,India,2025-10-12,Active
CUS001907,INS000002,Reyansh,Radhakrishnan,1967-09-22,Male,Bengaluru,Karnataka,India,2025-10-01,Active
CUS001908,INS000005,Isaiah,Sundaram,1988-12-28,Male,Chandigarh,Chandigarh,India,2026-02-10,Active
CUS001909,INS000004,Ganga,Gara,1988-10-01,Male,Ahmedabad,Gujarat,India,2025-08-06,Active
CUS001910,INS000004,Nicholas,Vohra,1967-11-25,Female,Mysuru,Karnataka,India,2022-11-06,Active
CUS001911,INS000003,Tara,Subramaniam,1988-09-28,Male,Kolkata,West Bengal,India,2019-12-10,Active
CUS001912,INS000002,Aarini,Gill,1972-04-15,Male,Delhi,Delhi,India,2026-07-25,Active
CUS001913,INS000004,Quincy,Sule,1974-04-03,Female,Mumbai,Maharashtra,India,2025-06-04,Active
CUS001914,INS000003,Akshay,Raghavan,1951-09-05,Male,Bhopal,Madhya Pradesh,India,2020-09-17,Active
CUS001915,INS000003,Geetika,Atwal,1955-10-28,Male,Mysuru,Karnataka,India,2021-08-23,Active
CUS001916,INS000005,Chakrika,Bhattacharyya,2004-04-24,Female,Thane,Maharashtra,India,2021-02-03,Active
CUS001917,INS000005,Reyansh,Oommen,2006-02-05,Male,Indore,Madhya Pradesh,India,2021-05-02,Active
CUS001918,INS000003,Parth,Kar,1977-03-12,Male,Kolkata,West Bengal,India,2020-11-02,Active
CUS001919,INS000005,Nidra,More,1965-01-08,Male,Jaipur,Rajasthan,India,2025-01-25,Active
CUS001920,INS000004,Prisha,Jhaveri,1961-03-12,Female,Delhi,Delhi,India,2021-01-13,Active
CUS001921,INS000001,Yutika,Kapur,2003-05-09,Female,Pune,Maharashtra,India,2025-11-17,Active
CUS001922,INS000004,Falak,Doctor,1983-08-27,Male,Bhubaneswar,Odisha,India,2024-04-27,Inactive
CUS001923,INS000003,Gabriel,Mall,1974-02-04,Female,Chennai,Tamil Nadu,India,2023-10-14,Active
CUS001924,INS000003,Nandini,Dar,1997-12-13,Male,Kolkata,West Bengal,India,2022-08-16,Active
CUS001925,INS000004,Girish,Hegde,1991-06-12,Female,Kochi,Kerala,India,2019-10-23,Active
CUS001926,INS000005,Qasim,Parikh,1965-02-04,Male,Lucknow,Uttar Pradesh,India,2021-01-22,Active
CUS001927,INS000005,Logan,Tara,1972-06-13,Female,Bhopal,Madhya Pradesh,India,2021-05-14,Active
CUS001928,INS000003,Vansha,Sharaf,1994-09-28,Female,Lucknow,Uttar Pradesh,India,2021-02-14,Inactive
CUS001929,INS000002,Ekiya,Arora,1950-08-24,Female,Surat,Gujarat,India,2024-06-07,Active
CUS001930,INS000005,Yuvraj,Viswanathan,2003-11-11,Male,Mumbai,Maharashtra,India,2023-10-23,Active
CUS001931,INS000004,Abeer,Kari,1967-08-19,Male,Jaipur,Rajasthan,India,2023-08-11,Active
CUS001932,INS000005,Advika,Jain,1972-05-17,Female,Ahmedabad,Gujarat,India,2024-05-21,Active
CUS001933,INS000004,Leela,Patla,1958-04-24,Male,Bengaluru,Karnataka,India,2020-03-02,Active
CUS001934,INS000003,Warinder,Bali,1994-12-18,Female,Lucknow,Uttar Pradesh,India,2020-06-11,Active
CUS001935,INS000005,Sanya,Rastogi,1990-08-09,Female,Thane,Maharashtra,India,2020-10-11,Active
CUS001936,INS000004,Amara,Chaudhary,1953-01-14,Female,Bhubaneswar,Odisha,India,2018-09-23,Active
CUS001937,INS000003,Forum,Narayan,1971-03-08,Male,Hyderabad,Telangana,India,2025-10-21,Active
CUS001938,INS000002,Chasmum,Tripathi,1991-02-09,Female,Hyderabad,Telangana,India,2018-12-14,Active
CUS001939,INS000004,Advay,Bhavsar,1975-03-31,Female,Hyderabad,Telangana,India,2023-12-03,Active
CUS001940,INS000002,Advika,Madan,1979-09-03,Female,Pune,Maharashtra,India,2025-12-11,Inactive
CUS001941,INS000002,Jagvi,Warrior,1955-03-11,Male,Pune,Maharashtra,India,2021-04-24,Active
CUS001942,INS000001,Warinder,Yogi,1981-07-03,Male,Jaipur,Rajasthan,India,2024-10-26,Active
CUS001943,INS000005,David,Buch,1976-02-06,Male,Bengaluru,Karnataka,India,2022-08-10,Active
CUS001944,INS000004,Jagat,Bhalla,1971-11-25,Male,Nagpur,Maharashtra,India,2021-06-25,Active
CUS001945,INS000002,Udyati,Sekhon,2005-03-20,Female,Hyderabad,Telangana,India,2022-09-16,Active
CUS001946,INS000001,Damyanti,Virk,1990-01-08,Female,Indore,Madhya Pradesh,India,2021-05-26,Active
CUS001947,INS000003,Nathaniel,Kota,2006-11-30,Male,Thane,Maharashtra,India,2021-05-06,Active
CUS001948,INS000004,Nidra,Konda,2001-04-11,Female,Pune,Maharashtra,India,2025-06-09,Active
CUS001949,INS000002,Yadavi,Kunda,1998-07-28,Male,Bhopal,Madhya Pradesh,India,2022-01-14,Active
CUS001950,INS000005,Deepa,Goswami,1966-05-17,Male,Ahmedabad,Gujarat,India,2023-06-02,Active
CUS001951,INS000001,Jacob,Konda,2001-06-24,Male,Chandigarh,Chandigarh,India,2021-06-26,Active
CUS001952,INS000002,Chakrika,Kari,1980-03-07,Male,Chennai,Tamil Nadu,India,2025-04-22,Active
CUS001953,INS000005,Jhalak,Shan,1959-02-13,Female,Jaipur,Rajasthan,India,2023-11-28,Active
CUS001954,INS000002,Timothy,Goel,1971-01-13,Male,Hyderabad,Telangana,India,2024-06-20,Active
CUS001955,INS000004,Theodore,Baria,1992-03-06,Female,Kochi,Kerala,India,2023-05-17,Active
CUS001956,INS000004,Kiaan,Lata,1976-10-20,Male,Indore,Madhya Pradesh,India,2023-05-18,Active
CUS001957,INS000004,Vanya,Mall,1979-07-05,Female,Mumbai,Maharashtra,India,2023-07-02,Active
CUS001958,INS000001,Michael,Chand,1980-08-18,Male,Surat,Gujarat,India,2026-04-28,Active
CUS001959,INS000004,Suhani,Gupta,1966-08-20,Male,Delhi,Delhi,India,2023-11-03,Active
CUS001960,INS000005,Kashvi,Bhatt,1991-12-01,Male,Hyderabad,Telangana,India,2024-09-23,Active
CUS001961,INS000002,Ojasvi,Deo,1974-06-12,Male,Patna,Bihar,India,2024-10-15,Inactive
CUS001962,INS000003,Urishilla,Virk,2008-07-19,Male,Bhubaneswar,Odisha,India,2022-02-23,Active
CUS001963,INS000005,Tejas,Mitter,2006-04-29,Female,Kochi,Kerala,India,2020-03-02,Active
CUS001964,INS000005,Yug,Bhat,1963-12-27,Female,Bhopal,Madhya Pradesh,India,2020-04-23,Active
CUS001965,INS000004,Finn,Johal,1952-10-30,Female,Bhubaneswar,Odisha,India,2020-01-04,Active
CUS001966,INS000001,Sanya,Kari,1973-12-27,Female,Kolkata,West Bengal,India,2026-07-07,Active
CUS001967,INS000002,Janaki,Kohli,1977-06-28,Male,Thane,Maharashtra,India,2023-07-09,Active
CUS001968,INS000001,Faras,Sood,1995-07-31,Male,Pune,Maharashtra,India,2020-03-28,Inactive
CUS001969,INS000002,Isaac,Shetty,2006-11-14,Other,Ahmedabad,Gujarat,India,2022-11-04,Active
CUS001970,INS000002,David,Chaudhari,1974-04-02,Female,Hyderabad,Telangana,India,2024-07-12,Inactive
CUS001971,INS000001,Yashasvi,Yadav,1984-07-19,Female,Kochi,Kerala,India,2025-06-13,Inactive
CUS001972,INS000005,Samaksh,Behl,1958-02-07,Female,Bengaluru,Karnataka,India,2021-04-16,Active
CUS001973,INS000002,Mason,Nagar,1984-04-29,Male,Chandigarh,Chandigarh,India,2024-10-21,Active
CUS001974,INS000001,Nitesh,Bora,1983-06-26,Male,Lucknow,Uttar Pradesh,India,2021-04-30,Active
CUS001975,INS000002,Falak,Hegde,1978-09-16,Male,Chandigarh,Chandigarh,India,2023-11-11,Active
CUS001976,INS000003,Zinal,Sridhar,2003-06-18,Male,Mumbai,Maharashtra,India,2025-06-11,Active
CUS001977,INS000005,Riya,Dada,2002-01-27,Male,Chandigarh,Chandigarh,India,2025-09-24,Active
CUS001978,INS000004,Jackson,Sathe,2003-02-05,Male,Hyderabad,Telangana,India,2018-09-05,Active
CUS001979,INS000002,Samesh,Chacko,1958-06-04,Female,Bengaluru,Karnataka,India,2022-11-07,Active
CUS001980,INS000003,Vrinda,Soni,1953-07-12,Female,Nagpur,Maharashtra,India,2021-08-05,Active
CUS001981,INS000004,Gavin,Hora,1965-06-25,Female,Delhi,Delhi,India,2022-12-14,Active
CUS001982,INS000004,Yashvi,Chaudhry,1985-09-06,Female,Bhubaneswar,Odisha,India,2020-12-23,Active
CUS001983,INS000002,Sanaya,Kale,1973-01-16,Male,Mysuru,Karnataka,India,2022-07-27,Active
CUS001984,INS000001,Christopher,Sur,1960-03-20,Male,Chandigarh,Chandigarh,India,2025-02-18,Inactive
CUS001985,INS000002,Sudiksha,Mital,1974-06-04,Female,Patna,Bihar,India,2024-01-02,Active
CUS001986,INS000003,Kevin,Andra,1986-07-22,Male,Bengaluru,Karnataka,India,2025-08-09,Active
CUS001987,INS000004,Yochana,Sani,1951-03-30,Male,Chandigarh,Chandigarh,India,2019-10-29,Active
CUS001988,INS000002,Ojasvi,Choudhury,1974-10-14,Male,Lucknow,Uttar Pradesh,India,2023-05-09,Active
CUS001989,INS000001,Tanmayi,Savant,1954-10-25,Male,Chandigarh,Chandigarh,India,2019-02-14,Active
CUS001990,INS000002,Dalbir,Hayer,1976-11-30,Female,Mysuru,Karnataka,India,2025-06-20,Active
CUS001991,INS000005,Turvi,Shan,2004-08-16,Male,Nagpur,Maharashtra,India,2026-03-31,Active
CUS001992,INS000001,Darika,Acharya,1984-06-09,Female,Bhopal,Madhya Pradesh,India,2024-07-18,Active
CUS001993,INS000003,Anthony,Krishnamurthy,1960-11-11,Female,Lucknow,Uttar Pradesh,India,2021-10-08,Inactive
CUS001994,INS000004,Meghana,Ray,2002-05-15,Male,Patna,Bihar,India,2019-03-18,Active
CUS001995,INS000002,Aachal,Madan,1972-06-18,Male,Mysuru,Karnataka,India,2020-02-10,Active
CUS001996,INS000001,Aarush,Tailor,2007-09-30,Male,Chandigarh,Chandigarh,India,2021-07-23,Active
CUS001997,INS000005,Tejas,Goda,2003-04-22,Male,Bhubaneswar,Odisha,India,2026-02-08,Inactive
CUS001998,INS000001,Elijah,Narasimhan,2005-08-02,Female,Jaipur,Rajasthan,India,2019-05-25,Active
CUS001999,INS000005,Chakradev,Tripathi,1988-09-21,Female,Ahmedabad,Gujarat,India,2022-01-29,Active
CUS002000,INS000003,Pallavi,Subramanian,1959-07-21,Female,Chennai,Tamil Nadu,India,2023-08-21,Active
CUS002001,INS000004,Hemangini,Varkey,2003-08-30,Male,Lucknow,Uttar Pradesh,India,2018-12-16,Active
CUS002002,INS000003,Devansh,Mander,1985-08-02,Female,Mumbai,Maharashtra,India,2024-06-10,Active
CUS002003,INS000002,Darpan,Mistry,2005-10-12,Female,Pune,Maharashtra,India,2018-12-04,Active
CUS002004,INS000001,Ekapad,Lalla,1982-05-24,Female,Thane,Maharashtra,India,2022-03-24,Active
CUS002005,INS000005,Urmi,Wali,1963-02-02,Female,Bhubaneswar,Odisha,India,2025-11-02,Inactive
CUS002006,INS000005,Azad,Kothari,1994-03-10,Female,Surat,Gujarat,India,2026-01-12,Active
CUS002007,INS000001,Bhavini,Om,1993-03-21,Female,Kochi,Kerala,India,2020-10-18,Active
CUS002008,INS000001,Nilima,Maharaj,2000-10-12,Female,Bhubaneswar,Odisha,India,2018-08-24,Active
CUS002009,INS000002,Pranit,Thakur,1973-10-16,Male,Delhi,Delhi,India,2025-03-04,Active
CUS002010,INS000003,Krishna,More,1980-06-16,Female,Mysuru,Karnataka,India,2024-11-27,Active
CUS002011,INS000005,Osha,Sarraf,1991-10-15,Male,Bhubaneswar,Odisha,India,2025-01-05,Active
CUS002012,INS000002,Kavya,Choudhury,1976-10-03,Male,Kochi,Kerala,India,2023-10-26,Active
CUS002013,INS000003,Lavanya,Gopal,1961-06-18,Other,Chennai,Tamil Nadu,India,2023-08-26,Active
CUS002014,INS000002,Saumya,Sura,2003-10-02,Female,Pune,Maharashtra,India,2019-05-27,Active
CUS002015,INS000005,Krishna,Ahuja,1975-10-06,Male,Patna,Bihar,India,2018-11-07,Active
CUS002016,INS000001,Keya,Nagar,1968-01-24,Male,Nagpur,Maharashtra,India,2024-05-26,Active
CUS002017,INS000001,Faris,Upadhyay,1964-12-05,Male,Thane,Maharashtra,India,2024-06-17,Active
CUS002018,INS000003,Kiaan,Singhal,1981-01-23,Female,Pune,Maharashtra,India,2024-10-20,Active
CUS002019,INS000004,Ijaya,Tandon,1953-06-08,Female,Nagpur,Maharashtra,India,2025-06-08,Active
CUS002020,INS000003,Jagat,Gade,2005-07-23,Female,Patna,Bihar,India,2022-02-17,Active
CUS002021,INS000004,Pranav,Gola,1997-06-08,Female,Delhi,Delhi,India,2020-07-13,Active
CUS002022,INS000002,Maya,Bhatti,2002-07-11,Male,Ahmedabad,Gujarat,India,2025-04-05,Active
CUS002023,INS000002,Joshua,Sankaran,1997-10-05,Female,Chennai,Tamil Nadu,India,2024-05-30,Active
CUS002024,INS000005,Udant,Modi,1956-02-24,Male,Chennai,Tamil Nadu,India,2022-01-16,Active
CUS002025,INS000004,Aarush,Chandra,1962-03-18,Female,Bengaluru,Karnataka,India,2020-01-01,Active
CUS002026,INS000005,Arin,Savant,1981-03-21,Female,Kolkata,West Bengal,India,2021-07-18,Active
CUS002027,INS000001,Chanchal,Oommen,1961-08-06,Female,Hyderabad,Telangana,India,2020-05-16,Active
CUS002028,INS000004,Ubika,Yohannan,1994-12-09,Male,Bengaluru,Karnataka,India,2024-09-09,Active
CUS002029,INS000003,Panini,Goswami,1955-07-06,Male,Kolkata,West Bengal,India,2025-05-26,Active
CUS002030,INS000001,Ladli,Hari,2008-01-31,Male,Chandigarh,Chandigarh,India,2024-11-21,Active
CUS002031,INS000001,Victor,Chopra,1973-12-10,Female,Indore,Madhya Pradesh,India,2025-07-05,Inactive
CUS002032,INS000003,Yug,Kata,1952-04-20,Male,Kochi,Kerala,India,2021-03-01,Active
CUS002033,INS000001,Triveni,Kala,2002-08-13,Male,Bengaluru,Karnataka,India,2019-06-01,Active
CUS002034,INS000004,Hiral,Mohanty,1967-05-26,Male,Bhubaneswar,Odisha,India,2026-06-16,Active
CUS002035,INS000005,Mohammed,Thaker,1953-06-25,Female,Nagpur,Maharashtra,India,2019-08-26,Active
CUS002036,INS000001,Anya,Mody,2007-05-18,Male,Delhi,Delhi,India,2026-06-23,Inactive
CUS002037,INS000004,Ranbir,Nagarajan,1991-02-09,Female,Pune,Maharashtra,India,2025-03-14,Active
CUS002038,INS000002,Isaiah,Wali,2004-07-15,Female,Kolkata,West Bengal,India,2021-08-09,Active
CUS002039,INS000004,Azad,Sodhi,1959-02-11,Female,Indore,Madhya Pradesh,India,2024-12-19,Active
CUS002040,INS000005,Oni,Chauhan,1986-05-20,Male,Ahmedabad,Gujarat,India,2026-01-30,Active
CUS002041,INS000004,Amol,Mital,1993-12-05,Male,Indore,Madhya Pradesh,India,2019-11-14,Active
CUS002042,INS000003,Wridesh,Kade,1954-07-04,Male,Hyderabad,Telangana,India,2026-08-05,Active
CUS002043,INS000005,Samuel,Dubey,1996-07-24,Male,Indore,Madhya Pradesh,India,2025-10-12,Active
CUS002044,INS000002,Ekalinga,Naik,1993-08-04,Male,Kolkata,West Bengal,India,2023-09-24,Active
CUS002045,INS000003,Harrison,Dugar,1988-12-16,Female,Bengaluru,Karnataka,India,2018-12-23,Active
CUS002046,INS000004,Bahadurjit,Handa,2000-01-26,Male,Lucknow,Uttar Pradesh,India,2019-09-05,Active
CUS002047,INS000005,Sanya,Randhawa,2001-02-07,Female,Hyderabad,Telangana,India,2023-03-11,Active
CUS002048,INS000002,Chanakya,Garg,1993-01-02,Male,Patna,Bihar,India,2022-07-21,Inactive
CUS002049,INS000003,Yash,Dugar,1983-04-25,Female,Chandigarh,Chandigarh,India,2024-04-08,Active
CUS002050,INS000002,Chaitanya,Dugar,1963-03-25,Female,Pune,Maharashtra,India,2025-06-14,Active
CUS002051,INS000004,Neelima,Nanda,1957-06-16,Female,Chennai,Tamil Nadu,India,2019-04-09,Active
CUS002052,INS000002,Reva,Varty,1962-06-10,Female,Surat,Gujarat,India,2020-06-04,Active
CUS002053,INS000001,Vivaan,Som,1997-09-02,Female,Surat,Gujarat,India,2018-11-27,Active
CUS002054,INS000003,Teerth,Saha,1979-05-09,Female,Delhi,Delhi,India,2018-12-17,Active
CUS002055,INS000002,Daksh,Luthra,1959-06-08,Male,Chennai,Tamil Nadu,India,2019-10-06,Active
CUS002056,INS000004,Logan,Karnik,1987-06-19,Female,Indore,Madhya Pradesh,India,2022-05-20,Active
CUS002057,INS000004,Yahvi,Lall,1982-02-16,Male,Indore,Madhya Pradesh,India,2024-07-27,Active
CUS002058,INS000002,Bimala,Sodhi,1958-04-12,Male,Bhopal,Madhya Pradesh,India,2018-09-14,Active
CUS002059,INS000004,Vivaan,Mitter,1984-11-26,Male,Mysuru,Karnataka,India,2023-12-20,Inactive
CUS002060,INS000005,Eiravati,Prabhakar,1981-12-05,Male,Patna,Bihar,India,2023-05-01,Active
CUS002061,INS000005,Ekani,Dhillon,1987-12-24,Male,Bhopal,Madhya Pradesh,India,2021-07-29,Active
CUS002062,INS000005,Warjas,Mohan,1998-11-27,Male,Jaipur,Rajasthan,India,2023-10-05,Active
CUS002063,INS000001,Chasmum,Nath,1972-11-09,Male,Lucknow,Uttar Pradesh,India,2026-06-18,Active
CUS002064,INS000002,Luke,Pandya,1959-11-13,Female,Hyderabad,Telangana,India,2022-09-26,Active
CUS002065,INS000001,Timothy,Murty,1996-03-08,Male,Kochi,Kerala,India,2020-09-09,Active
CUS002066,INS000004,Odika,Sengupta,2005-02-10,Female,Nagpur,Maharashtra,India,2019-09-10,Active
CUS002067,INS000001,Charita,Morar,1958-06-16,Male,Bhopal,Madhya Pradesh,India,2020-06-06,Active
CUS002068,INS000004,Anvi,Sandal,2003-04-20,Female,Delhi,Delhi,India,2019-04-01,Active
CUS002069,INS000004,Darsh,Ramaswamy,1969-09-17,Female,Mysuru,Karnataka,India,2023-02-02,Active
CUS002070,INS000003,Parth,Sahni,2006-11-03,Female,Surat,Gujarat,India,2023-12-28,Active
CUS002071,INS000005,Prisha,Ahluwalia,1988-03-29,Female,Lucknow,Uttar Pradesh,India,2024-04-05,Active
CUS002072,INS000004,Warhi,Raval,1953-10-29,Male,Mysuru,Karnataka,India,2019-11-18,Active
CUS002073,INS000003,Champak,Bhakta,1961-03-12,Other,Indore,Madhya Pradesh,India,2022-01-26,Active
CUS002074,INS000005,Hemangini,Rege,1970-02-19,Female,Jaipur,Rajasthan,India,2020-01-19,Active
CUS002075,INS000004,Lakshmi,Pandya,1964-01-24,Female,Bhubaneswar,Odisha,India,2023-09-09,Active
CUS002076,INS000004,Eiravati,Dey,1983-09-04,Female,Indore,Madhya Pradesh,India,2023-04-14,Active
CUS002077,INS000001,Omaja,Shan,1978-09-13,Male,Kochi,Kerala,India,2025-07-28,Active
CUS002078,INS000001,Nilima,Mahal,1975-05-07,Female,Mysuru,Karnataka,India,2024-04-10,Active
CUS002079,INS000005,Manthan,Bahl,1985-11-25,Male,Ahmedabad,Gujarat,India,2020-12-22,Active
CUS002080,INS000004,Charita,Jain,1997-01-09,Female,Mumbai,Maharashtra,India,2021-09-13,Active
CUS002081,INS000002,Krisha,Joshi,1986-09-13,Male,Chennai,Tamil Nadu,India,2020-06-17,Active
CUS002082,INS000001,Qarin,Kunda,1965-09-27,Female,Hyderabad,Telangana,India,2025-09-24,Active
CUS002083,INS000005,Urvashi,Menon,2003-02-19,Male,Kochi,Kerala,India,2020-10-29,Active
CUS002084,INS000004,Wridesh,Prakash,1973-11-03,Male,Chennai,Tamil Nadu,India,2020-11-19,Active
CUS002085,INS000004,Umang,Bajwa,2003-09-11,Female,Delhi,Delhi,India,2022-05-07,Active
CUS002086,INS000002,Charita,Nagy,1983-07-27,Female,Ahmedabad,Gujarat,India,2023-05-02,Active
CUS002087,INS000005,Maanas,Sane,2007-04-03,Female,Bhubaneswar,Odisha,India,2020-02-05,Active
CUS002088,INS000004,Ubika,Raja,1995-08-28,Male,Hyderabad,Telangana,India,2023-09-28,Active
CUS002089,INS000001,Dalbir,Nanda,2004-01-12,Male,Mysuru,Karnataka,India,2021-12-05,Active
CUS002090,INS000002,Nitara,Iyengar,2007-05-21,Female,Patna,Bihar,India,2024-11-22,Active
CUS002091,INS000005,Omaja,Kale,1952-07-27,Other,Bengaluru,Karnataka,India,2025-02-08,Inactive
CUS002092,INS000002,Krish,Thakur,2007-11-22,Female,Bhubaneswar,Odisha,India,2025-05-30,Active
CUS002093,INS000001,Lipika,Sarraf,1972-01-23,Male,Delhi,Delhi,India,2023-07-17,Active
CUS002094,INS000005,Xavier,Mahal,1981-07-27,Female,Bengaluru,Karnataka,India,2025-06-20,Active
CUS002095,INS000002,Aadhya,Chhabra,2001-08-08,Male,Ahmedabad,Gujarat,India,2019-10-22,Active
CUS002096,INS000003,Samar,Borde,1955-07-17,Female,Chennai,Tamil Nadu,India,2021-05-14,Active
CUS002097,INS000001,Ganga,Kibe,1988-10-25,Male,Delhi,Delhi,India,2025-03-25,Inactive
CUS002098,INS000001,Farhan,Dyal,1964-11-13,Male,Mysuru,Karnataka,India,2025-04-15,Active
CUS002099,INS000001,Shivani,Nanda,2004-11-05,Female,Lucknow,Uttar Pradesh,India,2025-01-02,Active
CUS002100,INS000003,Kamala,Srinivasan,1976-08-13,Female,Mysuru,Karnataka,India,2024-07-11,Inactive
CUS002101,INS000003,George,Singhal,1974-04-17,Male,Delhi,Delhi,India,2022-04-28,Active
CUS002102,INS000004,Rayaan,Batra,1956-06-06,Male,Lucknow,Uttar Pradesh,India,2024-12-03,Active
CUS002103,INS000002,Charan,Ramakrishnan,1981-02-13,Male,Jaipur,Rajasthan,India,2025-02-07,Active
CUS002104,INS000004,Amrita,Sur,1983-10-09,Female,Ahmedabad,Gujarat,India,2025-07-16,Active
CUS002105,INS000002,Krishna,Krish,2007-05-03,Male,Surat,Gujarat,India,2020-02-10,Active
CUS002106,INS000003,Balveer,Mammen,1959-06-21,Male,Lucknow,Uttar Pradesh,India,2024-07-08,Inactive
CUS002107,INS000003,Elijah,Prashad,1994-12-10,Female,Bhopal,Madhya Pradesh,India,2018-09-09,Active
CUS002108,INS000004,Raghav,Bhargava,2003-09-10,Female,Indore,Madhya Pradesh,India,2020-05-09,Active
CUS002109,INS000005,Teerth,Chaudhuri,1987-11-01,Female,Chennai,Tamil Nadu,India,2023-08-03,Active
CUS002110,INS000004,Varenya,Bhalla,1995-05-02,Female,Bhopal,Madhya Pradesh,India,2023-01-16,Active
CUS002111,INS000002,Sathvik,Oommen,1999-11-17,Female,Delhi,Delhi,India,2021-06-29,Active
CUS002112,INS000004,Gaurangi,Majumdar,1950-12-28,Female,Delhi,Delhi,India,2023-02-20,Active
CUS002113,INS000001,Chavvi,Yogi,1964-12-23,Female,Mysuru,Karnataka,India,2025-12-10,Active
CUS002114,INS000002,Alexander,Pingle,2005-01-31,Female,Pune,Maharashtra,India,2025-03-28,Active
CUS002115,INS000002,Siddharth,Sarma,1979-01-24,Male,Mumbai,Maharashtra,India,2024-02-16,Active
CUS002116,INS000005,Ranveer,Mane,1957-08-04,Other,Chandigarh,Chandigarh,India,2022-09-25,Active
CUS002117,INS000003,Jacob,Choudhry,1960-01-28,Male,Mysuru,Karnataka,India,2020-12-10,Active
CUS002118,INS000002,Varenya,Sodhi,1963-09-07,Male,Bengaluru,Karnataka,India,2020-05-13,Active
CUS002119,INS000003,Xavier,Desai,1954-10-22,Male,Ahmedabad,Gujarat,India,2023-12-26,Active
CUS002120,INS000004,Samarth,Borah,1961-11-11,Male,Bengaluru,Karnataka,India,2025-11-07,Active
CUS002121,INS000001,Mekhala,Nair,1988-11-28,Other,Patna,Bihar,India,2020-04-01,Active
CUS002122,INS000005,Wriddhish,Sachdev,1968-11-30,Female,Bhubaneswar,Odisha,India,2026-05-25,Active
CUS002123,INS000003,Ekanta,Doshi,1974-01-27,Female,Lucknow,Uttar Pradesh,India,2023-08-24,Active
CUS002124,INS000002,Barkha,Dora,1951-05-04,Female,Lucknow,Uttar Pradesh,India,2018-09-10,Active
CUS002125,INS000003,Lajita,Mistry,1979-05-20,Female,Ahmedabad,Gujarat,India,2023-06-23,Active
CUS002126,INS000002,Unnati,Iyengar,1979-05-12,Male,Kochi,Kerala,India,2020-06-02,Active
CUS002127,INS000003,Jagrati,Chakrabarti,1987-11-10,Female,Bengaluru,Karnataka,India,2018-10-05,Active
CUS002128,INS000002,Darika,Sarma,1954-11-07,Female,Bhopal,Madhya Pradesh,India,2022-12-17,Active
CUS002129,INS000004,Advika,Korpal,2008-01-21,Male,Lucknow,Uttar Pradesh,India,2024-12-05,Active
CUS002130,INS000002,Jagvi,Narang,1970-11-17,Female,Chandigarh,Chandigarh,India,2024-12-20,Active
CUS002131,INS000002,Yochana,Lad,1963-09-11,Male,Bhopal,Madhya Pradesh,India,2020-05-17,Active
CUS002132,INS000001,Widisha,Wali,1955-08-07,Male,Ahmedabad,Gujarat,India,2019-04-30,Active
CUS002133,INS000002,Unnati,Manne,1983-12-27,Male,Kolkata,West Bengal,India,2019-07-13,Active
CUS002134,INS000001,Guneet,Bains,1989-01-25,Male,Kolkata,West Bengal,India,2020-12-30,Active
CUS002135,INS000005,Upasna,Dey,2006-08-18,Female,Bengaluru,Karnataka,India,2022-07-14,Active
CUS002136,INS000001,Ekaja,Bir,1959-02-07,Female,Kochi,Kerala,India,2021-08-03,Active
CUS002137,INS000004,Samar,Murthy,1969-12-11,Male,Hyderabad,Telangana,India,2023-03-03,Active
CUS002138,INS000001,Kamala,Patel,1986-09-05,Female,Bengaluru,Karnataka,India,2022-11-25,Active
CUS002139,INS000005,Dhriti,Sehgal,1999-01-29,Female,Jaipur,Rajasthan,India,2022-02-04,Active
CUS002140,INS000004,Odika,Kala,1985-04-06,Male,Thane,Maharashtra,India,2019-03-05,Inactive
CUS002141,INS000003,Chakradev,Gour,1954-09-19,Male,Ahmedabad,Gujarat,India,2021-12-06,Active
CUS002142,INS000003,Timothy,Nagi,1962-02-06,Other,Surat,Gujarat,India,2020-04-27,Inactive
CUS002143,INS000001,Madhav,Sidhu,1978-09-09,Female,Mumbai,Maharashtra,India,2022-08-25,Active
CUS002144,INS000001,Amol,Kari,1962-10-12,Other,Kochi,Kerala,India,2024-07-07,Active
CUS002145,INS000005,Advika,Sharma,1952-12-09,Male,Mumbai,Maharashtra,India,2026-02-27,Active
CUS002146,INS000005,Omisha,Pathak,1967-11-25,Female,Surat,Gujarat,India,2020-06-22,Active
CUS002147,INS000002,Chakrika,Nath,1961-04-06,Male,Delhi,Delhi,India,2019-01-28,Active
CUS002148,INS000005,Michael,Issac,1967-08-25,Male,Chandigarh,Chandigarh,India,2020-04-22,Active
CUS002149,INS000002,Rohan,Lad,2008-05-21,Female,Pune,Maharashtra,India,2026-01-05,Active
CUS002150,INS000004,Forum,Kumer,1966-07-22,Male,Pune,Maharashtra,India,2026-01-19,Active
CUS002151,INS000001,Victor,Bajaj,1976-08-13,Male,Delhi,Delhi,India,2023-09-04,Active
CUS002152,INS000004,Ladli,Dey,1982-07-01,Male,Chennai,Tamil Nadu,India,2022-06-06,Inactive
CUS002153,INS000005,Yatan,Dar,1950-08-09,Male,Thane,Maharashtra,India,2021-04-17,Active
CUS002154,INS000004,Xalak,Roy,1966-04-25,Female,Ahmedabad,Gujarat,India,2021-06-08,Active
CUS002155,INS000004,Geetika,Sane,1975-08-13,Female,Indore,Madhya Pradesh,India,2024-12-10,Active
CUS002156,INS000004,Aarini,Randhawa,1976-05-07,Male,Indore,Madhya Pradesh,India,2019-10-13,Active
CUS002157,INS000005,Vrinda,Sur,2006-03-18,Male,Surat,Gujarat,India,2020-06-07,Active
CUS002158,INS000004,Vritti,Bava,1974-09-23,Male,Mysuru,Karnataka,India,2019-10-07,Active
CUS002159,INS000002,Triveni,Wadhwa,1958-01-23,Female,Chandigarh,Chandigarh,India,2023-09-07,Active
CUS002160,INS000005,Om,Bhasin,1963-09-06,Male,Chandigarh,Chandigarh,India,2023-01-25,Active
CUS002161,INS000004,Indira,Vala,2007-10-25,Female,Chandigarh,Chandigarh,India,2025-12-29,Active
CUS002162,INS000005,Omkaar,Prakash,2004-02-19,Male,Delhi,Delhi,India,2019-03-30,Active
CUS002163,INS000003,Logan,Babu,2001-12-03,Male,Chennai,Tamil Nadu,India,2026-03-07,Inactive
CUS002164,INS000002,Vrinda,Sarkar,1990-09-23,Female,Chandigarh,Chandigarh,India,2023-10-28,Inactive
CUS002165,INS000004,Qarin,Balay,1977-11-20,Female,Mumbai,Maharashtra,India,2023-04-02,Active
CUS002166,INS000003,Daniel,Thaman,1969-03-28,Male,Mysuru,Karnataka,India,2021-03-20,Active
CUS002167,INS000003,Bahadurjit,Narain,1995-09-10,Female,Chennai,Tamil Nadu,India,2022-09-22,Active
CUS002168,INS000005,Falan,Yohannan,1985-11-18,Female,Kochi,Kerala,India,2025-06-14,Active
CUS002169,INS000003,Chanakya,Swamy,1996-03-19,Female,Thane,Maharashtra,India,2018-10-31,Active
CUS002170,INS000002,Abeer,Mandal,1987-02-18,Female,Pune,Maharashtra,India,2020-05-28,Active
CUS002171,INS000002,Nitara,Nath,2007-04-18,Female,Mumbai,Maharashtra,India,2025-03-30,Active
CUS002172,INS000001,Laksh,Bhavsar,1990-07-05,Other,Delhi,Delhi,India,2019-10-01,Active
CUS002173,INS000002,Vihaan,Borra,2000-02-04,Male,Mysuru,Karnataka,India,2022-06-23,Active
CUS002174,INS000003,Ekansh,Chanda,2007-02-25,Female,Chennai,Tamil Nadu,India,2021-01-22,Active
CUS002175,INS000002,Matthew,Chowdhury,1955-10-24,Male,Hyderabad,Telangana,India,2020-05-21,Active
CUS002176,INS000005,Aditya,Wali,1990-12-01,Male,Mysuru,Karnataka,India,2021-05-06,Active
CUS002177,INS000001,Tejas,Dutt,2006-05-05,Male,Patna,Bihar,India,2019-09-28,Active
CUS002178,INS000003,Yashasvi,Varghese,1960-04-03,Male,Jaipur,Rajasthan,India,2021-01-16,Active
CUS002179,INS000001,Tamanna,Chahal,1981-10-26,Female,Chennai,Tamil Nadu,India,2025-02-12,Active
CUS002180,INS000003,Kashvi,Sidhu,1970-09-25,Female,Bhubaneswar,Odisha,India,2025-02-18,Active
CUS002181,INS000005,Darpan,Halder,1966-02-22,Female,Bengaluru,Karnataka,India,2020-04-26,Active
CUS002182,INS000001,Vasudha,Bora,1972-11-05,Male,Bhubaneswar,Odisha,India,2025-11-23,Active
CUS002183,INS000004,Vinaya,Sankar,2006-12-15,Male,Ahmedabad,Gujarat,India,2024-04-24,Active
CUS002184,INS000003,Amol,Malhotra,1952-09-30,Female,Jaipur,Rajasthan,India,2024-10-21,Active
CUS002185,INS000004,Abeer,Shroff,1997-10-23,Male,Lucknow,Uttar Pradesh,India,2022-12-11,Active
CUS002186,INS000001,Nisha,Seth,1982-12-26,Female,Kolkata,West Bengal,India,2020-01-07,Active
CUS002187,INS000004,Advik,Doshi,1971-02-18,Female,Kolkata,West Bengal,India,2020-04-10,Active
CUS002188,INS000004,Anay,Narayanan,1950-09-07,Female,Bengaluru,Karnataka,India,2025-07-13,Inactive
CUS002189,INS000001,Anvi,Bora,1970-09-08,Female,Pune,Maharashtra,India,2020-03-12,Active
CUS002190,INS000005,Bhavini,Gopal,1993-08-21,Female,Bhubaneswar,Odisha,India,2020-05-20,Active
CUS002191,INS000004,Anay,Nori,1992-11-17,Male,Chennai,Tamil Nadu,India,2019-11-03,Active
CUS002192,INS000004,Yadavi,Setty,1997-06-14,Female,Kochi,Kerala,India,2019-08-13,Active
CUS002193,INS000005,Qushi,Wable,1969-03-20,Male,Mysuru,Karnataka,India,2019-01-31,Active
CUS002194,INS000004,Praneel,Sankaran,1999-01-16,Male,Hyderabad,Telangana,India,2023-06-24,Active
CUS002195,INS000004,Hredhaan,Bail,1965-09-18,Male,Kochi,Kerala,India,2020-07-06,Active
CUS002196,INS000004,Gopal,Ratti,1992-04-06,Female,Mysuru,Karnataka,India,2025-08-26,Active
CUS002197,INS000002,Manthan,Memon,1986-07-06,Male,Indore,Madhya Pradesh,India,2022-06-01,Active
CUS002198,INS000005,Wridesh,Ahuja,1989-05-29,Male,Nagpur,Maharashtra,India,2024-02-27,Active
CUS002199,INS000004,Rehaan,Ramakrishnan,1965-01-13,Male,Hyderabad,Telangana,India,2018-10-30,Active
CUS002200,INS000005,Zayyan,Bahl,1989-04-02,Female,Indore,Madhya Pradesh,India,2021-08-21,Active
CUS002201,INS000003,Irya,Anand,2004-01-25,Female,Nagpur,Maharashtra,India,2021-05-05,Active
CUS002202,INS000003,Amara,Kar,1953-04-27,Female,Hyderabad,Telangana,India,2021-03-10,Active
CUS002203,INS000004,Mekhala,Naidu,1979-02-17,Female,Pune,Maharashtra,India,2020-01-17,Inactive
CUS002204,INS000005,Farhan,Sane,1978-01-09,Male,Chennai,Tamil Nadu,India,2021-07-14,Active
CUS002205,INS000005,Kashvi,Dora,1953-07-14,Male,Surat,Gujarat,India,2026-01-06,Active
CUS002206,INS000005,Nidra,Lad,1951-04-04,Female,Pune,Maharashtra,India,2019-12-04,Active
CUS002207,INS000002,Tripti,Kapoor,1964-11-09,Male,Mysuru,Karnataka,India,2024-05-15,Active
CUS002208,INS000003,Yagnesh,Narain,1998-09-04,Male,Nagpur,Maharashtra,India,2020-08-01,Active
CUS002209,INS000005,Upkaar,Walia,1951-05-01,Male,Mumbai,Maharashtra,India,2018-11-01,Active
CUS002210,INS000005,Charita,Shankar,1968-08-31,Female,Mysuru,Karnataka,India,2019-05-25,Active
CUS002211,INS000002,Faris,Iyer,2002-05-20,Male,Jaipur,Rajasthan,India,2021-06-08,Active
CUS002212,INS000002,Azad,Pant,1957-05-26,Female,Kochi,Kerala,India,2020-11-01,Inactive
CUS002213,INS000005,Girik,Dua,1966-08-17,Male,Lucknow,Uttar Pradesh,India,2022-11-22,Active
CUS002214,INS000001,Nidra,Gulati,1951-09-01,Female,Patna,Bihar,India,2018-10-16,Active
CUS002215,INS000005,Ladli,Divan,1994-09-30,Male,Bhopal,Madhya Pradesh,India,2021-03-16,Active
CUS002216,INS000005,Krishna,Jhaveri,1985-08-24,Male,Ahmedabad,Gujarat,India,2024-01-20,Active
CUS002217,INS000002,Vamakshi,Morar,1996-05-01,Male,Lucknow,Uttar Pradesh,India,2019-05-06,Active
CUS002218,INS000002,Daksh,Golla,1982-04-07,Female,Patna,Bihar,India,2020-06-26,Active
CUS002219,INS000005,Aditya,Chaudhuri,1960-12-08,Male,Patna,Bihar,India,2022-09-24,Active
CUS002220,INS000005,Onveer,Bal,1997-04-01,Female,Bengaluru,Karnataka,India,2024-04-13,Active
CUS002221,INS000005,Fitan,Walla,1952-01-01,Female,Indore,Madhya Pradesh,India,2022-05-23,Active
CUS002222,INS000002,Xalak,Baral,1962-09-21,Female,Ahmedabad,Gujarat,India,2022-07-04,Inactive
CUS002223,INS000005,Radha,Datta,1972-10-16,Male,Thane,Maharashtra,India,2024-10-17,Active
CUS002224,INS000005,Garima,Zachariah,1995-03-15,Male,Jaipur,Rajasthan,India,2020-09-24,Inactive
CUS002225,INS000004,Girish,Pall,1995-02-05,Male,Kochi,Kerala,India,2023-03-24,Inactive
CUS002226,INS000001,Brijesh,Biswas,1993-06-06,Female,Mumbai,Maharashtra,India,2023-04-17,Active
CUS002227,INS000003,Victor,Narang,1952-11-30,Female,Ahmedabad,Gujarat,India,2020-09-03,Active
CUS002228,INS000001,Siddharth,Murty,1980-05-25,Female,Ahmedabad,Gujarat,India,2020-11-03,Active
CUS002229,INS000004,Vaishnavi,Karpe,2003-09-10,Female,Chandigarh,Chandigarh,India,2026-07-16,Active
CUS002230,INS000003,Anika,Joshi,1982-02-25,Male,Kolkata,West Bengal,India,2022-11-15,Active
CUS002231,INS000005,Chakradhar,Jaggi,1973-10-06,Male,Chennai,Tamil Nadu,India,2026-02-27,Active
CUS002232,INS000004,Falan,Mitter,2005-08-13,Female,Delhi,Delhi,India,2023-09-25,Active
CUS002233,INS000005,Avni,Gade,1987-01-17,Male,Kochi,Kerala,India,2025-10-27,Active
CUS002234,INS000002,Bachittar,Samra,1990-10-26,Male,Indore,Madhya Pradesh,India,2025-07-20,Active
CUS002235,INS000004,Praneel,Madan,1951-10-27,Female,Delhi,Delhi,India,2024-05-17,Active
CUS002236,INS000002,Divya,Kaul,1976-05-26,Male,Bhubaneswar,Odisha,India,2025-03-19,Active
CUS002237,INS000004,Amol,Kalla,1981-12-13,Female,Surat,Gujarat,India,2019-10-03,Active
CUS002238,INS000004,Sarthak,Pant,1959-05-23,Female,Chennai,Tamil Nadu,India,2024-09-04,Active
CUS002239,INS000002,Maanas,Bala,1969-04-05,Female,Delhi,Delhi,India,2021-11-07,Active
CUS002240,INS000003,Mitali,Devan,1985-11-14,Male,Chennai,Tamil Nadu,India,2025-09-01,Active
CUS002241,INS000001,Faraj,Sarraf,1970-03-15,Male,Chandigarh,Chandigarh,India,2024-05-18,Inactive
CUS002242,INS000005,Chandani,Dasgupta,2006-11-28,Female,Surat,Gujarat,India,2026-05-11,Active
CUS002243,INS000004,Nicholas,Prashad,1972-10-06,Male,Bhopal,Madhya Pradesh,India,2019-05-12,Active
CUS002244,INS000005,Wridesh,Bal,1990-09-28,Male,Delhi,Delhi,India,2020-05-01,Active
CUS002245,INS000002,Lopa,Sawhney,1991-09-28,Male,Jaipur,Rajasthan,India,2020-09-07,Active
CUS002246,INS000005,Garima,Joshi,1962-08-02,Male,Surat,Gujarat,India,2020-02-11,Active
CUS002247,INS000002,Leena,Rai,1962-06-01,Male,Chandigarh,Chandigarh,India,2024-05-23,Active
CUS002248,INS000005,Logan,Bawa,1964-05-01,Female,Bhopal,Madhya Pradesh,India,2022-05-18,Active
CUS002249,INS000001,Farhan,Sekhon,1992-05-29,Male,Thane,Maharashtra,India,2019-12-14,Active
CUS002250,INS000001,Xiti,Sarna,1958-04-07,Male,Hyderabad,Telangana,India,2024-09-27,Active
CUS002251,INS000001,Hiral,Rastogi,1953-10-26,Female,Thane,Maharashtra,India,2021-03-06,Active
CUS002252,INS000001,Chatresh,Issac,1961-08-12,Other,Bhopal,Madhya Pradesh,India,2024-08-21,Active
CUS002253,INS000001,Guneet,Jha,2007-10-04,Male,Chennai,Tamil Nadu,India,2024-08-07,Active
CUS002254,INS000001,Rajeshri,Rai,1968-01-01,Male,Bhubaneswar,Odisha,India,2021-09-22,Active
CUS002255,INS000002,Vincent,Dash,1999-11-26,Female,Kochi,Kerala,India,2020-12-04,Active
CUS002256,INS000004,Faqid,Chander,1979-10-13,Female,Bengaluru,Karnataka,India,2022-12-30,Active
CUS002257,INS000005,Harini,Gill,1980-01-08,Female,Bhubaneswar,Odisha,India,2025-10-23,Active
CUS002258,INS000001,Mekhala,Toor,1953-09-12,Female,Kolkata,West Bengal,India,2019-07-08,Active
CUS002259,INS000002,Eta,Varty,1995-03-08,Male,Patna,Bihar,India,2025-08-18,Active
CUS002260,INS000002,Ayushman,Dara,1975-08-28,Female,Delhi,Delhi,India,2021-06-05,Active
CUS002261,INS000002,Anjali,Gaba,1953-01-25,Male,Jaipur,Rajasthan,India,2026-06-04,Inactive
CUS002262,INS000004,Shravya,Kadakia,1992-05-08,Female,Chennai,Tamil Nadu,India,2023-11-30,Active
CUS002263,INS000005,Vritti,Dara,1985-09-12,Female,Jaipur,Rajasthan,India,2026-07-23,Active
CUS002264,INS000004,Vedant,Suresh,1978-08-12,Other,Mumbai,Maharashtra,India,2019-01-20,Active
CUS002265,INS000003,Ishani,Parmar,2006-10-17,Male,Patna,Bihar,India,2022-03-15,Active
CUS002266,INS000002,Keya,Nadig,1985-03-15,Male,Pune,Maharashtra,India,2020-08-12,Active
CUS002267,INS000003,Rachana,Sagar,1952-12-24,Female,Jaipur,Rajasthan,India,2019-09-06,Active
CUS002268,INS000001,Quincy,Halder,1990-01-05,Female,Bhubaneswar,Odisha,India,2024-08-11,Active
CUS002269,INS000001,Lajita,Kade,1957-05-31,Female,Hyderabad,Telangana,India,2023-10-07,Active
CUS002270,INS000004,Frederick,Chana,1991-02-28,Male,Hyderabad,Telangana,India,2026-07-02,Active
CUS002271,INS000005,Chakrika,Tripathi,1955-12-22,Male,Mumbai,Maharashtra,India,2020-02-09,Inactive
CUS002272,INS000003,Yatin,Parsa,1999-04-09,Female,Patna,Bihar,India,2025-05-01,Active
CUS002273,INS000005,Ethan,Sridhar,1998-04-18,Male,Chennai,Tamil Nadu,India,2021-11-29,Active
CUS002274,INS000004,Fitan,Kumer,1987-02-04,Female,Surat,Gujarat,India,2019-09-11,Active
CUS002275,INS000001,Amrita,Trivedi,2007-05-22,Male,Mumbai,Maharashtra,India,2023-09-04,Active
CUS002276,INS000005,Mitesh,Choudhury,2000-10-22,Female,Lucknow,Uttar Pradesh,India,2024-03-22,Active
CUS002277,INS000005,Lajita,Shan,1955-03-05,Female,Lucknow,Uttar Pradesh,India,2023-09-17,Active
CUS002278,INS000001,Mitesh,Babu,1962-03-08,Female,Nagpur,Maharashtra,India,2019-06-14,Active
CUS002279,INS000003,Lopa,Amble,2000-04-04,Male,Surat,Gujarat,India,2018-08-08,Active
CUS002280,INS000001,Edhitha,Rai,1959-01-10,Female,Chennai,Tamil Nadu,India,2024-08-29,Active
CUS002281,INS000005,Jalsa,Salvi,1973-03-17,Male,Kochi,Kerala,India,2025-12-18,Active
CUS002282,INS000003,Hredhaan,Ratta,1956-06-01,Female,Kolkata,West Bengal,India,2024-09-27,Active
CUS002283,INS000003,Gavin,Chaudhry,1970-01-18,Male,Bhopal,Madhya Pradesh,India,2022-03-08,Active
CUS002284,INS000001,Abdul,Pant,1966-08-04,Male,Hyderabad,Telangana,India,2021-02-19,Inactive
CUS002285,INS000005,Darika,Patel,1970-03-27,Male,Mysuru,Karnataka,India,2022-03-22,Active
CUS002286,INS000004,Sai,Mukherjee,1953-04-30,Male,Ahmedabad,Gujarat,India,2021-08-02,Active
CUS002287,INS000005,Jagvi,Bhattacharyya,1960-01-21,Other,Chandigarh,Chandigarh,India,2021-05-23,Active
CUS002288,INS000002,Anamika,Saraf,1973-10-06,Male,Chandigarh,Chandigarh,India,2025-09-20,Active
CUS002289,INS000004,Harsh,Mital,1961-06-01,Female,Chennai,Tamil Nadu,India,2023-10-21,Active
CUS002290,INS000003,Kevin,Karnik,1957-07-09,Other,Kochi,Kerala,India,2023-06-08,Active
CUS002291,INS000004,Gagan,Chad,1985-01-19,Male,Chandigarh,Chandigarh,India,2026-07-26,Active
CUS002292,INS000003,Rachit,Ramakrishnan,1973-12-28,Female,Thane,Maharashtra,India,2018-09-29,Active
CUS002293,INS000003,Raagini,Sinha,1967-09-23,Male,Kolkata,West Bengal,India,2022-01-13,Active
CUS002294,INS000004,Saumya,Babu,1976-12-24,Male,Ahmedabad,Gujarat,India,2020-02-15,Active
CUS002295,INS000003,Yauvani,Maharaj,1990-04-05,Male,Ahmedabad,Gujarat,India,2020-06-01,Active
CUS002296,INS000003,Nikita,Naik,2007-11-23,Female,Delhi,Delhi,India,2025-04-03,Active
CUS002297,INS000002,Harshil,Bath,1959-02-10,Male,Mysuru,Karnataka,India,2024-12-25,Active
CUS002298,INS000005,Atharv,Dhaliwal,1968-10-14,Female,Jaipur,Rajasthan,India,2021-12-04,Active
CUS002299,INS000005,Gaurav,Kothari,1985-06-09,Female,Nagpur,Maharashtra,India,2025-05-17,Inactive
CUS002300,INS000002,Irya,Goel,1977-11-19,Female,Nagpur,Maharashtra,India,2020-03-17,Active
CUS002301,INS000004,Girik,Andra,1951-01-03,Male,Bhopal,Madhya Pradesh,India,2024-08-24,Active
CUS002302,INS000001,Ekta,Dave,1978-04-16,Female,Hyderabad,Telangana,India,2020-06-11,Active
CUS002303,INS000001,Lekha,Venkataraman,1966-05-31,Female,Mysuru,Karnataka,India,2019-07-01,Active
CUS002304,INS000001,Advik,Dugal,1991-11-07,Female,Chandigarh,Chandigarh,India,2019-05-21,Active
CUS002305,INS000002,Bishakha,Dey,1967-10-14,Female,Chennai,Tamil Nadu,India,2021-10-02,Inactive
CUS002306,INS000002,Odika,Singhal,1992-09-24,Female,Hyderabad,Telangana,India,2019-01-09,Active
CUS002307,INS000003,Lipika,Barad,2006-03-14,Male,Chennai,Tamil Nadu,India,2019-01-30,Active
CUS002308,INS000001,Frado,Bhat,1953-11-21,Male,Ahmedabad,Gujarat,India,2025-07-06,Active
CUS002309,INS000004,Xavier,Kadakia,1981-06-12,Male,Mumbai,Maharashtra,India,2023-06-18,Active
CUS002310,INS000004,Omkaar,Memon,2002-04-27,Male,Thane,Maharashtra,India,2021-03-25,Active
CUS002311,INS000001,Lajita,Prabhu,1995-05-31,Male,Patna,Bihar,India,2020-04-01,Active
CUS002312,INS000001,Omkaar,Sachdeva,2003-11-17,Male,Bhubaneswar,Odisha,India,2018-10-07,Active
CUS002313,INS000001,Liam,Dugar,2002-07-15,Male,Delhi,Delhi,India,2019-12-22,Active
CUS002314,INS000002,Amruta,Saini,1955-03-28,Other,Indore,Madhya Pradesh,India,2024-08-10,Active
CUS002315,INS000002,Charvi,Gera,1994-02-21,Male,Patna,Bihar,India,2022-11-30,Inactive
CUS002316,INS000002,Amrita,Ghosh,1967-05-19,Female,Mysuru,Karnataka,India,2025-09-18,Active
CUS002317,INS000005,Waida,Venkataraman,1993-11-11,Female,Pune,Maharashtra,India,2020-05-02,Active
CUS002318,INS000004,Madhav,Doshi,1998-04-30,Female,Nagpur,Maharashtra,India,2020-07-08,Active
CUS002319,INS000004,Dev,Golla,1983-10-18,Female,Bengaluru,Karnataka,India,2018-12-31,Active
CUS002320,INS000003,Oliver,Patla,1992-11-22,Male,Kochi,Kerala,India,2021-10-30,Active
CUS002321,INS000002,Radhika,Choudhary,1984-01-16,Male,Mumbai,Maharashtra,India,2024-02-08,Active
CUS002322,INS000005,Anya,Gaba,1975-01-12,Male,Kochi,Kerala,India,2026-02-21,Active
CUS002323,INS000005,Oviya,Balan,1996-07-29,Male,Kolkata,West Bengal,India,2022-07-30,Inactive
CUS002324,INS000004,Chandani,Tank,1997-03-24,Female,Indore,Madhya Pradesh,India,2022-06-01,Active
CUS002325,INS000002,Veda,Jani,2008-06-22,Female,Nagpur,Maharashtra,India,2024-01-24,Active
CUS002326,INS000003,Faraj,Mohan,1958-04-10,Male,Mysuru,Karnataka,India,2023-06-05,Active
CUS002327,INS000002,Jalsa,Raval,1974-03-26,Male,Ahmedabad,Gujarat,India,2021-10-07,Active
CUS002328,INS000001,Zayan,Prakash,1964-12-30,Male,Mumbai,Maharashtra,India,2022-07-11,Active
CUS002329,INS000002,Yatin,Lanka,1991-05-20,Male,Bhopal,Madhya Pradesh,India,2021-03-16,Active
CUS002330,INS000001,Warhi,Nagi,1984-01-09,Female,Nagpur,Maharashtra,India,2019-10-01,Active
CUS002331,INS000001,Rohan,Balakrishnan,2004-02-16,Male,Mysuru,Karnataka,India,2021-10-19,Active
CUS002332,INS000003,Tanvi,Bal,1971-09-03,Female,Indore,Madhya Pradesh,India,2022-10-06,Active
CUS002333,INS000004,Hredhaan,Narula,2007-03-23,Male,Hyderabad,Telangana,India,2020-12-25,Active
CUS002334,INS000002,Krishna,Balakrishnan,1958-08-06,Male,Bengaluru,Karnataka,India,2019-12-08,Active
CUS002335,INS000001,Daksha,Singhal,1972-11-22,Female,Ahmedabad,Gujarat,India,2025-04-07,Inactive
CUS002336,INS000002,Abeer,Banerjee,1993-07-07,Female,Bhubaneswar,Odisha,India,2023-05-04,Active
CUS002337,INS000004,Meghana,Dhawan,1968-01-27,Other,Mumbai,Maharashtra,India,2025-01-14,Active
CUS002338,INS000004,Gaurangi,Reddy,1958-02-15,Female,Chennai,Tamil Nadu,India,2024-11-04,Active
CUS002339,INS000005,Lajita,Batra,1978-10-19,Male,Chandigarh,Chandigarh,India,2023-07-17,Active
CUS002340,INS000004,Forum,Zacharia,1982-10-27,Male,Nagpur,Maharashtra,India,2024-09-19,Active
CUS002341,INS000003,Ria,Purohit,1976-08-10,Female,Bhopal,Madhya Pradesh,India,2024-02-02,Active
CUS002342,INS000001,Gaurika,Vohra,1963-02-18,Female,Mumbai,Maharashtra,India,2020-03-24,Active
CUS002343,INS000005,Qushi,Gara,1973-02-13,Female,Pune,Maharashtra,India,2025-11-17,Active
CUS002344,INS000003,Laban,Dugar,1973-11-16,Male,Kochi,Kerala,India,2023-07-04,Active
CUS002345,INS000002,Charita,Chaudhry,1969-10-11,Other,Pune,Maharashtra,India,2025-08-09,Active
CUS002346,INS000001,Ekani,Aurora,1997-09-24,Male,Mumbai,Maharashtra,India,2021-09-23,Active
CUS002347,INS000004,Sai,Palla,1973-06-01,Female,Kolkata,West Bengal,India,2022-05-28,Active
CUS002348,INS000001,Varenya,Kapoor,1953-01-03,Female,Chennai,Tamil Nadu,India,2024-11-29,Active
CUS002349,INS000002,Dipta,Chanda,1973-07-23,Male,Ahmedabad,Gujarat,India,2026-02-04,Active
CUS002350,INS000005,Peter,Saini,1975-10-09,Female,Chandigarh,Chandigarh,India,2021-07-06,Active
CUS002351,INS000005,Mitali,Bhatti,1951-02-01,Male,Pune,Maharashtra,India,2023-07-27,Active
CUS002352,INS000005,Eiravati,Chowdhury,1953-02-25,Other,Bhopal,Madhya Pradesh,India,2025-01-25,Active
CUS002353,INS000004,Bishakha,Soni,1992-12-29,Male,Mysuru,Karnataka,India,2021-04-15,Active
CUS002354,INS000003,Vritti,Shetty,2002-01-20,Female,Thane,Maharashtra,India,2021-09-19,Active
CUS002355,INS000003,Xavier,Sagar,1955-09-09,Male,Chandigarh,Chandigarh,India,2025-01-01,Inactive
CUS002356,INS000001,Eshana,Yadav,1987-05-02,Female,Bhopal,Madhya Pradesh,India,2024-07-14,Active
CUS002357,INS000004,Krisha,Sarraf,1966-01-10,Female,Mysuru,Karnataka,India,2020-12-05,Active
CUS002358,INS000005,Avni,Desai,1951-01-24,Male,Chennai,Tamil Nadu,India,2024-03-28,Active
CUS002359,INS000005,Maya,Acharya,1982-03-19,Male,Kochi,Kerala,India,2021-12-07,Active
CUS002360,INS000002,Janya,Mukhopadhyay,1957-08-07,Female,Surat,Gujarat,India,2025-04-01,Active
CUS002361,INS000002,Ishaan,Soni,2000-06-16,Male,Chandigarh,Chandigarh,India,2022-03-28,Inactive
CUS002362,INS000005,Ryan,Singh,1984-08-17,Female,Surat,Gujarat,India,2019-04-01,Active
CUS002363,INS000005,Pranit,Kurian,1984-12-16,Male,Lucknow,Uttar Pradesh,India,2022-10-21,Active
CUS002364,INS000004,Avi,Dave,2007-12-07,Female,Chennai,Tamil Nadu,India,2023-06-05,Active
CUS002365,INS000003,Triya,Naidu,1954-01-02,Male,Delhi,Delhi,India,2023-09-28,Active
CUS002366,INS000002,Shaurya,Zacharia,1993-07-26,Male,Indore,Madhya Pradesh,India,2019-11-12,Active
CUS002367,INS000003,Raksha,Pau,1987-09-02,Male,Thane,Maharashtra,India,2021-11-16,Active
CUS002368,INS000004,Bishakha,Char,1958-11-26,Male,Lucknow,Uttar Pradesh,India,2022-06-03,Active
CUS002369,INS000005,Ekapad,Sridhar,1958-06-12,Male,Kolkata,West Bengal,India,2019-04-27,Active
CUS002370,INS000003,Nilima,Tailor,1985-11-19,Female,Delhi,Delhi,India,2022-01-18,Active
CUS002371,INS000005,Xalak,Hayre,1970-04-06,Female,Kochi,Kerala,India,2023-04-08,Active
CUS002372,INS000005,Liam,Dass,1990-07-16,Female,Hyderabad,Telangana,India,2021-11-24,Active
CUS002373,INS000001,Chavvi,Kanda,1995-02-10,Female,Bhubaneswar,Odisha,India,2022-02-11,Active
CUS002374,INS000003,Wyatt,Varma,1977-04-14,Male,Lucknow,Uttar Pradesh,India,2020-02-03,Active
CUS002375,INS000003,Zayyan,Dayal,1972-02-14,Female,Mysuru,Karnataka,India,2019-09-28,Active
CUS002376,INS000005,Mitesh,Dhar,1977-09-18,Male,Chandigarh,Chandigarh,India,2024-03-20,Active
CUS002377,INS000004,Pallavi,Kar,1985-04-03,Female,Hyderabad,Telangana,India,2023-09-29,Active
CUS002378,INS000001,Krishna,Butala,1964-01-06,Male,Kochi,Kerala,India,2023-10-18,Active
CUS002379,INS000005,Ethan,Chandran,1957-02-07,Male,Nagpur,Maharashtra,India,2025-11-29,Active
CUS002380,INS000002,Saumya,Raval,1988-04-04,Male,Ahmedabad,Gujarat,India,2026-07-03,Active
CUS002381,INS000002,Varenya,Mandal,1961-06-05,Female,Hyderabad,Telangana,India,2023-04-27,Inactive
CUS002382,INS000001,Nandini,Cheema,1973-05-12,Male,Lucknow,Uttar Pradesh,India,2025-02-02,Inactive
CUS002383,INS000004,Yashawini,Krish,1953-06-22,Female,Thane,Maharashtra,India,2020-12-27,Active
CUS002384,INS000005,Omya,Kara,1992-03-01,Male,Bengaluru,Karnataka,India,2022-06-29,Active
CUS002385,INS000003,Balhaar,Krishna,1975-07-25,Female,Bhopal,Madhya Pradesh,India,2024-06-30,Active
CUS002386,INS000001,Jagvi,Goyal,1958-04-26,Female,Mumbai,Maharashtra,India,2018-10-17,Active
CUS002387,INS000004,Frederick,Mitra,2006-09-09,Male,Mumbai,Maharashtra,India,2020-11-03,Active
CUS002388,INS000003,Ikbal,Narasimhan,1970-10-31,Female,Indore,Madhya Pradesh,India,2020-05-28,Active
CUS002389,INS000002,Yuvraj,Shere,1997-11-09,Female,Kochi,Kerala,India,2020-05-23,Active
CUS002390,INS000002,Isha,Venkatesh,1979-03-13,Female,Delhi,Delhi,India,2026-04-10,Inactive
CUS002391,INS000003,Ojas,Varughese,1967-09-23,Female,Kochi,Kerala,India,2024-06-14,Active
CUS002392,INS000001,Chaitanya,Loke,1969-04-04,Female,Chennai,Tamil Nadu,India,2021-09-12,Active
CUS002393,INS000002,Mugdha,Deep,1997-08-28,Female,Bhubaneswar,Odisha,India,2024-11-17,Active
CUS002394,INS000005,Garima,Narang,2007-07-12,Male,Pune,Maharashtra,India,2022-04-02,Active
CUS002395,INS000003,Qushi,Sami,1984-11-07,Female,Surat,Gujarat,India,2019-05-30,Active
CUS002396,INS000003,Hitesh,Prasad,1958-07-20,Male,Bengaluru,Karnataka,India,2022-01-30,Inactive
CUS002397,INS000002,Advaith,Dhillon,1969-02-07,Male,Lucknow,Uttar Pradesh,India,2022-04-13,Active
CUS002398,INS000001,Guneet,Banerjee,1993-12-08,Female,Mumbai,Maharashtra,India,2019-10-21,Active
CUS002399,INS000005,Aarna,Rajan,2006-06-08,Male,Pune,Maharashtra,India,2025-02-08,Active
CUS002400,INS000001,Tristan,Bava,1966-12-05,Male,Bhubaneswar,Odisha,India,2020-07-22,Active
CUS002401,INS000004,Yashvi,Hora,1967-02-24,Female,Bhopal,Madhya Pradesh,India,2021-11-16,Active
CUS002402,INS000004,Zilmil,Gopal,1969-09-14,Female,Lucknow,Uttar Pradesh,India,2025-11-04,Inactive
CUS002403,INS000002,Timothy,Atwal,1980-05-26,Female,Patna,Bihar,India,2024-08-17,Active
CUS002404,INS000002,Sanaya,Dhar,1957-10-24,Female,Chennai,Tamil Nadu,India,2020-05-14,Active
CUS002405,INS000002,Kavya,Bandi,1951-07-19,Female,Kochi,Kerala,India,2018-11-28,Inactive
CUS002406,INS000004,Mahika,Khanna,1983-02-22,Male,Chennai,Tamil Nadu,India,2022-04-29,Active
CUS002407,INS000001,Ubika,Edwin,1992-04-07,Male,Chennai,Tamil Nadu,India,2022-11-05,Active
CUS002408,INS000001,Xiti,Ranganathan,1985-02-15,Female,Bhubaneswar,Odisha,India,2026-03-10,Inactive
CUS002409,INS000002,Matthew,Naidu,1970-10-11,Male,Kolkata,West Bengal,India,2020-04-06,Active
CUS002410,INS000005,Hemani,Apte,1970-12-04,Female,Bengaluru,Karnataka,India,2020-04-30,Active
CUS002411,INS000001,Aryan,Srivastava,1962-11-10,Female,Surat,Gujarat,India,2024-10-08,Active
CUS002412,INS000004,Vasudha,Sule,2002-01-03,Male,Hyderabad,Telangana,India,2024-06-02,Active
CUS002413,INS000003,Henry,Padmanabhan,1999-08-18,Female,Ahmedabad,Gujarat,India,2023-04-04,Active
CUS002414,INS000003,Chakrika,Guha,1994-10-20,Female,Kochi,Kerala,India,2019-03-18,Active
CUS002415,INS000003,Ojasvi,Ravi,1973-09-10,Male,Mysuru,Karnataka,India,2022-08-08,Active
CUS002416,INS000005,Frederick,Seth,1974-02-27,Other,Surat,Gujarat,India,2024-08-21,Active
CUS002417,INS000002,Jack,Kala,2000-11-19,Female,Mumbai,Maharashtra,India,2023-12-01,Active
CUS002418,INS000004,Lucky,Setty,1985-03-26,Male,Delhi,Delhi,India,2021-07-09,Active
CUS002419,INS000005,Ijaya,Lall,1990-05-19,Female,Chennai,Tamil Nadu,India,2021-12-13,Active
CUS002420,INS000004,Devika,Sarraf,1959-04-08,Female,Mysuru,Karnataka,India,2023-07-30,Active
CUS002421,INS000004,Hemal,Dalal,1979-03-20,Female,Bhopal,Madhya Pradesh,India,2019-03-12,Active
CUS002422,INS000002,Tamanna,Mammen,1979-04-25,Female,Nagpur,Maharashtra,India,2022-08-18,Active
CUS002423,INS000003,Samuel,Varkey,1968-11-12,Female,Mysuru,Karnataka,India,2022-03-26,Active
CUS002424,INS000002,Vasudha,Nazareth,1974-03-25,Male,Lucknow,Uttar Pradesh,India,2025-10-13,Active
CUS002425,INS000005,Ijaya,Nazareth,1951-04-20,Female,Surat,Gujarat,India,2019-06-06,Active
CUS002426,INS000005,Vamakshi,Grewal,2006-11-01,Female,Bhopal,Madhya Pradesh,India,2021-09-03,Active
CUS002427,INS000005,Gunbir,Kumer,1974-04-15,Male,Surat,Gujarat,India,2021-08-31,Active
CUS002428,INS000002,Raksha,Om,1997-08-19,Male,Bengaluru,Karnataka,India,2026-05-05,Inactive
CUS002429,INS000004,Sneha,Sura,1999-05-05,Other,Bhubaneswar,Odisha,India,2023-03-11,Active
CUS002430,INS000004,Eiravati,Shan,1968-07-22,Female,Hyderabad,Telangana,India,2022-06-02,Inactive
CUS002431,INS000001,Ekalinga,Char,1975-02-20,Female,Bhubaneswar,Odisha,India,2020-05-11,Active
CUS002432,INS000005,Charita,Oommen,1976-07-25,Female,Surat,Gujarat,India,2024-07-08,Active
CUS002433,INS000004,Chaitanya,Venkataraman,1967-10-15,Female,Bhubaneswar,Odisha,India,2019-07-16,Active
CUS002434,INS000001,Ishwar,Lall,2000-09-11,Female,Delhi,Delhi,India,2018-12-25,Active
CUS002435,INS000004,Arin,Bhatnagar,1959-07-20,Female,Thane,Maharashtra,India,2025-05-11,Active
CUS002436,INS000005,Hemal,Pau,1975-01-20,Male,Delhi,Delhi,India,2024-12-22,Active
CUS002437,INS000003,Ikbal,Sandhu,2004-01-19,Female,Mysuru,Karnataka,India,2023-09-13,Active
CUS002438,INS000005,Nitesh,Bal,1951-07-13,Female,Mysuru,Karnataka,India,2022-04-19,Active
CUS002439,INS000002,Yagnesh,Date,1962-01-04,Female,Lucknow,Uttar Pradesh,India,2020-12-28,Active
CUS002440,INS000004,Zaitra,Chandra,1996-12-27,Female,Thane,Maharashtra,India,2024-11-05,Active
CUS002441,INS000004,Owen,Karan,1954-04-01,Female,Delhi,Delhi,India,2021-11-23,Active
CUS002442,INS000002,Nathaniel,Shankar,1979-10-31,Male,Chennai,Tamil Nadu,India,2021-05-06,Active
CUS002443,INS000002,Ganga,Choudhry,1952-03-05,Male,Chennai,Tamil Nadu,India,2026-07-17,Active
CUS002444,INS000003,Pooja,Dara,1972-04-26,Male,Indore,Madhya Pradesh,India,2018-11-23,Inactive
CUS002445,INS000004,Turvi,Merchant,1962-02-22,Male,Thane,Maharashtra,India,2020-12-14,Active
CUS002446,INS000004,Vincent,Date,1950-11-08,Other,Chennai,Tamil Nadu,India,2023-07-14,Active
CUS002447,INS000003,Nidhi,Palan,1976-03-11,Male,Chennai,Tamil Nadu,India,2020-09-08,Active
CUS002448,INS000001,Qarin,Mohanty,1990-01-02,Male,Kolkata,West Bengal,India,2024-08-29,Inactive
CUS002449,INS000003,Quincy,Sethi,1987-06-03,Female,Mumbai,Maharashtra,India,2024-09-14,Active
CUS002450,INS000005,Rachana,Sarin,1955-10-31,Female,Surat,Gujarat,India,2023-05-04,Active
CUS002451,INS000004,Meghana,Butala,1979-06-07,Male,Bengaluru,Karnataka,India,2023-04-14,Active
CUS002452,INS000002,Ayush,Thaman,1956-01-18,Female,Bengaluru,Karnataka,India,2025-06-04,Active
CUS002453,INS000005,Rudra,Gopal,1975-02-24,Female,Bhopal,Madhya Pradesh,India,2021-10-15,Active
CUS002454,INS000004,Shivani,Rao,1970-09-20,Male,Kochi,Kerala,India,2026-07-22,Active
CUS002455,INS000003,Pushti,Vaidya,1976-02-15,Male,Mysuru,Karnataka,India,2025-05-22,Active
CUS002456,INS000005,Lopa,Hayer,1954-03-10,Female,Kochi,Kerala,India,2019-05-24,Active
CUS002457,INS000004,Aayush,Dhar,1958-01-29,Female,Jaipur,Rajasthan,India,2025-06-10,Active
CUS002458,INS000001,Tanish,Kapadia,1965-06-06,Female,Chandigarh,Chandigarh,India,2025-07-07,Active
CUS002459,INS000001,Samesh,Badal,1954-12-15,Male,Mumbai,Maharashtra,India,2025-11-11,Inactive
CUS002460,INS000002,Arya,Issac,1964-10-29,Male,Bengaluru,Karnataka,India,2024-03-21,Active
CUS002461,INS000004,Dev,Pandya,1969-07-13,Female,Patna,Bihar,India,2023-06-24,Active
CUS002462,INS000001,Harsh,Vora,1976-04-03,Male,Kochi,Kerala,India,2018-12-04,Active
CUS002463,INS000003,Rachit,Doshi,1965-12-28,Male,Hyderabad,Telangana,India,2022-02-27,Active
CUS002464,INS000004,Jasmit,Wali,1991-10-06,Female,Lucknow,Uttar Pradesh,India,2025-09-12,Active
CUS002465,INS000003,Eshana,Vohra,2006-10-13,Male,Ahmedabad,Gujarat,India,2019-08-30,Active
CUS002466,INS000003,Ronith,Batta,1993-01-19,Female,Lucknow,Uttar Pradesh,India,2021-10-01,Inactive
CUS002467,INS000001,Tanvi,Walia,1971-10-17,Female,Indore,Madhya Pradesh,India,2026-07-11,Active
CUS002468,INS000004,Ishaan,Patil,1956-03-25,Male,Ahmedabad,Gujarat,India,2021-08-31,Active
CUS002469,INS000005,Adweta,Zacharia,1997-09-04,Female,Hyderabad,Telangana,India,2023-10-12,Active
CUS002470,INS000001,Vrishti,Karpe,1990-11-16,Male,Hyderabad,Telangana,India,2025-08-28,Active
CUS002471,INS000001,Dhriti,Wali,2007-11-17,Female,Bhopal,Madhya Pradesh,India,2024-06-16,Active
CUS002472,INS000004,Lipika,Ganesan,1977-09-19,Male,Delhi,Delhi,India,2022-07-09,Inactive
CUS002473,INS000004,Manya,Prasad,1953-10-03,Male,Mysuru,Karnataka,India,2025-03-22,Active
CUS002474,INS000003,Ishaan,Dutt,1992-07-08,Female,Kochi,Kerala,India,2020-06-12,Active
CUS002475,INS000004,Ijaya,Chaudhry,1957-09-28,Male,Lucknow,Uttar Pradesh,India,2021-08-08,Active
CUS002476,INS000003,Indira,Gandhi,2004-09-30,Female,Chennai,Tamil Nadu,India,2020-06-10,Active
CUS002477,INS000001,Tanvi,Kara,1955-03-28,Male,Nagpur,Maharashtra,India,2021-07-30,Active
CUS002478,INS000002,Orinder,Doshi,1987-11-23,Male,Mumbai,Maharashtra,India,2022-05-27,Active
CUS002479,INS000005,Chameli,Zachariah,1981-01-13,Female,Mysuru,Karnataka,India,2021-10-28,Active
CUS002480,INS000001,Frado,Samra,1983-12-26,Male,Mumbai,Maharashtra,India,2018-09-30,Active
CUS002481,INS000004,Krish,Jain,1973-09-04,Male,Bengaluru,Karnataka,India,2025-01-06,Active
CUS002482,INS000005,Dhriti,Mallick,2006-07-16,Female,Bhubaneswar,Odisha,India,2021-06-28,Active
CUS002483,INS000002,Jacob,Bawa,2004-12-06,Female,Bengaluru,Karnataka,India,2018-09-09,Active
CUS002484,INS000002,William,Rattan,1999-10-06,Female,Bengaluru,Karnataka,India,2018-09-03,Active
CUS002485,INS000003,Dalaja,Minhas,1974-01-25,Other,Bhopal,Madhya Pradesh,India,2023-01-27,Active
CUS002486,INS000005,Jackson,Ramakrishnan,1963-01-22,Male,Jaipur,Rajasthan,India,2019-07-07,Active
CUS002487,INS000003,Qadim,Vig,1969-09-30,Female,Hyderabad,Telangana,India,2020-03-01,Active
CUS002488,INS000001,Kashvi,Sama,2001-12-10,Male,Lucknow,Uttar Pradesh,India,2022-09-07,Active
CUS002489,INS000005,Lohit,Soni,1982-09-19,Female,Bhubaneswar,Odisha,India,2024-11-05,Active
CUS002490,INS000001,Yasti,Sidhu,1961-11-25,Male,Kolkata,West Bengal,India,2023-03-11,Active
CUS002491,INS000003,Lipika,Nagy,1969-04-17,Other,Jaipur,Rajasthan,India,2019-05-20,Inactive
CUS002492,INS000005,Omya,Deshpande,1985-10-28,Female,Bhubaneswar,Odisha,India,2022-04-11,Active
CUS002493,INS000003,Lakshit,Mital,1965-11-26,Female,Kolkata,West Bengal,India,2025-12-05,Inactive
CUS002494,INS000005,Leela,Acharya,1989-06-29,Female,Mysuru,Karnataka,India,2024-12-13,Active
CUS002495,INS000003,Pallavi,Borde,1977-04-13,Female,Mumbai,Maharashtra,India,2023-10-07,Active
CUS002496,INS000002,Quincy,Krishnamurthy,1982-04-28,Female,Mysuru,Karnataka,India,2018-08-21,Active
CUS002497,INS000003,Vidhi,Muni,1951-01-01,Male,Kolkata,West Bengal,India,2026-06-26,Active
CUS002498,INS000002,Oscar,Joshi,1990-06-05,Male,Kolkata,West Bengal,India,2023-09-27,Active
CUS002499,INS000003,Ojas,Bhavsar,1953-06-14,Male,Kolkata,West Bengal,India,2023-05-19,Active
CUS002500,INS000005,Vrishti,Bhargava,1961-05-16,Male,Chandigarh,Chandigarh,India,2026-06-26,Active
CUS002501,INS000005,Bhavya,Roy,1964-09-08,Female,Nagpur,Maharashtra,India,2022-06-20,Active
CUS002502,INS000005,Logan,Dey,1993-11-15,Female,Bengaluru,Karnataka,India,2023-09-25,Active
CUS002503,INS000004,Rachit,Dhawan,1978-05-05,Female,Kolkata,West Bengal,India,2023-03-31,Active
CUS002504,INS000001,Divya,Srivastava,1978-02-04,Other,Ahmedabad,Gujarat,India,2022-08-15,Active
CUS002505,INS000005,Shravya,Dyal,1993-01-01,Female,Bhopal,Madhya Pradesh,India,2024-05-29,Active
CUS002506,INS000002,Chatresh,Kibe,1982-01-15,Male,Thane,Maharashtra,India,2024-01-17,Inactive
CUS002507,INS000005,Jagrati,Raman,1964-10-09,Male,Chandigarh,Chandigarh,India,2019-08-04,Active
CUS002508,INS000004,Aditya,Dutta,1950-12-12,Male,Patna,Bihar,India,2022-09-25,Active
CUS002509,INS000002,Vedhika,Saini,1987-11-11,Male,Lucknow,Uttar Pradesh,India,2021-08-03,Active
CUS002510,INS000004,Laban,Raman,1983-04-18,Female,Mumbai,Maharashtra,India,2024-04-01,Active
CUS002511,INS000002,Robert,Hari,1960-02-10,Female,Ahmedabad,Gujarat,India,2021-11-30,Active
CUS002512,INS000003,Leena,Kothari,1985-08-08,Female,Mysuru,Karnataka,India,2020-09-08,Active
CUS002513,INS000001,Yashasvi,Palla,1975-09-08,Female,Patna,Bihar,India,2025-09-13,Active
CUS002514,INS000001,Warda,Bobal,1964-08-18,Female,Mumbai,Maharashtra,India,2023-01-07,Active
CUS002515,INS000004,Nilima,Kara,1961-08-07,Male,Hyderabad,Telangana,India,2018-08-18,Active
CUS002516,INS000001,Vyanjana,Majumdar,1998-01-04,Female,Surat,Gujarat,India,2025-09-21,Active
CUS002517,INS000004,Ojasvi,Dey,1990-08-19,Male,Mysuru,Karnataka,India,2023-02-02,Active
CUS002518,INS000004,Sachi,Ratti,1985-08-13,Male,Hyderabad,Telangana,India,2019-10-04,Active
CUS002519,INS000004,Vrinda,Dasgupta,1978-05-21,Male,Mysuru,Karnataka,India,2025-11-05,Active
CUS002520,INS000001,Oliver,Doshi,1996-03-13,Female,Chennai,Tamil Nadu,India,2020-01-14,Active
CUS002521,INS000004,Fitan,Jha,1958-05-01,Male,Pune,Maharashtra,India,2021-01-03,Active
CUS002522,INS000001,Azaan,Sawhney,1983-05-27,Male,Ahmedabad,Gujarat,India,2025-04-30,Active
CUS002523,INS000004,Thomas,Dhar,2000-07-08,Female,Ahmedabad,Gujarat,India,2022-01-24,Active
CUS002524,INS000005,Brinda,Majumdar,1967-05-15,Female,Hyderabad,Telangana,India,2026-05-19,Active
CUS002525,INS000004,Bachittar,Narang,1952-11-30,Male,Ahmedabad,Gujarat,India,2021-11-27,Active
CUS002526,INS000002,Anvi,Apte,2000-12-23,Male,Bhopal,Madhya Pradesh,India,2019-05-05,Active
CUS002527,INS000004,Umang,Dalal,2004-01-20,Female,Thane,Maharashtra,India,2024-03-11,Active
CUS002528,INS000003,Bhavya,Verma,1969-04-14,Male,Indore,Madhya Pradesh,India,2021-06-23,Active
CUS002529,INS000004,Om,Mukhopadhyay,1994-11-10,Female,Indore,Madhya Pradesh,India,2022-01-23,Active
CUS002530,INS000002,Tanvi,Viswanathan,1997-11-24,Female,Pune,Maharashtra,India,2021-11-15,Active
CUS002531,INS000002,Warhi,Chauhan,2004-10-26,Male,Delhi,Delhi,India,2020-01-25,Active
CUS002532,INS000001,Yasti,Sinha,2002-07-22,Male,Indore,Madhya Pradesh,India,2021-10-29,Inactive
CUS002533,INS000005,Isaiah,Kata,1977-04-17,Male,Lucknow,Uttar Pradesh,India,2026-05-22,Active
CUS002534,INS000004,Ishaan,Sarma,1986-05-28,Male,Mumbai,Maharashtra,India,2025-02-11,Active
CUS002535,INS000001,Amrita,Misra,1985-01-14,Male,Bhopal,Madhya Pradesh,India,2020-12-27,Active
CUS002536,INS000005,Jeevika,Dash,1961-06-09,Female,Thane,Maharashtra,India,2020-05-07,Active
CUS002537,INS000004,Benjamin,Sha,1960-03-10,Male,Bhubaneswar,Odisha,India,2025-02-06,Inactive
CUS002538,INS000003,Ridhi,Dube,1978-01-21,Female,Chandigarh,Chandigarh,India,2020-03-17,Active
CUS002539,INS000004,Tejas,Bobal,1964-05-01,Female,Hyderabad,Telangana,India,2024-08-19,Active
CUS002540,INS000002,Pavani,Om,2004-09-19,Male,Delhi,Delhi,India,2020-01-03,Active
CUS002541,INS000002,Harsh,Magar,1959-11-07,Male,Patna,Bihar,India,2026-06-26,Active
CUS002542,INS000003,Yug,Baria,1992-05-31,Male,Kochi,Kerala,India,2023-12-28,Active
CUS002543,INS000001,Chameli,Raj,2000-11-30,Male,Indore,Madhya Pradesh,India,2022-10-11,Active
CUS002544,INS000005,Bachittar,Kumer,1988-05-26,Female,Mysuru,Karnataka,India,2018-10-20,Active
CUS002545,INS000004,Shivani,Chowdhury,1953-04-24,Male,Pune,Maharashtra,India,2023-03-23,Active
CUS002546,INS000002,Adya,Shukla,1964-06-03,Female,Delhi,Delhi,India,2019-07-19,Active
CUS002547,INS000001,Ijaya,Sandhu,1961-03-06,Male,Delhi,Delhi,India,2024-10-17,Active
CUS002548,INS000003,Gagan,Ganguly,1983-12-19,Male,Surat,Gujarat,India,2025-09-20,Active
CUS002549,INS000002,Reva,Sur,1965-03-07,Female,Nagpur,Maharashtra,India,2019-03-22,Active
CUS002550,INS000003,Jacob,Manne,2008-02-11,Female,Bhopal,Madhya Pradesh,India,2021-11-04,Active
CUS002551,INS000004,Warjas,Kar,1954-05-21,Male,Surat,Gujarat,India,2020-08-21,Active
CUS002552,INS000005,Shaurya,Virk,1986-05-18,Male,Ahmedabad,Gujarat,India,2023-01-23,Active
CUS002553,INS000002,Indali,Chauhan,1963-10-28,Female,Kolkata,West Bengal,India,2022-03-08,Active
CUS002554,INS000002,Priya,Chakrabarti,1996-11-27,Male,Delhi,Delhi,India,2026-05-28,Inactive
CUS002555,INS000004,Noah,Patil,1980-07-18,Male,Surat,Gujarat,India,2020-12-21,Active
CUS002556,INS000001,Liam,Khurana,1967-08-13,Female,Bengaluru,Karnataka,India,2022-02-26,Active
CUS002557,INS000005,Samuel,Talwar,1962-12-03,Female,Thane,Maharashtra,India,2025-04-22,Active
CUS002558,INS000002,Samuel,Sankaran,1967-10-28,Female,Nagpur,Maharashtra,India,2023-02-22,Active
CUS002559,INS000005,Daniel,Sama,1988-11-14,Female,Thane,Maharashtra,India,2026-03-29,Inactive
CUS002560,INS000002,Indali,Bhandari,1985-09-02,Female,Surat,Gujarat,India,2026-03-18,Inactive
CUS002561,INS000005,Avni,Cheema,1981-01-24,Female,Kolkata,West Bengal,India,2024-01-13,Active
CUS002562,INS000003,Om,Mammen,2002-03-11,Female,Bengaluru,Karnataka,India,2024-01-16,Active
CUS002563,INS000002,Ekiya,Majumdar,1951-02-16,Female,Kolkata,West Bengal,India,2025-08-18,Active
CUS002564,INS000005,Brinda,Krishnamurthy,1989-08-13,Female,Mumbai,Maharashtra,India,2018-10-22,Active
CUS002565,INS000001,Bimala,Trivedi,1969-10-27,Male,Delhi,Delhi,India,2025-02-06,Active
CUS002566,INS000003,Amara,Narasimhan,1969-03-23,Male,Thane,Maharashtra,India,2021-03-05,Active
CUS002567,INS000003,Yoshita,Saini,1955-06-24,Female,Bhopal,Madhya Pradesh,India,2022-05-07,Active
CUS002568,INS000001,Girish,Krishnamurthy,1999-06-25,Female,Bhubaneswar,Odisha,India,2018-12-26,Inactive
CUS002569,INS000005,Krishna,Parikh,1990-08-16,Male,Kolkata,West Bengal,India,2023-07-25,Inactive
CUS002570,INS000004,Nisha,Chacko,1957-12-16,Female,Indore,Madhya Pradesh,India,2022-01-25,Inactive
CUS002571,INS000001,Daniel,Arya,1973-03-01,Male,Patna,Bihar,India,2025-05-21,Active
CUS002572,INS000005,Aradhana,Chaudhuri,2003-08-30,Female,Chandigarh,Chandigarh,India,2021-09-15,Active
CUS002573,INS000001,Jonathan,Sunder,1976-04-08,Female,Bhubaneswar,Odisha,India,2021-03-21,Active
CUS002574,INS000001,Kevin,Kibe,1975-11-30,Female,Mysuru,Karnataka,India,2019-09-25,Active
CUS002575,INS000002,Zaid,Talwar,1990-08-09,Male,Hyderabad,Telangana,India,2026-03-16,Active
CUS002576,INS000005,Madhav,Kant,1986-09-12,Female,Lucknow,Uttar Pradesh,India,2022-04-11,Active
CUS002577,INS000004,Ekanta,Saraf,1962-04-20,Male,Bengaluru,Karnataka,India,2023-05-09,Active
CUS002578,INS000002,Yug,Lata,2006-03-31,Male,Indore,Madhya Pradesh,India,2020-08-11,Active
CUS002579,INS000001,Maya,Chawla,1957-10-23,Male,Mysuru,Karnataka,India,2022-05-16,Active
CUS002580,INS000001,Vrishti,Sura,1950-10-27,Female,Thane,Maharashtra,India,2022-08-10,Active
CUS002581,INS000001,Lucky,Prashad,1998-11-17,Male,Jaipur,Rajasthan,India,2025-04-30,Active
CUS002582,INS000005,Amruta,Venkataraman,1996-05-04,Male,Nagpur,Maharashtra,India,2019-03-23,Active
CUS002583,INS000005,Oeshi,Raja,2007-09-18,Female,Thane,Maharashtra,India,2022-01-13,Active
CUS002584,INS000002,Keya,Basak,1962-12-24,Female,Indore,Madhya Pradesh,India,2022-12-04,Inactive
CUS002585,INS000004,Siya,Chokshi,1959-07-29,Female,Indore,Madhya Pradesh,India,2022-07-10,Active
CUS002586,INS000002,Faqid,Chaudhari,1995-06-18,Female,Bhubaneswar,Odisha,India,2025-08-21,Active
CUS002587,INS000003,Girik,Chandran,1975-09-08,Male,Lucknow,Uttar Pradesh,India,2019-07-08,Active
CUS002588,INS000001,Neha,Dalal,1986-11-16,Female,Ahmedabad,Gujarat,India,2026-02-26,Active
CUS002589,INS000001,Yutika,Khare,1995-10-15,Female,Chandigarh,Chandigarh,India,2018-10-30,Active
CUS002590,INS000001,Arunima,Patel,2003-08-04,Male,Pune,Maharashtra,India,2019-03-27,Inactive
CUS002591,INS000002,Jyoti,Sama,1979-03-08,Male,Mysuru,Karnataka,India,2022-03-08,Inactive
CUS002592,INS000002,Suhani,Ramesh,1977-09-17,Male,Kochi,Kerala,India,2022-05-15,Active
CUS002593,INS000001,Vinaya,Baral,1963-04-07,Male,Ahmedabad,Gujarat,India,2021-10-24,Active
CUS002594,INS000002,Falak,Palan,2005-01-28,Female,Surat,Gujarat,India,2026-02-17,Active
CUS002595,INS000005,Aarnav,Sarraf,1974-08-16,Female,Patna,Bihar,India,2018-12-21,Active
CUS002596,INS000005,Girik,Sharma,1992-09-15,Female,Lucknow,Uttar Pradesh,India,2020-01-12,Active
CUS002597,INS000002,Tara,Virk,1991-03-12,Female,Nagpur,Maharashtra,India,2018-09-17,Active
CUS002598,INS000001,Ishita,Barad,1952-07-23,Male,Bengaluru,Karnataka,India,2023-10-15,Active
CUS002599,INS000002,Dev,Rastogi,1973-09-16,Female,Mysuru,Karnataka,India,2020-08-07,Active
CUS002600,INS000002,Mitali,Sankaran,2004-06-16,Male,Lucknow,Uttar Pradesh,India,2024-03-15,Active
CUS002601,INS000002,Tejas,Bal,1992-12-12,Other,Chandigarh,Chandigarh,India,2021-01-23,Active
CUS002602,INS000003,Pushti,Kalita,1952-03-29,Male,Pune,Maharashtra,India,2019-08-25,Active
CUS002603,INS000005,Siddharth,Golla,1997-02-26,Female,Indore,Madhya Pradesh,India,2022-09-10,Active
CUS002604,INS000004,Warda,Bajwa,1950-10-20,Male,Bengaluru,Karnataka,India,2019-09-10,Active
CUS002605,INS000004,Amrita,Narasimhan,1982-12-30,Male,Nagpur,Maharashtra,India,2021-05-08,Active
CUS002606,INS000003,Ekantika,Chaudhary,1953-08-21,Male,Mumbai,Maharashtra,India,2020-01-17,Active
CUS002607,INS000002,Bhanumati,Master,1972-07-20,Female,Chennai,Tamil Nadu,India,2018-11-02,Active
CUS002608,INS000003,Geetika,Sachar,1952-08-09,Female,Surat,Gujarat,India,2021-02-01,Active
CUS002609,INS000003,Kalpit,Balakrishnan,1986-03-27,Male,Lucknow,Uttar Pradesh,India,2019-12-03,Active
CUS002610,INS000001,Vedhika,Shan,1960-06-06,Female,Pune,Maharashtra,India,2020-09-05,Active
CUS002611,INS000005,Hemal,Kulkarni,1979-10-20,Female,Bhubaneswar,Odisha,India,2021-04-16,Active
CUS002612,INS000004,Chanakya,Parmer,1968-03-31,Female,Jaipur,Rajasthan,India,2024-03-26,Active
CUS002613,INS000002,Chakradhar,Padmanabhan,1987-02-25,Female,Surat,Gujarat,India,2020-02-02,Active
CUS002614,INS000004,Hardik,Pandey,1955-07-09,Male,Jaipur,Rajasthan,India,2023-08-10,Active
CUS002615,INS000004,Tripti,Kothari,1998-05-26,Male,Chandigarh,Chandigarh,India,2019-10-14,Active
CUS002616,INS000005,Amol,Malhotra,1987-09-28,Female,Ahmedabad,Gujarat,India,2025-08-29,Inactive
CUS002617,INS000004,Jeet,Sehgal,1996-06-26,Female,Chennai,Tamil Nadu,India,2018-10-14,Active
CUS002618,INS000004,Nakul,Batta,1967-11-09,Other,Pune,Maharashtra,India,2021-06-27,Active
CUS002619,INS000003,Ridhi,Nair,1953-09-17,Female,Hyderabad,Telangana,India,2026-08-07,Active
CUS002620,INS000005,Tanmayi,Shanker,2002-09-04,Male,Nagpur,Maharashtra,India,2023-10-10,Active
CUS002621,INS000001,Aadi,Lall,1966-04-11,Female,Bhubaneswar,Odisha,India,2018-10-23,Active
CUS002622,INS000002,Priya,Dyal,1989-10-10,Male,Chennai,Tamil Nadu,India,2020-08-14,Active
CUS002623,INS000004,Samaksh,Kadakia,2000-12-23,Other,Kolkata,West Bengal,India,2019-03-28,Active
CUS002624,INS000002,Kevin,Nagy,1978-01-18,Male,Thane,Maharashtra,India,2020-02-11,Active
CUS002625,INS000001,Chasmum,Rattan,1994-08-08,Female,Bengaluru,Karnataka,India,2024-11-23,Active
CUS002626,INS000002,Nathan,Pall,1979-12-20,Female,Chandigarh,Chandigarh,India,2021-04-07,Active
CUS002627,INS000001,Anusha,Gera,1975-06-05,Male,Chennai,Tamil Nadu,India,2021-05-21,Active
CUS002628,INS000003,Girik,Tata,1974-12-22,Male,Pune,Maharashtra,India,2021-03-27,Active
CUS002629,INS000004,Jalsa,Chakraborty,1972-02-18,Female,Surat,Gujarat,India,2021-02-08,Active
CUS002630,INS000001,Zashil,Nath,2004-04-23,Female,Indore,Madhya Pradesh,India,2022-02-27,Active
CUS002631,INS000002,Fitan,Pandey,1999-06-06,Male,Nagpur,Maharashtra,India,2021-09-19,Active
CUS002632,INS000004,Kamya,Yohannan,1975-07-11,Female,Kochi,Kerala,India,2021-12-04,Active
CUS002633,INS000003,Noah,Kari,1959-11-16,Female,Thane,Maharashtra,India,2023-07-05,Active
CUS002634,INS000004,Charles,Nadig,1999-06-26,Male,Surat,Gujarat,India,2020-05-12,Active
CUS002635,INS000001,Meghana,Mohan,1964-10-25,Male,Kolkata,West Bengal,India,2021-01-09,Active
CUS002636,INS000003,Dalaja,Chaudhuri,1974-01-30,Female,Bengaluru,Karnataka,India,2023-06-01,Active
CUS002637,INS000002,Vivaan,Chana,1997-04-13,Female,Bhopal,Madhya Pradesh,India,2021-03-10,Active
CUS002638,INS000003,Pushti,Ravi,1989-01-07,Female,Bhopal,Madhya Pradesh,India,2025-03-24,Active
CUS002639,INS000003,Gavin,Munshi,1971-04-19,Female,Delhi,Delhi,India,2023-11-02,Active
CUS002640,INS000005,Girish,Tank,1999-09-22,Male,Bhubaneswar,Odisha,India,2020-01-06,Inactive
CUS002641,INS000003,Aarav,Grewal,1997-07-22,Male,Patna,Bihar,India,2019-10-13,Inactive
CUS002642,INS000003,Tanay,Raja,1974-01-02,Male,Bhopal,Madhya Pradesh,India,2026-01-08,Active
CUS002643,INS000004,Vansha,Jain,2006-01-01,Male,Delhi,Delhi,India,2025-01-26,Active
CUS002644,INS000002,Faras,Lanka,1965-10-26,Female,Lucknow,Uttar Pradesh,India,2021-07-26,Inactive
CUS002645,INS000004,Kevin,Sunder,1974-06-23,Female,Chennai,Tamil Nadu,India,2026-05-20,Active
CUS002646,INS000004,Upkaar,Panchal,1954-09-19,Male,Jaipur,Rajasthan,India,2019-10-27,Active
CUS002647,INS000001,Zilmil,Nazareth,1983-11-16,Male,Bhopal,Madhya Pradesh,India,2026-05-07,Active
CUS002648,INS000004,Sai,Sarma,1966-02-07,Female,Bengaluru,Karnataka,India,2023-11-29,Active
CUS002649,INS000005,Aditya,Pathak,1985-02-10,Female,Nagpur,Maharashtra,India,2020-02-18,Active
CUS002650,INS000005,Abhiram,Dutta,1988-01-19,Female,Delhi,Delhi,India,2025-10-17,Active
CUS002651,INS000001,Hemal,Ganguly,1962-09-18,Female,Chennai,Tamil Nadu,India,2020-11-22,Active
CUS002652,INS000002,Jai,Naidu,1980-12-01,Female,Indore,Madhya Pradesh,India,2020-03-04,Active
CUS002653,INS000002,Pahal,Babu,1963-03-22,Female,Indore,Madhya Pradesh,India,2018-09-06,Active
CUS002654,INS000004,Kevin,Choudhury,1984-08-26,Male,Thane,Maharashtra,India,2019-05-30,Inactive
CUS002655,INS000004,Vanya,Gupta,1995-04-08,Male,Jaipur,Rajasthan,India,2020-06-28,Active
CUS002656,INS000004,Ekavir,Mukherjee,1990-01-02,Male,Kolkata,West Bengal,India,2020-01-08,Active
CUS002657,INS000002,Veer,Toor,1994-01-07,Female,Mumbai,Maharashtra,India,2022-08-09,Active
CUS002658,INS000003,Leela,Minhas,1999-03-30,Female,Nagpur,Maharashtra,India,2021-07-13,Active
CUS002659,INS000005,Gaurav,Yohannan,1991-09-02,Female,Mysuru,Karnataka,India,2022-10-30,Inactive
CUS002660,INS000003,Harsh,Gokhale,1999-06-12,Male,Bengaluru,Karnataka,India,2023-07-30,Active
CUS002661,INS000003,Harshil,Rao,1985-04-17,Male,Bengaluru,Karnataka,India,2022-03-23,Active
CUS002662,INS000002,Dhriti,Borra,1955-02-02,Male,Surat,Gujarat,India,2023-05-26,Active
CUS002663,INS000003,Jhalak,Issac,1985-04-30,Male,Bhubaneswar,Odisha,India,2023-04-07,Active
CUS002664,INS000001,Chandani,Chander,1991-07-22,Female,Patna,Bihar,India,2026-08-02,Active
CUS002665,INS000004,Laksh,Chana,1975-05-20,Female,Pune,Maharashtra,India,2021-12-01,Active
CUS002666,INS000001,Lavanya,Ravel,1984-10-11,Other,Indore,Madhya Pradesh,India,2023-03-16,Active
CUS002667,INS000005,Kiaan,Lall,1986-07-29,Female,Lucknow,Uttar Pradesh,India,2024-07-14,Active
CUS002668,INS000004,Luke,Dhingra,1968-11-14,Female,Bengaluru,Karnataka,India,2019-07-06,Inactive
CUS002669,INS000003,Ekapad,Oak,1968-10-15,Female,Ahmedabad,Gujarat,India,2023-02-17,Inactive
CUS002670,INS000005,Abhiram,Walia,2000-11-15,Male,Bengaluru,Karnataka,India,2020-05-20,Inactive
CUS002671,INS000004,Nitesh,Pandya,1985-03-29,Female,Bengaluru,Karnataka,India,2025-05-07,Inactive
CUS002672,INS000003,Ria,Ranganathan,1997-01-10,Female,Ahmedabad,Gujarat,India,2019-03-04,Active
CUS002673,INS000001,Indali,Deol,1962-08-21,Female,Ahmedabad,Gujarat,India,2020-08-30,Active
CUS002674,INS000004,Tanay,Rajan,1998-05-14,Male,Pune,Maharashtra,India,2023-03-25,Active
CUS002675,INS000003,Max,Chawla,1995-07-23,Male,Hyderabad,Telangana,India,2022-07-24,Active
CUS002676,INS000001,Nisha,Memon,1975-12-02,Male,Mumbai,Maharashtra,India,2023-11-09,Active
CUS002677,INS000005,Saanvi,Butala,1963-02-27,Female,Chandigarh,Chandigarh,India,2020-05-22,Active
CUS002678,INS000005,Teerth,Naik,1958-03-30,Male,Pune,Maharashtra,India,2021-12-23,Inactive
CUS002679,INS000005,Gabriel,Kar,1963-07-03,Female,Jaipur,Rajasthan,India,2021-12-28,Active
CUS002680,INS000005,Harish,Savant,1984-11-06,Female,Mysuru,Karnataka,India,2026-04-02,Active
CUS002681,INS000002,Logan,Baria,2002-05-29,Male,Chandigarh,Chandigarh,India,2019-01-12,Active
CUS002682,INS000004,Jatin,Korpal,1956-06-25,Female,Bhubaneswar,Odisha,India,2026-04-13,Active
CUS002683,INS000004,Leena,Dubey,1956-06-13,Female,Indore,Madhya Pradesh,India,2024-04-13,Active
CUS002684,INS000002,Indali,Mahal,1992-04-12,Male,Nagpur,Maharashtra,India,2025-10-17,Active
CUS002685,INS000003,Pushti,Bal,1984-07-28,Female,Patna,Bihar,India,2022-05-03,Active
CUS002686,INS000003,Divya,Talwar,2004-10-21,Male,Bengaluru,Karnataka,India,2021-02-10,Active
CUS002687,INS000005,Logan,Kapur,1981-07-21,Male,Patna,Bihar,India,2026-01-09,Active
CUS002688,INS000001,Yug,Kanda,1988-05-09,Female,Mysuru,Karnataka,India,2020-02-12,Active
CUS002689,INS000003,Aradhana,Korpal,1988-11-29,Female,Kochi,Kerala,India,2019-05-28,Active
CUS002690,INS000001,Frado,Kara,2003-05-25,Other,Chandigarh,Chandigarh,India,2023-10-04,Active
CUS002691,INS000004,Yuvraj,Sarraf,1969-09-18,Female,Bhopal,Madhya Pradesh,India,2022-04-14,Active
CUS002692,INS000001,Bhavani,Kalita,1967-04-28,Female,Patna,Bihar,India,2025-05-18,Active
CUS002693,INS000004,Avi,Dhillon,2004-09-14,Female,Surat,Gujarat,India,2023-07-18,Active
CUS002694,INS000002,Charvi,Arora,1963-10-28,Female,Bhubaneswar,Odisha,India,2018-11-24,Active
CUS002695,INS000002,Samesh,Minhas,1951-07-18,Female,Patna,Bihar,India,2020-02-17,Active
CUS002696,INS000005,Zarna,Kohli,1991-03-11,Male,Nagpur,Maharashtra,India,2023-12-21,Active
CUS002697,INS000003,Yashodhara,Bail,1961-03-08,Female,Chandigarh,Chandigarh,India,2024-07-18,Active
CUS002698,INS000005,Ranbir,Subramanian,1976-09-22,Male,Lucknow,Uttar Pradesh,India,2021-04-06,Active
CUS002699,INS000004,Manya,Sarna,1993-08-06,Female,Mysuru,Karnataka,India,2024-05-08,Active
CUS002700,INS000005,Chakrika,Sachdeva,2007-11-21,Male,Mysuru,Karnataka,India,2022-08-28,Active
CUS002701,INS000001,Chatura,Handa,2001-05-23,Female,Thane,Maharashtra,India,2025-04-04,Active
CUS002702,INS000004,Wriddhish,Sachar,1958-07-29,Male,Ahmedabad,Gujarat,India,2021-04-30,Active
CUS002703,INS000002,Warda,Grewal,1961-10-20,Male,Delhi,Delhi,India,2024-06-10,Active
CUS002704,INS000003,Libni,Venkataraman,1984-11-29,Female,Bengaluru,Karnataka,India,2020-08-12,Active
CUS002705,INS000004,Isaiah,Ratta,1981-05-27,Male,Kochi,Kerala,India,2020-01-17,Active
CUS002706,INS000004,Wridesh,Ram,2003-09-12,Female,Pune,Maharashtra,India,2025-04-18,Inactive
CUS002707,INS000001,Xalak,Lal,2005-01-24,Male,Bhubaneswar,Odisha,India,2022-03-19,Active
CUS002708,INS000003,Ekavir,Patla,1968-01-05,Male,Chennai,Tamil Nadu,India,2026-03-20,Active
CUS002709,INS000002,Advik,Lall,1998-07-20,Male,Kolkata,West Bengal,India,2020-06-09,Active
CUS002710,INS000004,Jalsa,Sankar,2004-06-28,Female,Bhubaneswar,Odisha,India,2024-07-20,Active
CUS002711,INS000004,Edhitha,Prabhakar,1959-12-22,Male,Bengaluru,Karnataka,India,2022-04-20,Active
CUS002712,INS000001,Kevin,Patla,1973-09-01,Female,Lucknow,Uttar Pradesh,India,2024-09-10,Active
CUS002713,INS000005,Lila,Keer,1977-05-06,Male,Nagpur,Maharashtra,India,2022-07-20,Active
CUS002714,INS000002,Osha,Nagarajan,1979-11-01,Male,Nagpur,Maharashtra,India,2020-06-15,Active
CUS002715,INS000003,Jasmit,Zachariah,1979-02-13,Male,Patna,Bihar,India,2022-09-17,Active
CUS002716,INS000004,Orinder,Parikh,1999-09-28,Male,Bhubaneswar,Odisha,India,2025-07-15,Active
CUS002717,INS000004,Urishilla,Bose,1995-07-07,Female,Chandigarh,Chandigarh,India,2020-08-15,Active
CUS002718,INS000002,Elijah,Desai,1981-02-16,Female,Ahmedabad,Gujarat,India,2019-04-29,Active
CUS002719,INS000005,Anay,Nagy,2003-04-29,Female,Lucknow,Uttar Pradesh,India,2023-12-11,Active
CUS002720,INS000004,Ekansh,Koshy,1958-01-25,Male,Jaipur,Rajasthan,India,2025-02-07,Active
CUS002721,INS000002,Akshay,Yohannan,1976-09-18,Male,Nagpur,Maharashtra,India,2019-12-03,Active
CUS002722,INS000001,Adweta,Dave,1987-11-23,Male,Thane,Maharashtra,India,2025-11-11,Active
CUS002723,INS000005,Tanveer,Char,1988-03-28,Female,Bengaluru,Karnataka,India,2024-10-18,Active
CUS002724,INS000003,Balveer,Tripathi,1953-12-14,Male,Bhopal,Madhya Pradesh,India,2021-12-10,Active
CUS002725,INS000004,Darpan,Soni,1988-09-21,Female,Bengaluru,Karnataka,India,2024-02-01,Active
CUS002726,INS000002,Mitali,Wason,2007-01-04,Male,Nagpur,Maharashtra,India,2026-02-14,Active
CUS002727,INS000001,Yashawini,Murthy,1967-06-06,Male,Hyderabad,Telangana,India,2025-09-11,Active
CUS002728,INS000003,Bhavini,Cheema,1973-02-06,Male,Hyderabad,Telangana,India,2023-09-08,Active
CUS002729,INS000002,Yachana,Kari,1953-06-21,Male,Hyderabad,Telangana,India,2019-08-02,Active
CUS002730,INS000002,Ojasvi,Pall,1991-01-22,Female,Bhopal,Madhya Pradesh,India,2018-08-31,Active
CUS002731,INS000003,Pallavi,Kapur,2007-11-16,Male,Lucknow,Uttar Pradesh,India,2020-09-17,Active
CUS002732,INS000001,Neelima,Shroff,1962-03-13,Female,Hyderabad,Telangana,India,2019-09-01,Active
CUS002733,INS000001,Fitan,Luthra,1992-07-21,Male,Lucknow,Uttar Pradesh,India,2020-03-29,Inactive
CUS002734,INS000005,Michael,Bera,1983-12-25,Female,Chandigarh,Chandigarh,India,2019-09-24,Active
CUS002735,INS000004,Arunima,Sharma,1972-01-25,Male,Nagpur,Maharashtra,India,2018-09-18,Inactive
CUS002736,INS000003,Fiyaz,Sarma,1968-05-06,Female,Pune,Maharashtra,India,2025-10-01,Active
CUS002737,INS000003,Dayita,Tank,1993-12-17,Female,Kolkata,West Bengal,India,2024-03-04,Active
CUS002738,INS000003,Farhan,Sarin,1983-12-13,Other,Jaipur,Rajasthan,India,2024-01-24,Active
CUS002739,INS000001,Yasti,Bhattacharyya,1981-09-19,Male,Surat,Gujarat,India,2026-06-07,Active
CUS002740,INS000004,Samar,Garg,2001-01-19,Female,Bhubaneswar,Odisha,India,2021-07-07,Inactive
CUS002741,INS000005,Nachiket,Bains,1966-04-27,Male,Lucknow,Uttar Pradesh,India,2021-08-08,Active
CUS002742,INS000002,Eta,Sen,1952-01-09,Male,Bhopal,Madhya Pradesh,India,2024-03-03,Active
CUS002743,INS000002,Mahika,Bhandari,1990-01-04,Male,Mysuru,Karnataka,India,2024-02-26,Active
CUS002744,INS000003,Dominic,Palan,1980-06-27,Male,Bengaluru,Karnataka,India,2026-02-09,Active
CUS002745,INS000004,Dayita,Sood,1990-06-06,Other,Kolkata,West Bengal,India,2020-09-04,Inactive
CUS002746,INS000001,Rajeshri,Divan,1986-10-07,Male,Kochi,Kerala,India,2022-06-27,Active
CUS002747,INS000004,William,Bhatt,1983-07-05,Female,Kochi,Kerala,India,2019-02-19,Inactive
CUS002748,INS000004,Dalbir,Pandya,1996-10-24,Female,Lucknow,Uttar Pradesh,India,2020-06-07,Active
CUS002749,INS000001,Yash,Bhattacharyya,1961-10-13,Female,Indore,Madhya Pradesh,India,2025-06-21,Active
CUS002750,INS000003,Gabriel,Majumdar,1989-12-10,Female,Surat,Gujarat,India,2025-10-11,Active
CUS002751,INS000004,Radha,Krishnan,1964-08-08,Male,Mumbai,Maharashtra,India,2019-02-09,Inactive
CUS002752,INS000002,Jack,Bala,1950-10-25,Female,Delhi,Delhi,India,2020-11-16,Active
CUS002753,INS000001,Sudiksha,Swaminathan,1986-08-12,Male,Hyderabad,Telangana,India,2023-10-04,Active
CUS002754,INS000005,Christopher,Sankar,2003-11-12,Female,Bhopal,Madhya Pradesh,India,2021-10-10,Active
CUS002755,INS000003,Dayamai,Deol,1959-07-17,Female,Nagpur,Maharashtra,India,2021-02-12,Active
CUS002756,INS000001,Parth,Randhawa,1973-07-05,Other,Hyderabad,Telangana,India,2025-10-13,Active
CUS002757,INS000005,Jagdish,Kale,1957-07-10,Male,Thane,Maharashtra,India,2020-05-10,Active
CUS002758,INS000005,Advik,Seth,1999-04-15,Male,Chandigarh,Chandigarh,India,2024-03-19,Active
CUS002759,INS000004,Laksh,Mukherjee,1954-01-16,Male,Kochi,Kerala,India,2019-04-12,Active
CUS002760,INS000004,Advay,Yohannan,2001-08-24,Male,Patna,Bihar,India,2023-08-17,Active
CUS002761,INS000004,Nihal,Modi,1974-10-18,Male,Patna,Bihar,India,2019-06-22,Active
CUS002762,INS000001,Watika,Narayanan,1972-11-19,Female,Mumbai,Maharashtra,India,2025-08-29,Active
CUS002763,INS000001,Idika,Kaul,1958-04-13,Male,Mysuru,Karnataka,India,2019-02-28,Active
CUS002764,INS000003,Zansi,Trivedi,1956-05-04,Female,Ahmedabad,Gujarat,India,2026-01-13,Inactive
CUS002765,INS000004,Aashi,Ray,1969-04-25,Female,Pune,Maharashtra,India,2025-07-08,Active
CUS002766,INS000005,Ojas,Dhawan,2002-11-07,Female,Chennai,Tamil Nadu,India,2020-01-08,Active
CUS002767,INS000002,Kamya,Zacharia,1993-01-31,Male,Chandigarh,Chandigarh,India,2020-05-29,Active
CUS002768,INS000003,Jonathan,Murty,1990-04-18,Male,Nagpur,Maharashtra,India,2019-07-12,Active
CUS002769,INS000001,Amruta,Ahuja,1974-03-03,Male,Surat,Gujarat,India,2023-04-02,Active
CUS002770,INS000003,Jacob,Bera,1966-09-17,Male,Mumbai,Maharashtra,India,2023-03-07,Inactive
CUS002771,INS000003,Ayushman,Parmar,1979-07-23,Female,Delhi,Delhi,India,2019-10-31,Active
CUS002772,INS000003,Gautami,Dar,2004-05-10,Male,Ahmedabad,Gujarat,India,2026-06-14,Inactive
CUS002773,INS000003,Pushti,Bobal,2005-07-12,Female,Bhubaneswar,Odisha,India,2025-01-30,Active
CUS002774,INS000002,Anita,Bhatt,1969-04-21,Female,Delhi,Delhi,India,2024-03-15,Active
CUS002775,INS000004,Devansh,Wagle,1994-03-12,Female,Nagpur,Maharashtra,India,2026-07-11,Active
CUS002776,INS000005,Adya,Sachdev,1971-05-24,Male,Bengaluru,Karnataka,India,2022-04-20,Active
CUS002777,INS000003,Faraj,Edwin,1979-03-24,Male,Bhopal,Madhya Pradesh,India,2018-12-27,Active
CUS002778,INS000003,Watika,Hayer,1956-05-23,Female,Patna,Bihar,India,2021-03-21,Active
CUS002779,INS000003,Tamanna,Kothari,2006-08-20,Female,Bengaluru,Karnataka,India,2024-04-18,Active
CUS002780,INS000004,Yasti,Gola,1965-05-18,Male,Patna,Bihar,India,2024-04-06,Active
CUS002781,INS000001,Jagvi,Golla,1975-08-06,Male,Bhopal,Madhya Pradesh,India,2018-11-30,Active
CUS002782,INS000001,Christopher,Balan,1950-12-07,Male,Thane,Maharashtra,India,2021-04-04,Active
CUS002783,INS000002,Xalak,Talwar,1953-08-20,Female,Delhi,Delhi,India,2021-09-01,Active
CUS002784,INS000001,Ojas,Dar,1980-12-24,Male,Bhopal,Madhya Pradesh,India,2026-06-27,Active
CUS002785,INS000003,Jhalak,Narula,1970-03-07,Female,Chennai,Tamil Nadu,India,2019-08-04,Inactive
CUS002786,INS000003,Nakul,Chakraborty,1996-03-29,Male,Chennai,Tamil Nadu,India,2022-03-11,Active
CUS002787,INS000003,Aadhya,Chandra,1974-09-01,Female,Pune,Maharashtra,India,2022-07-07,Inactive
CUS002788,INS000002,Harshil,Raval,1981-05-25,Female,Hyderabad,Telangana,India,2020-10-07,Active
CUS002789,INS000003,Jack,Ram,1958-04-21,Female,Chandigarh,Chandigarh,India,2021-09-23,Active
CUS002790,INS000001,Vedant,Reddy,1990-03-26,Male,Mysuru,Karnataka,India,2025-04-17,Active
CUS002791,INS000004,Yashodhara,Raj,1971-05-01,Male,Chandigarh,Chandigarh,India,2022-07-10,Active
CUS002792,INS000004,Aarnav,Som,1974-08-27,Male,Patna,Bihar,India,2021-03-28,Active
CUS002793,INS000005,Chaitanya,Devi,1971-01-26,Female,Hyderabad,Telangana,India,2019-07-15,Active
CUS002794,INS000001,Advik,Oza,1969-06-16,Female,Patna,Bihar,India,2026-07-07,Active
CUS002795,INS000003,Yash,Goswami,1959-07-12,Female,Jaipur,Rajasthan,India,2020-01-21,Active
CUS002796,INS000004,Chakradhar,Char,2002-04-29,Male,Hyderabad,Telangana,India,2020-02-25,Active
CUS002797,INS000001,Urmi,Mukhopadhyay,2000-07-28,Female,Hyderabad,Telangana,India,2024-04-12,Active
CUS002798,INS000004,Januja,Pant,1965-09-06,Male,Mumbai,Maharashtra,India,2025-11-25,Active
CUS002799,INS000003,Leela,Goel,1995-04-03,Female,Surat,Gujarat,India,2025-06-21,Inactive
CUS002800,INS000004,Mason,Sani,1984-09-30,Male,Surat,Gujarat,India,2026-01-29,Active
CUS002801,INS000005,Praneel,Krishnan,1977-12-29,Female,Jaipur,Rajasthan,India,2025-01-12,Active
CUS002802,INS000005,Balendra,Tata,1967-10-11,Male,Thane,Maharashtra,India,2025-04-08,Active
CUS002803,INS000004,Oni,Chana,1958-12-08,Male,Thane,Maharashtra,India,2026-01-10,Active
CUS002804,INS000001,Udarsh,Gour,1999-10-15,Female,Kolkata,West Bengal,India,2025-11-20,Active
CUS002805,INS000001,Ekanta,Lad,1962-04-20,Male,Kolkata,West Bengal,India,2023-01-05,Active
CUS002806,INS000001,Yuvraj,Ratti,1981-04-19,Female,Mysuru,Karnataka,India,2023-09-23,Active
CUS002807,INS000004,Omaja,Iyer,2003-07-04,Female,Thane,Maharashtra,India,2023-03-25,Active
CUS002808,INS000001,Ekaja,Karan,2008-06-28,Female,Lucknow,Uttar Pradesh,India,2019-08-27,Inactive
CUS002809,INS000003,Anika,Panchal,1951-08-02,Male,Ahmedabad,Gujarat,India,2022-08-20,Active
CUS002810,INS000005,Faras,Bumb,1995-08-01,Female,Mysuru,Karnataka,India,2018-12-16,Active
CUS002811,INS000003,Kashish,Nori,1999-02-13,Female,Mysuru,Karnataka,India,2019-10-25,Active
CUS002812,INS000001,Jagdish,Seth,1998-03-13,Male,Chennai,Tamil Nadu,India,2019-03-16,Active
CUS002813,INS000003,Yadavi,Chandra,2000-11-25,Female,Delhi,Delhi,India,2020-05-24,Active
CUS002814,INS000001,Charles,Viswanathan,1992-12-14,Male,Bhubaneswar,Odisha,India,2025-08-17,Active
CUS002815,INS000004,Praneel,Kurian,1976-11-08,Male,Indore,Madhya Pradesh,India,2018-11-05,Active
CUS002816,INS000003,Udant,Bahri,2006-03-09,Male,Ahmedabad,Gujarat,India,2023-12-10,Active
CUS002817,INS000004,Zaitra,Bhat,1974-04-11,Male,Delhi,Delhi,India,2024-11-26,Inactive
CUS002818,INS000004,Chakradhar,Bhargava,1953-03-30,Male,Indore,Madhya Pradesh,India,2018-12-07,Active
CUS002819,INS000002,Nandini,Prakash,1986-09-09,Female,Mysuru,Karnataka,India,2023-10-15,Active
CUS002820,INS000001,Ekapad,Chandran,1997-07-29,Female,Bhopal,Madhya Pradesh,India,2022-09-18,Active
CUS002821,INS000005,Udyati,Ganguly,1966-02-17,Male,Indore,Madhya Pradesh,India,2026-05-17,Inactive
CUS002822,INS000001,Barkha,Agarwal,2003-09-30,Female,Chandigarh,Chandigarh,India,2022-07-27,Active
CUS002823,INS000005,Deepa,Wadhwa,1980-05-03,Female,Patna,Bihar,India,2023-07-22,Active
CUS002824,INS000001,Falak,Arora,1974-06-14,Female,Mumbai,Maharashtra,India,2020-02-25,Active
CUS002825,INS000004,Gabriel,Agrawal,1960-08-27,Female,Patna,Bihar,India,2021-11-18,Active
CUS002826,INS000003,Tanmayi,Narain,1996-11-05,Female,Chennai,Tamil Nadu,India,2022-08-19,Active
CUS002827,INS000003,Abhiram,Rajagopalan,1969-11-26,Male,Surat,Gujarat,India,2020-02-07,Active
CUS002828,INS000002,Jyoti,Mohan,1953-05-31,Male,Pune,Maharashtra,India,2020-10-17,Active
CUS002829,INS000005,Sai,Bala,1986-01-24,Male,Ahmedabad,Gujarat,India,2019-08-03,Active
CUS002830,INS000005,Bishakha,Prasad,1981-08-12,Female,Nagpur,Maharashtra,India,2023-03-10,Active
CUS002831,INS000005,Daksha,Boase,1952-05-12,Male,Delhi,Delhi,India,2025-03-18,Active
CUS002832,INS000004,Xavier,Gera,1985-11-27,Female,Surat,Gujarat,India,2023-07-09,Active
CUS002833,INS000005,Ucchal,Gulati,2001-03-20,Male,Kochi,Kerala,India,2023-12-29,Active
CUS002834,INS000003,Jyoti,Tara,1993-11-29,Female,Hyderabad,Telangana,India,2026-07-26,Active
CUS002835,INS000004,Wakeeta,Gopal,1962-12-06,Male,Bhubaneswar,Odisha,India,2022-11-24,Active
CUS002836,INS000001,Rohan,Wason,1989-05-06,Male,Mysuru,Karnataka,India,2021-04-15,Active
CUS002837,INS000005,Yatan,Kamdar,1951-04-21,Male,Indore,Madhya Pradesh,India,2022-12-10,Active
CUS002838,INS000005,Matthew,Pai,1995-04-09,Male,Bhubaneswar,Odisha,India,2022-08-05,Inactive
CUS002839,INS000001,Abeer,Chatterjee,1987-08-09,Male,Bhubaneswar,Odisha,India,2024-05-13,Active
CUS002840,INS000005,Nimrat,Dubey,1998-05-17,Female,Kolkata,West Bengal,India,2019-07-23,Active
CUS002841,INS000001,Arjun,Prasad,1978-03-10,Male,Jaipur,Rajasthan,India,2025-10-31,Active
CUS002842,INS000004,Viraj,Goel,1978-09-20,Male,Lucknow,Uttar Pradesh,India,2018-12-01,Active
CUS002843,INS000003,Hiral,Sastry,1999-08-04,Female,Chennai,Tamil Nadu,India,2026-02-27,Active
CUS002844,INS000001,Aditya,Goel,1998-03-27,Male,Nagpur,Maharashtra,India,2022-05-20,Active
CUS002845,INS000002,Gautami,Tripathi,1984-01-01,Female,Chandigarh,Chandigarh,India,2022-01-01,Active
CUS002846,INS000001,Aarav,Dixit,1978-11-05,Other,Chennai,Tamil Nadu,India,2026-05-11,Active
CUS002847,INS000005,Krisha,Saxena,1999-05-13,Male,Indore,Madhya Pradesh,India,2024-05-02,Active
CUS002848,INS000004,Damyanti,Balasubramanian,1970-02-15,Male,Indore,Madhya Pradesh,India,2022-11-17,Inactive
CUS002849,INS000004,Hemang,Barad,1959-06-20,Male,Pune,Maharashtra,India,2022-02-17,Active
CUS002850,INS000001,Samesh,Yogi,1966-03-09,Female,Bhopal,Madhya Pradesh,India,2021-12-14,Active
CUS002851,INS000003,Wazir,Dara,1962-10-07,Female,Bengaluru,Karnataka,India,2025-08-18,Active
CUS002852,INS000002,Oni,Muni,1973-03-06,Female,Bengaluru,Karnataka,India,2024-05-08,Active
CUS002853,INS000004,Vyanjana,Manne,1966-04-12,Female,Jaipur,Rajasthan,India,2026-06-01,Active
CUS002854,INS000005,Darpan,Chokshi,1951-05-14,Male,Hyderabad,Telangana,India,2024-07-25,Active
CUS002855,INS000005,Lucky,Palla,1969-01-12,Female,Bengaluru,Karnataka,India,2019-09-01,Active
CUS002856,INS000003,Ati,Gole,1953-01-18,Female,Nagpur,Maharashtra,India,2025-04-28,Active
CUS002857,INS000004,Girik,Vasa,1962-06-21,Female,Bhopal,Madhya Pradesh,India,2026-07-16,Active
CUS002858,INS000001,Caleb,Ganesh,1994-04-22,Female,Mysuru,Karnataka,India,2026-01-28,Active
CUS002859,INS000005,Vincent,Chaudhry,1972-07-03,Female,Kochi,Kerala,India,2023-06-14,Active
CUS002860,INS000003,Zinal,Tank,1990-09-12,Male,Ahmedabad,Gujarat,India,2025-10-01,Active
CUS002861,INS000004,Nitara,Hans,1967-12-14,Male,Nagpur,Maharashtra,India,2026-01-15,Active
CUS002862,INS000004,Kashish,Dubey,1980-02-24,Female,Delhi,Delhi,India,2024-11-15,Inactive
CUS002863,INS000004,Tara,Nazareth,2007-08-28,Male,Chandigarh,Chandigarh,India,2019-11-12,Active
CUS002864,INS000004,Frado,Sha,1983-11-02,Female,Indore,Madhya Pradesh,India,2019-08-08,Active
CUS002865,INS000004,Girish,Ramachandran,1979-07-02,Male,Indore,Madhya Pradesh,India,2018-11-20,Active
CUS002866,INS000005,Yashasvi,Sem,1987-09-03,Female,Indore,Madhya Pradesh,India,2025-03-09,Active
CUS002867,INS000003,Kiaan,Dada,1963-07-10,Female,Mysuru,Karnataka,India,2024-09-04,Active
CUS002868,INS000004,Meera,Bhatti,1965-03-03,Male,Lucknow,Uttar Pradesh,India,2020-04-18,Inactive
CUS002869,INS000002,Falan,Nigam,1951-09-11,Female,Thane,Maharashtra,India,2021-10-13,Active
CUS002870,INS000002,David,Koshy,1970-02-18,Female,Ahmedabad,Gujarat,India,2019-06-25,Active
CUS002871,INS000003,Radhika,Pau,1998-08-25,Female,Mumbai,Maharashtra,India,2021-08-29,Inactive
CUS002872,INS000001,Kalpit,Dhaliwal,1994-10-03,Male,Delhi,Delhi,India,2021-09-22,Active
CUS002873,INS000001,Warjas,Khatri,1953-03-21,Male,Mysuru,Karnataka,India,2024-05-03,Active
CUS002874,INS000001,Bishakha,Swaminathan,1988-10-03,Male,Bengaluru,Karnataka,India,2024-01-30,Inactive
CUS002875,INS000002,Advika,Guha,1975-09-02,Male,Patna,Bihar,India,2023-07-05,Active
CUS002876,INS000001,Divya,Raval,1960-05-18,Female,Jaipur,Rajasthan,India,2024-08-20,Active
CUS002877,INS000005,Maya,Barman,1986-05-21,Other,Hyderabad,Telangana,India,2020-04-15,Active
CUS002878,INS000004,Eta,Parmar,1966-04-11,Female,Pune,Maharashtra,India,2019-03-08,Active
CUS002879,INS000002,Eesha,Bhargava,1988-05-04,Female,Hyderabad,Telangana,India,2026-07-31,Active
CUS002880,INS000003,Sneha,Srinivasan,1997-07-05,Female,Ahmedabad,Gujarat,India,2025-03-27,Active
CUS002881,INS000003,Anita,Chaudhary,1953-03-03,Male,Chandigarh,Chandigarh,India,2023-06-18,Active
CUS002882,INS000004,Vivaan,Venkatesh,1964-02-17,Female,Chennai,Tamil Nadu,India,2023-08-28,Active
CUS002883,INS000002,Falan,Chand,1955-10-28,Male,Ahmedabad,Gujarat,India,2024-01-29,Active
CUS002884,INS000001,Samaksh,Nagi,2003-06-17,Female,Surat,Gujarat,India,2022-10-04,Active
CUS002885,INS000001,Laban,Vyas,1985-06-05,Male,Jaipur,Rajasthan,India,2018-09-02,Inactive
CUS002886,INS000005,Ikbal,Wali,1994-11-02,Male,Pune,Maharashtra,India,2019-12-13,Inactive
CUS002887,INS000005,Nachiket,Vig,1969-11-12,Female,Surat,Gujarat,India,2020-04-19,Inactive
CUS002888,INS000001,Hitesh,Ramesh,1966-11-11,Female,Thane,Maharashtra,India,2023-08-22,Active
CUS002889,INS000003,Nitesh,Iyer,1999-05-30,Female,Mumbai,Maharashtra,India,2021-03-13,Active
CUS002890,INS000003,Shivani,Mandal,1951-08-15,Female,Bhopal,Madhya Pradesh,India,2020-01-18,Active
CUS002891,INS000005,Unnati,Nagi,1961-09-09,Male,Mumbai,Maharashtra,India,2022-03-17,Active
CUS002892,INS000004,Dipta,Deshmukh,1968-09-15,Female,Bengaluru,Karnataka,India,2021-10-20,Active
CUS002893,INS000001,Niharika,Sem,1952-12-20,Male,Kochi,Kerala,India,2024-02-10,Active
CUS002894,INS000005,Jai,Hora,1956-03-10,Female,Mysuru,Karnataka,India,2021-06-18,Active
CUS002895,INS000005,Ishita,Master,1993-10-04,Female,Ahmedabad,Gujarat,India,2026-04-27,Inactive
CUS002896,INS000001,Sarthak,Sandhu,1989-03-03,Male,Kochi,Kerala,India,2018-12-11,Inactive
CUS002897,INS000001,Siya,Raval,1977-12-05,Female,Nagpur,Maharashtra,India,2022-08-11,Active
CUS002898,INS000003,Darika,Saran,1981-06-28,Female,Mumbai,Maharashtra,India,2021-03-09,Active
CUS002899,INS000004,Ubika,Purohit,1977-04-18,Male,Mysuru,Karnataka,India,2022-12-05,Active
CUS002900,INS000004,Alka,Butala,1985-12-17,Female,Hyderabad,Telangana,India,2025-09-07,Active
CUS002901,INS000001,Jagdish,Swaminathan,2006-01-11,Female,Mysuru,Karnataka,India,2023-05-29,Active
CUS002902,INS000002,Gautam,Bajwa,1957-03-12,Female,Mumbai,Maharashtra,India,2025-06-12,Active
CUS002903,INS000005,Nakul,Swamy,1968-07-05,Male,Chennai,Tamil Nadu,India,2026-03-16,Active
CUS002904,INS000005,Daksha,Chawla,1980-05-20,Male,Jaipur,Rajasthan,India,2026-02-24,Active
CUS002905,INS000001,Banjeet,Nagy,1975-04-10,Female,Delhi,Delhi,India,2024-10-15,Inactive
CUS002906,INS000002,Tanveer,Sule,1966-02-07,Male,Pune,Maharashtra,India,2025-06-22,Active
CUS002907,INS000003,Falak,Ramachandran,2003-04-30,Other,Pune,Maharashtra,India,2021-09-11,Active
CUS002908,INS000001,Manbir,Mohan,1980-11-30,Male,Pune,Maharashtra,India,2019-01-01,Active
CUS002909,INS000001,Gavin,Tank,1959-10-27,Female,Chennai,Tamil Nadu,India,2020-07-10,Active
CUS002910,INS000005,Yuvraj,Mani,1950-10-25,Female,Hyderabad,Telangana,India,2024-11-15,Active
CUS002911,INS000001,Ishani,Bhakta,1980-11-16,Male,Indore,Madhya Pradesh,India,2022-05-27,Active
CUS002912,INS000001,Meghana,Wable,1992-08-03,Male,Ahmedabad,Gujarat,India,2022-10-29,Active
CUS002913,INS000001,Yochana,Barman,1999-04-09,Female,Indore,Madhya Pradesh,India,2026-04-13,Active
CUS002914,INS000005,Chandran,Guha,1969-02-28,Female,Pune,Maharashtra,India,2023-03-25,Active
CUS002915,INS000003,Chandani,Chakraborty,1987-10-20,Male,Thane,Maharashtra,India,2020-11-28,Active
CUS002916,INS000003,Abha,Mohanty,2001-04-13,Female,Pune,Maharashtra,India,2023-09-22,Active
CUS002917,INS000001,Owen,Ghose,1990-12-27,Male,Bhubaneswar,Odisha,India,2022-12-16,Active
CUS002918,INS000005,Azaan,Murthy,1997-05-07,Male,Bhopal,Madhya Pradesh,India,2025-09-20,Inactive
CUS002919,INS000003,Nidhi,Bava,1966-08-20,Female,Chandigarh,Chandigarh,India,2024-09-27,Active
CUS002920,INS000003,Sneha,Warrior,1983-09-11,Male,Jaipur,Rajasthan,India,2025-05-11,Inactive
CUS002921,INS000003,Zaid,Bala,1959-11-01,Female,Delhi,Delhi,India,2021-10-06,Active
CUS002922,INS000005,Girindra,Batta,1988-02-10,Male,Chandigarh,Chandigarh,India,2019-10-08,Active
CUS002923,INS000005,Turvi,Mitter,1963-05-08,Male,Bhubaneswar,Odisha,India,2021-09-15,Active
CUS002924,INS000001,Harsh,Rajan,2006-12-04,Male,Mysuru,Karnataka,India,2024-08-24,Active
CUS002925,INS000004,Logan,Guha,1975-07-04,Female,Surat,Gujarat,India,2018-11-18,Active
CUS002926,INS000003,Jairaj,Pandey,1993-05-03,Female,Kochi,Kerala,India,2023-09-08,Active
CUS002927,INS000004,Advik,Yogi,1971-07-08,Female,Mumbai,Maharashtra,India,2023-05-15,Active
CUS002928,INS000005,David,Ben,1982-06-03,Male,Lucknow,Uttar Pradesh,India,2018-12-27,Inactive
CUS002929,INS000005,Tristan,Saraf,1992-02-26,Male,Mysuru,Karnataka,India,2024-01-14,Active
CUS002930,INS000005,Kalpit,Trivedi,1994-06-29,Female,Kolkata,West Bengal,India,2019-08-30,Active
CUS002931,INS000004,Rudra,Viswanathan,1960-03-19,Male,Kochi,Kerala,India,2026-05-29,Active
CUS002932,INS000005,Nandini,Gokhale,1974-12-17,Female,Kolkata,West Bengal,India,2022-10-24,Active
CUS002933,INS000001,Kashish,Trivedi,1978-06-22,Male,Indore,Madhya Pradesh,India,2023-07-17,Active
CUS002934,INS000005,Frado,Prabhakar,2004-06-06,Female,Mumbai,Maharashtra,India,2020-02-06,Active
CUS002935,INS000002,Aashi,Basu,1962-10-08,Male,Kochi,Kerala,India,2018-08-10,Inactive
CUS002936,INS000004,Falan,Kala,1999-11-11,Female,Kolkata,West Bengal,India,2024-10-08,Active
CUS002937,INS000002,Anthony,Chaudhary,1976-04-27,Male,Surat,Gujarat,India,2022-04-27,Active
CUS002938,INS000005,Dhruv,Shankar,1991-03-11,Male,Surat,Gujarat,India,2020-02-25,Active
CUS002939,INS000001,Rudra,Grewal,1972-11-13,Male,Nagpur,Maharashtra,India,2022-11-12,Active
CUS002940,INS000003,Sachi,Kant,1961-02-22,Male,Kochi,Kerala,India,2025-10-07,Active
CUS002941,INS000005,Kabir,Nagarajan,1984-11-03,Male,Jaipur,Rajasthan,India,2025-08-19,Active
CUS002942,INS000001,George,Bora,1988-09-19,Female,Mysuru,Karnataka,India,2021-03-28,Active
CUS002943,INS000004,Garima,Jani,1987-11-07,Female,Lucknow,Uttar Pradesh,India,2018-10-05,Active
CUS002944,INS000002,Jason,Tandon,1990-02-14,Female,Bengaluru,Karnataka,India,2026-05-11,Active
CUS002945,INS000002,Brijesh,Jhaveri,1972-02-24,Female,Surat,Gujarat,India,2020-05-13,Active
CUS002946,INS000002,Triya,Aurora,2007-07-17,Female,Ahmedabad,Gujarat,India,2020-03-22,Active
CUS002947,INS000004,Chandresh,Bath,1981-04-27,Male,Surat,Gujarat,India,2021-09-12,Inactive
CUS002948,INS000001,Om,Raj,2002-06-05,Male,Jaipur,Rajasthan,India,2025-11-07,Active
CUS002949,INS000004,Rachita,Jha,1994-12-07,Male,Nagpur,Maharashtra,India,2022-03-11,Active
CUS002950,INS000002,Megha,Dada,1977-10-15,Female,Nagpur,Maharashtra,India,2021-05-14,Active
CUS002951,INS000005,Watika,Mannan,1979-08-22,Male,Kolkata,West Bengal,India,2023-02-12,Active
CUS002952,INS000003,Ayushman,Agrawal,1967-09-15,Male,Kochi,Kerala,India,2023-03-24,Active
CUS002953,INS000004,Lavanya,Khosla,1959-02-09,Female,Jaipur,Rajasthan,India,2021-06-05,Inactive
CUS002954,INS000004,Pooja,Narayanan,1972-09-22,Male,Kolkata,West Bengal,India,2022-12-05,Active
CUS002955,INS000001,Orinder,Goel,1971-08-03,Female,Chandigarh,Chandigarh,India,2019-05-30,Active
CUS002956,INS000001,Irya,Ramakrishnan,1970-04-25,Female,Kolkata,West Bengal,India,2024-10-29,Active
CUS002957,INS000004,Tanish,Kari,1968-09-20,Male,Pune,Maharashtra,India,2026-02-03,Active
CUS002958,INS000002,Rachit,Prabhu,1986-09-23,Male,Bhubaneswar,Odisha,India,2024-03-03,Active
CUS002959,INS000003,Anvi,Ratti,1985-01-13,Female,Ahmedabad,Gujarat,India,2023-04-21,Active
CUS002960,INS000001,Ati,Basu,1951-12-16,Female,Surat,Gujarat,India,2019-06-07,Active
CUS002961,INS000002,Sanaya,Dugal,1974-12-26,Male,Bhopal,Madhya Pradesh,India,2020-05-24,Active
CUS002962,INS000005,Manthan,Dhar,1959-06-18,Female,Surat,Gujarat,India,2021-08-04,Inactive
CUS002963,INS000001,Bakhshi,Koshy,1958-05-06,Female,Chandigarh,Chandigarh,India,2025-12-20,Active
CUS002964,INS000002,Yatan,Kuruvilla,1992-08-24,Male,Kolkata,West Bengal,India,2019-09-20,Active
CUS002965,INS000002,Chakrika,Sami,1963-05-14,Male,Chandigarh,Chandigarh,India,2021-06-17,Active
CUS002966,INS000003,Wishi,Mukherjee,1978-01-29,Female,Mumbai,Maharashtra,India,2024-08-28,Inactive
CUS002967,INS000003,Nisha,Jayaraman,1976-09-19,Male,Pune,Maharashtra,India,2022-09-04,Active
CUS002968,INS000005,Varenya,Mahajan,1979-10-02,Female,Bhopal,Madhya Pradesh,India,2020-09-05,Active
CUS002969,INS000002,Darsh,Rout,1984-03-13,Male,Kolkata,West Bengal,India,2023-10-05,Active
CUS002970,INS000002,Gagan,Anne,2007-06-26,Female,Bhopal,Madhya Pradesh,India,2026-06-25,Active
CUS002971,INS000003,Ati,Sagar,2001-11-13,Female,Kolkata,West Bengal,India,2018-09-27,Active
CUS002972,INS000001,Leela,Sachdev,1963-10-29,Female,Bhopal,Madhya Pradesh,India,2024-08-30,Active
CUS002973,INS000001,Laksh,Purohit,1990-01-01,Male,Bhubaneswar,Odisha,India,2021-12-24,Active
CUS002974,INS000004,Oni,Mall,1983-11-06,Male,Kochi,Kerala,India,2022-06-28,Active
CUS002975,INS000003,Ryan,Gupta,1952-09-06,Female,Chandigarh,Chandigarh,India,2020-01-08,Active
CUS002976,INS000004,Zaid,Sura,1997-09-23,Male,Surat,Gujarat,India,2019-05-18,Active
CUS002977,INS000003,Anirudh,Kulkarni,1994-11-07,Male,Pune,Maharashtra,India,2023-12-22,Active
CUS002978,INS000005,Lavanya,Anne,1975-06-13,Female,Kochi,Kerala,India,2019-07-01,Active
CUS002979,INS000002,Jagrati,Rana,1998-05-22,Male,Bhopal,Madhya Pradesh,India,2024-07-22,Active
CUS002980,INS000005,Varsha,Barman,2001-03-25,Male,Bengaluru,Karnataka,India,2024-09-13,Active
CUS002981,INS000003,Vedhika,Sen,1992-01-15,Male,Patna,Bihar,India,2025-12-18,Active
CUS002982,INS000002,Hemangini,Dave,1987-01-03,Female,Thane,Maharashtra,India,2021-01-03,Active
CUS002983,INS000001,Yadavi,Kapoor,1976-08-02,Female,Indore,Madhya Pradesh,India,2020-10-09,Active
CUS002984,INS000001,Ekanta,Bobal,1989-07-11,Male,Bhubaneswar,Odisha,India,2023-10-11,Active
CUS002985,INS000004,Lipika,Contractor,1982-08-18,Male,Patna,Bihar,India,2022-09-18,Active
CUS002986,INS000003,Anamika,D’Alia,1997-07-30,Male,Chandigarh,Chandigarh,India,2021-05-28,Active
CUS002987,INS000003,Pranit,Dutt,2007-09-13,Female,Bengaluru,Karnataka,India,2019-10-07,Active
CUS002988,INS000001,Atharv,Suresh,1984-04-17,Male,Chennai,Tamil Nadu,India,2020-12-27,Inactive
CUS002989,INS000005,Eiravati,Bhavsar,1991-05-23,Female,Mysuru,Karnataka,India,2021-11-11,Active
CUS002990,INS000002,Theodore,Goswami,1954-09-11,Male,Lucknow,Uttar Pradesh,India,2019-03-09,Active
CUS002991,INS000005,Ayushman,Yadav,1996-06-25,Other,Thane,Maharashtra,India,2024-01-12,Active
CUS002992,INS000005,Avni,Narang,1975-01-01,Male,Ahmedabad,Gujarat,India,2019-03-02,Inactive
CUS002993,INS000001,Dalbir,Ganesh,1968-10-23,Female,Delhi,Delhi,India,2025-04-04,Inactive
CUS002994,INS000001,Urmi,Kunda,1962-05-07,Male,Chandigarh,Chandigarh,India,2019-05-08,Active
CUS002995,INS000001,Ishita,Rao,1981-01-15,Male,Kochi,Kerala,India,2018-08-18,Active
CUS002996,INS000004,Viraj,Mane,2007-12-15,Female,Ahmedabad,Gujarat,India,2019-06-02,Active
CUS002997,INS000005,Nathaniel,Yadav,2001-07-22,Female,Surat,Gujarat,India,2025-09-20,Inactive
CUS002998,INS000003,Harish,Mangat,1982-03-11,Male,Lucknow,Uttar Pradesh,India,2022-06-24,Active
CUS002999,INS000002,Yug,Mane,1986-10-24,Female,Patna,Bihar,India,2023-03-31,Inactive
CUS003000,INS000004,Wridesh,Lal,1952-11-27,Female,Bhubaneswar,Odisha,India,2024-07-20,Active
CUS003001,INS000003,Amaira,Chopra,1976-11-03,Female,Hyderabad,Telangana,India,2020-06-14,Active
CUS003002,INS000005,Daksh,Dar,1962-10-15,Male,Bhubaneswar,Odisha,India,2026-02-14,Active
CUS003003,INS000001,Theodore,Rana,1980-06-04,Female,Bengaluru,Karnataka,India,2023-09-04,Active
CUS003004,INS000005,Lipika,Jaggi,1971-01-22,Female,Patna,Bihar,India,2021-04-12,Inactive
CUS003005,INS000002,Isha,Chadha,1954-05-11,Male,Mumbai,Maharashtra,India,2019-05-13,Active
CUS003006,INS000004,Oscar,Tank,1979-04-05,Female,Jaipur,Rajasthan,India,2021-01-10,Inactive
CUS003007,INS000004,Patrick,Iyer,1953-12-20,Male,Mysuru,Karnataka,India,2026-03-14,Active
CUS003008,INS000002,Warjas,Datta,1984-04-20,Male,Kolkata,West Bengal,India,2021-10-01,Active
CUS003009,INS000003,Eesha,Vasa,1972-01-14,Female,Bhopal,Madhya Pradesh,India,2022-03-05,Active
CUS003010,INS000003,Jagrati,Banik,2007-11-18,Female,Ahmedabad,Gujarat,India,2025-07-10,Active
CUS003011,INS000004,Ayaan,Singh,1994-10-21,Male,Mumbai,Maharashtra,India,2019-12-23,Active
CUS003012,INS000004,Indira,Srinivas,1986-12-23,Male,Jaipur,Rajasthan,India,2021-01-22,Inactive
CUS003013,INS000001,Lucky,Chopra,1960-04-28,Female,Mumbai,Maharashtra,India,2020-07-19,Active
CUS003014,INS000003,Raghav,Choudhury,1998-07-22,Male,Nagpur,Maharashtra,India,2020-01-10,Active
CUS003015,INS000002,Waida,Karnik,1962-10-14,Female,Hyderabad,Telangana,India,2024-01-01,Inactive
CUS003016,INS000003,Dayamai,Barad,1965-11-20,Female,Chandigarh,Chandigarh,India,2020-12-26,Active
CUS003017,INS000001,Parth,Rama,1980-04-12,Male,Bengaluru,Karnataka,India,2020-11-14,Active
CUS003018,INS000004,Vritti,Gour,1974-06-10,Female,Chandigarh,Chandigarh,India,2025-12-29,Active
CUS003019,INS000004,Baljiwan,Chacko,1981-01-21,Female,Bengaluru,Karnataka,India,2019-06-03,Active
CUS003020,INS000001,Gautam,Bir,2000-07-21,Male,Hyderabad,Telangana,India,2019-03-16,Active
CUS003021,INS000002,Daksh,Khurana,2006-04-02,Female,Bhopal,Madhya Pradesh,India,2023-01-17,Active
CUS003022,INS000004,Viraj,Sarin,1990-05-06,Female,Jaipur,Rajasthan,India,2026-03-28,Inactive
CUS003023,INS000005,Theodore,Prabhakar,1973-09-20,Female,Lucknow,Uttar Pradesh,India,2026-04-21,Active
CUS003024,INS000004,Anmol,Sarma,1959-05-10,Female,Thane,Maharashtra,India,2026-07-18,Active
CUS003025,INS000005,Vanya,Dhar,1985-01-13,Male,Bhopal,Madhya Pradesh,India,2025-09-03,Active
CUS003026,INS000001,Aadi,Sathe,1990-02-11,Male,Kochi,Kerala,India,2020-03-29,Inactive
CUS003027,INS000001,Garima,Barman,1961-01-23,Male,Lucknow,Uttar Pradesh,India,2023-11-06,Active
CUS003028,INS000004,Saksham,Thakur,2004-11-13,Male,Lucknow,Uttar Pradesh,India,2021-01-30,Active
CUS003029,INS000003,Kalpit,Gulati,1996-03-17,Male,Lucknow,Uttar Pradesh,India,2021-10-19,Active
CUS003030,INS000005,Harini,Kade,1985-07-21,Female,Bhubaneswar,Odisha,India,2020-10-16,Active
CUS003031,INS000002,Peter,Nadkarni,1987-04-05,Female,Delhi,Delhi,India,2021-07-08,Active
CUS003032,INS000004,Ekiya,Bassi,1969-12-16,Female,Patna,Bihar,India,2018-11-11,Active
CUS003033,INS000002,Daniel,Atwal,1955-09-19,Female,Surat,Gujarat,India,2019-11-07,Active
CUS003034,INS000004,Anthony,Dua,2001-07-21,Female,Ahmedabad,Gujarat,India,2018-09-23,Active
CUS003035,INS000003,Manbir,Om,1982-04-26,Female,Thane,Maharashtra,India,2020-07-05,Active
CUS003036,INS000003,Lucky,Krishna,1959-07-29,Female,Mumbai,Maharashtra,India,2025-11-24,Active
CUS003037,INS000003,Indrajit,Gill,1983-06-29,Male,Delhi,Delhi,India,2022-10-31,Active
CUS003038,INS000003,Janya,Palla,1996-05-15,Female,Indore,Madhya Pradesh,India,2022-01-29,Active
CUS003039,INS000001,Elijah,Shere,1980-12-07,Female,Thane,Maharashtra,India,2025-07-29,Active
CUS003040,INS000001,Kashvi,Iyer,1973-01-16,Male,Ahmedabad,Gujarat,India,2022-01-09,Active
CUS003041,INS000005,Meghana,Bhalla,1988-08-18,Female,Delhi,Delhi,India,2022-02-09,Active
CUS003042,INS000002,Harrison,Raman,1994-10-27,Female,Bhopal,Madhya Pradesh,India,2021-09-01,Active
CUS003043,INS000004,Gayathri,Rai,1980-03-23,Male,Mumbai,Maharashtra,India,2021-10-17,Active
CUS003044,INS000004,Chasmum,Dua,1958-05-12,Female,Ahmedabad,Gujarat,India,2023-06-26,Active
CUS003045,INS000001,Ekantika,Manne,1997-06-28,Male,Thane,Maharashtra,India,2025-01-27,Active
CUS003046,INS000004,Laban,Tiwari,1988-03-27,Male,Surat,Gujarat,India,2022-08-12,Active
CUS003047,INS000001,Nakul,Bhatt,1978-12-06,Female,Bengaluru,Karnataka,India,2023-12-19,Active
CUS003048,INS000005,Rajeshri,Kar,2003-09-11,Female,Delhi,Delhi,India,2021-08-30,Inactive
CUS003049,INS000002,Vidhi,Gour,1973-02-08,Female,Bengaluru,Karnataka,India,2020-04-01,Active
CUS003050,INS000005,Edhitha,Hayer,1994-09-15,Female,Jaipur,Rajasthan,India,2026-08-03,Active
CUS003051,INS000003,Owen,Nayak,2006-08-12,Male,Kochi,Kerala,India,2018-11-17,Active
CUS003052,INS000003,Ishanvi,Sarna,1952-09-22,Female,Jaipur,Rajasthan,India,2020-11-09,Active
CUS003053,INS000003,Udant,Bakshi,1957-06-20,Female,Bhubaneswar,Odisha,India,2024-07-21,Active
CUS003054,INS000005,Parth,Sastry,1976-12-21,Other,Ahmedabad,Gujarat,India,2021-11-07,Active
CUS003055,INS000004,Kritika,Boase,1958-04-03,Male,Hyderabad,Telangana,India,2025-04-24,Active
CUS003056,INS000002,Damyanti,Korpal,1978-07-02,Female,Indore,Madhya Pradesh,India,2020-02-15,Active
CUS003057,INS000003,Chaitaly,Wadhwa,1959-02-10,Female,Hyderabad,Telangana,India,2025-09-02,Active
CUS003058,INS000003,Joshua,Mani,1982-10-13,Female,Kochi,Kerala,India,2025-10-15,Active
CUS003059,INS000003,Peter,Dyal,1973-01-30,Female,Chennai,Tamil Nadu,India,2023-11-17,Active
CUS003060,INS000002,Aarav,Dhar,1985-10-15,Male,Patna,Bihar,India,2018-08-12,Active
CUS003061,INS000003,Mahika,Nadkarni,1963-12-31,Female,Thane,Maharashtra,India,2022-10-20,Inactive
CUS003062,INS000002,Bachittar,Bhandari,1966-07-18,Female,Pune,Maharashtra,India,2026-03-04,Active
CUS003063,INS000003,Qabil,Choudhury,1991-07-29,Male,Bengaluru,Karnataka,India,2025-02-07,Active
CUS003064,INS000005,Eesha,Bhattacharyya,1989-01-15,Female,Chennai,Tamil Nadu,India,2019-02-20,Active
CUS003065,INS000005,Timothy,Rout,1999-11-16,Female,Bhubaneswar,Odisha,India,2021-01-13,Active
CUS003066,INS000002,Hemang,Vasa,1988-12-16,Male,Ahmedabad,Gujarat,India,2019-07-04,Active
CUS003067,INS000005,Watika,Warrior,1985-11-01,Female,Pune,Maharashtra,India,2022-09-21,Active
CUS003068,INS000002,Lohit,Badal,1976-12-09,Male,Lucknow,Uttar Pradesh,India,2025-08-30,Active
CUS003069,INS000005,Garima,Gara,1953-04-13,Male,Chennai,Tamil Nadu,India,2019-01-21,Active
CUS003070,INS000005,Faras,Nagy,1992-01-02,Female,Surat,Gujarat,India,2023-08-17,Active
CUS003071,INS000002,Wazir,Prabhakar,1953-03-02,Male,Hyderabad,Telangana,India,2019-11-29,Active
CUS003072,INS000004,Idika,Barad,1979-01-26,Male,Bhubaneswar,Odisha,India,2024-03-06,Active
CUS003073,INS000005,Ekaja,Dhar,1977-04-18,Male,Mumbai,Maharashtra,India,2020-06-05,Active
CUS003074,INS000003,Oliver,Chawla,1986-03-23,Male,Pune,Maharashtra,India,2023-07-28,Active
CUS003075,INS000004,Gaurang,Kaur,2000-08-11,Female,Thane,Maharashtra,India,2020-09-24,Active
CUS003076,INS000002,Gautami,Ahuja,1996-01-05,Female,Kochi,Kerala,India,2021-09-20,Active
CUS003077,INS000004,Sanya,Raj,2000-10-09,Female,Lucknow,Uttar Pradesh,India,2022-11-27,Active
CUS003078,INS000001,Advay,Aggarwal,2008-05-26,Female,Kochi,Kerala,India,2020-06-13,Active
CUS003079,INS000001,Alka,Bhardwaj,1961-09-05,Male,Chennai,Tamil Nadu,India,2021-01-14,Active
CUS003080,INS000005,Shaurya,Ram,1971-02-25,Female,Patna,Bihar,India,2024-02-13,Active
CUS003081,INS000005,Zaid,Dar,1976-06-22,Female,Bhopal,Madhya Pradesh,India,2021-09-15,Active
CUS003082,INS000003,Ekansh,Kapur,1997-01-08,Female,Hyderabad,Telangana,India,2019-11-11,Active
CUS003083,INS000004,Inaya,Banik,1976-04-02,Female,Chandigarh,Chandigarh,India,2024-10-09,Active
CUS003084,INS000001,Aahana,Borah,1993-07-04,Female,Mumbai,Maharashtra,India,2022-08-31,Inactive
CUS003085,INS000005,Hritik,Bahri,1995-01-10,Female,Ahmedabad,Gujarat,India,2022-09-27,Inactive
CUS003086,INS000004,Aarav,Soni,1999-04-25,Male,Ahmedabad,Gujarat,India,2020-01-03,Active
CUS003087,INS000005,Chanakya,Raju,1988-10-10,Female,Delhi,Delhi,India,2019-09-25,Active
CUS003088,INS000005,Libni,Mandal,2001-08-19,Male,Bhubaneswar,Odisha,India,2020-09-19,Active
CUS003089,INS000001,Raksha,Ram,1956-05-29,Male,Mysuru,Karnataka,India,2020-03-09,Active
CUS003090,INS000001,Oni,Sengupta,1969-09-12,Male,Hyderabad,Telangana,India,2021-11-20,Inactive
CUS003091,INS000005,Ojas,Khanna,1987-04-07,Male,Lucknow,Uttar Pradesh,India,2023-03-04,Active
CUS003092,INS000002,Odika,Swaminathan,1990-02-13,Male,Chandigarh,Chandigarh,India,2025-05-31,Active
CUS003093,INS000005,Waida,Krishna,1995-02-15,Male,Mysuru,Karnataka,India,2024-05-19,Active
CUS003094,INS000005,Kritika,Pai,1976-02-13,Female,Ahmedabad,Gujarat,India,2026-05-25,Active
CUS003095,INS000003,Indali,Sha,2003-02-04,Female,Lucknow,Uttar Pradesh,India,2023-12-21,Active
CUS003096,INS000003,Keya,Srinivas,1971-05-03,Other,Mysuru,Karnataka,India,2024-01-09,Active
CUS003097,INS000003,Harrison,Dua,1987-12-08,Male,Hyderabad,Telangana,India,2022-07-11,Active
CUS003098,INS000002,Varenya,Sha,1981-01-14,Female,Bhopal,Madhya Pradesh,India,2026-03-12,Inactive
CUS003099,INS000002,Umang,Yadav,1986-06-09,Female,Mysuru,Karnataka,India,2020-08-04,Active
CUS003100,INS000005,Nicholas,Parsa,1989-10-12,Male,Ahmedabad,Gujarat,India,2019-11-09,Active
CUS003101,INS000003,Siya,Kapur,1993-06-21,Female,Thane,Maharashtra,India,2025-07-09,Active
CUS003102,INS000002,Ethan,Dhawan,1980-07-24,Female,Kochi,Kerala,India,2023-05-02,Active
CUS003103,INS000001,Bahadurjit,Mangat,1991-11-01,Male,Mysuru,Karnataka,India,2024-04-28,Active
CUS003104,INS000005,Chaitaly,Ghosh,1966-11-07,Female,Nagpur,Maharashtra,India,2023-06-09,Active
CUS003105,INS000004,Anmol,Rama,1953-03-12,Female,Indore,Madhya Pradesh,India,2023-10-18,Active
CUS003106,INS000005,Eiravati,Kurian,1971-12-04,Male,Indore,Madhya Pradesh,India,2020-07-29,Active
CUS003107,INS000004,Advika,Dyal,1980-02-17,Male,Ahmedabad,Gujarat,India,2019-09-15,Active
CUS003108,INS000003,Henry,Pillai,1962-09-26,Male,Nagpur,Maharashtra,India,2026-03-09,Active
CUS003109,INS000004,Ethan,Bail,2006-12-20,Male,Chennai,Tamil Nadu,India,2026-01-05,Active
CUS003110,INS000003,Hema,Sankaran,1968-08-29,Female,Chennai,Tamil Nadu,India,2019-03-06,Active
CUS003111,INS000001,Onkar,Mital,1968-07-01,Female,Mysuru,Karnataka,India,2021-10-28,Active
CUS003112,INS000004,Keya,Dhawan,1978-08-21,Male,Chennai,Tamil Nadu,India,2023-07-08,Active
CUS003113,INS000005,Naveen,Basak,1953-08-01,Female,Mysuru,Karnataka,India,2020-11-28,Active
CUS003114,INS000003,Falan,Sharaf,2003-12-12,Male,Kochi,Kerala,India,2018-10-05,Active
CUS003115,INS000005,Girik,Roy,1956-07-16,Male,Kochi,Kerala,India,2021-10-08,Active
CUS003116,INS000002,Hamsini,Karan,1959-06-10,Male,Patna,Bihar,India,2025-02-07,Active
CUS003117,INS000003,Vasudha,Ratti,1963-10-04,Female,Kolkata,West Bengal,India,2019-10-18,Active
CUS003118,INS000004,Azaan,Dass,1988-03-12,Male,Lucknow,Uttar Pradesh,India,2022-03-08,Active
CUS003119,INS000003,Raagini,Pandit,1969-04-26,Male,Thane,Maharashtra,India,2025-12-25,Active
CUS003120,INS000005,Nitesh,Joshi,1953-06-15,Male,Mysuru,Karnataka,India,2018-10-25,Active
CUS003121,INS000001,Radha,Ravi,1973-11-01,Female,Chandigarh,Chandigarh,India,2021-07-13,Active
CUS003122,INS000003,Naksh,Sama,2008-01-19,Other,Bhopal,Madhya Pradesh,India,2024-03-21,Inactive
CUS003123,INS000004,Chatresh,Sahni,1957-03-15,Male,Chandigarh,Chandigarh,India,2023-07-17,Active
CUS003124,INS000002,Harrison,Sharma,1987-01-05,Male,Indore,Madhya Pradesh,India,2023-12-06,Active
CUS003125,INS000001,Garima,Sethi,1973-06-05,Female,Mysuru,Karnataka,India,2019-12-11,Inactive
CUS003126,INS000002,Samesh,Sawhney,2004-10-18,Female,Chennai,Tamil Nadu,India,2019-04-08,Active
CUS003127,INS000003,Ranveer,Rama,1981-07-24,Male,Kolkata,West Bengal,India,2025-06-13,Active
CUS003128,INS000005,Nimrat,Sheth,1954-12-06,Female,Kolkata,West Bengal,India,2022-01-13,Inactive
CUS003129,INS000005,Alka,Patla,1952-10-09,Female,Chandigarh,Chandigarh,India,2023-04-07,Active
CUS003130,INS000004,Baghyawati,Nazareth,1987-08-28,Male,Bhopal,Madhya Pradesh,India,2020-03-13,Active
CUS003131,INS000005,Chameli,Nanda,2001-07-18,Female,Thane,Maharashtra,India,2026-05-02,Active
CUS003132,INS000001,Wazir,Rastogi,1976-09-20,Female,Kolkata,West Bengal,India,2023-08-18,Active
CUS003133,INS000005,Gopal,Deol,1976-06-29,Female,Hyderabad,Telangana,India,2022-10-12,Active
CUS003134,INS000004,Chandran,Wagle,1953-09-13,Male,Chandigarh,Chandigarh,India,2024-08-13,Active
CUS003135,INS000003,Maya,Jha,2001-10-14,Male,Bengaluru,Karnataka,India,2019-11-07,Active
CUS003136,INS000003,Vritti,Korpal,1964-01-24,Male,Delhi,Delhi,India,2021-04-24,Inactive
CUS003137,INS000005,Mitesh,Kalla,2007-01-25,Male,Patna,Bihar,India,2026-01-17,Active
CUS003138,INS000002,Chatura,Halder,1997-04-02,Female,Nagpur,Maharashtra,India,2020-01-31,Active
CUS003139,INS000003,Jalsa,Hayer,1986-12-31,Female,Chandigarh,Chandigarh,India,2025-07-08,Active
CUS003140,INS000005,Aarush,Patla,1971-04-26,Female,Hyderabad,Telangana,India,2019-12-15,Active
CUS003141,INS000004,Prisha,Sheth,1980-04-26,Other,Nagpur,Maharashtra,India,2023-05-25,Active
CUS003142,INS000005,Gagan,Rege,1965-11-17,Male,Surat,Gujarat,India,2020-10-05,Active
CUS003143,INS000003,Chaitaly,Prasad,2007-03-25,Female,Mumbai,Maharashtra,India,2022-02-01,Active
CUS003144,INS000004,Varsha,Mohanty,1983-12-03,Female,Bhopal,Madhya Pradesh,India,2020-12-30,Active
CUS003145,INS000005,Ryan,Kala,1967-08-15,Male,Bengaluru,Karnataka,India,2020-12-23,Active
CUS003146,INS000001,Gunbir,Ramaswamy,2003-09-02,Female,Bhopal,Madhya Pradesh,India,2020-12-23,Active
CUS003147,INS000004,Atharv,Dhaliwal,2008-01-02,Male,Thane,Maharashtra,India,2020-09-24,Active
CUS003148,INS000001,Samuel,Singhal,1998-02-16,Female,Ahmedabad,Gujarat,India,2020-11-28,Active
CUS003149,INS000002,Onkar,Chopra,1975-02-24,Female,Thane,Maharashtra,India,2024-02-22,Active
CUS003150,INS000004,Bishakha,Sethi,2000-04-06,Male,Thane,Maharashtra,India,2021-12-06,Active
CUS003151,INS000001,Finn,Mital,2005-12-02,Female,Ahmedabad,Gujarat,India,2021-08-08,Active
CUS003152,INS000003,Urvashi,Sachar,1997-11-02,Female,Bengaluru,Karnataka,India,2021-12-24,Inactive
CUS003153,INS000003,Jack,Behl,1954-06-14,Male,Surat,Gujarat,India,2025-07-26,Active
CUS003154,INS000002,Darika,Iyengar,1963-03-29,Male,Lucknow,Uttar Pradesh,India,2019-01-15,Active
CUS003155,INS000004,Mitali,Kalla,1958-05-31,Male,Jaipur,Rajasthan,India,2021-10-31,Active
CUS003156,INS000004,Urishilla,Nazareth,1969-02-13,Female,Mysuru,Karnataka,India,2020-07-27,Active
CUS003157,INS000004,Vrinda,Dugar,1963-04-13,Female,Hyderabad,Telangana,India,2025-08-18,Active
CUS003158,INS000002,Alka,Rajagopalan,1979-07-10,Female,Hyderabad,Telangana,India,2018-10-26,Active
CUS003159,INS000004,Gavin,Varughese,1988-12-28,Female,Nagpur,Maharashtra,India,2019-11-19,Active
CUS003160,INS000003,Lila,Sankaran,2000-12-24,Female,Kolkata,West Bengal,India,2022-04-21,Active
CUS003161,INS000001,Qasim,Gole,1971-03-13,Male,Lucknow,Uttar Pradesh,India,2021-09-30,Active
CUS003162,INS000003,Kamala,Savant,2005-05-28,Female,Patna,Bihar,India,2021-09-11,Active
CUS003163,INS000003,Lakshmi,Bajwa,1971-10-31,Male,Patna,Bihar,India,2024-02-12,Active
CUS003164,INS000001,Kala,Jhaveri,1991-07-29,Male,Hyderabad,Telangana,India,2026-04-18,Active
CUS003165,INS000003,Rachit,Raju,1959-11-22,Female,Surat,Gujarat,India,2021-06-15,Active
CUS003166,INS000002,Sanaya,Gera,2003-05-20,Male,Indore,Madhya Pradesh,India,2024-05-06,Active
CUS003167,INS000001,Chaitanya,Mahajan,1989-06-04,Female,Chennai,Tamil Nadu,India,2019-03-05,Active
CUS003168,INS000003,Adya,Dugal,1989-01-11,Female,Bhubaneswar,Odisha,India,2020-05-05,Active
CUS003169,INS000005,Ria,Ratti,1964-02-23,Male,Delhi,Delhi,India,2024-03-23,Active
CUS003170,INS000003,Udyati,Hora,1980-02-16,Male,Mysuru,Karnataka,India,2024-08-26,Active
CUS003171,INS000002,Adya,Dora,2006-05-20,Female,Surat,Gujarat,India,2020-04-11,Active
CUS003172,INS000004,Upkaar,Sabharwal,1995-06-30,Female,Bhubaneswar,Odisha,India,2020-11-14,Inactive
CUS003173,INS000003,Amruta,Nadig,1962-09-08,Male,Kochi,Kerala,India,2021-08-11,Active
CUS003174,INS000004,David,Sidhu,1952-10-15,Male,Chandigarh,Chandigarh,India,2024-12-11,Active
CUS003175,INS000005,Matthew,Korpal,1983-05-15,Female,Mysuru,Karnataka,India,2023-06-05,Active
CUS003176,INS000003,Gunbir,De,1955-09-30,Female,Nagpur,Maharashtra,India,2020-05-24,Active
CUS003177,INS000001,Frederick,Sur,1983-01-13,Male,Chandigarh,Chandigarh,India,2022-05-19,Active
CUS003178,INS000004,Hemangini,Mutti,2004-01-24,Male,Lucknow,Uttar Pradesh,India,2022-06-14,Inactive
CUS003179,INS000005,Odika,Wali,1988-12-28,Female,Bengaluru,Karnataka,India,2024-11-26,Active
CUS003180,INS000001,Utkarsh,Banik,1987-11-14,Female,Indore,Madhya Pradesh,India,2021-01-15,Active
CUS003181,INS000001,Darsh,Chatterjee,2008-05-13,Other,Hyderabad,Telangana,India,2024-07-24,Active
CUS003182,INS000001,Lila,Bhattacharyya,1963-10-03,Female,Pune,Maharashtra,India,2025-10-03,Active
CUS003183,INS000001,Omya,Chada,1960-10-02,Female,Kolkata,West Bengal,India,2019-12-14,Active
CUS003184,INS000003,Vaishnavi,Bail,1955-11-06,Male,Pune,Maharashtra,India,2022-09-06,Active
CUS003185,INS000003,Warinder,Anand,2000-03-01,Female,Ahmedabad,Gujarat,India,2024-11-10,Active
CUS003186,INS000003,Vamakshi,Bera,1993-04-24,Male,Chandigarh,Chandigarh,India,2019-03-06,Active
CUS003187,INS000005,Chandani,Narula,1954-08-08,Female,Bengaluru,Karnataka,India,2025-05-16,Active
CUS003188,INS000005,Farhan,Chana,1970-09-22,Male,Thane,Maharashtra,India,2023-12-09,Active
CUS003189,INS000005,Megha,Munshi,1993-06-15,Male,Pune,Maharashtra,India,2023-09-22,Active
CUS003190,INS000002,Bakhshi,Parikh,1981-10-11,Female,Kochi,Kerala,India,2024-10-06,Inactive
CUS003191,INS000005,Yadavi,Jain,1984-06-02,Female,Chennai,Tamil Nadu,India,2026-05-06,Active
CUS003192,INS000003,Zansi,Dora,1996-10-31,Male,Chandigarh,Chandigarh,India,2019-06-13,Active
CUS003193,INS000003,Manan,Kala,1951-12-28,Female,Jaipur,Rajasthan,India,2024-08-19,Inactive
CUS003194,INS000002,Jai,Mohanty,1977-08-30,Male,Bhopal,Madhya Pradesh,India,2022-08-21,Active
CUS003195,INS000002,Saumya,Bhatti,1962-08-16,Male,Indore,Madhya Pradesh,India,2022-01-05,Active
CUS003196,INS000005,Oscar,Patil,1967-07-08,Female,Mysuru,Karnataka,India,2019-06-12,Active
CUS003197,INS000004,Oliver,Mutti,1972-11-21,Male,Mysuru,Karnataka,India,2020-11-01,Active
CUS003198,INS000002,Siddharth,Sekhon,1977-11-30,Female,Patna,Bihar,India,2024-04-24,Active
CUS003199,INS000001,Reyansh,Soman,1965-05-14,Male,Pune,Maharashtra,India,2023-07-02,Active
CUS003200,INS000003,Jonathan,Nigam,1960-11-06,Female,Chennai,Tamil Nadu,India,2025-04-25,Inactive
CUS003201,INS000001,Brijesh,Gill,1957-09-11,Female,Kochi,Kerala,India,2022-04-17,Active
CUS003202,INS000003,Pallavi,Mann,1993-09-11,Male,Pune,Maharashtra,India,2023-06-23,Active
CUS003203,INS000003,Farhan,Mitter,1983-10-18,Male,Bhopal,Madhya Pradesh,India,2023-05-28,Active
CUS003204,INS000002,Radhika,Chaudhuri,1982-03-13,Female,Indore,Madhya Pradesh,India,2020-11-22,Active
CUS003205,INS000002,Saksham,Dutta,1988-04-26,Female,Patna,Bihar,India,2026-07-11,Active
CUS003206,INS000001,Manbir,Doshi,2004-01-20,Male,Mysuru,Karnataka,India,2025-05-01,Active
CUS003207,INS000003,Aarna,Gade,1978-11-07,Female,Bhopal,Madhya Pradesh,India,2019-03-10,Active
CUS003208,INS000001,Ekaja,Sagar,1993-07-25,Male,Patna,Bihar,India,2021-02-03,Active
CUS003209,INS000004,Ekalinga,Dani,2004-02-27,Male,Kochi,Kerala,India,2025-06-07,Active
CUS003210,INS000001,Gagan,Walia,1985-12-19,Female,Surat,Gujarat,India,2021-11-09,Active
CUS003211,INS000005,Lipika,Rout,1975-03-27,Male,Nagpur,Maharashtra,India,2023-01-05,Active
CUS003212,INS000001,Mekhala,Dutt,1976-03-26,Female,Patna,Bihar,India,2020-01-08,Inactive
CUS003213,INS000005,Eshana,Singh,1970-02-16,Female,Delhi,Delhi,India,2022-04-07,Active
CUS003214,INS000005,Anya,Mand,2005-08-08,Female,Indore,Madhya Pradesh,India,2021-10-24,Active
CUS003215,INS000005,Zinal,Krish,2002-08-29,Female,Nagpur,Maharashtra,India,2019-04-28,Active
CUS003216,INS000004,Tara,Comar,1955-01-23,Female,Bhubaneswar,Odisha,India,2018-09-08,Inactive
CUS003217,INS000001,Advik,Din,1989-02-19,Female,Mysuru,Karnataka,India,2025-11-26,Active
CUS003218,INS000001,Oni,Saxena,1974-01-23,Female,Chennai,Tamil Nadu,India,2023-01-27,Active
CUS003219,INS000004,Isaiah,Chatterjee,1982-08-10,Other,Patna,Bihar,India,2022-05-18,Active
CUS003220,INS000003,Oeshi,Baral,1988-01-16,Female,Bhubaneswar,Odisha,India,2026-06-23,Active
CUS003221,INS000002,Mason,Deshmukh,2005-04-14,Male,Patna,Bihar,India,2019-09-30,Active
CUS003222,INS000001,Manbir,Raj,2002-04-17,Female,Indore,Madhya Pradesh,India,2024-12-05,Active
CUS003223,INS000002,Harish,Solanki,1956-05-02,Female,Hyderabad,Telangana,India,2026-02-04,Active
CUS003224,INS000004,Hitesh,Raghavan,1996-04-16,Female,Bhopal,Madhya Pradesh,India,2022-08-17,Active
CUS003225,INS000003,Harrison,Sood,1967-12-29,Female,Thane,Maharashtra,India,2020-09-23,Active
CUS003226,INS000003,Bhavika,Garde,1966-06-18,Female,Lucknow,Uttar Pradesh,India,2019-03-05,Active
CUS003227,INS000003,Hemangini,Bahri,1978-05-31,Other,Nagpur,Maharashtra,India,2021-08-17,Active
CUS003228,INS000004,Nirja,Patil,1991-02-23,Male,Indore,Madhya Pradesh,India,2019-11-17,Active
CUS003229,INS000005,Aishani,Sastry,1953-12-30,Female,Kochi,Kerala,India,2022-04-13,Active
CUS003230,INS000005,Leela,Gopal,1984-11-13,Male,Bhopal,Madhya Pradesh,India,2026-02-20,Active
CUS003231,INS000002,Vedika,Sem,1998-01-02,Female,Ahmedabad,Gujarat,India,2021-09-12,Inactive
CUS003232,INS000005,Urvashi,Bahri,1962-05-25,Female,Hyderabad,Telangana,India,2025-12-05,Active
CUS003233,INS000005,Baljiwan,Swamy,1978-11-02,Male,Kochi,Kerala,India,2023-07-11,Active
CUS003234,INS000003,Orinder,Padmanabhan,1976-09-07,Male,Jaipur,Rajasthan,India,2023-08-19,Active
CUS003235,INS000003,Anya,Nori,1952-02-06,Female,Bhopal,Madhya Pradesh,India,2024-08-26,Active
CUS003236,INS000002,Neha,Chada,2008-05-20,Male,Ahmedabad,Gujarat,India,2024-11-17,Active
CUS003237,INS000001,Maanas,Pingle,1984-11-27,Male,Jaipur,Rajasthan,India,2022-11-19,Active
CUS003238,INS000002,Neelima,Biswas,1992-04-20,Female,Jaipur,Rajasthan,India,2021-12-15,Active
CUS003239,INS000002,Balvan,Goel,1957-11-15,Male,Chennai,Tamil Nadu,India,2021-02-19,Active
CUS003240,INS000004,Meghana,Deshmukh,1974-02-04,Female,Surat,Gujarat,India,2026-01-15,Active
CUS003241,INS000004,Garima,Mital,1989-02-20,Female,Jaipur,Rajasthan,India,2018-10-21,Active
CUS003242,INS000002,Wazir,Ramesh,2008-06-03,Male,Bengaluru,Karnataka,India,2020-09-14,Active
CUS003243,INS000002,Chandran,Doctor,2006-12-04,Male,Chandigarh,Chandigarh,India,2021-06-09,Active
CUS003244,INS000002,Vaishnavi,Choudhry,1995-04-20,Female,Mumbai,Maharashtra,India,2019-08-19,Active
CUS003245,INS000005,Amruta,Hegde,1952-04-06,Female,Ahmedabad,Gujarat,India,2018-10-23,Active
CUS003246,INS000004,Kashish,Nagi,1959-05-23,Female,Lucknow,Uttar Pradesh,India,2022-06-20,Active
CUS003247,INS000002,Anmol,Master,2006-05-20,Female,Pune,Maharashtra,India,2021-12-20,Active
CUS003248,INS000003,Geetika,Chacko,1987-05-26,Female,Nagpur,Maharashtra,India,2024-08-10,Active
CUS003249,INS000003,Chavvi,Pant,2006-10-26,Male,Nagpur,Maharashtra,India,2022-04-26,Active
CUS003250,INS000005,Deepa,Talwar,1994-01-18,Male,Thane,Maharashtra,India,2022-06-20,Active
CUS003251,INS000005,Avni,Babu,1983-12-17,Male,Indore,Madhya Pradesh,India,2019-07-05,Active
CUS003252,INS000001,Vyanjana,Sahni,1988-01-22,Male,Chennai,Tamil Nadu,India,2026-03-02,Active
CUS003253,INS000001,Guneet,Gara,1972-11-25,Female,Hyderabad,Telangana,India,2021-08-08,Active
CUS003254,INS000001,Vedant,Patla,1998-02-11,Female,Jaipur,Rajasthan,India,2019-09-16,Active
CUS003255,INS000005,Krish,Krishnan,1957-05-12,Male,Jaipur,Rajasthan,India,2018-09-25,Active
CUS003256,INS000005,Charita,Handa,2002-04-06,Female,Nagpur,Maharashtra,India,2024-07-23,Active
CUS003257,INS000005,Saanvi,Varghese,1974-09-15,Male,Lucknow,Uttar Pradesh,India,2023-11-28,Active
CUS003258,INS000003,Ekani,Mammen,1976-11-03,Male,Mysuru,Karnataka,India,2020-02-23,Active
CUS003259,INS000005,Amruta,Venkatesh,1957-09-28,Female,Thane,Maharashtra,India,2019-08-09,Inactive
CUS003260,INS000003,Omaja,Bajwa,1993-11-19,Male,Hyderabad,Telangana,India,2026-07-16,Inactive
CUS003261,INS000001,Gaurav,Suri,2008-01-08,Male,Mysuru,Karnataka,India,2021-10-19,Active
CUS003262,INS000001,Raghav,Nagar,1974-08-09,Male,Mumbai,Maharashtra,India,2024-09-29,Active
CUS003263,INS000001,Riya,Ganesan,2005-11-06,Male,Chennai,Tamil Nadu,India,2023-12-28,Active
CUS003264,INS000002,Siddharth,Ben,1950-09-08,Female,Mumbai,Maharashtra,India,2019-03-06,Active
CUS003265,INS000002,Niharika,Khare,2008-06-13,Female,Indore,Madhya Pradesh,India,2025-02-05,Active
CUS003266,INS000004,Vedhika,Mohan,1993-11-26,Male,Thane,Maharashtra,India,2022-12-03,Active
CUS003267,INS000004,Zaitra,Lall,2003-09-09,Male,Pune,Maharashtra,India,2021-04-01,Inactive
CUS003268,INS000004,Kashvi,Sen,1966-09-19,Female,Mysuru,Karnataka,India,2021-09-12,Active
CUS003269,INS000002,Daksh,Sant,1997-08-28,Female,Chennai,Tamil Nadu,India,2019-09-14,Active
CUS003270,INS000002,Yutika,Nazareth,2004-01-23,Male,Hyderabad,Telangana,India,2020-03-19,Active
CUS003271,INS000004,Nathan,Baria,1958-05-25,Male,Hyderabad,Telangana,India,2020-12-15,Active
CUS003272,INS000004,Dominic,Mahajan,1999-11-05,Female,Bhubaneswar,Odisha,India,2020-05-28,Active
CUS003273,INS000005,Deepa,Shanker,1958-01-09,Female,Patna,Bihar,India,2023-10-19,Active
CUS003274,INS000004,Yashawini,Buch,1990-01-16,Male,Thane,Maharashtra,India,2019-02-22,Active
CUS003275,INS000005,Netra,Natarajan,2007-05-17,Female,Delhi,Delhi,India,2023-04-23,Active
CUS003276,INS000003,Krishna,Balay,1966-03-08,Male,Delhi,Delhi,India,2018-10-02,Active
CUS003277,INS000002,Ayush,De,1984-09-22,Female,Thane,Maharashtra,India,2021-06-23,Active
CUS003278,INS000004,Oscar,Anne,1952-11-24,Female,Mumbai,Maharashtra,India,2024-12-30,Active
CUS003279,INS000002,Reyansh,Bahl,2002-10-12,Female,Surat,Gujarat,India,2025-02-05,Active
CUS003280,INS000002,Sai,Mittal,1962-09-16,Male,Pune,Maharashtra,India,2020-05-09,Active
CUS003281,INS000002,Dalbir,Rai,1975-12-28,Male,Bhopal,Madhya Pradesh,India,2023-01-04,Active
CUS003282,INS000003,Zaid,Iyengar,1975-02-27,Male,Ahmedabad,Gujarat,India,2025-04-24,Active
CUS003283,INS000001,Bachittar,Singhal,1963-05-27,Female,Patna,Bihar,India,2026-01-10,Active
CUS003284,INS000004,Tanmayi,Rai,1975-01-07,Male,Chandigarh,Chandigarh,India,2019-09-15,Active
CUS003285,INS000001,Chandresh,Rama,1971-05-15,Male,Ahmedabad,Gujarat,India,2025-02-19,Active
CUS003286,INS000001,Jalsa,Banik,1993-07-17,Male,Delhi,Delhi,India,2018-12-26,Active
CUS003287,INS000001,Rushil,Madan,1956-01-15,Female,Bhopal,Madhya Pradesh,India,2025-05-25,Inactive
CUS003288,INS000002,Anusha,Prashad,2000-09-23,Male,Kochi,Kerala,India,2019-01-22,Inactive
CUS003289,INS000005,Jyoti,Nayak,1986-03-25,Male,Patna,Bihar,India,2025-03-22,Active
CUS003290,INS000002,Ucchal,Peri,1969-08-03,Male,Patna,Bihar,India,2024-11-29,Active
CUS003291,INS000002,Yashasvi,Vala,1987-06-21,Female,Jaipur,Rajasthan,India,2024-07-28,Active
CUS003292,INS000001,Mekhala,Samra,1966-08-12,Female,Patna,Bihar,India,2026-03-10,Active
CUS003293,INS000002,Jatin,Ray,1974-01-04,Female,Chennai,Tamil Nadu,India,2024-06-17,Active
CUS003294,INS000001,Azaan,Oommen,1966-07-07,Female,Chennai,Tamil Nadu,India,2023-09-28,Active
CUS003295,INS000005,Wyatt,Deo,1952-02-28,Female,Chennai,Tamil Nadu,India,2024-09-17,Active
CUS003296,INS000004,Kashish,Pal,1960-02-15,Male,Chandigarh,Chandigarh,India,2018-09-14,Active
CUS003297,INS000001,Vrinda,Lal,1964-10-29,Female,Lucknow,Uttar Pradesh,India,2023-01-19,Active
CUS003298,INS000005,Sanaya,Hans,2000-05-21,Male,Chennai,Tamil Nadu,India,2018-12-15,Active
CUS003299,INS000004,Peter,Suresh,1954-03-27,Male,Kochi,Kerala,India,2021-02-15,Active
CUS003300,INS000003,Urvi,Manda,1968-03-27,Female,Kolkata,West Bengal,India,2019-11-07,Active
CUS003301,INS000001,Inaya,Loke,1973-07-15,Male,Chennai,Tamil Nadu,India,2020-09-08,Inactive
CUS003302,INS000001,Hemangini,Chacko,1971-07-06,Male,Bhopal,Madhya Pradesh,India,2023-03-27,Active
CUS003303,INS000003,Nihal,Sengupta,2001-09-27,Male,Bhubaneswar,Odisha,India,2026-04-08,Active
CUS003304,INS000003,Aarna,Chad,1958-09-23,Female,Mysuru,Karnataka,India,2022-08-19,Inactive
CUS003305,INS000001,Gautam,Nagar,1997-07-10,Male,Bhopal,Madhya Pradesh,India,2021-04-18,Active
CUS003306,INS000003,Bhavani,Upadhyay,1997-10-15,Female,Nagpur,Maharashtra,India,2022-10-24,Active
CUS003307,INS000002,Ayaan,Comar,1956-12-25,Female,Hyderabad,Telangana,India,2022-09-10,Active
CUS003308,INS000004,Libni,Bajaj,1972-11-09,Female,Bhopal,Madhya Pradesh,India,2019-11-27,Active
CUS003309,INS000004,Chandran,Dave,1978-12-31,Male,Patna,Bihar,India,2026-03-05,Active
CUS003310,INS000004,Nicholas,Chhabra,1958-01-14,Female,Mysuru,Karnataka,India,2025-03-19,Inactive
CUS003311,INS000002,Tanish,Kibe,1963-04-04,Male,Surat,Gujarat,India,2019-01-18,Active
CUS003312,INS000003,Timothy,Borde,1983-07-10,Male,Patna,Bihar,India,2019-06-27,Active
CUS003313,INS000005,Umang,Goel,1995-12-22,Male,Hyderabad,Telangana,India,2021-11-23,Active
CUS003314,INS000003,Samuel,Prakash,1971-04-16,Female,Kochi,Kerala,India,2024-08-04,Active
CUS003315,INS000001,Amruta,Bhattacharyya,2003-01-25,Male,Kochi,Kerala,India,2021-10-26,Active
CUS003316,INS000004,Nimrat,Dube,1972-09-20,Male,Surat,Gujarat,India,2023-12-01,Active
CUS003317,INS000003,Yochana,Khalsa,1986-02-12,Male,Ahmedabad,Gujarat,India,2018-12-12,Active
CUS003318,INS000005,Anmol,Chahal,1970-01-08,Male,Surat,Gujarat,India,2025-02-22,Active
CUS003319,INS000001,Aditya,Borra,1984-05-24,Female,Pune,Maharashtra,India,2023-06-23,Active
CUS003320,INS000002,Urvi,Andra,1959-10-06,Female,Thane,Maharashtra,India,2026-02-14,Active
CUS003321,INS000002,Kevin,Arya,1961-03-13,Female,Indore,Madhya Pradesh,India,2020-01-21,Active
CUS003322,INS000005,Oscar,Om,1990-05-08,Male,Surat,Gujarat,India,2025-08-18,Active
CUS003323,INS000001,Abhiram,Bobal,1972-05-21,Male,Delhi,Delhi,India,2019-05-08,Active
CUS003324,INS000004,Udarsh,Dugal,2001-09-08,Other,Surat,Gujarat,India,2023-07-08,Active
CUS003325,INS000003,Zayyan,Sharma,1997-09-09,Male,Jaipur,Rajasthan,India,2023-06-13,Active
CUS003326,INS000001,Dalaja,Narayanan,1967-12-03,Female,Kochi,Kerala,India,2025-11-23,Active
CUS003327,INS000002,Anvi,Cherian,1953-03-17,Male,Ahmedabad,Gujarat,India,2025-09-16,Inactive
CUS003328,INS000005,Pallavi,Dara,1963-02-23,Female,Kolkata,West Bengal,India,2025-06-25,Active
CUS003329,INS000005,Krisha,Bhalla,2000-05-20,Male,Mysuru,Karnataka,India,2023-04-26,Active
CUS003330,INS000003,Ikshita,Dewan,1996-08-01,Male,Delhi,Delhi,India,2025-06-03,Active
CUS003331,INS000005,Tripti,Iyengar,1997-11-01,Female,Mumbai,Maharashtra,India,2025-03-19,Active
CUS003332,INS000005,Zayyan,Bumb,1969-05-10,Female,Lucknow,Uttar Pradesh,India,2022-06-17,Inactive
CUS003333,INS000001,Tejas,Grewal,2007-01-09,Male,Hyderabad,Telangana,India,2019-06-26,Active
CUS003334,INS000004,Unnati,Chand,1993-09-10,Female,Delhi,Delhi,India,2024-09-21,Active
CUS003335,INS000003,Chasmum,Chand,1970-01-01,Female,Bhopal,Madhya Pradesh,India,2025-11-02,Active
CUS003336,INS000001,Mekhala,Aggarwal,1954-04-15,Male,Bengaluru,Karnataka,India,2021-07-11,Active
CUS003337,INS000004,Harsh,Sant,1992-06-23,Male,Ahmedabad,Gujarat,India,2020-08-31,Active
CUS003338,INS000001,Abhimanyu,Kaul,1962-09-06,Male,Indore,Madhya Pradesh,India,2024-08-07,Active
CUS003339,INS000001,Yasti,Kade,2004-12-07,Male,Delhi,Delhi,India,2024-03-10,Active
CUS003340,INS000005,Kavya,Bedi,2006-10-11,Female,Bhopal,Madhya Pradesh,India,2026-05-01,Active
CUS003341,INS000004,Barkha,Buch,1995-10-24,Male,Mysuru,Karnataka,India,2025-01-09,Active
CUS003342,INS000003,Chanchal,Ram,2004-04-09,Male,Lucknow,Uttar Pradesh,India,2024-07-10,Active
CUS003343,INS000003,Hritik,Nagi,1965-06-09,Male,Thane,Maharashtra,India,2019-02-25,Active
CUS003344,INS000004,Vasatika,Wagle,1982-06-18,Female,Ahmedabad,Gujarat,India,2020-07-13,Active
CUS003345,INS000005,Devansh,Hans,1978-07-04,Male,Jaipur,Rajasthan,India,2020-05-13,Active
CUS003346,INS000002,Gayathri,Soni,1961-01-27,Male,Bhubaneswar,Odisha,India,2026-03-10,Active
CUS003347,INS000001,Aradhana,Hora,2003-06-02,Male,Patna,Bihar,India,2021-09-16,Active
CUS003348,INS000005,Ekta,Tandon,1963-11-12,Female,Indore,Madhya Pradesh,India,2023-09-19,Active
CUS003349,INS000004,Aradhana,Grewal,1950-08-24,Male,Chennai,Tamil Nadu,India,2024-10-14,Active
CUS003350,INS000001,Advika,Singh,1977-10-16,Female,Bhubaneswar,Odisha,India,2020-11-17,Inactive
CUS003351,INS000003,Chanchal,Mani,1964-08-03,Male,Bengaluru,Karnataka,India,2020-03-04,Active
CUS003352,INS000002,Raghav,Bhat,1964-02-21,Male,Jaipur,Rajasthan,India,2022-05-01,Active
CUS003353,INS000003,Mason,Savant,1965-04-04,Female,Mysuru,Karnataka,India,2020-11-08,Active
CUS003354,INS000004,Zansi,Goyal,1971-07-20,Male,Jaipur,Rajasthan,India,2019-01-08,Inactive
CUS003355,INS000001,Wridesh,Tripathi,1972-07-10,Female,Lucknow,Uttar Pradesh,India,2020-12-15,Active
CUS003356,INS000004,Dakshesh,Ahuja,1993-06-17,Female,Surat,Gujarat,India,2019-09-26,Active
CUS003357,INS000001,Netra,Buch,1955-06-16,Female,Bhopal,Madhya Pradesh,India,2026-02-21,Active
CUS003358,INS000005,Ekaja,Goda,1990-06-05,Female,Hyderabad,Telangana,India,2022-04-29,Active
CUS003359,INS000002,Logan,Hora,1967-07-24,Male,Hyderabad,Telangana,India,2024-07-30,Active
CUS003360,INS000005,Atharv,Lall,1998-09-17,Male,Delhi,Delhi,India,2020-09-29,Active
CUS003361,INS000005,Widisha,Dhawan,1959-03-26,Female,Pune,Maharashtra,India,2021-04-30,Active
CUS003362,INS000004,Chakrika,Gulati,1955-12-25,Female,Pune,Maharashtra,India,2021-10-07,Active
CUS003363,INS000002,Aashi,Dasgupta,1965-09-21,Female,Kochi,Kerala,India,2024-06-15,Active
CUS003364,INS000001,Omya,Borra,1995-12-09,Male,Patna,Bihar,India,2025-07-14,Active
CUS003365,INS000001,Nidhi,Guha,1977-03-01,Male,Indore,Madhya Pradesh,India,2019-06-22,Inactive
CUS003366,INS000003,Lipika,Grover,1980-08-03,Female,Delhi,Delhi,India,2021-03-26,Active
CUS003367,INS000001,Balendra,Nagy,1984-10-19,Male,Ahmedabad,Gujarat,India,2021-05-27,Active
CUS003368,INS000004,Ranveer,Kari,1968-12-22,Male,Hyderabad,Telangana,India,2023-02-05,Inactive
CUS003369,INS000005,Hemal,Gaba,1954-04-14,Male,Nagpur,Maharashtra,India,2019-03-21,Inactive
CUS003370,INS000005,Tristan,Rana,2001-05-05,Female,Indore,Madhya Pradesh,India,2021-11-15,Active
CUS003371,INS000005,Vamakshi,Minhas,1951-01-26,Male,Kochi,Kerala,India,2018-08-17,Inactive
CUS003372,INS000002,Jagrati,Sachar,1951-05-30,Female,Delhi,Delhi,India,2026-06-10,Active
CUS003373,INS000001,Yashica,Toor,1969-04-16,Male,Chennai,Tamil Nadu,India,2021-01-22,Active
CUS003374,INS000004,Charita,Mangal,1964-09-29,Female,Delhi,Delhi,India,2019-01-23,Active
CUS003375,INS000002,Onkar,Kamdar,1979-05-06,Female,Chandigarh,Chandigarh,India,2022-02-09,Active
CUS003376,INS000003,Pratyush,Sandhu,1975-11-09,Male,Bhopal,Madhya Pradesh,India,2022-07-19,Active
CUS003377,INS000004,Chaaya,Krishna,1956-02-05,Female,Bhubaneswar,Odisha,India,2022-01-09,Active
CUS003378,INS000004,Gunbir,Pai,1961-11-14,Male,Surat,Gujarat,India,2018-10-27,Active
CUS003379,INS000004,Urishilla,Khosla,1991-02-08,Male,Jaipur,Rajasthan,India,2024-10-13,Active
CUS003380,INS000005,Kabir,Wali,1997-04-04,Female,Mumbai,Maharashtra,India,2026-05-17,Active
CUS003381,INS000004,Aarna,Amble,1979-09-20,Male,Pune,Maharashtra,India,2022-05-15,Active
CUS003382,INS000001,Qadim,Krishnamurthy,1954-01-25,Male,Patna,Bihar,India,2022-12-17,Active
CUS003383,INS000004,Gautami,Manda,1992-07-16,Male,Hyderabad,Telangana,India,2024-01-04,Active
CUS003384,INS000005,Gaurav,Edwin,1981-09-07,Male,Indore,Madhya Pradesh,India,2023-08-01,Active
CUS003385,INS000004,Tristan,Bhattacharyya,2006-07-29,Female,Kolkata,West Bengal,India,2025-06-05,Active
CUS003386,INS000003,Isha,Bhatia,1955-07-30,Male,Nagpur,Maharashtra,India,2025-07-12,Active
CUS003387,INS000003,Udant,Bhatnagar,1962-07-22,Female,Surat,Gujarat,India,2020-11-15,Active
CUS003388,INS000005,Damyanti,Tak,1955-06-29,Female,Ahmedabad,Gujarat,India,2023-08-18,Active
CUS003389,INS000001,Osha,Padmanabhan,1955-12-11,Male,Patna,Bihar,India,2020-06-02,Inactive
CUS003390,INS000001,Garima,Bhasin,1954-05-14,Male,Ahmedabad,Gujarat,India,2022-03-22,Active
CUS003391,INS000002,Kamya,Sani,1963-11-15,Female,Surat,Gujarat,India,2025-12-20,Active
CUS003392,INS000005,Abha,Buch,1978-07-10,Male,Chennai,Tamil Nadu,India,2024-05-10,Active
CUS003393,INS000004,Chaitaly,Sehgal,1974-07-12,Male,Delhi,Delhi,India,2019-10-18,Active
CUS003394,INS000005,Ubika,Arora,1987-03-21,Male,Kolkata,West Bengal,India,2023-05-23,Inactive
CUS003395,INS000002,Jacob,Chakrabarti,2005-06-05,Female,Kolkata,West Bengal,India,2024-06-12,Active
CUS003396,INS000005,Upma,Nagar,1951-06-17,Female,Indore,Madhya Pradesh,India,2024-03-14,Active
CUS003397,INS000005,Chatresh,Pathak,1996-11-28,Male,Kolkata,West Bengal,India,2026-02-27,Active
CUS003398,INS000002,Ekavir,Bhatti,1955-02-07,Male,Jaipur,Rajasthan,India,2025-10-27,Active
CUS003399,INS000001,Urmi,Lala,1977-01-20,Female,Lucknow,Uttar Pradesh,India,2020-03-21,Active
CUS003400,INS000004,Robert,Nagar,1953-03-25,Female,Indore,Madhya Pradesh,India,2019-06-30,Active
CUS003401,INS000002,Xiti,Seshadri,1989-07-17,Female,Chennai,Tamil Nadu,India,2023-04-20,Active
CUS003402,INS000003,Jagdish,Parmar,1987-03-11,Female,Mysuru,Karnataka,India,2023-07-07,Active
CUS003403,INS000001,Lakshmi,Srinivasan,1969-03-01,Male,Chennai,Tamil Nadu,India,2023-08-08,Active
CUS003404,INS000003,Chanchal,Prabhakar,1968-01-26,Female,Pune,Maharashtra,India,2025-07-19,Active
CUS003405,INS000001,Odika,Tata,1969-10-12,Male,Patna,Bihar,India,2021-01-14,Active
CUS003406,INS000004,Chatura,Mital,1976-12-09,Male,Delhi,Delhi,India,2025-04-27,Active
CUS003407,INS000004,Matthew,Suresh,1953-09-01,Female,Bhopal,Madhya Pradesh,India,2024-12-17,Active
CUS003408,INS000005,Laksh,Munshi,1987-11-09,Male,Surat,Gujarat,India,2025-01-16,Active
CUS003409,INS000003,Sai,Gupta,1988-05-26,Other,Pune,Maharashtra,India,2019-06-12,Active
CUS003410,INS000001,Hema,Kari,1950-09-25,Male,Bhubaneswar,Odisha,India,2020-12-08,Active
CUS003411,INS000004,Nimrat,Garde,2000-09-12,Female,Chandigarh,Chandigarh,India,2021-07-29,Active
CUS003412,INS000002,Tanvi,Basak,1998-04-11,Female,Chandigarh,Chandigarh,India,2021-09-25,Active
CUS003413,INS000004,Luke,Pandit,1988-09-05,Male,Chandigarh,Chandigarh,India,2023-01-18,Active
CUS003414,INS000002,Diya,Rout,1964-10-10,Female,Pune,Maharashtra,India,2025-11-20,Active
CUS003415,INS000001,Pranit,Shroff,1997-07-02,Male,Mysuru,Karnataka,India,2022-12-20,Active
CUS003416,INS000004,Faris,Shenoy,1954-10-13,Female,Bhopal,Madhya Pradesh,India,2020-09-24,Active
CUS003417,INS000004,Vinaya,Nair,2005-03-29,Male,Jaipur,Rajasthan,India,2025-01-09,Active
CUS003418,INS000001,Gaurangi,Rau,1960-12-29,Female,Bengaluru,Karnataka,India,2021-12-28,Active
CUS003419,INS000004,Peter,Sheth,1993-09-12,Male,Pune,Maharashtra,India,2020-12-19,Active
CUS003420,INS000002,Dhriti,Shetty,1951-04-24,Male,Ahmedabad,Gujarat,India,2021-01-10,Active
CUS003421,INS000004,Dalbir,Sethi,1952-07-12,Male,Pune,Maharashtra,India,2020-05-30,Inactive
CUS003422,INS000003,Aayush,Dua,1961-04-24,Male,Chandigarh,Chandigarh,India,2023-01-22,Active
CUS003423,INS000005,Siya,Dhar,1953-09-29,Female,Kochi,Kerala,India,2023-12-11,Active
CUS003424,INS000002,Anusha,Rajan,2006-03-22,Female,Lucknow,Uttar Pradesh,India,2025-08-30,Active
CUS003425,INS000003,Shaurya,Saini,1975-08-23,Female,Pune,Maharashtra,India,2020-10-15,Active
CUS003426,INS000001,Om,Bakshi,1970-01-17,Male,Patna,Bihar,India,2025-03-15,Active
CUS003427,INS000002,Nathan,Dewan,1988-02-17,Female,Jaipur,Rajasthan,India,2021-08-04,Active
CUS003428,INS000005,Vrishti,Nadig,2005-04-05,Male,Hyderabad,Telangana,India,2025-09-23,Active
CUS003429,INS000005,Gaurang,Raj,2003-05-19,Female,Indore,Madhya Pradesh,India,2021-06-06,Active
CUS003430,INS000001,Kai,Dixit,1951-09-11,Other,Bhubaneswar,Odisha,India,2021-05-18,Active
CUS003431,INS000001,Radha,Ratta,1969-07-14,Male,Thane,Maharashtra,India,2024-06-29,Active
CUS003432,INS000002,Pushti,Pau,1998-10-18,Male,Lucknow,Uttar Pradesh,India,2025-06-28,Active
CUS003433,INS000004,Netra,Atwal,1960-05-10,Male,Lucknow,Uttar Pradesh,India,2024-12-27,Active
CUS003434,INS000001,Pushti,Saraf,1993-07-28,Female,Hyderabad,Telangana,India,2022-03-28,Active
CUS003435,INS000004,Vansha,Gera,1956-02-28,Female,Chennai,Tamil Nadu,India,2023-01-09,Active
CUS003436,INS000003,Leela,Dora,1996-04-27,Female,Hyderabad,Telangana,India,2019-02-15,Active
CUS003437,INS000005,Aayush,Gour,1952-03-08,Male,Thane,Maharashtra,India,2023-09-01,Active
CUS003438,INS000004,Baljiwan,Kalla,1974-04-25,Female,Bhubaneswar,Odisha,India,2024-05-03,Active
CUS003439,INS000005,Ryan,Chandran,1952-09-22,Female,Bhubaneswar,Odisha,India,2023-03-24,Active
CUS003440,INS000004,Kashvi,Babu,1968-11-15,Male,Patna,Bihar,India,2023-05-14,Active
CUS003441,INS000003,Akshay,Raman,1965-06-15,Female,Hyderabad,Telangana,India,2022-05-08,Active
CUS003442,INS000001,Ekanta,Sodhi,1993-06-08,Male,Bhubaneswar,Odisha,India,2019-08-25,Active
CUS003443,INS000003,Rayaan,Doctor,1983-06-14,Male,Bengaluru,Karnataka,India,2019-03-30,Active
CUS003444,INS000001,Andrew,Madan,1951-09-16,Female,Kolkata,West Bengal,India,2026-01-14,Active
CUS003445,INS000001,Aayush,Nazareth,2007-08-16,Male,Pune,Maharashtra,India,2019-04-10,Active
CUS003446,INS000005,Yuvraj,Hora,1973-11-27,Female,Patna,Bihar,India,2023-10-17,Active
CUS003447,INS000003,Upkaar,Bains,2002-05-21,Female,Nagpur,Maharashtra,India,2019-08-08,Inactive
CUS003448,INS000004,Hemangini,Tank,1962-07-16,Male,Nagpur,Maharashtra,India,2024-12-01,Active
CUS003449,INS000003,Devika,Ramanathan,1993-07-13,Female,Chennai,Tamil Nadu,India,2020-05-31,Active
CUS003450,INS000005,Kai,Dutt,1958-10-04,Female,Delhi,Delhi,India,2019-11-21,Inactive
CUS003451,INS000001,Harshil,Mitter,1958-06-21,Male,Mumbai,Maharashtra,India,2022-06-13,Active
CUS003452,INS000005,Leela,Mall,1958-07-11,Male,Ahmedabad,Gujarat,India,2026-04-24,Inactive
CUS003453,INS000002,Yahvi,Kari,1952-10-07,Male,Mysuru,Karnataka,India,2020-04-29,Active
CUS003454,INS000002,Damini,Gupta,2008-02-03,Male,Nagpur,Maharashtra,India,2025-10-05,Active
CUS003455,INS000004,Oliver,Sur,1964-01-24,Male,Mysuru,Karnataka,India,2021-10-03,Active
CUS003456,INS000005,Dhruv,Tata,2007-04-15,Male,Kolkata,West Bengal,India,2023-08-27,Active
CUS003457,INS000004,Chakradev,Sant,1958-03-03,Male,Ahmedabad,Gujarat,India,2023-07-23,Active
CUS003458,INS000004,Chanchal,Saran,1989-02-28,Female,Kochi,Kerala,India,2024-10-30,Active
CUS003459,INS000002,Bina,Dutta,1953-05-03,Male,Jaipur,Rajasthan,India,2022-08-06,Inactive
CUS003460,INS000004,Tamanna,Sura,1972-07-06,Female,Nagpur,Maharashtra,India,2026-05-18,Active
CUS003461,INS000002,Zinal,Bhasin,1988-08-04,Female,Chennai,Tamil Nadu,India,2025-03-06,Active
CUS003462,INS000001,Geetika,Pandit,1956-02-23,Female,Bhopal,Madhya Pradesh,India,2022-03-17,Active
CUS003463,INS000005,Radha,Cherian,1989-01-26,Male,Bengaluru,Karnataka,India,2022-10-15,Active
CUS003464,INS000004,Krish,Bhavsar,1986-03-18,Female,Thane,Maharashtra,India,2024-01-15,Active
CUS003465,INS000002,Hema,Naik,1953-04-16,Female,Nagpur,Maharashtra,India,2021-09-01,Active
CUS003466,INS000003,Vrishti,Sood,1954-12-25,Female,Chennai,Tamil Nadu,India,2023-04-08,Active
CUS003467,INS000004,Jagrati,Mann,1994-07-29,Male,Indore,Madhya Pradesh,India,2021-11-13,Active
CUS003468,INS000001,Raghav,Dhaliwal,1965-06-13,Male,Delhi,Delhi,India,2026-06-25,Active
CUS003469,INS000001,Nitesh,Keer,1968-05-23,Female,Pune,Maharashtra,India,2022-08-06,Active
CUS003470,INS000003,Netra,Venkataraman,1963-07-28,Male,Chennai,Tamil Nadu,India,2022-11-13,Active
CUS003471,INS000002,Anirudh,Talwar,1956-06-17,Male,Hyderabad,Telangana,India,2025-04-30,Active
CUS003472,INS000004,Vedant,Kalita,1963-10-25,Male,Mumbai,Maharashtra,India,2023-12-30,Inactive
CUS003473,INS000002,Udarsh,Saha,1960-09-16,Female,Pune,Maharashtra,India,2022-06-17,Active
CUS003474,INS000001,Karan,Swaminathan,1961-02-16,Other,Kolkata,West Bengal,India,2026-05-14,Active
CUS003475,INS000002,Siddharth,Arya,1972-07-28,Male,Delhi,Delhi,India,2020-09-23,Active
CUS003476,INS000001,Anthony,Morar,2007-01-10,Female,Thane,Maharashtra,India,2023-04-01,Active
CUS003477,INS000002,Yamini,Dutt,1996-10-21,Female,Pune,Maharashtra,India,2019-06-18,Active
CUS003478,INS000003,Omkaar,Nigam,1959-10-14,Female,Indore,Madhya Pradesh,India,2023-09-02,Active
CUS003479,INS000005,Jatin,Mukhopadhyay,1993-02-10,Female,Mumbai,Maharashtra,India,2025-11-03,Active
CUS003480,INS000003,Jeevika,Sanghvi,1965-05-05,Female,Hyderabad,Telangana,India,2023-07-17,Active
CUS003481,INS000003,Baljiwan,Dara,1998-11-18,Female,Thane,Maharashtra,India,2024-10-11,Active
CUS003482,INS000005,Keya,Dayal,1974-06-25,Male,Indore,Madhya Pradesh,India,2025-04-22,Active
CUS003483,INS000005,Aadhya,Wagle,1967-01-12,Female,Mysuru,Karnataka,India,2019-07-05,Active
CUS003484,INS000004,Chanakya,Manda,1957-12-03,Male,Kochi,Kerala,India,2025-01-10,Active
CUS003485,INS000004,Chanakya,Om,1968-04-01,Male,Delhi,Delhi,India,2021-02-16,Active
CUS003486,INS000003,Hritik,Prakash,1979-08-21,Female,Bhubaneswar,Odisha,India,2026-03-16,Active
CUS003487,INS000003,Anmol,Dave,1967-11-28,Female,Mumbai,Maharashtra,India,2025-03-05,Active
CUS003488,INS000001,Chanakya,Pingle,1997-03-30,Female,Kolkata,West Bengal,India,2020-11-12,Inactive
CUS003489,INS000001,Jack,Solanki,1985-12-12,Male,Chandigarh,Chandigarh,India,2020-11-01,Active
CUS003490,INS000004,Omaja,Bhatnagar,1975-06-09,Male,Ahmedabad,Gujarat,India,2021-11-25,Active
CUS003491,INS000004,Sachi,Badami,1950-11-21,Female,Delhi,Delhi,India,2019-10-27,Active
CUS003492,INS000001,Lajita,Sekhon,1965-11-23,Male,Mumbai,Maharashtra,India,2018-11-17,Active
CUS003493,INS000001,Jatin,Pingle,1980-04-18,Female,Kolkata,West Bengal,India,2019-05-31,Active
CUS003494,INS000002,Zayyan,Sahni,1975-07-04,Male,Chandigarh,Chandigarh,India,2021-08-30,Active
CUS003495,INS000002,Urvi,Koshy,1966-02-14,Male,Mumbai,Maharashtra,India,2024-11-26,Active
CUS003496,INS000001,Michael,Kadakia,1993-11-01,Other,Thane,Maharashtra,India,2020-01-23,Active
CUS003497,INS000002,Samesh,Narain,1992-12-03,Male,Chandigarh,Chandigarh,India,2023-07-09,Active
CUS003498,INS000005,Aditya,Kaur,1984-06-08,Male,Bhopal,Madhya Pradesh,India,2023-07-26,Active
CUS003499,INS000004,Charvi,Munshi,1971-04-14,Male,Bengaluru,Karnataka,India,2021-12-16,Active
CUS003500,INS000004,Osha,Soni,1975-12-18,Female,Mysuru,Karnataka,India,2022-06-11,Active
CUS003501,INS000001,Harrison,Mand,1976-12-03,Female,Bhopal,Madhya Pradesh,India,2024-10-10,Active
CUS003502,INS000003,Zinal,Oak,1989-06-18,Male,Surat,Gujarat,India,2022-03-29,Active
CUS003503,INS000001,Anamika,Narula,1986-11-09,Male,Delhi,Delhi,India,2026-07-10,Active
CUS003504,INS000002,Laksh,Hayer,2000-11-19,Female,Kolkata,West Bengal,India,2024-03-04,Active
CUS003505,INS000003,Omya,Datta,1964-08-31,Male,Surat,Gujarat,India,2025-04-06,Active
CUS003506,INS000002,Henry,Nagy,1988-12-27,Female,Kochi,Kerala,India,2020-07-06,Active
CUS003507,INS000005,Yasti,Karnik,1982-07-05,Male,Kolkata,West Bengal,India,2020-01-01,Inactive
CUS003508,INS000002,Jacob,Khalsa,1986-11-09,Male,Nagpur,Maharashtra,India,2025-01-31,Active
CUS003509,INS000005,Barkha,Krish,1960-11-20,Female,Chandigarh,Chandigarh,India,2021-08-20,Active
CUS003510,INS000005,Ishaan,Suresh,1977-12-21,Male,Bhopal,Madhya Pradesh,India,2020-04-06,Active
CUS003511,INS000002,Hitesh,Singhal,1964-01-23,Female,Patna,Bihar,India,2022-07-16,Active
CUS003512,INS000002,Widisha,Bahl,1974-01-28,Male,Delhi,Delhi,India,2019-02-14,Active
CUS003513,INS000005,Rushil,Munshi,1995-07-08,Male,Surat,Gujarat,India,2021-11-26,Active
CUS003514,INS000003,Ryan,Vaidya,1970-01-03,Other,Patna,Bihar,India,2022-09-25,Active
CUS003515,INS000005,Adya,Chandran,1960-11-24,Male,Bhubaneswar,Odisha,India,2021-01-13,Inactive
CUS003516,INS000004,Saksham,Rajagopalan,1972-11-07,Female,Ahmedabad,Gujarat,India,2021-12-18,Active
CUS003517,INS000005,Ishita,Divan,2006-04-09,Male,Bengaluru,Karnataka,India,2022-08-08,Active
CUS003518,INS000003,Nimrat,Nagy,1972-02-12,Female,Mumbai,Maharashtra,India,2019-03-04,Active
CUS003519,INS000004,Chakrika,Bumb,1969-11-20,Female,Bengaluru,Karnataka,India,2019-08-12,Active
CUS003520,INS000001,Naveen,Wadhwa,1999-09-25,Male,Thane,Maharashtra,India,2018-12-20,Active
CUS003521,INS000001,Balveer,Swaminathan,1966-02-12,Female,Mumbai,Maharashtra,India,2022-01-17,Active
CUS003522,INS000003,Watika,Shere,1994-11-30,Female,Bhubaneswar,Odisha,India,2023-01-19,Active
CUS003523,INS000005,Sarthak,Lata,1973-03-23,Male,Mysuru,Karnataka,India,2023-07-10,Active
CUS003524,INS000002,Vasana,Bhavsar,1959-10-01,Female,Surat,Gujarat,India,2019-11-12,Active
CUS003525,INS000003,Ganga,Sengupta,1996-04-11,Female,Bengaluru,Karnataka,India,2022-04-09,Active
CUS003526,INS000004,Wahab,Ramachandran,2001-03-13,Male,Jaipur,Rajasthan,India,2026-07-13,Active
CUS003527,INS000004,Aarnav,Hans,1980-03-26,Male,Jaipur,Rajasthan,India,2026-04-27,Inactive
CUS003528,INS000001,Agastya,Majumdar,1986-07-15,Male,Bhopal,Madhya Pradesh,India,2023-04-13,Active
CUS003529,INS000004,Gaurav,Dhar,1974-10-05,Male,Pune,Maharashtra,India,2023-09-16,Active
CUS003530,INS000003,Indrajit,Patla,1968-01-04,Female,Kochi,Kerala,India,2024-05-24,Active
CUS003531,INS000004,Wakeeta,Bhargava,1966-01-23,Female,Jaipur,Rajasthan,India,2022-05-08,Active
CUS003532,INS000003,Manthan,Som,1996-01-01,Female,Kolkata,West Bengal,India,2026-05-03,Active
CUS003533,INS000002,Gautam,Koshy,1972-01-12,Male,Bengaluru,Karnataka,India,2019-03-09,Active
CUS003534,INS000001,Yasti,Kapoor,1965-01-20,Male,Bengaluru,Karnataka,India,2023-07-20,Active
CUS003535,INS000004,Falan,Aggarwal,1999-11-04,Female,Bhopal,Madhya Pradesh,India,2026-03-05,Inactive
CUS003536,INS000003,Harrison,Narang,1991-01-31,Female,Bengaluru,Karnataka,India,2020-04-16,Active
CUS003537,INS000005,Aahana,Parekh,1959-11-02,Female,Bhubaneswar,Odisha,India,2024-01-02,Active
CUS003538,INS000001,Vihaan,Subramanian,2001-07-14,Male,Nagpur,Maharashtra,India,2023-04-19,Active
CUS003539,INS000002,Tanmayi,Dhingra,1995-09-11,Male,Hyderabad,Telangana,India,2024-10-01,Inactive
CUS003540,INS000003,Chaman,Mahajan,2005-08-22,Male,Bhopal,Madhya Pradesh,India,2024-02-01,Active
CUS003541,INS000002,Aishani,Nagarajan,2004-03-07,Other,Delhi,Delhi,India,2020-12-10,Inactive
CUS003542,INS000002,Ucchal,Sundaram,1973-06-10,Male,Mysuru,Karnataka,India,2025-08-17,Active
CUS003543,INS000004,Chandresh,Murthy,1992-05-05,Female,Kolkata,West Bengal,India,2021-08-27,Active
CUS003544,INS000004,Harish,Yadav,1989-04-13,Female,Jaipur,Rajasthan,India,2021-09-10,Active
CUS003545,INS000003,Owen,Iyengar,1970-03-17,Male,Bengaluru,Karnataka,India,2022-07-02,Active
CUS003546,INS000005,Balveer,Guha,1983-02-24,Female,Surat,Gujarat,India,2019-06-18,Active
CUS003547,INS000003,Bina,Dara,1991-02-16,Female,Delhi,Delhi,India,2018-12-09,Active
CUS003548,INS000005,Jagvi,Merchant,1991-03-09,Female,Ahmedabad,Gujarat,India,2022-01-19,Active
CUS003549,INS000002,Dhriti,Bhat,1974-04-01,Male,Kolkata,West Bengal,India,2024-02-29,Active
CUS003550,INS000001,Pooja,Hayer,1994-10-16,Male,Thane,Maharashtra,India,2021-09-30,Active
CUS003551,INS000003,Jack,Viswanathan,2001-09-06,Male,Bhopal,Madhya Pradesh,India,2025-11-28,Active
CUS003552,INS000003,Girish,Thaman,1984-01-16,Male,Patna,Bihar,India,2022-12-28,Active
CUS003553,INS000005,Chakradev,Mandal,2002-02-13,Female,Bengaluru,Karnataka,India,2025-11-02,Active
CUS003554,INS000002,Aditya,Kothari,1993-12-25,Female,Indore,Madhya Pradesh,India,2019-01-01,Active
CUS003555,INS000002,Lakshit,Puri,1959-07-16,Male,Indore,Madhya Pradesh,India,2020-09-06,Active
CUS003556,INS000005,Onkar,Sampath,1962-05-07,Female,Delhi,Delhi,India,2021-08-06,Active
CUS003557,INS000002,Falguni,Apte,2003-06-05,Female,Nagpur,Maharashtra,India,2024-02-28,Active
CUS003558,INS000004,Ishita,Misra,1994-05-23,Male,Ahmedabad,Gujarat,India,2022-09-03,Active
CUS003559,INS000001,Raksha,Lal,1973-02-13,Male,Lucknow,Uttar Pradesh,India,2021-10-20,Active
CUS003560,INS000003,Amrita,Jayaraman,2004-03-07,Female,Jaipur,Rajasthan,India,2025-07-02,Active
CUS003561,INS000001,Girik,Dhawan,1959-05-06,Female,Indore,Madhya Pradesh,India,2021-04-14,Active
CUS003562,INS000003,Kashish,Minhas,1956-08-03,Female,Nagpur,Maharashtra,India,2020-01-22,Active
CUS003563,INS000004,Hema,Bakshi,1978-02-21,Male,Thane,Maharashtra,India,2019-10-24,Inactive
CUS003564,INS000002,Qadim,Balakrishnan,1959-09-08,Male,Nagpur,Maharashtra,India,2019-08-11,Active
CUS003565,INS000005,Ishaan,Sama,1977-02-22,Male,Pune,Maharashtra,India,2024-07-06,Active
CUS003566,INS000004,Nandini,Brar,1988-01-02,Female,Bhubaneswar,Odisha,India,2019-01-07,Active
CUS003567,INS000001,Mugdha,Pillay,2004-10-10,Female,Hyderabad,Telangana,India,2024-10-02,Active
CUS003568,INS000005,Tanmayi,Shroff,2005-10-02,Male,Pune,Maharashtra,India,2026-01-06,Active
CUS003569,INS000002,Anita,Divan,1993-10-22,Female,Mumbai,Maharashtra,India,2021-05-16,Active
CUS003570,INS000004,Lekha,Sekhon,1982-05-01,Female,Patna,Bihar,India,2024-01-12,Active
CUS003571,INS000005,Vanya,Raja,1963-08-18,Female,Chennai,Tamil Nadu,India,2025-10-26,Active
CUS003572,INS000004,Oviya,Dugar,1966-05-06,Other,Chennai,Tamil Nadu,India,2023-10-10,Active
CUS003573,INS000004,Ojas,Sawhney,2005-02-17,Male,Surat,Gujarat,India,2021-01-17,Active
CUS003574,INS000002,Isaiah,Murthy,1967-03-24,Female,Patna,Bihar,India,2019-07-11,Active
CUS003575,INS000003,Kevin,Chokshi,1982-06-01,Male,Delhi,Delhi,India,2020-10-11,Inactive
CUS003576,INS000005,Daniel,Mahal,1979-08-12,Male,Mumbai,Maharashtra,India,2023-09-16,Active
CUS003577,INS000002,Nathaniel,Shah,1975-06-29,Female,Hyderabad,Telangana,India,2019-04-07,Active
CUS003578,INS000004,Hemang,Majumdar,1989-05-22,Female,Chennai,Tamil Nadu,India,2023-11-13,Active
CUS003579,INS000002,Omaja,Hora,1952-02-12,Female,Kochi,Kerala,India,2018-08-15,Active
CUS003580,INS000003,Vasudha,Setty,1996-02-13,Female,Bhubaneswar,Odisha,India,2025-12-16,Active
CUS003581,INS000005,Raksha,Mane,1973-05-30,Female,Chennai,Tamil Nadu,India,2026-03-01,Active
CUS003582,INS000003,Pratyush,Gaba,1981-10-30,Female,Bhubaneswar,Odisha,India,2018-08-11,Active
CUS003583,INS000001,Ladli,Dave,1967-10-09,Male,Nagpur,Maharashtra,India,2021-08-18,Active
CUS003584,INS000005,Jagrati,Naidu,1977-11-19,Female,Surat,Gujarat,India,2024-06-20,Active
CUS003585,INS000003,Ayush,Badal,1987-08-29,Female,Surat,Gujarat,India,2022-12-30,Active
CUS003586,INS000004,Kalpit,Dasgupta,1986-04-29,Male,Nagpur,Maharashtra,India,2025-05-20,Inactive
CUS003587,INS000005,Vasudha,Ben,1994-03-22,Male,Chennai,Tamil Nadu,India,2019-12-26,Active
CUS003588,INS000005,Vinaya,Narain,1994-08-14,Female,Hyderabad,Telangana,India,2025-12-30,Active
CUS003589,INS000002,Isaiah,Sood,1996-04-07,Female,Lucknow,Uttar Pradesh,India,2018-10-27,Active
CUS003590,INS000004,Nisha,Pillay,1955-01-28,Female,Chennai,Tamil Nadu,India,2025-04-11,Active
CUS003591,INS000001,Ridhi,Dhar,1956-03-06,Female,Surat,Gujarat,India,2022-01-12,Active
CUS003592,INS000003,Chakradhar,Murty,2000-07-04,Male,Hyderabad,Telangana,India,2022-10-19,Active
CUS003593,INS000002,Dev,Prashad,1989-09-06,Female,Bhubaneswar,Odisha,India,2022-05-19,Active
CUS003594,INS000003,Advika,Bal,1979-08-10,Female,Thane,Maharashtra,India,2024-12-05,Active
CUS003595,INS000001,Dipta,Saraf,1956-06-27,Female,Ahmedabad,Gujarat,India,2026-04-10,Active
CUS003596,INS000001,Advik,Naik,2002-08-16,Female,Indore,Madhya Pradesh,India,2025-01-11,Active
CUS003597,INS000005,Udarsh,Randhawa,1980-06-26,Female,Kochi,Kerala,India,2025-09-24,Active
CUS003598,INS000001,Hamsini,Gokhale,1962-01-04,Female,Hyderabad,Telangana,India,2023-01-24,Active
CUS003599,INS000003,Zilmil,Narain,1977-05-23,Female,Jaipur,Rajasthan,India,2024-12-29,Active
CUS003600,INS000004,Girish,Banerjee,1952-04-18,Male,Mumbai,Maharashtra,India,2023-06-27,Active
CUS003601,INS000004,Rachita,Mandal,1951-12-10,Female,Indore,Madhya Pradesh,India,2019-09-25,Active
CUS003602,INS000005,Yuvraj,Naik,1997-05-16,Male,Thane,Maharashtra,India,2019-03-31,Active
CUS003603,INS000003,Vasatika,Baral,1978-02-03,Male,Mumbai,Maharashtra,India,2022-01-26,Active
CUS003604,INS000003,Hiral,Vaidya,1972-08-12,Female,Mysuru,Karnataka,India,2019-06-21,Active
CUS003605,INS000001,Lekha,Bhalla,1977-12-13,Male,Pune,Maharashtra,India,2020-06-25,Active
CUS003606,INS000003,Manthan,Deo,1960-03-25,Female,Hyderabad,Telangana,India,2020-09-20,Active
CUS003607,INS000002,Chatura,Taneja,1998-09-30,Male,Chennai,Tamil Nadu,India,2024-03-04,Active
CUS003608,INS000001,Advay,Bhatt,1950-11-02,Male,Kolkata,West Bengal,India,2022-08-29,Active
CUS003609,INS000002,Naksh,Bir,1956-02-19,Female,Indore,Madhya Pradesh,India,2026-06-10,Active
CUS003610,INS000005,Yashasvi,Dey,1981-09-15,Male,Surat,Gujarat,India,2021-10-11,Active
CUS003611,INS000004,Upasna,Doshi,1975-03-04,Female,Nagpur,Maharashtra,India,2021-07-08,Active
CUS003612,INS000005,Warhi,Chaudry,1978-07-22,Male,Kolkata,West Bengal,India,2023-06-23,Active
CUS003613,INS000004,Noah,Virk,1982-09-23,Male,Bhopal,Madhya Pradesh,India,2018-08-14,Active
CUS003614,INS000005,Falan,Gade,1991-11-15,Male,Chennai,Tamil Nadu,India,2024-07-18,Active
CUS003615,INS000003,Vyanjana,Keer,1982-11-05,Male,Chennai,Tamil Nadu,India,2023-08-29,Active
CUS003616,INS000002,Ekani,Chanda,1958-09-19,Female,Hyderabad,Telangana,India,2019-05-15,Inactive
CUS003617,INS000004,Wridesh,Parsa,1993-01-19,Male,Mumbai,Maharashtra,India,2023-12-18,Active
CUS003618,INS000001,Ganga,Parikh,1983-11-19,Female,Lucknow,Uttar Pradesh,India,2021-06-18,Active
CUS003619,INS000002,Arunima,Nigam,1957-06-08,Female,Lucknow,Uttar Pradesh,India,2025-02-17,Active
CUS003620,INS000001,Chandresh,Bumb,2007-05-25,Female,Bhubaneswar,Odisha,India,2019-06-01,Active
CUS003621,INS000002,Yashica,Sachar,2007-05-22,Female,Nagpur,Maharashtra,India,2020-05-25,Active
CUS003622,INS000002,Udant,Oza,1973-09-12,Male,Mysuru,Karnataka,India,2024-12-27,Inactive
CUS003623,INS000005,Kritika,Boase,1961-12-29,Male,Surat,Gujarat,India,2024-03-21,Active
CUS003624,INS000004,Neha,Tailor,1995-02-27,Female,Jaipur,Rajasthan,India,2019-12-09,Active
CUS003625,INS000004,Wahab,Rattan,1996-01-06,Female,Nagpur,Maharashtra,India,2026-04-12,Active
CUS003626,INS000002,Farhan,Bhatia,1976-03-28,Female,Mysuru,Karnataka,India,2026-04-11,Active
CUS003627,INS000003,Tripti,Vohra,1961-04-08,Female,Kochi,Kerala,India,2025-06-24,Active
CUS003628,INS000003,Sachi,Saha,1987-11-12,Male,Kolkata,West Bengal,India,2018-11-28,Active
CUS003629,INS000001,Sara,Randhawa,1999-03-23,Male,Thane,Maharashtra,India,2021-08-11,Active
CUS003630,INS000001,Gaurang,Dubey,1994-01-09,Female,Lucknow,Uttar Pradesh,India,2019-02-07,Active
CUS003631,INS000005,Wishi,Chakraborty,2008-02-09,Female,Thane,Maharashtra,India,2018-10-27,Active
CUS003632,INS000002,Sanya,Johal,1987-04-22,Male,Bengaluru,Karnataka,India,2019-05-28,Active
CUS003633,INS000001,Diya,Sen,1973-02-20,Female,Kolkata,West Bengal,India,2025-06-18,Active
CUS003634,INS000001,Jagat,Dutt,1991-05-08,Male,Lucknow,Uttar Pradesh,India,2024-04-09,Active
CUS003635,INS000002,Widisha,D’Alia,1970-07-31,Male,Bhopal,Madhya Pradesh,India,2021-07-05,Active
CUS003636,INS000005,Andrew,Lal,1974-02-12,Female,Mysuru,Karnataka,India,2025-08-03,Active
CUS003637,INS000001,Harshil,Karan,2003-10-19,Female,Patna,Bihar,India,2026-01-05,Active
CUS003638,INS000005,Netra,Khatri,1961-09-10,Female,Thane,Maharashtra,India,2025-03-30,Active
CUS003639,INS000004,Nitara,Bhalla,1956-11-30,Male,Ahmedabad,Gujarat,India,2023-06-02,Inactive
CUS003640,INS000005,Balendra,Bajwa,1958-08-24,Male,Chennai,Tamil Nadu,India,2020-09-06,Inactive
CUS003641,INS000003,Aadi,Ben,2004-08-01,Female,Chandigarh,Chandigarh,India,2023-01-02,Active
CUS003642,INS000003,Gavin,Kar,2000-07-07,Male,Delhi,Delhi,India,2025-09-29,Inactive
CUS003643,INS000005,Daksha,Srinivas,1984-09-28,Female,Delhi,Delhi,India,2022-11-02,Active
CUS003644,INS000003,Yashoda,Basak,2002-10-05,Female,Chennai,Tamil Nadu,India,2019-03-05,Active
CUS003645,INS000004,Samuel,Basak,1951-04-05,Female,Mumbai,Maharashtra,India,2020-09-23,Active
CUS003646,INS000002,Tanmayi,Kanda,1973-07-14,Male,Pune,Maharashtra,India,2018-08-26,Active
CUS003647,INS000003,Harita,Kaul,1983-10-25,Female,Chandigarh,Chandigarh,India,2023-12-24,Active
CUS003648,INS000003,Januja,Dua,1979-12-05,Male,Nagpur,Maharashtra,India,2024-08-17,Active
CUS003649,INS000005,Chatura,Devan,1989-03-02,Male,Pune,Maharashtra,India,2019-10-07,Active
CUS003650,INS000004,Udant,Tella,2008-03-22,Male,Pune,Maharashtra,India,2024-03-03,Active
CUS003651,INS000002,Suhani,Nagarajan,1956-12-20,Male,Kolkata,West Bengal,India,2021-01-06,Active
CUS003652,INS000005,Garima,Naidu,1987-11-03,Female,Chandigarh,Chandigarh,India,2026-07-12,Active
CUS003653,INS000005,Urvashi,Ram,1991-05-07,Male,Mysuru,Karnataka,India,2022-05-07,Inactive
CUS003654,INS000004,Januja,Randhawa,1972-10-30,Male,Nagpur,Maharashtra,India,2024-02-15,Active
CUS003655,INS000002,Sneha,Bahl,1967-07-18,Other,Lucknow,Uttar Pradesh,India,2021-01-07,Active
CUS003656,INS000004,Ishaan,Uppal,1977-04-16,Male,Thane,Maharashtra,India,2020-04-05,Active
CUS003657,INS000002,Gunbir,Mann,1986-08-02,Female,Nagpur,Maharashtra,India,2021-02-03,Active
CUS003658,INS000004,Tristan,Tailor,1976-10-14,Male,Bhopal,Madhya Pradesh,India,2024-12-26,Active
CUS003659,INS000005,Aarnav,Bajwa,1989-08-04,Male,Mysuru,Karnataka,India,2023-12-19,Active
CUS003660,INS000005,Harita,Sachdeva,1974-06-24,Female,Pune,Maharashtra,India,2022-05-03,Active
CUS003661,INS000001,Isha,Bir,2002-03-01,Male,Chandigarh,Chandigarh,India,2021-07-21,Active
CUS003662,INS000003,Bishakha,Baria,1963-08-09,Female,Kolkata,West Bengal,India,2022-01-13,Active
CUS003663,INS000004,Kashvi,Iyengar,1969-08-30,Male,Lucknow,Uttar Pradesh,India,2021-09-07,Active
CUS003664,INS000001,Hitesh,Banik,1985-05-28,Male,Bengaluru,Karnataka,India,2025-04-01,Active
CUS003665,INS000003,Chakradev,Joshi,1952-07-04,Male,Bhubaneswar,Odisha,India,2023-05-28,Active
CUS003666,INS000004,Nitesh,Karpe,2006-01-17,Male,Mysuru,Karnataka,India,2020-02-01,Active
CUS003667,INS000002,Waida,Swamy,1956-10-31,Male,Bhopal,Madhya Pradesh,India,2020-05-19,Active
CUS003668,INS000003,Logan,Amble,1970-11-23,Female,Mumbai,Maharashtra,India,2026-07-03,Active
CUS003669,INS000005,Nimrat,Palla,1995-06-16,Female,Pune,Maharashtra,India,2020-06-27,Active
CUS003670,INS000001,Hredhaan,Buch,1952-03-13,Male,Mumbai,Maharashtra,India,2026-02-01,Active
CUS003671,INS000003,Aachal,Pillai,1973-11-17,Male,Chennai,Tamil Nadu,India,2023-07-26,Inactive
CUS003672,INS000003,Rohan,Upadhyay,1992-04-08,Female,Nagpur,Maharashtra,India,2018-09-05,Active
CUS003673,INS000005,Raghav,Gala,1983-07-12,Female,Patna,Bihar,India,2025-12-08,Active
CUS003674,INS000004,Jai,Ranganathan,1966-05-20,Female,Ahmedabad,Gujarat,India,2026-03-18,Active
CUS003675,INS000002,Maya,Kala,1984-07-15,Female,Lucknow,Uttar Pradesh,India,2023-04-19,Active
CUS003676,INS000005,Tanveer,Doshi,1994-10-06,Male,Indore,Madhya Pradesh,India,2025-01-29,Active
CUS003677,INS000002,Tanvi,Yadav,1955-04-26,Male,Thane,Maharashtra,India,2019-04-04,Active
CUS003678,INS000004,Rayaan,Amble,1963-09-25,Female,Mumbai,Maharashtra,India,2024-09-17,Active
CUS003679,INS000003,Hamsini,Manda,1966-05-22,Female,Kolkata,West Bengal,India,2019-09-05,Active
CUS003680,INS000002,Hritik,Lata,1966-05-16,Female,Kochi,Kerala,India,2019-06-03,Active
CUS003681,INS000001,Oeshi,Prasad,1978-03-23,Male,Mysuru,Karnataka,India,2021-04-26,Active
CUS003682,INS000001,Chakradhar,Vaidya,1989-03-22,Other,Bengaluru,Karnataka,India,2025-01-15,Inactive
CUS003683,INS000005,Jatin,Rama,1998-12-05,Female,Bengaluru,Karnataka,India,2024-04-02,Active
CUS003684,INS000004,Shravya,Dutta,1988-09-11,Male,Nagpur,Maharashtra,India,2026-05-22,Active
CUS003685,INS000005,Tanvi,Jaggi,1962-07-01,Female,Jaipur,Rajasthan,India,2022-04-11,Active
CUS003686,INS000005,Yamini,Kunda,1990-05-15,Male,Kochi,Kerala,India,2021-08-17,Active
CUS003687,INS000005,Krish,Natt,1981-07-17,Male,Kochi,Kerala,India,2022-05-29,Inactive
CUS003688,INS000001,Wishi,Hayre,1956-06-03,Male,Delhi,Delhi,India,2018-11-15,Active
CUS003689,INS000001,Aayush,Narain,1953-03-30,Male,Surat,Gujarat,India,2024-02-27,Active
CUS003690,INS000005,Chanakya,Lad,1983-04-11,Male,Surat,Gujarat,India,2023-11-14,Inactive
CUS003691,INS000001,Rachita,Ramaswamy,1996-11-01,Female,Ahmedabad,Gujarat,India,2024-06-08,Active
CUS003692,INS000004,Vasudha,Dar,1965-12-27,Male,Pune,Maharashtra,India,2023-07-24,Active
CUS003693,INS000005,Yashoda,Mangal,1992-11-05,Female,Kochi,Kerala,India,2025-05-12,Active
CUS003694,INS000001,Peter,Seth,2005-12-28,Male,Hyderabad,Telangana,India,2022-11-18,Active
CUS003695,INS000002,Oscar,Balakrishnan,2000-10-08,Male,Bhopal,Madhya Pradesh,India,2026-01-15,Active
CUS003696,INS000005,Kabir,Sehgal,1979-03-26,Female,Chandigarh,Chandigarh,India,2019-02-04,Active
CUS003697,INS000005,Hemang,Vala,1963-02-27,Female,Chennai,Tamil Nadu,India,2018-10-01,Active
CUS003698,INS000004,Lila,Ravi,1954-11-20,Female,Chandigarh,Chandigarh,India,2021-05-02,Active
CUS003699,INS000003,Ekanta,Jayaraman,1965-02-28,Other,Nagpur,Maharashtra,India,2022-09-07,Active
CUS003700,INS000003,Yamini,Goyal,1982-03-06,Male,Bengaluru,Karnataka,India,2021-10-04,Inactive
CUS003701,INS000004,Leena,Chowdhury,1956-08-13,Male,Kolkata,West Bengal,India,2025-10-03,Active
CUS003702,INS000004,Omya,Barman,1951-03-16,Female,Hyderabad,Telangana,India,2025-04-20,Active
CUS003703,INS000004,Yuvraj,Ram,1967-01-04,Other,Mysuru,Karnataka,India,2023-05-30,Active
CUS003704,INS000003,Anusha,Chhabra,1988-07-23,Female,Bhopal,Madhya Pradesh,India,2019-04-05,Active
CUS003705,INS000004,Mitali,Jha,1984-11-02,Female,Mysuru,Karnataka,India,2026-02-19,Active
CUS003706,INS000001,Hemal,Iyengar,1988-09-30,Female,Bhubaneswar,Odisha,India,2018-09-05,Active
CUS003707,INS000005,Chaitaly,Misra,1995-05-11,Male,Thane,Maharashtra,India,2019-08-20,Active
CUS003708,INS000005,Sneha,Kala,1953-05-11,Female,Ahmedabad,Gujarat,India,2026-06-25,Inactive
CUS003709,INS000002,Kiaan,Mitter,1968-09-02,Female,Lucknow,Uttar Pradesh,India,2019-04-20,Active
CUS003710,INS000002,Lakshit,Patel,2002-09-28,Female,Chennai,Tamil Nadu,India,2023-02-03,Active
CUS003711,INS000005,Nitara,Sheth,1959-12-21,Male,Lucknow,Uttar Pradesh,India,2023-04-15,Active
CUS003712,INS000001,Yauvani,Bhagat,2003-06-28,Male,Mumbai,Maharashtra,India,2024-10-10,Active
CUS003713,INS000003,Chandani,Karpe,1959-05-01,Male,Chennai,Tamil Nadu,India,2019-11-18,Active
CUS003714,INS000003,Dipta,Krishnan,1983-03-10,Male,Nagpur,Maharashtra,India,2020-06-02,Active
CUS003715,INS000001,Teerth,Kalla,2001-09-27,Female,Surat,Gujarat,India,2019-03-24,Active
CUS003716,INS000003,Sai,Vaidya,2000-02-02,Male,Indore,Madhya Pradesh,India,2022-12-31,Active
CUS003717,INS000004,Shaurya,Bajwa,2004-04-19,Male,Patna,Bihar,India,2025-08-14,Active
CUS003718,INS000005,Bina,Mukherjee,1974-01-16,Male,Nagpur,Maharashtra,India,2021-05-29,Active
CUS003719,INS000005,Hemani,Arora,1982-03-03,Female,Chennai,Tamil Nadu,India,2021-11-21,Active
CUS003720,INS000001,Kevin,Kalita,1952-07-06,Female,Nagpur,Maharashtra,India,2025-12-25,Active
CUS003721,INS000003,Pranav,Golla,2006-07-24,Male,Surat,Gujarat,India,2020-02-01,Active
CUS003722,INS000002,Yahvi,Nath,2001-06-02,Male,Chandigarh,Chandigarh,India,2019-06-18,Active
CUS003723,INS000002,Ekantika,Jhaveri,1985-07-13,Male,Nagpur,Maharashtra,India,2022-09-08,Active
CUS003724,INS000003,Jack,Tata,1964-11-22,Female,Indore,Madhya Pradesh,India,2025-12-28,Active
CUS003725,INS000002,Indira,Rama,1958-12-22,Male,Jaipur,Rajasthan,India,2024-06-02,Active
CUS003726,INS000001,Varsha,Narang,2005-12-23,Female,Surat,Gujarat,India,2024-03-12,Active
CUS003727,INS000001,Omisha,Shankar,1995-03-31,Male,Delhi,Delhi,India,2026-04-15,Active
CUS003728,INS000003,Bhavika,Raman,1965-07-21,Male,Pune,Maharashtra,India,2022-09-24,Active
CUS003729,INS000002,Pahal,Gandhi,2002-07-13,Female,Indore,Madhya Pradesh,India,2019-08-07,Inactive
CUS003730,INS000001,Agastya,Swamy,2004-10-21,Male,Bhubaneswar,Odisha,India,2019-05-15,Active
CUS003731,INS000001,Hredhaan,Srinivasan,1968-02-20,Female,Jaipur,Rajasthan,India,2024-01-06,Active
CUS003732,INS000004,Aryan,Mangal,1965-09-30,Male,Nagpur,Maharashtra,India,2021-06-07,Inactive
CUS003733,INS000004,Lakshmi,Kothari,1959-08-24,Female,Bhopal,Madhya Pradesh,India,2025-08-22,Active
CUS003734,INS000001,Maanav,Brahmbhatt,1954-01-28,Female,Jaipur,Rajasthan,India,2026-07-10,Active
CUS003735,INS000003,Chatresh,Chhabra,1969-02-12,Female,Indore,Madhya Pradesh,India,2023-08-18,Active
CUS003736,INS000005,Daksh,Acharya,1954-12-07,Male,Thane,Maharashtra,India,2020-02-04,Active
CUS003737,INS000005,Ryan,Balasubramanian,1954-02-28,Male,Pune,Maharashtra,India,2020-01-19,Inactive
CUS003738,INS000001,Amara,Bedi,1978-04-30,Male,Hyderabad,Telangana,India,2023-04-14,Active
CUS003739,INS000001,Naveen,Apte,2007-09-11,Female,Mysuru,Karnataka,India,2024-02-15,Active
CUS003740,INS000001,Bhavini,Mahal,1956-03-06,Female,Mumbai,Maharashtra,India,2020-10-08,Active
CUS003741,INS000003,Zashil,Acharya,1999-03-02,Male,Lucknow,Uttar Pradesh,India,2024-12-06,Active
CUS003742,INS000004,Madhav,Mitter,2004-06-07,Male,Jaipur,Rajasthan,India,2020-09-16,Active
CUS003743,INS000001,David,Saxena,1956-05-19,Female,Kolkata,West Bengal,India,2024-05-03,Inactive
CUS003744,INS000001,Chakrika,Raj,2004-01-03,Male,Chennai,Tamil Nadu,India,2021-10-19,Inactive
CUS003745,INS000002,Samar,Dutta,1972-10-07,Male,Ahmedabad,Gujarat,India,2026-01-04,Active
CUS003746,INS000003,Bachittar,Chatterjee,1955-03-26,Male,Mumbai,Maharashtra,India,2025-11-04,Active
CUS003747,INS000001,Jagrati,Bera,1996-04-04,Female,Bengaluru,Karnataka,India,2025-06-01,Active
CUS003748,INS000002,Sneha,Pillai,1956-05-02,Female,Hyderabad,Telangana,India,2023-03-11,Inactive
CUS003749,INS000005,Harsh,Kale,1991-04-24,Other,Patna,Bihar,India,2020-01-06,Active
CUS003750,INS000001,Udarsh,Halder,1955-08-12,Male,Chennai,Tamil Nadu,India,2019-08-16,Active
CUS003751,INS000001,Lopa,Sampath,1979-05-05,Female,Surat,Gujarat,India,2019-01-08,Active
CUS003752,INS000002,Wazir,Pradhan,1962-05-23,Female,Chennai,Tamil Nadu,India,2023-04-30,Active
CUS003753,INS000003,Yasti,Borra,1958-06-11,Male,Jaipur,Rajasthan,India,2025-03-20,Active
CUS003754,INS000001,Bhavna,Mammen,1991-07-08,Female,Indore,Madhya Pradesh,India,2024-03-17,Active
CUS003755,INS000005,Champak,Sahni,1984-05-31,Male,Jaipur,Rajasthan,India,2020-10-26,Active
CUS003756,INS000001,Lakshmi,Bains,1968-07-19,Male,Thane,Maharashtra,India,2022-12-04,Active
CUS003757,INS000005,Lila,Mishra,1999-10-06,Male,Patna,Bihar,India,2019-02-16,Active
CUS003758,INS000004,Omaja,Banerjee,1951-07-17,Male,Bengaluru,Karnataka,India,2020-02-08,Active
CUS003759,INS000004,Dhriti,Dar,1958-06-14,Female,Kochi,Kerala,India,2026-02-07,Active
CUS003760,INS000005,Chatura,Mittal,2003-03-01,Male,Chandigarh,Chandigarh,India,2019-12-11,Active
CUS003761,INS000003,Agastya,Dhar,1989-05-27,Male,Indore,Madhya Pradesh,India,2025-01-11,Active
CUS003762,INS000001,Zayan,Lall,1950-11-07,Male,Mysuru,Karnataka,India,2021-04-20,Active
CUS003763,INS000001,Samaksh,Shan,2006-11-25,Female,Indore,Madhya Pradesh,India,2023-04-22,Active
CUS003764,INS000004,Saanvi,Jayaraman,1980-10-21,Female,Chandigarh,Chandigarh,India,2020-12-15,Active
CUS003765,INS000005,Umang,Dara,1997-03-05,Female,Kochi,Kerala,India,2020-01-05,Active
CUS003766,INS000001,Jhalak,Balasubramanian,1955-09-20,Female,Chandigarh,Chandigarh,India,2019-03-13,Active
CUS003767,INS000001,Ronith,Soni,1955-12-09,Male,Bengaluru,Karnataka,India,2019-07-08,Active
CUS003768,INS000003,Rishi,Ghosh,1958-04-15,Male,Kochi,Kerala,India,2022-06-18,Active
CUS003769,INS000002,Chaitaly,Atwal,1981-07-20,Female,Delhi,Delhi,India,2020-11-01,Inactive
CUS003770,INS000004,Saumya,Chowdhury,1999-12-19,Male,Ahmedabad,Gujarat,India,2021-08-14,Active
CUS003771,INS000004,Peter,Chadha,1967-12-12,Male,Chandigarh,Chandigarh,India,2019-02-01,Active
CUS003772,INS000002,Falan,Keer,1958-07-13,Female,Hyderabad,Telangana,India,2021-05-09,Active
CUS003773,INS000001,Rachit,Shah,1978-09-15,Male,Bengaluru,Karnataka,India,2022-09-11,Inactive
CUS003774,INS000003,Oscar,Mahajan,1991-01-15,Male,Lucknow,Uttar Pradesh,India,2019-01-17,Active
CUS003775,INS000003,Yoshita,Madan,1995-05-31,Male,Kolkata,West Bengal,India,2023-09-16,Inactive
CUS003776,INS000004,Jagdish,Bajaj,1985-11-03,Male,Jaipur,Rajasthan,India,2023-01-08,Active
CUS003777,INS000003,Krishna,Srinivasan,2006-11-06,Female,Lucknow,Uttar Pradesh,India,2019-07-06,Active
CUS003778,INS000002,Banjeet,Bhatnagar,1978-03-27,Female,Bhubaneswar,Odisha,India,2026-03-30,Active
CUS003779,INS000001,Priya,Dua,1980-03-08,Female,Bhubaneswar,Odisha,India,2026-02-12,Active
CUS003780,INS000002,Arya,Kale,1979-01-26,Female,Surat,Gujarat,India,2018-08-14,Active
CUS003781,INS000005,Aishani,Bhattacharyya,1967-09-08,Male,Bhopal,Madhya Pradesh,India,2022-07-22,Active
CUS003782,INS000004,Kalpit,Rao,1975-06-20,Male,Indore,Madhya Pradesh,India,2019-06-28,Active
CUS003783,INS000003,Naveen,Purohit,1985-09-14,Male,Bengaluru,Karnataka,India,2021-04-27,Active
CUS003784,INS000005,Aadhya,Balan,1964-06-14,Male,Nagpur,Maharashtra,India,2026-04-17,Active
CUS003785,INS000003,Abdul,Barad,1996-05-04,Other,Surat,Gujarat,India,2024-05-07,Active
CUS003786,INS000001,Ganga,Tank,1955-03-23,Female,Mysuru,Karnataka,India,2022-02-20,Active
CUS003787,INS000001,Unnati,Sankaran,2003-11-05,Male,Delhi,Delhi,India,2020-03-03,Inactive
CUS003788,INS000001,Mohammed,Shroff,1979-07-25,Male,Delhi,Delhi,India,2026-06-18,Active
CUS003789,INS000003,Balveer,Sachar,1986-04-02,Male,Indore,Madhya Pradesh,India,2019-11-03,Active
CUS003790,INS000005,Mitesh,Gill,1957-01-18,Male,Kochi,Kerala,India,2019-01-28,Active
CUS003791,INS000001,Ekantika,Arya,2007-10-13,Male,Bhubaneswar,Odisha,India,2025-09-23,Active
CUS003792,INS000005,Charan,Basu,1957-09-06,Female,Nagpur,Maharashtra,India,2026-07-16,Active
CUS003793,INS000003,Charvi,Bhatnagar,1984-02-07,Female,Bengaluru,Karnataka,India,2022-04-25,Active
CUS003794,INS000005,Vritti,Mand,1967-03-16,Female,Bhubaneswar,Odisha,India,2024-07-29,Active
CUS003795,INS000003,Ishita,Manda,1965-01-26,Male,Bhopal,Madhya Pradesh,India,2022-01-17,Active
CUS003796,INS000003,Elijah,Srinivas,1959-05-27,Male,Patna,Bihar,India,2023-02-24,Active
CUS003797,INS000004,Eesha,Jain,1970-10-21,Female,Chennai,Tamil Nadu,India,2021-08-04,Active
CUS003798,INS000003,Thomas,Loke,2001-06-19,Female,Nagpur,Maharashtra,India,2020-02-04,Active
CUS003799,INS000003,Qarin,Bajwa,1955-01-06,Female,Patna,Bihar,India,2022-06-05,Active
CUS003800,INS000002,Ekansh,Magar,1964-05-16,Female,Delhi,Delhi,India,2022-07-17,Active
CUS003801,INS000001,Yashasvi,Guha,2003-12-19,Female,Kochi,Kerala,India,2020-02-05,Active
CUS003802,INS000004,Nathaniel,Keer,1963-03-26,Female,Kolkata,West Bengal,India,2025-09-05,Inactive
CUS003803,INS000004,Ojasvi,Sem,1953-07-31,Male,Indore,Madhya Pradesh,India,2025-05-03,Active
CUS003804,INS000004,Netra,Agarwal,1985-03-20,Female,Jaipur,Rajasthan,India,2024-07-16,Active
CUS003805,INS000002,George,Basu,1975-09-26,Male,Ahmedabad,Gujarat,India,2019-11-10,Active
CUS003806,INS000003,Ikshita,Saran,1988-12-28,Male,Hyderabad,Telangana,India,2018-08-13,Active
CUS003807,INS000001,Timothy,Suresh,1973-02-19,Female,Surat,Gujarat,India,2020-09-10,Inactive
CUS003808,INS000005,Tanay,Kata,1974-03-07,Male,Bhopal,Madhya Pradesh,India,2022-01-16,Inactive
CUS003809,INS000003,Garima,Batta,1965-04-16,Male,Patna,Bihar,India,2023-03-18,Active
CUS003810,INS000002,Garima,Mangat,1970-07-29,Male,Hyderabad,Telangana,India,2024-07-24,Active
CUS003811,INS000003,Jalsa,Patla,1960-04-19,Male,Thane,Maharashtra,India,2022-11-27,Active
CUS003812,INS000003,Chaaya,Chakrabarti,1969-05-06,Male,Lucknow,Uttar Pradesh,India,2025-09-02,Active
CUS003813,INS000002,Tejas,Pillai,1994-07-19,Male,Indore,Madhya Pradesh,India,2025-11-09,Inactive
CUS003814,INS000004,Vaishnavi,Shan,1979-06-02,Male,Bhopal,Madhya Pradesh,India,2025-10-10,Active
CUS003815,INS000004,Aditya,Sodhi,1968-09-09,Male,Kolkata,West Bengal,India,2025-09-16,Active
CUS003816,INS000001,Ishwar,Gade,1954-12-14,Other,Thane,Maharashtra,India,2019-02-27,Active
CUS003817,INS000001,Hiral,Prakash,1958-08-29,Male,Chandigarh,Chandigarh,India,2022-02-06,Active
CUS003818,INS000004,Sanaya,Prabhu,1971-09-03,Male,Chandigarh,Chandigarh,India,2025-11-30,Inactive
CUS003819,INS000005,Wridesh,Zachariah,1978-10-27,Female,Bengaluru,Karnataka,India,2023-10-18,Active
CUS003820,INS000003,Yagnesh,Dhingra,1997-07-04,Female,Ahmedabad,Gujarat,India,2020-06-03,Active
CUS003821,INS000005,Balveer,Nagi,2004-10-14,Female,Patna,Bihar,India,2019-01-04,Active
CUS003822,INS000003,Ekani,Palan,1977-08-29,Male,Delhi,Delhi,India,2024-03-21,Active
CUS003823,INS000004,Lakshmi,Ray,1982-01-31,Female,Delhi,Delhi,India,2024-05-23,Inactive
CUS003824,INS000001,Ishaan,Ghosh,1991-06-24,Female,Indore,Madhya Pradesh,India,2021-08-30,Inactive
CUS003825,INS000001,Libni,Ratti,1966-08-09,Female,Chennai,Tamil Nadu,India,2019-05-04,Inactive
CUS003826,INS000005,Aahana,Pradhan,1981-02-03,Female,Pune,Maharashtra,India,2025-11-21,Active
CUS003827,INS000001,Barkha,Sibal,2003-05-16,Female,Surat,Gujarat,India,2022-05-27,Active
CUS003828,INS000004,Aryan,Palan,1975-04-22,Female,Mysuru,Karnataka,India,2025-02-20,Active
CUS003829,INS000005,Zansi,Master,1985-08-30,Female,Nagpur,Maharashtra,India,2019-01-11,Active
CUS003830,INS000003,Kavya,Divan,1979-12-28,Male,Bengaluru,Karnataka,India,2019-10-05,Active
CUS003831,INS000001,Yoshita,Talwar,2007-07-23,Female,Delhi,Delhi,India,2020-12-09,Active
CUS003832,INS000002,Yashoda,Reddy,1985-04-12,Female,Jaipur,Rajasthan,India,2018-11-26,Active
CUS003833,INS000001,Sanaya,Parsa,2007-07-05,Male,Indore,Madhya Pradesh,India,2019-12-04,Active
CUS003834,INS000003,Vidhi,Sankaran,1952-05-17,Other,Chandigarh,Chandigarh,India,2019-11-24,Active
CUS003835,INS000005,Caleb,Chadha,1956-09-29,Male,Kochi,Kerala,India,2018-09-25,Active
CUS003836,INS000003,Chaman,Kulkarni,2008-01-17,Male,Kochi,Kerala,India,2020-04-02,Inactive
CUS003837,INS000002,Reyansh,Devan,1991-03-31,Female,Chandigarh,Chandigarh,India,2022-12-30,Active
CUS003838,INS000004,Ekani,Natarajan,1970-05-13,Male,Chandigarh,Chandigarh,India,2025-04-11,Active
CUS003839,INS000001,Yoshita,Parmer,1976-10-13,Male,Lucknow,Uttar Pradesh,India,2018-10-01,Inactive
CUS003840,INS000005,Fitan,Shukla,2005-01-25,Male,Chennai,Tamil Nadu,India,2024-11-17,Active
CUS003841,INS000004,Gopal,Seshadri,2003-10-15,Male,Bengaluru,Karnataka,India,2025-12-16,Active
CUS003842,INS000003,Oliver,Zacharia,1962-09-04,Male,Ahmedabad,Gujarat,India,2019-04-18,Active
CUS003843,INS000005,Abhimanyu,Gala,1971-09-19,Male,Indore,Madhya Pradesh,India,2024-04-10,Active
CUS003844,INS000004,Dominic,Basak,1979-11-19,Male,Thane,Maharashtra,India,2023-09-13,Active
CUS003845,INS000005,Shivansh,Oza,2002-01-07,Other,Jaipur,Rajasthan,India,2025-04-19,Active
CUS003846,INS000002,Tanay,Toor,2000-01-02,Other,Hyderabad,Telangana,India,2020-07-02,Active
CUS003847,INS000002,Panini,Dhillon,1961-04-14,Male,Bhopal,Madhya Pradesh,India,2025-01-22,Active
CUS003848,INS000001,Hemang,Om,1987-08-13,Female,Lucknow,Uttar Pradesh,India,2025-10-15,Active
CUS003849,INS000001,Samesh,Zachariah,1955-08-12,Male,Lucknow,Uttar Pradesh,India,2025-05-07,Active
CUS003850,INS000002,Radhika,Dutta,1959-08-27,Male,Jaipur,Rajasthan,India,2024-11-09,Active
CUS003851,INS000005,Ekbal,Dewan,1974-01-17,Male,Pune,Maharashtra,India,2025-01-04,Active
CUS003852,INS000002,Mitesh,Jha,1994-09-15,Other,Chennai,Tamil Nadu,India,2020-08-01,Active
CUS003853,INS000001,Arjun,Randhawa,1971-07-30,Female,Bengaluru,Karnataka,India,2019-04-29,Active
CUS003854,INS000002,Tripti,Bumb,1971-11-20,Male,Thane,Maharashtra,India,2019-02-24,Active
CUS003855,INS000002,Garima,Saini,1965-08-15,Male,Mumbai,Maharashtra,India,2025-08-25,Active
CUS003856,INS000005,Baljiwan,Choudhury,2001-04-16,Male,Indore,Madhya Pradesh,India,2023-05-09,Active
CUS003857,INS000004,Gagan,Thaker,1978-03-26,Female,Surat,Gujarat,India,2020-06-09,Active
CUS003858,INS000001,Ethan,Barman,1989-01-27,Female,Surat,Gujarat,India,2022-06-15,Active
CUS003859,INS000005,Chatura,Venkatesh,1955-06-01,Male,Delhi,Delhi,India,2020-06-13,Active
CUS003860,INS000002,Pranav,Chawla,2000-06-04,Female,Jaipur,Rajasthan,India,2020-06-11,Inactive
CUS003861,INS000002,Zayan,Agrawal,1988-07-12,Male,Chennai,Tamil Nadu,India,2022-04-20,Inactive
CUS003862,INS000004,Ekavir,Kumar,1966-07-09,Female,Bengaluru,Karnataka,India,2023-02-22,Active
CUS003863,INS000001,Vedant,Gala,1999-04-03,Female,Ahmedabad,Gujarat,India,2022-10-03,Active
CUS003864,INS000001,Aarna,Karan,1950-11-23,Male,Delhi,Delhi,India,2025-02-17,Active
CUS003865,INS000003,Nikita,Natt,1998-01-26,Female,Lucknow,Uttar Pradesh,India,2022-11-01,Active
CUS003866,INS000001,Lipika,Suresh,1980-02-20,Female,Bhopal,Madhya Pradesh,India,2026-01-14,Active
CUS003867,INS000004,Shravya,Dada,2006-01-12,Male,Delhi,Delhi,India,2019-03-08,Active
CUS003868,INS000003,Nidhi,Nanda,1975-01-07,Male,Kolkata,West Bengal,India,2025-12-01,Active
CUS003869,INS000003,Rachita,Prakash,1961-01-15,Female,Bhopal,Madhya Pradesh,India,2026-05-21,Active
CUS003870,INS000002,Diya,Rana,1952-12-13,Male,Hyderabad,Telangana,India,2018-12-05,Active
CUS003871,INS000002,Anay,Virk,1991-03-24,Male,Ahmedabad,Gujarat,India,2019-09-23,Active
CUS003872,INS000001,Lopa,Ramaswamy,1976-06-01,Male,Patna,Bihar,India,2020-06-17,Active
CUS003873,INS000003,Jagat,Kanda,1997-06-20,Female,Patna,Bihar,India,2022-05-09,Active
CUS003874,INS000002,Abeer,Panchal,2001-06-19,Female,Surat,Gujarat,India,2021-10-17,Active
CUS003875,INS000004,Dev,Reddy,1950-10-19,Female,Jaipur,Rajasthan,India,2025-10-09,Inactive
CUS003876,INS000002,Chakradev,Cherian,1987-08-13,Female,Patna,Bihar,India,2024-07-13,Active
CUS003877,INS000002,Elijah,Kara,1997-09-27,Male,Ahmedabad,Gujarat,India,2018-08-28,Inactive
CUS003878,INS000003,Ishita,Setty,1974-05-02,Female,Ahmedabad,Gujarat,India,2024-07-12,Active
CUS003879,INS000003,Yadavi,Dugal,1985-05-16,Female,Surat,Gujarat,India,2022-06-22,Active
CUS003880,INS000005,Hitesh,Guha,1989-08-06,Male,Mumbai,Maharashtra,India,2023-12-29,Active
CUS003881,INS000004,Bimala,Acharya,2007-12-03,Male,Delhi,Delhi,India,2022-04-09,Active
CUS003882,INS000003,Charvi,Thaman,1997-03-31,Male,Kochi,Kerala,India,2022-01-06,Active
CUS003883,INS000001,Gabriel,Chokshi,1956-06-01,Female,Surat,Gujarat,India,2019-11-10,Active
CUS003884,INS000004,Baghyawati,Tandon,1958-06-19,Female,Kochi,Kerala,India,2022-04-14,Active
CUS003885,INS000004,Raksha,Dhawan,1958-10-06,Female,Bhubaneswar,Odisha,India,2022-04-03,Active
CUS003886,INS000003,Lakshmi,Bora,1977-12-17,Other,Surat,Gujarat,India,2018-11-16,Active
CUS003887,INS000004,Megha,Mohan,1960-05-16,Male,Bhopal,Madhya Pradesh,India,2025-09-03,Active
CUS003888,INS000003,Azaan,Khurana,1979-09-09,Female,Pune,Maharashtra,India,2022-11-03,Active
CUS003889,INS000002,Urvi,Ravi,1957-01-21,Female,Kochi,Kerala,India,2021-07-19,Active
CUS003890,INS000005,Naksh,Mitter,1970-12-20,Male,Patna,Bihar,India,2021-08-02,Active
CUS003891,INS000002,Thomas,Kadakia,1996-07-31,Other,Pune,Maharashtra,India,2025-05-03,Active
CUS003892,INS000003,Laban,Char,1959-12-16,Male,Chandigarh,Chandigarh,India,2024-09-30,Active
CUS003893,INS000003,Mahika,Halder,1963-11-27,Female,Bhubaneswar,Odisha,India,2023-07-18,Active
CUS003894,INS000002,Chakrika,Bajwa,1982-08-18,Female,Chennai,Tamil Nadu,India,2019-02-15,Active
CUS003895,INS000001,Maanas,Babu,1961-02-05,Female,Mysuru,Karnataka,India,2025-12-03,Active
CUS003896,INS000001,Chanchal,Balasubramanian,1982-11-08,Female,Chandigarh,Chandigarh,India,2021-03-07,Active
CUS003897,INS000001,Kashvi,Merchant,1967-01-25,Male,Hyderabad,Telangana,India,2021-01-25,Active
CUS003898,INS000003,Advay,Dara,1981-09-10,Female,Kolkata,West Bengal,India,2019-02-22,Active
CUS003899,INS000004,Lohit,Johal,1977-12-03,Male,Pune,Maharashtra,India,2019-08-01,Active
CUS003900,INS000003,Jatin,Grewal,2000-11-06,Female,Hyderabad,Telangana,India,2024-04-27,Active
CUS003901,INS000004,Benjamin,Bora,1981-02-09,Female,Mumbai,Maharashtra,India,2023-08-14,Active
CUS003902,INS000002,Abdul,Bhavsar,1971-05-12,Female,Mysuru,Karnataka,India,2020-09-09,Active
CUS003903,INS000005,Meera,Kulkarni,1985-10-01,Male,Indore,Madhya Pradesh,India,2022-11-24,Active
CUS003904,INS000004,Frederick,Sethi,1985-02-20,Female,Chennai,Tamil Nadu,India,2023-10-03,Active
CUS003905,INS000001,Dalaja,Dani,1952-06-14,Female,Kolkata,West Bengal,India,2025-01-25,Inactive
CUS003906,INS000003,Shivansh,Sami,1966-06-06,Female,Patna,Bihar,India,2019-07-28,Active
CUS003907,INS000002,Hemangini,Parmar,1952-11-11,Male,Kochi,Kerala,India,2023-04-05,Inactive
CUS003908,INS000001,Siddharth,Rau,1994-03-06,Male,Patna,Bihar,India,2020-08-15,Active
CUS003909,INS000002,Nitara,Anne,1966-02-22,Male,Nagpur,Maharashtra,India,2026-03-01,Active
CUS003910,INS000005,Yauvani,Mital,1985-09-17,Female,Lucknow,Uttar Pradesh,India,2023-12-20,Active
CUS003911,INS000003,Lucky,Oza,1957-04-26,Female,Bengaluru,Karnataka,India,2020-03-29,Active
CUS003912,INS000003,Naveen,Rama,1972-03-27,Other,Kochi,Kerala,India,2020-08-23,Active
CUS003913,INS000005,Qarin,Prasad,1995-12-11,Male,Indore,Madhya Pradesh,India,2020-01-01,Active
CUS003914,INS000003,Timothy,Joshi,1991-06-19,Male,Lucknow,Uttar Pradesh,India,2024-05-05,Active
CUS003915,INS000004,Zayyan,Modi,2004-11-21,Female,Delhi,Delhi,India,2023-10-27,Active
CUS003916,INS000002,Rishi,Sangha,1970-09-23,Female,Pune,Maharashtra,India,2026-03-26,Active
CUS003917,INS000001,Ishwar,Sridhar,1952-04-28,Female,Patna,Bihar,India,2024-12-10,Active
CUS003918,INS000005,Pratyush,Barman,2000-01-28,Female,Nagpur,Maharashtra,India,2025-11-30,Active
CUS003919,INS000004,Chatura,Swamy,1995-07-06,Male,Lucknow,Uttar Pradesh,India,2018-09-04,Active
CUS003920,INS000001,Triya,Balay,1961-11-12,Female,Jaipur,Rajasthan,India,2022-10-20,Inactive
CUS003921,INS000001,Elijah,Tata,2006-09-12,Female,Thane,Maharashtra,India,2019-10-26,Active
CUS003922,INS000005,Bina,Nagarajan,2005-05-02,Female,Nagpur,Maharashtra,India,2025-02-15,Active
CUS003923,INS000004,Ekalinga,Panchal,2004-05-28,Male,Indore,Madhya Pradesh,India,2022-02-24,Active
CUS003924,INS000001,Zashil,Balasubramanian,1960-02-26,Male,Mysuru,Karnataka,India,2026-07-29,Inactive
CUS003925,INS000001,Guneet,Kumer,1987-11-26,Male,Pune,Maharashtra,India,2025-09-26,Active
CUS003926,INS000004,Rudra,Solanki,1984-12-09,Female,Ahmedabad,Gujarat,India,2023-12-01,Active
CUS003927,INS000003,Vidhi,Rajagopal,2004-03-02,Male,Jaipur,Rajasthan,India,2020-10-15,Active
CUS003928,INS000001,Ganga,Yohannan,1951-01-17,Male,Jaipur,Rajasthan,India,2021-03-14,Active
CUS003929,INS000002,Ishanvi,Chaudhari,2004-07-06,Male,Kochi,Kerala,India,2019-03-30,Active
CUS003930,INS000004,Kabir,Sami,1967-05-19,Female,Bhopal,Madhya Pradesh,India,2023-06-01,Active
CUS003931,INS000001,Wahab,Panchal,1987-09-12,Male,Ahmedabad,Gujarat,India,2023-08-25,Active
CUS003932,INS000005,Harish,Swaminathan,2004-11-21,Female,Jaipur,Rajasthan,India,2024-11-21,Inactive
CUS003933,INS000002,Bhavani,Bala,1971-06-12,Male,Surat,Gujarat,India,2024-08-04,Active
CUS003934,INS000001,Ekaraj,Rai,1978-12-26,Male,Delhi,Delhi,India,2022-01-25,Inactive
CUS003935,INS000002,Rishi,Barad,2007-06-22,Female,Pune,Maharashtra,India,2023-12-30,Active
CUS003936,INS000002,Eesha,Sura,1985-05-01,Male,Indore,Madhya Pradesh,India,2021-10-10,Active
CUS003937,INS000003,Vedika,Chadha,1977-07-14,Male,Mumbai,Maharashtra,India,2018-09-09,Active
CUS003938,INS000002,Shravya,Soman,1964-07-14,Male,Mumbai,Maharashtra,India,2024-07-25,Active
CUS003939,INS000003,Falguni,Krishnan,1958-01-01,Female,Pune,Maharashtra,India,2024-01-17,Active
CUS003940,INS000004,Damini,Chanda,1981-12-12,Female,Jaipur,Rajasthan,India,2025-03-12,Active
CUS003941,INS000003,Michael,Butala,1999-12-27,Male,Chandigarh,Chandigarh,India,2021-04-23,Active
CUS003942,INS000005,Janya,Korpal,1951-12-23,Male,Patna,Bihar,India,2022-08-06,Active
CUS003943,INS000001,Diya,Chandra,1968-01-03,Other,Jaipur,Rajasthan,India,2022-07-27,Active
CUS003944,INS000004,Priya,Sha,1986-09-06,Female,Mumbai,Maharashtra,India,2022-08-03,Active
CUS003945,INS000004,Om,Raghavan,2003-05-21,Male,Delhi,Delhi,India,2020-06-28,Active
CUS003946,INS000005,Aayush,Nazareth,1991-11-30,Female,Pune,Maharashtra,India,2022-09-10,Active
CUS003947,INS000003,Dhriti,Khurana,1969-09-15,Female,Jaipur,Rajasthan,India,2026-07-02,Active
CUS003948,INS000001,Yatin,Singh,1968-01-28,Female,Pune,Maharashtra,India,2019-07-19,Active
CUS003949,INS000003,Timothy,Banerjee,1986-03-04,Male,Bhopal,Madhya Pradesh,India,2022-03-14,Active
CUS003950,INS000002,Rajata,Naidu,2001-02-25,Male,Mysuru,Karnataka,India,2022-01-29,Active
CUS003951,INS000003,Aradhana,Mukherjee,1957-12-03,Male,Indore,Madhya Pradesh,India,2020-05-25,Active
CUS003952,INS000004,Jagvi,Seth,1994-10-21,Female,Bhubaneswar,Odisha,India,2020-02-13,Active
CUS003953,INS000001,Krish,Kalita,1994-09-26,Female,Mysuru,Karnataka,India,2020-10-20,Active
CUS003954,INS000003,Garima,Roy,1956-02-23,Male,Hyderabad,Telangana,India,2022-10-17,Active
CUS003955,INS000001,Varsha,Chandran,1988-08-20,Female,Bhubaneswar,Odisha,India,2025-01-23,Active
CUS003956,INS000001,Turvi,Anne,1967-04-20,Female,Chandigarh,Chandigarh,India,2024-05-01,Active
CUS003957,INS000002,Sanaya,Dave,1982-10-30,Other,Bhopal,Madhya Pradesh,India,2018-09-10,Active
CUS003958,INS000002,Jagrati,Bala,1996-12-29,Female,Mysuru,Karnataka,India,2025-12-18,Active
CUS003959,INS000004,Dalaja,Toor,1967-04-18,Other,Lucknow,Uttar Pradesh,India,2026-02-01,Inactive
CUS003960,INS000005,Vidhi,Saxena,2001-11-11,Male,Ahmedabad,Gujarat,India,2024-12-11,Active
CUS003961,INS000001,Ikbal,Biswas,1958-01-28,Female,Pune,Maharashtra,India,2019-10-23,Active
CUS003962,INS000005,Parth,Thakkar,1952-09-17,Female,Bengaluru,Karnataka,India,2026-05-25,Active
CUS003963,INS000004,Finn,Golla,1955-07-13,Male,Bengaluru,Karnataka,India,2022-10-06,Active
CUS003964,INS000001,Avni,Sheth,1980-03-06,Male,Jaipur,Rajasthan,India,2025-07-25,Active
CUS003965,INS000001,Logan,Maharaj,1982-10-26,Other,Surat,Gujarat,India,2022-06-11,Active
CUS003966,INS000005,Ronith,Rama,1985-12-30,Male,Nagpur,Maharashtra,India,2024-11-05,Active
CUS003967,INS000003,Adya,Wason,1951-11-29,Female,Jaipur,Rajasthan,India,2020-11-17,Active
CUS003968,INS000002,Faraj,Bava,1963-06-24,Male,Lucknow,Uttar Pradesh,India,2023-03-31,Active
CUS003969,INS000003,Faqid,Kulkarni,1970-07-29,Male,Surat,Gujarat,India,2026-06-28,Inactive
CUS003970,INS000005,Anirudh,Dalal,2007-07-09,Male,Patna,Bihar,India,2019-04-28,Active
CUS003971,INS000002,Yashica,Varughese,1983-01-14,Male,Bengaluru,Karnataka,India,2023-01-29,Active
CUS003972,INS000003,Azaan,Swaminathan,1991-10-21,Female,Kolkata,West Bengal,India,2019-04-24,Active
CUS003973,INS000002,Nidhi,Ghosh,1952-01-18,Female,Nagpur,Maharashtra,India,2026-05-08,Active
CUS003974,INS000001,Simon,Seth,2008-05-02,Male,Ahmedabad,Gujarat,India,2025-09-02,Active
CUS003975,INS000003,Balhaar,Memon,1977-07-20,Male,Patna,Bihar,India,2024-03-02,Active
CUS003976,INS000002,Abha,Gaba,1984-07-17,Male,Thane,Maharashtra,India,2024-01-09,Active
CUS003977,INS000002,Urmi,Baral,1957-04-17,Male,Delhi,Delhi,India,2019-03-10,Active
CUS003978,INS000002,Manthan,Mannan,1959-01-24,Female,Nagpur,Maharashtra,India,2020-11-25,Active
CUS003979,INS000003,Jasmit,Narula,1963-06-22,Male,Ahmedabad,Gujarat,India,2019-07-09,Active
CUS003980,INS000004,Manya,Sandhu,1988-12-01,Male,Jaipur,Rajasthan,India,2023-07-08,Active
CUS003981,INS000003,Udant,Choudhary,1992-09-03,Female,Surat,Gujarat,India,2022-07-19,Active
CUS003982,INS000005,Bina,Dubey,1992-04-15,Male,Surat,Gujarat,India,2023-08-29,Active
CUS003983,INS000003,Krish,Bose,1965-02-18,Male,Ahmedabad,Gujarat,India,2025-10-31,Active
CUS003984,INS000002,Ucchal,Issac,2003-10-30,Male,Surat,Gujarat,India,2021-04-30,Active
CUS003985,INS000001,Yachana,Subramaniam,1964-06-29,Female,Ahmedabad,Gujarat,India,2023-05-25,Active
CUS003986,INS000003,Yashvi,Sunder,1992-05-22,Female,Mumbai,Maharashtra,India,2021-08-12,Active
CUS003987,INS000003,Gautam,Krish,1985-03-08,Female,Indore,Madhya Pradesh,India,2025-04-03,Active
CUS003988,INS000002,Mekhala,Ahluwalia,1951-05-26,Male,Kochi,Kerala,India,2025-07-31,Inactive
CUS003989,INS000001,Januja,Ram,1997-10-31,Male,Kolkata,West Bengal,India,2020-07-05,Active
CUS003990,INS000001,Yadavi,Goda,1982-08-25,Female,Mysuru,Karnataka,India,2018-10-19,Active
CUS003991,INS000005,Advaith,Puri,2006-02-26,Female,Kochi,Kerala,India,2024-02-27,Active
CUS003992,INS000003,William,Bassi,2003-09-02,Other,Chennai,Tamil Nadu,India,2022-01-03,Active
CUS003993,INS000001,Noah,Mittal,1996-02-02,Male,Patna,Bihar,India,2025-05-27,Active
CUS003994,INS000001,Yoshita,Goswami,1984-12-16,Male,Chandigarh,Chandigarh,India,2026-02-27,Active
CUS003995,INS000004,Logan,Kapoor,1968-05-08,Female,Mumbai,Maharashtra,India,2018-09-16,Inactive
CUS003996,INS000004,Sanaya,Oak,1995-02-26,Female,Jaipur,Rajasthan,India,2022-06-07,Active
CUS003997,INS000001,Nathaniel,Tak,1982-03-13,Female,Delhi,Delhi,India,2020-10-09,Active
CUS003998,INS000005,Praneel,Karnik,1966-09-27,Female,Kolkata,West Bengal,India,2022-09-28,Inactive
CUS003999,INS000001,Madhav,Saxena,1984-01-02,Female,Nagpur,Maharashtra,India,2026-05-11,Active
CUS004000,INS000002,Veda,D’Alia,1993-04-28,Female,Mysuru,Karnataka,India,2026-08-05,Active
CUS004001,INS000003,Jagrati,Chaudhuri,1998-12-24,Female,Kolkata,West Bengal,India,2019-11-30,Inactive
CUS004002,INS000005,Banjeet,Gala,1985-07-24,Other,Kolkata,West Bengal,India,2021-02-28,Active
CUS004003,INS000002,Theodore,Dewan,1975-07-15,Female,Mysuru,Karnataka,India,2020-10-01,Active
CUS004004,INS000005,Vinaya,Deo,1987-08-02,Male,Nagpur,Maharashtra,India,2021-11-15,Active
CUS004005,INS000002,Vincent,Bajwa,1990-08-04,Male,Thane,Maharashtra,India,2025-12-06,Active
CUS004006,INS000003,Dev,Sarma,1971-06-10,Female,Lucknow,Uttar Pradesh,India,2022-04-24,Active
CUS004007,INS000003,Aishani,Taneja,1959-06-28,Male,Delhi,Delhi,India,2023-05-25,Inactive
CUS004008,INS000004,Kala,Peri,1985-11-06,Female,Pune,Maharashtra,India,2019-02-06,Active
CUS004009,INS000002,Vivaan,Sani,1982-02-09,Male,Bhopal,Madhya Pradesh,India,2024-04-26,Active
CUS004010,INS000004,Brijesh,Bail,1951-06-16,Male,Pune,Maharashtra,India,2026-05-14,Inactive
CUS004011,INS000002,Samuel,Vohra,1954-06-20,Female,Mumbai,Maharashtra,India,2025-01-04,Active
CUS004012,INS000004,Zarna,Pillay,1953-05-30,Male,Bengaluru,Karnataka,India,2025-03-14,Active
CUS004013,INS000003,Jalsa,Cherian,1969-10-31,Male,Chandigarh,Chandigarh,India,2022-07-02,Active
CUS004014,INS000005,Lipika,Sahota,1977-04-06,Male,Bhopal,Madhya Pradesh,India,2020-03-10,Inactive
CUS004015,INS000004,Upasna,Som,1964-02-23,Female,Mumbai,Maharashtra,India,2023-03-29,Inactive
CUS004016,INS000002,Suhani,Bandi,1994-06-16,Male,Hyderabad,Telangana,India,2024-10-06,Active
CUS004017,INS000002,Chakradhar,Mallick,1972-02-19,Female,Thane,Maharashtra,India,2022-06-08,Active
CUS004018,INS000003,Balveer,Sarin,2002-06-08,Male,Indore,Madhya Pradesh,India,2020-02-21,Active
CUS004019,INS000002,Ekiya,Sami,1955-06-01,Female,Indore,Madhya Pradesh,India,2022-11-13,Active
CUS004020,INS000001,Harshil,Bhavsar,1969-01-24,Male,Jaipur,Rajasthan,India,2023-02-11,Inactive
CUS004021,INS000005,Anusha,Bhattacharyya,1976-05-12,Male,Ahmedabad,Gujarat,India,2020-03-25,Active
CUS004022,INS000004,Adya,Chahal,1956-01-04,Male,Kochi,Kerala,India,2024-05-29,Active
CUS004023,INS000005,Owen,Lall,1963-07-08,Male,Jaipur,Rajasthan,India,2026-04-23,Active
CUS004024,INS000003,Krisha,Parmar,1989-02-08,Female,Indore,Madhya Pradesh,India,2021-03-27,Active
CUS004025,INS000004,Kritika,Soman,1954-08-11,Male,Bhopal,Madhya Pradesh,India,2023-06-03,Active
CUS004026,INS000004,Jasmit,Rattan,1984-09-09,Male,Jaipur,Rajasthan,India,2025-10-14,Active
CUS004027,INS000001,Faras,Tripathi,1982-08-10,Female,Nagpur,Maharashtra,India,2025-03-15,Inactive
CUS004028,INS000003,Zansi,Kohli,1958-09-21,Male,Bhopal,Madhya Pradesh,India,2021-06-28,Inactive
CUS004029,INS000002,Zayan,Devan,1963-05-11,Male,Mumbai,Maharashtra,India,2026-02-03,Active
CUS004030,INS000001,Krisha,Dara,1951-10-16,Female,Bhopal,Madhya Pradesh,India,2026-05-19,Active
CUS004031,INS000001,Udant,Bajwa,1966-11-11,Female,Delhi,Delhi,India,2020-06-26,Active
CUS004032,INS000005,Zaitra,Edwin,1978-05-18,Male,Bhubaneswar,Odisha,India,2020-05-30,Active
CUS004033,INS000005,Nidra,Chadha,1973-09-17,Male,Patna,Bihar,India,2025-10-29,Active
CUS004034,INS000005,Ira,Grover,1986-03-14,Other,Chandigarh,Chandigarh,India,2026-01-24,Active
CUS004035,INS000001,Hemani,Hegde,1987-09-24,Male,Pune,Maharashtra,India,2024-07-17,Active
CUS004036,INS000002,Vidhi,Sehgal,1999-11-02,Other,Ahmedabad,Gujarat,India,2021-08-01,Active
CUS004037,INS000004,Vasatika,Prakash,1967-10-03,Male,Ahmedabad,Gujarat,India,2020-09-30,Active
CUS004038,INS000005,Abeer,Lall,1968-01-28,Female,Jaipur,Rajasthan,India,2019-09-01,Active
CUS004039,INS000002,Yachana,Sridhar,1995-06-27,Male,Kolkata,West Bengal,India,2020-01-25,Active
CUS004040,INS000003,Liam,Bhavsar,1979-07-16,Female,Indore,Madhya Pradesh,India,2021-12-03,Active
CUS004041,INS000005,Ria,Goyal,2003-05-07,Male,Kolkata,West Bengal,India,2020-05-10,Active
CUS004042,INS000004,Noah,Sachdev,1969-05-05,Female,Kochi,Kerala,India,2021-06-13,Active
CUS004043,INS000003,Victor,D’Alia,2001-06-08,Male,Hyderabad,Telangana,India,2021-12-12,Active
CUS004044,INS000003,Faraj,Baral,1951-02-17,Male,Pune,Maharashtra,India,2022-07-28,Active
CUS004045,INS000004,Yoshita,Kata,1966-12-15,Female,Jaipur,Rajasthan,India,2022-09-25,Active
CUS004046,INS000005,Avni,Jain,1961-04-13,Female,Bhopal,Madhya Pradesh,India,2020-02-29,Active
CUS004047,INS000001,Siddharth,Din,1993-10-01,Female,Bengaluru,Karnataka,India,2026-01-11,Active
CUS004048,INS000004,Mason,Mital,2002-11-09,Male,Chandigarh,Chandigarh,India,2025-02-05,Active
CUS004049,INS000004,Rachit,Deol,1960-09-12,Female,Surat,Gujarat,India,2022-05-22,Inactive
CUS004050,INS000004,Nakul,Raman,1968-02-01,Male,Patna,Bihar,India,2024-12-21,Active
CUS004051,INS000003,Janaki,Apte,1950-11-16,Other,Thane,Maharashtra,India,2024-09-05,Active
CUS004052,INS000002,Jagat,Prabhu,1952-06-14,Female,Kolkata,West Bengal,India,2021-01-24,Inactive
CUS004053,INS000001,Victor,Bhasin,1955-03-30,Male,Kolkata,West Bengal,India,2025-12-28,Active
CUS004054,INS000005,Oeshi,Uppal,1991-10-01,Female,Surat,Gujarat,India,2026-07-30,Active
CUS004055,INS000005,Ganga,Arora,1968-06-15,Female,Pune,Maharashtra,India,2025-06-13,Active
CUS004056,INS000002,Ishaan,Chowdhury,1992-05-15,Male,Indore,Madhya Pradesh,India,2022-08-13,Active
CUS004057,INS000004,Vasatika,Vohra,1970-06-09,Female,Nagpur,Maharashtra,India,2022-12-28,Active
CUS004058,INS000001,Varenya,Lata,2005-04-03,Male,Bhubaneswar,Odisha,India,2020-10-13,Active
CUS004059,INS000005,Varenya,Wali,1973-09-14,Female,Bengaluru,Karnataka,India,2022-04-28,Active
CUS004060,INS000005,Shivansh,Andra,1956-11-12,Male,Hyderabad,Telangana,India,2019-06-28,Inactive
CUS004061,INS000004,Neel,Mitter,1981-08-10,Male,Ahmedabad,Gujarat,India,2021-08-10,Active
CUS004062,INS000002,Nirja,Devan,1968-11-21,Male,Bengaluru,Karnataka,India,2023-08-06,Active
CUS004063,INS000001,Anthony,Nagarajan,1966-12-11,Female,Chennai,Tamil Nadu,India,2021-02-17,Active
CUS004064,INS000002,Yagnesh,Kohli,2006-02-02,Female,Pune,Maharashtra,India,2020-11-08,Active
CUS004065,INS000002,Caleb,Srinivasan,2004-06-08,Other,Chandigarh,Chandigarh,India,2021-06-11,Active
CUS004066,INS000001,Joshua,Kala,1972-11-18,Male,Chandigarh,Chandigarh,India,2024-06-21,Active
CUS004067,INS000001,Naveen,Gulati,1998-12-24,Male,Hyderabad,Telangana,India,2024-12-01,Active
CUS004068,INS000005,Krish,Soman,1983-04-06,Female,Nagpur,Maharashtra,India,2025-06-21,Active
CUS004069,INS000005,Yauvani,Sridhar,1972-07-28,Female,Lucknow,Uttar Pradesh,India,2019-11-25,Active
CUS004070,INS000001,Balveer,Srinivas,1960-01-03,Male,Patna,Bihar,India,2020-09-08,Active
CUS004071,INS000003,Manan,Kala,1960-02-22,Male,Pune,Maharashtra,India,2025-08-03,Inactive
CUS004072,INS000005,Daksh,Chaudhary,1976-10-29,Female,Kochi,Kerala,India,2026-02-26,Active
CUS004073,INS000003,Ojas,Gera,1964-06-21,Male,Surat,Gujarat,India,2022-06-30,Active
CUS004074,INS000001,Aarna,Rama,1994-11-06,Female,Bengaluru,Karnataka,India,2026-01-31,Active
CUS004075,INS000005,Pranit,Bobal,1963-06-16,Female,Jaipur,Rajasthan,India,2021-10-24,Inactive
CUS004076,INS000002,Zansi,Dhingra,1958-12-23,Female,Surat,Gujarat,India,2024-07-12,Inactive
CUS004077,INS000001,Nidra,Datta,1996-09-13,Female,Patna,Bihar,India,2024-02-25,Active
CUS004078,INS000004,Anirudh,Uppal,1989-10-15,Male,Mysuru,Karnataka,India,2026-01-16,Active
CUS004079,INS000003,Bhanumati,Dhillon,1967-06-27,Female,Jaipur,Rajasthan,India,2021-01-18,Active
CUS004080,INS000001,Frederick,Bir,1961-02-11,Female,Mumbai,Maharashtra,India,2021-12-10,Active
CUS004081,INS000001,Tarak,Sridhar,1963-06-29,Male,Hyderabad,Telangana,India,2022-09-28,Active
CUS004082,INS000005,Saumya,Varghese,1955-05-23,Female,Jaipur,Rajasthan,India,2023-05-09,Active
CUS004083,INS000005,Urishilla,Bora,1987-09-22,Male,Hyderabad,Telangana,India,2024-06-03,Active
CUS004084,INS000005,Vasatika,Gala,2004-01-21,Female,Ahmedabad,Gujarat,India,2019-10-18,Active
CUS004085,INS000004,Onkar,Koshy,1958-09-06,Male,Chandigarh,Chandigarh,India,2020-05-02,Active
CUS004086,INS000005,Theodore,Sachdev,1973-01-14,Female,Lucknow,Uttar Pradesh,India,2022-09-21,Active
CUS004087,INS000001,Nirja,Pathak,1953-04-10,Male,Jaipur,Rajasthan,India,2021-10-10,Active
CUS004088,INS000005,Luke,Kar,1951-10-11,Male,Kolkata,West Bengal,India,2020-06-16,Active
CUS004089,INS000002,Qabil,Lala,1998-08-20,Other,Nagpur,Maharashtra,India,2025-07-19,Active
CUS004090,INS000005,Yasti,Ray,1985-09-12,Female,Surat,Gujarat,India,2026-03-11,Active
CUS004091,INS000004,Aishani,Bhasin,1973-05-10,Male,Thane,Maharashtra,India,2018-11-03,Active
CUS004092,INS000002,Oliver,Sankaran,2003-01-30,Male,Bengaluru,Karnataka,India,2019-05-21,Active
CUS004093,INS000001,Hema,Basak,1990-08-19,Male,Nagpur,Maharashtra,India,2023-12-13,Active
CUS004094,INS000001,Sudiksha,Nagi,1985-05-28,Female,Bhubaneswar,Odisha,India,2022-12-05,Active
CUS004095,INS000003,Ekapad,Rana,1976-04-09,Female,Lucknow,Uttar Pradesh,India,2019-12-31,Inactive
CUS004096,INS000002,Victor,Bala,1956-05-09,Female,Hyderabad,Telangana,India,2023-10-22,Active
CUS004097,INS000003,Kritika,Hans,1967-09-27,Female,Thane,Maharashtra,India,2023-02-21,Active
CUS004098,INS000002,Lekha,Prakash,1959-09-15,Female,Indore,Madhya Pradesh,India,2024-06-01,Active
CUS004099,INS000002,Kevin,Raman,1958-08-27,Male,Lucknow,Uttar Pradesh,India,2024-06-06,Inactive
CUS004100,INS000004,Ikbal,Sengupta,1958-03-14,Male,Patna,Bihar,India,2025-12-17,Active
CUS004101,INS000003,Amol,Kar,1968-02-13,Female,Thane,Maharashtra,India,2018-11-20,Active
CUS004102,INS000004,Samaksh,Datta,1974-03-23,Female,Kochi,Kerala,India,2018-11-01,Active
CUS004103,INS000002,Yamini,Srinivas,1982-01-05,Female,Mumbai,Maharashtra,India,2021-06-07,Active
CUS004104,INS000001,Oni,Upadhyay,1995-03-18,Female,Hyderabad,Telangana,India,2022-01-09,Active
CUS004105,INS000002,Mason,Ray,2003-02-07,Female,Pune,Maharashtra,India,2023-10-10,Active
CUS004106,INS000004,Gopal,Dugar,1971-06-08,Female,Surat,Gujarat,India,2022-03-07,Active
CUS004107,INS000003,Peter,Khurana,1964-07-25,Male,Indore,Madhya Pradesh,India,2025-03-17,Active
CUS004108,INS000003,Vamakshi,Verma,1960-10-24,Male,Jaipur,Rajasthan,India,2023-12-04,Active
CUS004109,INS000004,Balvan,Mani,1974-02-26,Other,Patna,Bihar,India,2022-11-23,Active
CUS004110,INS000003,Yahvi,Tank,1985-08-22,Female,Mysuru,Karnataka,India,2023-12-09,Inactive
CUS004111,INS000005,Jacob,Borde,1978-02-21,Male,Bhopal,Madhya Pradesh,India,2021-11-12,Active
CUS004112,INS000001,Girik,Sant,2008-01-20,Male,Chennai,Tamil Nadu,India,2018-12-25,Active
CUS004113,INS000001,Vasatika,Balasubramanian,1950-11-20,Male,Ahmedabad,Gujarat,India,2022-12-17,Active
CUS004114,INS000001,Kalpit,Sahni,1963-06-09,Male,Bhubaneswar,Odisha,India,2022-01-14,Active
CUS004115,INS000003,Aarav,Bhatti,1957-12-02,Female,Pune,Maharashtra,India,2023-04-03,Active
CUS004116,INS000003,Raagini,Chad,1971-03-10,Male,Hyderabad,Telangana,India,2025-09-03,Active
CUS004117,INS000002,Osha,Dhingra,1952-07-07,Female,Delhi,Delhi,India,2020-07-20,Active
CUS004118,INS000002,Kamala,Baral,1963-02-05,Male,Kolkata,West Bengal,India,2025-03-23,Active
CUS004119,INS000001,Caleb,Pingle,1999-04-07,Female,Surat,Gujarat,India,2024-06-05,Active
CUS004120,INS000005,Pushti,Mall,1984-08-11,Male,Lucknow,Uttar Pradesh,India,2025-05-17,Active
CUS004121,INS000002,Veer,Ramaswamy,1979-08-10,Female,Hyderabad,Telangana,India,2026-03-26,Active
CUS004122,INS000002,Vasatika,Mand,1968-02-14,Female,Mysuru,Karnataka,India,2025-05-18,Active
CUS004123,INS000003,Lakshmi,Shetty,1995-11-09,Female,Jaipur,Rajasthan,India,2024-01-07,Active
CUS004124,INS000005,Inaya,Om,1998-03-28,Male,Thane,Maharashtra,India,2026-05-30,Active
CUS004125,INS000001,Guneet,Mitter,1951-01-15,Male,Indore,Madhya Pradesh,India,2024-02-14,Active
CUS004126,INS000002,Pavani,Wason,1959-05-16,Male,Chandigarh,Chandigarh,India,2023-05-05,Active
CUS004127,INS000005,Krish,Narain,1974-11-05,Male,Ahmedabad,Gujarat,India,2026-03-02,Active
CUS004128,INS000005,Aachal,Morar,1989-07-18,Female,Surat,Gujarat,India,2018-11-09,Active
CUS004129,INS000001,Vansha,Singhal,1953-06-05,Female,Kolkata,West Bengal,India,2026-04-29,Inactive
CUS004130,INS000005,Viraj,Vaidya,1984-01-14,Female,Chennai,Tamil Nadu,India,2024-07-24,Active
CUS004131,INS000005,Fiyaz,Sura,1987-11-23,Female,Mysuru,Karnataka,India,2019-03-16,Active
CUS004132,INS000005,Bhanumati,Raju,1962-11-16,Male,Thane,Maharashtra,India,2025-02-25,Active
CUS004133,INS000002,Nilima,Devan,1986-07-03,Male,Jaipur,Rajasthan,India,2018-12-21,Active
CUS004134,INS000001,Aarini,Singh,1978-12-27,Male,Ahmedabad,Gujarat,India,2023-10-02,Active
CUS004135,INS000005,Ranbir,Nazareth,1978-11-10,Female,Ahmedabad,Gujarat,India,2025-11-13,Active
CUS004136,INS000005,Abdul,Chand,1985-08-13,Female,Delhi,Delhi,India,2020-07-13,Active
CUS004137,INS000002,Abhimanyu,Suri,1950-09-20,Male,Mysuru,Karnataka,India,2018-11-20,Active
CUS004138,INS000001,Jacob,Oommen,1988-01-29,Male,Pune,Maharashtra,India,2025-01-22,Active
CUS004139,INS000003,Zinal,Walia,1961-04-05,Female,Hyderabad,Telangana,India,2022-09-13,Active
CUS004140,INS000002,Abhimanyu,Varughese,1984-05-05,Female,Ahmedabad,Gujarat,India,2022-10-31,Active
CUS004141,INS000001,Keya,Bhatnagar,1970-05-31,Female,Bhubaneswar,Odisha,India,2023-04-19,Active
CUS004142,INS000005,Samesh,Krishnamurthy,1956-05-14,Male,Patna,Bihar,India,2025-04-02,Active
CUS004143,INS000001,Diya,Loyal,1959-01-30,Male,Jaipur,Rajasthan,India,2019-02-10,Active
CUS004144,INS000001,Nilima,Madan,1999-06-03,Other,Delhi,Delhi,India,2020-05-22,Active
CUS004145,INS000001,Janaki,Mani,1972-06-10,Female,Surat,Gujarat,India,2019-12-03,Active
CUS004146,INS000003,Hredhaan,Varghese,1992-03-29,Male,Thane,Maharashtra,India,2022-10-24,Active
CUS004147,INS000001,Mohammed,Kari,1966-11-20,Female,Jaipur,Rajasthan,India,2021-06-09,Active
CUS004148,INS000003,Pooja,Munshi,1979-02-24,Female,Nagpur,Maharashtra,India,2025-06-16,Active
CUS004149,INS000005,Zehaan,Naik,1980-06-02,Male,Surat,Gujarat,India,2025-11-21,Active
CUS004150,INS000003,Advika,Khatri,1971-12-21,Male,Pune,Maharashtra,India,2025-03-04,Active
CUS004151,INS000005,Pallavi,Halder,2006-11-07,Male,Jaipur,Rajasthan,India,2020-06-10,Active
CUS004152,INS000005,Jasmit,Pall,1968-07-12,Male,Delhi,Delhi,India,2021-11-11,Active
CUS004153,INS000003,Anya,Mohan,1992-10-09,Female,Kochi,Kerala,India,2025-05-21,Inactive
CUS004154,INS000002,Mekhala,Handa,1984-03-15,Male,Lucknow,Uttar Pradesh,India,2023-11-29,Active
CUS004155,INS000004,Samar,Nayak,1986-08-28,Female,Kochi,Kerala,India,2026-03-27,Active
CUS004156,INS000001,Odika,Vasa,2002-09-19,Other,Jaipur,Rajasthan,India,2025-08-12,Inactive
CUS004157,INS000004,Vasudha,Sabharwal,1963-10-05,Male,Pune,Maharashtra,India,2020-05-20,Inactive
CUS004158,INS000001,Praneel,Mallick,1967-03-03,Male,Pune,Maharashtra,India,2019-10-10,Active
CUS004159,INS000001,Kamala,Lalla,1995-10-27,Female,Mumbai,Maharashtra,India,2025-10-18,Active
CUS004160,INS000005,Veda,Samra,1992-10-06,Female,Chandigarh,Chandigarh,India,2024-11-25,Inactive
CUS004161,INS000001,Zehaan,Guha,2007-04-17,Female,Lucknow,Uttar Pradesh,India,2022-08-01,Active
CUS004162,INS000001,Damyanti,Dewan,1958-07-13,Male,Surat,Gujarat,India,2023-03-11,Active
CUS004163,INS000003,Hemangini,Merchant,1964-03-11,Male,Chandigarh,Chandigarh,India,2019-09-03,Active
CUS004164,INS000004,Mitali,Gupta,2006-06-02,Female,Mumbai,Maharashtra,India,2025-09-20,Inactive
CUS004165,INS000003,Lakshit,Pathak,1988-05-09,Other,Mumbai,Maharashtra,India,2019-07-18,Active
CUS004166,INS000001,Jagat,Nagi,1977-10-14,Male,Mumbai,Maharashtra,India,2023-01-24,Active
CUS004167,INS000005,Victor,Jayaraman,2003-09-25,Female,Delhi,Delhi,India,2026-04-06,Active
CUS004168,INS000003,Sanya,Shere,1981-08-07,Male,Jaipur,Rajasthan,India,2023-03-12,Active
CUS004169,INS000003,Neel,Venkatesh,1954-12-23,Other,Lucknow,Uttar Pradesh,India,2020-08-01,Inactive
CUS004170,INS000002,Harish,Ghose,1969-10-29,Female,Kochi,Kerala,India,2025-02-06,Active
CUS004171,INS000001,Tanish,Dalal,1967-05-26,Male,Mumbai,Maharashtra,India,2021-03-07,Active
CUS004172,INS000005,Yashoda,Manne,1993-03-03,Female,Mumbai,Maharashtra,India,2018-10-06,Active
CUS004173,INS000003,Nandini,Koshy,1999-03-14,Male,Mysuru,Karnataka,India,2022-03-24,Active
CUS004174,INS000003,Hamsini,Jha,1976-05-07,Male,Thane,Maharashtra,India,2023-06-26,Active
CUS004175,INS000005,Charles,Nazareth,1995-12-24,Male,Kochi,Kerala,India,2021-05-31,Active
CUS004176,INS000001,Naveen,Goswami,1957-06-17,Male,Mysuru,Karnataka,India,2023-09-24,Active
CUS004177,INS000002,Lopa,Taneja,1967-10-02,Male,Chennai,Tamil Nadu,India,2019-04-20,Active
CUS004178,INS000003,Abdul,Prasad,1994-07-03,Female,Chandigarh,Chandigarh,India,2022-04-12,Active
CUS004179,INS000002,Gavin,Korpal,1961-12-16,Female,Lucknow,Uttar Pradesh,India,2025-07-16,Active
CUS004180,INS000004,Maanav,Ramanathan,1986-03-25,Male,Bhopal,Madhya Pradesh,India,2023-03-14,Active
CUS004181,INS000001,Urishilla,Sule,2003-07-10,Female,Ahmedabad,Gujarat,India,2023-12-11,Inactive
CUS004182,INS000004,Radhika,Madan,2003-12-18,Female,Indore,Madhya Pradesh,India,2024-04-07,Active
CUS004183,INS000004,Gaurang,Sharaf,1989-06-19,Other,Mumbai,Maharashtra,India,2021-08-13,Active
CUS004184,INS000004,Devansh,Yogi,2007-02-04,Female,Indore,Madhya Pradesh,India,2020-07-18,Active
CUS004185,INS000001,Adya,Om,1975-06-03,Male,Bhubaneswar,Odisha,India,2025-10-27,Active
CUS004186,INS000001,Tristan,Dhingra,1975-01-01,Male,Ahmedabad,Gujarat,India,2018-11-18,Inactive
CUS004187,INS000005,Kamala,Kumar,1975-06-05,Female,Bhopal,Madhya Pradesh,India,2020-08-23,Active
CUS004188,INS000002,Fariq,Bora,1953-12-27,Male,Mysuru,Karnataka,India,2023-03-20,Active
CUS004189,INS000002,Baljiwan,Krishnan,1960-11-08,Male,Kochi,Kerala,India,2025-11-26,Active
CUS004190,INS000005,Leena,Dash,1977-11-30,Male,Patna,Bihar,India,2026-05-01,Active
CUS004191,INS000005,Nandini,Puri,2002-08-03,Male,Kochi,Kerala,India,2021-10-31,Active
CUS004192,INS000004,Bhavini,Ramaswamy,1974-11-07,Male,Hyderabad,Telangana,India,2022-09-21,Active
CUS004193,INS000005,Dakshesh,Aggarwal,1957-11-07,Female,Surat,Gujarat,India,2021-04-17,Active
CUS004194,INS000003,Parth,Bhavsar,1996-01-22,Male,Indore,Madhya Pradesh,India,2020-09-23,Inactive
CUS004195,INS000002,Warda,Gulati,1959-11-21,Female,Hyderabad,Telangana,India,2020-09-08,Active
CUS004196,INS000005,Reva,Kumar,1955-08-15,Female,Chandigarh,Chandigarh,India,2023-09-30,Inactive
CUS004197,INS000003,Advaith,Talwar,1991-03-21,Male,Mysuru,Karnataka,India,2024-12-27,Active
CUS004198,INS000003,Saksham,Sha,1969-03-24,Male,Mysuru,Karnataka,India,2025-03-24,Active
CUS004199,INS000003,Zarna,Malhotra,1982-05-09,Male,Hyderabad,Telangana,India,2021-03-14,Active
CUS004200,INS000003,Bhavika,Vaidya,1974-03-12,Male,Bhopal,Madhya Pradesh,India,2019-11-05,Active
CUS004201,INS000004,Robert,Salvi,1954-11-26,Male,Chennai,Tamil Nadu,India,2021-03-12,Active
CUS004202,INS000003,Bahadurjit,Issac,1992-06-10,Male,Pune,Maharashtra,India,2021-10-28,Active
CUS004203,INS000004,Yashvi,Lata,1954-01-27,Female,Bhubaneswar,Odisha,India,2020-03-31,Active
CUS004204,INS000004,Zaitra,Behl,1958-04-05,Female,Hyderabad,Telangana,India,2025-07-10,Active
CUS004205,INS000003,Vincent,Sane,1954-08-14,Male,Jaipur,Rajasthan,India,2022-06-01,Active
CUS004206,INS000002,Omkaar,Suri,1957-03-16,Male,Chandigarh,Chandigarh,India,2020-08-02,Active
CUS004207,INS000003,Balendra,Chokshi,1978-05-09,Female,Thane,Maharashtra,India,2026-02-05,Inactive
CUS004208,INS000003,Jagvi,Soni,1982-05-02,Female,Nagpur,Maharashtra,India,2018-12-08,Active
CUS004209,INS000003,William,Sarkar,2004-05-22,Female,Delhi,Delhi,India,2024-06-05,Active
CUS004210,INS000002,Aadi,Ram,1951-12-30,Female,Jaipur,Rajasthan,India,2020-10-11,Active
CUS004211,INS000001,Nakul,Munshi,1987-02-04,Male,Bhubaneswar,Odisha,India,2019-05-24,Active
CUS004212,INS000001,Gabriel,Dar,1978-04-25,Male,Bhubaneswar,Odisha,India,2023-12-10,Active
CUS004213,INS000004,Anya,Dey,1975-05-27,Female,Delhi,Delhi,India,2025-02-05,Active
CUS004214,INS000004,Mugdha,Golla,1970-01-18,Male,Kolkata,West Bengal,India,2019-10-24,Active
CUS004215,INS000002,Ira,Das,1958-06-17,Other,Mumbai,Maharashtra,India,2020-11-16,Active
CUS004216,INS000005,Megha,Pathak,1962-02-09,Female,Mysuru,Karnataka,India,2023-10-26,Active
CUS004217,INS000001,Nidra,Bhagat,1978-10-22,Female,Indore,Madhya Pradesh,India,2021-07-12,Active
CUS004218,INS000004,Sai,Barman,1981-11-14,Male,Pune,Maharashtra,India,2024-07-23,Active
CUS004219,INS000001,Zarna,Boase,1984-07-29,Female,Kochi,Kerala,India,2025-04-01,Active
CUS004220,INS000002,Alexander,Mall,1954-10-03,Female,Patna,Bihar,India,2026-06-15,Active
CUS004221,INS000002,Ekapad,Chokshi,1958-08-10,Male,Bhopal,Madhya Pradesh,India,2025-11-14,Active
CUS004222,INS000005,Gautam,Wason,1998-02-01,Male,Chandigarh,Chandigarh,India,2023-09-01,Inactive
CUS004223,INS000005,Bhavani,Loyal,1980-07-29,Female,Patna,Bihar,India,2025-01-22,Active
CUS004224,INS000002,Ijaya,Datta,1967-02-06,Female,Bhubaneswar,Odisha,India,2025-01-11,Active
CUS004225,INS000004,Idika,Char,1980-05-02,Male,Lucknow,Uttar Pradesh,India,2023-05-06,Active
CUS004226,INS000001,Aradhana,Sampath,1974-08-14,Male,Pune,Maharashtra,India,2018-09-11,Active
CUS004227,INS000003,Upkaar,Jayaraman,2003-06-23,Female,Nagpur,Maharashtra,India,2018-08-19,Active
CUS004228,INS000005,Robert,Baral,1955-06-18,Female,Mumbai,Maharashtra,India,2019-04-27,Active
CUS004229,INS000003,Suhani,Bhasin,1967-03-12,Female,Chennai,Tamil Nadu,India,2023-04-21,Active
CUS004230,INS000004,Netra,Anne,1959-06-06,Female,Chandigarh,Chandigarh,India,2019-09-04,Inactive
CUS004231,INS000005,Aayush,Choudhury,1968-09-02,Male,Kochi,Kerala,India,2022-07-04,Active
CUS004232,INS000003,Advika,Nazareth,1951-11-08,Female,Delhi,Delhi,India,2024-05-19,Active
CUS004233,INS000004,Parth,Malhotra,1952-04-11,Male,Kochi,Kerala,India,2019-06-02,Active
CUS004234,INS000001,Niharika,Mane,1993-11-23,Female,Indore,Madhya Pradesh,India,2022-07-24,Active
CUS004235,INS000004,Yashawini,Sani,1976-11-27,Female,Surat,Gujarat,India,2023-11-08,Active
CUS004236,INS000005,Hredhaan,Khosla,1970-02-15,Male,Hyderabad,Telangana,India,2019-05-20,Active
CUS004237,INS000002,Elijah,Kashyap,2003-04-14,Male,Indore,Madhya Pradesh,India,2021-09-10,Active
CUS004238,INS000001,Yahvi,Kannan,1983-08-26,Female,Nagpur,Maharashtra,India,2021-12-05,Active
CUS004239,INS000003,Chaitaly,Loke,1981-10-18,Male,Jaipur,Rajasthan,India,2021-12-10,Active
CUS004240,INS000005,Harini,Pandya,2003-04-05,Male,Jaipur,Rajasthan,India,2020-06-28,Active
CUS004241,INS000002,Jackson,Khalsa,1959-03-20,Female,Pune,Maharashtra,India,2018-12-15,Active
CUS004242,INS000004,Yochana,Doshi,1964-09-17,Male,Mysuru,Karnataka,India,2018-11-24,Active
CUS004243,INS000002,Aarini,Bajaj,1991-01-17,Female,Chandigarh,Chandigarh,India,2020-09-07,Active
CUS004244,INS000005,Zashil,Nadig,1962-08-14,Male,Lucknow,Uttar Pradesh,India,2024-02-14,Active
CUS004245,INS000005,Saanvi,Kannan,1965-08-29,Female,Lucknow,Uttar Pradesh,India,2023-09-21,Active
CUS004246,INS000002,Krishna,Garg,1970-08-02,Male,Indore,Madhya Pradesh,India,2022-05-26,Active
CUS004247,INS000004,Veda,Rajagopal,1988-10-21,Male,Thane,Maharashtra,India,2024-09-21,Active
CUS004248,INS000002,Yagnesh,Jani,1979-09-24,Female,Mumbai,Maharashtra,India,2022-04-01,Active
CUS004249,INS000005,Harinakshi,Badal,1972-08-24,Female,Jaipur,Rajasthan,India,2021-07-16,Active
CUS004250,INS000005,Tara,Dyal,1986-02-18,Male,Lucknow,Uttar Pradesh,India,2020-08-22,Active
CUS004251,INS000003,Triveni,Chand,1957-12-15,Male,Bhubaneswar,Odisha,India,2021-08-04,Active
CUS004252,INS000003,Ayaan,Madan,1978-05-15,Female,Mysuru,Karnataka,India,2020-07-07,Active
CUS004253,INS000001,Vasatika,Sunder,2006-07-16,Female,Bhubaneswar,Odisha,India,2021-03-03,Active
CUS004254,INS000005,Jackson,Dash,1991-12-28,Other,Bhopal,Madhya Pradesh,India,2024-07-15,Active
CUS004255,INS000003,Aarna,Chandran,1956-08-04,Other,Ahmedabad,Gujarat,India,2022-01-09,Active
CUS004256,INS000002,Ekansh,Koshy,1988-10-30,Female,Kolkata,West Bengal,India,2019-12-04,Active
CUS004257,INS000004,Lavanya,Ray,1962-04-20,Male,Lucknow,Uttar Pradesh,India,2019-10-27,Inactive
CUS004258,INS000002,Thomas,Kant,1990-03-20,Female,Indore,Madhya Pradesh,India,2022-11-19,Active
CUS004259,INS000004,Victor,Khurana,1974-07-16,Female,Kolkata,West Bengal,India,2024-04-09,Active
CUS004260,INS000003,Diya,Sharaf,1983-09-02,Male,Pune,Maharashtra,India,2022-04-07,Active
CUS004261,INS000001,Nitara,Gandhi,2001-10-12,Male,Pune,Maharashtra,India,2025-12-29,Inactive
CUS004262,INS000002,Ira,Ghose,1970-05-15,Male,Delhi,Delhi,India,2021-09-11,Active
CUS004263,INS000002,Zaitra,Kannan,1962-10-19,Male,Indore,Madhya Pradesh,India,2019-01-19,Active
CUS004264,INS000002,Aditya,Mammen,1980-12-24,Male,Bhopal,Madhya Pradesh,India,2022-06-30,Active
CUS004265,INS000004,Adya,Chhabra,1952-12-28,Female,Thane,Maharashtra,India,2024-11-09,Active
CUS004266,INS000003,Yuvraj,Aggarwal,1956-04-21,Female,Mumbai,Maharashtra,India,2025-10-25,Active
CUS004267,INS000002,Bhavna,Khare,1966-07-16,Female,Patna,Bihar,India,2023-03-21,Active
CUS004268,INS000002,Girik,Morar,2001-02-08,Male,Kochi,Kerala,India,2023-03-16,Active
CUS004269,INS000001,Mohini,Saran,1997-11-04,Male,Ahmedabad,Gujarat,India,2025-11-30,Active
CUS004270,INS000001,Hema,Raju,1997-03-23,Female,Ahmedabad,Gujarat,India,2019-05-01,Active
CUS004271,INS000003,Faqid,Sehgal,1960-02-04,Male,Jaipur,Rajasthan,India,2019-11-01,Active
CUS004272,INS000003,Pranav,Kala,1975-06-04,Female,Thane,Maharashtra,India,2019-06-19,Active
CUS004273,INS000005,Vamakshi,Kata,1967-08-02,Other,Pune,Maharashtra,India,2020-05-30,Active
CUS004274,INS000001,Dipta,Chaudhry,1975-08-09,Male,Mumbai,Maharashtra,India,2023-01-15,Active
CUS004275,INS000005,Irya,Bumb,2000-10-25,Male,Ahmedabad,Gujarat,India,2021-07-20,Active
CUS004276,INS000004,Tejas,Rege,2001-06-16,Male,Kolkata,West Bengal,India,2020-12-24,Active
CUS004277,INS000005,Amruta,Sawhney,2001-02-23,Other,Indore,Madhya Pradesh,India,2022-12-14,Active
CUS004278,INS000002,Qadim,Savant,1971-12-29,Female,Bhubaneswar,Odisha,India,2025-07-19,Active
CUS004279,INS000005,Ranveer,Doctor,1997-04-27,Female,Surat,Gujarat,India,2023-07-30,Inactive
CUS004280,INS000003,Wishi,Rajagopalan,1978-11-24,Male,Bengaluru,Karnataka,India,2025-12-12,Active
CUS004281,INS000004,Ryan,Rai,2008-03-21,Other,Kochi,Kerala,India,2019-01-20,Active
CUS004282,INS000002,Wahab,Bajaj,1968-12-03,Male,Lucknow,Uttar Pradesh,India,2021-02-01,Active
CUS004283,INS000005,Wyatt,Magar,1970-08-20,Male,Thane,Maharashtra,India,2022-09-05,Active
CUS004284,INS000004,Alka,Jha,2006-05-30,Female,Ahmedabad,Gujarat,India,2023-06-12,Inactive
CUS004285,INS000004,Samuel,Swamy,2003-05-11,Female,Mumbai,Maharashtra,India,2021-10-24,Active
CUS004286,INS000002,Veer,Sarkar,1978-12-18,Male,Mumbai,Maharashtra,India,2022-01-29,Active
CUS004287,INS000005,Samaksh,Viswanathan,1998-12-31,Male,Bhubaneswar,Odisha,India,2023-01-07,Active
CUS004288,INS000004,Zaid,Oommen,1989-08-12,Male,Mysuru,Karnataka,India,2021-09-10,Active
CUS004289,INS000004,Ishani,Nagy,1968-10-24,Male,Delhi,Delhi,India,2021-07-21,Active
CUS004290,INS000001,Nachiket,Bail,1994-03-07,Male,Patna,Bihar,India,2023-12-18,Active
CUS004291,INS000004,Hredhaan,Tata,1986-03-11,Other,Kochi,Kerala,India,2023-05-19,Active
CUS004292,INS000001,Jagdish,Tripathi,2007-04-17,Female,Indore,Madhya Pradesh,India,2021-02-10,Inactive
CUS004293,INS000005,Farhan,Rama,1965-09-09,Female,Mumbai,Maharashtra,India,2021-08-16,Active
CUS004294,INS000005,Waida,Sathe,1976-03-12,Female,Surat,Gujarat,India,2024-03-17,Active
CUS004295,INS000005,Abeer,Jha,1967-08-16,Female,Surat,Gujarat,India,2023-02-17,Active
CUS004296,INS000003,Brijesh,Pradhan,1975-04-20,Female,Kolkata,West Bengal,India,2022-05-03,Active
CUS004297,INS000005,Vasatika,Dhawan,1960-02-25,Female,Mumbai,Maharashtra,India,2022-04-20,Active
CUS004298,INS000004,Kamya,Brahmbhatt,1997-10-27,Male,Thane,Maharashtra,India,2021-07-19,Active
CUS004299,INS000002,Divya,Purohit,1984-02-10,Female,Kochi,Kerala,India,2025-11-29,Active
CUS004300,INS000001,Waida,Ganguly,1991-09-04,Female,Indore,Madhya Pradesh,India,2024-09-14,Active
CUS004301,INS000003,Anvi,Raval,1998-10-08,Female,Chandigarh,Chandigarh,India,2019-11-19,Active
CUS004302,INS000005,Vritti,Johal,1951-11-10,Other,Mysuru,Karnataka,India,2020-12-07,Active
CUS004303,INS000005,Qadim,Kamdar,1974-03-12,Male,Mumbai,Maharashtra,India,2018-12-18,Active
CUS004304,INS000002,Yasti,Murthy,1958-08-11,Female,Chandigarh,Chandigarh,India,2019-04-04,Active
CUS004305,INS000002,Ati,Pandit,1950-12-09,Male,Bengaluru,Karnataka,India,2024-03-07,Active
CUS004306,INS000003,Mitali,Ravel,1974-07-28,Female,Chennai,Tamil Nadu,India,2019-09-02,Active
CUS004307,INS000001,Tristan,Mahal,1958-02-12,Male,Jaipur,Rajasthan,India,2023-07-02,Active
CUS004308,INS000005,Kabir,Kothari,1983-07-08,Male,Mumbai,Maharashtra,India,2025-08-29,Active
CUS004309,INS000003,Chatura,Mannan,1969-07-26,Male,Kolkata,West Bengal,India,2018-10-21,Active
CUS004310,INS000004,Pallavi,Kashyap,1981-07-25,Female,Ahmedabad,Gujarat,India,2019-04-26,Active
CUS004311,INS000004,Vanya,Raghavan,1969-12-17,Male,Chandigarh,Chandigarh,India,2018-10-21,Active
CUS004312,INS000003,Bachittar,Singh,1956-12-21,Female,Chennai,Tamil Nadu,India,2022-01-16,Inactive
CUS004313,INS000005,Yadavi,Bajwa,1998-01-26,Male,Kolkata,West Bengal,India,2023-05-08,Active
CUS004314,INS000003,Idika,Kohli,1953-09-30,Female,Pune,Maharashtra,India,2025-01-30,Active
CUS004315,INS000005,Meera,Bhattacharyya,1975-01-22,Female,Lucknow,Uttar Pradesh,India,2019-12-19,Inactive
CUS004316,INS000002,Owen,Sethi,1957-12-06,Male,Kochi,Kerala,India,2019-05-22,Inactive
CUS004317,INS000003,Tanvi,Bains,1976-07-18,Male,Bhubaneswar,Odisha,India,2024-07-25,Active
CUS004318,INS000005,Jai,Ramachandran,1974-11-03,Female,Ahmedabad,Gujarat,India,2022-04-10,Active
CUS004319,INS000003,Zarna,Pai,1979-02-24,Female,Bhubaneswar,Odisha,India,2024-10-25,Inactive
CUS004320,INS000003,Triveni,Parsa,1985-03-30,Female,Kochi,Kerala,India,2018-12-09,Active
CUS004321,INS000005,Diya,Raj,1964-01-09,Male,Chennai,Tamil Nadu,India,2021-01-02,Active
CUS004322,INS000005,Abhiram,Bahri,1969-02-19,Female,Bengaluru,Karnataka,India,2020-08-24,Active
CUS004323,INS000001,Advik,Swaminathan,1951-11-12,Other,Hyderabad,Telangana,India,2020-02-06,Active
CUS004324,INS000003,Shivansh,Sarin,1976-03-03,Male,Nagpur,Maharashtra,India,2022-09-29,Active
CUS004325,INS000004,Ladli,Sehgal,1995-09-15,Male,Chennai,Tamil Nadu,India,2019-09-13,Active
CUS004326,INS000003,Harrison,Samra,1965-07-13,Male,Nagpur,Maharashtra,India,2026-04-27,Active
CUS004327,INS000003,Eshana,Chakraborty,2001-06-27,Female,Mumbai,Maharashtra,India,2026-07-29,Active
CUS004328,INS000005,Janaki,Sarkar,2000-11-09,Female,Chennai,Tamil Nadu,India,2023-12-27,Active
CUS004329,INS000003,Aashi,Kumer,1954-10-31,Male,Hyderabad,Telangana,India,2022-12-24,Active
CUS004330,INS000003,Rachit,Pall,1983-12-25,Male,Delhi,Delhi,India,2021-06-23,Active
CUS004331,INS000004,Adya,Karnik,1968-01-26,Male,Indore,Madhya Pradesh,India,2022-03-31,Active
CUS004332,INS000005,Warjas,Luthra,2000-12-25,Male,Bhopal,Madhya Pradesh,India,2022-09-12,Active
CUS004333,INS000003,Amruta,Peri,1988-09-10,Male,Bengaluru,Karnataka,India,2020-04-15,Active
CUS004334,INS000002,Urishilla,Lad,2002-11-11,Other,Hyderabad,Telangana,India,2019-06-26,Active
CUS004335,INS000001,Hemal,Srinivas,1961-05-23,Male,Surat,Gujarat,India,2024-04-27,Active
CUS004336,INS000004,Jasmit,Dugar,1996-04-09,Male,Kolkata,West Bengal,India,2026-04-13,Active
CUS004337,INS000003,Qarin,Ganguly,1967-07-31,Female,Chandigarh,Chandigarh,India,2019-10-17,Active
CUS004338,INS000002,Wishi,Kanda,1979-03-22,Female,Lucknow,Uttar Pradesh,India,2018-12-01,Active
CUS004339,INS000003,Panini,Varughese,1982-07-04,Female,Mysuru,Karnataka,India,2024-03-22,Active
CUS004340,INS000003,Shivansh,Wali,2000-04-23,Male,Pune,Maharashtra,India,2020-05-29,Active
CUS004341,INS000005,Oni,Hayre,2004-10-29,Male,Nagpur,Maharashtra,India,2022-07-18,Active
CUS004342,INS000005,Kashish,Bansal,1991-02-27,Female,Kochi,Kerala,India,2023-09-13,Active
CUS004343,INS000005,Janya,Raj,1992-12-08,Female,Lucknow,Uttar Pradesh,India,2021-09-21,Active
CUS004344,INS000002,Nandini,Patla,1950-12-18,Male,Kochi,Kerala,India,2019-02-24,Active
CUS004345,INS000003,Ati,Bava,2003-06-04,Female,Nagpur,Maharashtra,India,2022-02-27,Active
CUS004346,INS000001,Shravya,Karnik,2007-01-02,Female,Mysuru,Karnataka,India,2020-08-19,Active
CUS004347,INS000004,Pranit,Chana,1992-07-15,Male,Hyderabad,Telangana,India,2022-07-31,Active
CUS004348,INS000005,Karan,Dutt,1977-06-29,Female,Kolkata,West Bengal,India,2025-11-17,Active
CUS004349,INS000005,Veer,Chanda,2001-06-24,Female,Bhopal,Madhya Pradesh,India,2023-05-04,Active
CUS004350,INS000003,Harish,Bedi,1972-04-08,Male,Bhopal,Madhya Pradesh,India,2020-04-09,Inactive
CUS004351,INS000003,Anamika,Krishna,2000-09-18,Female,Nagpur,Maharashtra,India,2025-07-15,Active
CUS004352,INS000002,Warinder,Buch,1967-07-01,Female,Bhubaneswar,Odisha,India,2024-01-23,Active
CUS004353,INS000002,Rachana,Vohra,1988-08-13,Female,Chandigarh,Chandigarh,India,2025-11-11,Active
CUS004354,INS000005,Lakshmi,Kumer,1977-03-21,Male,Kolkata,West Bengal,India,2019-11-27,Active
CUS004355,INS000003,Rohan,Sethi,1962-05-30,Male,Ahmedabad,Gujarat,India,2022-11-13,Active
CUS004356,INS000001,Madhav,Dixit,1988-04-14,Female,Pune,Maharashtra,India,2025-07-19,Inactive
CUS004357,INS000004,Mason,Memon,1981-04-28,Male,Chandigarh,Chandigarh,India,2025-01-25,Active
CUS004358,INS000003,Urvashi,Dhar,1956-01-12,Male,Patna,Bihar,India,2021-03-10,Active
CUS004359,INS000003,Aditya,Sarin,1976-11-11,Male,Chandigarh,Chandigarh,India,2024-06-30,Active
CUS004360,INS000002,Patrick,Mallick,1990-01-29,Male,Bhopal,Madhya Pradesh,India,2023-03-02,Active
CUS004361,INS000004,Oviya,Grewal,2005-07-08,Other,Hyderabad,Telangana,India,2019-07-24,Active
CUS004362,INS000005,Xalak,Karnik,2007-09-26,Male,Bhopal,Madhya Pradesh,India,2020-10-05,Active
CUS004363,INS000003,Krish,Rout,1958-12-15,Other,Surat,Gujarat,India,2026-05-10,Inactive
CUS004364,INS000005,Zansi,Muni,1964-09-11,Male,Kochi,Kerala,India,2020-08-02,Active
CUS004365,INS000003,Diya,Ganesan,1976-05-24,Female,Jaipur,Rajasthan,India,2026-01-14,Active
CUS004366,INS000005,Vidhi,Verma,1993-01-03,Male,Jaipur,Rajasthan,India,2020-11-29,Active
CUS004367,INS000004,Charita,Bhavsar,1959-08-27,Female,Bhopal,Madhya Pradesh,India,2022-12-25,Active
CUS004368,INS000002,Zashil,Kata,1953-11-08,Female,Bhubaneswar,Odisha,India,2019-08-14,Active
CUS004369,INS000004,Champak,Chanda,1983-07-06,Male,Kochi,Kerala,India,2020-11-23,Active
CUS004370,INS000001,Mitali,Ben,1991-05-21,Female,Bhopal,Madhya Pradesh,India,2018-08-14,Active
CUS004371,INS000002,Hardik,Goda,1968-12-19,Male,Lucknow,Uttar Pradesh,India,2022-12-04,Inactive
CUS004372,INS000004,Nihal,Mani,1992-03-25,Female,Mysuru,Karnataka,India,2020-12-14,Active
CUS004373,INS000001,Darpan,Singhal,1973-06-29,Other,Bhubaneswar,Odisha,India,2024-08-27,Active
CUS004374,INS000003,Tanveer,Sampath,1973-10-24,Female,Chandigarh,Chandigarh,India,2024-06-11,Active
CUS004375,INS000003,Aachal,Ganesh,1992-12-06,Female,Mysuru,Karnataka,India,2022-01-04,Active
CUS004376,INS000005,Vamakshi,Keer,1951-04-13,Male,Mysuru,Karnataka,India,2020-09-14,Inactive
CUS004377,INS000002,Gopal,Badal,1962-01-13,Male,Nagpur,Maharashtra,India,2019-07-21,Inactive
CUS004378,INS000003,Shivani,Hayre,1987-02-24,Male,Mumbai,Maharashtra,India,2026-02-20,Active
CUS004379,INS000002,Gaurika,Bose,1989-07-07,Female,Bhubaneswar,Odisha,India,2021-01-01,Active
CUS004380,INS000003,Abha,Bhavsar,1999-10-29,Female,Delhi,Delhi,India,2019-11-01,Inactive
CUS004381,INS000005,Jalsa,Chaudhuri,1996-01-24,Male,Hyderabad,Telangana,India,2024-07-28,Active
CUS004382,INS000004,Jagvi,Luthra,1997-06-19,Female,Pune,Maharashtra,India,2025-09-07,Active
CUS004383,INS000005,Aarini,Gola,1975-04-30,Male,Nagpur,Maharashtra,India,2018-12-31,Active
CUS004384,INS000001,Hemangini,Walla,1950-11-08,Male,Mysuru,Karnataka,India,2025-07-14,Active
CUS004385,INS000003,Anmol,Dash,1954-07-05,Female,Bengaluru,Karnataka,India,2021-08-27,Active
CUS004386,INS000001,Nisha,Shere,1958-08-16,Male,Ahmedabad,Gujarat,India,2020-02-20,Active
CUS004387,INS000001,Jairaj,Pillay,1996-08-22,Female,Delhi,Delhi,India,2024-11-06,Active
CUS004388,INS000002,Indali,Gola,1959-05-23,Male,Patna,Bihar,India,2021-04-03,Active
CUS004389,INS000003,Rushil,Dua,1998-04-05,Female,Chandigarh,Chandigarh,India,2022-06-27,Active
CUS004390,INS000001,Owen,Walla,1999-05-19,Male,Bhopal,Madhya Pradesh,India,2024-01-24,Active
CUS004391,INS000004,Bhavani,Grover,2002-04-20,Male,Kolkata,West Bengal,India,2019-05-29,Active
CUS004392,INS000001,Isha,Korpal,1992-05-13,Female,Bhopal,Madhya Pradesh,India,2026-04-02,Active
CUS004393,INS000004,Ekta,Anand,1980-08-23,Female,Surat,Gujarat,India,2026-04-04,Inactive
CUS004394,INS000002,Yashvi,Nanda,1979-10-19,Male,Patna,Bihar,India,2022-11-01,Active
CUS004395,INS000001,Vinaya,Garg,1966-03-03,Male,Bhopal,Madhya Pradesh,India,2018-08-10,Inactive
CUS004396,INS000005,Sanya,Magar,1973-02-01,Female,Jaipur,Rajasthan,India,2022-01-09,Active
CUS004397,INS000002,Farhan,Varghese,1965-04-13,Male,Lucknow,Uttar Pradesh,India,2023-03-08,Active
CUS004398,INS000004,Lakshmi,Bail,2006-07-21,Female,Bhubaneswar,Odisha,India,2022-10-07,Active
CUS004399,INS000002,Bhavini,Tella,1982-02-07,Female,Lucknow,Uttar Pradesh,India,2021-04-05,Active
CUS004400,INS000001,Ubika,Thaman,1962-06-20,Male,Kolkata,West Bengal,India,2021-05-18,Inactive
CUS004401,INS000003,Maanav,Bhandari,1994-04-05,Male,Hyderabad,Telangana,India,2023-08-15,Active
CUS004402,INS000003,Oliver,Ramesh,1975-02-16,Female,Delhi,Delhi,India,2025-10-11,Active
CUS004403,INS000004,Geetika,Deshmukh,1976-10-12,Male,Chennai,Tamil Nadu,India,2023-11-19,Active
CUS004404,INS000004,Oviya,Ganesh,1984-01-10,Female,Chandigarh,Chandigarh,India,2020-01-18,Inactive
CUS004405,INS000003,Nidhi,Bava,1951-12-07,Male,Indore,Madhya Pradesh,India,2025-11-30,Active
CUS004406,INS000004,Ekbal,Singh,1996-06-02,Female,Delhi,Delhi,India,2021-09-17,Active
CUS004407,INS000002,Fariq,Dugal,1960-04-01,Male,Bengaluru,Karnataka,India,2020-07-06,Active
CUS004408,INS000005,Neel,Deo,2007-04-15,Female,Hyderabad,Telangana,India,2018-12-20,Active
CUS004409,INS000005,Hemal,Khurana,1981-12-08,Male,Indore,Madhya Pradesh,India,2025-07-13,Active
CUS004410,INS000002,Vedant,Pillai,1974-02-12,Male,Indore,Madhya Pradesh,India,2020-08-19,Active
CUS004411,INS000005,Dipta,Mallick,1992-07-31,Female,Chandigarh,Chandigarh,India,2021-11-20,Active
CUS004412,INS000001,Edhitha,Shere,1987-08-12,Male,Bhopal,Madhya Pradesh,India,2022-08-14,Active
CUS004413,INS000002,Bishakha,Korpal,1991-01-17,Male,Bhubaneswar,Odisha,India,2019-02-03,Inactive
CUS004414,INS000004,Amara,Sha,1972-09-16,Male,Lucknow,Uttar Pradesh,India,2023-01-09,Active
CUS004415,INS000002,Megha,Gill,2000-01-03,Male,Lucknow,Uttar Pradesh,India,2026-03-06,Active
CUS004416,INS000003,Anika,Choudhary,1987-09-23,Female,Chandigarh,Chandigarh,India,2021-10-09,Active
CUS004417,INS000004,Sai,Kothari,1965-04-14,Female,Lucknow,Uttar Pradesh,India,2020-06-25,Active
CUS004418,INS000003,Janani,Edwin,2003-10-23,Male,Thane,Maharashtra,India,2021-02-07,Active
CUS004419,INS000004,Shravya,Basak,2002-04-05,Female,Jaipur,Rajasthan,India,2021-06-11,Active
CUS004420,INS000005,Odika,Bhavsar,2001-06-14,Female,Mysuru,Karnataka,India,2025-03-12,Active
CUS004421,INS000002,Oliver,Purohit,1985-05-14,Female,Chandigarh,Chandigarh,India,2020-07-01,Active
CUS004422,INS000001,Qarin,Deshpande,1951-12-30,Male,Bengaluru,Karnataka,India,2021-01-23,Active
CUS004423,INS000004,Arin,Acharya,2007-10-03,Female,Delhi,Delhi,India,2018-11-04,Active
CUS004424,INS000004,Jeremiah,Mani,2003-10-20,Female,Jaipur,Rajasthan,India,2022-04-06,Active
CUS004425,INS000003,Wahab,Sharma,1966-11-02,Female,Hyderabad,Telangana,India,2021-07-03,Inactive
CUS004426,INS000005,Zayan,Wadhwa,1992-01-31,Male,Ahmedabad,Gujarat,India,2023-09-04,Active
CUS004427,INS000003,Fariq,Suri,1953-08-13,Male,Patna,Bihar,India,2024-01-05,Active
CUS004428,INS000003,Shivansh,Rana,2000-11-22,Female,Kochi,Kerala,India,2019-08-06,Active
CUS004429,INS000005,Ojas,Raval,1959-01-16,Male,Nagpur,Maharashtra,India,2020-10-22,Active
CUS004430,INS000001,Mekhala,Vohra,1986-08-28,Female,Chennai,Tamil Nadu,India,2025-09-07,Inactive
CUS004431,INS000003,Harshil,Shukla,1994-11-21,Male,Indore,Madhya Pradesh,India,2023-04-26,Active
CUS004432,INS000003,Girish,Venkatesh,1956-01-11,Female,Nagpur,Maharashtra,India,2018-10-07,Active
CUS004433,INS000004,Devansh,Pandya,1983-04-23,Female,Bhubaneswar,Odisha,India,2023-08-21,Active
CUS004434,INS000005,Urvashi,Ravel,1963-01-29,Female,Mysuru,Karnataka,India,2022-01-09,Active
CUS004435,INS000002,Chatura,Krishnamurthy,1953-06-30,Female,Bhubaneswar,Odisha,India,2020-07-22,Active
CUS004436,INS000001,Atharv,Viswanathan,1988-06-24,Female,Lucknow,Uttar Pradesh,India,2022-12-14,Active
CUS004437,INS000001,Mekhala,Reddy,2002-03-22,Male,Jaipur,Rajasthan,India,2020-12-29,Active
CUS004438,INS000005,Fiyaz,Ganesan,1950-08-27,Female,Jaipur,Rajasthan,India,2019-11-02,Active
CUS004439,INS000004,Hemang,Thakur,1956-11-17,Male,Pune,Maharashtra,India,2019-06-03,Active
CUS004440,INS000004,Adweta,Tata,1969-11-05,Female,Ahmedabad,Gujarat,India,2018-10-31,Inactive
CUS004441,INS000005,Nachiket,Date,1973-04-23,Male,Thane,Maharashtra,India,2021-05-14,Active
CUS004442,INS000004,Frado,Bansal,1978-02-28,Female,Mumbai,Maharashtra,India,2024-08-14,Active
CUS004443,INS000001,Madhavi,Jhaveri,1996-04-02,Female,Kochi,Kerala,India,2022-10-04,Active
CUS004444,INS000001,Dayamai,Borah,1981-05-17,Male,Kolkata,West Bengal,India,2023-08-17,Active
CUS004445,INS000002,Veer,Pillai,1990-09-04,Male,Bengaluru,Karnataka,India,2025-04-09,Active
CUS004446,INS000005,Yug,Misra,1991-09-11,Other,Hyderabad,Telangana,India,2024-10-30,Active
CUS004447,INS000003,Bhanumati,D’Alia,1954-01-30,Male,Kochi,Kerala,India,2020-11-25,Active
CUS004448,INS000003,Saanvi,Sachar,2001-07-06,Male,Indore,Madhya Pradesh,India,2018-10-23,Active
CUS004449,INS000002,Jonathan,Raja,1963-03-04,Male,Patna,Bihar,India,2021-06-23,Active
CUS004450,INS000002,Karan,Prashad,1980-12-27,Other,Kochi,Kerala,India,2025-11-08,Active
CUS004451,INS000004,Onkar,Mistry,1980-02-27,Other,Mumbai,Maharashtra,India,2023-09-05,Active
CUS004452,INS000002,Ayush,Prakash,1987-08-29,Female,Mysuru,Karnataka,India,2020-04-21,Active
CUS004453,INS000002,Bakhshi,Bajwa,1992-11-03,Female,Surat,Gujarat,India,2023-07-25,Active
CUS004454,INS000003,Ishanvi,Murty,1952-09-02,Male,Mysuru,Karnataka,India,2021-11-20,Active
CUS004455,INS000004,Eshana,Sur,1965-05-29,Other,Pune,Maharashtra,India,2022-02-04,Active
CUS004456,INS000002,Vamakshi,Issac,1954-07-21,Male,Hyderabad,Telangana,India,2025-12-31,Inactive
CUS004457,INS000002,Unni,Babu,1966-12-12,Male,Bhopal,Madhya Pradesh,India,2021-01-29,Active
CUS004458,INS000004,Anita,Kale,1966-05-17,Male,Kochi,Kerala,India,2019-08-06,Inactive
CUS004459,INS000005,Sai,Saran,1954-04-22,Female,Hyderabad,Telangana,India,2021-08-10,Active
CUS004460,INS000004,Krishna,Din,1974-02-17,Female,Ahmedabad,Gujarat,India,2019-01-12,Active
CUS004461,INS000003,Peter,Sengupta,2002-06-07,Male,Bhubaneswar,Odisha,India,2024-07-16,Active
CUS004462,INS000005,Tanmayi,Dey,1970-04-26,Other,Delhi,Delhi,India,2022-07-18,Active
CUS004463,INS000001,Radhika,Mittal,1990-06-15,Male,Thane,Maharashtra,India,2026-04-22,Inactive
CUS004464,INS000004,Dayita,Randhawa,1998-12-14,Male,Nagpur,Maharashtra,India,2025-05-26,Active
CUS004465,INS000003,Idika,Konda,1961-09-03,Male,Bengaluru,Karnataka,India,2023-03-15,Active
CUS004466,INS000005,Vasatika,Dhar,1987-05-23,Female,Nagpur,Maharashtra,India,2020-09-08,Active
CUS004467,INS000004,Utkarsh,Babu,1956-07-29,Female,Kolkata,West Bengal,India,2021-04-17,Active
CUS004468,INS000002,Gaurav,Karan,1980-06-22,Male,Ahmedabad,Gujarat,India,2020-12-19,Active
CUS004469,INS000004,Riya,Sarna,1963-03-15,Female,Kochi,Kerala,India,2021-12-06,Active
CUS004470,INS000001,Darika,Krishnan,1968-08-06,Male,Indore,Madhya Pradesh,India,2020-02-02,Active
CUS004471,INS000004,Jasmit,Sur,1969-02-22,Female,Mysuru,Karnataka,India,2020-05-17,Active
CUS004472,INS000005,Nitara,Rastogi,1979-12-06,Other,Surat,Gujarat,India,2019-03-31,Active
CUS004473,INS000005,Abha,Shukla,1962-01-12,Male,Kolkata,West Bengal,India,2026-07-02,Active
CUS004474,INS000004,Nachiket,Shroff,1986-10-27,Female,Thane,Maharashtra,India,2026-07-06,Active
CUS004475,INS000005,Chavvi,Prabhu,1951-04-19,Female,Delhi,Delhi,India,2020-04-17,Active
CUS004476,INS000002,Advaith,Jayaraman,2004-02-02,Male,Thane,Maharashtra,India,2024-03-08,Active
CUS004477,INS000004,Aadi,Sheth,1980-07-19,Female,Hyderabad,Telangana,India,2024-02-02,Inactive
CUS004478,INS000002,Laban,De,1969-01-11,Female,Surat,Gujarat,India,2024-05-07,Active
CUS004479,INS000002,Hemangini,Sagar,1966-12-12,Male,Mumbai,Maharashtra,India,2023-01-16,Inactive
CUS004480,INS000003,Bhavini,Behl,1956-12-24,Male,Nagpur,Maharashtra,India,2019-07-17,Active
CUS004481,INS000004,Upasna,Korpal,1999-05-15,Male,Chennai,Tamil Nadu,India,2026-04-25,Active
CUS004482,INS000005,Abhiram,Dhingra,1976-09-30,Female,Chandigarh,Chandigarh,India,2018-12-04,Active
CUS004483,INS000002,Vyanjana,Chaudhuri,1965-10-24,Female,Bhopal,Madhya Pradesh,India,2022-12-10,Active
CUS004484,INS000003,Vansha,Merchant,1955-11-22,Female,Bengaluru,Karnataka,India,2022-05-16,Active
CUS004485,INS000004,Chandani,Prasad,2004-05-17,Male,Bhopal,Madhya Pradesh,India,2026-01-11,Active
CUS004486,INS000004,Aditya,Bera,1952-10-04,Male,Ahmedabad,Gujarat,India,2026-05-03,Inactive
CUS004487,INS000001,Qushi,Palla,2002-02-20,Male,Chennai,Tamil Nadu,India,2025-12-03,Active
CUS004488,INS000001,Brinda,Shroff,1996-06-09,Female,Hyderabad,Telangana,India,2018-10-23,Active
CUS004489,INS000002,Vihaan,Raju,1988-09-16,Other,Bengaluru,Karnataka,India,2018-11-14,Active
CUS004490,INS000001,Abhimanyu,Sant,1974-01-29,Female,Nagpur,Maharashtra,India,2022-03-03,Inactive
CUS004491,INS000002,Kashvi,Brahmbhatt,1985-10-07,Male,Thane,Maharashtra,India,2022-08-06,Active
CUS004492,INS000005,Ranbir,Menon,1990-11-06,Female,Chennai,Tamil Nadu,India,2026-04-03,Active
CUS004493,INS000002,Nisha,Pant,1988-01-23,Female,Bengaluru,Karnataka,India,2023-05-31,Active
CUS004494,INS000001,Rajeshri,Vala,1962-06-12,Male,Bengaluru,Karnataka,India,2025-03-05,Active
CUS004495,INS000005,Megha,Sood,1991-04-21,Female,Bhopal,Madhya Pradesh,India,2019-05-09,Active
CUS004496,INS000001,Zaid,Baria,1975-11-20,Male,Lucknow,Uttar Pradesh,India,2023-03-04,Active
CUS004497,INS000002,Nihal,Srinivas,1956-10-15,Male,Chennai,Tamil Nadu,India,2021-10-28,Active
CUS004498,INS000003,Madhavi,Bir,1980-07-11,Male,Hyderabad,Telangana,India,2024-10-19,Active
CUS004499,INS000004,Kritika,Pandey,1973-03-06,Male,Bhopal,Madhya Pradesh,India,2022-03-23,Inactive
CUS004500,INS000001,Thomas,Narula,2007-07-01,Male,Jaipur,Rajasthan,India,2018-09-08,Active
CUS004501,INS000002,Adya,Hari,1980-08-10,Male,Nagpur,Maharashtra,India,2026-01-01,Inactive
CUS004502,INS000005,Fariq,Mukherjee,1975-02-06,Male,Chandigarh,Chandigarh,India,2025-07-01,Active
CUS004503,INS000001,Pahal,Toor,1955-07-17,Female,Patna,Bihar,India,2026-02-17,Active
CUS004504,INS000001,Wriddhish,Gandhi,1983-09-26,Other,Nagpur,Maharashtra,India,2022-09-04,Active
CUS004505,INS000004,Zansi,Apte,1998-07-18,Female,Surat,Gujarat,India,2022-08-28,Active
CUS004506,INS000002,Anita,Chaudhuri,1972-12-14,Male,Thane,Maharashtra,India,2026-01-18,Inactive
CUS004507,INS000003,Bhavani,Dhingra,1971-04-07,Male,Bengaluru,Karnataka,India,2025-03-08,Active
CUS004508,INS000005,Amruta,Madan,1993-04-12,Male,Jaipur,Rajasthan,India,2026-02-08,Active
CUS004509,INS000002,Nitara,Bhasin,1980-11-02,Male,Bengaluru,Karnataka,India,2022-01-25,Inactive
CUS004510,INS000005,Raghav,Bakshi,1989-02-10,Female,Bengaluru,Karnataka,India,2018-11-10,Active
CUS004511,INS000001,Ekapad,Upadhyay,1959-11-15,Female,Nagpur,Maharashtra,India,2022-12-11,Active
CUS004512,INS000004,Qabil,Kamdar,1954-05-30,Female,Mysuru,Karnataka,India,2020-05-26,Active
CUS004513,INS000004,Laban,Verma,2001-01-18,Female,Surat,Gujarat,India,2022-11-10,Active
CUS004514,INS000003,Bimala,Prabhu,1992-04-29,Male,Mysuru,Karnataka,India,2023-11-29,Active
CUS004515,INS000004,Indrajit,Bajwa,2000-10-05,Male,Mumbai,Maharashtra,India,2022-07-10,Active
CUS004516,INS000001,Tamanna,Sen,1969-11-27,Female,Indore,Madhya Pradesh,India,2024-11-27,Active
CUS004517,INS000003,Sneha,Raval,2007-05-21,Male,Delhi,Delhi,India,2023-06-14,Active
CUS004518,INS000002,Anita,Natt,1962-08-18,Male,Mysuru,Karnataka,India,2018-12-16,Active
CUS004519,INS000004,Vyanjana,Sharma,1961-08-06,Male,Chandigarh,Chandigarh,India,2025-05-11,Active
CUS004520,INS000003,Raghav,Palan,1971-04-13,Male,Patna,Bihar,India,2020-10-03,Active
CUS004521,INS000001,Ekani,Narain,1981-11-14,Male,Mysuru,Karnataka,India,2021-06-24,Active
CUS004522,INS000005,Anirudh,Mane,1984-09-16,Female,Bhopal,Madhya Pradesh,India,2020-03-12,Active
CUS004523,INS000005,Max,Pillai,1975-01-28,Female,Jaipur,Rajasthan,India,2023-05-15,Active
CUS004524,INS000001,Chandran,Behl,1976-02-08,Male,Bhopal,Madhya Pradesh,India,2020-11-01,Active
CUS004525,INS000001,Anthony,Varughese,1959-04-19,Male,Patna,Bihar,India,2026-04-22,Active
CUS004526,INS000005,Quincy,Dasgupta,1972-01-15,Female,Surat,Gujarat,India,2022-09-25,Active
CUS004527,INS000003,Harsh,Sarma,1971-10-04,Male,Chandigarh,Chandigarh,India,2022-10-08,Active
CUS004528,INS000005,Baghyawati,Sura,1964-06-27,Male,Jaipur,Rajasthan,India,2022-06-06,Inactive
CUS004529,INS000001,Amruta,Sant,1964-12-14,Male,Nagpur,Maharashtra,India,2020-07-24,Active
CUS004530,INS000004,Jeremiah,Varkey,1988-08-28,Male,Surat,Gujarat,India,2025-08-09,Active
CUS004531,INS000002,Raksha,Bansal,1995-04-16,Female,Bengaluru,Karnataka,India,2020-08-02,Inactive
CUS004532,INS000004,Abhiram,Toor,1980-02-18,Female,Nagpur,Maharashtra,India,2021-02-17,Active
CUS004533,INS000004,Viraj,Bhavsar,1966-12-22,Male,Indore,Madhya Pradesh,India,2020-04-26,Active
CUS004534,INS000001,Gautam,Dube,1973-02-05,Male,Bengaluru,Karnataka,India,2022-07-01,Active
CUS004535,INS000005,Matthew,Purohit,1988-11-06,Male,Bhubaneswar,Odisha,India,2026-06-09,Active
CUS004536,INS000003,Alexander,Narayanan,1956-01-25,Male,Mysuru,Karnataka,India,2024-05-16,Active
CUS004537,INS000004,Wakeeta,Sarraf,2003-02-12,Other,Hyderabad,Telangana,India,2018-09-14,Active
CUS004538,INS000005,Teerth,Loke,1991-03-23,Female,Surat,Gujarat,India,2025-02-25,Active
CUS004539,INS000003,Hema,Dhawan,1970-01-15,Female,Hyderabad,Telangana,India,2021-04-16,Inactive
CUS004540,INS000004,Osha,Dhar,1953-02-10,Female,Kochi,Kerala,India,2020-06-16,Inactive
CUS004541,INS000003,Devika,Hegde,1990-02-12,Female,Surat,Gujarat,India,2026-02-02,Active
CUS004542,INS000005,Wishi,Chander,1981-11-20,Female,Chandigarh,Chandigarh,India,2022-10-08,Active
CUS004543,INS000002,Kamya,Rajagopalan,1966-02-15,Male,Delhi,Delhi,India,2023-03-03,Active
CUS004544,INS000005,Ubika,Majumdar,1975-04-09,Male,Kochi,Kerala,India,2019-10-28,Active
CUS004545,INS000001,Azad,Ramesh,1982-05-22,Female,Jaipur,Rajasthan,India,2018-09-28,Active
CUS004546,INS000003,Ganga,Kannan,1985-09-04,Male,Nagpur,Maharashtra,India,2020-03-27,Active
CUS004547,INS000002,Faris,Barman,1962-08-31,Other,Kolkata,West Bengal,India,2025-04-27,Active
CUS004548,INS000003,Madhav,Basu,1997-11-10,Female,Thane,Maharashtra,India,2018-11-19,Active
CUS004549,INS000003,Daksh,Mitter,1995-08-19,Female,Kolkata,West Bengal,India,2018-09-08,Active
CUS004550,INS000004,Amaira,Arora,1950-12-22,Male,Chandigarh,Chandigarh,India,2025-11-26,Active
CUS004551,INS000001,Manya,Deol,1996-05-06,Female,Bhubaneswar,Odisha,India,2023-06-20,Active
CUS004552,INS000003,Ekbal,Hayer,1970-05-18,Male,Lucknow,Uttar Pradesh,India,2021-08-21,Active
CUS004553,INS000005,Upma,Sahota,1959-09-28,Other,Bhubaneswar,Odisha,India,2022-11-20,Active
CUS004554,INS000005,Pratyush,Hari,1998-06-30,Male,Chandigarh,Chandigarh,India,2025-11-03,Inactive
CUS004555,INS000004,Rehaan,Sahni,1960-12-20,Female,Nagpur,Maharashtra,India,2021-10-15,Active
CUS004556,INS000001,Zashil,Doshi,1994-05-01,Female,Mysuru,Karnataka,India,2025-05-12,Active
CUS004557,INS000001,Lakshmi,Sane,1975-07-17,Male,Lucknow,Uttar Pradesh,India,2022-07-13,Active
CUS004558,INS000005,Advik,Kumer,1983-02-03,Male,Nagpur,Maharashtra,India,2022-08-29,Active
CUS004559,INS000002,Jairaj,Kade,1988-02-24,Other,Mysuru,Karnataka,India,2021-03-09,Active
CUS004560,INS000004,Yuvraj,Acharya,1965-05-24,Male,Pune,Maharashtra,India,2021-07-07,Active
CUS004561,INS000004,Lekha,Bhatti,1954-08-22,Female,Nagpur,Maharashtra,India,2021-06-07,Active
CUS004562,INS000005,Saanvi,Gade,1972-02-13,Male,Patna,Bihar,India,2021-05-13,Active
CUS004563,INS000005,Yug,Barad,1993-06-11,Female,Lucknow,Uttar Pradesh,India,2023-08-11,Active
CUS004564,INS000002,Bahadurjit,Lanka,1954-02-25,Female,Jaipur,Rajasthan,India,2019-05-03,Active
CUS004565,INS000002,Rushil,Subramanian,1969-02-26,Male,Chennai,Tamil Nadu,India,2024-03-26,Active
CUS004566,INS000001,Triveni,Bhatti,2001-05-04,Male,Jaipur,Rajasthan,India,2025-10-16,Active
CUS004567,INS000004,Girindra,Kanda,1972-02-05,Female,Ahmedabad,Gujarat,India,2025-05-21,Active
CUS004568,INS000004,Sathvik,Sidhu,1967-12-28,Male,Hyderabad,Telangana,India,2025-12-31,Active
CUS004569,INS000005,Urvashi,Gandhi,1956-10-11,Male,Chennai,Tamil Nadu,India,2026-01-31,Active
CUS004570,INS000001,Lopa,Tak,1964-06-08,Female,Chandigarh,Chandigarh,India,2019-05-02,Active
CUS004571,INS000004,Devika,Comar,1997-03-22,Male,Surat,Gujarat,India,2019-11-16,Active
CUS004572,INS000001,Ekantika,Buch,1977-09-10,Male,Delhi,Delhi,India,2024-12-06,Active
CUS004573,INS000001,Nathan,Sharaf,1961-08-24,Female,Pune,Maharashtra,India,2019-09-16,Active
CUS004574,INS000005,Brijesh,Oommen,2003-09-08,Male,Nagpur,Maharashtra,India,2021-01-17,Inactive
CUS004575,INS000001,Jason,Pradhan,1981-08-22,Male,Ahmedabad,Gujarat,India,2021-11-23,Active
CUS004576,INS000002,Zehaan,Singh,1983-05-01,Male,Chennai,Tamil Nadu,India,2022-06-03,Active
CUS004577,INS000002,Vasana,Kuruvilla,1977-12-21,Female,Bengaluru,Karnataka,India,2024-04-02,Active
CUS004578,INS000003,Chanchal,Narayanan,2001-12-27,Female,Kochi,Kerala,India,2025-03-21,Active
CUS004579,INS000005,Rushil,Narain,1999-06-17,Female,Pune,Maharashtra,India,2023-08-21,Active
CUS004580,INS000003,Jalsa,Vyas,1987-08-29,Male,Bhopal,Madhya Pradesh,India,2024-03-11,Inactive
CUS004581,INS000002,Charles,Dugal,1995-01-01,Male,Chennai,Tamil Nadu,India,2019-04-18,Active
CUS004582,INS000003,Tejas,Venkatesh,1963-07-31,Male,Pune,Maharashtra,India,2022-08-11,Active
CUS004583,INS000005,Isaiah,Mallick,2000-10-09,Male,Lucknow,Uttar Pradesh,India,2019-01-10,Active
CUS004584,INS000005,Warinder,Korpal,1999-08-04,Female,Pune,Maharashtra,India,2025-09-12,Active
CUS004585,INS000001,Radha,Kara,2005-09-16,Male,Delhi,Delhi,India,2023-10-03,Active
CUS004586,INS000004,Ekta,Bains,1996-08-13,Male,Kochi,Kerala,India,2021-09-29,Active
CUS004587,INS000001,Alexander,Saraf,1977-10-23,Male,Surat,Gujarat,India,2020-10-21,Active
CUS004588,INS000005,Oliver,Subramanian,2003-12-15,Female,Hyderabad,Telangana,India,2019-06-05,Inactive
CUS004589,INS000002,Anya,Magar,2005-09-16,Female,Kochi,Kerala,India,2026-01-06,Active
CUS004590,INS000002,Jagdish,Narasimhan,1957-04-29,Female,Kolkata,West Bengal,India,2023-11-07,Active
CUS004591,INS000001,Meghana,Upadhyay,2001-07-28,Female,Pune,Maharashtra,India,2022-05-31,Active
CUS004592,INS000005,Xavier,Mital,1979-09-04,Female,Surat,Gujarat,India,2025-05-11,Active
CUS004593,INS000002,Aditya,Tara,1958-09-25,Male,Mumbai,Maharashtra,India,2026-07-31,Active
CUS004594,INS000005,Brijesh,Ravel,1958-01-15,Male,Mumbai,Maharashtra,India,2023-05-05,Active
CUS004595,INS000002,Vaishnavi,Behl,1993-01-31,Female,Thane,Maharashtra,India,2026-02-25,Active
CUS004596,INS000005,Mohammed,Mital,1988-06-11,Female,Delhi,Delhi,India,2020-09-22,Active
CUS004597,INS000003,Kamya,Kurian,2004-01-19,Female,Bhubaneswar,Odisha,India,2021-07-29,Active
CUS004598,INS000005,Gaurav,Chhabra,1962-02-09,Female,Ahmedabad,Gujarat,India,2022-07-14,Active
CUS004599,INS000005,Yuvraj,Divan,1995-11-09,Female,Kolkata,West Bengal,India,2024-07-22,Active
CUS004600,INS000001,Nakul,Kapoor,1954-03-02,Female,Nagpur,Maharashtra,India,2019-04-28,Active
CUS004601,INS000003,Xalak,Kanda,1976-04-09,Female,Chandigarh,Chandigarh,India,2022-07-04,Active
CUS004602,INS000004,Gavin,Kothari,1955-05-31,Female,Mysuru,Karnataka,India,2023-04-10,Active
CUS004603,INS000001,Hamsini,Shetty,1954-11-05,Male,Pune,Maharashtra,India,2019-03-01,Active
CUS004604,INS000004,Darpan,Dua,1998-08-01,Female,Ahmedabad,Gujarat,India,2021-07-02,Active
CUS004605,INS000002,Darpan,Chaudhari,1992-02-24,Female,Patna,Bihar,India,2020-06-12,Active
CUS004606,INS000004,Ishani,Tiwari,1966-10-06,Male,Nagpur,Maharashtra,India,2020-01-01,Active
CUS004607,INS000005,Mitesh,Patil,1961-10-27,Female,Mumbai,Maharashtra,India,2021-06-19,Active
CUS004608,INS000004,Hredhaan,Sachar,1989-10-04,Female,Mumbai,Maharashtra,India,2021-05-09,Active
CUS004609,INS000001,Jeremiah,Ratta,1978-12-15,Male,Chandigarh,Chandigarh,India,2020-05-23,Active
CUS004610,INS000001,Vinaya,Saini,2002-02-17,Female,Bhopal,Madhya Pradesh,India,2020-04-07,Active
CUS004611,INS000004,Viraj,Narula,2006-07-13,Male,Bhubaneswar,Odisha,India,2020-03-08,Active
CUS004612,INS000001,Edhitha,Mistry,1970-10-31,Other,Thane,Maharashtra,India,2020-08-28,Active
CUS004613,INS000001,Idika,Bumb,1988-10-20,Female,Bhopal,Madhya Pradesh,India,2025-05-21,Inactive
CUS004614,INS000004,Reva,Kibe,1999-10-31,Male,Thane,Maharashtra,India,2022-12-22,Active
CUS004615,INS000003,Reyansh,Gaba,1990-09-21,Male,Nagpur,Maharashtra,India,2023-06-19,Active
CUS004616,INS000003,Ansh,Srivastava,1976-07-12,Female,Kolkata,West Bengal,India,2023-07-17,Active
CUS004617,INS000002,Krishna,Bhatti,1977-11-03,Male,Lucknow,Uttar Pradesh,India,2018-10-20,Active
CUS004618,INS000001,Ishita,Murthy,1994-07-13,Male,Jaipur,Rajasthan,India,2025-04-01,Active
CUS004619,INS000004,Krish,Bhandari,1998-12-26,Female,Thane,Maharashtra,India,2024-08-16,Active
CUS004620,INS000001,Zashil,Sarin,1996-01-21,Male,Chennai,Tamil Nadu,India,2025-12-29,Active
CUS004621,INS000005,Balveer,Ravi,2002-12-29,Male,Mumbai,Maharashtra,India,2019-12-13,Active
CUS004622,INS000001,Vedhika,Sankaran,2004-10-24,Female,Patna,Bihar,India,2020-01-07,Active
CUS004623,INS000001,Raksha,Dube,1989-12-01,Female,Kolkata,West Bengal,India,2025-11-28,Active
CUS004624,INS000003,Chaitaly,Sachdeva,1984-05-22,Female,Hyderabad,Telangana,India,2019-03-07,Active
CUS004625,INS000004,Vrishti,Solanki,1978-02-19,Female,Kolkata,West Bengal,India,2019-08-30,Active
CUS004626,INS000001,Ranveer,Balasubramanian,1972-06-02,Male,Bhopal,Madhya Pradesh,India,2022-04-19,Active
CUS004627,INS000003,Rachit,Nath,1991-10-08,Male,Kolkata,West Bengal,India,2024-12-08,Active
CUS004628,INS000002,Ijaya,Prabhakar,1975-10-20,Male,Kolkata,West Bengal,India,2021-09-18,Active
CUS004629,INS000003,Ekiya,Dani,1995-05-16,Female,Delhi,Delhi,India,2021-10-13,Active
CUS004630,INS000003,Upadhriti,Morar,1973-12-14,Female,Kochi,Kerala,India,2025-08-23,Active
CUS004631,INS000003,Anvi,Keer,1977-01-02,Female,Surat,Gujarat,India,2021-08-02,Inactive
CUS004632,INS000001,Naveen,Sur,1967-10-08,Female,Chennai,Tamil Nadu,India,2023-04-05,Active
CUS004633,INS000001,Ekapad,Swamy,1985-10-27,Female,Mysuru,Karnataka,India,2026-05-31,Inactive
CUS004634,INS000002,Mohammed,Randhawa,1992-07-23,Male,Bhubaneswar,Odisha,India,2022-05-14,Active
CUS004635,INS000005,Shivani,Kala,1972-07-03,Male,Bhubaneswar,Odisha,India,2022-05-19,Active
CUS004636,INS000005,Chakrika,Ravi,2000-03-04,Male,Jaipur,Rajasthan,India,2020-12-26,Active
CUS004637,INS000005,Adya,Sani,1961-11-24,Male,Hyderabad,Telangana,India,2019-05-18,Active
CUS004638,INS000002,Jeevika,Keer,1995-10-13,Female,Patna,Bihar,India,2024-06-15,Inactive
CUS004639,INS000005,Sudiksha,Mangat,1951-07-14,Male,Chandigarh,Chandigarh,India,2021-01-31,Active
CUS004640,INS000005,Aadi,Kohli,1986-04-09,Female,Patna,Bihar,India,2020-11-23,Active
CUS004641,INS000003,Yashawini,Gala,1971-11-13,Female,Thane,Maharashtra,India,2019-05-08,Active
CUS004642,INS000001,Ladli,Nayar,1959-12-19,Male,Ahmedabad,Gujarat,India,2026-05-20,Active
CUS004643,INS000001,Qasim,Dutta,1998-05-26,Male,Mysuru,Karnataka,India,2020-01-02,Inactive
CUS004644,INS000003,Anirudh,Narain,1966-12-06,Male,Mumbai,Maharashtra,India,2024-11-30,Active
CUS004645,INS000003,Januja,Puri,1958-08-18,Male,Surat,Gujarat,India,2020-08-17,Active
CUS004646,INS000003,William,Butala,1989-09-20,Female,Chennai,Tamil Nadu,India,2025-10-20,Active
CUS004647,INS000001,Ekani,Chaudhuri,1990-03-02,Male,Bhopal,Madhya Pradesh,India,2023-08-26,Inactive
CUS004648,INS000005,Dev,Butala,1971-09-29,Female,Thane,Maharashtra,India,2019-03-23,Active
CUS004649,INS000003,Lila,Butala,1995-11-11,Female,Thane,Maharashtra,India,2024-04-12,Inactive
CUS004650,INS000002,Ranveer,Anand,1986-10-20,Female,Thane,Maharashtra,India,2020-08-25,Active
CUS004651,INS000003,Widisha,Doctor,2006-02-13,Female,Hyderabad,Telangana,India,2023-11-16,Active
CUS004652,INS000004,Mitesh,Zachariah,1961-03-05,Male,Delhi,Delhi,India,2025-09-10,Active
CUS004653,INS000003,Barkha,Sangha,1999-03-12,Male,Patna,Bihar,India,2026-06-18,Active
CUS004654,INS000001,Ekantika,Tailor,1984-03-17,Male,Bengaluru,Karnataka,India,2022-05-20,Active
CUS004655,INS000003,Nimrat,Chanda,1994-09-11,Male,Pune,Maharashtra,India,2024-05-22,Active
CUS004656,INS000004,Ekanta,Doshi,1964-09-29,Female,Kochi,Kerala,India,2025-05-24,Active
CUS004657,INS000002,Indrajit,Behl,1986-10-12,Female,Mumbai,Maharashtra,India,2023-12-22,Active
CUS004658,INS000005,Gopal,Agate,1951-05-16,Male,Nagpur,Maharashtra,India,2020-03-21,Active
CUS004659,INS000003,Ekalinga,Sinha,1951-11-01,Male,Kochi,Kerala,India,2022-06-10,Active
CUS004660,INS000004,Caleb,Goel,1990-10-24,Male,Lucknow,Uttar Pradesh,India,2022-02-03,Active
CUS004661,INS000004,Kai,Bali,1978-05-04,Female,Chandigarh,Chandigarh,India,2023-08-24,Active
CUS004662,INS000002,Pranav,Deol,1964-09-16,Female,Chandigarh,Chandigarh,India,2022-10-19,Active
CUS004663,INS000001,Azad,Manne,1953-07-03,Female,Bhopal,Madhya Pradesh,India,2020-12-15,Inactive
CUS004664,INS000003,Saksham,Peri,1957-03-19,Female,Thane,Maharashtra,India,2023-04-22,Active
CUS004665,INS000004,Hredhaan,Parikh,1979-03-09,Male,Nagpur,Maharashtra,India,2025-05-24,Active
CUS004666,INS000002,Vedika,Chahal,1987-10-02,Male,Patna,Bihar,India,2023-08-18,Active
CUS004667,INS000005,Rehaan,Baria,1957-03-25,Male,Mumbai,Maharashtra,India,2025-10-21,Active
CUS004668,INS000004,Hardik,Gandhi,2003-04-05,Male,Bengaluru,Karnataka,India,2023-05-25,Active
CUS004669,INS000002,Azad,Mukherjee,1969-09-01,Female,Patna,Bihar,India,2019-03-16,Active
CUS004670,INS000001,Lipika,Narayanan,1993-10-28,Female,Kolkata,West Bengal,India,2019-10-28,Active
CUS004671,INS000001,Vrishti,Chaudhry,1956-03-06,Female,Kochi,Kerala,India,2025-08-02,Active
CUS004672,INS000004,Aahana,Barad,1954-08-13,Female,Chandigarh,Chandigarh,India,2024-02-14,Active
CUS004673,INS000004,Chandran,Butala,1991-09-18,Male,Thane,Maharashtra,India,2024-02-07,Active
CUS004674,INS000003,Jeevika,Baral,2003-05-10,Male,Mysuru,Karnataka,India,2019-08-13,Inactive
CUS004675,INS000002,Timothy,Acharya,1974-11-27,Female,Delhi,Delhi,India,2025-08-21,Inactive
CUS004676,INS000004,Ekavir,Handa,1952-05-20,Female,Ahmedabad,Gujarat,India,2021-01-25,Active
CUS004677,INS000003,Agastya,Garde,1952-06-30,Male,Chandigarh,Chandigarh,India,2021-01-19,Active
CUS004678,INS000003,Sathvik,Raman,1973-11-17,Female,Bhubaneswar,Odisha,India,2023-10-06,Active
CUS004679,INS000004,Vyanjana,Swaminathan,1983-02-10,Female,Hyderabad,Telangana,India,2024-11-30,Active
CUS004680,INS000001,Fariq,Chokshi,1992-03-25,Male,Surat,Gujarat,India,2018-08-17,Active
CUS004681,INS000002,Upadhriti,Loke,1989-06-05,Female,Hyderabad,Telangana,India,2022-04-29,Active
CUS004682,INS000002,Darsh,Manne,1999-08-05,Male,Bengaluru,Karnataka,India,2025-08-03,Active
CUS004683,INS000001,Jalsa,Vora,2003-05-14,Female,Nagpur,Maharashtra,India,2020-04-15,Active
CUS004684,INS000004,Ojasvi,Bora,1985-04-11,Female,Bhopal,Madhya Pradesh,India,2025-09-26,Active
CUS004685,INS000002,Jyoti,Mane,2000-09-07,Other,Bengaluru,Karnataka,India,2023-06-06,Active
CUS004686,INS000004,Dalbir,Devi,2003-11-16,Male,Bhopal,Madhya Pradesh,India,2022-10-09,Active
CUS004687,INS000004,Amaira,Bhattacharyya,1962-05-24,Male,Bhopal,Madhya Pradesh,India,2018-12-21,Active
CUS004688,INS000003,Banjeet,Shere,1969-01-30,Male,Bhopal,Madhya Pradesh,India,2025-06-09,Inactive
CUS004689,INS000001,Ekavir,Lad,1980-01-16,Male,Mumbai,Maharashtra,India,2022-09-17,Active
CUS004690,INS000004,Daksha,Dugar,1991-12-31,Female,Pune,Maharashtra,India,2024-03-27,Active
CUS004691,INS000005,Faras,Varma,1971-05-17,Female,Bhubaneswar,Odisha,India,2025-04-30,Active
CUS004692,INS000001,Tarak,Char,2002-06-24,Male,Ahmedabad,Gujarat,India,2025-11-19,Active
CUS004693,INS000002,Zilmil,Taneja,1985-05-29,Male,Chandigarh,Chandigarh,India,2022-12-22,Active
CUS004694,INS000003,Gunbir,Kapur,1956-11-07,Male,Lucknow,Uttar Pradesh,India,2024-08-05,Active
CUS004695,INS000002,Harrison,Mander,1983-09-09,Male,Bhubaneswar,Odisha,India,2022-07-27,Active
CUS004696,INS000002,Vihaan,Balay,1977-12-23,Male,Bengaluru,Karnataka,India,2020-12-08,Active
CUS004697,INS000001,Lekha,Ramaswamy,1955-11-23,Male,Kolkata,West Bengal,India,2022-03-02,Active
CUS004698,INS000002,Ranveer,Nigam,1965-03-23,Female,Nagpur,Maharashtra,India,2023-12-03,Active
CUS004699,INS000004,Reyansh,Gaba,1964-08-30,Male,Kolkata,West Bengal,India,2020-10-27,Active
CUS004700,INS000002,Yuvraj,Solanki,2002-08-01,Female,Mysuru,Karnataka,India,2025-11-16,Active
CUS004701,INS000003,Praneel,Sethi,1979-11-29,Female,Jaipur,Rajasthan,India,2026-02-25,Active
CUS004702,INS000003,Ojasvi,Parmer,1974-07-25,Male,Ahmedabad,Gujarat,India,2021-09-20,Inactive
CUS004703,INS000005,Hitesh,Upadhyay,1987-05-08,Female,Lucknow,Uttar Pradesh,India,2020-04-11,Active
CUS004704,INS000003,Ishita,Mohan,2000-01-30,Female,Lucknow,Uttar Pradesh,India,2023-11-15,Active
CUS004705,INS000002,Tara,Memon,1989-12-20,Female,Bhopal,Madhya Pradesh,India,2021-08-30,Active
CUS004706,INS000003,Prisha,Rattan,1964-07-10,Male,Bengaluru,Karnataka,India,2022-06-13,Active
CUS004707,INS000001,Hemang,Sahota,1959-08-20,Male,Bengaluru,Karnataka,India,2023-02-26,Active
CUS004708,INS000003,Ojas,Keer,2001-06-11,Female,Bengaluru,Karnataka,India,2025-05-30,Active
CUS004709,INS000004,Pranit,More,1955-11-30,Female,Kochi,Kerala,India,2023-02-21,Active
CUS004710,INS000001,Neelima,Narain,2008-04-22,Male,Pune,Maharashtra,India,2020-08-05,Active
CUS004711,INS000005,Yamini,Kade,1979-04-21,Male,Ahmedabad,Gujarat,India,2019-04-07,Active
CUS004712,INS000004,Geetika,Khosla,1958-08-24,Male,Kochi,Kerala,India,2019-03-01,Inactive
CUS004713,INS000002,Nakul,Shenoy,1988-09-24,Male,Lucknow,Uttar Pradesh,India,2024-10-27,Active
CUS004714,INS000002,Saanvi,Dixit,1975-02-25,Female,Nagpur,Maharashtra,India,2019-08-14,Active
CUS004715,INS000002,Indira,Dubey,1959-01-31,Male,Mysuru,Karnataka,India,2019-12-04,Active
CUS004716,INS000004,Divya,Bansal,1980-09-02,Male,Kochi,Kerala,India,2019-03-12,Active
CUS004717,INS000004,Ekta,Buch,1968-08-08,Female,Bengaluru,Karnataka,India,2025-07-06,Active
CUS004718,INS000004,Kamya,Bhargava,1981-11-05,Male,Delhi,Delhi,India,2022-11-06,Active
CUS004719,INS000001,Nitara,Dalal,1965-11-27,Female,Kochi,Kerala,India,2021-05-29,Active
CUS004720,INS000001,Qushi,Divan,2002-02-28,Female,Hyderabad,Telangana,India,2024-08-23,Active
CUS004721,INS000002,Ekiya,Chokshi,2002-11-24,Male,Kochi,Kerala,India,2021-06-11,Active
CUS004722,INS000003,Wridesh,Sen,2007-12-08,Female,Kolkata,West Bengal,India,2022-12-04,Active
CUS004723,INS000002,Tanish,Date,1979-06-28,Female,Patna,Bihar,India,2019-03-07,Active
CUS004724,INS000005,Keya,Dixit,1958-01-21,Male,Pune,Maharashtra,India,2020-02-29,Active
CUS004725,INS000001,Aachal,Borah,1950-10-02,Male,Ahmedabad,Gujarat,India,2024-12-25,Active
CUS004726,INS000004,Jagvi,Mandal,1997-08-18,Female,Delhi,Delhi,India,2024-06-04,Active
CUS004727,INS000001,Sneha,Natarajan,1990-07-29,Female,Chandigarh,Chandigarh,India,2022-10-25,Inactive
CUS004728,INS000004,Sara,Nagarajan,1993-03-18,Female,Delhi,Delhi,India,2021-09-03,Active
CUS004729,INS000005,Mekhala,Khare,1988-10-03,Male,Mysuru,Karnataka,India,2022-09-01,Active
CUS004730,INS000005,Aadi,Subramaniam,1951-10-22,Female,Mumbai,Maharashtra,India,2023-01-08,Active
CUS004731,INS000001,Bakhshi,Saran,1973-04-14,Male,Bengaluru,Karnataka,India,2019-12-26,Active
CUS004732,INS000004,Bhavani,Rout,1953-06-24,Female,Kochi,Kerala,India,2019-10-14,Active
CUS004733,INS000005,Amol,Das,1968-03-30,Female,Indore,Madhya Pradesh,India,2026-02-10,Inactive
CUS004734,INS000002,Zarna,Mittal,1993-11-20,Female,Ahmedabad,Gujarat,India,2019-05-30,Active
CUS004735,INS000002,Krishna,Kadakia,1996-06-01,Female,Bhubaneswar,Odisha,India,2020-07-27,Active
CUS004736,INS000004,Chasmum,Solanki,1969-02-20,Female,Chandigarh,Chandigarh,India,2023-04-15,Active
CUS004737,INS000001,Abeer,Bandi,1984-10-10,Female,Chennai,Tamil Nadu,India,2024-04-13,Active
CUS004738,INS000005,Charita,Patla,1983-01-19,Male,Chennai,Tamil Nadu,India,2019-12-25,Active
CUS004739,INS000001,Tristan,Dugar,1970-03-14,Female,Indore,Madhya Pradesh,India,2024-05-12,Inactive
CUS004740,INS000002,Tanish,Raman,1962-09-10,Female,Patna,Bihar,India,2023-03-16,Active
CUS004741,INS000005,Divya,Handa,1958-11-28,Male,Chennai,Tamil Nadu,India,2024-12-18,Inactive
CUS004742,INS000001,Anthony,Pai,2001-06-28,Female,Ahmedabad,Gujarat,India,2021-06-29,Active
CUS004743,INS000003,Anya,Bhatti,1973-11-02,Male,Bengaluru,Karnataka,India,2018-10-03,Active
CUS004744,INS000004,Yasti,Bawa,1988-05-26,Female,Pune,Maharashtra,India,2019-03-29,Active
CUS004745,INS000004,Mohammed,Balay,1992-12-02,Female,Kochi,Kerala,India,2021-10-26,Inactive
CUS004746,INS000003,Girindra,Krishnan,2001-08-03,Male,Patna,Bihar,India,2023-11-15,Active
CUS004747,INS000002,Baljiwan,Ramachandran,1990-12-22,Female,Kolkata,West Bengal,India,2019-01-18,Active
CUS004748,INS000005,Triveni,Grover,1962-02-03,Male,Jaipur,Rajasthan,India,2025-04-07,Active
CUS004749,INS000004,Ishani,Tank,1964-03-14,Female,Lucknow,Uttar Pradesh,India,2019-04-18,Active
CUS004750,INS000003,Nachiket,Sheth,2002-09-20,Male,Lucknow,Uttar Pradesh,India,2024-08-25,Active
CUS004751,INS000003,Lakshit,Rao,1999-08-12,Male,Mumbai,Maharashtra,India,2020-04-26,Active
CUS004752,INS000002,Alka,Naik,2003-05-11,Male,Hyderabad,Telangana,India,2019-11-13,Active
CUS004753,INS000002,Jeevika,Sengupta,1972-09-20,Male,Kolkata,West Bengal,India,2022-05-11,Active
CUS004754,INS000001,Zaid,Deol,1991-12-10,Female,Patna,Bihar,India,2025-05-25,Inactive
CUS004755,INS000004,Viraj,Narain,1998-11-22,Female,Mumbai,Maharashtra,India,2020-02-08,Inactive
CUS004756,INS000001,Aahana,Sami,1962-03-31,Male,Delhi,Delhi,India,2022-09-09,Active
CUS004757,INS000003,Charita,Murty,1951-05-07,Male,Kolkata,West Bengal,India,2020-12-09,Active
CUS004758,INS000005,George,Gour,2003-03-19,Male,Chandigarh,Chandigarh,India,2020-10-26,Active
CUS004759,INS000005,Mugdha,Amble,1953-11-24,Female,Ahmedabad,Gujarat,India,2026-03-10,Active
CUS004760,INS000002,Teerth,Gala,1952-10-15,Female,Indore,Madhya Pradesh,India,2022-02-10,Active
CUS004761,INS000005,Faras,Krishna,1953-08-22,Male,Delhi,Delhi,India,2022-02-08,Active
CUS004762,INS000005,Ekta,Sagar,1998-03-16,Female,Thane,Maharashtra,India,2020-10-21,Active
CUS004763,INS000005,Vasudha,Chander,1984-09-28,Male,Bhopal,Madhya Pradesh,India,2021-05-07,Active
CUS004764,INS000003,Oscar,Sur,1954-06-05,Female,Pune,Maharashtra,India,2020-10-16,Active
CUS004765,INS000005,Vinaya,Natt,1976-04-25,Female,Ahmedabad,Gujarat,India,2025-04-01,Active
CUS004766,INS000005,Girish,Divan,1957-03-18,Female,Ahmedabad,Gujarat,India,2021-08-05,Active
CUS004767,INS000005,Charita,Basak,1950-10-22,Female,Indore,Madhya Pradesh,India,2023-10-20,Active
CUS004768,INS000001,Baljiwan,Dey,2005-02-24,Female,Mumbai,Maharashtra,India,2026-08-04,Active
CUS004769,INS000003,Lakshmi,Khatri,2000-02-10,Female,Bhopal,Madhya Pradesh,India,2022-02-18,Active
CUS004770,INS000002,Farhan,Varghese,1981-06-09,Female,Surat,Gujarat,India,2026-03-06,Active
CUS004771,INS000001,Daksh,Tandon,1953-03-15,Male,Chandigarh,Chandigarh,India,2024-08-29,Active
CUS004772,INS000004,Gaurika,Mall,1981-02-24,Male,Bengaluru,Karnataka,India,2020-02-25,Active
CUS004773,INS000003,Ijaya,Jain,2007-08-01,Male,Chennai,Tamil Nadu,India,2019-02-20,Active
CUS004774,INS000003,Radha,Gole,1963-12-24,Female,Kolkata,West Bengal,India,2021-04-23,Active
CUS004775,INS000004,Omaja,Sahni,1991-02-22,Male,Bengaluru,Karnataka,India,2026-06-22,Active
CUS004776,INS000004,Jai,Barad,1966-10-06,Male,Nagpur,Maharashtra,India,2025-04-30,Active
CUS004777,INS000004,Utkarsh,Andra,1970-01-14,Male,Chennai,Tamil Nadu,India,2022-03-31,Active
CUS004778,INS000002,Advay,Patel,2001-09-08,Male,Hyderabad,Telangana,India,2021-07-20,Active
CUS004779,INS000005,Lavanya,Oza,1985-05-29,Female,Bengaluru,Karnataka,India,2022-11-05,Active
CUS004780,INS000003,Chatura,Pradhan,1961-01-09,Female,Surat,Gujarat,India,2026-04-08,Active
CUS004781,INS000005,Dalaja,Nazareth,1990-03-19,Female,Bhopal,Madhya Pradesh,India,2021-07-28,Active
CUS004782,INS000005,Benjamin,Agate,1986-08-28,Female,Mysuru,Karnataka,India,2023-02-09,Active
CUS004783,INS000004,Eiravati,Cheema,1963-12-12,Female,Surat,Gujarat,India,2021-12-19,Active
CUS004784,INS000002,Mason,Subramanian,2004-02-29,Female,Indore,Madhya Pradesh,India,2026-01-20,Active
CUS004785,INS000001,Eta,Thaker,1991-07-26,Male,Surat,Gujarat,India,2026-05-07,Active
CUS004786,INS000002,Yadavi,Jaggi,1987-05-03,Female,Nagpur,Maharashtra,India,2024-11-06,Active
CUS004787,INS000005,Timothy,Kakar,1974-10-18,Male,Pune,Maharashtra,India,2021-04-15,Active
CUS004788,INS000002,Michael,Divan,1955-09-26,Male,Mumbai,Maharashtra,India,2023-12-25,Active
CUS004789,INS000004,Chandresh,Natarajan,1995-04-13,Female,Thane,Maharashtra,India,2019-05-06,Active
CUS004790,INS000001,Maya,Tiwari,1973-06-12,Male,Kolkata,West Bengal,India,2022-02-09,Active
CUS004791,INS000004,Sanaya,Mahal,1981-07-24,Male,Jaipur,Rajasthan,India,2024-11-12,Active
CUS004792,INS000001,Yamini,Wali,1987-11-17,Male,Mumbai,Maharashtra,India,2021-09-11,Active
CUS004793,INS000005,Gautam,Raman,1980-04-15,Male,Surat,Gujarat,India,2019-11-01,Inactive
CUS004794,INS000001,Tristan,Wadhwa,1997-08-17,Male,Mysuru,Karnataka,India,2024-09-30,Active
CUS004795,INS000001,Rachana,Hegde,1958-09-27,Male,Ahmedabad,Gujarat,India,2022-01-27,Active
CUS004796,INS000001,Bimala,Saran,1958-07-21,Female,Mumbai,Maharashtra,India,2025-09-22,Inactive
CUS004797,INS000002,Meera,Baral,1987-06-11,Female,Jaipur,Rajasthan,India,2022-06-11,Active
CUS004798,INS000002,Manbir,Sha,1980-10-03,Male,Bengaluru,Karnataka,India,2019-05-06,Active
CUS004799,INS000005,Kevin,Mannan,1970-10-31,Female,Mumbai,Maharashtra,India,2026-02-08,Inactive
CUS004800,INS000001,Gayathri,Yohannan,2007-09-07,Male,Pune,Maharashtra,India,2025-11-21,Active
CUS004801,INS000003,Fitan,Shan,1994-09-28,Male,Kochi,Kerala,India,2019-11-18,Active
CUS004802,INS000005,Vamakshi,Basu,1968-03-07,Male,Pune,Maharashtra,India,2026-05-07,Active
CUS004803,INS000001,Chandran,Mane,1977-03-20,Female,Bengaluru,Karnataka,India,2025-02-15,Inactive
CUS004804,INS000001,Mohini,Natarajan,1991-01-19,Male,Surat,Gujarat,India,2019-08-09,Active
CUS004805,INS000002,Adweta,Badami,1965-06-22,Female,Chandigarh,Chandigarh,India,2026-04-21,Active
CUS004806,INS000005,Frederick,Reddy,1977-03-01,Female,Mysuru,Karnataka,India,2024-12-17,Inactive
CUS004807,INS000001,Mohini,Bhatnagar,1950-10-26,Female,Bengaluru,Karnataka,India,2024-12-29,Active
CUS004808,INS000001,Yachana,Som,1970-10-03,Female,Pune,Maharashtra,India,2021-03-31,Active
CUS004809,INS000005,Radha,Sahni,1992-03-26,Female,Ahmedabad,Gujarat,India,2026-03-03,Active
CUS004810,INS000003,Kalpit,Sheth,1954-11-15,Male,Surat,Gujarat,India,2023-02-11,Active
CUS004811,INS000005,Krishna,Kashyap,1998-08-21,Male,Chennai,Tamil Nadu,India,2024-04-01,Active
CUS004812,INS000005,Vasana,Murty,2008-06-23,Female,Mysuru,Karnataka,India,2021-02-20,Active
CUS004813,INS000003,Rudra,Kapoor,1952-09-15,Female,Bengaluru,Karnataka,India,2021-09-04,Active
CUS004814,INS000005,Vinaya,Sengupta,1970-11-01,Male,Patna,Bihar,India,2024-12-09,Inactive
CUS004815,INS000001,Megha,Lanka,1982-05-31,Male,Chandigarh,Chandigarh,India,2025-08-18,Active
CUS004816,INS000005,Rohan,Mital,1962-11-26,Male,Patna,Bihar,India,2019-05-22,Active
CUS004817,INS000003,Yatin,Barad,1995-10-30,Male,Pune,Maharashtra,India,2023-11-23,Inactive
CUS004818,INS000004,Xavier,Karnik,1964-10-12,Male,Jaipur,Rajasthan,India,2024-11-08,Active
CUS004819,INS000005,Ekbal,Kumar,2000-08-06,Female,Chennai,Tamil Nadu,India,2020-09-29,Active
CUS004820,INS000002,Amaira,Rana,1975-09-11,Female,Nagpur,Maharashtra,India,2018-09-07,Active
CUS004821,INS000001,Qushi,Lanka,2004-07-14,Female,Chandigarh,Chandigarh,India,2022-10-02,Active
CUS004822,INS000001,Ekiya,Agrawal,1985-09-02,Female,Nagpur,Maharashtra,India,2024-05-30,Active
CUS004823,INS000002,Gaurav,Wali,1986-06-27,Female,Ahmedabad,Gujarat,India,2022-09-28,Active
CUS004824,INS000002,Isaiah,Karnik,1967-06-08,Male,Ahmedabad,Gujarat,India,2025-01-24,Active
CUS004825,INS000005,Odika,Baria,1958-09-10,Male,Jaipur,Rajasthan,India,2018-09-16,Active
CUS004826,INS000002,Pallavi,Kapadia,1982-12-12,Female,Kochi,Kerala,India,2023-11-27,Active
CUS004827,INS000004,Jasmit,Sengupta,2007-11-15,Female,Thane,Maharashtra,India,2020-10-14,Active
CUS004828,INS000003,Ijaya,Khare,1993-12-05,Male,Mysuru,Karnataka,India,2019-11-17,Active
CUS004829,INS000002,Rayaan,Ranganathan,1958-09-19,Other,Lucknow,Uttar Pradesh,India,2024-11-06,Inactive
CUS004830,INS000002,Ekani,Agate,1975-02-02,Male,Bhubaneswar,Odisha,India,2025-08-09,Active
CUS004831,INS000004,Hemangini,Sani,1964-02-07,Male,Nagpur,Maharashtra,India,2024-09-08,Inactive
CUS004832,INS000001,Arjun,Batta,2008-07-11,Male,Mumbai,Maharashtra,India,2021-10-13,Active
CUS004833,INS000001,Dalaja,Borra,1993-02-21,Male,Ahmedabad,Gujarat,India,2019-06-16,Active
CUS004834,INS000005,Omkaar,Mahal,1971-04-01,Female,Indore,Madhya Pradesh,India,2023-07-05,Active
CUS004835,INS000004,Inaya,Wason,1952-04-08,Female,Ahmedabad,Gujarat,India,2018-11-24,Active
CUS004836,INS000003,Riya,Saha,1992-11-07,Male,Jaipur,Rajasthan,India,2023-08-21,Active
CUS004837,INS000003,Madhav,Babu,1974-02-14,Female,Kochi,Kerala,India,2022-04-22,Inactive
CUS004838,INS000004,Ridhi,Thaker,1978-10-12,Female,Lucknow,Uttar Pradesh,India,2022-12-08,Active
CUS004839,INS000003,Chaitanya,Mohan,1978-05-19,Female,Indore,Madhya Pradesh,India,2023-05-02,Active
CUS004840,INS000001,Vivaan,Behl,2000-11-15,Female,Chennai,Tamil Nadu,India,2021-03-26,Active
CUS004841,INS000003,Ryan,Taneja,1980-02-17,Male,Surat,Gujarat,India,2023-03-18,Active
CUS004842,INS000003,Kashvi,Kala,1978-05-14,Female,Kochi,Kerala,India,2019-03-29,Active
CUS004843,INS000004,Nachiket,Walla,2001-01-17,Male,Bhopal,Madhya Pradesh,India,2019-05-29,Active
CUS004844,INS000004,Frederick,Mani,1957-11-12,Female,Thane,Maharashtra,India,2023-01-18,Active
CUS004845,INS000003,Isaiah,D’Alia,1981-05-21,Male,Nagpur,Maharashtra,India,2022-08-06,Active
CUS004846,INS000002,Chatura,Keer,1997-08-11,Female,Indore,Madhya Pradesh,India,2026-05-31,Inactive
CUS004847,INS000004,Xavier,Ramachandran,1963-03-04,Female,Kochi,Kerala,India,2023-11-28,Active
CUS004848,INS000005,Manbir,Narasimhan,2004-05-11,Male,Kochi,Kerala,India,2022-10-15,Active
CUS004849,INS000005,Bhavna,Goel,1975-09-07,Male,Indore,Madhya Pradesh,India,2022-10-03,Active
CUS004850,INS000001,Akshay,Iyer,1981-02-08,Female,Chennai,Tamil Nadu,India,2019-03-19,Active
CUS004851,INS000003,Hemal,Atwal,1989-02-27,Female,Patna,Bihar,India,2022-03-08,Active
CUS004852,INS000002,Indrajit,Sanghvi,1971-05-04,Male,Hyderabad,Telangana,India,2020-09-08,Active
CUS004853,INS000001,Dalaja,Buch,1955-09-10,Female,Thane,Maharashtra,India,2023-04-12,Active
CUS004854,INS000003,Shivani,Narasimhan,1988-07-29,Male,Mysuru,Karnataka,India,2024-01-19,Active
CUS004855,INS000004,Urishilla,Korpal,2001-08-03,Male,Chandigarh,Chandigarh,India,2021-12-23,Active
CUS004856,INS000005,Arin,Srinivasan,1995-12-23,Male,Indore,Madhya Pradesh,India,2022-06-28,Active
CUS004857,INS000002,Garima,Bail,1959-12-19,Male,Nagpur,Maharashtra,India,2021-12-27,Active
CUS004858,INS000005,Shaurya,Chaudhary,2004-03-18,Female,Bhubaneswar,Odisha,India,2021-03-01,Active
CUS004859,INS000004,Siddharth,Dayal,1960-07-27,Other,Pune,Maharashtra,India,2022-05-18,Active
CUS004860,INS000003,Samar,Kuruvilla,1959-10-26,Male,Nagpur,Maharashtra,India,2024-01-02,Active
CUS004861,INS000004,Aarna,Gara,1975-04-05,Female,Pune,Maharashtra,India,2022-10-22,Inactive
CUS004862,INS000004,Vasudha,Master,1975-10-31,Male,Hyderabad,Telangana,India,2022-01-15,Active
CUS004863,INS000005,Lohit,Kurian,1980-06-15,Female,Lucknow,Uttar Pradesh,India,2022-07-16,Active
CUS004864,INS000002,Andrew,Sagar,1990-09-08,Male,Bhopal,Madhya Pradesh,India,2025-03-29,Active
CUS004865,INS000004,Krisha,Edwin,1951-04-02,Female,Kochi,Kerala,India,2022-11-18,Active
CUS004866,INS000005,Caleb,Sandhu,1991-02-27,Female,Delhi,Delhi,India,2019-07-19,Active
CUS004867,INS000002,Aadhya,Jani,1961-11-23,Male,Bhopal,Madhya Pradesh,India,2022-01-02,Inactive
CUS004868,INS000003,Onkar,Gade,1987-12-06,Female,Bengaluru,Karnataka,India,2020-01-09,Active
CUS004869,INS000003,Darpan,Pathak,1955-07-26,Male,Kochi,Kerala,India,2020-03-18,Active
CUS004870,INS000001,Bhanumati,Chatterjee,1973-07-09,Male,Bhopal,Madhya Pradesh,India,2023-01-20,Active
CUS004871,INS000005,Sai,Mani,1997-12-27,Male,Chandigarh,Chandigarh,India,2026-01-19,Active
CUS004872,INS000002,Anika,More,1960-05-27,Male,Pune,Maharashtra,India,2021-07-17,Active
CUS004873,INS000004,Chatresh,Biswas,1982-07-09,Male,Hyderabad,Telangana,India,2023-11-03,Active
CUS004874,INS000003,Udyati,Bose,1987-10-08,Male,Nagpur,Maharashtra,India,2021-07-12,Active
CUS004875,INS000002,Abhiram,Dugal,1989-10-22,Male,Chennai,Tamil Nadu,India,2023-07-01,Active
CUS004876,INS000005,Ekalinga,Dara,1992-01-08,Male,Mumbai,Maharashtra,India,2025-01-24,Active
CUS004877,INS000001,Lipika,Aggarwal,2006-09-18,Female,Surat,Gujarat,India,2019-02-16,Active
CUS004878,INS000003,Anika,Khatri,1950-08-22,Female,Mumbai,Maharashtra,India,2025-06-28,Active
CUS004879,INS000002,Jagvi,Bhatti,1967-07-04,Male,Mumbai,Maharashtra,India,2026-03-08,Active
CUS004880,INS000002,Hritik,Madan,1984-06-16,Male,Nagpur,Maharashtra,India,2020-11-27,Active
CUS004881,INS000002,Anirudh,Gola,1997-06-28,Male,Bhopal,Madhya Pradesh,India,2024-03-13,Active
CUS004882,INS000005,Brinda,Comar,1983-05-29,Female,Bengaluru,Karnataka,India,2023-12-07,Inactive
CUS004883,INS000005,Libni,Seth,1956-10-04,Female,Kochi,Kerala,India,2026-02-14,Active
CUS004884,INS000005,Vihaan,Nazareth,1969-05-12,Male,Mysuru,Karnataka,India,2021-10-16,Active
CUS004885,INS000004,Lajita,Dara,1986-09-15,Male,Hyderabad,Telangana,India,2024-11-18,Active
CUS004886,INS000002,Yashoda,Tella,1978-06-16,Male,Chennai,Tamil Nadu,India,2023-01-23,Active
CUS004887,INS000003,Hardik,Warrior,1959-06-08,Male,Patna,Bihar,India,2019-04-26,Active
CUS004888,INS000005,Diya,Shroff,1969-04-26,Female,Nagpur,Maharashtra,India,2022-12-12,Active
CUS004889,INS000005,Vedhika,Vaidya,1985-08-04,Female,Thane,Maharashtra,India,2023-09-24,Active
CUS004890,INS000002,Gaurang,Das,1979-05-15,Male,Nagpur,Maharashtra,India,2019-03-31,Active
CUS004891,INS000005,Quincy,Srivastava,1967-10-16,Female,Indore,Madhya Pradesh,India,2024-01-11,Active
CUS004892,INS000004,Rushil,Mall,1982-06-12,Male,Kolkata,West Bengal,India,2024-10-01,Active
CUS004893,INS000004,Xiti,Chacko,1961-07-02,Male,Delhi,Delhi,India,2022-07-10,Active
CUS004894,INS000005,Tanvi,Parekh,1982-11-28,Female,Delhi,Delhi,India,2025-05-09,Active
CUS004895,INS000002,Anthony,Chanda,2006-04-04,Female,Bengaluru,Karnataka,India,2022-07-09,Active
CUS004896,INS000002,Balveer,Pandit,1981-06-20,Male,Chandigarh,Chandigarh,India,2020-10-10,Active
CUS004897,INS000002,Yug,Goda,1968-12-28,Male,Mumbai,Maharashtra,India,2026-07-04,Active
CUS004898,INS000001,Dalaja,Rama,2004-03-17,Female,Kochi,Kerala,India,2023-01-28,Active
CUS004899,INS000005,Gauri,Gulati,2003-11-15,Female,Chandigarh,Chandigarh,India,2021-03-01,Active
CUS004900,INS000002,Vrishti,Krishna,2005-03-11,Male,Bhubaneswar,Odisha,India,2024-03-07,Active
CUS004901,INS000004,Maya,Badami,1967-06-22,Male,Bengaluru,Karnataka,India,2023-07-09,Active
CUS004902,INS000003,Naksh,Chadha,1995-06-13,Male,Chandigarh,Chandigarh,India,2021-10-30,Active
CUS004903,INS000003,Andrew,Bhatnagar,1956-12-10,Female,Mysuru,Karnataka,India,2021-11-21,Active
CUS004904,INS000002,Idika,Gaba,2005-07-16,Female,Bhubaneswar,Odisha,India,2021-08-06,Active
CUS004905,INS000003,Indira,Dhingra,1973-01-28,Male,Jaipur,Rajasthan,India,2023-11-15,Active
CUS004906,INS000003,Isha,Oommen,1978-08-10,Female,Kochi,Kerala,India,2024-03-02,Active
CUS004907,INS000001,Chasmum,Dyal,1984-05-25,Female,Bhopal,Madhya Pradesh,India,2021-08-24,Active
CUS004908,INS000004,Warinder,Vig,1983-10-04,Male,Hyderabad,Telangana,India,2021-02-17,Active
CUS004909,INS000004,Yachana,Warrior,2005-11-24,Male,Mumbai,Maharashtra,India,2018-10-17,Active
CUS004910,INS000001,Anya,Hari,1958-09-01,Female,Bhopal,Madhya Pradesh,India,2020-02-20,Active
CUS004911,INS000001,David,Srinivas,2006-02-14,Female,Mysuru,Karnataka,India,2026-07-03,Active
CUS004912,INS000003,Aarini,Panchal,2000-08-27,Female,Nagpur,Maharashtra,India,2026-05-22,Active
CUS004913,INS000005,Lila,Balan,2000-11-28,Female,Kochi,Kerala,India,2024-09-07,Active
CUS004914,INS000003,Ayushman,Oak,1970-12-15,Male,Chennai,Tamil Nadu,India,2020-11-24,Active
CUS004915,INS000001,Ati,Ramachandran,1955-12-26,Male,Patna,Bihar,India,2020-01-28,Active
CUS004916,INS000004,Umang,Sankaran,1981-07-04,Female,Chandigarh,Chandigarh,India,2021-09-05,Active
CUS004917,INS000003,Max,Chawla,1955-04-04,Male,Kolkata,West Bengal,India,2020-03-03,Active
CUS004918,INS000005,Harita,Vala,1957-03-22,Female,Chennai,Tamil Nadu,India,2023-11-01,Active
CUS004919,INS000003,Maya,Rau,2007-04-08,Female,Indore,Madhya Pradesh,India,2023-12-20,Active
CUS004920,INS000002,Laksh,Kala,1981-01-31,Female,Bengaluru,Karnataka,India,2023-04-21,Active
CUS004921,INS000003,Gagan,Ganesh,1952-11-19,Male,Thane,Maharashtra,India,2021-05-09,Inactive
CUS004922,INS000001,Lavanya,Gupta,2001-03-28,Female,Kolkata,West Bengal,India,2019-05-12,Active
CUS004923,INS000004,Utkarsh,Sule,1971-07-18,Female,Lucknow,Uttar Pradesh,India,2020-05-11,Active
CUS004924,INS000004,Omisha,Bhavsar,1953-02-16,Female,Nagpur,Maharashtra,India,2025-10-11,Active
CUS004925,INS000001,Wridesh,Karan,1992-04-08,Female,Thane,Maharashtra,India,2023-09-04,Active
CUS004926,INS000002,Michael,Talwar,1961-04-02,Male,Pune,Maharashtra,India,2025-02-25,Inactive
CUS004927,INS000001,Pooja,Shankar,1966-04-01,Male,Nagpur,Maharashtra,India,2022-04-24,Active
CUS004928,INS000003,Devika,Ram,1991-06-08,Male,Mysuru,Karnataka,India,2018-12-18,Active
CUS004929,INS000001,Forum,Nagy,1961-02-04,Male,Nagpur,Maharashtra,India,2021-12-24,Active
CUS004930,INS000001,Saumya,Pillay,2005-07-31,Female,Bhopal,Madhya Pradesh,India,2026-06-07,Active
CUS004931,INS000002,Karan,Issac,1983-02-24,Female,Hyderabad,Telangana,India,2021-05-19,Active
CUS004932,INS000003,Samuel,Barman,2002-03-01,Female,Patna,Bihar,India,2023-08-10,Active
CUS004933,INS000005,Lakshit,Bansal,1970-11-16,Female,Surat,Gujarat,India,2019-12-12,Active
CUS004934,INS000005,Samaksh,Sethi,1977-06-16,Male,Bhopal,Madhya Pradesh,India,2020-10-07,Active
CUS004935,INS000004,Lakshit,Guha,1953-06-27,Other,Nagpur,Maharashtra,India,2023-08-23,Active
CUS004936,INS000001,Dayamai,Aggarwal,1964-02-10,Male,Bhubaneswar,Odisha,India,2019-02-05,Active
CUS004937,INS000004,Krishna,Pant,1951-07-26,Male,Hyderabad,Telangana,India,2020-05-15,Active
CUS004938,INS000002,Qushi,Badal,1958-10-18,Female,Kolkata,West Bengal,India,2024-09-06,Active
CUS004939,INS000005,Maanav,Pradhan,1961-12-24,Female,Thane,Maharashtra,India,2025-01-25,Active
CUS004940,INS000001,Nakul,Nigam,1957-10-06,Female,Chennai,Tamil Nadu,India,2022-11-21,Active
CUS004941,INS000002,Eesha,Sagar,1993-01-02,Male,Delhi,Delhi,India,2024-01-06,Active
CUS004942,INS000002,Ekansh,Amble,1959-04-19,Female,Indore,Madhya Pradesh,India,2020-02-11,Active
CUS004943,INS000001,Jagat,Murty,1987-05-09,Male,Chandigarh,Chandigarh,India,2020-03-23,Active
CUS004944,INS000002,Qarin,Sheth,1954-04-20,Male,Bhubaneswar,Odisha,India,2019-07-10,Inactive
CUS004945,INS000001,Eesha,Chada,1980-01-07,Female,Ahmedabad,Gujarat,India,2020-12-18,Inactive
CUS004946,INS000001,Madhav,Desai,1999-01-25,Female,Surat,Gujarat,India,2022-04-28,Active
CUS004947,INS000003,Ayushman,Char,1952-09-11,Female,Mysuru,Karnataka,India,2026-03-07,Active
CUS004948,INS000004,Eiravati,Verma,1966-07-25,Female,Thane,Maharashtra,India,2019-01-05,Active
CUS004949,INS000002,Odika,Dada,1983-10-03,Female,Chandigarh,Chandigarh,India,2018-08-15,Inactive
CUS004950,INS000002,Nisha,Deshpande,2006-10-22,Female,Chennai,Tamil Nadu,India,2021-10-08,Active
CUS004951,INS000003,Chavvi,Solanki,1973-11-20,Female,Mysuru,Karnataka,India,2024-03-11,Active
CUS004952,INS000003,Saanvi,Talwar,1987-11-26,Female,Chennai,Tamil Nadu,India,2020-01-27,Active
CUS004953,INS000003,Anusha,Oak,1970-08-03,Other,Kochi,Kerala,India,2025-11-28,Active
CUS004954,INS000005,Max,Dar,2008-05-03,Other,Chennai,Tamil Nadu,India,2019-10-03,Active
CUS004955,INS000005,Raghav,Bali,1960-01-01,Male,Delhi,Delhi,India,2023-02-08,Active
CUS004956,INS000005,Hredhaan,Nadig,1999-12-17,Female,Surat,Gujarat,India,2019-11-19,Active
CUS004957,INS000001,Karan,Korpal,1974-04-09,Female,Surat,Gujarat,India,2021-05-25,Active
CUS004958,INS000002,Qasim,Muni,1962-10-30,Male,Delhi,Delhi,India,2026-03-12,Inactive
CUS004959,INS000004,Atharv,Yadav,1957-07-04,Female,Mumbai,Maharashtra,India,2024-11-14,Inactive
CUS004960,INS000001,Amara,Sandal,1983-02-16,Male,Lucknow,Uttar Pradesh,India,2024-04-15,Active
CUS004961,INS000002,Vihaan,Memon,1972-11-24,Female,Bengaluru,Karnataka,India,2020-03-23,Active
CUS004962,INS000002,Vincent,Barad,2002-01-06,Female,Kochi,Kerala,India,2022-01-03,Active
CUS004963,INS000003,Vihaan,Chhabra,1951-05-23,Male,Chandigarh,Chandigarh,India,2019-07-21,Active
CUS004964,INS000003,Atharv,Bhakta,2005-10-30,Male,Chennai,Tamil Nadu,India,2018-08-24,Active
CUS004965,INS000001,Jagrati,Mital,1987-08-29,Female,Bhopal,Madhya Pradesh,India,2023-02-15,Active
CUS004966,INS000003,Fariq,Devan,1951-10-01,Male,Nagpur,Maharashtra,India,2025-06-14,Active
CUS004967,INS000002,Vansha,Kuruvilla,1958-06-30,Male,Nagpur,Maharashtra,India,2020-03-12,Active
CUS004968,INS000003,Krish,Raghavan,1965-10-11,Male,Patna,Bihar,India,2024-04-29,Active
CUS004969,INS000005,Yadavi,Dua,1960-08-14,Female,Bhubaneswar,Odisha,India,2019-08-21,Active
CUS004970,INS000003,Upasna,Mand,1972-12-03,Female,Thane,Maharashtra,India,2025-01-06,Active
CUS004971,INS000002,Kashvi,Oak,1991-10-25,Female,Ahmedabad,Gujarat,India,2024-12-23,Active
CUS004972,INS000001,Qarin,Sabharwal,1958-08-28,Male,Hyderabad,Telangana,India,2018-12-03,Active
CUS004973,INS000004,Lila,Borde,1991-04-21,Female,Pune,Maharashtra,India,2021-10-10,Active
CUS004974,INS000003,Vyanjana,Wali,1983-11-27,Female,Ahmedabad,Gujarat,India,2021-07-20,Active
CUS004975,INS000002,Urvi,Patla,1971-09-07,Male,Mysuru,Karnataka,India,2020-10-17,Inactive
CUS004976,INS000004,Laksh,Borde,1977-11-01,Female,Mysuru,Karnataka,India,2023-04-04,Active
CUS004977,INS000004,Nihal,Tara,1996-07-28,Female,Indore,Madhya Pradesh,India,2018-09-20,Active
CUS004978,INS000005,Reyansh,Morar,1987-06-08,Female,Pune,Maharashtra,India,2026-02-08,Active
CUS004979,INS000004,Upkaar,Mital,2008-04-05,Male,Indore,Madhya Pradesh,India,2022-08-01,Active
CUS004980,INS000002,Bachittar,Ray,1991-01-17,Male,Thane,Maharashtra,India,2026-04-22,Active
CUS004981,INS000002,Nilima,Bajaj,1969-07-18,Male,Indore,Madhya Pradesh,India,2020-07-10,Active
CUS004982,INS000003,Alexander,Bal,2001-11-18,Male,Jaipur,Rajasthan,India,2021-03-10,Active
CUS004983,INS000003,Anamika,Mane,1990-08-23,Female,Thane,Maharashtra,India,2020-07-14,Active
CUS004984,INS000003,Nitara,Narang,1997-05-24,Male,Delhi,Delhi,India,2024-10-20,Active
CUS004985,INS000004,Tristan,Goyal,1994-11-01,Female,Delhi,Delhi,India,2021-08-06,Active
CUS004986,INS000004,Samaksh,Chander,1968-04-18,Male,Indore,Madhya Pradesh,India,2024-11-27,Active
CUS004987,INS000005,Samarth,Devan,2005-06-21,Male,Bengaluru,Karnataka,India,2024-02-11,Active
CUS004988,INS000003,Dominic,Vohra,2006-05-05,Female,Chandigarh,Chandigarh,India,2019-02-01,Active
CUS004989,INS000001,Peter,Chaudhry,1971-12-01,Male,Chennai,Tamil Nadu,India,2022-08-27,Active
CUS004990,INS000005,Reva,Patil,1974-04-07,Female,Delhi,Delhi,India,2024-03-23,Active
CUS004991,INS000001,Vrishti,Comar,1995-09-01,Male,Delhi,Delhi,India,2020-03-25,Active
CUS004992,INS000004,Ekta,Chandran,1979-05-16,Male,Patna,Bihar,India,2024-05-06,Active
CUS004993,INS000005,Tanvi,Lalla,1953-06-25,Female,Bhubaneswar,Odisha,India,2023-02-01,Active
CUS004994,INS000005,Yatin,Nath,1972-08-31,Female,Surat,Gujarat,India,2019-09-17,Active
CUS004995,INS000002,Prisha,Nadkarni,2002-12-27,Male,Nagpur,Maharashtra,India,2020-09-06,Active
CUS004996,INS000004,Nidhi,Dasgupta,1996-05-12,Male,Surat,Gujarat,India,2019-08-02,Active
CUS004997,INS000004,Benjamin,Goswami,1971-08-04,Female,Kochi,Kerala,India,2022-02-19,Active
CUS004998,INS000005,Lajita,Kala,1968-03-24,Other,Mysuru,Karnataka,India,2025-09-11,Active
CUS004999,INS000004,Dhriti,Brar,2005-02-08,Female,Bengaluru,Karnataka,India,2020-10-29,Active
CUS005000,INS000005,Meera,Kata,1963-04-18,Male,Lucknow,Uttar Pradesh,India,2023-03-26,Active
CUS005001,INS000002,Balvan,Bawa,1969-10-04,Other,Bengaluru,Karnataka,India,2021-12-16,Active
CUS005002,INS000005,Ikbal,Malhotra,1954-05-28,Male,Mysuru,Karnataka,India,2019-10-17,Active
CUS005003,INS000004,Siya,Mukhopadhyay,1972-09-08,Male,Bhubaneswar,Odisha,India,2020-12-27,Inactive
CUS005004,INS000004,Tanmayi,Buch,1975-06-29,Female,Chandigarh,Chandigarh,India,2022-03-03,Active
CUS005005,INS000005,Brijesh,Mishra,1982-06-10,Male,Bhopal,Madhya Pradesh,India,2023-07-24,Active
CUS005006,INS000005,Yatan,Mishra,1981-09-18,Male,Kochi,Kerala,India,2019-04-11,Active
CUS005007,INS000005,Zilmil,Chaudhry,1998-04-27,Male,Delhi,Delhi,India,2023-04-11,Active
CUS005008,INS000003,Meghana,Raval,1971-02-17,Male,Kochi,Kerala,India,2019-03-01,Active
CUS005009,INS000004,Balveer,Baria,2001-04-17,Female,Bengaluru,Karnataka,India,2025-11-11,Active
CUS005010,INS000004,Lila,Muni,1962-02-13,Female,Kolkata,West Bengal,India,2025-07-26,Active
CUS005011,INS000003,Zaitra,Salvi,1993-12-16,Male,Jaipur,Rajasthan,India,2020-04-19,Active
CUS005012,INS000005,Chandran,Chander,1966-02-15,Female,Bhubaneswar,Odisha,India,2024-02-25,Active
CUS005013,INS000002,Ranveer,Nath,1962-02-06,Female,Surat,Gujarat,India,2022-10-14,Active
CUS005014,INS000005,Bishakha,Luthra,1967-10-23,Female,Kolkata,West Bengal,India,2026-02-11,Active
CUS005015,INS000005,Ria,Ben,1993-08-08,Male,Lucknow,Uttar Pradesh,India,2018-11-20,Active
CUS005016,INS000003,Mitali,Devan,1963-11-11,Other,Chandigarh,Chandigarh,India,2024-08-22,Active
CUS005017,INS000004,Daksha,Biswas,2005-02-09,Female,Kolkata,West Bengal,India,2022-03-07,Inactive
CUS005018,INS000005,Bhavika,Chandra,1971-01-31,Male,Nagpur,Maharashtra,India,2018-08-12,Active
CUS005019,INS000004,Triya,Agrawal,1982-04-30,Male,Ahmedabad,Gujarat,India,2024-02-22,Active
CUS005020,INS000001,Ojas,Chhabra,1975-06-25,Male,Bhubaneswar,Odisha,India,2022-11-05,Active
CUS005021,INS000004,Pahal,Sood,1959-11-19,Female,Chandigarh,Chandigarh,India,2022-11-25,Active
CUS005022,INS000002,Chaitaly,Basak,1974-10-04,Male,Hyderabad,Telangana,India,2024-04-13,Active
CUS005023,INS000002,Chatura,Singh,1979-04-14,Female,Lucknow,Uttar Pradesh,India,2026-07-07,Active
CUS005024,INS000005,Zansi,Patel,1975-10-14,Male,Bhopal,Madhya Pradesh,India,2023-03-24,Inactive
CUS005025,INS000004,Lucky,Ravi,1973-04-25,Female,Kochi,Kerala,India,2023-02-06,Active
CUS005026,INS000005,Ubika,Chhabra,1967-12-26,Male,Kochi,Kerala,India,2025-07-09,Active
CUS005027,INS000003,Siya,Lalla,1968-10-06,Female,Ahmedabad,Gujarat,India,2022-07-04,Active
CUS005028,INS000002,Gautam,Dutt,1959-07-19,Female,Indore,Madhya Pradesh,India,2024-09-26,Active
CUS005029,INS000005,Xiti,Kota,2000-07-09,Male,Pune,Maharashtra,India,2026-02-17,Active
CUS005030,INS000003,Isaiah,Bumb,1997-08-30,Male,Kochi,Kerala,India,2022-02-14,Active
CUS005031,INS000005,Pranit,Natt,1978-01-08,Male,Nagpur,Maharashtra,India,2018-11-30,Active
CUS005032,INS000004,Krishna,Ganguly,1981-01-09,Female,Thane,Maharashtra,India,2019-02-25,Active
CUS005033,INS000004,Maya,Goyal,1950-11-12,Female,Thane,Maharashtra,India,2023-12-10,Active
CUS005034,INS000004,Odika,Chawla,1980-01-22,Male,Delhi,Delhi,India,2025-09-30,Active
CUS005035,INS000004,Ekiya,Badal,1985-12-02,Male,Bengaluru,Karnataka,India,2021-01-01,Active
CUS005036,INS000001,Shravya,Singhal,1964-09-25,Male,Indore,Madhya Pradesh,India,2019-12-26,Active
CUS005037,INS000003,Aryan,Kamdar,1995-06-11,Female,Bhubaneswar,Odisha,India,2020-09-27,Active
CUS005038,INS000003,Praneel,Date,1988-04-29,Female,Ahmedabad,Gujarat,India,2020-08-03,Active
CUS005039,INS000004,Sudiksha,Gara,1995-05-07,Female,Delhi,Delhi,India,2018-12-15,Active
CUS005040,INS000001,Saksham,Upadhyay,1985-12-26,Male,Jaipur,Rajasthan,India,2026-03-29,Active
CUS005041,INS000004,Suhani,Khare,1963-04-09,Male,Chennai,Tamil Nadu,India,2023-07-26,Active
CUS005042,INS000001,Gautam,Reddy,1998-09-09,Other,Kochi,Kerala,India,2020-05-03,Active
CUS005043,INS000004,Zashil,Ahluwalia,1965-03-16,Male,Bhopal,Madhya Pradesh,India,2019-09-28,Active
CUS005044,INS000002,Ekiya,Virk,1964-09-29,Female,Chandigarh,Chandigarh,India,2018-10-10,Active
CUS005045,INS000002,Nihal,Mahajan,2007-03-05,Male,Lucknow,Uttar Pradesh,India,2020-04-26,Active
CUS005046,INS000005,Jatin,Guha,1975-07-30,Male,Lucknow,Uttar Pradesh,India,2021-10-31,Active
CUS005047,INS000004,Gavin,Tailor,1985-03-25,Female,Jaipur,Rajasthan,India,2023-10-29,Active
CUS005048,INS000003,Ishaan,Khanna,1970-02-27,Other,Ahmedabad,Gujarat,India,2020-09-17,Active
CUS005049,INS000005,Shivani,Bhargava,1981-08-31,Other,Jaipur,Rajasthan,India,2018-11-18,Inactive
CUS005050,INS000002,Janani,Sani,1971-04-02,Male,Bhubaneswar,Odisha,India,2023-04-24,Active
CUS005051,INS000004,Frederick,Kakar,1994-11-12,Male,Jaipur,Rajasthan,India,2026-08-05,Inactive
CUS005052,INS000005,Leena,Rama,1996-06-12,Female,Delhi,Delhi,India,2021-04-29,Inactive
CUS005053,INS000004,Yasti,Hans,1969-02-09,Female,Mysuru,Karnataka,India,2024-10-22,Active
CUS005054,INS000002,Nathaniel,Wable,1954-01-21,Female,Chennai,Tamil Nadu,India,2024-06-20,Active
CUS005055,INS000005,Kritika,Master,2008-04-14,Male,Delhi,Delhi,India,2019-10-11,Active
CUS005056,INS000002,Lajita,Padmanabhan,1952-06-13,Female,Thane,Maharashtra,India,2018-10-17,Active
CUS005057,INS000001,Caleb,Deshpande,1960-09-28,Female,Indore,Madhya Pradesh,India,2023-04-25,Active
CUS005058,INS000002,Onkar,Ravel,1966-03-18,Female,Mysuru,Karnataka,India,2020-04-27,Active
CUS005059,INS000004,Gautami,Sabharwal,1977-06-25,Female,Ahmedabad,Gujarat,India,2024-02-19,Active
CUS005060,INS000003,Mason,Mani,1993-02-07,Male,Ahmedabad,Gujarat,India,2022-09-18,Active
CUS005061,INS000002,Nicholas,Luthra,1951-01-28,Other,Mysuru,Karnataka,India,2019-07-30,Active
CUS005062,INS000003,Maanav,Krish,1977-02-27,Female,Bengaluru,Karnataka,India,2022-12-17,Active
CUS005063,INS000001,Praneel,Dash,1966-11-11,Female,Mumbai,Maharashtra,India,2020-07-01,Active
CUS005064,INS000005,Charan,Salvi,2003-10-31,Female,Thane,Maharashtra,India,2020-10-29,Active
CUS005065,INS000005,Oni,Kumer,1994-07-29,Female,Thane,Maharashtra,India,2018-11-01,Active
CUS005066,INS000003,Darika,Tank,1994-08-05,Female,Jaipur,Rajasthan,India,2022-04-04,Active
CUS005067,INS000005,Dayamai,Agarwal,1983-06-30,Male,Nagpur,Maharashtra,India,2021-01-05,Active
CUS005068,INS000002,Sanaya,Contractor,1991-01-09,Male,Indore,Madhya Pradesh,India,2022-12-06,Active
CUS005069,INS000003,Bhavya,Ravi,1976-07-08,Male,Delhi,Delhi,India,2023-01-03,Active
CUS005070,INS000004,Pratyush,Halder,2003-08-27,Male,Chennai,Tamil Nadu,India,2020-05-03,Active
CUS005071,INS000002,Jacob,Kulkarni,1979-01-09,Male,Ahmedabad,Gujarat,India,2018-12-08,Active
CUS005072,INS000002,Karan,Dave,1958-10-30,Male,Kochi,Kerala,India,2021-03-30,Active
CUS005073,INS000002,Samaksh,Gour,2006-12-26,Male,Lucknow,Uttar Pradesh,India,2026-07-11,Active
CUS005074,INS000004,Aarush,Dar,1968-11-08,Male,Bhubaneswar,Odisha,India,2021-05-12,Active
CUS005075,INS000001,Zehaan,Kothari,1987-06-06,Male,Ahmedabad,Gujarat,India,2024-12-01,Active
CUS005076,INS000005,Advik,Deo,2004-01-31,Male,Bhopal,Madhya Pradesh,India,2024-12-04,Active
CUS005077,INS000003,Tara,Baria,1989-04-14,Female,Ahmedabad,Gujarat,India,2019-08-28,Active
CUS005078,INS000001,Widisha,Kashyap,2006-10-31,Female,Thane,Maharashtra,India,2022-07-21,Active
CUS005079,INS000003,Wishi,Krish,1950-11-17,Male,Indore,Madhya Pradesh,India,2021-06-19,Active
CUS005080,INS000005,Abdul,Batra,1983-03-18,Female,Kolkata,West Bengal,India,2025-09-15,Active
CUS005081,INS000004,Wakeeta,Bora,1952-04-04,Female,Bhopal,Madhya Pradesh,India,2022-12-16,Active
CUS005082,INS000002,Wazir,Rana,1975-01-22,Male,Nagpur,Maharashtra,India,2024-04-12,Inactive
CUS005083,INS000002,Teerth,Deol,1970-01-13,Female,Ahmedabad,Gujarat,India,2022-09-30,Active
CUS005084,INS000004,Vamakshi,Kamdar,2008-03-08,Female,Ahmedabad,Gujarat,India,2026-08-05,Active
CUS005085,INS000001,Sudiksha,Malhotra,1956-12-23,Female,Patna,Bihar,India,2019-05-17,Active
CUS005086,INS000001,Nimrat,Chowdhury,1952-10-30,Male,Kochi,Kerala,India,2026-04-12,Active
CUS005087,INS000003,Riya,Agate,1958-04-18,Female,Chandigarh,Chandigarh,India,2020-11-03,Active
CUS005088,INS000004,Fariq,Kade,1991-01-15,Male,Thane,Maharashtra,India,2023-01-05,Active
CUS005089,INS000001,Abeer,Choudhry,1950-11-19,Female,Nagpur,Maharashtra,India,2024-03-17,Active
CUS005090,INS000004,Yash,Atwal,2008-03-01,Other,Mumbai,Maharashtra,India,2020-12-28,Active
CUS005091,INS000005,Arunima,Sachdev,1951-12-11,Female,Patna,Bihar,India,2023-11-05,Inactive
CUS005092,INS000002,Sarthak,Chhabra,1961-05-01,Female,Nagpur,Maharashtra,India,2020-08-31,Active
CUS005093,INS000002,Chandran,Om,1983-03-20,Male,Surat,Gujarat,India,2025-08-22,Active
CUS005094,INS000002,Qasim,Jhaveri,1968-09-04,Other,Nagpur,Maharashtra,India,2019-12-19,Active
CUS005095,INS000004,Manbir,Sekhon,1970-07-09,Female,Bhopal,Madhya Pradesh,India,2019-12-20,Active
CUS005096,INS000004,Christopher,Dhawan,2001-11-30,Male,Chennai,Tamil Nadu,India,2022-11-24,Active
CUS005097,INS000003,Ikshita,Din,1958-09-05,Female,Bhubaneswar,Odisha,India,2026-05-13,Active
CUS005098,INS000002,Balhaar,Dasgupta,1977-07-06,Male,Ahmedabad,Gujarat,India,2020-08-19,Inactive
CUS005099,INS000003,Maanav,Pillay,1965-12-17,Male,Indore,Madhya Pradesh,India,2025-02-18,Active
CUS005100,INS000002,Bachittar,Nair,1990-04-05,Female,Lucknow,Uttar Pradesh,India,2018-09-01,Active
CUS005101,INS000003,Chanchal,Roy,1989-08-06,Male,Chandigarh,Chandigarh,India,2021-11-10,Active
CUS005102,INS000003,Garima,Radhakrishnan,1964-02-02,Female,Indore,Madhya Pradesh,India,2026-04-12,Active
CUS005103,INS000005,Gagan,Venkataraman,1963-08-01,Male,Jaipur,Rajasthan,India,2019-05-08,Active
CUS005104,INS000003,Chandran,Maharaj,1979-02-08,Male,Patna,Bihar,India,2024-03-04,Active
CUS005105,INS000004,Ikbal,Sawhney,2000-05-23,Other,Hyderabad,Telangana,India,2025-05-07,Active
CUS005106,INS000003,Omaja,Jaggi,1994-08-04,Male,Indore,Madhya Pradesh,India,2024-03-15,Active
CUS005107,INS000002,Pranav,Dhingra,1961-07-05,Female,Bhubaneswar,Odisha,India,2022-06-26,Active
CUS005108,INS000003,Neel,Jhaveri,1996-11-08,Female,Mysuru,Karnataka,India,2019-09-17,Active
CUS005109,INS000001,Bhavani,Ramachandran,1992-08-23,Female,Mysuru,Karnataka,India,2021-06-30,Active
CUS005110,INS000002,Peter,Pandit,1956-06-07,Female,Mysuru,Karnataka,India,2025-02-22,Active
CUS005111,INS000001,Tamanna,Guha,1958-11-07,Female,Lucknow,Uttar Pradesh,India,2022-12-17,Active
CUS005112,INS000002,Jagvi,Kibe,1988-09-11,Male,Pune,Maharashtra,India,2025-01-03,Active
CUS005113,INS000004,Balendra,Suri,1984-01-06,Female,Ahmedabad,Gujarat,India,2025-12-01,Active
CUS005114,INS000004,Girik,Suresh,1966-07-16,Male,Chennai,Tamil Nadu,India,2026-05-05,Active
CUS005115,INS000004,Chandani,Mahal,2000-12-31,Female,Hyderabad,Telangana,India,2021-11-09,Active
CUS005116,INS000001,Ekantika,Sarkar,1973-11-12,Female,Indore,Madhya Pradesh,India,2024-12-13,Active
CUS005117,INS000005,Jyoti,Bawa,1961-04-23,Female,Lucknow,Uttar Pradesh,India,2025-11-24,Active
CUS005118,INS000002,Ladli,Krishnan,1977-04-28,Female,Ahmedabad,Gujarat,India,2020-10-04,Active
CUS005119,INS000004,Ekansh,Aggarwal,1965-12-03,Female,Chandigarh,Chandigarh,India,2018-10-21,Active
CUS005120,INS000002,Prisha,Sant,1982-07-31,Female,Lucknow,Uttar Pradesh,India,2019-03-01,Active
CUS005121,INS000001,Dhruv,Sheth,1999-05-08,Female,Pune,Maharashtra,India,2023-12-13,Active
CUS005122,INS000005,Brinda,Dutt,1972-08-28,Male,Chandigarh,Chandigarh,India,2025-01-31,Active
CUS005123,INS000001,Urishilla,Bhat,1961-03-23,Male,Kochi,Kerala,India,2019-11-09,Active
CUS005124,INS000002,Krish,Bhasin,1989-05-03,Female,Delhi,Delhi,India,2023-09-11,Inactive
CUS005125,INS000005,Jairaj,Shanker,1957-01-14,Female,Thane,Maharashtra,India,2024-03-25,Active
CUS005126,INS000005,Anvi,Viswanathan,1953-07-25,Male,Pune,Maharashtra,India,2026-07-13,Active
CUS005127,INS000001,Forum,Mann,1971-09-07,Male,Patna,Bihar,India,2025-04-09,Active
CUS005128,INS000004,Odika,Jani,1963-07-24,Male,Kochi,Kerala,India,2019-06-11,Active
CUS005129,INS000002,Shaurya,Sachdev,1961-10-05,Other,Bengaluru,Karnataka,India,2024-02-16,Active
CUS005130,INS000003,Shaurya,Choudhry,1992-01-25,Female,Jaipur,Rajasthan,India,2019-01-09,Active
CUS005131,INS000003,Dalbir,Mani,1970-11-27,Male,Kochi,Kerala,India,2021-10-11,Active
CUS005132,INS000001,Ikbal,Dhaliwal,1967-07-27,Male,Mysuru,Karnataka,India,2024-07-09,Active
CUS005133,INS000002,Gagan,Mander,2005-12-19,Male,Chennai,Tamil Nadu,India,2018-10-14,Active
CUS005134,INS000002,Veda,Mammen,1965-08-27,Male,Hyderabad,Telangana,India,2026-02-07,Active
CUS005135,INS000001,Bhavna,Goel,1994-06-26,Male,Hyderabad,Telangana,India,2021-10-19,Inactive
CUS005136,INS000002,Prisha,Sandhu,2007-04-04,Female,Jaipur,Rajasthan,India,2023-10-18,Active
CUS005137,INS000004,Edhitha,Atwal,1996-11-23,Other,Hyderabad,Telangana,India,2024-05-12,Active
CUS005138,INS000001,Aashi,Solanki,1998-05-20,Male,Jaipur,Rajasthan,India,2021-11-14,Active
CUS005139,INS000004,Irya,Wagle,1986-11-24,Male,Indore,Madhya Pradesh,India,2020-01-19,Active
CUS005140,INS000002,Kai,Bhattacharyya,1984-07-04,Male,Hyderabad,Telangana,India,2021-08-12,Active
CUS005141,INS000001,Watika,Sha,1969-05-27,Male,Chennai,Tamil Nadu,India,2020-10-08,Active
CUS005142,INS000002,Zinal,Pall,1955-02-23,Male,Mumbai,Maharashtra,India,2020-01-17,Active
CUS005143,INS000001,Widisha,Mitter,1989-03-15,Male,Kolkata,West Bengal,India,2018-10-01,Active
CUS005144,INS000002,Waida,Kapur,2004-02-23,Male,Bhubaneswar,Odisha,India,2018-12-23,Active
CUS005145,INS000004,Pranit,Sengupta,1970-07-22,Female,Mumbai,Maharashtra,India,2020-02-28,Active
CUS005146,INS000004,Viraj,Iyer,1971-05-03,Female,Patna,Bihar,India,2024-11-14,Active
CUS005147,INS000002,Bina,Majumdar,1994-06-09,Female,Hyderabad,Telangana,India,2019-02-22,Active
CUS005148,INS000001,Rishi,Sood,1963-05-10,Male,Bhopal,Madhya Pradesh,India,2018-11-17,Active
CUS005149,INS000003,Aarav,Ramakrishnan,1976-12-01,Female,Lucknow,Uttar Pradesh,India,2023-05-02,Active
CUS005150,INS000004,Jagat,Madan,1952-05-31,Other,Bhubaneswar,Odisha,India,2020-11-06,Active
CUS005151,INS000004,Arjun,Dyal,1994-12-18,Male,Nagpur,Maharashtra,India,2020-04-25,Active
CUS005152,INS000003,Udyati,Srinivasan,1958-06-22,Male,Bhopal,Madhya Pradesh,India,2023-04-13,Active
CUS005153,INS000002,Jacob,Kannan,1961-06-01,Female,Hyderabad,Telangana,India,2024-07-29,Active
CUS005154,INS000001,Sarthak,Sarma,1999-08-16,Male,Indore,Madhya Pradesh,India,2026-07-19,Active
CUS005155,INS000002,Oeshi,Deol,1974-09-18,Male,Bhopal,Madhya Pradesh,India,2018-08-20,Active
CUS005156,INS000005,Odika,Badal,1962-03-10,Female,Chandigarh,Chandigarh,India,2021-05-09,Inactive
CUS005157,INS000004,Chakradev,Keer,1976-04-02,Female,Lucknow,Uttar Pradesh,India,2022-01-31,Active
CUS005158,INS000005,Gauri,Sunder,1972-12-11,Male,Ahmedabad,Gujarat,India,2022-11-06,Active
CUS005159,INS000004,Inaya,Rajagopalan,2008-06-20,Female,Kolkata,West Bengal,India,2021-09-22,Active
CUS005160,INS000004,Simon,Kanda,1958-09-29,Female,Hyderabad,Telangana,India,2019-10-14,Active
CUS005161,INS000005,Advay,Upadhyay,1955-08-22,Male,Bhubaneswar,Odisha,India,2023-03-09,Active
CUS005162,INS000005,Saksham,Dhillon,1969-01-05,Female,Delhi,Delhi,India,2021-10-01,Active
CUS005163,INS000002,Baghyawati,Choudhary,1978-03-10,Male,Chennai,Tamil Nadu,India,2019-08-03,Active
CUS005164,INS000005,Aachal,Loyal,2006-06-22,Male,Bhopal,Madhya Pradesh,India,2025-12-31,Active
CUS005165,INS000002,Ekansh,Prabhakar,1992-04-24,Female,Nagpur,Maharashtra,India,2019-12-26,Active
CUS005166,INS000002,Darika,Vig,1994-10-29,Male,Nagpur,Maharashtra,India,2020-10-25,Active
CUS005167,INS000002,Charita,Kumar,1993-12-08,Male,Patna,Bihar,India,2026-08-05,Active
CUS005168,INS000004,Yashawini,Chaudhary,1994-09-28,Male,Bhopal,Madhya Pradesh,India,2022-04-07,Active
CUS005169,INS000004,Ekiya,Magar,1965-07-11,Female,Thane,Maharashtra,India,2024-11-07,Active
CUS005170,INS000005,Abeer,Varty,1956-06-27,Female,Ahmedabad,Gujarat,India,2025-01-11,Active
CUS005171,INS000004,Ishaan,Mukherjee,1994-04-16,Male,Mysuru,Karnataka,India,2024-01-01,Active
CUS005172,INS000005,Gauri,Raval,1952-04-08,Female,Pune,Maharashtra,India,2019-02-23,Active
CUS005173,INS000004,Harita,Bahri,1965-07-15,Male,Jaipur,Rajasthan,India,2025-06-29,Active
CUS005174,INS000001,Meghana,Bhatnagar,1957-06-23,Female,Lucknow,Uttar Pradesh,India,2023-02-26,Active
CUS005175,INS000001,Ayush,Chhabra,2007-03-12,Male,Ahmedabad,Gujarat,India,2018-11-24,Active
CUS005176,INS000005,Parth,Khurana,1988-08-04,Female,Pune,Maharashtra,India,2025-12-01,Inactive
CUS005177,INS000004,Rishi,Mandal,1973-05-08,Other,Jaipur,Rajasthan,India,2021-01-26,Active
CUS005178,INS000004,Ganga,Krishnan,1951-06-03,Female,Indore,Madhya Pradesh,India,2021-09-18,Active
CUS005179,INS000002,Hamsini,Konda,1986-08-24,Male,Hyderabad,Telangana,India,2018-09-27,Active
CUS005180,INS000003,Varenya,Wagle,1954-01-13,Female,Mumbai,Maharashtra,India,2022-02-22,Active
CUS005181,INS000005,Urvi,Goswami,1983-09-21,Male,Hyderabad,Telangana,India,2026-01-18,Active
CUS005182,INS000003,Balendra,Taneja,1955-06-19,Female,Thane,Maharashtra,India,2024-06-14,Active
CUS005183,INS000003,Laban,Wadhwa,1998-11-15,Male,Chandigarh,Chandigarh,India,2022-05-28,Active
CUS005184,INS000005,Vasatika,Aggarwal,1964-07-19,Male,Bengaluru,Karnataka,India,2023-03-20,Active
CUS005185,INS000004,Nachiket,Dixit,1996-06-05,Male,Thane,Maharashtra,India,2019-03-18,Active
CUS005186,INS000005,Triveni,Bahri,1964-03-22,Male,Lucknow,Uttar Pradesh,India,2022-02-02,Active
CUS005187,INS000003,Gautami,Narang,1986-06-22,Female,Mysuru,Karnataka,India,2022-06-01,Active
CUS005188,INS000004,Turvi,Saini,1970-02-02,Female,Lucknow,Uttar Pradesh,India,2020-11-07,Active
CUS005189,INS000001,Odika,Om,1954-11-17,Female,Thane,Maharashtra,India,2019-10-14,Active
CUS005190,INS000005,Daksh,Agarwal,1993-10-18,Female,Mumbai,Maharashtra,India,2023-08-13,Inactive
CUS005191,INS000005,Chandani,Srivastava,2005-03-07,Female,Pune,Maharashtra,India,2020-08-19,Active
CUS005192,INS000004,Diya,Hari,1968-08-16,Male,Nagpur,Maharashtra,India,2026-03-21,Active
CUS005193,INS000001,Anirudh,Grover,1952-06-26,Male,Kochi,Kerala,India,2019-05-25,Active
CUS005194,INS000001,Sathvik,Chopra,1969-09-26,Male,Kochi,Kerala,India,2018-10-19,Active
CUS005195,INS000004,Garima,Mohan,1986-04-21,Male,Surat,Gujarat,India,2023-11-07,Active
CUS005196,INS000002,Irya,Sandal,1984-10-30,Male,Delhi,Delhi,India,2024-10-14,Active
CUS005197,INS000005,Dominic,Krishnamurthy,1958-11-20,Male,Nagpur,Maharashtra,India,2025-07-05,Active
CUS005198,INS000005,Manthan,Magar,1998-03-19,Male,Lucknow,Uttar Pradesh,India,2026-04-29,Active
CUS005199,INS000003,Avni,Iyengar,2003-08-21,Male,Chandigarh,Chandigarh,India,2023-11-28,Active
CUS005200,INS000004,Azaan,Ratti,1991-06-06,Female,Nagpur,Maharashtra,India,2025-03-03,Active
CUS005201,INS000003,Harinakshi,Parikh,1974-11-21,Male,Chandigarh,Chandigarh,India,2023-05-19,Active
CUS005202,INS000003,Keya,Char,1963-10-19,Female,Chandigarh,Chandigarh,India,2025-03-17,Inactive
CUS005203,INS000001,Noah,Rai,1997-03-23,Female,Indore,Madhya Pradesh,India,2018-09-06,Active
CUS005204,INS000005,Lopa,Sodhi,2005-07-25,Female,Pune,Maharashtra,India,2019-01-22,Active
CUS005205,INS000003,Rachit,Hayre,2005-10-31,Male,Kolkata,West Bengal,India,2022-09-28,Active
CUS005206,INS000001,Jackson,Konda,1963-02-02,Male,Chennai,Tamil Nadu,India,2020-05-16,Active
CUS005207,INS000004,Darika,Nair,1995-12-09,Male,Kolkata,West Bengal,India,2023-02-10,Inactive
CUS005208,INS000003,Divya,Bath,1998-08-12,Male,Chandigarh,Chandigarh,India,2019-12-26,Active
CUS005209,INS000005,Azad,Nayar,1981-05-26,Male,Chennai,Tamil Nadu,India,2019-07-08,Active
CUS005210,INS000003,Anita,Parikh,1982-11-07,Female,Nagpur,Maharashtra,India,2024-07-28,Active
CUS005211,INS000004,Odika,Sinha,2006-02-14,Female,Bengaluru,Karnataka,India,2024-06-01,Active
CUS005212,INS000003,Gabriel,Khosla,1968-07-01,Female,Mysuru,Karnataka,India,2019-09-29,Active
CUS005213,INS000005,Watika,Walia,1970-07-24,Male,Bhubaneswar,Odisha,India,2022-07-08,Active
CUS005214,INS000001,Wazir,Nath,2004-11-16,Male,Surat,Gujarat,India,2021-12-05,Active
CUS005215,INS000005,Kamya,Tailor,1988-09-27,Female,Thane,Maharashtra,India,2025-10-18,Active
CUS005216,INS000001,Siya,Kari,1988-04-24,Male,Kolkata,West Bengal,India,2023-12-04,Active
CUS005217,INS000002,Chasmum,Sankar,1953-12-01,Female,Ahmedabad,Gujarat,India,2023-02-25,Active
CUS005218,INS000005,Tarak,Babu,1972-01-08,Female,Bhopal,Madhya Pradesh,India,2019-08-17,Active
CUS005219,INS000005,Chasmum,Bose,1997-12-04,Male,Surat,Gujarat,India,2019-08-16,Active
CUS005220,INS000004,Parth,Chauhan,1973-11-04,Male,Jaipur,Rajasthan,India,2024-02-29,Active
CUS005221,INS000003,Isaac,Devan,1971-11-05,Male,Kolkata,West Bengal,India,2024-12-26,Active
CUS005222,INS000001,Kavya,Kashyap,2000-06-04,Male,Surat,Gujarat,India,2024-09-05,Active
CUS005223,INS000001,Baljiwan,Roy,1958-12-30,Male,Bhubaneswar,Odisha,India,2021-12-20,Active
CUS005224,INS000004,Saksham,Bassi,1960-10-16,Male,Bhubaneswar,Odisha,India,2025-09-01,Active
CUS005225,INS000004,George,Jayaraman,1992-07-01,Male,Bhopal,Madhya Pradesh,India,2018-12-30,Active
CUS005226,INS000003,Sachi,Sibal,1956-10-23,Female,Bengaluru,Karnataka,India,2018-10-29,Active
CUS005227,INS000003,Yashawini,Sachar,1965-05-30,Female,Chennai,Tamil Nadu,India,2025-05-27,Active
CUS005228,INS000005,Aryan,Warrior,1977-12-10,Male,Bengaluru,Karnataka,India,2025-11-05,Active
CUS005229,INS000002,Vasudha,Bora,1995-02-04,Female,Lucknow,Uttar Pradesh,India,2024-03-31,Active
CUS005230,INS000003,Xiti,Chauhan,1976-03-18,Female,Nagpur,Maharashtra,India,2021-06-25,Active
CUS005231,INS000004,Mitesh,Sastry,1977-08-30,Female,Kolkata,West Bengal,India,2019-11-27,Active
CUS005232,INS000003,Ranveer,Deshmukh,1985-10-09,Female,Bhopal,Madhya Pradesh,India,2019-07-16,Active
CUS005233,INS000001,Harini,Kant,1954-04-23,Male,Bengaluru,Karnataka,India,2020-05-17,Active
CUS005234,INS000002,Veda,Kala,1992-04-06,Male,Mumbai,Maharashtra,India,2020-11-05,Active
CUS005235,INS000005,Dayita,Kamdar,1967-08-02,Female,Lucknow,Uttar Pradesh,India,2025-04-05,Active
CUS005236,INS000001,Falak,Prabhakar,1952-01-04,Female,Surat,Gujarat,India,2024-03-23,Active
CUS005237,INS000001,Luke,Chatterjee,1967-02-22,Female,Delhi,Delhi,India,2024-02-24,Active
CUS005238,INS000002,Guneet,Bansal,1965-08-10,Other,Patna,Bihar,India,2022-01-12,Active
CUS005239,INS000005,Zaitra,Kunda,2002-07-12,Female,Kolkata,West Bengal,India,2021-11-12,Active
CUS005240,INS000004,Kevin,Apte,1980-11-02,Male,Chandigarh,Chandigarh,India,2021-10-03,Active
CUS005241,INS000005,Samesh,Rege,1991-08-16,Male,Indore,Madhya Pradesh,India,2023-06-06,Active
CUS005242,INS000003,Balhaar,Dara,1988-02-14,Male,Bhubaneswar,Odisha,India,2019-03-28,Active
CUS005243,INS000001,Tripti,Mand,1965-01-10,Female,Jaipur,Rajasthan,India,2022-08-09,Active
CUS005244,INS000003,Lila,Sengupta,2001-10-23,Female,Kochi,Kerala,India,2025-04-29,Inactive
CUS005245,INS000004,Jack,Kadakia,1972-03-16,Female,Pune,Maharashtra,India,2019-09-19,Active
CUS005246,INS000003,Aayush,Chander,2003-09-10,Female,Surat,Gujarat,India,2025-12-18,Active
CUS005247,INS000005,Deepa,Oak,1955-07-04,Female,Nagpur,Maharashtra,India,2021-09-07,Active
CUS005248,INS000003,Chaitanya,Khalsa,1952-10-23,Female,Mumbai,Maharashtra,India,2020-07-12,Active
CUS005249,INS000004,Gagan,Dani,1988-06-26,Female,Bhopal,Madhya Pradesh,India,2026-01-27,Inactive
CUS005250,INS000004,Gauri,Chander,1959-09-11,Male,Delhi,Delhi,India,2022-07-21,Active
CUS005251,INS000004,Unni,Krishna,2007-07-09,Female,Hyderabad,Telangana,India,2023-09-11,Active
CUS005252,INS000005,Chakradhar,Yadav,1978-08-30,Female,Bhopal,Madhya Pradesh,India,2023-07-02,Active
CUS005253,INS000004,Harshil,Khosla,1957-06-26,Male,Bhopal,Madhya Pradesh,India,2022-06-02,Active
CUS005254,INS000001,Devika,Basu,1987-11-13,Male,Ahmedabad,Gujarat,India,2020-10-14,Active
CUS005255,INS000004,Arin,Soni,1969-03-14,Female,Surat,Gujarat,India,2022-05-05,Active
CUS005256,INS000003,Devika,Malhotra,1974-04-07,Male,Mysuru,Karnataka,India,2025-10-04,Active
CUS005257,INS000003,Shaurya,Ganesh,1990-03-27,Male,Bhopal,Madhya Pradesh,India,2022-04-14,Active
CUS005258,INS000003,Ekani,Ahuja,1957-04-02,Male,Indore,Madhya Pradesh,India,2021-12-13,Active
CUS005259,INS000005,Sai,Suri,1989-08-23,Female,Hyderabad,Telangana,India,2021-08-18,Active
CUS005260,INS000003,Reyansh,Kalita,1977-09-23,Female,Bhubaneswar,Odisha,India,2021-12-23,Active
CUS005261,INS000005,Bhavini,Sabharwal,1957-12-09,Male,Nagpur,Maharashtra,India,2021-08-13,Active
CUS005262,INS000005,Aradhana,Narayanan,2002-12-28,Male,Chandigarh,Chandigarh,India,2026-01-31,Active
CUS005263,INS000004,Eiravati,Chaudhry,2006-04-12,Other,Bhopal,Madhya Pradesh,India,2025-01-13,Active
CUS005264,INS000001,Ridhi,Chakrabarti,1997-07-08,Female,Ahmedabad,Gujarat,India,2026-04-25,Active
CUS005265,INS000004,Jacob,Thakur,2003-05-14,Female,Delhi,Delhi,India,2024-04-25,Active
CUS005266,INS000004,Anjali,Karnik,1962-12-28,Male,Mumbai,Maharashtra,India,2020-05-11,Active
CUS005267,INS000005,Manthan,Mall,1959-12-25,Male,Hyderabad,Telangana,India,2024-03-22,Inactive
CUS005268,INS000005,Nakul,Acharya,1957-01-26,Male,Bengaluru,Karnataka,India,2019-06-05,Active
CUS005269,INS000003,Anusha,Sane,1975-05-22,Female,Bengaluru,Karnataka,India,2025-12-08,Active
CUS005270,INS000003,Ishwar,Palla,1990-05-08,Male,Mumbai,Maharashtra,India,2024-09-18,Active
CUS005271,INS000004,Alexander,Parikh,1955-06-09,Male,Mysuru,Karnataka,India,2024-11-16,Active
CUS005272,INS000002,Yoshita,Sethi,1953-09-15,Male,Kolkata,West Bengal,India,2026-03-30,Active
CUS005273,INS000002,Harsh,Gala,1979-10-19,Male,Lucknow,Uttar Pradesh,India,2025-11-16,Active
CUS005274,INS000003,Samuel,Bala,1963-11-10,Female,Nagpur,Maharashtra,India,2020-04-19,Active
CUS005275,INS000002,Inaya,Chatterjee,1986-06-24,Male,Bhopal,Madhya Pradesh,India,2021-01-05,Active
CUS005276,INS000003,Eiravati,Bail,1959-09-10,Female,Kolkata,West Bengal,India,2019-09-26,Active
CUS005277,INS000005,Anika,Maharaj,1985-01-13,Female,Delhi,Delhi,India,2019-06-27,Active
CUS005278,INS000004,Lohit,Hans,1964-11-17,Male,Nagpur,Maharashtra,India,2026-07-20,Active
CUS005279,INS000001,Bhanumati,Gera,1983-07-02,Female,Hyderabad,Telangana,India,2020-08-24,Active
CUS005280,INS000004,Yash,Dugar,1954-12-24,Other,Bhubaneswar,Odisha,India,2021-06-04,Active
CUS005281,INS000003,Onveer,Kaur,1969-04-17,Other,Hyderabad,Telangana,India,2024-03-19,Active
CUS005282,INS000003,Ekavir,Bath,1963-03-27,Male,Kochi,Kerala,India,2025-07-30,Active
CUS005283,INS000004,Deepa,Gola,1977-04-23,Male,Indore,Madhya Pradesh,India,2020-11-13,Active
CUS005284,INS000003,Hamsini,Hayre,1995-09-23,Male,Ahmedabad,Gujarat,India,2026-08-02,Active
CUS005285,INS000002,Sachi,Kadakia,1957-03-17,Female,Pune,Maharashtra,India,2024-02-17,Inactive
CUS005286,INS000002,Chandresh,Hora,1952-02-28,Female,Indore,Madhya Pradesh,India,2019-09-01,Active
CUS005287,INS000003,Kalpit,Deo,1958-07-17,Female,Bengaluru,Karnataka,India,2021-01-18,Inactive
CUS005288,INS000003,Ayush,Merchant,1980-05-27,Male,Jaipur,Rajasthan,India,2019-05-12,Active
CUS005289,INS000002,Urishilla,Sharma,1976-10-09,Male,Chandigarh,Chandigarh,India,2018-09-24,Active
CUS005290,INS000003,Chandresh,Bhat,1950-08-28,Female,Lucknow,Uttar Pradesh,India,2023-03-06,Inactive
CUS005291,INS000003,Hitesh,Sengupta,1987-12-03,Female,Thane,Maharashtra,India,2020-02-18,Active
CUS005292,INS000004,Leela,Kara,1970-09-07,Female,Ahmedabad,Gujarat,India,2026-02-26,Inactive
CUS005293,INS000001,Chatura,Desai,1985-02-07,Male,Hyderabad,Telangana,India,2018-12-11,Active
CUS005294,INS000002,Gabriel,Balay,1986-06-28,Male,Nagpur,Maharashtra,India,2019-01-09,Inactive
CUS005295,INS000004,Pooja,Dalal,1992-11-18,Male,Ahmedabad,Gujarat,India,2025-05-05,Active
CUS005296,INS000001,Manya,Jayaraman,1972-03-30,Male,Lucknow,Uttar Pradesh,India,2019-05-27,Active
CUS005297,INS000003,Praneel,Peri,1961-12-30,Male,Hyderabad,Telangana,India,2023-07-19,Active
CUS005298,INS000003,Sanaya,Mistry,1965-05-08,Male,Delhi,Delhi,India,2023-01-31,Active
CUS005299,INS000004,Ishani,Sankaran,1969-01-12,Male,Bhubaneswar,Odisha,India,2021-12-24,Active
CUS005300,INS000003,Devika,Dube,1951-03-15,Male,Delhi,Delhi,India,2019-03-16,Active
CUS005301,INS000005,Gaurangi,Bhatnagar,2007-12-01,Male,Mumbai,Maharashtra,India,2020-12-10,Active
CUS005302,INS000004,Rudra,Dutt,1950-12-10,Female,Kolkata,West Bengal,India,2023-04-02,Inactive
CUS005303,INS000001,Farhan,Som,1995-08-13,Male,Kolkata,West Bengal,India,2021-03-07,Active
CUS005304,INS000004,Udyati,Radhakrishnan,1972-06-25,Female,Pune,Maharashtra,India,2023-12-06,Active
CUS005305,INS000002,Karan,Amble,1997-05-27,Female,Bhopal,Madhya Pradesh,India,2022-11-23,Active
CUS005306,INS000004,Girik,Garg,1964-10-02,Female,Bhubaneswar,Odisha,India,2020-06-01,Active
CUS005307,INS000003,Upadhriti,Prasad,1979-04-11,Female,Lucknow,Uttar Pradesh,India,2021-11-26,Active
CUS005308,INS000003,Gunbir,Banerjee,1986-02-24,Male,Bhubaneswar,Odisha,India,2020-03-27,Active
CUS005309,INS000005,Tamanna,Walia,2002-01-19,Female,Surat,Gujarat,India,2022-04-05,Active
CUS005310,INS000005,Dayita,Gill,1993-10-19,Female,Surat,Gujarat,India,2024-08-12,Active
CUS005311,INS000005,Udyati,Salvi,1968-07-24,Female,Ahmedabad,Gujarat,India,2018-11-22,Active
CUS005312,INS000001,Upma,Chopra,1970-09-06,Male,Bhubaneswar,Odisha,India,2022-04-09,Active
CUS005313,INS000005,Vincent,Chad,1953-10-22,Male,Delhi,Delhi,India,2022-11-29,Active
CUS005314,INS000001,Udarsh,Dugar,1985-01-29,Male,Mysuru,Karnataka,India,2024-09-22,Active
CUS005315,INS000005,Maanas,Kakar,1979-10-11,Female,Pune,Maharashtra,India,2019-05-01,Active
CUS005316,INS000001,Aarna,Bora,1976-11-07,Female,Surat,Gujarat,India,2022-12-11,Active
CUS005317,INS000004,Januja,Dube,1973-08-08,Male,Lucknow,Uttar Pradesh,India,2022-08-01,Active
CUS005318,INS000004,Manya,Sagar,1964-05-22,Female,Bengaluru,Karnataka,India,2018-11-20,Active
CUS005319,INS000003,Qadim,Chopra,1995-10-16,Female,Patna,Bihar,India,2025-10-25,Active
CUS005320,INS000001,Ganga,Saran,1966-05-22,Male,Hyderabad,Telangana,India,2021-04-03,Active
CUS005321,INS000002,Ekta,Karnik,1985-09-01,Female,Thane,Maharashtra,India,2023-11-12,Active
CUS005322,INS000003,Sudiksha,Ganesan,1992-04-17,Female,Indore,Madhya Pradesh,India,2026-04-07,Active
CUS005323,INS000004,Vinaya,Lata,1962-07-14,Male,Bhopal,Madhya Pradesh,India,2026-08-04,Active
CUS005324,INS000001,Ayushman,Venkatesh,1974-04-09,Female,Pune,Maharashtra,India,2020-10-11,Inactive
CUS005325,INS000005,Dhruv,Wali,1990-08-10,Male,Indore,Madhya Pradesh,India,2026-04-19,Active
CUS005326,INS000002,Vaishnavi,Narayan,1990-01-03,Female,Chandigarh,Chandigarh,India,2019-07-02,Inactive
CUS005327,INS000004,Isaiah,Sethi,1967-11-11,Female,Mumbai,Maharashtra,India,2025-11-20,Active
CUS005328,INS000003,Indali,Dugar,1954-08-04,Female,Kochi,Kerala,India,2026-06-02,Active
CUS005329,INS000001,Varenya,Walia,1991-11-03,Male,Indore,Madhya Pradesh,India,2018-11-25,Active
CUS005330,INS000002,Triya,Kale,1959-01-30,Male,Ahmedabad,Gujarat,India,2024-05-27,Inactive
CUS005331,INS000001,Onkar,Sen,1996-05-08,Male,Bhopal,Madhya Pradesh,India,2023-06-18,Active
CUS005332,INS000005,Barkha,Sandal,1982-01-07,Female,Chennai,Tamil Nadu,India,2020-12-26,Active
CUS005333,INS000003,Ijaya,Gera,1956-03-08,Male,Ahmedabad,Gujarat,India,2026-05-08,Active
CUS005334,INS000001,Joshua,Saxena,1954-12-24,Female,Pune,Maharashtra,India,2019-10-18,Active
CUS005335,INS000004,Yashoda,Mallick,1964-09-23,Male,Kolkata,West Bengal,India,2025-02-22,Active
CUS005336,INS000003,Harshil,Mutti,1982-06-21,Male,Mumbai,Maharashtra,India,2023-12-03,Inactive
CUS005337,INS000004,Nidra,Lad,1958-04-07,Male,Hyderabad,Telangana,India,2023-02-02,Active
CUS005338,INS000001,Hredhaan,Kala,1960-08-09,Other,Patna,Bihar,India,2023-04-15,Active
CUS005339,INS000003,Eshana,Bahri,1953-05-30,Female,Bengaluru,Karnataka,India,2018-08-15,Active
CUS005340,INS000004,Ekavir,Hayre,1994-02-14,Male,Hyderabad,Telangana,India,2020-02-17,Active
CUS005341,INS000005,Chasmum,Ravi,1956-05-29,Male,Jaipur,Rajasthan,India,2024-12-05,Active
CUS005342,INS000005,Triya,Merchant,1964-10-14,Female,Bhopal,Madhya Pradesh,India,2019-10-05,Active
CUS005343,INS000001,Nandini,Prashad,1972-05-14,Male,Bengaluru,Karnataka,India,2024-08-28,Active
CUS005344,INS000003,Odika,Wason,1956-06-07,Female,Jaipur,Rajasthan,India,2025-04-16,Active
CUS005345,INS000002,William,Shroff,1968-08-11,Female,Bhubaneswar,Odisha,India,2021-06-24,Inactive
CUS005346,INS000003,Yagnesh,Chand,1959-03-28,Female,Kolkata,West Bengal,India,2025-11-19,Active
CUS005347,INS000005,Nathan,D’Alia,1956-04-25,Female,Indore,Madhya Pradesh,India,2021-06-15,Active
CUS005348,INS000004,Vasatika,Date,1981-08-27,Female,Bhubaneswar,Odisha,India,2023-07-07,Inactive
CUS005349,INS000002,Leena,Bhagat,1982-04-28,Female,Surat,Gujarat,India,2025-11-27,Active
CUS005350,INS000001,Dominic,Karpe,1971-07-30,Female,Jaipur,Rajasthan,India,2021-07-19,Active
CUS005351,INS000002,Harini,Walla,1964-04-16,Female,Hyderabad,Telangana,India,2024-10-20,Active
CUS005352,INS000001,Sathvik,Chowdhury,1952-06-05,Male,Kochi,Kerala,India,2025-11-26,Active
CUS005353,INS000002,Raagini,Srinivas,1982-07-06,Male,Surat,Gujarat,India,2019-02-28,Active
CUS005354,INS000001,Radhika,Rana,1962-01-10,Male,Chennai,Tamil Nadu,India,2024-02-27,Active
CUS005355,INS000001,Hema,Deshmukh,1993-01-04,Female,Lucknow,Uttar Pradesh,India,2019-06-28,Active
CUS005356,INS000002,Warinder,Bera,2001-09-23,Female,Indore,Madhya Pradesh,India,2021-09-24,Active
CUS005357,INS000002,Oscar,Vasa,1989-08-01,Male,Chennai,Tamil Nadu,India,2021-03-07,Inactive
CUS005358,INS000001,Faras,Gole,1980-12-07,Male,Nagpur,Maharashtra,India,2025-01-05,Active
CUS005359,INS000005,Vidhi,Yohannan,1992-07-28,Male,Bhopal,Madhya Pradesh,India,2021-08-19,Active
CUS005360,INS000002,Ishwar,Kata,1987-07-23,Female,Nagpur,Maharashtra,India,2018-12-20,Active
CUS005361,INS000003,Ubika,Date,1963-06-29,Female,Delhi,Delhi,India,2022-12-20,Active
CUS005362,INS000004,Eshana,Khosla,1999-05-21,Female,Kolkata,West Bengal,India,2019-06-23,Active
CUS005363,INS000001,Gunbir,Bedi,1964-05-18,Male,Mysuru,Karnataka,India,2022-05-13,Active
CUS005364,INS000001,Sai,Trivedi,1983-05-23,Female,Kochi,Kerala,India,2018-08-08,Active
CUS005365,INS000004,Patrick,Borah,1989-04-27,Male,Hyderabad,Telangana,India,2019-08-22,Active
CUS005366,INS000005,Darika,Khurana,1955-08-02,Female,Jaipur,Rajasthan,India,2018-12-15,Active
CUS005367,INS000004,Nidra,Yohannan,2005-01-11,Male,Mumbai,Maharashtra,India,2020-08-04,Active
CUS005368,INS000002,Ekaraj,Chacko,1978-05-18,Female,Surat,Gujarat,India,2024-02-25,Active
CUS005369,INS000004,Ikbal,Nori,1964-11-03,Male,Mumbai,Maharashtra,India,2020-03-17,Active
CUS005370,INS000001,Ladli,Vohra,1972-08-30,Male,Indore,Madhya Pradesh,India,2020-03-13,Active
CUS005371,INS000004,Falak,Yogi,1951-05-02,Other,Hyderabad,Telangana,India,2019-03-02,Active
CUS005372,INS000003,Warda,Chander,1994-01-18,Male,Chandigarh,Chandigarh,India,2020-11-23,Active
CUS005373,INS000002,Darsh,Lad,1984-12-19,Male,Mysuru,Karnataka,India,2026-05-27,Active
CUS005374,INS000004,Gautam,Lal,1968-05-13,Female,Patna,Bihar,India,2024-03-01,Active
CUS005375,INS000001,Teerth,Natarajan,1978-10-17,Female,Chandigarh,Chandigarh,India,2023-07-31,Active
CUS005376,INS000002,Liam,Deshpande,1978-07-26,Male,Nagpur,Maharashtra,India,2022-05-11,Inactive
CUS005377,INS000001,Aadi,Gokhale,1953-04-12,Female,Indore,Madhya Pradesh,India,2019-11-07,Inactive
CUS005378,INS000005,Manan,Basu,1951-12-11,Female,Mumbai,Maharashtra,India,2019-03-02,Active
CUS005379,INS000003,Manthan,Sane,1958-02-08,Male,Chandigarh,Chandigarh,India,2021-12-12,Active
CUS005380,INS000005,Sneha,Swaminathan,1965-07-04,Male,Pune,Maharashtra,India,2019-03-10,Active
CUS005381,INS000003,Bishakha,Jha,1992-03-15,Male,Indore,Madhya Pradesh,India,2025-04-11,Active
CUS005382,INS000004,Madhavi,Dey,1995-11-15,Female,Ahmedabad,Gujarat,India,2026-07-01,Active
CUS005383,INS000002,Sanya,Kannan,2006-08-29,Male,Lucknow,Uttar Pradesh,India,2019-07-26,Active
CUS005384,INS000004,Rohan,Chakraborty,2003-07-29,Male,Indore,Madhya Pradesh,India,2019-02-08,Inactive
CUS005385,INS000003,Samesh,Vasa,1977-02-03,Female,Ahmedabad,Gujarat,India,2025-07-07,Active
CUS005386,INS000003,Edhitha,Divan,1975-10-03,Female,Hyderabad,Telangana,India,2025-06-23,Active
CUS005387,INS000003,Chandani,Sathe,1966-03-15,Male,Surat,Gujarat,India,2025-10-12,Active
CUS005388,INS000001,Daksha,Bora,1971-10-13,Female,Hyderabad,Telangana,India,2021-11-13,Active
CUS005389,INS000002,Radhika,Sami,1996-09-01,Male,Kolkata,West Bengal,India,2022-08-04,Active
CUS005390,INS000004,Hemangini,Buch,1996-09-05,Male,Pune,Maharashtra,India,2020-01-09,Active
CUS005391,INS000004,Gaurav,Nagy,1989-07-15,Female,Jaipur,Rajasthan,India,2019-07-11,Active
CUS005392,INS000005,Abhiram,Sharma,1999-03-15,Female,Kolkata,West Bengal,India,2022-07-20,Active
CUS005393,INS000003,Yashvi,Gala,1969-03-13,Male,Thane,Maharashtra,India,2022-06-05,Active
CUS005394,INS000003,Netra,Majumdar,1961-01-21,Female,Delhi,Delhi,India,2019-12-26,Active
CUS005395,INS000003,Joshua,Nazareth,1977-03-18,Female,Chennai,Tamil Nadu,India,2021-08-07,Active
CUS005396,INS000004,Chaitaly,Balan,1981-04-15,Male,Delhi,Delhi,India,2022-12-17,Active
CUS005397,INS000005,David,Bali,1955-04-18,Female,Patna,Bihar,India,2024-09-17,Active
CUS005398,INS000001,Kala,Apte,1956-12-27,Male,Hyderabad,Telangana,India,2020-08-29,Active
CUS005399,INS000002,Chatresh,Bala,1995-11-27,Other,Jaipur,Rajasthan,India,2018-12-07,Active
CUS005400,INS000001,Aadi,Bajwa,1994-04-21,Female,Mysuru,Karnataka,India,2020-03-26,Active
CUS005401,INS000004,Jagrati,Balasubramanian,1986-09-09,Male,Surat,Gujarat,India,2021-03-16,Inactive
CUS005402,INS000003,Imaran,Chacko,1996-12-01,Male,Chandigarh,Chandigarh,India,2023-04-10,Active
CUS005403,INS000002,Baghyawati,Naidu,1968-03-24,Male,Lucknow,Uttar Pradesh,India,2021-10-11,Active
CUS005404,INS000004,Azaan,Gala,1965-08-27,Male,Chandigarh,Chandigarh,India,2022-04-17,Active
CUS005405,INS000004,Wahab,Bumb,1971-09-04,Male,Lucknow,Uttar Pradesh,India,2019-04-22,Inactive
CUS005406,INS000004,Rachana,Butala,1985-09-20,Male,Bhubaneswar,Odisha,India,2023-11-30,Active
CUS005407,INS000002,Meera,Gupta,1958-10-28,Female,Mysuru,Karnataka,India,2019-10-25,Active
CUS005408,INS000002,Eesha,Srivastava,1973-07-15,Male,Bhubaneswar,Odisha,India,2020-03-22,Active
CUS005409,INS000005,Lavanya,Chaudhari,1970-03-25,Female,Lucknow,Uttar Pradesh,India,2025-06-30,Active
CUS005410,INS000005,Nidra,Sarna,1998-04-26,Female,Chandigarh,Chandigarh,India,2024-10-29,Active
CUS005411,INS000001,Lakshmi,Yohannan,1985-05-27,Male,Chandigarh,Chandigarh,India,2026-05-13,Active
CUS005412,INS000002,Radhika,Prabhu,1976-11-26,Female,Patna,Bihar,India,2025-10-12,Active
CUS005413,INS000002,Siddharth,Bhandari,1979-07-08,Male,Pune,Maharashtra,India,2020-01-29,Inactive
CUS005414,INS000002,Oscar,Bal,1964-04-22,Male,Hyderabad,Telangana,India,2020-03-08,Active
CUS005415,INS000005,Vaishnavi,Doctor,1976-06-23,Female,Bengaluru,Karnataka,India,2024-04-08,Active
CUS005416,INS000004,Liam,Pandit,1990-04-18,Male,Thane,Maharashtra,India,2021-08-25,Active
CUS005417,INS000003,Raghav,Munshi,1957-05-07,Female,Mysuru,Karnataka,India,2024-03-06,Active
CUS005418,INS000005,Leena,Raghavan,1994-05-28,Female,Mysuru,Karnataka,India,2019-08-17,Active
CUS005419,INS000002,Jagvi,Contractor,1979-08-30,Other,Mumbai,Maharashtra,India,2023-06-09,Active
CUS005420,INS000005,Omisha,Thaman,1974-09-08,Female,Bhubaneswar,Odisha,India,2026-04-13,Active
CUS005421,INS000001,Mitesh,Mann,1958-10-19,Female,Jaipur,Rajasthan,India,2025-12-23,Active
CUS005422,INS000002,Bhavya,Master,1975-04-16,Male,Bengaluru,Karnataka,India,2025-01-16,Active
CUS005423,INS000001,Jeremiah,Lal,1984-07-05,Male,Hyderabad,Telangana,India,2026-05-20,Active
CUS005424,INS000002,Krish,Dutta,1973-11-05,Female,Chandigarh,Chandigarh,India,2019-03-24,Inactive
CUS005425,INS000005,Advay,Chada,1958-05-26,Male,Chennai,Tamil Nadu,India,2020-06-01,Inactive
CUS005426,INS000004,Ekbal,Divan,1973-11-25,Male,Bhubaneswar,Odisha,India,2020-10-22,Inactive
CUS005427,INS000003,Amol,Zacharia,1998-09-11,Male,Mysuru,Karnataka,India,2025-06-25,Active
CUS005428,INS000001,Maanas,Sood,2004-03-04,Female,Lucknow,Uttar Pradesh,India,2018-09-19,Active
CUS005429,INS000005,Vidhi,Mani,1976-02-27,Male,Mysuru,Karnataka,India,2021-09-03,Inactive
CUS005430,INS000004,Rajeshri,Swaminathan,1963-04-16,Female,Ahmedabad,Gujarat,India,2019-03-20,Active
CUS005431,INS000005,Laban,Vig,1952-01-25,Male,Nagpur,Maharashtra,India,2026-03-06,Active
CUS005432,INS000001,Frado,Bose,1971-09-06,Male,Indore,Madhya Pradesh,India,2021-12-14,Active
CUS005433,INS000003,Laksh,Dora,1962-08-20,Male,Surat,Gujarat,India,2019-07-03,Active
CUS005434,INS000005,Ojasvi,Gill,1956-04-23,Male,Mumbai,Maharashtra,India,2019-08-26,Active
CUS005435,INS000002,Tamanna,Mani,1982-03-07,Female,Delhi,Delhi,India,2021-05-06,Active
CUS005436,INS000004,Pavani,Thaker,2000-01-09,Male,Bhopal,Madhya Pradesh,India,2026-06-26,Active
CUS005437,INS000005,Pranit,Basak,1978-04-25,Male,Patna,Bihar,India,2020-10-20,Active
CUS005438,INS000004,Suhani,Murthy,1967-03-21,Female,Chandigarh,Chandigarh,India,2023-01-24,Active
CUS005439,INS000002,Yashodhara,Raghavan,2008-03-07,Female,Chandigarh,Chandigarh,India,2020-08-30,Active
CUS005440,INS000003,Panini,Singh,1960-03-22,Male,Lucknow,Uttar Pradesh,India,2022-03-20,Active
CUS005441,INS000003,Shivani,Baria,1958-09-16,Male,Mysuru,Karnataka,India,2020-05-11,Active
CUS005442,INS000002,Leena,Tripathi,1990-06-21,Other,Indore,Madhya Pradesh,India,2020-03-14,Active
CUS005443,INS000004,Isha,Saran,2004-05-27,Female,Pune,Maharashtra,India,2025-11-10,Active
CUS005444,INS000005,Upkaar,Sibal,1994-10-06,Male,Thane,Maharashtra,India,2018-10-28,Active
CUS005445,INS000002,Quincy,Bal,1967-05-06,Male,Bhopal,Madhya Pradesh,India,2020-12-20,Active
CUS005446,INS000001,Panini,Basu,1972-09-07,Male,Chennai,Tamil Nadu,India,2019-06-22,Active
CUS005447,INS000004,Abhimanyu,Bawa,1954-08-05,Male,Chandigarh,Chandigarh,India,2020-03-20,Active
CUS005448,INS000003,Wishi,Agate,1967-11-01,Female,Lucknow,Uttar Pradesh,India,2024-01-31,Active
CUS005449,INS000002,Warjas,Lal,1973-04-11,Female,Kolkata,West Bengal,India,2021-07-22,Active
CUS005450,INS000003,Yachana,Korpal,1972-09-18,Male,Bhubaneswar,Odisha,India,2020-04-15,Active
CUS005451,INS000004,Amruta,Purohit,1979-04-08,Female,Mumbai,Maharashtra,India,2024-02-25,Active
CUS005452,INS000003,Nirja,Pai,1962-06-24,Male,Jaipur,Rajasthan,India,2026-03-21,Active
CUS005453,INS000002,Jeevika,Om,1963-04-09,Male,Patna,Bihar,India,2025-11-13,Active
CUS005454,INS000004,Bahadurjit,Chakrabarti,1967-10-26,Male,Patna,Bihar,India,2020-10-20,Inactive
CUS005455,INS000001,Baljiwan,Pathak,1990-01-15,Male,Thane,Maharashtra,India,2025-07-27,Inactive
CUS005456,INS000002,Vasudha,Varty,1954-10-03,Female,Patna,Bihar,India,2021-05-27,Active
CUS005457,INS000005,Jyoti,Maharaj,1977-02-10,Male,Bhopal,Madhya Pradesh,India,2022-08-12,Active
CUS005458,INS000002,Isaiah,Wagle,1995-10-16,Male,Delhi,Delhi,India,2023-12-28,Active
CUS005459,INS000004,Vasatika,Doctor,1990-04-14,Female,Bengaluru,Karnataka,India,2022-03-10,Inactive
CUS005460,INS000002,Fariq,Ravel,1960-09-12,Female,Hyderabad,Telangana,India,2021-05-26,Active
CUS005461,INS000001,Lucky,Purohit,1989-07-07,Female,Patna,Bihar,India,2021-07-16,Active
CUS005462,INS000001,Ati,Das,1972-04-29,Female,Hyderabad,Telangana,India,2019-09-26,Active
CUS005463,INS000005,Udyati,Keer,1967-09-28,Male,Patna,Bihar,India,2026-04-09,Active
CUS005464,INS000003,Zansi,Sachar,1963-10-02,Female,Pune,Maharashtra,India,2020-09-08,Active
CUS005465,INS000004,Farhan,Dixit,1985-06-16,Female,Mysuru,Karnataka,India,2024-07-03,Active
CUS005466,INS000004,Gaurang,Luthra,2008-01-16,Female,Chennai,Tamil Nadu,India,2022-08-26,Active
CUS005467,INS000003,Yatan,Vaidya,1993-05-09,Female,Bhopal,Madhya Pradesh,India,2023-01-26,Active
CUS005468,INS000001,Urmi,Kari,1962-08-14,Male,Nagpur,Maharashtra,India,2026-05-13,Active
CUS005469,INS000001,Faras,Nagy,2004-02-21,Female,Bhopal,Madhya Pradesh,India,2025-11-10,Active
CUS005470,INS000002,Devika,Pingle,1965-10-17,Male,Indore,Madhya Pradesh,India,2025-01-27,Active
CUS005471,INS000005,Chatresh,Bawa,1952-03-06,Male,Lucknow,Uttar Pradesh,India,2019-04-22,Active
CUS005472,INS000005,Hemal,Pau,1965-02-11,Male,Lucknow,Uttar Pradesh,India,2020-03-10,Inactive
CUS005473,INS000005,Advay,Mukherjee,1968-10-07,Female,Chennai,Tamil Nadu,India,2026-08-03,Active
CUS005474,INS000002,Upasna,Garde,1981-11-04,Male,Bhopal,Madhya Pradesh,India,2021-04-28,Active
CUS005475,INS000005,Sudiksha,Prashad,1983-05-24,Female,Bhubaneswar,Odisha,India,2022-10-08,Active
CUS005476,INS000003,Yauvani,Barman,1985-01-01,Male,Mumbai,Maharashtra,India,2023-06-24,Active
CUS005477,INS000002,Upasna,Baral,2002-12-10,Female,Kolkata,West Bengal,India,2025-12-24,Active
CUS005478,INS000003,Garima,Singhal,2004-05-13,Male,Mysuru,Karnataka,India,2018-08-21,Active
CUS005479,INS000002,Oviya,Bera,1963-02-26,Female,Surat,Gujarat,India,2025-02-04,Active
CUS005480,INS000005,Ira,Ray,1982-07-28,Female,Mumbai,Maharashtra,India,2018-12-08,Active
CUS005481,INS000003,Chaitaly,Johal,1995-10-22,Male,Jaipur,Rajasthan,India,2024-07-02,Active
CUS005482,INS000003,Bimala,Khosla,1964-01-07,Male,Bhubaneswar,Odisha,India,2019-02-04,Inactive
CUS005483,INS000003,Oliver,Roy,1952-03-29,Female,Lucknow,Uttar Pradesh,India,2025-07-11,Active
CUS005484,INS000002,Balendra,Sharma,1981-12-30,Female,Bengaluru,Karnataka,India,2023-02-15,Inactive
CUS005485,INS000004,Daksha,Pant,1978-10-24,Female,Pune,Maharashtra,India,2026-03-31,Active
CUS005486,INS000005,Abha,Badal,1985-08-05,Male,Bhubaneswar,Odisha,India,2023-12-26,Active
CUS005487,INS000003,Darsh,Vora,1987-10-06,Female,Kochi,Kerala,India,2021-02-09,Active
CUS005488,INS000004,Urvashi,Goyal,1973-11-22,Male,Ahmedabad,Gujarat,India,2026-06-05,Active
CUS005489,INS000005,Omkaar,Dass,1963-10-08,Female,Mumbai,Maharashtra,India,2020-08-02,Active
CUS005490,INS000005,Charan,Bhattacharyya,1999-06-29,Female,Kolkata,West Bengal,India,2022-01-04,Active
CUS005491,INS000003,Bishakha,Bhat,1995-01-01,Male,Bhopal,Madhya Pradesh,India,2022-02-19,Active
CUS005492,INS000003,Avi,Loyal,1984-01-18,Female,Pune,Maharashtra,India,2019-05-20,Active
CUS005493,INS000002,Bhavini,Batta,1961-02-08,Female,Kochi,Kerala,India,2025-12-24,Inactive
CUS005494,INS000004,Vedhika,Das,2005-10-27,Female,Chandigarh,Chandigarh,India,2024-08-26,Active
CUS005495,INS000004,Fitan,Ramanathan,1995-10-23,Male,Mysuru,Karnataka,India,2024-07-10,Inactive
CUS005496,INS000003,Jonathan,Krishnan,1991-08-09,Male,Mysuru,Karnataka,India,2024-08-03,Active
CUS005497,INS000005,Yashasvi,Wadhwa,2005-08-03,Female,Patna,Bihar,India,2024-02-13,Active
CUS005498,INS000003,Faraj,Dash,1957-03-10,Male,Bhubaneswar,Odisha,India,2021-10-09,Active
CUS005499,INS000005,Arunima,Wadhwa,1987-12-11,Male,Ahmedabad,Gujarat,India,2020-03-26,Active
CUS005500,INS000005,Zayyan,Ahluwalia,1978-08-03,Other,Lucknow,Uttar Pradesh,India,2023-03-22,Active
CUS005501,INS000003,Kevin,Lal,1953-12-11,Male,Hyderabad,Telangana,India,2021-04-10,Active
CUS005502,INS000001,Avni,Kuruvilla,1969-09-24,Other,Mysuru,Karnataka,India,2022-07-07,Active
CUS005503,INS000004,Anvi,Goel,1963-07-16,Male,Bengaluru,Karnataka,India,2019-07-18,Active
CUS005504,INS000005,Aarini,Som,1954-05-03,Male,Bhubaneswar,Odisha,India,2019-03-28,Active
CUS005505,INS000005,Akshay,Tara,2003-04-04,Female,Chandigarh,Chandigarh,India,2019-04-09,Active
CUS005506,INS000001,Isaac,Kothari,1953-06-29,Female,Mumbai,Maharashtra,India,2020-03-05,Active
CUS005507,INS000002,Owen,Varty,1993-09-07,Female,Hyderabad,Telangana,India,2024-04-14,Active
CUS005508,INS000001,Matthew,Hari,1990-05-14,Female,Patna,Bihar,India,2023-06-19,Active
CUS005509,INS000001,Sanya,Radhakrishnan,1984-03-08,Female,Chennai,Tamil Nadu,India,2024-12-27,Active
CUS005510,INS000005,Kala,Guha,1955-05-10,Male,Jaipur,Rajasthan,India,2020-02-16,Active
CUS005511,INS000004,Parth,Wadhwa,1976-10-18,Male,Surat,Gujarat,India,2023-07-18,Active
CUS005512,INS000001,Advika,Bhatt,1958-01-15,Male,Mysuru,Karnataka,India,2023-02-28,Active
CUS005513,INS000002,Warinder,Ratta,1959-09-13,Female,Indore,Madhya Pradesh,India,2019-11-21,Active
CUS005514,INS000003,Vedhika,Loyal,1978-06-06,Male,Bhubaneswar,Odisha,India,2022-02-28,Active
CUS005515,INS000001,Pratyush,Kibe,1980-09-05,Male,Patna,Bihar,India,2019-12-18,Active
CUS005516,INS000001,Bachittar,Dubey,1951-10-14,Male,Kolkata,West Bengal,India,2025-03-19,Active
CUS005517,INS000002,Hemal,Bhatti,1981-09-19,Male,Chandigarh,Chandigarh,India,2024-10-11,Active
CUS005518,INS000004,Frado,Dhaliwal,1976-06-27,Male,Hyderabad,Telangana,India,2025-11-20,Active
CUS005519,INS000001,Maanav,Ratta,1984-06-09,Female,Hyderabad,Telangana,India,2022-11-11,Active
CUS005520,INS000001,Mitesh,Merchant,2007-12-16,Male,Indore,Madhya Pradesh,India,2022-09-09,Active
CUS005521,INS000004,Warhi,Garde,1973-10-30,Female,Surat,Gujarat,India,2024-09-30,Active
CUS005522,INS000002,Nitara,Vig,1953-09-12,Female,Lucknow,Uttar Pradesh,India,2025-09-03,Active
CUS005523,INS000001,Leela,Mohanty,1998-08-04,Male,Kochi,Kerala,India,2021-07-18,Active
CUS005524,INS000004,Wazir,Reddy,1970-01-04,Female,Jaipur,Rajasthan,India,2023-08-08,Active
CUS005525,INS000001,Ria,Mishra,1976-08-06,Male,Lucknow,Uttar Pradesh,India,2025-01-23,Inactive
CUS005526,INS000003,Oliver,Dutt,1986-02-22,Female,Chennai,Tamil Nadu,India,2018-09-17,Active
CUS005527,INS000005,Shivansh,Bail,1996-06-04,Other,Hyderabad,Telangana,India,2019-01-12,Active
CUS005528,INS000003,Hemani,Kibe,1992-10-11,Female,Ahmedabad,Gujarat,India,2023-01-16,Active
CUS005529,INS000001,Chatura,Saini,1988-08-28,Female,Kochi,Kerala,India,2022-04-26,Active
CUS005530,INS000002,Aishani,De,1998-11-23,Male,Hyderabad,Telangana,India,2021-01-15,Active
CUS005531,INS000005,Jack,Pillay,1978-04-09,Male,Jaipur,Rajasthan,India,2022-04-27,Active
CUS005532,INS000003,Charles,Wadhwa,1967-02-14,Female,Kochi,Kerala,India,2018-10-01,Active
CUS005533,INS000004,Oliver,Sankar,1986-03-25,Male,Delhi,Delhi,India,2020-11-04,Active
CUS005534,INS000002,Ucchal,Kala,1986-10-23,Male,Bhubaneswar,Odisha,India,2019-03-25,Inactive
CUS005535,INS000003,Mohini,Chawla,1953-11-25,Male,Mysuru,Karnataka,India,2020-07-08,Active
CUS005536,INS000004,Vamakshi,Mukherjee,1959-12-14,Female,Thane,Maharashtra,India,2022-08-06,Inactive
CUS005537,INS000001,Charvi,Krishnamurthy,2000-12-16,Male,Mysuru,Karnataka,India,2026-05-28,Active
CUS005538,INS000004,Vamakshi,Butala,1956-10-10,Female,Ahmedabad,Gujarat,India,2019-11-14,Active
CUS005539,INS000003,Vivaan,Shere,1957-10-21,Male,Pune,Maharashtra,India,2025-05-16,Active
CUS005540,INS000003,Ladli,Baria,1966-10-16,Male,Mysuru,Karnataka,India,2024-12-13,Active
CUS005541,INS000001,Madhavi,Ramakrishnan,2000-02-11,Female,Kochi,Kerala,India,2020-09-29,Active
CUS005542,INS000004,Urvi,Manne,1996-06-14,Male,Bhubaneswar,Odisha,India,2024-07-27,Active
CUS005543,INS000004,Adweta,Ramakrishnan,2007-11-24,Female,Nagpur,Maharashtra,India,2026-01-14,Inactive
CUS005544,INS000001,Maanav,Dugar,1971-03-31,Male,Kochi,Kerala,India,2020-06-15,Active
CUS005545,INS000004,Radhika,Pant,1993-05-23,Male,Surat,Gujarat,India,2021-03-14,Active
CUS005546,INS000001,Advik,Prakash,1982-09-02,Male,Mysuru,Karnataka,India,2018-12-15,Active
CUS005547,INS000002,Bhavya,Mannan,1981-08-09,Female,Delhi,Delhi,India,2022-12-21,Active
CUS005548,INS000003,Saumya,Basak,1956-07-07,Female,Kolkata,West Bengal,India,2021-02-05,Inactive
CUS005549,INS000002,Lavanya,Grover,2005-02-24,Female,Patna,Bihar,India,2024-08-30,Active
CUS005550,INS000005,Diya,Rau,2006-09-27,Male,Chandigarh,Chandigarh,India,2020-08-01,Active
CUS005551,INS000005,Benjamin,Karnik,1975-09-12,Female,Kochi,Kerala,India,2024-12-29,Active
CUS005552,INS000005,Gunbir,Pillay,1979-03-02,Female,Chandigarh,Chandigarh,India,2023-12-07,Active
CUS005553,INS000001,Irya,Oak,1987-04-01,Female,Chandigarh,Chandigarh,India,2025-02-17,Active
CUS005554,INS000004,Rachana,Grover,1990-04-25,Female,Delhi,Delhi,India,2024-12-24,Active
CUS005555,INS000002,Anjali,Memon,2006-02-21,Female,Bengaluru,Karnataka,India,2021-09-18,Active
CUS005556,INS000002,Gautami,Handa,1991-08-01,Male,Chennai,Tamil Nadu,India,2021-09-26,Active
CUS005557,INS000002,Anamika,Bajaj,1974-03-04,Female,Nagpur,Maharashtra,India,2019-10-05,Active
CUS005558,INS000002,Amara,Chad,1964-09-16,Male,Jaipur,Rajasthan,India,2021-12-23,Active
CUS005559,INS000005,Guneet,Singhal,2008-03-15,Female,Mysuru,Karnataka,India,2022-12-11,Active
CUS005560,INS000002,Aadhya,Purohit,1962-03-17,Male,Chennai,Tamil Nadu,India,2019-10-13,Active
CUS005561,INS000004,Mahika,Morar,1956-01-22,Male,Nagpur,Maharashtra,India,2023-07-25,Inactive
CUS005562,INS000005,Triya,Sabharwal,1985-03-11,Male,Chandigarh,Chandigarh,India,2023-05-25,Active
CUS005563,INS000002,Wyatt,Mammen,2007-07-03,Male,Surat,Gujarat,India,2023-04-14,Active
CUS005564,INS000001,Robert,Mannan,1971-11-10,Male,Delhi,Delhi,India,2022-05-13,Inactive
CUS005565,INS000003,Zinal,Varghese,1971-01-15,Female,Lucknow,Uttar Pradesh,India,2024-03-09,Active
CUS005566,INS000003,Geetika,Wali,1998-01-16,Female,Bengaluru,Karnataka,India,2022-08-14,Active
CUS005567,INS000003,Pranit,Tiwari,1993-10-20,Female,Thane,Maharashtra,India,2023-11-10,Active
CUS005568,INS000005,Dhriti,Bajaj,1994-04-17,Female,Lucknow,Uttar Pradesh,India,2020-10-30,Active
CUS005569,INS000002,Advaith,Kara,1956-08-05,Male,Pune,Maharashtra,India,2024-12-03,Active
CUS005570,INS000005,Abhiram,Chopra,1985-03-17,Female,Pune,Maharashtra,India,2025-01-14,Active
CUS005571,INS000004,Ekansh,Pillay,1985-11-29,Male,Chennai,Tamil Nadu,India,2021-12-16,Active
CUS005572,INS000001,Advik,Khurana,1963-03-29,Female,Kochi,Kerala,India,2024-01-15,Active
CUS005573,INS000001,Nisha,Tella,2003-08-10,Male,Ahmedabad,Gujarat,India,2025-01-17,Inactive
CUS005574,INS000003,Guneet,Venkataraman,1980-01-06,Male,Bengaluru,Karnataka,India,2025-06-24,Active
CUS005575,INS000003,Hemang,Gokhale,1955-09-29,Male,Jaipur,Rajasthan,India,2023-11-29,Inactive
CUS005576,INS000003,Sanaya,Majumdar,1999-04-11,Male,Surat,Gujarat,India,2023-10-17,Active
CUS005577,INS000002,Indali,Narula,1962-11-08,Male,Mumbai,Maharashtra,India,2025-04-24,Active
CUS005578,INS000004,Theodore,Desai,2000-01-27,Male,Bhubaneswar,Odisha,India,2022-12-10,Active
CUS005579,INS000004,Bhanumati,Shroff,1991-10-24,Female,Delhi,Delhi,India,2022-08-20,Inactive
CUS005580,INS000004,Zayan,Bhatia,1988-03-14,Female,Bhopal,Madhya Pradesh,India,2025-03-16,Active
CUS005581,INS000004,Reyansh,Oak,2002-01-19,Male,Thane,Maharashtra,India,2021-06-26,Active
CUS005582,INS000003,Bahadurjit,Barad,1953-09-15,Male,Mumbai,Maharashtra,India,2020-01-24,Active
CUS005583,INS000001,Arjun,Mann,1981-05-13,Female,Bhopal,Madhya Pradesh,India,2023-05-19,Active
CUS005584,INS000003,George,Bhandari,2005-07-28,Male,Mysuru,Karnataka,India,2023-05-18,Active
CUS005585,INS000004,Dakshesh,Manne,1991-01-25,Female,Kolkata,West Bengal,India,2021-01-31,Inactive
CUS005586,INS000003,Teerth,Khare,1957-03-15,Male,Chandigarh,Chandigarh,India,2022-09-24,Active
CUS005587,INS000004,Jairaj,Jayaraman,1962-08-14,Female,Nagpur,Maharashtra,India,2025-02-27,Active
CUS005588,INS000005,Jagdish,Kalita,1998-05-09,Female,Bengaluru,Karnataka,India,2020-01-05,Active
CUS005589,INS000001,Gabriel,Joshi,1979-07-30,Female,Lucknow,Uttar Pradesh,India,2023-09-23,Inactive
CUS005590,INS000005,Kalpit,Pant,1975-04-24,Female,Kochi,Kerala,India,2020-12-16,Inactive
CUS005591,INS000002,Keya,Hari,1979-03-29,Male,Bhubaneswar,Odisha,India,2026-05-15,Active
CUS005592,INS000003,Qasim,Vora,1961-07-14,Male,Lucknow,Uttar Pradesh,India,2020-11-16,Active
CUS005593,INS000002,Indrajit,Kurian,1990-03-26,Female,Jaipur,Rajasthan,India,2025-04-10,Active
CUS005594,INS000003,Qarin,Murty,1960-07-24,Female,Patna,Bihar,India,2025-09-29,Active
CUS005595,INS000005,Zehaan,Das,1973-03-01,Male,Kochi,Kerala,India,2022-04-14,Active
CUS005596,INS000004,Chaitaly,Rana,1997-02-22,Female,Surat,Gujarat,India,2019-08-08,Active
CUS005597,INS000004,Unni,Kapadia,1990-09-06,Male,Chennai,Tamil Nadu,India,2024-06-19,Active
CUS005598,INS000003,Faqid,Dhaliwal,1975-01-20,Male,Nagpur,Maharashtra,India,2021-05-19,Active
CUS005599,INS000004,Sudiksha,Chaudry,1957-08-04,Female,Patna,Bihar,India,2019-03-31,Active
CUS005600,INS000005,Aradhana,Chana,1999-03-08,Male,Chennai,Tamil Nadu,India,2023-09-03,Active
CUS005601,INS000004,Prisha,Chandra,1955-01-22,Female,Nagpur,Maharashtra,India,2023-08-04,Active
CUS005602,INS000005,Ekiya,Sha,1986-03-17,Male,Delhi,Delhi,India,2023-04-20,Inactive
CUS005603,INS000002,Aarini,Vora,1981-02-28,Male,Bengaluru,Karnataka,India,2019-06-27,Active
CUS005604,INS000005,Neel,Shukla,1966-02-17,Female,Surat,Gujarat,India,2024-05-22,Active
CUS005605,INS000001,Ethan,Dasgupta,1952-09-22,Female,Mysuru,Karnataka,India,2021-10-17,Inactive
CUS005606,INS000001,Aradhana,Bava,1999-10-12,Male,Nagpur,Maharashtra,India,2021-01-30,Active
CUS005607,INS000001,David,Issac,1968-08-10,Male,Patna,Bihar,India,2022-03-01,Active
CUS005608,INS000003,Lavanya,Khosla,1985-07-09,Male,Bhopal,Madhya Pradesh,India,2019-11-20,Inactive
CUS005609,INS000003,Lipika,Chand,1953-11-12,Male,Hyderabad,Telangana,India,2019-05-16,Active
CUS005610,INS000003,Gaurangi,Hora,1978-03-22,Female,Ahmedabad,Gujarat,India,2022-12-09,Active
CUS005611,INS000005,Darpan,Tailor,1960-01-28,Female,Thane,Maharashtra,India,2026-07-31,Active
CUS005612,INS000003,Aarna,Kalita,1971-04-28,Male,Ahmedabad,Gujarat,India,2025-07-03,Active
CUS005613,INS000002,Alka,Desai,1967-10-05,Male,Nagpur,Maharashtra,India,2018-12-12,Active
CUS005614,INS000001,Pranav,Ravel,1980-07-10,Female,Bhubaneswar,Odisha,India,2024-10-14,Inactive
CUS005615,INS000005,Ridhi,Naidu,1969-11-28,Female,Ahmedabad,Gujarat,India,2024-12-23,Active
CUS005616,INS000001,Ekaraj,Kara,1963-08-24,Female,Chandigarh,Chandigarh,India,2022-03-06,Inactive
CUS005617,INS000003,Vyanjana,Baral,1990-11-26,Female,Mysuru,Karnataka,India,2024-03-05,Inactive
CUS005618,INS000005,Sai,Ray,2003-01-09,Male,Delhi,Delhi,India,2023-01-20,Active
CUS005619,INS000004,Maya,Banerjee,1998-03-07,Female,Lucknow,Uttar Pradesh,India,2026-05-06,Active
CUS005620,INS000002,Pranav,Bose,1964-03-13,Other,Mysuru,Karnataka,India,2019-04-22,Active
CUS005621,INS000003,Vyanjana,Chacko,1985-04-08,Female,Chandigarh,Chandigarh,India,2023-05-02,Active
CUS005622,INS000003,Ikbal,Tiwari,1984-08-03,Male,Surat,Gujarat,India,2021-08-13,Active
CUS005623,INS000002,Maanas,Taneja,1994-08-05,Male,Patna,Bihar,India,2022-05-17,Inactive
CUS005624,INS000002,Raagini,Narang,1957-10-09,Male,Indore,Madhya Pradesh,India,2019-09-30,Active
CUS005625,INS000004,Tejas,Ramachandran,1978-07-19,Female,Nagpur,Maharashtra,India,2022-09-12,Active
CUS005626,INS000003,Hitesh,Chandran,1966-10-01,Male,Chandigarh,Chandigarh,India,2022-12-20,Active
CUS005627,INS000003,Riya,Shenoy,1993-02-01,Male,Kolkata,West Bengal,India,2024-01-23,Active
CUS005628,INS000001,Aashi,Tella,1985-08-14,Female,Bengaluru,Karnataka,India,2022-09-24,Active
CUS005629,INS000005,Harshil,Ray,1959-07-17,Male,Chandigarh,Chandigarh,India,2024-02-07,Inactive
CUS005630,INS000005,Bakhshi,Vohra,2003-06-05,Male,Bhubaneswar,Odisha,India,2025-12-03,Active
CUS005631,INS000001,Elijah,Anand,1995-09-05,Male,Patna,Bihar,India,2019-12-19,Active
CUS005632,INS000005,Ekavir,Anne,2002-05-03,Male,Chandigarh,Chandigarh,India,2022-02-20,Active
CUS005633,INS000002,Zashil,Goyal,1956-09-27,Male,Bhopal,Madhya Pradesh,India,2019-07-16,Active
CUS005634,INS000005,Sanaya,Joshi,1997-07-04,Female,Indore,Madhya Pradesh,India,2025-01-19,Active
CUS005635,INS000005,Anirudh,Bala,1954-08-24,Female,Mumbai,Maharashtra,India,2025-05-15,Active
CUS005636,INS000001,Widisha,Balan,1985-05-31,Male,Mumbai,Maharashtra,India,2020-09-19,Active
CUS005637,INS000004,Manthan,Chhabra,1993-07-04,Male,Chandigarh,Chandigarh,India,2021-03-17,Active
CUS005638,INS000005,Aadi,Natt,1969-04-25,Female,Kochi,Kerala,India,2026-01-30,Active
CUS005639,INS000005,Baljiwan,Sachdeva,2001-09-04,Male,Pune,Maharashtra,India,2026-05-30,Active
CUS005640,INS000004,Madhavi,Choudhury,1954-06-22,Male,Lucknow,Uttar Pradesh,India,2026-01-04,Active
CUS005641,INS000001,Amaira,Datta,1993-06-19,Female,Thane,Maharashtra,India,2025-07-15,Active
CUS005642,INS000004,Max,Viswanathan,2007-07-12,Male,Kolkata,West Bengal,India,2023-06-19,Active
CUS005643,INS000001,Forum,Arya,2005-08-16,Male,Bhubaneswar,Odisha,India,2021-07-31,Active
CUS005644,INS000002,Mahika,Konda,1965-05-03,Male,Mumbai,Maharashtra,India,2019-11-21,Active
CUS005645,INS000001,Aarush,Purohit,1979-03-24,Female,Kolkata,West Bengal,India,2023-09-09,Active
CUS005646,INS000002,Yutika,Nath,1975-01-07,Male,Lucknow,Uttar Pradesh,India,2023-12-30,Active
CUS005647,INS000002,Vritti,Sodhi,1961-01-04,Male,Indore,Madhya Pradesh,India,2022-06-02,Active
CUS005648,INS000001,Vanya,Tank,2004-11-01,Male,Delhi,Delhi,India,2021-01-17,Inactive
CUS005649,INS000003,Rajata,Lalla,1998-02-05,Female,Thane,Maharashtra,India,2025-11-26,Active
CUS005650,INS000001,Netra,Mander,2008-02-09,Male,Chennai,Tamil Nadu,India,2025-11-22,Active
CUS005651,INS000005,Ekaraj,Dar,1991-08-03,Male,Mysuru,Karnataka,India,2025-02-01,Active
CUS005652,INS000005,Upkaar,Sagar,1974-02-20,Female,Bengaluru,Karnataka,India,2026-01-14,Active
CUS005653,INS000003,Aarush,Aggarwal,1952-10-06,Female,Lucknow,Uttar Pradesh,India,2026-04-06,Active
CUS005654,INS000002,Leena,Kala,1990-12-25,Male,Ahmedabad,Gujarat,India,2024-08-08,Active
CUS005655,INS000003,Vasatika,Ramanathan,1973-07-09,Male,Bengaluru,Karnataka,India,2024-07-20,Active
CUS005656,INS000005,Jairaj,Pillai,1983-09-30,Female,Surat,Gujarat,India,2021-09-25,Active
CUS005657,INS000003,Jagrati,Pal,1965-09-29,Female,Mysuru,Karnataka,India,2019-08-05,Inactive
CUS005658,INS000001,Gauri,Desai,1965-07-30,Male,Delhi,Delhi,India,2022-08-18,Active
CUS005659,INS000003,Chavvi,Bhardwaj,1998-06-10,Male,Nagpur,Maharashtra,India,2024-11-13,Active
CUS005660,INS000002,Nandini,Bose,1992-07-21,Male,Chandigarh,Chandigarh,India,2022-05-10,Active
CUS005661,INS000001,Christopher,Mukhopadhyay,1982-10-13,Male,Jaipur,Rajasthan,India,2021-01-09,Active
CUS005662,INS000004,Gautam,Bobal,1969-01-24,Female,Chandigarh,Chandigarh,India,2018-12-09,Active
CUS005663,INS000005,Jasmit,Dasgupta,1956-01-16,Male,Mysuru,Karnataka,India,2019-11-30,Active
CUS005664,INS000005,Harini,Vora,1973-03-13,Female,Mumbai,Maharashtra,India,2025-07-04,Active
CUS005665,INS000003,Faris,Mangat,1995-08-11,Female,Patna,Bihar,India,2024-09-16,Active
CUS005666,INS000001,Tripti,Chopra,1985-07-31,Male,Pune,Maharashtra,India,2023-11-06,Active
CUS005667,INS000004,Bimala,Zacharia,1951-02-07,Male,Bengaluru,Karnataka,India,2019-11-27,Active
CUS005668,INS000001,Samaksh,Master,1995-05-14,Female,Indore,Madhya Pradesh,India,2018-10-13,Active
CUS005669,INS000005,Patrick,Kara,1977-11-17,Male,Jaipur,Rajasthan,India,2024-11-21,Inactive
CUS005670,INS000001,Balveer,Kashyap,1973-10-18,Female,Jaipur,Rajasthan,India,2020-01-31,Active
CUS005671,INS000004,Leena,Ranganathan,1988-12-19,Other,Delhi,Delhi,India,2024-06-18,Active
CUS005672,INS000003,Rayaan,Wagle,1970-03-09,Male,Chandigarh,Chandigarh,India,2019-09-13,Active
CUS005673,INS000002,Chandani,Sood,2006-02-28,Male,Bhubaneswar,Odisha,India,2026-01-09,Active
CUS005674,INS000001,Madhavi,Oza,1953-04-11,Male,Hyderabad,Telangana,India,2020-05-08,Active
CUS005675,INS000002,Hredhaan,Bala,1984-08-27,Female,Pune,Maharashtra,India,2025-06-16,Active
CUS005676,INS000005,Jagrati,Dewan,1990-12-15,Female,Mysuru,Karnataka,India,2021-07-18,Inactive
CUS005677,INS000003,Vidhi,Reddy,1968-05-04,Female,Nagpur,Maharashtra,India,2019-07-24,Active
CUS005678,INS000003,Frado,Hayer,2001-10-02,Female,Pune,Maharashtra,India,2020-07-09,Inactive
CUS005679,INS000001,Raksha,Garde,1984-03-14,Male,Bhopal,Madhya Pradesh,India,2024-10-06,Active
CUS005680,INS000003,Ranveer,Dugar,1977-07-24,Female,Chennai,Tamil Nadu,India,2023-07-16,Active
CUS005681,INS000001,Logan,Kale,1987-02-13,Female,Bengaluru,Karnataka,India,2023-11-14,Active
CUS005682,INS000001,Balendra,Tiwari,2003-08-27,Female,Surat,Gujarat,India,2026-06-29,Active
CUS005683,INS000002,Reyansh,Divan,1952-06-18,Male,Indore,Madhya Pradesh,India,2023-07-22,Active
CUS005684,INS000003,Aryan,Borah,2007-09-30,Female,Pune,Maharashtra,India,2021-04-01,Active
CUS005685,INS000001,William,Khatri,1986-01-20,Female,Bhubaneswar,Odisha,India,2023-07-31,Active
CUS005686,INS000002,Vrinda,Seth,2000-11-04,Female,Hyderabad,Telangana,India,2025-06-17,Inactive
CUS005687,INS000004,Lopa,Maharaj,1991-05-09,Female,Pune,Maharashtra,India,2025-10-20,Active
CUS005688,INS000002,Dev,Nayak,1977-05-02,Female,Kolkata,West Bengal,India,2026-04-09,Active
CUS005689,INS000002,Darika,Nazareth,1987-06-29,Female,Nagpur,Maharashtra,India,2023-09-03,Active
CUS005690,INS000001,Xalak,Sahota,2002-05-04,Female,Indore,Madhya Pradesh,India,2024-03-20,Active
CUS005691,INS000005,Shivani,Bose,1969-08-29,Female,Surat,Gujarat,India,2021-08-05,Active
CUS005692,INS000005,Amol,Chanda,2005-06-14,Male,Bhopal,Madhya Pradesh,India,2020-09-19,Active
CUS005693,INS000005,Balhaar,Kumer,2004-04-17,Male,Kochi,Kerala,India,2021-07-12,Active
CUS005694,INS000002,Harinakshi,Bansal,1974-11-16,Male,Jaipur,Rajasthan,India,2022-08-26,Active
CUS005695,INS000001,Daksh,Menon,1980-01-29,Female,Kolkata,West Bengal,India,2022-04-30,Active
CUS005696,INS000003,Geetika,De,1954-06-17,Female,Chandigarh,Chandigarh,India,2020-06-18,Active
CUS005697,INS000002,Brijesh,Venkatesh,1962-07-24,Other,Chennai,Tamil Nadu,India,2024-09-21,Active
CUS005698,INS000002,Nidra,Wason,2006-06-15,Male,Bhopal,Madhya Pradesh,India,2023-05-13,Active
CUS005699,INS000001,Jagat,Reddy,1977-11-20,Male,Patna,Bihar,India,2024-12-02,Active
CUS005700,INS000004,Siddharth,Basak,2004-10-16,Male,Surat,Gujarat,India,2023-02-23,Active
CUS005701,INS000002,Tara,Peri,1976-11-12,Male,Kolkata,West Bengal,India,2023-12-07,Active
CUS005702,INS000004,Manthan,Bail,1978-05-04,Female,Pune,Maharashtra,India,2022-09-14,Active
CUS005703,INS000004,Viraj,Nazareth,1958-06-29,Male,Bhopal,Madhya Pradesh,India,2022-09-27,Active
CUS005704,INS000005,Ekbal,Khanna,1978-05-16,Female,Mysuru,Karnataka,India,2021-02-11,Active
CUS005705,INS000001,Balhaar,Tailor,1963-09-24,Female,Jaipur,Rajasthan,India,2026-01-18,Inactive
CUS005706,INS000004,Lohit,Rana,1967-08-21,Male,Kolkata,West Bengal,India,2019-11-08,Active
CUS005707,INS000001,Vrinda,Sangha,1951-04-02,Female,Nagpur,Maharashtra,India,2019-12-16,Active
CUS005708,INS000005,Anirudh,Saran,2003-12-15,Male,Lucknow,Uttar Pradesh,India,2019-11-06,Active
CUS005709,INS000001,Urishilla,Batra,1968-04-29,Male,Indore,Madhya Pradesh,India,2022-02-10,Active
CUS005710,INS000002,Chakradev,Venkataraman,1988-04-29,Female,Bhubaneswar,Odisha,India,2024-11-22,Active
CUS005711,INS000004,Xavier,Char,1988-02-02,Female,Lucknow,Uttar Pradesh,India,2020-01-21,Active
CUS005712,INS000001,Kalpit,Dada,1993-03-25,Male,Mysuru,Karnataka,India,2023-08-24,Active
CUS005713,INS000003,Akshay,Dave,2005-06-01,Male,Chandigarh,Chandigarh,India,2024-12-11,Active
CUS005714,INS000001,Orinder,Sandhu,1956-01-21,Male,Mysuru,Karnataka,India,2020-11-13,Active
CUS005715,INS000004,Chandresh,Badami,1986-05-16,Male,Bengaluru,Karnataka,India,2023-01-31,Inactive
CUS005716,INS000005,Damyanti,Basak,2001-08-13,Other,Pune,Maharashtra,India,2021-02-27,Active
CUS005717,INS000005,Gunbir,Hans,1999-04-17,Female,Chandigarh,Chandigarh,India,2021-02-11,Active
CUS005718,INS000004,Tanmayi,Bhakta,1963-11-30,Male,Pune,Maharashtra,India,2020-11-17,Active
CUS005719,INS000002,Onkar,Venkatesh,1997-07-18,Female,Bengaluru,Karnataka,India,2019-11-11,Active
CUS005720,INS000002,Devansh,Jani,1974-06-26,Male,Thane,Maharashtra,India,2018-11-27,Active
CUS005721,INS000005,Hitesh,Patel,2003-07-09,Male,Mysuru,Karnataka,India,2020-12-15,Active
CUS005722,INS000005,Ishaan,Ramakrishnan,1961-04-27,Female,Delhi,Delhi,India,2026-06-02,Inactive
CUS005723,INS000004,Widisha,Rao,1964-03-18,Female,Bengaluru,Karnataka,India,2024-05-26,Inactive
CUS005724,INS000002,Thomas,Chakrabarti,1968-09-25,Female,Patna,Bihar,India,2022-03-21,Active
CUS005725,INS000005,Dev,Bala,2002-11-27,Female,Kochi,Kerala,India,2020-01-09,Active
CUS005726,INS000002,Samaksh,Raju,1956-01-23,Female,Surat,Gujarat,India,2024-11-16,Active
CUS005727,INS000005,Pooja,Dube,1982-03-03,Male,Thane,Maharashtra,India,2024-12-21,Active
CUS005728,INS000001,Geetika,Shah,1988-03-26,Female,Indore,Madhya Pradesh,India,2019-06-27,Active
CUS005729,INS000003,Neelima,Bora,1968-07-31,Other,Indore,Madhya Pradesh,India,2023-05-28,Active
CUS005730,INS000001,Ekta,Nagi,1966-03-04,Male,Delhi,Delhi,India,2023-11-09,Active
CUS005731,INS000005,Jai,Kala,1967-10-20,Female,Nagpur,Maharashtra,India,2025-08-23,Active
CUS005732,INS000003,Laksh,Chaudhry,2006-12-24,Female,Delhi,Delhi,India,2023-02-08,Active
CUS005733,INS000003,Ekanta,Gill,2001-03-19,Male,Chennai,Tamil Nadu,India,2022-03-08,Active
CUS005734,INS000005,Tanay,Kamdar,1966-04-21,Female,Indore,Madhya Pradesh,India,2020-08-03,Active
CUS005735,INS000005,Chakradev,Kumar,1989-06-05,Male,Chennai,Tamil Nadu,India,2021-07-12,Inactive
CUS005736,INS000002,Oscar,Oak,1989-05-09,Female,Ahmedabad,Gujarat,India,2025-07-10,Active
CUS005737,INS000005,Gautami,Parekh,1959-09-23,Male,Kochi,Kerala,India,2020-06-26,Active
CUS005738,INS000004,Dev,Ben,1966-10-24,Female,Chennai,Tamil Nadu,India,2018-10-30,Active
CUS005739,INS000005,Jai,Sani,1997-06-30,Male,Indore,Madhya Pradesh,India,2023-08-28,Active
CUS005740,INS000004,Anusha,Upadhyay,1994-05-01,Male,Pune,Maharashtra,India,2024-07-27,Active
CUS005741,INS000005,Lohit,Goswami,1951-01-10,Male,Chandigarh,Chandigarh,India,2019-10-08,Active
CUS005742,INS000002,Ojasvi,Sarin,1985-06-15,Female,Bhubaneswar,Odisha,India,2019-01-04,Active
CUS005743,INS000004,Om,Chopra,1976-01-28,Female,Chandigarh,Chandigarh,India,2023-08-12,Active
CUS005744,INS000001,Kala,Sunder,1970-12-17,Female,Chandigarh,Chandigarh,India,2022-02-14,Inactive
CUS005745,INS000004,Nitesh,Sundaram,2002-06-24,Female,Bhubaneswar,Odisha,India,2023-06-20,Active
CUS005746,INS000002,Reva,Samra,1955-11-14,Male,Bhubaneswar,Odisha,India,2025-06-23,Inactive
CUS005747,INS000004,Yagnesh,Dhar,1989-05-13,Male,Patna,Bihar,India,2021-06-06,Inactive
CUS005748,INS000005,Banjeet,Kade,1980-06-16,Female,Kolkata,West Bengal,India,2026-07-12,Active
CUS005749,INS000005,Kiaan,Vohra,1988-09-23,Male,Bhopal,Madhya Pradesh,India,2025-08-08,Inactive
CUS005750,INS000002,Harish,Lalla,2007-06-08,Other,Mumbai,Maharashtra,India,2022-06-01,Active
CUS005751,INS000003,Krisha,Mannan,1974-10-05,Female,Bengaluru,Karnataka,India,2022-01-15,Active
CUS005752,INS000005,Nakul,Baria,1966-06-28,Male,Chandigarh,Chandigarh,India,2019-08-30,Active
CUS005753,INS000001,Amol,D’Alia,1986-02-19,Male,Kolkata,West Bengal,India,2025-09-02,Inactive
CUS005754,INS000002,Vidhi,Khurana,1984-01-03,Female,Mysuru,Karnataka,India,2023-10-17,Active
CUS005755,INS000004,Faris,Modi,1956-07-30,Male,Surat,Gujarat,India,2019-07-22,Active
CUS005756,INS000004,Abeer,Ahluwalia,1979-04-24,Male,Ahmedabad,Gujarat,India,2025-06-06,Active
CUS005757,INS000001,Abhimanyu,Wable,1961-10-05,Male,Mysuru,Karnataka,India,2019-08-11,Inactive
CUS005758,INS000005,Praneel,Sem,1981-11-14,Female,Mumbai,Maharashtra,India,2025-08-09,Active
CUS005759,INS000002,Gaurav,Hari,1991-08-04,Female,Patna,Bihar,India,2024-02-16,Active
CUS005760,INS000001,Bhanumati,Oommen,2002-08-23,Male,Hyderabad,Telangana,India,2023-09-07,Active
CUS005761,INS000005,Omaja,Misra,1977-09-18,Male,Surat,Gujarat,India,2025-04-21,Active
CUS005762,INS000002,Vamakshi,Khanna,1969-02-26,Male,Jaipur,Rajasthan,India,2020-10-04,Active
CUS005763,INS000004,Jonathan,Sood,1998-10-15,Female,Lucknow,Uttar Pradesh,India,2023-01-23,Active
CUS005764,INS000002,Samuel,Wadhwa,1958-05-21,Male,Bhopal,Madhya Pradesh,India,2021-08-11,Active
CUS005765,INS000003,Luke,Deshpande,1999-04-02,Male,Thane,Maharashtra,India,2022-07-29,Active
CUS005766,INS000002,Anika,Reddy,2008-01-11,Female,Lucknow,Uttar Pradesh,India,2025-02-18,Active
CUS005767,INS000003,Shravya,Batra,1990-04-18,Female,Mumbai,Maharashtra,India,2019-01-03,Active
CUS005768,INS000002,Nisha,Kala,1986-10-08,Other,Delhi,Delhi,India,2023-09-29,Active
CUS005769,INS000003,William,Kaur,1980-02-06,Female,Mysuru,Karnataka,India,2020-04-20,Active
CUS005770,INS000004,Owen,Prasad,1998-06-07,Male,Indore,Madhya Pradesh,India,2021-09-29,Active
CUS005771,INS000005,Baljiwan,Dash,1972-12-17,Male,Jaipur,Rajasthan,India,2026-03-31,Active
CUS005772,INS000003,Pranit,Bera,1955-01-06,Male,Lucknow,Uttar Pradesh,India,2022-09-25,Active
CUS005773,INS000003,Xalak,Chaudry,2002-11-28,Male,Patna,Bihar,India,2023-12-11,Active
CUS005774,INS000004,Gaurang,Prabhakar,1995-11-02,Female,Surat,Gujarat,India,2019-01-12,Active
CUS005775,INS000003,Charvi,Seth,1952-03-05,Female,Jaipur,Rajasthan,India,2021-09-08,Active
CUS005776,INS000001,Ijaya,Badami,1962-03-07,Female,Chandigarh,Chandigarh,India,2022-09-10,Active
CUS005777,INS000004,Omya,Batta,1972-10-31,Male,Bhubaneswar,Odisha,India,2025-03-22,Active
CUS005778,INS000001,Aayush,Tripathi,1986-05-11,Female,Bengaluru,Karnataka,India,2024-01-18,Inactive
CUS005779,INS000004,Warinder,Pillay,1961-02-10,Female,Patna,Bihar,India,2021-04-08,Active
CUS005780,INS000003,Rehaan,Bhattacharyya,1984-02-13,Male,Bhubaneswar,Odisha,India,2022-08-15,Active
CUS005781,INS000001,Jacob,Mann,2008-01-10,Female,Jaipur,Rajasthan,India,2025-11-11,Active
CUS005782,INS000003,Girish,Mangal,1952-08-23,Male,Mumbai,Maharashtra,India,2018-10-05,Active
CUS005783,INS000004,Janaki,Gopal,2006-02-05,Male,Pune,Maharashtra,India,2020-05-30,Active
CUS005784,INS000003,Yashica,Babu,1964-08-17,Female,Thane,Maharashtra,India,2024-09-20,Active
CUS005785,INS000001,Theodore,Sethi,1972-10-08,Female,Jaipur,Rajasthan,India,2022-11-07,Active
CUS005786,INS000001,Ucchal,Kumer,1972-09-25,Male,Kochi,Kerala,India,2023-01-06,Active
CUS005787,INS000003,Sathvik,Gandhi,1984-06-02,Male,Hyderabad,Telangana,India,2021-04-04,Active
CUS005788,INS000002,Aradhana,Rau,2004-12-02,Other,Nagpur,Maharashtra,India,2021-03-16,Active
CUS005789,INS000004,Chatresh,Salvi,1975-02-28,Female,Jaipur,Rajasthan,India,2020-02-03,Active
CUS005790,INS000004,Rishi,Prashad,1960-08-25,Female,Chennai,Tamil Nadu,India,2022-09-18,Inactive
CUS005791,INS000003,Isaiah,Minhas,1960-05-03,Male,Mumbai,Maharashtra,India,2022-05-09,Active
CUS005792,INS000002,Manthan,Shan,1970-09-22,Male,Bengaluru,Karnataka,India,2024-06-21,Active
CUS005793,INS000001,Urvi,Chakraborty,1964-01-15,Male,Mumbai,Maharashtra,India,2022-03-03,Active
CUS005794,INS000005,Widisha,Vig,1972-11-09,Male,Lucknow,Uttar Pradesh,India,2022-04-19,Inactive
CUS005795,INS000005,Patrick,Merchant,1983-08-02,Male,Kolkata,West Bengal,India,2025-09-10,Active
CUS005796,INS000003,Nathaniel,Dhillon,1955-12-27,Male,Kolkata,West Bengal,India,2019-01-24,Active
CUS005797,INS000002,Caleb,Wason,1954-05-25,Female,Nagpur,Maharashtra,India,2020-07-26,Active
CUS005798,INS000002,Chatura,Pau,1998-04-27,Male,Lucknow,Uttar Pradesh,India,2020-12-14,Active
CUS005799,INS000004,Januja,Rajagopalan,1995-12-25,Female,Jaipur,Rajasthan,India,2018-08-08,Active
CUS005800,INS000001,Bhavani,Kothari,1961-09-23,Male,Chennai,Tamil Nadu,India,2021-08-03,Active
CUS005801,INS000002,Shaurya,Din,1989-11-09,Male,Indore,Madhya Pradesh,India,2023-02-01,Active
CUS005802,INS000005,Radhika,Narayanan,1999-01-28,Male,Jaipur,Rajasthan,India,2024-12-19,Active
CUS005803,INS000001,Zayan,Chauhan,1996-08-06,Female,Mysuru,Karnataka,India,2019-12-25,Active
CUS005804,INS000001,Gaurika,Menon,1996-01-16,Male,Lucknow,Uttar Pradesh,India,2022-10-29,Inactive
CUS005805,INS000003,Sudiksha,Bail,1968-04-27,Other,Hyderabad,Telangana,India,2018-10-28,Active
CUS005806,INS000002,Caleb,Tella,1966-11-13,Female,Bengaluru,Karnataka,India,2020-06-26,Active
CUS005807,INS000003,Hemang,Mukherjee,1987-03-13,Female,Lucknow,Uttar Pradesh,India,2019-04-24,Active
CUS005808,INS000002,Charles,Hayer,1959-03-26,Male,Jaipur,Rajasthan,India,2019-04-17,Active
CUS005809,INS000004,Patrick,Gill,1950-09-23,Female,Delhi,Delhi,India,2023-04-22,Active
CUS005810,INS000003,Nakul,Gupta,1975-03-25,Female,Nagpur,Maharashtra,India,2023-12-22,Active
CUS005811,INS000003,Ayush,Chokshi,1960-11-27,Male,Kolkata,West Bengal,India,2024-02-21,Active
CUS005812,INS000005,Vedhika,Goyal,1993-10-17,Female,Patna,Bihar,India,2022-02-27,Active
CUS005813,INS000003,Yutika,Kapoor,1966-04-09,Female,Chennai,Tamil Nadu,India,2021-04-23,Active
CUS005814,INS000002,Jack,Menon,1961-09-12,Female,Hyderabad,Telangana,India,2025-05-11,Active
CUS005815,INS000005,Ekavir,Dhaliwal,1997-05-07,Female,Indore,Madhya Pradesh,India,2026-07-05,Active
CUS005816,INS000003,Wahab,Sani,1989-09-22,Female,Thane,Maharashtra,India,2023-06-07,Active
CUS005817,INS000003,Sai,Raval,1981-11-07,Female,Indore,Madhya Pradesh,India,2018-12-31,Active
CUS005818,INS000004,Eshana,Bhakta,1963-12-12,Male,Indore,Madhya Pradesh,India,2020-09-27,Active
CUS005819,INS000003,Oni,Reddy,1964-05-30,Female,Hyderabad,Telangana,India,2023-11-21,Active
CUS005820,INS000001,Rushil,Bajaj,1962-09-15,Female,Kolkata,West Bengal,India,2020-08-30,Active
CUS005821,INS000005,Eshana,Solanki,1972-02-12,Female,Kolkata,West Bengal,India,2025-01-05,Active
CUS005822,INS000001,Victor,Dubey,2005-01-25,Other,Bhubaneswar,Odisha,India,2024-02-20,Active
CUS005823,INS000005,Imaran,Rao,1993-05-19,Male,Patna,Bihar,India,2023-11-18,Active
CUS005824,INS000004,Eshana,Dalal,1972-09-17,Male,Hyderabad,Telangana,India,2019-03-05,Active
CUS005825,INS000003,Vedant,Shankar,2002-12-13,Male,Chandigarh,Chandigarh,India,2019-12-28,Active
CUS005826,INS000003,Guneet,Sahni,1965-05-10,Male,Patna,Bihar,India,2021-03-01,Active
CUS005827,INS000003,Warjas,Balasubramanian,1952-10-05,Male,Patna,Bihar,India,2024-12-31,Inactive
CUS005828,INS000005,Nitara,Sathe,1975-10-24,Female,Nagpur,Maharashtra,India,2026-05-06,Active
CUS005829,INS000003,Ryan,Ghosh,1997-06-27,Male,Ahmedabad,Gujarat,India,2019-06-14,Active
CUS005830,INS000001,Keya,Kalita,1997-09-10,Female,Indore,Madhya Pradesh,India,2021-03-14,Active
CUS005831,INS000003,Thomas,More,1960-10-16,Female,Nagpur,Maharashtra,India,2025-05-16,Active
CUS005832,INS000004,Ethan,Kari,1965-01-17,Male,Chennai,Tamil Nadu,India,2023-08-11,Active
CUS005833,INS000001,Urishilla,Venkatesh,1983-03-14,Male,Thane,Maharashtra,India,2020-01-22,Active
CUS005834,INS000003,Vedhika,Kannan,1972-11-09,Female,Ahmedabad,Gujarat,India,2025-08-21,Active
CUS005835,INS000003,Chatura,Nanda,1986-07-29,Female,Chennai,Tamil Nadu,India,2023-08-21,Active
CUS005836,INS000002,Rajata,Pathak,1958-05-07,Female,Jaipur,Rajasthan,India,2024-12-05,Active
CUS005837,INS000005,Maanav,Kohli,1969-09-23,Female,Kochi,Kerala,India,2026-03-07,Active
CUS005838,INS000001,Tarak,Venkatesh,1951-10-23,Other,Surat,Gujarat,India,2023-01-30,Active
CUS005839,INS000002,Suhani,Devi,1966-03-15,Female,Bhopal,Madhya Pradesh,India,2024-01-14,Active
CUS005840,INS000004,Pranav,Badal,1970-04-28,Female,Delhi,Delhi,India,2020-01-29,Active
CUS005841,INS000005,Lila,Mane,1998-11-28,Female,Surat,Gujarat,India,2019-07-05,Active
CUS005842,INS000001,Kashvi,Aggarwal,1984-02-07,Female,Kolkata,West Bengal,India,2023-01-08,Active
CUS005843,INS000003,Laban,Padmanabhan,1970-10-01,Male,Pune,Maharashtra,India,2019-07-08,Active
CUS005844,INS000001,Tanvi,Reddy,2007-02-05,Other,Mumbai,Maharashtra,India,2025-12-30,Active
CUS005845,INS000003,Rishi,Dalal,2000-01-19,Male,Mumbai,Maharashtra,India,2025-10-01,Active
CUS005846,INS000005,Jagrati,Dhar,1987-05-08,Female,Indore,Madhya Pradesh,India,2026-05-25,Active
CUS005847,INS000003,Anamika,Saraf,2004-11-20,Male,Surat,Gujarat,India,2025-10-03,Active
CUS005848,INS000004,Samaksh,Om,1997-05-28,Male,Surat,Gujarat,India,2023-05-11,Active
CUS005849,INS000003,Gautami,Balan,2007-12-12,Male,Hyderabad,Telangana,India,2020-02-15,Active
CUS005850,INS000004,Joshua,Din,1985-11-28,Male,Hyderabad,Telangana,India,2019-03-13,Active
CUS005851,INS000005,Azad,Ravi,2001-08-04,Male,Mumbai,Maharashtra,India,2022-01-26,Active
CUS005852,INS000005,Darpan,Parmer,2004-01-11,Female,Kolkata,West Bengal,India,2023-07-26,Active
CUS005853,INS000001,Avni,Din,1999-07-12,Male,Bengaluru,Karnataka,India,2023-09-08,Active
CUS005854,INS000004,Laban,Saraf,2000-10-22,Male,Thane,Maharashtra,India,2025-04-24,Active
CUS005855,INS000004,Indrajit,Lata,1965-01-10,Male,Kolkata,West Bengal,India,2019-08-03,Active
CUS005856,INS000002,Udyati,Chander,1975-05-13,Female,Jaipur,Rajasthan,India,2025-01-11,Active
CUS005857,INS000002,Tara,Raja,2003-01-19,Male,Patna,Bihar,India,2019-10-11,Inactive
CUS005858,INS000002,Omya,Radhakrishnan,2001-04-09,Male,Bengaluru,Karnataka,India,2024-08-23,Active
CUS005859,INS000003,Onveer,Padmanabhan,1975-01-27,Female,Bengaluru,Karnataka,India,2025-07-14,Active
CUS005860,INS000002,Hemal,Ray,1969-07-21,Female,Pune,Maharashtra,India,2020-09-14,Active
CUS005861,INS000004,Thomas,Bora,1969-04-26,Male,Mysuru,Karnataka,India,2024-12-08,Active
CUS005862,INS000003,Chakrika,Kalita,1956-03-05,Male,Hyderabad,Telangana,India,2019-01-15,Active
CUS005863,INS000005,Naksh,Aurora,2000-08-04,Male,Mumbai,Maharashtra,India,2025-02-12,Active
CUS005864,INS000001,Onkar,Subramaniam,1974-01-30,Other,Thane,Maharashtra,India,2023-02-13,Active
CUS005865,INS000002,Victor,Sandhu,1953-03-14,Male,Chandigarh,Chandigarh,India,2018-11-01,Active
CUS005866,INS000005,Gabriel,Chaudhari,1977-02-27,Female,Pune,Maharashtra,India,2024-12-24,Active
CUS005867,INS000004,Nisha,Dhingra,1997-02-24,Male,Surat,Gujarat,India,2022-06-11,Active
CUS005868,INS000001,Vrinda,Gupta,1980-12-08,Female,Delhi,Delhi,India,2019-03-15,Active
CUS005869,INS000005,Tarak,Wadhwa,1950-11-11,Male,Kolkata,West Bengal,India,2024-07-14,Active
CUS005870,INS000001,Urvashi,Murthy,1994-10-19,Male,Indore,Madhya Pradesh,India,2020-05-02,Active
CUS005871,INS000002,Turvi,Nayar,1996-11-23,Male,Chandigarh,Chandigarh,India,2025-06-18,Inactive
CUS005872,INS000004,Arya,Dara,1970-05-02,Male,Delhi,Delhi,India,2024-09-26,Active
CUS005873,INS000001,Akshay,Krishnamurthy,1958-07-06,Male,Patna,Bihar,India,2021-08-31,Active
CUS005874,INS000005,Priya,Handa,1980-02-07,Female,Delhi,Delhi,India,2022-05-05,Active
CUS005875,INS000002,Yatin,Loke,1977-01-04,Other,Mumbai,Maharashtra,India,2023-11-10,Active
CUS005876,INS000002,Yug,Rastogi,2004-10-21,Male,Patna,Bihar,India,2023-02-01,Active
CUS005877,INS000005,Falak,Dixit,2007-10-15,Female,Chandigarh,Chandigarh,India,2019-02-03,Active
CUS005878,INS000005,Radha,Khosla,1993-06-30,Other,Bengaluru,Karnataka,India,2024-09-13,Active
CUS005879,INS000001,Tristan,Mukhopadhyay,1986-01-04,Female,Pune,Maharashtra,India,2022-01-09,Active
CUS005880,INS000003,Manthan,Upadhyay,1973-11-30,Male,Patna,Bihar,India,2026-01-14,Active
CUS005881,INS000002,Abdul,Magar,1972-06-25,Female,Hyderabad,Telangana,India,2024-05-02,Active
CUS005882,INS000001,Omisha,Baria,2006-06-13,Male,Delhi,Delhi,India,2019-01-30,Inactive
CUS005883,INS000005,Chaitanya,Balan,1975-07-11,Female,Delhi,Delhi,India,2021-12-16,Active
CUS005884,INS000001,Banjeet,Gala,1984-10-06,Male,Kolkata,West Bengal,India,2018-10-28,Active
CUS005885,INS000005,Upma,Sridhar,1986-01-21,Male,Nagpur,Maharashtra,India,2019-05-14,Active
CUS005886,INS000004,Yamini,Kapur,1965-07-30,Male,Mumbai,Maharashtra,India,2022-12-04,Active
CUS005887,INS000005,Bahadurjit,Agarwal,1951-07-21,Male,Patna,Bihar,India,2020-01-10,Active
CUS005888,INS000005,Pavani,Ahuja,1991-04-01,Female,Jaipur,Rajasthan,India,2024-06-10,Active
CUS005889,INS000005,Meera,Varkey,1977-02-20,Male,Surat,Gujarat,India,2018-10-11,Active
CUS005890,INS000003,Varenya,Saraf,2000-02-05,Female,Chennai,Tamil Nadu,India,2024-03-07,Active
CUS005891,INS000005,Guneet,Raman,1987-11-12,Male,Thane,Maharashtra,India,2019-05-19,Active
CUS005892,INS000002,Sneha,Ramachandran,2001-03-10,Male,Hyderabad,Telangana,India,2020-12-13,Active
CUS005893,INS000002,Warhi,Bhatnagar,2000-11-10,Female,Chandigarh,Chandigarh,India,2020-11-04,Active
CUS005894,INS000001,Wridesh,Bhakta,1975-09-23,Other,Delhi,Delhi,India,2022-03-27,Active
CUS005895,INS000003,Fiyaz,Dada,1953-08-02,Male,Hyderabad,Telangana,India,2018-10-06,Inactive
CUS005896,INS000001,Advik,Ram,1999-09-08,Male,Hyderabad,Telangana,India,2020-03-20,Active
CUS005897,INS000002,Niharika,Thakur,1986-08-19,Female,Ahmedabad,Gujarat,India,2022-09-24,Inactive
CUS005898,INS000002,Tejas,Jaggi,2003-04-11,Male,Thane,Maharashtra,India,2023-02-14,Active
CUS005899,INS000004,Kevin,Borde,1955-04-15,Female,Delhi,Delhi,India,2024-08-21,Inactive
CUS005900,INS000005,Jagrati,Bumb,2006-06-24,Female,Bhopal,Madhya Pradesh,India,2020-02-19,Active
CUS005901,INS000002,Chakrika,Hans,1963-01-24,Male,Chennai,Tamil Nadu,India,2020-05-26,Active
CUS005902,INS000001,William,Natt,1980-12-20,Male,Chandigarh,Chandigarh,India,2022-03-28,Active
CUS005903,INS000001,Gautam,Bal,1996-10-10,Male,Pune,Maharashtra,India,2024-07-05,Active
CUS005904,INS000005,Amol,Bava,2005-10-06,Male,Chandigarh,Chandigarh,India,2025-07-07,Active
CUS005905,INS000005,Varsha,Bhatti,2004-09-04,Female,Mumbai,Maharashtra,India,2022-01-24,Active
CUS005906,INS000004,Dalaja,Prashad,1976-08-02,Female,Indore,Madhya Pradesh,India,2021-05-29,Active
CUS005907,INS000003,Neel,Wable,1970-02-17,Female,Nagpur,Maharashtra,India,2023-12-16,Active
CUS005908,INS000001,Tripti,Bhalla,1978-06-20,Female,Ahmedabad,Gujarat,India,2019-11-07,Active
CUS005909,INS000005,Arjun,Mallick,1971-05-24,Male,Chennai,Tamil Nadu,India,2020-12-03,Active
CUS005910,INS000001,Suhani,Buch,1975-08-31,Female,Mumbai,Maharashtra,India,2024-04-10,Active
CUS005911,INS000005,Ubika,Memon,1969-06-30,Male,Chennai,Tamil Nadu,India,2019-02-18,Active
CUS005912,INS000002,Lakshit,Bora,1988-06-14,Female,Bengaluru,Karnataka,India,2026-01-19,Active
CUS005913,INS000001,Nidra,Nagy,1955-01-16,Male,Mumbai,Maharashtra,India,2019-03-26,Active
CUS005914,INS000002,Qasim,Bhagat,1992-10-28,Female,Hyderabad,Telangana,India,2025-08-17,Active
CUS005915,INS000001,Kamala,Setty,1975-02-06,Female,Lucknow,Uttar Pradesh,India,2025-03-10,Active
CUS005916,INS000003,Ucchal,Reddy,1951-10-05,Male,Hyderabad,Telangana,India,2019-06-07,Active
CUS005917,INS000004,Aarav,Goel,1956-03-01,Male,Mumbai,Maharashtra,India,2021-12-02,Active
CUS005918,INS000002,Ekavir,Vig,1979-02-07,Female,Ahmedabad,Gujarat,India,2022-12-29,Active
CUS005919,INS000005,Lekha,Hayre,1967-07-27,Male,Mumbai,Maharashtra,India,2019-09-01,Active
CUS005920,INS000003,Gaurangi,Savant,1983-04-03,Female,Jaipur,Rajasthan,India,2025-03-05,Active
CUS005921,INS000001,Bachittar,Sabharwal,1992-07-19,Female,Hyderabad,Telangana,India,2021-07-23,Active
CUS005922,INS000002,Chaman,Dhawan,1961-01-30,Female,Ahmedabad,Gujarat,India,2024-03-01,Active
CUS005923,INS000001,Pooja,Bedi,1967-01-29,Male,Bengaluru,Karnataka,India,2021-03-23,Active
CUS005924,INS000001,Anamika,Pillay,1962-08-20,Female,Jaipur,Rajasthan,India,2023-09-09,Active
CUS005925,INS000001,Sarthak,Kannan,2006-08-09,Male,Pune,Maharashtra,India,2022-05-17,Active
CUS005926,INS000004,Faris,Mammen,1986-01-08,Male,Patna,Bihar,India,2022-11-23,Active
CUS005927,INS000004,Gautami,Madan,1987-09-14,Female,Ahmedabad,Gujarat,India,2025-05-25,Active
CUS005928,INS000005,Christopher,Badal,1975-10-30,Female,Mumbai,Maharashtra,India,2024-05-29,Active
CUS005929,INS000002,Yutika,Tandon,1980-08-05,Male,Surat,Gujarat,India,2026-03-16,Active
CUS005930,INS000003,Januja,Sastry,1951-09-07,Male,Kochi,Kerala,India,2021-11-17,Active
CUS005931,INS000003,Charan,Savant,2007-03-27,Female,Kochi,Kerala,India,2022-08-09,Active
CUS005932,INS000003,Indrajit,Manda,2004-04-30,Female,Hyderabad,Telangana,India,2021-03-11,Active
CUS005933,INS000001,Leela,Raman,1969-05-28,Female,Jaipur,Rajasthan,India,2018-10-25,Active
CUS005934,INS000004,Jasmit,Gaba,2003-05-06,Male,Mysuru,Karnataka,India,2026-01-03,Active
CUS005935,INS000002,Udyati,Bhardwaj,1988-01-20,Female,Kolkata,West Bengal,India,2026-05-10,Active
CUS005936,INS000001,Banjeet,Sen,1995-12-06,Female,Chennai,Tamil Nadu,India,2026-07-19,Active
CUS005937,INS000004,Jasmit,Dey,1974-04-18,Female,Pune,Maharashtra,India,2020-09-30,Active
CUS005938,INS000004,Jeevika,Rau,1991-08-19,Female,Surat,Gujarat,India,2024-08-23,Active
CUS005939,INS000002,Parth,Sabharwal,1996-06-24,Male,Mysuru,Karnataka,India,2022-09-08,Active
CUS005940,INS000002,Ekalinga,De,1963-11-26,Other,Indore,Madhya Pradesh,India,2025-05-20,Active
CUS005941,INS000002,Samarth,Devan,1970-07-03,Male,Surat,Gujarat,India,2022-02-10,Inactive
CUS005942,INS000001,Lakshit,Padmanabhan,1953-03-30,Male,Lucknow,Uttar Pradesh,India,2026-04-15,Active
CUS005943,INS000005,Gaurika,Bahl,1998-06-10,Female,Chandigarh,Chandigarh,India,2025-06-01,Inactive
CUS005944,INS000002,William,Chanda,1994-01-24,Female,Surat,Gujarat,India,2025-08-16,Active
CUS005945,INS000005,Ishaan,Swamy,1965-12-06,Female,Delhi,Delhi,India,2023-07-23,Active
CUS005946,INS000001,Vanya,Som,1960-12-02,Female,Pune,Maharashtra,India,2022-07-14,Active
CUS005947,INS000005,Shaurya,Rajagopalan,1983-02-20,Male,Surat,Gujarat,India,2023-12-05,Active
CUS005948,INS000003,Umang,Batta,1954-10-13,Female,Jaipur,Rajasthan,India,2022-01-12,Active
CUS005949,INS000005,Ekani,Dyal,1998-10-29,Male,Delhi,Delhi,India,2023-02-14,Active
CUS005950,INS000002,Ira,Bhavsar,1981-10-01,Female,Lucknow,Uttar Pradesh,India,2020-01-17,Active
CUS005951,INS000001,Amara,Lall,1960-05-02,Male,Nagpur,Maharashtra,India,2023-08-29,Active
CUS005952,INS000002,Yahvi,Bajaj,1969-10-22,Female,Bengaluru,Karnataka,India,2023-05-10,Inactive
CUS005953,INS000003,Pallavi,Ranganathan,1976-06-14,Male,Mumbai,Maharashtra,India,2020-08-15,Active
CUS005954,INS000002,Aradhana,Viswanathan,1968-01-15,Female,Mumbai,Maharashtra,India,2020-08-27,Active
CUS005955,INS000002,Chatura,Walla,1952-07-13,Female,Surat,Gujarat,India,2025-01-12,Active
CUS005956,INS000002,Dev,Lall,1958-02-22,Male,Nagpur,Maharashtra,India,2023-10-15,Active
CUS005957,INS000004,Kashish,Bhavsar,1953-10-30,Female,Kolkata,West Bengal,India,2026-05-31,Active
CUS005958,INS000003,Hemani,Hayer,2000-08-10,Female,Kochi,Kerala,India,2020-08-22,Active
CUS005959,INS000002,Sneha,Issac,2000-06-09,Female,Bhubaneswar,Odisha,India,2020-05-05,Active
CUS005960,INS000002,Vedika,Jain,1981-11-09,Female,Bengaluru,Karnataka,India,2022-04-21,Active
CUS005961,INS000002,Yachana,Setty,2001-02-19,Male,Delhi,Delhi,India,2024-02-28,Active
CUS005962,INS000001,Jason,Kata,2008-07-17,Male,Chennai,Tamil Nadu,India,2021-01-26,Active
CUS005963,INS000004,Upma,Chakraborty,1975-06-01,Male,Mumbai,Maharashtra,India,2022-03-28,Active
CUS005964,INS000001,Brinda,Deo,1960-08-07,Male,Bengaluru,Karnataka,India,2025-03-31,Active
CUS005965,INS000004,Siya,Murthy,1972-06-06,Male,Patna,Bihar,India,2020-09-12,Active
CUS005966,INS000002,Jhalak,Parmar,1998-10-18,Female,Kolkata,West Bengal,India,2023-05-15,Active
CUS005967,INS000003,Dominic,Garg,1980-06-03,Male,Bengaluru,Karnataka,India,2024-05-10,Active
CUS005968,INS000005,Raghav,Jain,1996-05-25,Male,Hyderabad,Telangana,India,2024-06-25,Active
CUS005969,INS000005,Tanvi,Pai,1987-02-04,Male,Jaipur,Rajasthan,India,2019-12-13,Active
CUS005970,INS000002,Gagan,Rattan,1994-09-19,Female,Pune,Maharashtra,India,2024-08-08,Active
CUS005971,INS000001,Faris,Chopra,1965-01-23,Female,Kolkata,West Bengal,India,2019-01-25,Active
CUS005972,INS000003,Mahika,Sibal,1988-02-12,Male,Kochi,Kerala,India,2025-02-17,Active
CUS005973,INS000004,Praneel,Buch,1983-11-01,Female,Mysuru,Karnataka,India,2022-05-24,Active
CUS005974,INS000002,Bhavya,Shetty,1994-08-10,Male,Indore,Madhya Pradesh,India,2025-08-17,Active
CUS005975,INS000003,Faraj,Anne,1974-03-21,Other,Surat,Gujarat,India,2024-11-15,Active
CUS005976,INS000003,Ikbal,Jayaraman,1983-01-15,Female,Delhi,Delhi,India,2023-11-05,Active
CUS005977,INS000004,Nitesh,Gala,1953-08-08,Male,Mumbai,Maharashtra,India,2025-03-12,Active
CUS005978,INS000003,Anya,Chaudry,1972-12-13,Female,Lucknow,Uttar Pradesh,India,2025-12-19,Active
CUS005979,INS000001,Isaac,Brar,1969-05-04,Female,Indore,Madhya Pradesh,India,2018-11-08,Active
CUS005980,INS000001,Manbir,Gade,1970-12-12,Male,Surat,Gujarat,India,2026-08-04,Active
CUS005981,INS000001,Watika,Acharya,1951-09-13,Female,Surat,Gujarat,India,2026-01-16,Active
CUS005982,INS000003,Matthew,Raghavan,1999-04-26,Male,Thane,Maharashtra,India,2023-01-19,Active
CUS005983,INS000001,Samarth,Chowdhury,1951-11-11,Male,Delhi,Delhi,India,2018-09-15,Inactive
CUS005984,INS000004,Arin,Kanda,1955-03-18,Male,Delhi,Delhi,India,2019-03-15,Active
CUS005985,INS000003,Chaaya,Sami,1994-12-03,Male,Indore,Madhya Pradesh,India,2019-03-18,Active
CUS005986,INS000005,Omaja,Khanna,1976-01-30,Male,Mysuru,Karnataka,India,2020-08-07,Active
CUS005987,INS000003,Kevin,Varghese,1984-02-18,Female,Ahmedabad,Gujarat,India,2021-11-13,Active
CUS005988,INS000004,Urvi,Nadkarni,1985-06-18,Male,Mumbai,Maharashtra,India,2023-07-13,Active
CUS005989,INS000005,Idika,Deo,1955-06-23,Male,Mysuru,Karnataka,India,2019-02-20,Active
CUS005990,INS000003,Osha,Sibal,1997-05-18,Female,Patna,Bihar,India,2022-09-08,Active
CUS005991,INS000001,Sachi,Tandon,1988-03-19,Female,Kolkata,West Bengal,India,2024-11-18,Inactive
CUS005992,INS000002,Ansh,Pai,1950-09-09,Other,Pune,Maharashtra,India,2025-10-05,Active
CUS005993,INS000002,Bishakha,Puri,1967-08-26,Female,Bhubaneswar,Odisha,India,2024-04-18,Active
CUS005994,INS000001,Ranbir,Dara,2004-01-01,Other,Pune,Maharashtra,India,2022-12-01,Active
CUS005995,INS000002,Dev,Gupta,2000-06-17,Female,Nagpur,Maharashtra,India,2024-02-29,Active
CUS005996,INS000002,Anthony,Kamdar,1959-02-25,Other,Nagpur,Maharashtra,India,2024-08-24,Active
CUS005997,INS000001,Vincent,Sem,2000-12-16,Female,Surat,Gujarat,India,2022-05-20,Active
CUS005998,INS000001,Zinal,Borde,1991-09-03,Male,Bhopal,Madhya Pradesh,India,2019-01-15,Active
CUS005999,INS000003,Gautami,Minhas,1977-04-06,Male,Indore,Madhya Pradesh,India,2019-06-27,Active
CUS006000,INS000003,Nisha,Mohanty,1981-01-01,Female,Chennai,Tamil Nadu,India,2020-11-17,Active
CUS006001,INS000001,Hemal,Lalla,1994-08-16,Male,Mysuru,Karnataka,India,2018-08-17,Active
CUS006002,INS000004,Eta,Bawa,1953-06-06,Male,Pune,Maharashtra,India,2023-11-02,Active
CUS006003,INS000002,Vedika,Ganguly,1963-02-21,Female,Lucknow,Uttar Pradesh,India,2020-09-28,Active
CUS006004,INS000003,Sai,Naidu,1969-08-07,Female,Delhi,Delhi,India,2024-03-08,Active
CUS006005,INS000002,Tanvi,Batta,1959-02-09,Male,Indore,Madhya Pradesh,India,2020-08-16,Active
CUS006006,INS000005,Daksha,Dhaliwal,2005-06-07,Female,Nagpur,Maharashtra,India,2021-02-16,Active
CUS006007,INS000001,Kevin,Randhawa,1993-12-12,Female,Delhi,Delhi,India,2025-08-13,Active
CUS006008,INS000004,Damini,Menon,1963-02-09,Other,Kochi,Kerala,India,2024-10-18,Active
CUS006009,INS000005,Onveer,Uppal,1968-03-27,Female,Chennai,Tamil Nadu,India,2025-05-06,Active
CUS006010,INS000005,Abha,Bassi,1966-11-30,Female,Mysuru,Karnataka,India,2019-09-03,Active
CUS006011,INS000005,Utkarsh,Chandra,1987-01-28,Female,Bhubaneswar,Odisha,India,2021-11-06,Active
CUS006012,INS000001,Veda,Sankar,1965-07-29,Male,Nagpur,Maharashtra,India,2019-09-03,Inactive
CUS006013,INS000003,Kamya,Majumdar,1980-02-08,Female,Nagpur,Maharashtra,India,2026-05-21,Active
CUS006014,INS000001,Bhavya,Mane,1985-04-09,Female,Mysuru,Karnataka,India,2025-11-19,Active
CUS006015,INS000003,Champak,Bera,1993-12-09,Female,Delhi,Delhi,India,2019-02-11,Active
CUS006016,INS000005,Manbir,Khalsa,1992-04-15,Female,Mumbai,Maharashtra,India,2024-01-16,Active
CUS006017,INS000005,Ira,Seth,1964-02-04,Male,Pune,Maharashtra,India,2021-04-03,Active
CUS006018,INS000004,Bhavani,Jayaraman,1981-10-04,Female,Ahmedabad,Gujarat,India,2026-04-07,Active
CUS006019,INS000003,Tamanna,Krishna,1989-09-16,Male,Indore,Madhya Pradesh,India,2019-04-17,Inactive
CUS006020,INS000005,Ojas,Chaudry,1959-05-02,Male,Mysuru,Karnataka,India,2023-02-23,Active
CUS006021,INS000002,Naveen,Rao,1963-07-01,Male,Ahmedabad,Gujarat,India,2021-07-01,Active
CUS006022,INS000004,Bhavika,Singhal,1976-02-08,Male,Bhubaneswar,Odisha,India,2024-02-03,Active
CUS006023,INS000001,Qabil,Warrior,1975-01-22,Female,Bengaluru,Karnataka,India,2024-11-21,Active
CUS006024,INS000004,Parth,Chokshi,1978-04-03,Male,Surat,Gujarat,India,2021-10-25,Active
CUS006025,INS000002,Mitesh,Dhar,1999-06-14,Male,Hyderabad,Telangana,India,2025-10-15,Active
CUS006026,INS000003,Neel,Sheth,2002-12-05,Female,Pune,Maharashtra,India,2022-10-21,Active
CUS006027,INS000001,Wazir,Tata,1976-08-12,Male,Chandigarh,Chandigarh,India,2026-02-01,Active
CUS006028,INS000001,Jackson,Varghese,1963-05-09,Male,Nagpur,Maharashtra,India,2019-03-03,Active
CUS006029,INS000003,Benjamin,Garde,1957-10-17,Male,Chennai,Tamil Nadu,India,2021-05-01,Active
CUS006030,INS000004,Edhitha,Grover,1976-07-01,Male,Thane,Maharashtra,India,2019-04-23,Active
CUS006031,INS000005,Jonathan,Borde,1966-11-02,Male,Pune,Maharashtra,India,2025-01-16,Active
CUS006032,INS000004,Ridhi,Atwal,1971-04-29,Male,Ahmedabad,Gujarat,India,2019-12-25,Active
CUS006033,INS000002,Abha,Edwin,1977-05-15,Female,Delhi,Delhi,India,2025-08-16,Active
CUS006034,INS000005,Kala,Chanda,1975-06-05,Male,Nagpur,Maharashtra,India,2018-09-08,Active
CUS006035,INS000004,Qarin,Swamy,1989-10-06,Male,Ahmedabad,Gujarat,India,2018-08-08,Inactive
CUS006036,INS000003,Samesh,Yadav,2002-03-26,Female,Mysuru,Karnataka,India,2022-11-12,Active
CUS006037,INS000002,Bakhshi,Gopal,1973-02-10,Male,Mumbai,Maharashtra,India,2022-09-13,Inactive
CUS006038,INS000002,Edhitha,Chaudry,2005-04-22,Female,Thane,Maharashtra,India,2024-08-03,Active
CUS006039,INS000002,Hemangini,Hari,1976-05-19,Female,Hyderabad,Telangana,India,2023-10-28,Active
CUS006040,INS000005,Manbir,Lal,1968-10-06,Male,Ahmedabad,Gujarat,India,2025-12-13,Active
CUS006041,INS000001,Kashish,Venkataraman,1952-12-26,Female,Chennai,Tamil Nadu,India,2023-09-27,Active
CUS006042,INS000005,Saumya,Saini,1986-03-24,Male,Kolkata,West Bengal,India,2020-12-26,Active
CUS006043,INS000004,Nicholas,Garg,2003-05-09,Male,Patna,Bihar,India,2024-11-24,Active
CUS006044,INS000001,Charvi,Oak,2003-08-30,Female,Bhubaneswar,Odisha,India,2021-01-24,Active
CUS006045,INS000004,Jairaj,Swamy,1985-09-19,Female,Ahmedabad,Gujarat,India,2022-04-06,Inactive
CUS006046,INS000001,Aryan,Sarma,1997-10-18,Female,Chandigarh,Chandigarh,India,2022-03-01,Inactive
CUS006047,INS000005,Nidhi,Kaur,1965-12-20,Female,Mysuru,Karnataka,India,2019-11-18,Active
CUS006048,INS000002,Xalak,Sandhu,1979-05-11,Male,Jaipur,Rajasthan,India,2022-08-28,Active
CUS006049,INS000003,Maanav,Kata,1995-06-17,Female,Nagpur,Maharashtra,India,2021-03-17,Active
CUS006050,INS000002,Tara,Zacharia,1972-04-24,Female,Ahmedabad,Gujarat,India,2026-03-19,Active
CUS006051,INS000005,Ekaja,Kibe,1966-05-31,Other,Surat,Gujarat,India,2024-11-29,Active
CUS006052,INS000001,Nachiket,Contractor,1967-03-29,Female,Thane,Maharashtra,India,2026-04-26,Active
CUS006053,INS000002,Aayush,Varma,1964-06-27,Female,Bhopal,Madhya Pradesh,India,2024-01-30,Active
CUS006054,INS000005,Yashica,Goel,1967-02-23,Male,Hyderabad,Telangana,India,2019-03-24,Active
CUS006055,INS000004,Garima,Nagar,1979-09-29,Female,Chennai,Tamil Nadu,India,2024-08-23,Active
CUS006056,INS000003,Chakrika,Rege,1969-12-27,Male,Delhi,Delhi,India,2023-02-10,Active
CUS006057,INS000002,Urvi,Balakrishnan,1984-09-02,Male,Kolkata,West Bengal,India,2021-06-10,Active
CUS006058,INS000001,Bimala,Nigam,1999-10-24,Female,Thane,Maharashtra,India,2022-11-22,Active
CUS006059,INS000004,Manan,Karnik,1976-06-23,Male,Bhubaneswar,Odisha,India,2019-03-05,Active
CUS006060,INS000005,Riya,Sengupta,1977-04-06,Other,Kochi,Kerala,India,2018-12-17,Active
CUS006061,INS000003,Hamsini,Bajaj,1965-04-26,Male,Indore,Madhya Pradesh,India,2026-01-19,Active
CUS006062,INS000001,Isaiah,Tailor,1998-07-02,Female,Lucknow,Uttar Pradesh,India,2020-03-16,Active
CUS006063,INS000005,Varenya,Sangha,1952-03-12,Male,Pune,Maharashtra,India,2022-04-23,Active
CUS006064,INS000005,Banjeet,Rau,1994-04-16,Male,Mysuru,Karnataka,India,2025-06-29,Active
CUS006065,INS000002,Liam,Dani,1964-07-09,Male,Hyderabad,Telangana,India,2026-02-19,Active
CUS006066,INS000002,Jackson,Setty,1973-03-07,Female,Ahmedabad,Gujarat,India,2025-05-30,Active
CUS006067,INS000001,Darika,Sridhar,1974-12-15,Male,Ahmedabad,Gujarat,India,2023-04-30,Active
CUS006068,INS000005,Aryan,Bhat,1978-03-03,Female,Bhopal,Madhya Pradesh,India,2026-06-13,Inactive
CUS006069,INS000002,Neelima,Rau,1952-01-20,Male,Thane,Maharashtra,India,2024-05-18,Active
CUS006070,INS000003,Thomas,Taneja,2001-03-08,Male,Nagpur,Maharashtra,India,2020-06-30,Active
CUS006071,INS000003,Sanaya,Keer,1951-11-28,Male,Pune,Maharashtra,India,2026-04-05,Inactive
CUS006072,INS000005,Ishanvi,Ravel,2000-11-11,Male,Mumbai,Maharashtra,India,2022-03-18,Inactive
CUS006073,INS000002,George,Vasa,1975-01-13,Female,Surat,Gujarat,India,2019-04-23,Active
CUS006074,INS000001,Eta,Din,1971-03-05,Female,Thane,Maharashtra,India,2018-09-04,Active
CUS006075,INS000001,Christopher,Aurora,1968-06-21,Male,Surat,Gujarat,India,2019-12-17,Active
CUS006076,INS000001,Robert,Patla,1976-06-02,Female,Ahmedabad,Gujarat,India,2025-04-08,Active
CUS006077,INS000003,Tristan,Agate,1962-03-09,Female,Bhopal,Madhya Pradesh,India,2024-02-15,Active
CUS006078,INS000002,Arunima,Puri,1955-09-20,Male,Lucknow,Uttar Pradesh,India,2020-02-23,Active
CUS006079,INS000002,Rohan,Zachariah,1968-12-28,Male,Thane,Maharashtra,India,2022-03-28,Active
CUS006080,INS000003,Arin,Dhawan,1977-12-06,Female,Thane,Maharashtra,India,2023-11-16,Active
CUS006081,INS000001,Fiyaz,Chad,1962-08-25,Male,Nagpur,Maharashtra,India,2025-06-19,Inactive
CUS006082,INS000001,Sanaya,Garg,1995-08-31,Male,Nagpur,Maharashtra,India,2023-03-31,Active
CUS006083,INS000005,Gagan,Gole,1954-01-17,Male,Bhopal,Madhya Pradesh,India,2020-04-08,Active
CUS006084,INS000004,Yauvani,Kapur,1984-09-22,Female,Mysuru,Karnataka,India,2026-02-11,Inactive
CUS006085,INS000002,Meera,Palla,1996-05-08,Male,Delhi,Delhi,India,2021-02-09,Active
CUS006086,INS000002,Robert,Narang,1987-12-01,Male,Jaipur,Rajasthan,India,2024-02-27,Active
CUS006087,INS000002,Vritti,Dutta,1953-04-19,Male,Hyderabad,Telangana,India,2021-05-17,Active
CUS006088,INS000004,Eesha,Chadha,1999-12-19,Male,Kolkata,West Bengal,India,2019-02-22,Active
CUS006089,INS000005,Yasti,Ramaswamy,1993-06-07,Male,Mysuru,Karnataka,India,2020-12-18,Active
CUS006090,INS000004,Daksh,Pau,1996-10-14,Female,Thane,Maharashtra,India,2020-10-16,Active
CUS006091,INS000001,Jalsa,Aurora,1972-03-18,Male,Kochi,Kerala,India,2023-12-01,Active
CUS006092,INS000001,Mitali,Nayak,1971-04-24,Female,Kochi,Kerala,India,2022-07-24,Active
CUS006093,INS000002,Manbir,Zacharia,1979-12-18,Male,Surat,Gujarat,India,2025-12-25,Active
CUS006094,INS000003,Prisha,Sem,1964-08-24,Female,Bengaluru,Karnataka,India,2022-01-20,Active
CUS006095,INS000002,Kala,Cheema,1967-06-14,Female,Pune,Maharashtra,India,2025-05-28,Active
CUS006096,INS000003,Libni,Lanka,1965-11-16,Male,Mysuru,Karnataka,India,2019-09-04,Active
CUS006097,INS000004,Kashish,Ravel,1964-10-05,Female,Delhi,Delhi,India,2023-04-21,Inactive
CUS006098,INS000001,Advik,Doctor,2007-08-17,Female,Patna,Bihar,India,2024-10-12,Active
CUS006099,INS000003,Bhavani,Bora,1997-01-11,Female,Delhi,Delhi,India,2025-02-06,Active
CUS006100,INS000004,Hemani,Virk,1988-07-28,Male,Lucknow,Uttar Pradesh,India,2026-02-02,Active
CUS006101,INS000001,Indali,Ghosh,1975-02-12,Other,Thane,Maharashtra,India,2022-10-10,Active
CUS006102,INS000003,Darika,Bora,1964-11-13,Female,Pune,Maharashtra,India,2026-05-20,Active
CUS006103,INS000002,Sanaya,Dewan,2005-12-03,Other,Hyderabad,Telangana,India,2019-06-08,Active
CUS006104,INS000002,Gagan,Narang,2003-08-08,Female,Bengaluru,Karnataka,India,2026-05-07,Active
CUS006105,INS000002,Tanveer,Rao,2000-10-07,Male,Kolkata,West Bengal,India,2019-10-04,Active
CUS006106,INS000004,Sachi,Shan,1958-02-23,Female,Chennai,Tamil Nadu,India,2024-08-26,Active
CUS006107,INS000002,Ojasvi,Baral,1974-06-23,Female,Ahmedabad,Gujarat,India,2024-08-02,Active
CUS006108,INS000005,Saanvi,Warrior,2007-08-31,Other,Chennai,Tamil Nadu,India,2018-12-23,Active
CUS006109,INS000001,Bhavya,Loyal,1987-03-21,Male,Surat,Gujarat,India,2021-08-15,Active
CUS006110,INS000004,Nihal,Keer,2003-09-12,Female,Pune,Maharashtra,India,2024-10-12,Inactive
CUS006111,INS000002,Panini,Sani,1989-07-11,Male,Surat,Gujarat,India,2024-01-20,Active
CUS006112,INS000001,Oeshi,Mani,1951-05-20,Female,Delhi,Delhi,India,2021-03-12,Inactive
CUS006113,INS000003,Liam,Babu,2006-03-01,Male,Delhi,Delhi,India,2026-06-09,Active
CUS006114,INS000002,Gabriel,Dutt,1965-09-10,Male,Bengaluru,Karnataka,India,2023-03-23,Active
CUS006115,INS000001,Maanas,Date,1952-04-11,Female,Kochi,Kerala,India,2021-07-05,Active
CUS006116,INS000005,Sarthak,Barad,2008-07-29,Male,Thane,Maharashtra,India,2021-02-22,Active
CUS006117,INS000003,Chavvi,Narayanan,1993-05-04,Female,Chandigarh,Chandigarh,India,2023-11-13,Active
CUS006118,INS000005,Vaishnavi,Bandi,1954-09-01,Female,Pune,Maharashtra,India,2024-02-05,Active
CUS006119,INS000001,Gautami,Karpe,1993-04-07,Male,Patna,Bihar,India,2022-04-22,Active
CUS006120,INS000005,Dominic,Sant,1997-11-13,Male,Mumbai,Maharashtra,India,2024-10-05,Active
CUS006121,INS000001,Keya,Krishna,1984-07-11,Female,Mumbai,Maharashtra,India,2020-08-12,Active
CUS006122,INS000001,Gaurang,Tripathi,1994-04-21,Male,Bhopal,Madhya Pradesh,India,2021-07-19,Active
CUS006123,INS000005,Abeer,Manne,1971-07-31,Female,Mysuru,Karnataka,India,2024-02-20,Active
CUS006124,INS000001,Nimrat,De,1975-01-16,Other,Kolkata,West Bengal,India,2025-11-14,Active
CUS006125,INS000002,Anjali,Misra,1955-03-01,Male,Mumbai,Maharashtra,India,2021-11-07,Active
CUS006126,INS000001,Oeshi,Nazareth,1990-08-03,Male,Mysuru,Karnataka,India,2024-04-30,Inactive
CUS006127,INS000004,Parth,Vala,1985-04-11,Male,Chennai,Tamil Nadu,India,2021-11-07,Active
CUS006128,INS000001,Turvi,Bhatti,1983-07-12,Female,Kolkata,West Bengal,India,2024-04-28,Active
CUS006129,INS000004,Laksh,Chad,1993-04-07,Male,Pune,Maharashtra,India,2019-08-25,Active
CUS006130,INS000001,Ryan,Mander,1998-12-12,Male,Chennai,Tamil Nadu,India,2021-08-02,Active
CUS006131,INS000001,Quincy,Palan,2008-03-25,Female,Mumbai,Maharashtra,India,2020-10-08,Active
CUS006132,INS000005,Lakshmi,Seth,1955-08-20,Female,Kolkata,West Bengal,India,2021-09-27,Active
CUS006133,INS000002,Bimala,Tripathi,1956-07-03,Male,Mumbai,Maharashtra,India,2018-11-03,Active
CUS006134,INS000002,Vritti,Shankar,2002-01-12,Male,Surat,Gujarat,India,2025-02-24,Active
CUS006135,INS000003,Brijesh,Banik,1979-09-27,Other,Bengaluru,Karnataka,India,2022-06-27,Active
CUS006136,INS000005,Chasmum,Sastry,1994-01-13,Female,Chandigarh,Chandigarh,India,2018-08-30,Active
CUS006137,INS000005,Daksha,Chand,1976-07-29,Female,Kolkata,West Bengal,India,2022-12-25,Active
CUS006138,INS000002,Wakeeta,Parikh,2004-06-29,Female,Bengaluru,Karnataka,India,2022-05-11,Active
CUS006139,INS000005,Ubika,Gola,1973-11-26,Other,Surat,Gujarat,India,2026-03-23,Inactive
CUS006140,INS000002,Udarsh,Keer,1955-01-14,Female,Thane,Maharashtra,India,2024-12-18,Active
CUS006141,INS000005,Avi,Ratti,1992-12-13,Female,Pune,Maharashtra,India,2025-04-24,Active
CUS006142,INS000001,Aarnav,Sem,1977-11-19,Female,Pune,Maharashtra,India,2020-04-10,Active
CUS006143,INS000002,Mitesh,Ramakrishnan,1975-04-03,Female,Bengaluru,Karnataka,India,2018-10-30,Active
CUS006144,INS000002,Adweta,Sridhar,1955-12-30,Male,Nagpur,Maharashtra,India,2022-03-31,Active
CUS006145,INS000004,Charita,Hayre,1987-11-20,Male,Pune,Maharashtra,India,2026-05-29,Active
CUS006146,INS000005,Urmi,Zacharia,1988-03-06,Female,Ahmedabad,Gujarat,India,2019-07-12,Active
CUS006147,INS000005,Jeet,Grover,1980-03-31,Male,Ahmedabad,Gujarat,India,2025-06-02,Active
CUS006148,INS000002,Bhavna,Bal,1989-05-26,Female,Ahmedabad,Gujarat,India,2024-07-09,Active
CUS006149,INS000001,Omisha,Seth,1966-11-17,Male,Nagpur,Maharashtra,India,2025-02-17,Active
CUS006150,INS000001,Praneel,Maharaj,1977-05-16,Female,Chennai,Tamil Nadu,India,2025-02-16,Active
CUS006151,INS000001,Vyanjana,Rai,1984-06-12,Male,Patna,Bihar,India,2020-01-15,Active
CUS006152,INS000005,Yash,Brahmbhatt,1973-10-17,Female,Ahmedabad,Gujarat,India,2021-09-04,Active
CUS006153,INS000004,Ayush,Bhatt,1988-05-09,Female,Thane,Maharashtra,India,2025-10-10,Active
CUS006154,INS000002,Jagdish,Shenoy,1995-12-16,Male,Mysuru,Karnataka,India,2022-10-12,Active
CUS006155,INS000003,Aradhana,Talwar,1972-11-02,Female,Bhubaneswar,Odisha,India,2024-09-30,Inactive
CUS006156,INS000004,Waida,Wali,2001-12-16,Male,Bengaluru,Karnataka,India,2020-01-19,Active
CUS006157,INS000003,Ekalinga,Tailor,1991-09-04,Male,Bhopal,Madhya Pradesh,India,2020-06-06,Active
CUS006158,INS000004,Janaki,Rajagopalan,1951-07-09,Male,Bhubaneswar,Odisha,India,2019-12-15,Active
CUS006159,INS000001,Vasana,Doctor,1972-03-24,Male,Thane,Maharashtra,India,2023-02-10,Active
CUS006160,INS000005,Rajata,Sarin,1958-04-29,Other,Chennai,Tamil Nadu,India,2019-01-26,Inactive
CUS006161,INS000003,Aarna,Tiwari,1974-01-15,Male,Ahmedabad,Gujarat,India,2025-01-24,Active
CUS006162,INS000004,Vamakshi,Tank,2007-04-28,Female,Chennai,Tamil Nadu,India,2019-12-18,Active
CUS006163,INS000005,Jagdish,Dube,1984-08-06,Male,Kochi,Kerala,India,2022-12-09,Active
CUS006164,INS000003,Kashvi,Dayal,1951-07-29,Female,Surat,Gujarat,India,2024-07-04,Active
CUS006165,INS000002,Yauvani,Nagarajan,1987-10-31,Male,Bhopal,Madhya Pradesh,India,2020-12-05,Active
CUS006166,INS000004,Anay,Varty,1954-07-14,Female,Thane,Maharashtra,India,2021-10-02,Active
CUS006167,INS000002,Aashi,Hayre,1992-04-06,Female,Thane,Maharashtra,India,2018-08-16,Active
CUS006168,INS000001,Nicholas,Tak,1991-04-13,Female,Thane,Maharashtra,India,2023-11-01,Active
CUS006169,INS000002,Dalbir,Barad,1990-09-19,Male,Nagpur,Maharashtra,India,2024-04-29,Active
CUS006170,INS000002,Madhav,Wali,1950-10-23,Female,Bhopal,Madhya Pradesh,India,2023-11-21,Active
CUS006171,INS000004,Ekaja,Nadkarni,1961-01-25,Male,Kochi,Kerala,India,2026-07-31,Inactive
CUS006172,INS000001,Triya,Viswanathan,1991-06-16,Male,Pune,Maharashtra,India,2022-10-26,Active
CUS006173,INS000002,Krishna,Acharya,1979-05-23,Male,Jaipur,Rajasthan,India,2021-04-03,Inactive
CUS006174,INS000005,Ishanvi,Rastogi,2003-04-13,Male,Bengaluru,Karnataka,India,2022-08-26,Active
CUS006175,INS000003,Nihal,Grewal,2000-03-18,Male,Pune,Maharashtra,India,2023-06-11,Active
CUS006176,INS000002,Chatresh,Khanna,1968-11-25,Female,Jaipur,Rajasthan,India,2024-11-12,Active
CUS006177,INS000001,Anjali,Pillay,1999-03-20,Male,Ahmedabad,Gujarat,India,2020-07-06,Active
CUS006178,INS000002,Jalsa,Ben,1990-01-24,Male,Ahmedabad,Gujarat,India,2019-10-07,Active
CUS006179,INS000003,Oni,Luthra,1986-09-29,Male,Chandigarh,Chandigarh,India,2023-08-03,Active
CUS006180,INS000001,Ishani,Balan,1975-02-05,Female,Mumbai,Maharashtra,India,2023-12-21,Active
CUS006181,INS000004,Chanakya,Patel,2003-08-26,Female,Hyderabad,Telangana,India,2025-02-06,Active
CUS006182,INS000001,Bimala,Ramakrishnan,1954-06-29,Male,Patna,Bihar,India,2020-06-08,Active
CUS006183,INS000004,Bishakha,Raj,1953-10-11,Female,Surat,Gujarat,India,2024-06-21,Inactive
CUS006184,INS000001,Faraj,Narula,1954-07-02,Female,Lucknow,Uttar Pradesh,India,2025-12-20,Active
CUS006185,INS000003,Yoshita,Shan,2001-05-23,Male,Ahmedabad,Gujarat,India,2020-12-23,Active
CUS006186,INS000003,Rishi,Barad,1981-06-15,Female,Delhi,Delhi,India,2019-05-12,Active
CUS006187,INS000001,Qadim,Balasubramanian,1972-05-31,Female,Mumbai,Maharashtra,India,2023-06-10,Active
CUS006188,INS000002,Girindra,Dash,1968-06-25,Female,Delhi,Delhi,India,2026-07-26,Active
CUS006189,INS000003,Oliver,Ganesh,1968-06-08,Male,Mumbai,Maharashtra,India,2020-12-30,Active
CUS006190,INS000004,Ekantika,Mammen,2000-12-03,Male,Bengaluru,Karnataka,India,2024-02-17,Active
CUS006191,INS000004,Diya,Goda,1962-12-19,Male,Patna,Bihar,India,2024-10-31,Active
CUS006192,INS000005,Charvi,Oommen,1984-11-12,Female,Mumbai,Maharashtra,India,2021-12-06,Active
CUS006193,INS000004,Anika,Prasad,1955-11-02,Female,Surat,Gujarat,India,2025-07-24,Active
CUS006194,INS000005,Janani,Loyal,1976-12-02,Male,Kolkata,West Bengal,India,2024-08-01,Active
CUS006195,INS000001,Gopal,Krishnamurthy,1993-07-23,Male,Chennai,Tamil Nadu,India,2020-11-12,Active
CUS006196,INS000001,Indira,Gopal,1970-04-19,Female,Kolkata,West Bengal,India,2021-12-01,Active
CUS006197,INS000001,Maanas,Viswanathan,1965-09-30,Female,Chandigarh,Chandigarh,India,2020-08-31,Active
CUS006198,INS000002,Agastya,Ramaswamy,1967-12-16,Female,Pune,Maharashtra,India,2025-06-14,Active
CUS006199,INS000002,Laksh,Sharma,1968-02-22,Female,Jaipur,Rajasthan,India,2021-01-27,Active
CUS006200,INS000005,Zarna,Ramesh,1958-01-13,Female,Kolkata,West Bengal,India,2024-09-22,Inactive
CUS006201,INS000004,Baghyawati,Hayre,1961-07-03,Male,Chennai,Tamil Nadu,India,2026-02-24,Active
CUS006202,INS000004,Kashish,Dey,1985-09-24,Male,Lucknow,Uttar Pradesh,India,2020-12-05,Inactive
CUS006203,INS000001,Vedhika,Pandit,1966-12-16,Male,Hyderabad,Telangana,India,2025-10-16,Inactive
CUS006204,INS000003,Nisha,Menon,1951-07-27,Female,Hyderabad,Telangana,India,2021-11-02,Active
CUS006205,INS000002,Harini,Grewal,2002-08-22,Male,Bhopal,Madhya Pradesh,India,2020-04-29,Active
CUS006206,INS000002,Nicholas,Koshy,2001-04-12,Female,Bhubaneswar,Odisha,India,2021-12-31,Active
CUS006207,INS000001,Harsh,Deol,1960-04-03,Male,Thane,Maharashtra,India,2023-11-18,Active
CUS006208,INS000002,Tejas,Walia,1992-06-23,Male,Hyderabad,Telangana,India,2024-05-12,Active
CUS006209,INS000001,Mohammed,Luthra,1996-01-08,Female,Jaipur,Rajasthan,India,2021-09-10,Active
CUS006210,INS000005,Yahvi,Raman,1978-06-28,Male,Kochi,Kerala,India,2024-08-18,Inactive
CUS006211,INS000004,Timothy,Kapadia,1963-09-09,Male,Pune,Maharashtra,India,2025-05-07,Active
CUS006212,INS000003,Raghav,Hayer,1971-04-30,Female,Hyderabad,Telangana,India,2022-06-30,Active
CUS006213,INS000004,Ishaan,Chauhan,1955-05-13,Male,Indore,Madhya Pradesh,India,2019-01-10,Active
CUS006214,INS000004,Omisha,Oak,2003-09-19,Female,Ahmedabad,Gujarat,India,2020-05-14,Active
CUS006215,INS000005,Triveni,Ravel,1990-02-26,Female,Mumbai,Maharashtra,India,2022-02-15,Active
CUS006216,INS000002,Faraj,Gala,1994-05-19,Female,Jaipur,Rajasthan,India,2018-09-23,Active
CUS006217,INS000003,Jackson,Lad,1974-03-02,Female,Pune,Maharashtra,India,2026-05-31,Inactive
CUS006218,INS000002,Karan,Buch,1968-08-02,Male,Patna,Bihar,India,2025-08-30,Active
CUS006219,INS000004,Anay,Narang,2000-11-21,Female,Kochi,Kerala,India,2020-09-22,Active
CUS006220,INS000001,Varsha,Grover,1979-06-03,Male,Jaipur,Rajasthan,India,2019-08-08,Active
CUS006221,INS000004,Ijaya,Walia,1968-02-22,Male,Patna,Bihar,India,2019-08-30,Active
CUS006222,INS000002,Devika,Nazareth,1962-06-03,Male,Bengaluru,Karnataka,India,2025-11-17,Active
CUS006223,INS000004,Janani,Subramanian,2006-10-29,Male,Hyderabad,Telangana,India,2022-01-02,Active
CUS006224,INS000001,Liam,Gokhale,2003-11-20,Female,Nagpur,Maharashtra,India,2025-08-03,Active
CUS006225,INS000005,Riya,Oza,1955-01-11,Male,Kolkata,West Bengal,India,2021-10-04,Active
CUS006226,INS000002,Hema,Ramachandran,1989-09-17,Female,Indore,Madhya Pradesh,India,2021-08-07,Active
CUS006227,INS000004,Orinder,Ganesh,1951-02-07,Male,Indore,Madhya Pradesh,India,2023-12-30,Inactive
CUS006228,INS000002,Daksha,Garg,1971-03-18,Male,Bhubaneswar,Odisha,India,2022-08-09,Active
CUS006229,INS000005,Ayush,Raval,1972-04-14,Other,Nagpur,Maharashtra,India,2024-02-24,Active
CUS006230,INS000004,Jagat,Kant,1966-02-12,Male,Chandigarh,Chandigarh,India,2022-11-19,Active
CUS006231,INS000004,Tristan,Kapadia,2005-05-23,Female,Chandigarh,Chandigarh,India,2021-03-17,Active
CUS006232,INS000002,Kabir,Oza,1974-11-13,Male,Mumbai,Maharashtra,India,2023-05-08,Active
CUS006233,INS000002,Lucky,Wagle,1969-01-22,Male,Kolkata,West Bengal,India,2018-08-26,Active
CUS006234,INS000001,Utkarsh,Pingle,1997-11-08,Female,Chandigarh,Chandigarh,India,2019-08-28,Active
CUS006235,INS000005,Damyanti,Chaudry,1970-11-10,Female,Chandigarh,Chandigarh,India,2023-01-27,Active
CUS006236,INS000001,Jeremiah,Kapoor,2005-10-02,Male,Ahmedabad,Gujarat,India,2023-04-03,Inactive
CUS006237,INS000004,Shaurya,Thaman,2004-11-14,Male,Surat,Gujarat,India,2023-08-15,Active
CUS006238,INS000002,Kalpit,Cherian,1995-08-07,Male,Mysuru,Karnataka,India,2019-01-07,Active
CUS006239,INS000004,Farhan,Raman,1971-10-02,Female,Hyderabad,Telangana,India,2025-08-23,Active
CUS006240,INS000004,Pavani,Pingle,1960-05-01,Female,Indore,Madhya Pradesh,India,2022-08-14,Active
CUS006241,INS000003,Isaac,Pau,1957-07-01,Female,Bhopal,Madhya Pradesh,India,2022-02-10,Inactive
CUS006242,INS000003,Faras,Bal,1982-07-10,Male,Mumbai,Maharashtra,India,2019-09-23,Active
CUS006243,INS000004,Anirudh,Suri,1969-08-13,Female,Ahmedabad,Gujarat,India,2019-10-21,Active
CUS006244,INS000002,Veda,Venkataraman,2001-06-16,Female,Kochi,Kerala,India,2019-02-05,Inactive
CUS006245,INS000004,Raagini,Lall,1997-05-23,Female,Lucknow,Uttar Pradesh,India,2021-03-27,Active
CUS006246,INS000003,Brijesh,Raju,1953-12-16,Female,Nagpur,Maharashtra,India,2018-09-29,Active
CUS006247,INS000002,Ronith,Nair,1984-02-01,Female,Chennai,Tamil Nadu,India,2024-08-22,Active
CUS006248,INS000004,Hritik,Babu,1968-03-17,Male,Lucknow,Uttar Pradesh,India,2026-02-15,Active
CUS006249,INS000005,Bachittar,Nagi,2001-12-31,Female,Nagpur,Maharashtra,India,2022-02-27,Active
CUS006250,INS000005,Yochana,Sura,1996-08-19,Female,Bhubaneswar,Odisha,India,2022-04-18,Active
CUS006251,INS000004,Daniel,Mani,1955-01-03,Male,Thane,Maharashtra,India,2019-10-24,Active
CUS006252,INS000002,Upasna,Lal,1960-07-04,Male,Chennai,Tamil Nadu,India,2025-04-11,Active
CUS006253,INS000004,Jagat,Kapur,2008-06-25,Female,Pune,Maharashtra,India,2021-12-28,Active
CUS006254,INS000004,Zehaan,Amble,2007-05-25,Male,Chennai,Tamil Nadu,India,2026-07-19,Active
CUS006255,INS000003,Caleb,Hari,1969-10-04,Female,Chennai,Tamil Nadu,India,2021-09-25,Active
CUS006256,INS000005,Dominic,Mohan,1997-06-12,Male,Bhopal,Madhya Pradesh,India,2022-02-28,Active
CUS006257,INS000003,Charvi,Dar,1999-04-17,Male,Indore,Madhya Pradesh,India,2020-10-30,Active
CUS006258,INS000003,Advaith,Vala,2007-01-14,Male,Indore,Madhya Pradesh,India,2021-02-13,Active
CUS006259,INS000004,Gopal,Borde,1957-01-06,Male,Indore,Madhya Pradesh,India,2025-06-27,Active
CUS006260,INS000003,Jatin,Chowdhury,1977-04-28,Male,Hyderabad,Telangana,India,2024-03-03,Active
CUS006261,INS000005,Samesh,Srivastava,1994-07-24,Female,Lucknow,Uttar Pradesh,India,2024-11-22,Inactive
CUS006262,INS000003,Ryan,Sule,1960-11-30,Female,Bhopal,Madhya Pradesh,India,2026-05-23,Active
CUS006263,INS000005,Qasim,Gala,1981-10-22,Other,Thane,Maharashtra,India,2019-04-26,Inactive
CUS006264,INS000003,Indali,Batta,2005-04-07,Male,Mumbai,Maharashtra,India,2021-03-13,Active
CUS006265,INS000005,Ayush,Issac,1956-03-26,Female,Chennai,Tamil Nadu,India,2018-11-20,Active
CUS006266,INS000003,Gautam,Vig,1963-05-19,Female,Hyderabad,Telangana,India,2022-11-01,Active
CUS006267,INS000003,Madhav,Nath,1981-06-26,Female,Patna,Bihar,India,2024-11-28,Active
CUS006268,INS000002,Arunima,Keer,2005-12-20,Female,Bengaluru,Karnataka,India,2021-03-07,Active
CUS006269,INS000005,Ijaya,Luthra,1955-12-02,Male,Lucknow,Uttar Pradesh,India,2020-10-07,Active
CUS006270,INS000005,Indira,Barad,2002-04-24,Male,Hyderabad,Telangana,India,2019-02-20,Active
CUS006271,INS000005,Naveen,Chadha,1994-12-30,Male,Surat,Gujarat,India,2020-12-05,Active
CUS006272,INS000001,Xiti,Patla,1993-01-28,Male,Indore,Madhya Pradesh,India,2021-09-17,Active
CUS006273,INS000003,Wyatt,Kade,2008-03-07,Female,Pune,Maharashtra,India,2019-02-21,Active
CUS006274,INS000005,Yashasvi,Ramesh,2006-04-24,Male,Patna,Bihar,India,2025-10-09,Active
CUS006275,INS000001,Ekansh,Mohanty,1954-05-16,Female,Lucknow,Uttar Pradesh,India,2024-11-25,Active
CUS006276,INS000002,Hardik,Chakrabarti,1965-07-29,Female,Bhubaneswar,Odisha,India,2023-04-12,Active
CUS006277,INS000005,Akshay,Nanda,1972-12-10,Other,Chandigarh,Chandigarh,India,2026-04-10,Inactive
CUS006278,INS000005,Teerth,Memon,1965-08-18,Female,Kochi,Kerala,India,2019-09-29,Active
CUS006279,INS000001,Rehaan,Setty,1991-05-30,Male,Pune,Maharashtra,India,2019-02-14,Active
CUS006280,INS000003,Baghyawati,Chokshi,2007-07-24,Female,Patna,Bihar,India,2023-06-04,Inactive
CUS006281,INS000002,Onveer,Narain,1960-08-21,Male,Ahmedabad,Gujarat,India,2025-06-02,Active
CUS006282,INS000005,Aayush,Narang,2003-08-28,Female,Mumbai,Maharashtra,India,2019-09-26,Active
CUS006283,INS000003,Hardik,Jain,1956-07-24,Female,Indore,Madhya Pradesh,India,2019-05-05,Active
CUS006284,INS000002,Tanish,Chhabra,1985-11-18,Female,Jaipur,Rajasthan,India,2019-08-01,Active
CUS006285,INS000004,Yamini,Kalita,1972-01-22,Male,Jaipur,Rajasthan,India,2021-12-14,Active
CUS006286,INS000004,Vaishnavi,Ghose,1977-06-22,Female,Bhubaneswar,Odisha,India,2019-01-30,Active
CUS006287,INS000002,Jeevika,Pau,1999-05-23,Male,Surat,Gujarat,India,2023-04-13,Active
CUS006288,INS000001,Qasim,Kala,2007-05-01,Male,Chandigarh,Chandigarh,India,2022-08-23,Active
CUS006289,INS000002,Ria,Saini,1999-09-23,Female,Bengaluru,Karnataka,India,2025-06-19,Active
CUS006290,INS000002,Hredhaan,Soni,1999-05-07,Male,Thane,Maharashtra,India,2024-04-22,Active
CUS006291,INS000001,Pratyush,Vohra,1993-04-05,Other,Ahmedabad,Gujarat,India,2025-01-01,Active
CUS006292,INS000001,Isha,Chatterjee,1956-06-29,Male,Lucknow,Uttar Pradesh,India,2019-09-22,Active
CUS006293,INS000003,Ladli,Khanna,1954-04-10,Female,Kochi,Kerala,India,2018-10-26,Inactive
CUS006294,INS000003,Panini,Sandhu,1968-11-01,Male,Delhi,Delhi,India,2019-02-21,Active
CUS006295,INS000001,Tanish,Sem,1977-12-27,Female,Kolkata,West Bengal,India,2022-02-04,Inactive
CUS006296,INS000004,Yoshita,Nadig,1961-10-21,Female,Hyderabad,Telangana,India,2022-12-06,Active
CUS006297,INS000004,Vedant,Bath,1955-11-11,Female,Pune,Maharashtra,India,2025-08-12,Active
CUS006298,INS000002,Nikita,Babu,1955-08-28,Male,Thane,Maharashtra,India,2026-02-16,Active
CUS006299,INS000005,Isaiah,Lata,1992-07-30,Female,Chandigarh,Chandigarh,India,2022-04-20,Active
CUS006300,INS000002,Dipta,Doctor,1955-09-17,Male,Chennai,Tamil Nadu,India,2020-07-28,Inactive
CUS006301,INS000002,Jatin,Chopra,1965-01-25,Male,Mumbai,Maharashtra,India,2019-09-03,Active
CUS006302,INS000005,Unnati,Mander,1969-11-16,Male,Nagpur,Maharashtra,India,2021-03-17,Active
CUS006303,INS000001,Imaran,Chahal,1987-10-14,Female,Kolkata,West Bengal,India,2019-05-02,Active
CUS006304,INS000004,Zinal,Banik,1971-08-16,Male,Kochi,Kerala,India,2023-04-13,Active
CUS006305,INS000002,Laban,Pandya,1999-11-04,Female,Ahmedabad,Gujarat,India,2021-11-12,Active
CUS006306,INS000005,Warhi,Goel,2005-10-31,Female,Thane,Maharashtra,India,2020-08-18,Inactive
CUS006307,INS000003,Jalsa,Shan,1969-03-15,Male,Kochi,Kerala,India,2025-08-26,Active
CUS006308,INS000002,Bhavya,Rajagopal,1952-11-11,Female,Nagpur,Maharashtra,India,2020-06-04,Inactive
CUS006309,INS000004,Banjeet,Wadhwa,1954-01-06,Male,Bhopal,Madhya Pradesh,India,2025-05-06,Active
CUS006310,INS000001,Fitan,Dara,1968-06-04,Female,Lucknow,Uttar Pradesh,India,2021-01-11,Active
CUS006311,INS000002,Falak,Viswanathan,1951-03-13,Male,Jaipur,Rajasthan,India,2026-05-07,Active
CUS006312,INS000002,Wakeeta,Solanki,1976-03-05,Female,Kochi,Kerala,India,2020-07-14,Active
CUS006313,INS000005,Jack,Bhasin,1955-09-14,Male,Bhubaneswar,Odisha,India,2021-09-02,Active
CUS006314,INS000003,Lekha,Deep,1991-11-29,Male,Surat,Gujarat,India,2019-10-01,Active
CUS006315,INS000003,Bhanumati,Sridhar,2002-06-09,Male,Bengaluru,Karnataka,India,2021-07-29,Active
CUS006316,INS000001,Tanmayi,Ahuja,1986-05-14,Male,Bhopal,Madhya Pradesh,India,2025-12-17,Active
CUS006317,INS000004,Devika,Magar,2002-02-08,Male,Bhopal,Madhya Pradesh,India,2023-02-20,Active
CUS006318,INS000001,Sachi,Patel,1974-03-22,Male,Thane,Maharashtra,India,2023-12-12,Active
CUS006319,INS000002,Upkaar,Dayal,1986-03-17,Female,Indore,Madhya Pradesh,India,2020-07-26,Active
CUS006320,INS000002,Nikita,Keer,1968-03-06,Female,Ahmedabad,Gujarat,India,2024-07-31,Active
CUS006321,INS000003,Bina,Varkey,1995-02-24,Female,Bhopal,Madhya Pradesh,India,2024-06-02,Active
CUS006322,INS000004,Priya,Vyas,1969-02-23,Female,Chandigarh,Chandigarh,India,2025-07-04,Active
CUS006323,INS000005,Ranbir,Pall,1974-03-12,Female,Jaipur,Rajasthan,India,2020-07-08,Active
CUS006324,INS000004,Ekaraj,Ratti,1999-04-15,Female,Pune,Maharashtra,India,2021-05-07,Active
CUS006325,INS000002,Vamakshi,Gaba,1975-09-01,Female,Chandigarh,Chandigarh,India,2024-11-26,Active
CUS006326,INS000005,Jhalak,Devan,1994-01-23,Male,Indore,Madhya Pradesh,India,2019-03-30,Active
CUS006327,INS000004,Praneel,Narayanan,1968-04-25,Female,Mysuru,Karnataka,India,2022-11-30,Active
CUS006328,INS000004,Agastya,Sangha,2007-11-26,Male,Pune,Maharashtra,India,2024-02-22,Active
CUS006329,INS000005,Vyanjana,Saha,1968-03-17,Female,Ahmedabad,Gujarat,India,2019-12-03,Active
CUS006330,INS000002,Henry,Bhardwaj,1996-01-08,Female,Bengaluru,Karnataka,India,2020-11-09,Active
CUS006331,INS000004,Meghana,Nair,1993-08-20,Male,Patna,Bihar,India,2020-11-05,Active
CUS006332,INS000005,Raksha,Toor,1961-04-04,Female,Patna,Bihar,India,2022-01-11,Active
CUS006333,INS000002,Frederick,Sagar,1984-11-17,Male,Surat,Gujarat,India,2019-05-04,Active
CUS006334,INS000005,Jagdish,Sengupta,1958-10-19,Male,Surat,Gujarat,India,2025-04-25,Active
CUS006335,INS000005,Luke,Yohannan,2005-01-18,Male,Surat,Gujarat,India,2018-11-18,Active
CUS006336,INS000004,Megha,Sathe,2000-05-07,Female,Patna,Bihar,India,2026-05-09,Active
CUS006337,INS000002,Nandini,Mammen,1985-04-13,Female,Indore,Madhya Pradesh,India,2025-11-22,Active
CUS006338,INS000004,Harsh,Misra,1970-05-24,Female,Mysuru,Karnataka,India,2024-03-23,Active
CUS006339,INS000001,Om,Ganesh,1953-10-17,Male,Jaipur,Rajasthan,India,2023-03-08,Active
CUS006340,INS000001,Dhruv,Devi,1968-05-24,Female,Nagpur,Maharashtra,India,2024-07-18,Active
CUS006341,INS000002,Januja,Tailor,1955-05-11,Female,Chandigarh,Chandigarh,India,2025-06-16,Active
CUS006342,INS000005,Rushil,Nazareth,1986-06-14,Male,Indore,Madhya Pradesh,India,2024-12-11,Inactive
CUS006343,INS000004,Hamsini,Uppal,1993-02-27,Female,Delhi,Delhi,India,2019-05-02,Active
CUS006344,INS000004,Sai,Nazareth,1956-07-28,Male,Mumbai,Maharashtra,India,2023-07-02,Active
CUS006345,INS000002,Netra,Mammen,1974-12-03,Male,Bengaluru,Karnataka,India,2024-04-29,Active
CUS006346,INS000002,Jason,Nori,1956-09-01,Male,Bhopal,Madhya Pradesh,India,2023-03-12,Active
CUS006347,INS000001,Viraj,Sami,1990-11-24,Female,Delhi,Delhi,India,2022-12-08,Active
CUS006348,INS000003,Panini,Patla,1972-10-13,Male,Kochi,Kerala,India,2021-03-12,Active
CUS006349,INS000002,Xalak,Nadig,1987-10-06,Male,Ahmedabad,Gujarat,India,2026-07-31,Active
CUS006350,INS000003,Arya,Mani,1990-08-16,Male,Surat,Gujarat,India,2026-07-12,Active
CUS006351,INS000002,Anjali,Gokhale,1956-01-05,Male,Nagpur,Maharashtra,India,2024-10-15,Active
CUS006352,INS000005,Mugdha,Thakkar,1954-01-06,Male,Pune,Maharashtra,India,2020-12-28,Active
CUS006353,INS000005,Ishani,Dave,1994-04-27,Male,Mysuru,Karnataka,India,2018-09-27,Active
CUS006354,INS000001,Vamakshi,Modi,1999-05-02,Female,Thane,Maharashtra,India,2019-03-20,Active
CUS006355,INS000001,Nidhi,Dani,1991-05-03,Male,Kolkata,West Bengal,India,2019-03-05,Active
CUS006356,INS000003,Vedhika,Butala,1981-02-18,Female,Jaipur,Rajasthan,India,2022-06-09,Active
CUS006357,INS000002,Yasti,Sangha,1958-04-13,Female,Patna,Bihar,India,2021-07-03,Active
CUS006358,INS000004,Arya,Natarajan,1989-02-14,Male,Mysuru,Karnataka,India,2019-01-21,Active
CUS006359,INS000001,Manan,Bal,1958-05-16,Male,Surat,Gujarat,India,2020-06-01,Active
CUS006360,INS000004,Suhani,Deshpande,1993-07-11,Female,Mysuru,Karnataka,India,2022-04-24,Active
CUS006361,INS000004,Hritik,Ahuja,1974-01-23,Male,Bengaluru,Karnataka,India,2024-08-14,Active
CUS006362,INS000002,Jason,Baral,1958-10-20,Male,Lucknow,Uttar Pradesh,India,2020-03-22,Active
CUS006363,INS000003,Zashil,Basak,1998-05-29,Male,Lucknow,Uttar Pradesh,India,2023-10-09,Active
CUS006364,INS000002,Vrishti,Dugal,2004-04-03,Female,Jaipur,Rajasthan,India,2020-01-06,Active
CUS006365,INS000001,Widisha,Mohanty,1959-05-31,Female,Ahmedabad,Gujarat,India,2019-02-15,Active
CUS006366,INS000004,Vihaan,Pradhan,1955-06-16,Other,Kolkata,West Bengal,India,2019-12-06,Active
CUS006367,INS000002,Krish,Karpe,1997-08-12,Female,Indore,Madhya Pradesh,India,2023-11-20,Active
CUS006368,INS000002,Ayushman,Kata,1971-03-29,Male,Pune,Maharashtra,India,2025-03-20,Active
CUS006369,INS000002,Hardik,Bora,1987-08-10,Male,Bhopal,Madhya Pradesh,India,2021-09-12,Active
CUS006370,INS000001,Chatresh,Khalsa,1960-06-28,Male,Ahmedabad,Gujarat,India,2019-05-19,Active
CUS006371,INS000003,Ekansh,Deep,1995-12-20,Male,Bhubaneswar,Odisha,India,2026-02-22,Active
CUS006372,INS000002,Wishi,D’Alia,1999-01-26,Male,Mysuru,Karnataka,India,2022-10-21,Active
CUS006373,INS000001,Avi,Nanda,1983-07-29,Male,Nagpur,Maharashtra,India,2023-06-04,Active
CUS006374,INS000004,Praneel,Nadig,1972-09-22,Male,Lucknow,Uttar Pradesh,India,2019-03-28,Active
CUS006375,INS000005,Lavanya,Biswas,1959-01-26,Male,Patna,Bihar,India,2021-02-03,Active
CUS006376,INS000001,Eta,Joshi,1981-04-15,Male,Jaipur,Rajasthan,India,2021-03-23,Active
CUS006377,INS000005,Michael,Ahluwalia,1987-03-23,Other,Jaipur,Rajasthan,India,2024-04-24,Active
CUS006378,INS000002,Chavvi,Naik,1979-05-27,Female,Chandigarh,Chandigarh,India,2019-02-19,Active
CUS006379,INS000002,Gopal,Oak,1996-12-24,Other,Bhopal,Madhya Pradesh,India,2019-03-31,Active
CUS006380,INS000001,Faraj,Srivastava,1991-09-09,Male,Hyderabad,Telangana,India,2023-10-27,Active
CUS006381,INS000005,Zinal,Bandi,1993-11-08,Male,Chandigarh,Chandigarh,India,2023-08-08,Active
CUS006382,INS000002,Waida,Vig,1951-03-31,Male,Bengaluru,Karnataka,India,2020-07-09,Active
CUS006383,INS000004,Unnati,Jani,1983-08-02,Male,Jaipur,Rajasthan,India,2025-01-15,Active
CUS006384,INS000003,Saksham,Sandal,1958-09-02,Male,Bhopal,Madhya Pradesh,India,2022-12-21,Active
CUS006385,INS000003,Chaaya,Gopal,1996-12-24,Female,Pune,Maharashtra,India,2020-04-03,Active
CUS006386,INS000002,Widisha,Chaudhry,1987-05-03,Other,Nagpur,Maharashtra,India,2018-12-17,Active
CUS006387,INS000005,Vritti,Mander,2004-12-11,Male,Pune,Maharashtra,India,2021-09-09,Active
CUS006388,INS000002,Yamini,Mitter,1987-05-07,Male,Kochi,Kerala,India,2024-12-21,Inactive
CUS006389,INS000005,Advika,Mane,1979-02-25,Male,Kochi,Kerala,India,2023-10-19,Active
CUS006390,INS000004,Hemal,Venkatesh,1994-09-07,Male,Kolkata,West Bengal,India,2025-02-18,Active
CUS006391,INS000005,Andrew,Vohra,1982-07-29,Male,Bhopal,Madhya Pradesh,India,2024-12-29,Active
CUS006392,INS000002,Azad,Rajagopal,1977-01-15,Male,Bhopal,Madhya Pradesh,India,2023-04-26,Active
CUS006393,INS000004,Qushi,Raju,1991-05-27,Male,Patna,Bihar,India,2023-06-02,Active
CUS006394,INS000001,Jagat,Swaminathan,1959-10-05,Male,Thane,Maharashtra,India,2026-04-25,Active
CUS006395,INS000003,Leela,Dhawan,1952-05-15,Male,Indore,Madhya Pradesh,India,2021-06-21,Active
CUS006396,INS000002,Shivani,Tata,2006-04-17,Male,Bhubaneswar,Odisha,India,2022-04-16,Active
CUS006397,INS000002,Divya,Kapadia,1988-12-09,Male,Mysuru,Karnataka,India,2022-05-06,Inactive
CUS006398,INS000002,Krisha,Sampath,2003-07-20,Other,Mysuru,Karnataka,India,2026-05-10,Active
CUS006399,INS000004,Saanvi,Sen,1966-02-08,Male,Patna,Bihar,India,2021-07-16,Active
CUS006400,INS000001,Tripti,Sastry,1970-04-19,Female,Ahmedabad,Gujarat,India,2026-03-14,Active
CUS006401,INS000005,Balendra,Master,1979-03-20,Female,Patna,Bihar,India,2024-07-20,Active
CUS006402,INS000001,Bachittar,Sachdev,1958-01-27,Female,Mysuru,Karnataka,India,2026-01-21,Active
CUS006403,INS000004,Peter,Doctor,1997-04-18,Female,Ahmedabad,Gujarat,India,2025-12-07,Active
CUS006404,INS000002,Chavvi,Ahuja,1982-11-17,Female,Patna,Bihar,India,2023-10-01,Active
CUS006405,INS000003,Nitesh,Dayal,2005-01-29,Female,Indore,Madhya Pradesh,India,2018-10-10,Active
CUS006406,INS000002,Vyanjana,Peri,1958-12-30,Male,Kolkata,West Bengal,India,2023-04-28,Active
CUS006407,INS000005,Raagini,Varma,1970-11-18,Male,Delhi,Delhi,India,2021-01-24,Active
CUS006408,INS000003,Krish,Ganesh,1967-09-22,Other,Chennai,Tamil Nadu,India,2019-09-14,Active
CUS006409,INS000002,Devika,Pillay,1961-05-28,Female,Bhopal,Madhya Pradesh,India,2022-06-06,Active
CUS006410,INS000003,Lopa,Mani,1992-03-14,Other,Ahmedabad,Gujarat,India,2026-05-07,Active
CUS006411,INS000001,Vinaya,Kadakia,1953-03-11,Female,Mysuru,Karnataka,India,2021-04-20,Active
CUS006412,INS000004,Imaran,Boase,1989-11-10,Female,Mumbai,Maharashtra,India,2026-07-11,Active
CUS006413,INS000002,Vritti,Vora,1980-04-12,Female,Mumbai,Maharashtra,India,2024-07-21,Active
CUS006414,INS000005,Upma,Kamdar,2004-04-12,Female,Kolkata,West Bengal,India,2020-02-23,Active
CUS006415,INS000001,Vamakshi,Ghose,1987-11-13,Female,Hyderabad,Telangana,India,2021-09-06,Active
CUS006416,INS000002,Naksh,Cherian,1991-07-31,Female,Surat,Gujarat,India,2023-04-11,Inactive
CUS006417,INS000001,Yashawini,Deol,1959-02-25,Female,Patna,Bihar,India,2024-02-26,Active
CUS006418,INS000005,Daksh,Gupta,1987-03-30,Female,Mysuru,Karnataka,India,2020-02-23,Active
CUS006419,INS000002,Mahika,Bhatnagar,1980-07-12,Female,Kolkata,West Bengal,India,2020-06-29,Active
CUS006420,INS000005,Adya,Date,1951-07-11,Male,Bengaluru,Karnataka,India,2018-10-15,Active
CUS006421,INS000003,Warda,Iyengar,1972-08-24,Male,Lucknow,Uttar Pradesh,India,2023-05-07,Active
CUS006422,INS000005,Krishna,Dhar,1967-04-23,Female,Jaipur,Rajasthan,India,2025-07-08,Active
CUS006423,INS000003,Ira,Amble,1952-04-06,Female,Delhi,Delhi,India,2026-05-26,Active
CUS006424,INS000002,Bhavani,Mody,1996-06-30,Male,Chennai,Tamil Nadu,India,2024-06-15,Active
CUS006425,INS000003,Ekani,Chanda,1998-11-04,Male,Bengaluru,Karnataka,India,2021-06-27,Active
CUS006426,INS000002,Darsh,Bhargava,1965-10-21,Female,Chennai,Tamil Nadu,India,2024-04-24,Active
CUS006427,INS000002,Ayaan,Purohit,1974-11-16,Female,Bengaluru,Karnataka,India,2019-09-06,Active
CUS006428,INS000004,Chakradev,Anand,1971-05-27,Female,Surat,Gujarat,India,2021-08-06,Active
CUS006429,INS000002,Kabir,Chana,1968-01-10,Female,Lucknow,Uttar Pradesh,India,2020-12-03,Inactive
CUS006430,INS000003,Jeevika,Venkatesh,1978-04-10,Male,Mysuru,Karnataka,India,2025-07-12,Inactive
CUS006431,INS000004,Ikshita,Konda,1976-10-07,Male,Patna,Bihar,India,2024-04-02,Inactive
CUS006432,INS000004,Avi,Sagar,1997-04-09,Male,Thane,Maharashtra,India,2025-01-27,Active
CUS006433,INS000002,Harita,Lala,1990-10-09,Female,Ahmedabad,Gujarat,India,2019-12-15,Active
CUS006434,INS000005,Lajita,Suri,1985-10-22,Male,Surat,Gujarat,India,2021-04-30,Active
CUS006435,INS000005,Gunbir,Dutta,1970-05-20,Female,Hyderabad,Telangana,India,2025-07-14,Active
CUS006436,INS000004,Priya,Jani,1992-03-31,Female,Bhubaneswar,Odisha,India,2019-03-03,Active
CUS006437,INS000002,Hemani,Sheth,1951-12-14,Female,Pune,Maharashtra,India,2019-05-01,Active
CUS006438,INS000005,Ishanvi,Pai,2001-02-05,Female,Chennai,Tamil Nadu,India,2020-06-24,Active
CUS006439,INS000002,Nisha,Bajwa,1987-05-29,Male,Hyderabad,Telangana,India,2021-09-26,Active
CUS006440,INS000002,Indali,Walia,2006-12-24,Female,Bengaluru,Karnataka,India,2020-03-22,Active
CUS006441,INS000004,Daksh,Gandhi,1984-07-01,Male,Nagpur,Maharashtra,India,2021-05-29,Inactive
CUS006442,INS000004,Yash,Sinha,1969-10-08,Male,Delhi,Delhi,India,2021-02-14,Active
CUS006443,INS000001,Yug,Raval,1973-05-06,Male,Surat,Gujarat,India,2024-10-17,Active
CUS006444,INS000005,Wahab,Venkataraman,1990-06-30,Male,Mumbai,Maharashtra,India,2025-06-15,Active
CUS006445,INS000005,Devika,Chahal,1962-06-12,Female,Nagpur,Maharashtra,India,2020-06-25,Active
CUS006446,INS000005,Frado,Shah,1956-01-15,Female,Mysuru,Karnataka,India,2024-06-23,Active
CUS006447,INS000003,Dominic,Goel,1973-02-27,Male,Patna,Bihar,India,2026-01-08,Inactive
CUS006448,INS000002,Dalaja,Golla,1986-12-20,Male,Kolkata,West Bengal,India,2020-04-23,Inactive
CUS006449,INS000004,Ishwar,Palla,1971-02-27,Female,Kolkata,West Bengal,India,2021-05-20,Inactive
CUS006450,INS000005,Geetika,Srinivasan,1997-04-22,Female,Mumbai,Maharashtra,India,2019-05-25,Active
CUS006451,INS000001,Omkaar,Shetty,1963-05-24,Male,Nagpur,Maharashtra,India,2025-10-08,Active
CUS006452,INS000005,Anmol,Nagi,1983-01-06,Female,Nagpur,Maharashtra,India,2025-10-22,Active
CUS006453,INS000002,Eshana,Lad,1981-05-22,Female,Patna,Bihar,India,2019-06-19,Active
CUS006454,INS000002,Baljiwan,Patil,2004-05-09,Female,Patna,Bihar,India,2019-08-04,Active
CUS006455,INS000004,Triveni,Lata,1976-04-13,Male,Patna,Bihar,India,2023-11-07,Active
CUS006456,INS000003,Pahal,Sule,2001-08-24,Female,Lucknow,Uttar Pradesh,India,2020-07-21,Active
CUS006457,INS000004,Yutika,Deshmukh,1970-10-05,Female,Patna,Bihar,India,2019-09-20,Active
CUS006458,INS000005,Oviya,Raghavan,1991-01-16,Female,Lucknow,Uttar Pradesh,India,2020-04-02,Active
CUS006459,INS000001,Amara,Dubey,2003-06-17,Female,Bhopal,Madhya Pradesh,India,2026-06-25,Active
CUS006460,INS000004,Anmol,Bali,1986-03-05,Other,Bengaluru,Karnataka,India,2025-03-31,Inactive
CUS006461,INS000003,Upasna,Nanda,1998-09-19,Male,Delhi,Delhi,India,2022-05-10,Active
CUS006462,INS000004,Anthony,Dhar,1954-11-24,Female,Indore,Madhya Pradesh,India,2024-02-08,Inactive
CUS006463,INS000002,Edhitha,Chana,1973-03-08,Female,Chandigarh,Chandigarh,India,2019-01-13,Active
CUS006464,INS000005,Krishna,Vaidya,2006-03-23,Female,Pune,Maharashtra,India,2020-01-17,Active
CUS006465,INS000005,Madhavi,Setty,1974-10-08,Male,Bhopal,Madhya Pradesh,India,2026-03-18,Active
CUS006466,INS000005,Ekantika,Raja,1958-01-09,Male,Mumbai,Maharashtra,India,2026-03-01,Active
CUS006467,INS000005,Guneet,Khosla,2004-05-24,Female,Patna,Bihar,India,2024-07-12,Active
CUS006468,INS000005,Vrinda,Chaudry,1999-07-08,Female,Bhopal,Madhya Pradesh,India,2021-07-25,Active
CUS006469,INS000005,Harish,Ramanathan,1951-12-08,Male,Patna,Bihar,India,2023-08-28,Active
CUS006470,INS000001,Samesh,Bera,1955-09-19,Female,Bhubaneswar,Odisha,India,2024-07-09,Active
CUS006471,INS000003,Gayathri,Gopal,1956-04-07,Male,Bengaluru,Karnataka,India,2019-10-25,Active
CUS006472,INS000005,Watika,Sarraf,1992-10-05,Other,Kolkata,West Bengal,India,2025-02-09,Active
CUS006473,INS000003,Yadavi,Dara,1961-10-28,Female,Mysuru,Karnataka,India,2019-03-19,Active
CUS006474,INS000005,Harinakshi,Singh,1972-10-07,Male,Kolkata,West Bengal,India,2022-09-25,Active
CUS006475,INS000004,Ojas,Gill,2004-01-31,Female,Patna,Bihar,India,2018-11-03,Active
CUS006476,INS000005,Chandani,Bhatnagar,1978-07-23,Female,Nagpur,Maharashtra,India,2023-03-07,Active
CUS006477,INS000002,Januja,Shankar,1984-10-08,Male,Ahmedabad,Gujarat,India,2020-04-30,Active
CUS006478,INS000001,Rajata,Kale,1989-03-12,Female,Thane,Maharashtra,India,2024-06-12,Active
CUS006479,INS000004,Saksham,Issac,1976-07-16,Male,Chennai,Tamil Nadu,India,2022-08-29,Active
CUS006480,INS000004,Watika,Savant,2001-10-08,Female,Kolkata,West Bengal,India,2023-04-12,Active
CUS006481,INS000002,Faqid,Kalla,1994-04-25,Male,Delhi,Delhi,India,2020-04-22,Active
CUS006482,INS000005,Tanish,Grewal,1986-04-18,Male,Surat,Gujarat,India,2020-05-08,Active
CUS006483,INS000001,Bhavna,Balakrishnan,1963-01-12,Male,Delhi,Delhi,India,2018-12-22,Active
CUS006484,INS000004,Alka,Nanda,1951-07-27,Male,Thane,Maharashtra,India,2023-10-27,Active
CUS006485,INS000001,Champak,Gopal,1969-09-12,Female,Kochi,Kerala,India,2019-02-08,Active
CUS006486,INS000004,Chameli,Gera,1994-09-05,Male,Kochi,Kerala,India,2022-09-24,Active
CUS006487,INS000005,Neelima,Dubey,1992-12-15,Male,Bhubaneswar,Odisha,India,2023-10-17,Active
CUS006488,INS000004,Upkaar,Kala,2000-04-19,Female,Nagpur,Maharashtra,India,2019-04-05,Active
CUS006489,INS000004,George,Sabharwal,1980-10-27,Female,Mumbai,Maharashtra,India,2023-10-05,Active
CUS006490,INS000003,Girish,Garg,1996-11-11,Female,Pune,Maharashtra,India,2023-02-05,Active
CUS006491,INS000005,Gayathri,Chaudhuri,1994-12-27,Female,Mysuru,Karnataka,India,2026-07-15,Active
CUS006492,INS000002,Anjali,Sane,1992-12-06,Female,Kolkata,West Bengal,India,2021-12-25,Active
CUS006493,INS000002,Ekalinga,Narain,1983-02-02,Male,Kochi,Kerala,India,2026-01-11,Active
CUS006494,INS000005,Vaishnavi,Borra,2005-09-29,Male,Mumbai,Maharashtra,India,2019-11-23,Active
CUS006495,INS000002,Prisha,Mitter,1983-08-20,Other,Chennai,Tamil Nadu,India,2025-06-20,Active
CUS006496,INS000005,Shaurya,Keer,1968-06-19,Male,Patna,Bihar,India,2025-03-07,Active
CUS006497,INS000002,Idika,Dhawan,1984-10-08,Male,Kochi,Kerala,India,2022-09-06,Active
CUS006498,INS000003,Faraj,Khalsa,1994-04-21,Male,Pune,Maharashtra,India,2023-02-04,Active
CUS006499,INS000002,Chasmum,Ganesan,1965-08-28,Male,Jaipur,Rajasthan,India,2021-11-09,Active
CUS006500,INS000004,Yamini,Nair,1997-07-08,Female,Mumbai,Maharashtra,India,2025-12-16,Active
CUS006501,INS000005,Charita,Patla,1993-01-01,Female,Lucknow,Uttar Pradesh,India,2024-06-16,Active
CUS006502,INS000001,Rachita,Konda,2006-02-09,Other,Delhi,Delhi,India,2023-09-08,Active
CUS006503,INS000001,Dhriti,Zachariah,1964-02-19,Female,Patna,Bihar,India,2022-12-19,Active
CUS006504,INS000005,Ryan,Jani,1976-02-24,Male,Bhopal,Madhya Pradesh,India,2020-09-23,Active
CUS006505,INS000003,Oeshi,Nagarajan,1983-02-16,Male,Thane,Maharashtra,India,2020-03-25,Active
CUS006506,INS000002,Neelima,Morar,1984-09-25,Other,Lucknow,Uttar Pradesh,India,2021-02-21,Active
CUS006507,INS000003,Zayan,Loke,2001-10-19,Male,Kolkata,West Bengal,India,2026-07-30,Active
CUS006508,INS000001,Yutika,Sahni,2006-02-15,Male,Thane,Maharashtra,India,2025-01-22,Active
CUS006509,INS000005,Sudiksha,Das,1974-04-25,Female,Kolkata,West Bengal,India,2025-11-08,Active
CUS006510,INS000005,Pranit,Suresh,1963-01-27,Female,Ahmedabad,Gujarat,India,2021-12-22,Active
CUS006511,INS000003,Anirudh,Sheth,1953-11-12,Male,Surat,Gujarat,India,2026-06-23,Active
CUS006512,INS000003,Zaitra,Tailor,1983-05-03,Female,Mumbai,Maharashtra,India,2020-08-02,Active
CUS006513,INS000002,Rachit,Kanda,1992-11-12,Other,Pune,Maharashtra,India,2026-02-21,Active
CUS006514,INS000004,Xalak,Edwin,1957-11-30,Male,Kochi,Kerala,India,2022-08-24,Active
CUS006515,INS000004,Tanay,Ramaswamy,1992-12-13,Female,Bengaluru,Karnataka,India,2023-02-02,Active
CUS006516,INS000002,Unni,Mann,1979-03-22,Male,Surat,Gujarat,India,2021-07-01,Inactive
CUS006517,INS000004,Amrita,Kota,1997-06-15,Female,Bhubaneswar,Odisha,India,2022-12-10,Active
CUS006518,INS000001,Radha,Bahri,1965-06-10,Female,Chennai,Tamil Nadu,India,2026-07-12,Active
CUS006519,INS000004,Darpan,Natarajan,1980-03-18,Other,Kolkata,West Bengal,India,2022-03-20,Active
CUS006520,INS000002,Sai,Lal,1980-08-04,Male,Ahmedabad,Gujarat,India,2023-11-15,Active
CUS006521,INS000004,Janya,Kulkarni,1997-11-08,Male,Patna,Bihar,India,2025-02-28,Active
CUS006522,INS000005,Turvi,Tara,1981-04-07,Male,Nagpur,Maharashtra,India,2022-01-31,Inactive
CUS006523,INS000003,Manbir,Dada,1995-04-11,Female,Chennai,Tamil Nadu,India,2018-11-21,Active
CUS006524,INS000001,Wridesh,Gole,1999-01-06,Male,Bengaluru,Karnataka,India,2021-11-11,Active
CUS006525,INS000005,Matthew,Sekhon,1969-11-03,Male,Mysuru,Karnataka,India,2022-07-24,Active
CUS006526,INS000005,Charita,Sarna,1990-07-20,Male,Chandigarh,Chandigarh,India,2019-01-05,Active
CUS006527,INS000002,Radhika,Agate,1959-04-04,Male,Bengaluru,Karnataka,India,2020-11-01,Inactive
CUS006528,INS000003,Nirja,Grover,2002-04-11,Male,Mumbai,Maharashtra,India,2021-12-13,Active
CUS006529,INS000003,Eiravati,Ghosh,1971-12-02,Female,Bhubaneswar,Odisha,India,2020-10-14,Active
CUS006530,INS000001,Devansh,Sarraf,1989-01-31,Male,Nagpur,Maharashtra,India,2026-01-09,Active
CUS006531,INS000002,Samar,Boase,1989-01-08,Male,Mumbai,Maharashtra,India,2023-11-07,Inactive
CUS006532,INS000001,Nitara,Edwin,1989-02-01,Female,Bhubaneswar,Odisha,India,2026-01-30,Active
CUS006533,INS000004,Amara,Bhakta,2001-03-19,Female,Nagpur,Maharashtra,India,2022-11-02,Active
CUS006534,INS000005,Bhavini,Narula,1959-10-25,Male,Kochi,Kerala,India,2026-06-25,Active
CUS006535,INS000001,Naveen,Koshy,2003-03-01,Male,Kochi,Kerala,India,2024-05-16,Active
CUS006536,INS000005,Aahana,Sidhu,1992-03-07,Female,Ahmedabad,Gujarat,India,2020-10-10,Active
CUS006537,INS000002,Warinder,Vyas,2002-11-12,Male,Bhubaneswar,Odisha,India,2020-10-14,Active
CUS006538,INS000004,Nidra,Tank,1994-09-09,Female,Delhi,Delhi,India,2024-02-15,Active
CUS006539,INS000002,William,Chowdhury,1957-01-09,Male,Indore,Madhya Pradesh,India,2026-03-04,Inactive
CUS006540,INS000004,Ishaan,Kala,1963-04-07,Male,Bhubaneswar,Odisha,India,2023-04-09,Active
CUS006541,INS000004,Mason,Swaminathan,1964-11-02,Male,Nagpur,Maharashtra,India,2024-02-03,Active
CUS006542,INS000005,Rehaan,Narain,1962-10-05,Female,Ahmedabad,Gujarat,India,2022-05-17,Active
CUS006543,INS000002,Ayaan,Devi,1975-12-08,Female,Bhopal,Madhya Pradesh,India,2025-08-24,Active
CUS006544,INS000002,Yatan,Venkataraman,1980-03-06,Male,Lucknow,Uttar Pradesh,India,2023-03-20,Active
CUS006545,INS000001,Dayita,Kibe,1970-06-27,Female,Chennai,Tamil Nadu,India,2025-01-22,Active
CUS006546,INS000002,Ucchal,De,1981-08-22,Male,Kolkata,West Bengal,India,2025-11-09,Inactive
CUS006547,INS000001,Vedika,Dixit,1967-11-20,Male,Mumbai,Maharashtra,India,2020-08-24,Active
CUS006548,INS000003,Rajata,Bala,2005-03-30,Female,Pune,Maharashtra,India,2019-10-05,Active
CUS006549,INS000003,Pahal,Chaudhari,1975-02-06,Male,Surat,Gujarat,India,2025-03-24,Active
CUS006550,INS000003,Balhaar,Desai,2003-03-10,Female,Kolkata,West Bengal,India,2019-10-28,Active
CUS006551,INS000002,Saksham,Patla,1987-09-03,Female,Delhi,Delhi,India,2025-10-09,Active
CUS006552,INS000002,Nathaniel,Ranganathan,1979-09-27,Female,Kochi,Kerala,India,2020-09-16,Active
CUS006553,INS000001,Anjali,Bhagat,1986-01-11,Female,Indore,Madhya Pradesh,India,2023-04-07,Active
CUS006554,INS000004,Laban,Guha,1973-10-03,Male,Mysuru,Karnataka,India,2018-11-24,Active
CUS006555,INS000001,Ayush,Ghose,1969-05-22,Male,Pune,Maharashtra,India,2021-01-04,Active
CUS006556,INS000003,Aarna,Barad,1982-08-07,Male,Bengaluru,Karnataka,India,2021-09-11,Active
CUS006557,INS000001,Arunima,Basu,1978-06-02,Male,Bhubaneswar,Odisha,India,2023-03-19,Active
CUS006558,INS000004,Patrick,Lanka,1966-03-11,Female,Hyderabad,Telangana,India,2024-10-20,Active
CUS006559,INS000002,Brijesh,Suresh,1966-11-19,Male,Bhopal,Madhya Pradesh,India,2025-02-13,Inactive
CUS006560,INS000001,Vedika,Shroff,1969-06-23,Female,Bengaluru,Karnataka,India,2025-03-14,Active
CUS006561,INS000003,Anmol,Venkataraman,1983-12-11,Male,Jaipur,Rajasthan,India,2020-02-14,Inactive
CUS006562,INS000003,Christopher,Thakur,1970-01-06,Female,Bhubaneswar,Odisha,India,2023-12-26,Active
CUS006563,INS000002,Fiyaz,Toor,1955-03-16,Female,Patna,Bihar,India,2024-08-20,Active
CUS006564,INS000001,Dipta,Sarma,1971-05-01,Female,Jaipur,Rajasthan,India,2021-04-15,Active
CUS006565,INS000004,Chanchal,Palla,1962-03-29,Male,Thane,Maharashtra,India,2023-08-01,Inactive
CUS006566,INS000002,Devansh,Kade,2004-12-25,Female,Nagpur,Maharashtra,India,2021-06-16,Inactive
CUS006567,INS000001,Niharika,Pradhan,1969-04-19,Male,Lucknow,Uttar Pradesh,India,2022-09-04,Active
CUS006568,INS000005,Januja,Varkey,1970-08-03,Male,Lucknow,Uttar Pradesh,India,2021-12-07,Active
CUS006569,INS000003,Gautam,Parikh,1996-04-06,Male,Delhi,Delhi,India,2022-10-19,Active
CUS006570,INS000004,Mekhala,Goyal,1969-09-22,Female,Pune,Maharashtra,India,2026-03-07,Active
CUS006571,INS000004,Logan,Khalsa,1987-01-20,Male,Patna,Bihar,India,2020-10-14,Inactive
CUS006572,INS000004,Warinder,Warrior,2004-03-06,Female,Thane,Maharashtra,India,2024-11-03,Active
CUS006573,INS000003,Isaac,Ramesh,1991-03-15,Other,Patna,Bihar,India,2025-04-12,Active
CUS006574,INS000001,Xiti,Bhat,1978-12-08,Male,Kochi,Kerala,India,2022-11-29,Active
CUS006575,INS000002,Jai,Baria,1981-10-09,Female,Mysuru,Karnataka,India,2020-08-13,Active
CUS006576,INS000001,Zayan,Jaggi,1977-02-16,Female,Pune,Maharashtra,India,2021-04-28,Active
CUS006577,INS000002,Watika,Badal,1966-08-20,Male,Mumbai,Maharashtra,India,2020-10-26,Active
CUS006578,INS000004,Gautam,Mall,2006-09-08,Female,Chennai,Tamil Nadu,India,2020-07-14,Active
CUS006579,INS000001,Wazir,Mittal,1954-05-02,Male,Surat,Gujarat,India,2022-03-28,Active
CUS006580,INS000004,Jason,Keer,1987-07-01,Female,Chandigarh,Chandigarh,India,2025-02-18,Active
CUS006581,INS000005,Dhriti,Rama,2006-11-26,Male,Patna,Bihar,India,2025-05-05,Active
CUS006582,INS000004,Forum,Bumb,1972-12-22,Male,Chandigarh,Chandigarh,India,2023-10-25,Active
CUS006583,INS000004,Madhavi,Nagi,2002-01-24,Female,Delhi,Delhi,India,2019-12-24,Active
CUS006584,INS000002,Warinder,Choudhary,2004-06-16,Male,Patna,Bihar,India,2021-12-07,Active
CUS006585,INS000005,Pallavi,Sharma,1975-06-16,Male,Indore,Madhya Pradesh,India,2020-05-05,Active
CUS006586,INS000004,Tejas,Bhavsar,1969-05-07,Male,Bengaluru,Karnataka,India,2021-05-10,Active
CUS006587,INS000004,Maanas,Palan,1957-07-30,Male,Hyderabad,Telangana,India,2022-02-28,Active
CUS006588,INS000005,Hredhaan,Gaba,1993-12-30,Female,Pune,Maharashtra,India,2022-08-27,Active
CUS006589,INS000005,Parth,Kade,1957-06-07,Female,Delhi,Delhi,India,2019-03-01,Active
CUS006590,INS000001,Tanish,Chander,1986-05-24,Female,Kolkata,West Bengal,India,2025-12-21,Inactive
CUS006591,INS000002,Anvi,Bajaj,1979-03-13,Female,Chandigarh,Chandigarh,India,2021-06-23,Active
CUS006592,INS000005,Ria,Dixit,1965-07-08,Male,Indore,Madhya Pradesh,India,2025-04-04,Active
CUS006593,INS000005,Nilima,Ganesh,1963-08-05,Male,Kochi,Kerala,India,2023-05-07,Active
CUS006594,INS000003,Aachal,Pall,1986-03-01,Female,Hyderabad,Telangana,India,2021-11-12,Active
CUS006595,INS000005,Daksh,Bajwa,1971-03-24,Female,Hyderabad,Telangana,India,2019-04-18,Active
CUS006596,INS000002,Vritti,Chanda,1969-01-23,Male,Jaipur,Rajasthan,India,2024-03-25,Active
CUS006597,INS000004,Kavya,Mitter,1995-02-12,Male,Jaipur,Rajasthan,India,2021-01-17,Active
CUS006598,INS000004,Isaiah,Issac,1995-10-06,Female,Chandigarh,Chandigarh,India,2021-12-28,Active
CUS006599,INS000004,Edhitha,Sridhar,1975-11-18,Female,Mumbai,Maharashtra,India,2021-08-02,Active
CUS006600,INS000004,Pallavi,Malhotra,2002-01-12,Female,Mysuru,Karnataka,India,2023-12-10,Active
CUS006601,INS000003,Vaishnavi,Vaidya,1986-01-23,Male,Chennai,Tamil Nadu,India,2026-01-28,Active
CUS006602,INS000005,Yatin,Hans,1976-02-27,Female,Kolkata,West Bengal,India,2019-01-26,Active
CUS006603,INS000004,Arunima,Bhandari,1985-05-02,Male,Bengaluru,Karnataka,India,2024-02-24,Active
CUS006604,INS000001,Maanav,Hegde,1964-05-19,Male,Surat,Gujarat,India,2025-01-03,Active
CUS006605,INS000004,Janani,Ahluwalia,1992-07-06,Female,Kochi,Kerala,India,2024-04-19,Active
CUS006606,INS000005,Vaishnavi,Sagar,2003-08-02,Male,Ahmedabad,Gujarat,India,2022-05-14,Active
CUS006607,INS000004,Jhalak,Singhal,1953-06-28,Male,Bhopal,Madhya Pradesh,India,2018-12-29,Active
CUS006608,INS000003,Darika,Butala,2006-01-06,Other,Thane,Maharashtra,India,2018-12-12,Active
CUS006609,INS000002,Ansh,Kade,1970-12-16,Female,Jaipur,Rajasthan,India,2019-07-14,Inactive
CUS006610,INS000002,Bakhshi,Tata,1979-11-07,Female,Jaipur,Rajasthan,India,2020-08-27,Inactive
CUS006611,INS000005,Chatura,Chander,1961-04-03,Male,Delhi,Delhi,India,2018-09-18,Active
CUS006612,INS000002,Wriddhish,Contractor,1999-01-13,Male,Nagpur,Maharashtra,India,2020-01-03,Active
CUS006613,INS000002,Zehaan,Dhillon,1973-07-27,Female,Chennai,Tamil Nadu,India,2023-11-14,Active
CUS006614,INS000001,Leena,Rao,1961-09-19,Female,Surat,Gujarat,India,2025-03-18,Active
CUS006615,INS000005,Dayamai,Bava,1952-10-13,Female,Kochi,Kerala,India,2021-04-25,Active
CUS006616,INS000005,Janani,Dora,1994-08-07,Male,Mumbai,Maharashtra,India,2025-04-24,Active
CUS006617,INS000002,Jairaj,Doshi,1969-08-01,Male,Jaipur,Rajasthan,India,2023-04-25,Active
CUS006618,INS000002,Warjas,D’Alia,1978-03-05,Other,Bengaluru,Karnataka,India,2018-09-10,Active
CUS006619,INS000002,Saanvi,Johal,1987-09-06,Female,Kochi,Kerala,India,2025-12-22,Active
CUS006620,INS000003,Lipika,Dugar,1960-08-10,Male,Nagpur,Maharashtra,India,2022-10-08,Active
CUS006621,INS000004,Abhiram,Dalal,1966-11-20,Male,Bhopal,Madhya Pradesh,India,2025-06-07,Active
CUS006622,INS000003,Maya,Sharma,1957-12-03,Female,Kolkata,West Bengal,India,2019-12-28,Active
CUS006623,INS000005,Aadhya,Rout,1966-11-19,Male,Thane,Maharashtra,India,2025-09-15,Active
CUS006624,INS000001,Charvi,Shukla,1982-01-02,Male,Delhi,Delhi,India,2023-04-19,Active
CUS006625,INS000004,Gautam,Dewan,1993-10-26,Male,Delhi,Delhi,India,2025-01-08,Active
CUS006626,INS000001,Warinder,Bera,1968-04-22,Female,Bengaluru,Karnataka,India,2021-07-01,Active
CUS006627,INS000005,Chameli,Contractor,1989-01-16,Male,Mysuru,Karnataka,India,2023-05-14,Active
CUS006628,INS000005,Shivansh,Chakraborty,1960-04-23,Other,Nagpur,Maharashtra,India,2021-01-03,Active
CUS006629,INS000001,Naveen,D’Alia,1972-09-24,Male,Surat,Gujarat,India,2020-04-25,Active
CUS006630,INS000001,Reva,Chowdhury,1982-09-10,Female,Surat,Gujarat,India,2018-10-01,Active
CUS006631,INS000001,Edhitha,Raja,1983-07-13,Male,Jaipur,Rajasthan,India,2024-06-24,Active
CUS006632,INS000005,Niharika,Rau,1980-10-03,Female,Patna,Bihar,India,2022-11-15,Active
CUS006633,INS000002,Bahadurjit,Cheema,1965-05-02,Other,Lucknow,Uttar Pradesh,India,2025-02-04,Active
CUS006634,INS000001,Anusha,Dayal,1988-08-02,Female,Patna,Bihar,India,2020-11-25,Inactive
CUS006635,INS000004,Faris,Golla,1953-06-17,Female,Thane,Maharashtra,India,2023-11-11,Active
CUS006636,INS000005,Vyanjana,Barman,1955-05-28,Female,Thane,Maharashtra,India,2024-04-21,Active
CUS006637,INS000003,Urishilla,Dara,1987-05-12,Female,Mumbai,Maharashtra,India,2021-10-04,Active
CUS006638,INS000003,Nitara,Balay,1979-12-16,Female,Bhopal,Madhya Pradesh,India,2024-09-12,Active
CUS006639,INS000004,Gaurangi,Sekhon,1952-07-19,Other,Surat,Gujarat,India,2022-11-12,Active
CUS006640,INS000002,Pahal,Deshpande,1951-01-26,Male,Mysuru,Karnataka,India,2022-07-26,Active
CUS006641,INS000001,Harish,Oza,1962-06-07,Other,Delhi,Delhi,India,2021-03-09,Active
CUS006642,INS000005,Naveen,Wadhwa,2003-05-20,Male,Kochi,Kerala,India,2024-08-01,Active
CUS006643,INS000001,Advika,Sarma,1982-09-15,Male,Bhopal,Madhya Pradesh,India,2022-02-17,Active
CUS006644,INS000005,Yashawini,Kothari,1954-10-11,Male,Hyderabad,Telangana,India,2022-10-14,Active
CUS006645,INS000003,Dominic,Hora,2000-02-26,Male,Nagpur,Maharashtra,India,2019-08-22,Active
CUS006646,INS000001,Indira,Kala,2001-02-01,Female,Delhi,Delhi,India,2023-10-24,Active
CUS006647,INS000004,Osha,Bansal,1976-01-16,Female,Bhubaneswar,Odisha,India,2024-12-19,Active
CUS006648,INS000002,Eta,Memon,1964-08-20,Female,Ahmedabad,Gujarat,India,2023-05-22,Active
CUS006649,INS000004,Sudiksha,Hans,1996-09-07,Female,Chennai,Tamil Nadu,India,2024-01-13,Active
CUS006650,INS000002,Ayaan,Sankar,1981-03-02,Female,Chandigarh,Chandigarh,India,2023-09-07,Active
CUS006651,INS000001,Charles,Rai,1973-10-25,Female,Nagpur,Maharashtra,India,2025-11-21,Inactive
CUS006652,INS000001,Qarin,Nazareth,1993-12-02,Male,Indore,Madhya Pradesh,India,2023-04-01,Active
CUS006653,INS000002,Sachi,Joshi,1956-08-26,Female,Mysuru,Karnataka,India,2022-05-31,Active
CUS006654,INS000003,Laban,Yadav,1970-08-31,Female,Mysuru,Karnataka,India,2026-02-16,Active
CUS006655,INS000005,Aarush,Arya,1965-10-01,Female,Bhubaneswar,Odisha,India,2020-06-21,Active
CUS006656,INS000004,Nandini,Gola,1974-10-11,Female,Pune,Maharashtra,India,2024-11-21,Active
CUS006657,INS000004,Ryan,Shah,1951-07-08,Female,Delhi,Delhi,India,2020-05-14,Active
CUS006658,INS000004,Dalaja,Mitra,1964-10-24,Male,Patna,Bihar,India,2021-06-10,Active
CUS006659,INS000001,Dipta,Verma,1959-07-19,Male,Ahmedabad,Gujarat,India,2023-07-12,Active
CUS006660,INS000004,Fitan,Chawla,1973-05-23,Female,Indore,Madhya Pradesh,India,2025-06-26,Active
CUS006661,INS000005,Indrajit,Doctor,1986-04-10,Female,Delhi,Delhi,India,2018-11-18,Active
CUS006662,INS000005,Nakul,Manda,1975-12-21,Female,Kochi,Kerala,India,2022-05-07,Active
CUS006663,INS000002,Zaid,Goda,2000-03-27,Male,Chennai,Tamil Nadu,India,2021-12-28,Active
CUS006664,INS000001,Zaitra,Chaudhry,2004-08-15,Male,Kolkata,West Bengal,India,2025-01-28,Active
CUS006665,INS000005,Kalpit,Chana,1998-06-08,Female,Surat,Gujarat,India,2020-08-09,Inactive
CUS006666,INS000003,Nirja,Mane,1973-12-20,Male,Jaipur,Rajasthan,India,2020-02-29,Active
CUS006667,INS000001,Ekaja,Bajaj,1991-03-26,Female,Thane,Maharashtra,India,2026-01-24,Active
CUS006668,INS000001,Siya,Rana,1979-05-10,Male,Pune,Maharashtra,India,2023-02-18,Active
CUS006669,INS000005,Vanya,Vohra,1953-05-22,Male,Delhi,Delhi,India,2024-01-21,Active
CUS006670,INS000003,Kiaan,Dey,1969-11-25,Female,Patna,Bihar,India,2019-01-11,Inactive
CUS006671,INS000002,Abha,Nazareth,1962-07-24,Male,Nagpur,Maharashtra,India,2021-04-21,Active
CUS006672,INS000005,Oscar,Anand,2004-04-05,Female,Chennai,Tamil Nadu,India,2024-11-30,Active
CUS006673,INS000003,Falak,Narain,2000-01-19,Female,Delhi,Delhi,India,2019-06-26,Inactive
CUS006674,INS000001,Baghyawati,Desai,1967-12-09,Male,Lucknow,Uttar Pradesh,India,2026-05-25,Active
CUS006675,INS000003,Rushil,Doctor,1983-11-10,Female,Pune,Maharashtra,India,2025-03-05,Active
CUS006676,INS000001,Frado,Mangat,1956-10-23,Female,Bhubaneswar,Odisha,India,2020-04-02,Active
CUS006677,INS000005,Oeshi,Prashad,1990-09-03,Male,Lucknow,Uttar Pradesh,India,2025-02-14,Active
CUS006678,INS000005,Jhalak,Dave,1991-10-26,Male,Kolkata,West Bengal,India,2026-02-26,Active
CUS006679,INS000004,Qabil,Badal,1998-03-22,Male,Pune,Maharashtra,India,2020-12-05,Active
CUS006680,INS000004,Maya,Hari,1970-11-05,Female,Thane,Maharashtra,India,2025-09-14,Active
CUS006681,INS000004,Krishna,Peri,1976-05-18,Female,Kochi,Kerala,India,2020-06-02,Active
CUS006682,INS000005,Udarsh,Palla,1986-12-10,Female,Chandigarh,Chandigarh,India,2019-04-25,Active
CUS006683,INS000002,Ansh,Rai,1990-03-16,Female,Kolkata,West Bengal,India,2024-09-25,Active
CUS006684,INS000005,Arin,Bhatti,1997-03-05,Female,Indore,Madhya Pradesh,India,2024-05-26,Active
CUS006685,INS000003,Veer,Agarwal,1971-09-27,Female,Jaipur,Rajasthan,India,2026-05-27,Active
CUS006686,INS000005,Gaurav,Kala,1953-01-25,Female,Mumbai,Maharashtra,India,2022-06-30,Active
CUS006687,INS000005,Turvi,Pai,2007-07-04,Male,Mysuru,Karnataka,India,2020-11-28,Active
CUS006688,INS000001,Rushil,Dave,2001-08-11,Female,Kolkata,West Bengal,India,2026-02-18,Active
CUS006689,INS000001,Adweta,Taneja,2005-08-28,Female,Pune,Maharashtra,India,2024-03-01,Active
CUS006690,INS000001,Om,Badal,2006-11-08,Female,Patna,Bihar,India,2019-05-17,Active
CUS006691,INS000005,Chandran,Chatterjee,1992-07-07,Female,Bhopal,Madhya Pradesh,India,2026-06-09,Active
CUS006692,INS000002,Nandini,Karnik,1999-11-21,Male,Bhubaneswar,Odisha,India,2021-06-13,Active
CUS006693,INS000003,Pushti,Setty,1988-03-30,Female,Lucknow,Uttar Pradesh,India,2024-07-23,Active
CUS006694,INS000003,Abha,Dani,1988-09-01,Male,Chennai,Tamil Nadu,India,2018-10-06,Active
CUS006695,INS000002,Manthan,Dhar,1982-11-29,Female,Ahmedabad,Gujarat,India,2019-10-06,Active
CUS006696,INS000002,Gaurav,Majumdar,2000-07-14,Male,Chennai,Tamil Nadu,India,2025-10-03,Active
CUS006697,INS000003,Jhalak,Halder,1989-09-01,Female,Chennai,Tamil Nadu,India,2025-03-18,Active
CUS006698,INS000004,Onkar,Samra,1976-12-06,Female,Delhi,Delhi,India,2018-12-27,Inactive
CUS006699,INS000001,Jacob,Parmer,2001-05-03,Female,Patna,Bihar,India,2021-04-03,Active
CUS006700,INS000001,Akshay,Narain,1982-06-12,Male,Bhopal,Madhya Pradesh,India,2022-10-07,Active
CUS006701,INS000003,Radhika,Zacharia,1955-10-13,Other,Mysuru,Karnataka,India,2021-02-27,Active
CUS006702,INS000002,Sudiksha,Peri,1959-10-22,Female,Pune,Maharashtra,India,2025-07-24,Active
CUS006703,INS000004,Warda,Ram,1961-03-06,Female,Mumbai,Maharashtra,India,2021-08-25,Inactive
CUS006704,INS000003,Jagat,Mohanty,1965-09-02,Male,Surat,Gujarat,India,2025-10-28,Active
CUS006705,INS000001,Udarsh,De,2005-04-05,Female,Chennai,Tamil Nadu,India,2020-04-06,Inactive
CUS006706,INS000005,Samar,Kala,1972-02-08,Male,Indore,Madhya Pradesh,India,2019-04-09,Active
CUS006707,INS000002,Rayaan,Bala,1978-04-22,Female,Kochi,Kerala,India,2022-02-28,Active
CUS006708,INS000005,Amaira,Lad,1980-04-18,Male,Indore,Madhya Pradesh,India,2026-04-03,Active
CUS006709,INS000003,Bhavna,Borde,1967-05-04,Female,Kochi,Kerala,India,2022-10-05,Active
CUS006710,INS000001,Warda,Dugal,1973-07-15,Female,Hyderabad,Telangana,India,2024-04-01,Active
CUS006711,INS000004,Lavanya,Bal,1976-06-16,Male,Patna,Bihar,India,2025-12-07,Active
CUS006712,INS000005,Kalpit,Dhaliwal,1985-12-14,Female,Chandigarh,Chandigarh,India,2022-05-11,Active
CUS006713,INS000004,Raagini,Subramaniam,1998-11-14,Female,Ahmedabad,Gujarat,India,2022-09-18,Active
CUS006714,INS000001,Samuel,Bhagat,1998-10-23,Male,Nagpur,Maharashtra,India,2022-12-26,Active
CUS006715,INS000005,Tanveer,Sami,1998-10-01,Female,Indore,Madhya Pradesh,India,2021-12-13,Active
CUS006716,INS000004,Barkha,Dasgupta,1955-05-15,Male,Delhi,Delhi,India,2026-05-01,Active
CUS006717,INS000004,Ranbir,Pathak,1995-12-01,Male,Ahmedabad,Gujarat,India,2021-07-29,Active
CUS006718,INS000005,Omya,Edwin,1983-03-26,Male,Bhopal,Madhya Pradesh,India,2020-12-03,Active
CUS006719,INS000001,Pranit,Srinivas,1983-08-20,Female,Delhi,Delhi,India,2018-10-01,Active
CUS006720,INS000004,Nilima,Kashyap,1956-05-27,Male,Chandigarh,Chandigarh,India,2024-03-05,Active
CUS006721,INS000003,Madhav,Talwar,1979-11-19,Female,Thane,Maharashtra,India,2019-04-28,Active
CUS006722,INS000005,Ayush,Mall,1977-01-20,Female,Delhi,Delhi,India,2021-12-15,Active
CUS006723,INS000002,Bina,Bhasin,1972-04-30,Male,Chennai,Tamil Nadu,India,2025-08-07,Inactive
CUS006724,INS000002,Adweta,Ganesan,1954-07-29,Female,Surat,Gujarat,India,2019-12-26,Active
CUS006725,INS000001,Warinder,Bhat,1983-10-24,Male,Mysuru,Karnataka,India,2019-12-02,Active
CUS006726,INS000003,Shravya,Savant,1990-07-04,Female,Bhopal,Madhya Pradesh,India,2020-05-31,Active
CUS006727,INS000004,Yuvraj,Chada,1967-12-09,Male,Mysuru,Karnataka,India,2021-01-10,Active
CUS006728,INS000002,Kala,Sankar,1996-08-15,Male,Hyderabad,Telangana,India,2019-03-28,Active
CUS006729,INS000001,Tara,Sandhu,1985-08-20,Female,Kolkata,West Bengal,India,2022-09-04,Active
CUS006730,INS000003,Frederick,Bains,1960-03-08,Female,Mysuru,Karnataka,India,2019-05-03,Active
CUS006731,INS000003,Advaith,Sachar,1962-07-20,Male,Thane,Maharashtra,India,2023-02-14,Active
CUS006732,INS000001,Upasna,Kari,1956-06-02,Female,Kolkata,West Bengal,India,2025-01-31,Active
CUS006733,INS000001,Kiaan,De,2003-10-29,Male,Surat,Gujarat,India,2022-02-13,Active
CUS006734,INS000004,Ekiya,Date,1986-07-22,Female,Nagpur,Maharashtra,India,2020-08-25,Active
CUS006735,INS000001,Mitali,Manda,1960-11-30,Female,Bengaluru,Karnataka,India,2022-12-31,Active
CUS006736,INS000004,Simon,Wali,1994-08-23,Male,Bhubaneswar,Odisha,India,2019-03-13,Active
CUS006737,INS000004,Leela,Chhabra,1994-09-05,Male,Patna,Bihar,India,2022-08-17,Active
CUS006738,INS000005,Pallavi,Oommen,1980-08-10,Male,Hyderabad,Telangana,India,2025-07-13,Active
CUS006739,INS000003,Aahana,Nagarajan,1987-12-17,Male,Mumbai,Maharashtra,India,2022-04-22,Active
CUS006740,INS000003,Elijah,Lal,1989-01-19,Male,Bhopal,Madhya Pradesh,India,2023-10-10,Active
CUS006741,INS000003,Girish,Dutt,1978-03-15,Female,Chandigarh,Chandigarh,India,2026-03-27,Active
CUS006742,INS000005,Daniel,Amble,1976-02-13,Other,Chandigarh,Chandigarh,India,2024-12-06,Active
CUS006743,INS000004,Charles,Kapadia,1975-10-18,Male,Patna,Bihar,India,2025-09-04,Inactive
CUS006744,INS000004,Gaurangi,Mangal,1972-08-06,Female,Bengaluru,Karnataka,India,2024-10-18,Active
CUS006745,INS000001,Wahab,Bali,1969-02-12,Female,Mysuru,Karnataka,India,2024-08-07,Active
CUS006746,INS000005,Urishilla,Krish,2002-09-05,Female,Surat,Gujarat,India,2023-04-27,Active
CUS006747,INS000001,Irya,Bhargava,1978-07-10,Female,Bhubaneswar,Odisha,India,2022-10-22,Active
CUS006748,INS000005,Chakradev,Dash,1971-07-30,Female,Surat,Gujarat,India,2024-07-09,Active
CUS006749,INS000001,Abdul,Badal,1968-03-04,Male,Mysuru,Karnataka,India,2023-01-31,Active
CUS006750,INS000002,Zehaan,Patil,1986-02-21,Male,Surat,Gujarat,India,2019-09-21,Active
CUS006751,INS000003,Yamini,Ravi,1988-03-22,Male,Surat,Gujarat,India,2021-12-02,Active
CUS006752,INS000003,Lakshmi,Taneja,1991-09-08,Male,Jaipur,Rajasthan,India,2020-05-08,Active
CUS006753,INS000004,Chasmum,Seth,1987-08-23,Male,Nagpur,Maharashtra,India,2020-04-12,Active
CUS006754,INS000002,Megha,Pillay,1968-05-05,Female,Kolkata,West Bengal,India,2023-05-16,Active
CUS006755,INS000003,Kamala,Sampath,2007-09-03,Male,Surat,Gujarat,India,2022-01-21,Active
CUS006756,INS000004,Kevin,Morar,1975-08-27,Female,Indore,Madhya Pradesh,India,2021-07-27,Active
CUS006757,INS000002,Benjamin,Bhattacharyya,1977-11-26,Male,Bhubaneswar,Odisha,India,2024-06-21,Active
CUS006758,INS000003,Praneel,Prabhakar,1979-03-05,Female,Mysuru,Karnataka,India,2022-11-09,Active
CUS006759,INS000001,Abha,Savant,1970-02-08,Female,Ahmedabad,Gujarat,India,2024-02-21,Active
CUS006760,INS000005,Omkaar,Pall,1974-05-31,Male,Kochi,Kerala,India,2022-10-30,Active
CUS006761,INS000002,Yahvi,Prabhu,1983-04-18,Male,Surat,Gujarat,India,2023-09-11,Active
CUS006762,INS000004,Waida,Mane,2005-09-29,Female,Chennai,Tamil Nadu,India,2024-09-02,Active
CUS006763,INS000002,Harinakshi,Sandal,1992-09-14,Male,Thane,Maharashtra,India,2021-02-20,Active
CUS006764,INS000004,Upadhriti,Gera,1998-09-29,Male,Bhopal,Madhya Pradesh,India,2020-11-03,Active
CUS006765,INS000002,Kevin,Koshy,1966-01-03,Male,Bhubaneswar,Odisha,India,2026-04-28,Active
CUS006766,INS000004,Gaurav,Krishnamurthy,1986-02-15,Female,Thane,Maharashtra,India,2025-04-21,Inactive
CUS006767,INS000003,Edhitha,Srinivasan,2002-08-30,Female,Kochi,Kerala,India,2020-11-19,Active
CUS006768,INS000001,Rachita,Cherian,1978-11-03,Female,Mysuru,Karnataka,India,2022-04-15,Active
CUS006769,INS000003,Lucky,Devan,2005-07-03,Female,Bhubaneswar,Odisha,India,2021-02-02,Active
CUS006770,INS000001,Abha,Krishnamurthy,1990-11-06,Female,Patna,Bihar,India,2024-02-21,Inactive
CUS006771,INS000003,Jackson,Shenoy,1967-11-29,Female,Jaipur,Rajasthan,India,2024-12-08,Active
CUS006772,INS000003,Dhriti,Saraf,1957-02-16,Other,Lucknow,Uttar Pradesh,India,2020-01-30,Active
CUS006773,INS000002,Chaitanya,Agate,1962-10-23,Male,Mysuru,Karnataka,India,2020-09-17,Active
CUS006774,INS000005,Joshua,Choudhry,1985-01-14,Male,Jaipur,Rajasthan,India,2023-12-30,Active
CUS006775,INS000004,Xalak,Basu,1977-08-31,Female,Bhubaneswar,Odisha,India,2022-03-30,Active
CUS006776,INS000004,Avni,Bhargava,2008-04-05,Female,Hyderabad,Telangana,India,2025-12-27,Active
CUS006777,INS000004,Jalsa,Dani,1989-02-10,Male,Chandigarh,Chandigarh,India,2019-08-05,Active
CUS006778,INS000001,Qushi,Varkey,1956-12-19,Male,Surat,Gujarat,India,2024-02-08,Active
CUS006779,INS000004,Barkha,Das,2005-09-08,Female,Patna,Bihar,India,2025-02-25,Active
CUS006780,INS000004,Adya,Barad,1987-12-03,Female,Pune,Maharashtra,India,2022-12-02,Inactive
CUS006781,INS000002,Aishani,Johal,1977-06-01,Male,Kolkata,West Bengal,India,2022-02-20,Active
CUS006782,INS000003,Zansi,Bala,2000-05-30,Female,Lucknow,Uttar Pradesh,India,2019-08-17,Active
CUS006783,INS000004,Dhriti,Sachar,1995-01-22,Female,Nagpur,Maharashtra,India,2020-02-14,Active
CUS006784,INS000005,Rajata,Karpe,1986-03-31,Female,Hyderabad,Telangana,India,2022-02-23,Active
CUS006785,INS000004,Nitesh,Chaudhry,1965-11-05,Male,Thane,Maharashtra,India,2019-06-05,Active
CUS006786,INS000001,Diya,Sengupta,1989-01-25,Male,Indore,Madhya Pradesh,India,2019-10-05,Active
CUS006787,INS000001,Vyanjana,Rastogi,1998-01-31,Male,Ahmedabad,Gujarat,India,2019-06-18,Active
CUS006788,INS000001,Matthew,Majumdar,1988-11-02,Male,Bhopal,Madhya Pradesh,India,2021-06-09,Active
CUS006789,INS000004,Ria,Chana,1990-11-13,Female,Chennai,Tamil Nadu,India,2026-02-05,Active
CUS006790,INS000002,Chatresh,Suresh,1978-08-29,Male,Patna,Bihar,India,2024-09-14,Active
CUS006791,INS000005,Ranbir,Edwin,1960-08-18,Other,Kolkata,West Bengal,India,2025-03-31,Inactive
CUS006792,INS000004,Manthan,Sampath,2005-04-09,Male,Pune,Maharashtra,India,2022-02-10,Active
CUS006793,INS000002,Chatura,Varty,1977-10-05,Male,Mumbai,Maharashtra,India,2023-04-25,Active
CUS006794,INS000002,Victor,Basak,1979-08-18,Female,Indore,Madhya Pradesh,India,2023-05-02,Active
CUS006795,INS000004,Qadim,Arya,1973-11-16,Female,Indore,Madhya Pradesh,India,2022-03-20,Active
CUS006796,INS000004,Balendra,Varughese,1956-08-16,Male,Delhi,Delhi,India,2024-03-18,Active
CUS006797,INS000002,Upma,Chatterjee,1970-06-22,Female,Nagpur,Maharashtra,India,2018-10-06,Active
CUS006798,INS000002,Abha,Peri,1988-03-12,Female,Delhi,Delhi,India,2024-01-10,Active
CUS006799,INS000002,Nihal,Sem,1993-01-05,Female,Mysuru,Karnataka,India,2020-08-08,Active
CUS006800,INS000004,Unni,Chhabra,1978-11-23,Female,Delhi,Delhi,India,2024-03-16,Active
CUS006801,INS000002,Rajata,Divan,1956-02-15,Male,Mumbai,Maharashtra,India,2025-12-09,Inactive
CUS006802,INS000001,Jack,Balasubramanian,1981-07-28,Female,Ahmedabad,Gujarat,India,2022-12-04,Active
CUS006803,INS000004,Warda,Chokshi,2001-05-20,Female,Hyderabad,Telangana,India,2025-10-30,Active
CUS006804,INS000001,Banjeet,Oommen,1972-04-19,Male,Thane,Maharashtra,India,2019-04-09,Active
CUS006805,INS000003,Riya,Bhat,1963-01-05,Male,Ahmedabad,Gujarat,India,2021-10-04,Active
CUS006806,INS000004,Ishanvi,Sheth,1989-03-08,Female,Pune,Maharashtra,India,2020-02-27,Active
CUS006807,INS000003,Vedhika,Chad,1959-05-25,Male,Surat,Gujarat,India,2020-07-19,Active
CUS006808,INS000002,Tanvi,Hayre,2000-07-10,Male,Bhopal,Madhya Pradesh,India,2023-02-09,Active
CUS006809,INS000002,Waida,Trivedi,1981-09-17,Other,Mumbai,Maharashtra,India,2025-08-28,Active
CUS006810,INS000005,Isaiah,Basak,2006-09-03,Male,Patna,Bihar,India,2026-05-07,Active
CUS006811,INS000002,Manbir,Rege,1970-11-15,Male,Mysuru,Karnataka,India,2021-10-15,Inactive
CUS006812,INS000003,Jatin,Sethi,1951-08-16,Female,Mysuru,Karnataka,India,2019-08-15,Active
CUS006813,INS000002,Ikshita,Chaudry,1995-07-26,Female,Ahmedabad,Gujarat,India,2022-08-24,Active
CUS006814,INS000004,Girik,Koshy,1994-02-04,Male,Surat,Gujarat,India,2022-03-20,Active
CUS006815,INS000002,Samar,Bhagat,1996-03-05,Female,Lucknow,Uttar Pradesh,India,2024-08-29,Active
CUS006816,INS000005,Bhanumati,Shere,1999-02-16,Female,Nagpur,Maharashtra,India,2026-02-20,Active
CUS006817,INS000002,Pranit,Karnik,1978-10-15,Female,Chennai,Tamil Nadu,India,2024-05-10,Active
CUS006818,INS000003,Om,Natarajan,1985-04-10,Male,Nagpur,Maharashtra,India,2022-08-10,Active
CUS006819,INS000003,Yashoda,Buch,1998-11-28,Male,Thane,Maharashtra,India,2018-11-25,Active
CUS006820,INS000002,Anjali,Batta,1971-08-09,Male,Nagpur,Maharashtra,India,2018-09-22,Active
CUS006821,INS000003,Simon,Mani,1979-09-11,Female,Mumbai,Maharashtra,India,2019-10-20,Active
CUS006822,INS000003,Aayush,Patel,1988-07-05,Female,Ahmedabad,Gujarat,India,2025-01-16,Active
CUS006823,INS000005,Pranit,Wali,1973-12-10,Female,Delhi,Delhi,India,2026-05-31,Active
CUS006824,INS000004,Omaja,Majumdar,1959-08-12,Female,Bhubaneswar,Odisha,India,2024-11-10,Active
CUS006825,INS000005,Faraj,Swamy,2002-09-06,Female,Chandigarh,Chandigarh,India,2023-05-18,Active
CUS006826,INS000001,Yatin,Mital,1981-05-24,Male,Hyderabad,Telangana,India,2022-06-28,Active
CUS006827,INS000005,Wishi,Iyengar,2003-04-30,Female,Bengaluru,Karnataka,India,2024-03-02,Active
CUS006828,INS000002,Girindra,Rattan,1987-01-11,Female,Pune,Maharashtra,India,2022-09-29,Active
CUS006829,INS000004,Falguni,Gill,1957-06-02,Female,Bhubaneswar,Odisha,India,2022-04-10,Active
CUS006830,INS000002,Atharv,Comar,1961-10-26,Male,Thane,Maharashtra,India,2024-04-12,Active
CUS006831,INS000001,Bhavani,Hegde,1960-04-28,Female,Lucknow,Uttar Pradesh,India,2019-02-25,Active
CUS006832,INS000004,Jairaj,Bakshi,1962-12-23,Male,Hyderabad,Telangana,India,2023-03-04,Active
CUS006833,INS000003,Meera,Badal,1993-04-17,Male,Bengaluru,Karnataka,India,2024-05-01,Active
CUS006834,INS000005,Kashvi,Saran,1996-04-02,Female,Surat,Gujarat,India,2025-11-29,Active
CUS006835,INS000002,Hitesh,Gopal,1987-08-11,Female,Ahmedabad,Gujarat,India,2026-05-17,Active
CUS006836,INS000001,Ekiya,Palla,1976-05-09,Male,Kochi,Kerala,India,2024-02-05,Active
CUS006837,INS000003,Mitesh,Wali,1968-01-13,Female,Kolkata,West Bengal,India,2023-03-07,Active
CUS006838,INS000005,Ayush,Wable,1977-07-28,Male,Mumbai,Maharashtra,India,2025-03-07,Active
CUS006839,INS000003,Finn,Pant,1965-03-12,Male,Indore,Madhya Pradesh,India,2023-02-17,Inactive
CUS006840,INS000005,Triveni,Sekhon,1997-05-26,Male,Chandigarh,Chandigarh,India,2020-02-06,Active
CUS006841,INS000004,Varsha,Sandhu,2008-06-07,Female,Chennai,Tamil Nadu,India,2025-12-27,Active
CUS006842,INS000003,Sudiksha,Sanghvi,1976-05-21,Other,Bhopal,Madhya Pradesh,India,2023-12-26,Active
CUS006843,INS000003,Amruta,Kulkarni,1992-02-24,Female,Mysuru,Karnataka,India,2020-02-27,Inactive
CUS006844,INS000003,Abdul,Taneja,1965-05-12,Female,Pune,Maharashtra,India,2023-09-16,Active
CUS006845,INS000004,Forum,Balan,2007-05-22,Male,Kolkata,West Bengal,India,2018-11-09,Inactive
CUS006846,INS000001,Caleb,Jayaraman,1989-06-06,Male,Chennai,Tamil Nadu,India,2024-10-28,Active
CUS006847,INS000005,Sneha,Dara,1978-12-21,Female,Ahmedabad,Gujarat,India,2025-06-01,Active
CUS006848,INS000003,Ekta,Ahluwalia,1997-07-18,Male,Kolkata,West Bengal,India,2022-07-21,Active
CUS006849,INS000004,Kai,Nath,1998-03-11,Female,Patna,Bihar,India,2022-10-02,Active
CUS006850,INS000001,Siddharth,Issac,1964-11-04,Female,Patna,Bihar,India,2018-12-07,Active
CUS006851,INS000005,Chanakya,Iyer,1967-06-21,Other,Ahmedabad,Gujarat,India,2025-05-27,Active
CUS006852,INS000004,Barkha,Rau,1982-11-06,Male,Pune,Maharashtra,India,2022-06-30,Active
CUS006853,INS000005,Ekantika,Dugar,1991-12-29,Female,Nagpur,Maharashtra,India,2024-01-16,Active
CUS006854,INS000003,Christopher,Sarraf,1983-10-09,Female,Patna,Bihar,India,2022-11-13,Active
CUS006855,INS000001,Ekavir,Kumar,2008-04-17,Male,Bhopal,Madhya Pradesh,India,2023-05-24,Active
CUS006856,INS000004,Lakshmi,Sarkar,1980-08-28,Female,Jaipur,Rajasthan,India,2020-01-24,Active
CUS006857,INS000001,George,Ramesh,1963-03-04,Male,Indore,Madhya Pradesh,India,2018-09-24,Active
CUS006858,INS000003,Mohini,Sarkar,2005-01-20,Male,Kolkata,West Bengal,India,2023-11-15,Active
CUS006859,INS000001,Aadhya,Dixit,1972-03-24,Male,Delhi,Delhi,India,2024-06-06,Active
CUS006860,INS000001,Pranav,Brar,1995-01-24,Male,Kochi,Kerala,India,2022-09-10,Active
CUS006861,INS000002,Wriddhish,Pandit,1952-10-01,Female,Surat,Gujarat,India,2020-06-23,Active
CUS006862,INS000001,Mohini,Bhatt,1977-05-14,Male,Bhubaneswar,Odisha,India,2026-05-28,Active
CUS006863,INS000005,Gaurav,Vohra,1961-09-04,Male,Bhopal,Madhya Pradesh,India,2020-07-18,Active
CUS006864,INS000004,Ansh,Khosla,1998-06-07,Male,Ahmedabad,Gujarat,India,2019-03-01,Active
CUS006865,INS000002,Sathvik,Devi,1956-06-11,Male,Kochi,Kerala,India,2018-09-15,Active
CUS006866,INS000004,Nicholas,Soman,1955-02-11,Male,Bengaluru,Karnataka,India,2025-11-03,Active
CUS006867,INS000004,Lipika,Bahl,1970-10-12,Male,Thane,Maharashtra,India,2020-02-11,Active
CUS006868,INS000003,Neha,Balay,1989-11-30,Female,Chennai,Tamil Nadu,India,2025-08-20,Active
CUS006869,INS000003,Bhavani,Bhandari,1988-10-29,Female,Patna,Bihar,India,2020-11-04,Active
CUS006870,INS000002,Mitesh,Lata,1952-11-17,Female,Thane,Maharashtra,India,2022-08-28,Inactive
CUS006871,INS000003,Jai,Rau,1956-09-06,Female,Pune,Maharashtra,India,2020-02-16,Active
CUS006872,INS000003,Chanchal,Sachdeva,1994-01-31,Male,Delhi,Delhi,India,2023-06-24,Active
CUS006873,INS000003,Vritti,Sandal,2005-02-16,Female,Bengaluru,Karnataka,India,2024-12-03,Active
CUS006874,INS000004,Rachana,Chaudhry,1977-04-13,Female,Hyderabad,Telangana,India,2019-10-19,Active
CUS006875,INS000002,Dayita,Mukhopadhyay,1996-06-15,Male,Kochi,Kerala,India,2026-05-03,Active
CUS006876,INS000004,Karan,Narayanan,1966-03-30,Female,Bhubaneswar,Odisha,India,2021-08-17,Active
CUS006877,INS000005,Jagrati,Bakshi,1952-07-16,Male,Pune,Maharashtra,India,2024-10-20,Active
CUS006878,INS000004,Gopal,Bir,1982-02-04,Male,Ahmedabad,Gujarat,India,2022-06-15,Active
CUS006879,INS000005,Jhalak,Dada,1991-03-30,Female,Surat,Gujarat,India,2025-08-07,Active
CUS006880,INS000001,Yauvani,Bedi,1960-12-06,Male,Bhubaneswar,Odisha,India,2026-01-04,Active
CUS006881,INS000001,Ryan,Sekhon,1981-04-13,Male,Bhopal,Madhya Pradesh,India,2021-11-21,Active
CUS006882,INS000005,Vrishti,Sunder,1968-10-20,Male,Hyderabad,Telangana,India,2025-09-06,Active
CUS006883,INS000005,Sanaya,Sibal,1956-04-11,Male,Patna,Bihar,India,2024-06-02,Active
CUS006884,INS000004,Lipika,Dash,2003-01-10,Male,Mysuru,Karnataka,India,2025-04-26,Active
CUS006885,INS000005,Vamakshi,Krishnan,1959-08-27,Female,Ahmedabad,Gujarat,India,2019-10-04,Active
CUS006886,INS000002,Amrita,Barad,1994-01-22,Female,Chennai,Tamil Nadu,India,2023-10-03,Active
CUS006887,INS000001,Pallavi,Bahri,1971-10-13,Female,Ahmedabad,Gujarat,India,2024-06-24,Active
CUS006888,INS000001,Gautam,Lala,1997-08-09,Male,Mumbai,Maharashtra,India,2018-10-12,Active
CUS006889,INS000005,Pahal,Keer,1964-04-23,Other,Pune,Maharashtra,India,2021-01-15,Active
CUS006890,INS000003,Jyoti,Bir,1982-06-25,Female,Nagpur,Maharashtra,India,2021-08-28,Active
CUS006891,INS000003,Quincy,Madan,1996-07-04,Male,Chandigarh,Chandigarh,India,2024-06-29,Active
CUS006892,INS000005,Radha,Aggarwal,1984-07-21,Female,Patna,Bihar,India,2025-07-08,Inactive
CUS006893,INS000002,Pooja,Murty,1976-06-02,Female,Surat,Gujarat,India,2025-03-28,Inactive
CUS006894,INS000003,Girik,Krish,1989-11-10,Female,Mumbai,Maharashtra,India,2020-11-26,Active
CUS006895,INS000005,Banjeet,Bhatti,1971-01-27,Male,Surat,Gujarat,India,2025-07-31,Active
CUS006896,INS000002,Yochana,Nadig,1962-01-30,Male,Ahmedabad,Gujarat,India,2025-05-04,Active
CUS006897,INS000002,Harita,Gera,1975-06-14,Female,Kolkata,West Bengal,India,2025-03-13,Active
CUS006898,INS000004,Ubika,Basak,2008-08-04,Female,Lucknow,Uttar Pradesh,India,2024-08-13,Active
CUS006899,INS000002,Udarsh,Kumer,1971-12-12,Female,Patna,Bihar,India,2025-10-03,Active
CUS006900,INS000003,Mohammed,Thaker,1989-09-06,Female,Kolkata,West Bengal,India,2023-03-24,Active
CUS006901,INS000003,Warhi,Barad,1971-04-02,Female,Bengaluru,Karnataka,India,2020-09-11,Active
CUS006902,INS000005,Fiyaz,Mishra,1981-03-06,Male,Pune,Maharashtra,India,2020-11-23,Active
CUS006903,INS000005,Bina,Taneja,1974-03-28,Female,Hyderabad,Telangana,India,2018-08-29,Active
CUS006904,INS000002,Upadhriti,Rana,1978-12-19,Male,Ahmedabad,Gujarat,India,2019-08-15,Active
CUS006905,INS000001,Rajeshri,Wadhwa,1976-12-16,Female,Bhubaneswar,Odisha,India,2026-07-23,Active
CUS006906,INS000004,Fariq,Tailor,1958-04-22,Female,Kochi,Kerala,India,2024-06-26,Active
CUS006907,INS000001,Vanya,Kapur,1981-10-28,Male,Bhopal,Madhya Pradesh,India,2020-05-24,Active
CUS006908,INS000002,Charita,Bhattacharyya,1966-04-07,Female,Chandigarh,Chandigarh,India,2024-12-25,Active
CUS006909,INS000002,Manthan,Issac,1955-07-21,Male,Chandigarh,Chandigarh,India,2020-05-14,Inactive
CUS006910,INS000001,Joshua,Sheth,1962-12-28,Male,Delhi,Delhi,India,2022-03-22,Active
CUS006911,INS000004,Charita,Sarna,1997-01-18,Male,Bengaluru,Karnataka,India,2026-05-27,Inactive
CUS006912,INS000001,Yuvraj,Dara,1998-03-06,Male,Jaipur,Rajasthan,India,2026-05-08,Active
CUS006913,INS000005,Prisha,Sachdeva,1994-04-17,Male,Ahmedabad,Gujarat,India,2025-07-08,Active
CUS006914,INS000003,Chakrika,Raja,1986-02-07,Male,Bhopal,Madhya Pradesh,India,2025-05-29,Active
CUS006915,INS000005,Champak,Master,1954-12-01,Female,Chennai,Tamil Nadu,India,2020-11-15,Active
CUS006916,INS000003,Faraj,Chaudry,1961-08-05,Female,Chennai,Tamil Nadu,India,2024-01-04,Active
CUS006917,INS000002,Chakradev,Roy,1985-08-11,Female,Jaipur,Rajasthan,India,2023-11-16,Active
CUS006918,INS000004,Yochana,Raja,2003-06-05,Male,Bhubaneswar,Odisha,India,2019-01-30,Inactive
CUS006919,INS000001,Hritik,Chaudhary,1968-07-28,Female,Surat,Gujarat,India,2019-08-01,Active
CUS006920,INS000004,Yashvi,Dixit,1979-03-02,Female,Pune,Maharashtra,India,2025-11-19,Active
CUS006921,INS000001,Pavani,Kalita,1968-07-26,Male,Chennai,Tamil Nadu,India,2022-04-16,Active
CUS006922,INS000005,Nitara,Sundaram,1986-03-29,Female,Kochi,Kerala,India,2025-12-13,Active
CUS006923,INS000005,Girindra,Mangat,1975-09-02,Male,Bhubaneswar,Odisha,India,2023-11-18,Active
CUS006924,INS000001,Ucchal,Bawa,1999-12-18,Female,Nagpur,Maharashtra,India,2023-06-18,Active
CUS006925,INS000004,Zehaan,Sundaram,2004-02-17,Male,Ahmedabad,Gujarat,India,2022-11-19,Active
CUS006926,INS000001,Isha,Srinivasan,1968-10-16,Male,Kolkata,West Bengal,India,2025-07-13,Active
CUS006927,INS000002,Aachal,Lata,1991-11-30,Female,Ahmedabad,Gujarat,India,2025-03-20,Active
CUS006928,INS000005,Finn,Kothari,1992-10-11,Male,Kolkata,West Bengal,India,2024-11-10,Active
CUS006929,INS000002,Yahvi,Kaul,1974-08-13,Male,Indore,Madhya Pradesh,India,2024-12-14,Active
CUS006930,INS000005,Amol,Ghosh,1995-03-08,Female,Mumbai,Maharashtra,India,2021-10-28,Inactive
CUS006931,INS000005,Ishaan,Naidu,2001-11-24,Female,Chennai,Tamil Nadu,India,2024-10-04,Active
CUS006932,INS000003,Turvi,Sarkar,2005-09-28,Female,Ahmedabad,Gujarat,India,2021-02-17,Active
CUS006933,INS000002,Praneel,Goswami,1966-02-23,Male,Kolkata,West Bengal,India,2020-05-20,Active
CUS006934,INS000002,Qabil,Kade,2006-06-21,Male,Bhopal,Madhya Pradesh,India,2024-02-05,Active
CUS006935,INS000003,Maya,Varma,1961-12-20,Female,Ahmedabad,Gujarat,India,2021-04-17,Active
CUS006936,INS000004,Chakradev,Mann,1995-02-15,Male,Hyderabad,Telangana,India,2023-08-15,Active
CUS006937,INS000002,Fiyaz,Comar,2007-01-22,Male,Chandigarh,Chandigarh,India,2021-02-12,Active
CUS006938,INS000001,Omaja,Sehgal,1989-04-27,Female,Surat,Gujarat,India,2026-02-12,Active
CUS006939,INS000003,Chameli,Aurora,1989-02-14,Male,Bengaluru,Karnataka,India,2020-01-03,Active
CUS006940,INS000002,Dipta,Bhavsar,2003-08-16,Male,Bhopal,Madhya Pradesh,India,2019-10-23,Active
CUS006941,INS000004,Suhani,Lalla,1989-09-01,Male,Pune,Maharashtra,India,2022-06-24,Active
CUS006942,INS000002,Shivani,Gandhi,1963-11-05,Male,Ahmedabad,Gujarat,India,2019-04-15,Active
CUS006943,INS000005,Alka,Sankar,1971-09-22,Male,Pune,Maharashtra,India,2025-06-10,Active
CUS006944,INS000001,Harita,Dewan,1987-01-29,Male,Surat,Gujarat,India,2024-12-22,Active
CUS006945,INS000003,Rachit,Bal,1999-07-11,Male,Jaipur,Rajasthan,India,2024-01-14,Active
CUS006946,INS000005,Siddharth,Kala,1983-02-14,Female,Pune,Maharashtra,India,2023-09-01,Active
CUS006947,INS000004,Qasim,Sibal,1959-07-01,Female,Lucknow,Uttar Pradesh,India,2018-12-25,Active
CUS006948,INS000005,Farhan,Behl,1998-06-01,Male,Thane,Maharashtra,India,2021-09-03,Inactive
CUS006949,INS000005,Aashi,Varma,1980-05-24,Female,Pune,Maharashtra,India,2020-01-08,Active
CUS006950,INS000004,Hitesh,Sharma,2007-02-10,Male,Hyderabad,Telangana,India,2020-01-27,Active
CUS006951,INS000005,Radha,Zachariah,1970-06-24,Male,Ahmedabad,Gujarat,India,2020-10-02,Active
CUS006952,INS000003,Andrew,Garg,2005-08-14,Male,Delhi,Delhi,India,2023-10-25,Active
CUS006953,INS000002,Abdul,Cherian,1989-06-04,Female,Indore,Madhya Pradesh,India,2020-06-12,Active
CUS006954,INS000005,Megha,Chakraborty,1964-05-12,Female,Hyderabad,Telangana,India,2023-09-23,Active
CUS006955,INS000003,Jackson,Roy,1992-11-28,Female,Kolkata,West Bengal,India,2026-07-29,Active
CUS006956,INS000002,Agastya,Bhakta,1997-07-27,Male,Thane,Maharashtra,India,2019-04-10,Active
CUS006957,INS000002,Onveer,Dutt,2005-06-20,Male,Delhi,Delhi,India,2024-11-08,Active
CUS006958,INS000005,Vansha,Bala,1991-08-22,Female,Thane,Maharashtra,India,2024-06-07,Active
CUS006959,INS000003,Triveni,Lad,1996-12-30,Male,Lucknow,Uttar Pradesh,India,2020-02-16,Active
CUS006960,INS000005,Nidhi,Chandran,1958-10-22,Female,Chennai,Tamil Nadu,India,2022-11-16,Active
CUS006961,INS000004,Vidhi,Chacko,1979-12-25,Female,Hyderabad,Telangana,India,2025-09-14,Active
CUS006962,INS000002,Chavvi,Keer,1994-11-21,Female,Bengaluru,Karnataka,India,2019-01-29,Inactive
CUS006963,INS000005,Jalsa,Pingle,1973-03-29,Female,Mysuru,Karnataka,India,2022-11-25,Active
CUS006964,INS000002,Megha,Varghese,2005-01-23,Female,Bhubaneswar,Odisha,India,2018-09-07,Active
CUS006965,INS000003,Chasmum,Thaman,1956-08-12,Female,Thane,Maharashtra,India,2024-02-06,Inactive
CUS006966,INS000001,Gagan,Sen,1997-08-06,Female,Delhi,Delhi,India,2020-10-27,Active
CUS006967,INS000005,Jeremiah,Din,1989-08-03,Male,Mysuru,Karnataka,India,2026-08-04,Active
CUS006968,INS000005,Krishna,Choudhury,2006-02-07,Female,Kochi,Kerala,India,2023-03-07,Active
CUS006969,INS000002,Akshay,Chacko,1996-10-24,Male,Bhopal,Madhya Pradesh,India,2020-06-12,Active
CUS006970,INS000003,Rayaan,Saxena,1960-03-29,Male,Thane,Maharashtra,India,2026-03-29,Active
CUS006971,INS000004,Isaac,Bains,1965-11-26,Male,Nagpur,Maharashtra,India,2021-06-30,Active
CUS006972,INS000003,Amol,Yogi,1988-09-29,Male,Ahmedabad,Gujarat,India,2021-07-13,Active
CUS006973,INS000005,Raghav,Thakur,1969-04-17,Female,Kolkata,West Bengal,India,2022-02-10,Active
CUS006974,INS000004,Avi,Mann,1959-10-29,Female,Mysuru,Karnataka,India,2023-04-18,Active
CUS006975,INS000003,Shaurya,Trivedi,1972-07-02,Male,Surat,Gujarat,India,2020-01-02,Active
CUS006976,INS000001,Vasana,Balasubramanian,2004-02-25,Male,Chandigarh,Chandigarh,India,2026-08-03,Active
CUS006977,INS000002,Maanav,Bobal,1984-07-25,Female,Chandigarh,Chandigarh,India,2024-09-06,Active
CUS006978,INS000003,Wyatt,Rastogi,1996-05-28,Female,Kolkata,West Bengal,India,2018-11-26,Active
CUS006979,INS000003,Rajata,Lad,1982-04-20,Female,Kochi,Kerala,India,2024-04-05,Active
CUS006980,INS000001,Rayaan,Modi,1997-05-08,Male,Jaipur,Rajasthan,India,2022-11-04,Active
CUS006981,INS000005,Gabriel,Warrior,1959-02-10,Female,Kolkata,West Bengal,India,2023-11-12,Active
CUS006982,INS000002,Charvi,Devi,1969-12-03,Female,Surat,Gujarat,India,2025-01-04,Active
CUS006983,INS000003,Ubika,Dyal,1986-06-27,Male,Hyderabad,Telangana,India,2020-12-31,Active
CUS006984,INS000004,Manbir,Dara,1968-05-10,Male,Bengaluru,Karnataka,India,2024-01-20,Active
CUS006985,INS000003,Urvi,Seth,2007-04-03,Male,Jaipur,Rajasthan,India,2024-05-07,Inactive
CUS006986,INS000002,Pahal,Parekh,1994-08-11,Male,Pune,Maharashtra,India,2019-07-28,Active
CUS006987,INS000003,Anthony,Vig,1976-10-15,Other,Chennai,Tamil Nadu,India,2018-12-01,Inactive
CUS006988,INS000001,Jackson,Varghese,1965-12-02,Male,Chennai,Tamil Nadu,India,2021-09-01,Active
CUS006989,INS000003,Ojas,Kaul,1987-02-02,Male,Bhubaneswar,Odisha,India,2019-05-30,Inactive
CUS006990,INS000003,Michael,Sarraf,1972-07-01,Male,Bengaluru,Karnataka,India,2022-09-11,Active
CUS006991,INS000004,Sai,Tripathi,1972-03-12,Male,Chennai,Tamil Nadu,India,2021-02-21,Inactive
CUS006992,INS000001,Vedhika,Prakash,1963-01-21,Female,Surat,Gujarat,India,2025-01-27,Active
CUS006993,INS000001,Urishilla,Sarma,1972-05-03,Male,Kolkata,West Bengal,India,2019-01-14,Inactive
CUS006994,INS000003,Anmol,Apte,1998-02-06,Female,Ahmedabad,Gujarat,India,2019-07-28,Active
CUS006995,INS000004,Shivani,Zacharia,1966-11-07,Male,Hyderabad,Telangana,India,2020-02-09,Active
CUS006996,INS000003,Xavier,Gera,2004-03-23,Female,Chandigarh,Chandigarh,India,2020-08-21,Active
CUS006997,INS000003,Saksham,Bhatia,1956-12-11,Female,Chandigarh,Chandigarh,India,2025-01-29,Active
CUS006998,INS000002,Chaitaly,Bal,1956-04-04,Female,Bhubaneswar,Odisha,India,2025-08-26,Active
CUS006999,INS000002,Manya,Lad,1995-05-28,Female,Delhi,Delhi,India,2020-10-17,Inactive
CUS007000,INS000004,Charan,Zachariah,1981-06-23,Female,Chennai,Tamil Nadu,India,2019-05-23,Active
CUS007001,INS000005,Gauri,Batra,1999-11-26,Male,Indore,Madhya Pradesh,India,2025-04-27,Active
CUS007002,INS000002,Abhiram,Sahota,2003-02-05,Female,Surat,Gujarat,India,2026-05-07,Active
CUS007003,INS000005,Harshil,Som,1970-06-22,Female,Mysuru,Karnataka,India,2019-08-04,Active
CUS007004,INS000001,Rachana,Nagarajan,1963-01-01,Female,Surat,Gujarat,India,2019-09-10,Active
CUS007005,INS000002,Ojasvi,Solanki,2004-01-16,Male,Surat,Gujarat,India,2019-12-18,Active
CUS007006,INS000002,Warhi,Chander,1961-06-24,Male,Bhubaneswar,Odisha,India,2019-07-03,Active
CUS007007,INS000004,Bina,Gole,2006-08-26,Female,Nagpur,Maharashtra,India,2023-12-19,Active
CUS007008,INS000005,Balhaar,Gulati,1990-06-16,Male,Bhubaneswar,Odisha,India,2025-07-21,Active
CUS007009,INS000002,Vinaya,Rai,1958-12-22,Male,Thane,Maharashtra,India,2024-07-23,Active
CUS007010,INS000002,Mugdha,Chada,1962-07-21,Male,Bhopal,Madhya Pradesh,India,2023-03-21,Active
CUS007011,INS000004,Vedika,Mistry,1998-06-25,Female,Kochi,Kerala,India,2019-02-04,Active
CUS007012,INS000004,Yochana,Rau,1987-12-03,Other,Surat,Gujarat,India,2018-10-21,Active
CUS007013,INS000005,Vinaya,Chand,1956-06-01,Female,Mysuru,Karnataka,India,2020-07-23,Active
CUS007014,INS000001,Vincent,Chad,1985-01-01,Male,Indore,Madhya Pradesh,India,2020-02-27,Active
CUS007015,INS000001,Darsh,Dugar,1976-05-20,Male,Ahmedabad,Gujarat,India,2024-07-07,Active
CUS007016,INS000003,Anirudh,Vaidya,2005-10-09,Male,Jaipur,Rajasthan,India,2024-05-15,Active
CUS007017,INS000002,Pahal,Tata,1975-06-22,Female,Jaipur,Rajasthan,India,2024-08-17,Active
CUS007018,INS000005,Diya,Madan,1968-01-20,Female,Kochi,Kerala,India,2019-07-27,Active
CUS007019,INS000002,Devansh,Gandhi,1956-05-20,Male,Pune,Maharashtra,India,2023-02-25,Active
CUS007020,INS000005,Amrita,Sampath,1995-10-05,Female,Surat,Gujarat,India,2023-09-13,Active
CUS007021,INS000005,Omisha,Thaman,1966-10-23,Female,Nagpur,Maharashtra,India,2019-09-08,Active
CUS007022,INS000005,Urvashi,Dora,1979-05-29,Male,Mysuru,Karnataka,India,2024-05-02,Active
CUS007023,INS000002,Jackson,Sheth,1955-04-04,Male,Kolkata,West Bengal,India,2021-02-12,Active
CUS007024,INS000004,Warda,Ramanathan,1972-10-03,Other,Kochi,Kerala,India,2025-09-12,Active
CUS007025,INS000002,Idika,Sood,1958-05-29,Male,Nagpur,Maharashtra,India,2022-08-29,Active
CUS007026,INS000005,Saumya,Bedi,1952-03-21,Female,Surat,Gujarat,India,2019-07-25,Active
CUS007027,INS000003,Rajata,Loke,1954-12-03,Male,Surat,Gujarat,India,2026-06-13,Active
CUS007028,INS000001,Ansh,Bassi,1988-12-27,Female,Bengaluru,Karnataka,India,2022-07-24,Active
CUS007029,INS000005,Neel,Pant,1964-09-28,Female,Nagpur,Maharashtra,India,2021-02-19,Active
CUS007030,INS000003,Bhavna,Karnik,1964-09-09,Female,Jaipur,Rajasthan,India,2019-12-23,Active
CUS007031,INS000004,Rehaan,Dalal,1966-01-31,Female,Kochi,Kerala,India,2019-05-26,Inactive
CUS007032,INS000005,Upasna,Kuruvilla,1954-01-23,Female,Hyderabad,Telangana,India,2020-10-01,Active
CUS007033,INS000003,Hemangini,Chakrabarti,1956-04-02,Female,Pune,Maharashtra,India,2026-02-03,Active
CUS007034,INS000005,Raksha,Sampath,1961-04-22,Male,Kochi,Kerala,India,2023-07-17,Inactive
CUS007035,INS000002,Vincent,Chowdhury,1960-05-26,Male,Surat,Gujarat,India,2021-09-28,Active
CUS007036,INS000003,Yashica,Pant,1962-08-11,Female,Indore,Madhya Pradesh,India,2019-05-07,Active
CUS007037,INS000002,Theodore,Sane,1973-03-04,Female,Thane,Maharashtra,India,2024-02-15,Active
CUS007038,INS000002,Harinakshi,Basu,1961-12-11,Male,Chennai,Tamil Nadu,India,2019-04-11,Active
CUS007039,INS000003,Upadhriti,Talwar,1980-01-28,Male,Bhopal,Madhya Pradesh,India,2025-03-08,Inactive
CUS007040,INS000001,Karan,Kothari,2001-07-20,Female,Nagpur,Maharashtra,India,2023-03-31,Active
CUS007041,INS000003,Chaaya,Goel,1973-07-03,Male,Bhubaneswar,Odisha,India,2020-05-22,Inactive
CUS007042,INS000001,Madhavi,Sura,1967-06-26,Female,Lucknow,Uttar Pradesh,India,2019-09-26,Active
CUS007043,INS000005,Omaja,Mander,2003-04-06,Female,Chandigarh,Chandigarh,India,2019-05-03,Active
CUS007044,INS000005,Jagvi,Kapur,1953-04-12,Female,Surat,Gujarat,India,2021-03-25,Active
CUS007045,INS000003,Urmi,Nath,1983-11-02,Male,Surat,Gujarat,India,2022-06-08,Inactive
CUS007046,INS000005,Neel,Purohit,2008-02-07,Male,Jaipur,Rajasthan,India,2023-09-25,Active
CUS007047,INS000004,Sarthak,Pandya,1988-12-17,Male,Ahmedabad,Gujarat,India,2026-08-07,Active
CUS007048,INS000002,Barkha,Chhabra,1978-08-16,Male,Lucknow,Uttar Pradesh,India,2024-12-03,Active
CUS007049,INS000002,Gabriel,Sharma,1956-11-20,Female,Patna,Bihar,India,2025-02-07,Active
CUS007050,INS000001,Vasudha,Rao,1982-02-14,Female,Chandigarh,Chandigarh,India,2025-06-13,Active
CUS007051,INS000005,Kai,Gopal,1995-07-31,Male,Mumbai,Maharashtra,India,2023-11-24,Active
CUS007052,INS000001,Oscar,Master,1972-06-24,Male,Thane,Maharashtra,India,2019-04-24,Inactive
CUS007053,INS000002,Ryan,Bath,1993-07-19,Male,Chennai,Tamil Nadu,India,2020-12-12,Active
CUS007054,INS000002,Naksh,Sama,1972-03-30,Other,Hyderabad,Telangana,India,2023-10-28,Active
CUS007055,INS000005,Vyanjana,Mandal,1978-08-17,Male,Lucknow,Uttar Pradesh,India,2020-07-29,Active
CUS007056,INS000004,Harrison,Puri,1988-07-18,Female,Chennai,Tamil Nadu,India,2021-03-10,Active
CUS007057,INS000004,Ojasvi,Rajagopal,1990-07-26,Female,Lucknow,Uttar Pradesh,India,2019-07-26,Active
CUS007058,INS000005,Wakeeta,Kothari,1954-05-30,Female,Bengaluru,Karnataka,India,2023-10-27,Active
CUS007059,INS000005,Chavvi,Lanka,1974-09-24,Female,Jaipur,Rajasthan,India,2023-10-13,Active
CUS007060,INS000001,Wahab,Sanghvi,2006-03-11,Male,Jaipur,Rajasthan,India,2024-02-07,Active
CUS007061,INS000005,Shaurya,Bal,1979-07-18,Female,Ahmedabad,Gujarat,India,2019-07-30,Active
CUS007062,INS000004,Champak,Lata,1953-01-09,Male,Ahmedabad,Gujarat,India,2025-06-19,Active
CUS007063,INS000005,Andrew,Sethi,1982-03-31,Female,Lucknow,Uttar Pradesh,India,2022-05-07,Active
CUS007064,INS000001,Jagrati,Vaidya,1999-08-24,Male,Lucknow,Uttar Pradesh,India,2023-06-14,Active
CUS007065,INS000001,Advika,Muni,1973-06-30,Female,Chandigarh,Chandigarh,India,2022-11-25,Active
CUS007066,INS000001,Ishanvi,Doshi,1953-06-17,Male,Jaipur,Rajasthan,India,2019-04-18,Active
CUS007067,INS000001,Nathan,Bhattacharyya,1967-12-28,Female,Bengaluru,Karnataka,India,2021-11-07,Active
CUS007068,INS000003,Owen,Sawhney,1979-08-29,Male,Mumbai,Maharashtra,India,2018-10-09,Active
CUS007069,INS000005,Yahvi,Apte,1997-10-22,Female,Bhubaneswar,Odisha,India,2019-06-14,Inactive
CUS007070,INS000002,Azad,Dua,1963-07-01,Female,Delhi,Delhi,India,2025-02-13,Active
CUS007071,INS000005,Devansh,Nigam,1963-09-20,Male,Patna,Bihar,India,2024-07-30,Active
CUS007072,INS000003,Geetika,Chaudry,1998-07-29,Female,Mysuru,Karnataka,India,2025-04-22,Active
CUS007073,INS000001,Qushi,Raju,1959-12-27,Female,Bhopal,Madhya Pradesh,India,2019-06-03,Active
CUS007074,INS000003,Ishaan,Dhar,1999-08-11,Male,Kochi,Kerala,India,2021-05-20,Active
CUS007075,INS000004,Utkarsh,Dutta,1988-07-21,Female,Jaipur,Rajasthan,India,2025-01-06,Inactive
CUS007076,INS000004,Jai,Parekh,1996-10-04,Female,Bengaluru,Karnataka,India,2020-04-09,Active
CUS007077,INS000005,Udarsh,Kibe,1965-06-28,Female,Hyderabad,Telangana,India,2019-07-07,Active
CUS007078,INS000005,Vidhi,Ray,1975-07-04,Male,Indore,Madhya Pradesh,India,2022-01-30,Active
CUS007079,INS000002,Aarna,Maharaj,1967-11-30,Male,Ahmedabad,Gujarat,India,2022-03-02,Active
CUS007080,INS000002,Harini,Dass,1984-10-02,Female,Lucknow,Uttar Pradesh,India,2019-01-06,Active
CUS007081,INS000004,Isha,Acharya,1955-06-08,Male,Nagpur,Maharashtra,India,2023-12-10,Active
CUS007082,INS000001,Chakradhar,Thakkar,1952-09-29,Female,Chandigarh,Chandigarh,India,2019-06-24,Inactive
CUS007083,INS000003,Amara,Kapadia,1992-03-29,Male,Hyderabad,Telangana,India,2025-12-29,Active
CUS007084,INS000002,Matthew,Lata,1990-04-25,Male,Kochi,Kerala,India,2026-02-10,Active
CUS007085,INS000002,Yutika,Warrior,1963-12-25,Female,Nagpur,Maharashtra,India,2026-04-19,Active
CUS007086,INS000001,Hemang,Ratta,1990-02-21,Female,Nagpur,Maharashtra,India,2023-12-30,Active
CUS007087,INS000001,Chandresh,Walia,1973-01-15,Female,Kochi,Kerala,India,2025-10-25,Active
CUS007088,INS000005,Raksha,Thaker,2003-06-25,Male,Hyderabad,Telangana,India,2023-01-29,Active
CUS007089,INS000003,Tanvi,Kari,1996-10-10,Male,Lucknow,Uttar Pradesh,India,2019-09-12,Active
CUS007090,INS000001,Indrajit,Barman,1983-08-11,Male,Jaipur,Rajasthan,India,2018-10-26,Active
CUS007091,INS000002,Hitesh,Sarin,2006-08-02,Female,Kochi,Kerala,India,2020-09-12,Active
CUS007092,INS000002,Harsh,Devan,1992-04-27,Female,Kolkata,West Bengal,India,2021-05-20,Active
CUS007093,INS000004,Benjamin,Kuruvilla,1994-02-21,Female,Bhubaneswar,Odisha,India,2026-03-21,Active
CUS007094,INS000001,Yashica,Rana,1988-01-08,Male,Jaipur,Rajasthan,India,2023-10-13,Active
CUS007095,INS000005,Henry,Srinivasan,1963-11-29,Female,Indore,Madhya Pradesh,India,2018-11-02,Active
CUS007096,INS000003,Oliver,Dora,1958-03-07,Male,Indore,Madhya Pradesh,India,2018-10-21,Inactive
CUS007097,INS000005,Jacob,Vyas,1997-11-01,Female,Mumbai,Maharashtra,India,2022-12-23,Active
CUS007098,INS000002,Samesh,Saxena,2008-06-27,Male,Lucknow,Uttar Pradesh,India,2023-08-28,Inactive
CUS007099,INS000005,Janaki,Bir,1991-07-02,Female,Bengaluru,Karnataka,India,2024-03-30,Active
CUS007100,INS000002,Naksh,Sandal,1985-03-07,Male,Mysuru,Karnataka,India,2020-02-15,Active
CUS007101,INS000002,Brinda,Bains,1990-03-13,Male,Bhopal,Madhya Pradesh,India,2024-09-25,Active
CUS007102,INS000002,Riya,Bhatnagar,1957-10-03,Male,Delhi,Delhi,India,2019-10-05,Active
CUS007103,INS000002,Yashawini,Chakraborty,1954-08-11,Male,Nagpur,Maharashtra,India,2024-02-13,Active
CUS007104,INS000002,Wishi,Mital,2000-09-04,Male,Patna,Bihar,India,2023-02-08,Active
CUS007105,INS000004,Hardik,Borah,1983-01-02,Male,Chandigarh,Chandigarh,India,2020-03-27,Active
CUS007106,INS000005,Mitesh,Kala,1956-05-23,Male,Kochi,Kerala,India,2022-03-31,Active
CUS007107,INS000004,Januja,Chowdhury,1973-08-19,Female,Ahmedabad,Gujarat,India,2021-08-02,Active
CUS007108,INS000004,Gaurika,Kothari,1982-03-15,Male,Thane,Maharashtra,India,2023-09-15,Active
CUS007109,INS000001,Lakshit,Parmar,1984-03-20,Female,Thane,Maharashtra,India,2024-03-23,Inactive
CUS007110,INS000001,Jason,Gade,1977-07-18,Male,Delhi,Delhi,India,2019-01-05,Active
CUS007111,INS000001,Saksham,Jayaraman,1951-03-24,Female,Chandigarh,Chandigarh,India,2026-08-04,Active
CUS007112,INS000003,Reva,Reddy,1966-09-07,Female,Bengaluru,Karnataka,India,2021-02-14,Active
CUS007113,INS000001,Ojasvi,Chokshi,1957-06-08,Male,Nagpur,Maharashtra,India,2021-05-28,Active
CUS007114,INS000005,Abeer,Kaul,1969-11-11,Female,Jaipur,Rajasthan,India,2024-02-07,Inactive
CUS007115,INS000004,Yatan,Kala,1964-11-26,Male,Jaipur,Rajasthan,India,2022-04-25,Active
CUS007116,INS000005,Urvi,Soman,1985-04-22,Female,Nagpur,Maharashtra,India,2024-05-02,Active
CUS007117,INS000001,Harita,Reddy,1987-08-01,Female,Thane,Maharashtra,India,2025-08-23,Active
CUS007118,INS000003,Bhavini,Acharya,1973-09-07,Male,Pune,Maharashtra,India,2022-01-02,Inactive
CUS007119,INS000003,Yashasvi,Om,1958-08-21,Male,Nagpur,Maharashtra,India,2026-03-03,Active
CUS007120,INS000004,Onveer,Grover,2001-05-01,Male,Nagpur,Maharashtra,India,2019-03-05,Active
CUS007121,INS000005,Frederick,Kothari,2005-11-07,Male,Hyderabad,Telangana,India,2026-06-11,Active
CUS007122,INS000002,Amaira,Bassi,1973-11-21,Female,Pune,Maharashtra,India,2022-04-24,Inactive
CUS007123,INS000005,Kashish,Kumar,1950-10-20,Male,Delhi,Delhi,India,2025-01-22,Inactive
CUS007124,INS000001,Oeshi,Nagi,1960-09-15,Male,Bengaluru,Karnataka,India,2025-09-21,Active
CUS007125,INS000002,Jalsa,Vaidya,1975-02-28,Male,Kolkata,West Bengal,India,2021-01-31,Active
CUS007126,INS000003,Yatan,Chandra,1993-03-25,Male,Nagpur,Maharashtra,India,2020-10-08,Active
CUS007127,INS000004,Max,Rattan,1994-06-29,Male,Ahmedabad,Gujarat,India,2018-10-02,Active
CUS007128,INS000004,Oviya,Natarajan,1982-07-11,Female,Hyderabad,Telangana,India,2020-06-05,Active
CUS007129,INS000003,Vedant,Bains,1980-03-08,Male,Kolkata,West Bengal,India,2021-05-21,Active
CUS007130,INS000001,Lakshit,Gandhi,1971-11-17,Female,Surat,Gujarat,India,2023-03-19,Active
CUS007131,INS000003,Pushti,Parsa,1966-08-18,Male,Hyderabad,Telangana,India,2019-08-24,Active
CUS007132,INS000001,Odika,Mallick,1951-03-17,Male,Patna,Bihar,India,2024-12-25,Active
CUS007133,INS000002,Nimrat,Mittal,2000-10-05,Female,Patna,Bihar,India,2020-08-01,Active
CUS007134,INS000003,Tara,Tandon,2004-06-05,Male,Pune,Maharashtra,India,2024-07-30,Active
CUS007135,INS000001,Zaitra,Dhillon,1964-01-19,Male,Mumbai,Maharashtra,India,2021-01-28,Active
CUS007136,INS000002,Janaki,Lala,1995-06-02,Female,Kolkata,West Bengal,India,2023-08-23,Active
CUS007137,INS000003,Ayushman,Dash,1971-12-13,Female,Pune,Maharashtra,India,2022-03-28,Active
CUS007138,INS000004,Saanvi,Chatterjee,1963-12-27,Male,Nagpur,Maharashtra,India,2018-12-13,Active
CUS007139,INS000003,Madhav,Sanghvi,1979-10-21,Female,Ahmedabad,Gujarat,India,2023-12-10,Inactive
CUS007140,INS000005,Advaith,Nadkarni,1967-11-21,Female,Chennai,Tamil Nadu,India,2018-09-24,Active
CUS007141,INS000003,Zansi,Balay,1990-03-08,Male,Patna,Bihar,India,2023-01-19,Active
CUS007142,INS000005,Ekaraj,Hans,1986-08-26,Male,Indore,Madhya Pradesh,India,2025-07-14,Active
CUS007143,INS000002,Frado,Mann,1955-05-25,Male,Nagpur,Maharashtra,India,2022-09-04,Inactive
CUS007144,INS000003,Hamsini,Mahal,1974-04-12,Male,Nagpur,Maharashtra,India,2026-04-25,Active
CUS007145,INS000002,Divya,Bala,1976-08-15,Female,Patna,Bihar,India,2025-04-27,Active
CUS007146,INS000002,Neelima,Saha,2001-12-14,Female,Pune,Maharashtra,India,2025-03-21,Active
CUS007147,INS000001,Nitesh,Ratti,1969-07-11,Female,Delhi,Delhi,India,2023-03-13,Inactive
CUS007148,INS000002,Radha,Bhatnagar,1955-07-02,Male,Chandigarh,Chandigarh,India,2026-02-19,Active
CUS007149,INS000002,Darsh,Singhal,1968-09-01,Male,Nagpur,Maharashtra,India,2025-03-15,Active
CUS007150,INS000003,Maya,Sule,2003-11-11,Female,Kochi,Kerala,India,2024-04-17,Inactive
CUS007151,INS000003,Balhaar,Bhattacharyya,1972-06-27,Male,Bhopal,Madhya Pradesh,India,2026-03-24,Active
CUS007152,INS000004,Matthew,Varty,1963-03-24,Female,Chennai,Tamil Nadu,India,2019-09-10,Active
CUS007153,INS000001,Dalbir,Date,1990-08-21,Female,Mumbai,Maharashtra,India,2024-02-27,Active
CUS007154,INS000002,Zinal,Kuruvilla,1970-08-15,Female,Bhubaneswar,Odisha,India,2022-12-11,Active
CUS007155,INS000001,Chakrika,Yohannan,1952-02-09,Male,Bhubaneswar,Odisha,India,2021-05-11,Active
CUS007156,INS000005,Oni,Barman,1960-01-19,Male,Hyderabad,Telangana,India,2018-12-17,Active
CUS007157,INS000002,Neelima,Agate,1955-04-30,Female,Mumbai,Maharashtra,India,2018-09-17,Active
CUS007158,INS000001,Daksha,Rattan,1953-05-01,Female,Mumbai,Maharashtra,India,2021-10-29,Active
CUS007159,INS000004,Dipta,Shenoy,1997-06-15,Female,Surat,Gujarat,India,2019-05-04,Active
CUS007160,INS000004,Hemangini,Dhillon,1955-09-24,Male,Kolkata,West Bengal,India,2025-07-06,Active
CUS007161,INS000002,Abhiram,Chatterjee,2003-06-08,Female,Bengaluru,Karnataka,India,2024-11-19,Active
CUS007162,INS000005,Ati,Magar,1964-10-13,Female,Jaipur,Rajasthan,India,2022-10-05,Active
CUS007163,INS000004,Manan,Buch,1955-08-20,Male,Thane,Maharashtra,India,2020-08-24,Active
CUS007164,INS000004,Netra,Savant,1969-10-06,Female,Bhubaneswar,Odisha,India,2024-02-02,Inactive
CUS007165,INS000005,Sanaya,Madan,1980-05-14,Female,Nagpur,Maharashtra,India,2019-05-28,Active
CUS007166,INS000001,Samesh,Sachdev,1987-06-02,Male,Lucknow,Uttar Pradesh,India,2024-12-21,Active
CUS007167,INS000004,Riya,Varughese,1991-07-31,Male,Kolkata,West Bengal,India,2024-08-03,Active
CUS007168,INS000003,Hemani,Cheema,1983-06-12,Female,Delhi,Delhi,India,2019-08-22,Inactive
CUS007169,INS000004,Nidhi,Kara,1951-04-17,Male,Pune,Maharashtra,India,2021-05-04,Active
CUS007170,INS000001,Rudra,Narain,1963-05-24,Female,Ahmedabad,Gujarat,India,2022-12-04,Active
CUS007171,INS000001,Charvi,Goyal,1997-06-20,Male,Jaipur,Rajasthan,India,2022-09-30,Active
CUS007172,INS000002,Frado,Ramesh,2000-08-13,Male,Nagpur,Maharashtra,India,2023-08-02,Active
CUS007173,INS000003,Balhaar,Puri,1976-12-02,Other,Bhubaneswar,Odisha,India,2018-09-29,Inactive
CUS007174,INS000001,Gaurika,Lanka,1979-03-08,Female,Surat,Gujarat,India,2018-09-15,Active
CUS007175,INS000005,Madhavi,Sami,1979-03-12,Male,Delhi,Delhi,India,2021-04-05,Active
CUS007176,INS000003,Jonathan,Yohannan,2000-04-22,Female,Hyderabad,Telangana,India,2023-10-05,Active
CUS007177,INS000003,Zinal,Kothari,1991-02-27,Male,Kolkata,West Bengal,India,2023-06-24,Active
CUS007178,INS000005,Bhanumati,Randhawa,1961-10-01,Male,Ahmedabad,Gujarat,India,2020-02-01,Active
CUS007179,INS000004,Tanay,Sarraf,1970-08-20,Male,Jaipur,Rajasthan,India,2022-02-10,Inactive
CUS007180,INS000005,Girik,Muni,1979-08-15,Male,Pune,Maharashtra,India,2019-02-13,Active
CUS007181,INS000005,Yasti,Toor,2003-03-29,Female,Mumbai,Maharashtra,India,2025-10-20,Active
CUS007182,INS000004,Devika,Raj,2002-05-30,Female,Hyderabad,Telangana,India,2026-05-29,Active
CUS007183,INS000004,Harini,Muni,1968-03-14,Other,Mumbai,Maharashtra,India,2021-05-01,Active
CUS007184,INS000004,Nathaniel,Chana,1958-02-11,Female,Indore,Madhya Pradesh,India,2024-07-16,Active
CUS007185,INS000004,Arin,Narang,2003-05-21,Male,Nagpur,Maharashtra,India,2021-01-03,Active
CUS007186,INS000004,Ayaan,Oak,1991-02-14,Female,Chennai,Tamil Nadu,India,2024-10-21,Active
CUS007187,INS000005,Aarna,Lal,1950-11-17,Other,Bhopal,Madhya Pradesh,India,2024-01-07,Active
CUS007188,INS000002,Wyatt,Murthy,1956-01-03,Female,Bhubaneswar,Odisha,India,2025-05-07,Active
CUS007189,INS000002,Daksha,Bawa,1973-05-06,Female,Nagpur,Maharashtra,India,2019-10-07,Inactive
CUS007190,INS000001,Pahal,Choudhry,1981-12-21,Female,Nagpur,Maharashtra,India,2019-08-04,Active
CUS007191,INS000002,Yashasvi,Dash,1964-01-18,Male,Chennai,Tamil Nadu,India,2021-10-20,Active
CUS007192,INS000002,Indrajit,Deshmukh,1987-05-29,Female,Surat,Gujarat,India,2022-09-15,Active
CUS007193,INS000005,Darpan,Gole,1982-10-22,Female,Indore,Madhya Pradesh,India,2021-02-09,Active
CUS007194,INS000004,Kashish,Bhardwaj,1969-03-16,Female,Bhubaneswar,Odisha,India,2020-07-20,Active
CUS007195,INS000004,Aashi,Sridhar,1964-06-19,Male,Mumbai,Maharashtra,India,2020-10-06,Inactive
CUS007196,INS000005,Yashica,Patel,1972-12-10,Female,Bengaluru,Karnataka,India,2026-08-03,Active
CUS007197,INS000002,Irya,Koshy,1965-08-13,Female,Pune,Maharashtra,India,2020-05-27,Inactive
CUS007198,INS000005,Jatin,Raj,1994-06-15,Male,Indore,Madhya Pradesh,India,2022-12-15,Active
CUS007199,INS000001,Champak,Basu,1976-11-27,Female,Kolkata,West Bengal,India,2025-02-22,Active
CUS007200,INS000004,Jeet,Panchal,1998-11-25,Male,Mysuru,Karnataka,India,2018-10-08,Inactive
CUS007201,INS000003,Saumya,Comar,1977-02-19,Male,Nagpur,Maharashtra,India,2023-09-11,Active
CUS007202,INS000001,Chanchal,Bobal,2000-10-23,Male,Hyderabad,Telangana,India,2021-12-09,Active
CUS007203,INS000001,Abdul,Som,1975-11-12,Female,Pune,Maharashtra,India,2022-03-25,Active
CUS007204,INS000005,Sudiksha,Brar,1954-02-12,Male,Surat,Gujarat,India,2022-09-05,Active
CUS007205,INS000002,Harinakshi,Sami,1973-02-02,Female,Kochi,Kerala,India,2020-03-06,Active
CUS007206,INS000004,Warinder,Bhatia,1963-08-14,Male,Chennai,Tamil Nadu,India,2019-07-18,Active
CUS007207,INS000003,Vivaan,Karan,1969-06-05,Male,Thane,Maharashtra,India,2026-06-14,Active
CUS007208,INS000001,Inaya,Yogi,2005-12-11,Male,Thane,Maharashtra,India,2020-01-05,Active
CUS007209,INS000003,Chandani,Rana,1999-06-26,Male,Pune,Maharashtra,India,2024-10-01,Active
CUS007210,INS000002,Bhavani,Johal,2004-08-11,Female,Bhopal,Madhya Pradesh,India,2018-12-31,Inactive
CUS007211,INS000002,Logan,Sama,1996-12-11,Female,Bhubaneswar,Odisha,India,2021-04-29,Active
CUS007212,INS000003,Krishna,Murthy,1976-12-29,Male,Surat,Gujarat,India,2019-10-28,Active
CUS007213,INS000004,Zinal,Kothari,1987-06-07,Male,Jaipur,Rajasthan,India,2023-09-28,Active
CUS007214,INS000002,Yug,Roy,1999-06-10,Female,Delhi,Delhi,India,2021-10-20,Active
CUS007215,INS000003,Henry,Dass,1999-06-25,Male,Ahmedabad,Gujarat,India,2021-04-21,Active
CUS007216,INS000001,Falak,Chaudhry,1987-09-01,Female,Kolkata,West Bengal,India,2022-10-15,Active
CUS007217,INS000003,Zaitra,Varma,1978-01-01,Female,Mysuru,Karnataka,India,2026-06-16,Active
CUS007218,INS000003,Reyansh,Lad,1964-04-22,Male,Kochi,Kerala,India,2020-08-31,Inactive
CUS007219,INS000005,Jalsa,Narang,1963-10-21,Male,Delhi,Delhi,India,2019-01-06,Active
CUS007220,INS000002,Suhani,Pradhan,1960-11-13,Female,Bengaluru,Karnataka,India,2022-11-24,Active
CUS007221,INS000004,Guneet,Bhalla,1984-04-01,Male,Pune,Maharashtra,India,2021-06-19,Active
CUS007222,INS000004,Manan,Raghavan,1974-12-21,Male,Hyderabad,Telangana,India,2021-06-14,Active
CUS007223,INS000005,Pavani,Sunder,1998-09-01,Male,Bhopal,Madhya Pradesh,India,2023-07-13,Active
CUS007224,INS000004,Nisha,Amble,1992-09-01,Female,Mysuru,Karnataka,India,2021-07-08,Active
CUS007225,INS000003,Finn,Bawa,1969-12-07,Female,Kochi,Kerala,India,2023-04-10,Active
CUS007226,INS000005,George,Bakshi,1994-05-22,Male,Nagpur,Maharashtra,India,2022-05-14,Active
CUS007227,INS000001,David,Mitra,1979-08-05,Female,Thane,Maharashtra,India,2020-08-28,Active
CUS007228,INS000002,Pavani,Deshpande,2007-06-11,Male,Delhi,Delhi,India,2020-07-20,Active
CUS007229,INS000002,Kalpit,Misra,2008-04-14,Female,Mumbai,Maharashtra,India,2023-06-12,Active
CUS007230,INS000002,Vamakshi,Wali,1970-05-03,Male,Kochi,Kerala,India,2021-05-14,Active
CUS007231,INS000003,Tanish,Krishna,1995-10-24,Female,Mysuru,Karnataka,India,2018-11-17,Active
CUS007232,INS000001,Sanaya,Gola,1968-02-16,Other,Bhopal,Madhya Pradesh,India,2026-07-05,Inactive
CUS007233,INS000005,Faras,Batta,1966-11-22,Male,Bhopal,Madhya Pradesh,India,2020-12-21,Inactive
CUS007234,INS000005,Kala,Memon,1981-07-14,Male,Delhi,Delhi,India,2024-04-05,Active
CUS007235,INS000002,Neha,Puri,1953-02-07,Male,Hyderabad,Telangana,India,2023-12-13,Active
CUS007236,INS000001,Zilmil,Prashad,1968-03-15,Male,Kolkata,West Bengal,India,2023-11-30,Active
CUS007237,INS000001,Megha,Mahal,2001-04-01,Male,Chennai,Tamil Nadu,India,2025-07-14,Active
CUS007238,INS000001,Aishani,Saran,1976-01-19,Female,Chennai,Tamil Nadu,India,2024-03-27,Active
CUS007239,INS000004,Wishi,Sankar,1997-02-12,Female,Ahmedabad,Gujarat,India,2024-03-13,Active
CUS007240,INS000004,Pallavi,Tank,1999-07-15,Male,Hyderabad,Telangana,India,2024-06-15,Active
CUS007241,INS000002,Ria,Roy,1982-01-01,Female,Ahmedabad,Gujarat,India,2024-12-15,Active
CUS007242,INS000001,Vrishti,Bedi,2008-01-26,Female,Delhi,Delhi,India,2024-08-21,Active
CUS007243,INS000001,Omaja,Narain,1973-01-17,Female,Pune,Maharashtra,India,2018-09-28,Active
CUS007244,INS000005,Nicholas,Sarin,2000-04-10,Male,Patna,Bihar,India,2021-07-30,Active
CUS007245,INS000005,Maanas,Lala,1999-08-14,Male,Thane,Maharashtra,India,2021-02-28,Active
CUS007246,INS000002,Yashasvi,Edwin,1960-01-04,Female,Patna,Bihar,India,2020-10-06,Active
CUS007247,INS000001,Joshua,Atwal,1953-08-02,Male,Indore,Madhya Pradesh,India,2023-06-03,Active
CUS007248,INS000002,Vedhika,Mukhopadhyay,1985-01-27,Female,Chennai,Tamil Nadu,India,2020-01-23,Active
CUS007249,INS000005,Tanvi,Murty,1999-10-29,Female,Chennai,Tamil Nadu,India,2022-10-23,Active
CUS007250,INS000005,Kai,Sampath,2002-04-12,Male,Mysuru,Karnataka,India,2019-03-07,Active
CUS007251,INS000004,Yochana,Patla,1971-06-23,Male,Pune,Maharashtra,India,2019-05-21,Active
CUS007252,INS000002,Jacob,Suri,1984-03-23,Female,Indore,Madhya Pradesh,India,2022-03-22,Active
CUS007253,INS000002,Simon,Savant,2002-03-17,Female,Ahmedabad,Gujarat,India,2024-03-05,Active
CUS007254,INS000001,Tamanna,Oak,1997-02-28,Female,Bhubaneswar,Odisha,India,2025-06-05,Active
CUS007255,INS000001,Urvashi,Yogi,1974-08-03,Male,Lucknow,Uttar Pradesh,India,2026-01-12,Active
CUS007256,INS000004,Bachittar,Balakrishnan,1957-05-29,Female,Pune,Maharashtra,India,2023-04-09,Active
CUS007257,INS000003,Naksh,Seshadri,1956-11-01,Female,Lucknow,Uttar Pradesh,India,2025-10-30,Active
CUS007258,INS000003,Kala,Morar,1978-09-06,Female,Delhi,Delhi,India,2025-11-15,Active
CUS007259,INS000003,Jagat,Nagar,2008-03-17,Male,Chandigarh,Chandigarh,India,2020-01-26,Active
CUS007260,INS000002,Nilima,Kant,1978-01-06,Male,Jaipur,Rajasthan,India,2022-09-16,Active
CUS007261,INS000002,Imaran,Handa,1968-05-21,Male,Lucknow,Uttar Pradesh,India,2019-09-22,Active
CUS007262,INS000005,Jai,Toor,1976-09-04,Female,Indore,Madhya Pradesh,India,2023-09-08,Inactive
CUS007263,INS000002,Kala,Balakrishnan,1967-06-02,Female,Mysuru,Karnataka,India,2021-04-13,Inactive
CUS007264,INS000002,Bimala,Sandal,1993-09-15,Other,Thane,Maharashtra,India,2022-08-10,Active
CUS007265,INS000002,Banjeet,De,1974-11-12,Female,Mysuru,Karnataka,India,2022-04-10,Active
CUS007266,INS000004,Michael,Kibe,1977-05-11,Male,Thane,Maharashtra,India,2025-08-02,Active
CUS007267,INS000002,Jacob,Pingle,1980-04-13,Male,Kolkata,West Bengal,India,2019-11-04,Inactive
CUS007268,INS000001,Kamya,Kuruvilla,1996-06-08,Male,Jaipur,Rajasthan,India,2026-03-15,Active
CUS007269,INS000001,Dalaja,Ravel,1959-05-26,Male,Chennai,Tamil Nadu,India,2025-11-09,Active
CUS007270,INS000005,Kavya,Raj,1973-01-26,Female,Pune,Maharashtra,India,2025-09-20,Active
CUS007271,INS000004,Chavvi,De,1984-01-17,Female,Hyderabad,Telangana,India,2025-03-16,Active
CUS007272,INS000001,Chaitaly,Gour,1967-10-09,Male,Bhopal,Madhya Pradesh,India,2021-11-18,Active
CUS007273,INS000004,Vedika,Sahota,1970-03-13,Female,Hyderabad,Telangana,India,2020-05-10,Active
CUS007274,INS000004,Ayaan,Nayar,2005-04-24,Female,Mumbai,Maharashtra,India,2025-06-01,Active
CUS007275,INS000005,Luke,Mann,1990-01-22,Male,Nagpur,Maharashtra,India,2023-07-10,Active
CUS007276,INS000004,Lucky,Bhagat,1994-07-30,Male,Lucknow,Uttar Pradesh,India,2021-03-02,Inactive
CUS007277,INS000002,Oviya,Chopra,1984-03-28,Male,Nagpur,Maharashtra,India,2023-10-10,Active
CUS007278,INS000004,Chanakya,Ranganathan,1985-11-30,Male,Jaipur,Rajasthan,India,2018-10-14,Active
CUS007279,INS000005,Dalaja,Natt,1965-07-21,Female,Indore,Madhya Pradesh,India,2026-04-29,Active
CUS007280,INS000005,Bhanumati,Palan,1990-05-07,Male,Patna,Bihar,India,2025-07-24,Active
CUS007281,INS000005,Tanveer,Karnik,1981-04-01,Male,Kochi,Kerala,India,2026-05-19,Active
CUS007282,INS000001,Qadim,Bera,1970-11-01,Other,Kochi,Kerala,India,2022-11-07,Active
CUS007283,INS000002,Vrinda,Andra,1974-10-12,Female,Delhi,Delhi,India,2023-12-29,Inactive
CUS007284,INS000001,Aarnav,Sandal,1999-06-27,Male,Indore,Madhya Pradesh,India,2024-04-13,Active
CUS007285,INS000003,Jason,Dyal,1972-07-31,Female,Lucknow,Uttar Pradesh,India,2019-02-20,Active
CUS007286,INS000002,Ikshita,Grover,1984-10-29,Male,Mysuru,Karnataka,India,2022-01-27,Active
CUS007287,INS000004,Ekansh,Dani,1985-04-03,Male,Kolkata,West Bengal,India,2022-12-21,Active
CUS007288,INS000005,Chaitanya,Gill,2004-02-02,Female,Bhopal,Madhya Pradesh,India,2025-04-03,Active
CUS007289,INS000003,Omisha,Doshi,2005-12-04,Male,Nagpur,Maharashtra,India,2022-08-26,Active
CUS007290,INS000002,Vasana,Menon,1992-03-27,Female,Jaipur,Rajasthan,India,2025-12-11,Active
CUS007291,INS000001,Dayita,Golla,1974-04-01,Male,Patna,Bihar,India,2018-09-16,Active
CUS007292,INS000005,Sneha,Seth,1963-04-10,Male,Chennai,Tamil Nadu,India,2024-05-15,Active
CUS007293,INS000001,Geetika,Sangha,1958-04-09,Female,Jaipur,Rajasthan,India,2021-04-17,Inactive
CUS007294,INS000002,Krishna,Sridhar,1974-05-14,Male,Nagpur,Maharashtra,India,2025-04-17,Active
CUS007295,INS000002,Vaishnavi,Som,1982-05-18,Female,Chennai,Tamil Nadu,India,2024-09-02,Active
CUS007296,INS000003,Kevin,Mukhopadhyay,1952-07-23,Female,Pune,Maharashtra,India,2021-05-20,Active
CUS007297,INS000004,Lakshit,Rattan,1995-02-13,Female,Nagpur,Maharashtra,India,2019-11-30,Inactive
CUS007298,INS000001,Yamini,Desai,1976-04-14,Female,Jaipur,Rajasthan,India,2019-07-25,Active
CUS007299,INS000003,Triveni,Mutti,1976-02-29,Male,Surat,Gujarat,India,2025-11-17,Active
CUS007300,INS000005,Shivani,Bhavsar,1977-01-22,Female,Lucknow,Uttar Pradesh,India,2023-05-01,Active
CUS007301,INS000004,Saumya,Ramakrishnan,1985-03-06,Female,Ahmedabad,Gujarat,India,2025-08-09,Active
CUS007302,INS000003,Manthan,Bala,1977-10-07,Female,Ahmedabad,Gujarat,India,2021-08-25,Active
CUS007303,INS000001,Eshana,Chawla,1994-07-02,Female,Hyderabad,Telangana,India,2020-07-22,Active
CUS007304,INS000002,Gaurav,Brar,1962-07-01,Female,Pune,Maharashtra,India,2019-06-11,Active
CUS007305,INS000005,Nimrat,Goel,1983-05-16,Male,Hyderabad,Telangana,India,2019-04-09,Active
CUS007306,INS000001,Lila,Mand,1998-06-23,Female,Ahmedabad,Gujarat,India,2026-06-05,Active
CUS007307,INS000004,Viraj,Chaudhry,1958-12-21,Male,Patna,Bihar,India,2021-08-10,Active
CUS007308,INS000004,Megha,Chanda,1963-07-11,Male,Jaipur,Rajasthan,India,2025-03-25,Active
CUS007309,INS000002,Harinakshi,Pradhan,1977-10-08,Female,Hyderabad,Telangana,India,2025-04-22,Active
CUS007310,INS000002,Chakradev,Thakur,1961-04-04,Male,Bhubaneswar,Odisha,India,2021-09-21,Active
CUS007311,INS000005,Saanvi,Krishnamurthy,1993-11-01,Male,Indore,Madhya Pradesh,India,2025-09-23,Active
CUS007312,INS000005,Arunima,Walla,1994-08-12,Male,Chennai,Tamil Nadu,India,2022-01-03,Active
CUS007313,INS000002,Gaurang,Varughese,1976-05-09,Female,Bhubaneswar,Odisha,India,2020-05-19,Active
CUS007314,INS000002,Noah,Rama,1989-06-19,Male,Mysuru,Karnataka,India,2018-12-27,Active
CUS007315,INS000004,Aryan,Bhasin,1955-07-22,Female,Pune,Maharashtra,India,2024-01-15,Active
CUS007316,INS000002,Dayamai,Ahuja,2005-06-28,Male,Pune,Maharashtra,India,2025-03-01,Active
CUS007317,INS000003,Jatin,Yadav,1994-08-22,Female,Chennai,Tamil Nadu,India,2025-02-06,Inactive
CUS007318,INS000001,Frederick,Aurora,2007-12-05,Male,Surat,Gujarat,India,2020-03-21,Active
CUS007319,INS000002,Reyansh,Chokshi,1957-09-30,Female,Delhi,Delhi,India,2023-04-01,Active
CUS007320,INS000005,Chatresh,Som,1982-09-23,Male,Chandigarh,Chandigarh,India,2025-07-31,Active
CUS007321,INS000003,Ranbir,Varty,1974-12-05,Other,Chandigarh,Chandigarh,India,2019-03-26,Active
CUS007322,INS000005,Vamakshi,Randhawa,1961-06-21,Female,Thane,Maharashtra,India,2021-10-09,Active
CUS007323,INS000003,Yadavi,Srivastava,1996-08-05,Female,Indore,Madhya Pradesh,India,2020-12-17,Active
CUS007324,INS000002,Anirudh,Talwar,1974-03-14,Female,Thane,Maharashtra,India,2022-04-08,Active
CUS007325,INS000001,Jai,Datta,2006-09-05,Male,Chennai,Tamil Nadu,India,2025-10-06,Active
CUS007326,INS000005,Pranit,Hayre,1988-06-26,Female,Bhubaneswar,Odisha,India,2021-07-09,Active
CUS007327,INS000003,Anirudh,Buch,1960-05-04,Female,Jaipur,Rajasthan,India,2026-06-20,Active
CUS007328,INS000004,Anvi,Ghose,1962-04-20,Female,Patna,Bihar,India,2021-03-27,Active
CUS007329,INS000002,Samesh,Parmar,1964-01-18,Female,Kolkata,West Bengal,India,2021-10-29,Active
CUS007330,INS000001,Yatan,Sawhney,1990-04-19,Female,Delhi,Delhi,India,2020-11-19,Active
CUS007331,INS000002,Sachi,Arya,1995-08-18,Other,Kolkata,West Bengal,India,2019-05-03,Active
CUS007332,INS000004,Frado,Mahajan,1953-08-11,Male,Thane,Maharashtra,India,2026-01-20,Active
CUS007333,INS000001,Ekani,Sehgal,1958-11-25,Female,Mysuru,Karnataka,India,2026-05-29,Active
CUS007334,INS000004,Neelima,Deshmukh,1986-05-17,Female,Thane,Maharashtra,India,2025-11-15,Active
CUS007335,INS000002,Chakradev,Rege,2004-06-27,Female,Mumbai,Maharashtra,India,2026-07-31,Active
CUS007336,INS000003,Vyanjana,Lall,1965-03-25,Male,Kochi,Kerala,India,2021-04-28,Active
CUS007337,INS000002,Arin,Gala,1972-08-02,Female,Chandigarh,Chandigarh,India,2026-03-29,Active
CUS007338,INS000002,Harini,Sandal,1996-04-11,Female,Hyderabad,Telangana,India,2019-10-07,Active
CUS007339,INS000002,Rajeshri,Borra,1997-11-01,Male,Ahmedabad,Gujarat,India,2022-08-20,Active
CUS007340,INS000005,Pranit,Din,2002-03-14,Female,Mumbai,Maharashtra,India,2024-05-17,Active
CUS007341,INS000004,Oeshi,Choudhry,1999-01-02,Male,Surat,Gujarat,India,2025-04-10,Active
CUS007342,INS000004,Arjun,Gala,2005-10-24,Other,Kolkata,West Bengal,India,2021-08-31,Active
CUS007343,INS000004,Edhitha,Bera,1972-07-07,Male,Jaipur,Rajasthan,India,2019-10-16,Active
CUS007344,INS000005,Lavanya,Jani,2007-09-23,Male,Nagpur,Maharashtra,India,2024-08-21,Active
CUS007345,INS000003,Aarini,Wadhwa,1965-08-07,Male,Hyderabad,Telangana,India,2025-07-24,Active
CUS007346,INS000002,Gavin,Krishnamurthy,1963-09-28,Female,Surat,Gujarat,India,2020-09-11,Active
CUS007347,INS000003,Ishwar,Karnik,2003-10-18,Male,Hyderabad,Telangana,India,2019-05-31,Active
CUS007348,INS000005,Hardik,Srinivas,1973-09-25,Female,Lucknow,Uttar Pradesh,India,2021-09-29,Active
CUS007349,INS000004,Om,Oommen,1970-07-17,Female,Bhubaneswar,Odisha,India,2025-01-22,Active
CUS007350,INS000002,Bhavika,Kari,1958-03-03,Female,Hyderabad,Telangana,India,2025-09-12,Active
CUS007351,INS000001,Maanas,Sani,1970-05-19,Male,Kochi,Kerala,India,2025-12-18,Active
CUS007352,INS000001,Qadim,Pal,1981-10-14,Other,Kochi,Kerala,India,2021-07-06,Active
CUS007353,INS000003,Aadhya,Raju,1973-04-29,Female,Patna,Bihar,India,2024-02-06,Active
CUS007354,INS000004,Gaurav,Walia,1995-10-04,Male,Surat,Gujarat,India,2024-08-11,Active
CUS007355,INS000001,Mitesh,Bava,1985-05-01,Male,Thane,Maharashtra,India,2025-10-25,Inactive
CUS007356,INS000003,Damyanti,Shenoy,1955-11-03,Male,Mysuru,Karnataka,India,2021-10-25,Active
CUS007357,INS000005,Nikita,Palla,1979-12-10,Female,Ahmedabad,Gujarat,India,2018-09-16,Active
CUS007358,INS000003,Omkaar,Ganguly,1964-08-30,Male,Kochi,Kerala,India,2020-04-20,Active
CUS007359,INS000003,Daniel,Pillay,1992-02-04,Male,Chennai,Tamil Nadu,India,2021-08-30,Active
CUS007360,INS000003,Eshana,Lanka,1953-06-01,Female,Mumbai,Maharashtra,India,2021-04-28,Active
CUS007361,INS000002,Pratyush,Varkey,1996-02-28,Female,Thane,Maharashtra,India,2021-09-26,Active
CUS007362,INS000003,Avi,Gill,2000-07-26,Female,Mysuru,Karnataka,India,2022-03-07,Active
CUS007363,INS000003,Dalbir,Mukherjee,1965-12-18,Female,Mumbai,Maharashtra,India,2019-04-11,Active
CUS007364,INS000002,Chanchal,Datta,1981-05-27,Male,Patna,Bihar,India,2021-12-24,Active
CUS007365,INS000002,Madhavi,Dasgupta,1998-08-17,Female,Surat,Gujarat,India,2025-03-10,Active
CUS007366,INS000005,Hardik,Kaul,1970-02-09,Male,Bhopal,Madhya Pradesh,India,2022-04-11,Active
CUS007367,INS000004,Ekaja,Thakur,1981-06-10,Female,Mumbai,Maharashtra,India,2021-09-21,Active
CUS007368,INS000001,Lucky,Nair,1995-11-01,Female,Chennai,Tamil Nadu,India,2020-05-27,Active
CUS007369,INS000001,Nitara,Kulkarni,1970-05-11,Male,Jaipur,Rajasthan,India,2025-09-07,Active
CUS007370,INS000003,Ekiya,Pathak,1956-10-14,Other,Bhubaneswar,Odisha,India,2020-01-26,Active
CUS007371,INS000005,Aarna,Loyal,2006-05-22,Female,Kochi,Kerala,India,2025-09-25,Active
CUS007372,INS000003,Keya,Batta,1987-03-30,Male,Bhubaneswar,Odisha,India,2023-09-28,Active
CUS007373,INS000001,Jai,Balay,1994-12-14,Female,Bhopal,Madhya Pradesh,India,2026-01-13,Active
CUS007374,INS000002,Charles,Sanghvi,1980-10-11,Female,Indore,Madhya Pradesh,India,2020-05-31,Active
CUS007375,INS000004,Samaksh,Kumar,1951-03-03,Female,Bhubaneswar,Odisha,India,2020-11-13,Inactive
CUS007376,INS000005,Wriddhish,Mody,1960-04-08,Female,Bengaluru,Karnataka,India,2021-12-26,Active
CUS007377,INS000002,Warjas,Pillai,1970-11-27,Female,Bhubaneswar,Odisha,India,2025-12-09,Active
CUS007378,INS000004,Waida,Mangal,1968-08-21,Male,Nagpur,Maharashtra,India,2022-08-17,Active
CUS007379,INS000005,Yashoda,Sibal,1958-11-27,Male,Bengaluru,Karnataka,India,2021-02-15,Active
CUS007380,INS000005,Yamini,Nigam,1997-02-15,Male,Bengaluru,Karnataka,India,2021-05-11,Active
CUS007381,INS000001,Lekha,Dhingra,1969-05-23,Male,Mumbai,Maharashtra,India,2020-02-01,Inactive
CUS007382,INS000002,Ishwar,Hegde,2007-02-13,Female,Patna,Bihar,India,2022-10-25,Active
CUS007383,INS000005,Amruta,Bose,1974-05-24,Male,Lucknow,Uttar Pradesh,India,2026-08-05,Active
CUS007384,INS000005,Darsh,Choudhury,2008-03-20,Male,Bhubaneswar,Odisha,India,2023-05-22,Active
CUS007385,INS000004,Eesha,Dey,2006-11-24,Male,Kochi,Kerala,India,2020-11-16,Active
CUS007386,INS000001,Ucchal,Hari,1971-10-12,Female,Mysuru,Karnataka,India,2022-03-07,Active
CUS007387,INS000003,Niharika,Dube,1997-01-16,Female,Patna,Bihar,India,2020-12-01,Active
CUS007388,INS000001,Dominic,Sem,1978-06-03,Male,Chennai,Tamil Nadu,India,2022-08-07,Active
CUS007389,INS000003,Veda,Mangal,2000-06-17,Female,Bengaluru,Karnataka,India,2020-04-29,Active
CUS007390,INS000002,Ayush,Yogi,2005-10-09,Male,Chennai,Tamil Nadu,India,2024-03-12,Active
CUS007391,INS000002,Nikita,Swamy,1982-07-16,Female,Mysuru,Karnataka,India,2021-12-01,Active
CUS007392,INS000005,Vivaan,Chad,1987-07-31,Male,Surat,Gujarat,India,2026-02-15,Active
CUS007393,INS000002,Anirudh,Seshadri,1976-07-03,Female,Thane,Maharashtra,India,2019-07-12,Active
CUS007394,INS000005,Amruta,Sarma,1973-08-15,Female,Kolkata,West Bengal,India,2026-03-31,Active
CUS007395,INS000001,Harrison,Rao,1989-12-20,Female,Hyderabad,Telangana,India,2026-03-11,Active
CUS007396,INS000002,Yatin,Jhaveri,1953-01-14,Male,Nagpur,Maharashtra,India,2026-02-22,Active
CUS007397,INS000001,Jeremiah,Kibe,1992-06-25,Female,Kolkata,West Bengal,India,2022-06-04,Active
CUS007398,INS000001,Daksha,Memon,2005-10-03,Female,Mysuru,Karnataka,India,2024-10-12,Active
CUS007399,INS000002,Niharika,Ganesan,1960-05-22,Female,Indore,Madhya Pradesh,India,2018-12-17,Active
CUS007400,INS000001,Sanaya,Suri,1965-01-18,Male,Mumbai,Maharashtra,India,2020-04-26,Active
CUS007401,INS000002,Fiyaz,Gara,1954-12-17,Male,Kolkata,West Bengal,India,2024-07-28,Active
CUS007402,INS000002,Xiti,Balasubramanian,1978-06-22,Female,Pune,Maharashtra,India,2021-04-12,Active
CUS007403,INS000002,Samar,Handa,2002-12-01,Male,Chandigarh,Chandigarh,India,2020-03-28,Active
CUS007404,INS000003,Lucky,Yohannan,1955-12-30,Male,Bhubaneswar,Odisha,India,2026-01-18,Active
CUS007405,INS000001,Kashvi,Raghavan,2006-10-17,Male,Mysuru,Karnataka,India,2025-04-26,Active
CUS007406,INS000004,Om,Gara,2003-01-04,Female,Delhi,Delhi,India,2024-11-02,Active
CUS007407,INS000002,Yatan,Bora,1983-02-03,Male,Bhopal,Madhya Pradesh,India,2019-05-26,Active
CUS007408,INS000001,Pallavi,Soman,2006-07-17,Female,Ahmedabad,Gujarat,India,2023-12-24,Inactive
CUS007409,INS000005,Siya,Pandya,2004-02-09,Male,Bengaluru,Karnataka,India,2025-01-22,Active
CUS007410,INS000002,Benjamin,Arora,2005-10-13,Male,Bengaluru,Karnataka,India,2023-11-28,Active
CUS007411,INS000002,Aarav,Bhat,1995-08-04,Male,Indore,Madhya Pradesh,India,2025-12-19,Active
CUS007412,INS000004,Ucchal,Bhavsar,1988-12-26,Male,Nagpur,Maharashtra,India,2023-06-28,Active
CUS007413,INS000003,Bimala,Ram,1981-12-01,Female,Chandigarh,Chandigarh,India,2025-09-10,Active
CUS007414,INS000003,Oliver,Koshy,1977-12-22,Female,Kolkata,West Bengal,India,2023-08-16,Active
CUS007415,INS000002,Aadi,Barman,1981-01-08,Female,Bhopal,Madhya Pradesh,India,2023-09-13,Active
CUS007416,INS000001,Darpan,Kumer,1978-09-04,Male,Ahmedabad,Gujarat,India,2023-08-16,Active
CUS007417,INS000005,Vasatika,Narasimhan,2003-12-11,Female,Kolkata,West Bengal,India,2021-09-28,Inactive
CUS007418,INS000005,Anjali,Hayer,1980-09-22,Female,Indore,Madhya Pradesh,India,2022-09-09,Active
CUS007419,INS000001,Zashil,Bali,1962-05-17,Female,Chandigarh,Chandigarh,India,2021-02-03,Active
CUS007420,INS000002,Lajita,Raju,1996-11-10,Female,Surat,Gujarat,India,2021-01-05,Active
CUS007421,INS000005,Indali,Karpe,1955-01-10,Male,Surat,Gujarat,India,2024-11-27,Active
CUS007422,INS000003,Simon,Nair,1997-01-31,Female,Chandigarh,Chandigarh,India,2022-07-21,Active
CUS007423,INS000001,Yashvi,Thakur,1997-04-28,Male,Indore,Madhya Pradesh,India,2018-08-26,Active
CUS007424,INS000004,Baghyawati,Dhillon,1983-07-06,Male,Chandigarh,Chandigarh,India,2022-10-14,Active
CUS007425,INS000002,Chakradev,Loke,1996-11-02,Female,Mumbai,Maharashtra,India,2026-04-04,Active
CUS007426,INS000001,Neel,Karnik,1960-09-03,Female,Delhi,Delhi,India,2025-06-12,Active
CUS007427,INS000005,Ekaraj,Narayanan,1998-01-05,Female,Kolkata,West Bengal,India,2025-10-24,Active
CUS007428,INS000002,Charita,Karpe,1978-02-01,Male,Patna,Bihar,India,2021-01-17,Active
CUS007429,INS000003,Gaurav,Mody,1989-04-05,Male,Bengaluru,Karnataka,India,2024-12-29,Active
CUS007430,INS000002,Megha,Arora,1973-05-09,Male,Nagpur,Maharashtra,India,2018-10-21,Active
CUS007431,INS000002,Jason,Banik,1968-01-10,Female,Mysuru,Karnataka,India,2025-06-01,Active
CUS007432,INS000003,Logan,Chawla,1975-05-17,Male,Lucknow,Uttar Pradesh,India,2025-08-12,Active
CUS007433,INS000003,Ati,Varma,1964-03-13,Female,Pune,Maharashtra,India,2020-03-22,Active
CUS007434,INS000002,Rachana,Biswas,1994-09-11,Male,Nagpur,Maharashtra,India,2019-12-14,Active
CUS007435,INS000003,Shivansh,Randhawa,1982-01-12,Female,Kochi,Kerala,India,2020-11-12,Inactive
CUS007436,INS000001,Yamini,Sastry,1979-12-25,Female,Nagpur,Maharashtra,India,2022-11-25,Active
CUS007437,INS000003,Eesha,Som,1977-12-02,Male,Patna,Bihar,India,2022-01-18,Active
CUS007438,INS000003,Hema,Tiwari,1951-09-22,Male,Chandigarh,Chandigarh,India,2020-01-11,Active
CUS007439,INS000002,Advika,Mangat,1955-02-27,Female,Indore,Madhya Pradesh,India,2022-08-06,Active
CUS007440,INS000001,Sneha,Varkey,1952-12-30,Female,Ahmedabad,Gujarat,India,2025-12-04,Inactive
CUS007441,INS000004,Anjali,Bhavsar,1981-03-04,Female,Chennai,Tamil Nadu,India,2026-05-06,Active
CUS007442,INS000004,Yatan,Sandal,1968-09-16,Female,Delhi,Delhi,India,2019-09-26,Active
CUS007443,INS000005,Ekanta,Pai,1990-04-26,Male,Kochi,Kerala,India,2022-04-03,Active
CUS007444,INS000003,Harita,Gera,1959-04-22,Female,Bhopal,Madhya Pradesh,India,2021-11-18,Active
CUS007445,INS000003,Shivansh,Mallick,1951-10-31,Male,Kolkata,West Bengal,India,2024-08-01,Active
CUS007446,INS000001,Tripti,Kumar,1990-02-08,Female,Chennai,Tamil Nadu,India,2021-04-17,Active
CUS007447,INS000004,Falguni,Kumar,1992-12-23,Male,Kochi,Kerala,India,2022-01-30,Active
CUS007448,INS000005,Amol,Parsa,1988-08-27,Female,Delhi,Delhi,India,2022-04-04,Active
CUS007449,INS000001,Kiaan,Lal,1950-10-23,Male,Ahmedabad,Gujarat,India,2026-08-07,Inactive
CUS007450,INS000003,Aarnav,Lala,1992-07-18,Male,Chennai,Tamil Nadu,India,2019-01-18,Active
CUS007451,INS000004,Vamakshi,Sane,1978-12-20,Male,Kochi,Kerala,India,2025-11-26,Active
CUS007452,INS000005,Aayush,Bera,1967-11-10,Female,Lucknow,Uttar Pradesh,India,2024-10-22,Active
CUS007453,INS000002,Aditya,Wali,2005-07-14,Female,Mumbai,Maharashtra,India,2018-12-15,Active
CUS007454,INS000004,Oscar,Kade,1954-06-23,Female,Jaipur,Rajasthan,India,2022-07-05,Active
CUS007455,INS000005,Odika,Warrior,1966-07-29,Male,Bengaluru,Karnataka,India,2019-11-14,Active
CUS007456,INS000001,Vrinda,Pathak,1979-07-03,Female,Kochi,Kerala,India,2024-01-17,Active
CUS007457,INS000002,Maya,Bhatti,1958-07-29,Female,Indore,Madhya Pradesh,India,2024-08-30,Active
CUS007458,INS000005,Finn,Soman,2000-10-06,Male,Bhubaneswar,Odisha,India,2026-01-06,Active
CUS007459,INS000005,Faras,Kalla,1954-07-21,Male,Indore,Madhya Pradesh,India,2023-12-06,Inactive
CUS007460,INS000003,Azaan,Seshadri,2000-12-20,Female,Hyderabad,Telangana,India,2021-11-28,Active
CUS007461,INS000004,Sai,Chhabra,1966-03-17,Male,Thane,Maharashtra,India,2024-04-19,Inactive
CUS007462,INS000003,Jatin,Aurora,1974-09-03,Male,Chennai,Tamil Nadu,India,2021-11-24,Inactive
CUS007463,INS000002,Ira,Nagi,2001-04-27,Female,Kochi,Kerala,India,2026-02-21,Inactive
CUS007464,INS000005,Krisha,Khosla,1969-02-18,Male,Chandigarh,Chandigarh,India,2022-04-11,Active
CUS007465,INS000003,Ishita,Dasgupta,1993-07-03,Female,Thane,Maharashtra,India,2022-01-22,Active
CUS007466,INS000004,Lila,Din,1995-11-02,Female,Delhi,Delhi,India,2021-06-03,Inactive
CUS007467,INS000002,Peter,Yadav,1971-03-22,Female,Kochi,Kerala,India,2025-01-05,Active
CUS007468,INS000001,Abhiram,Shan,1974-02-18,Female,Pune,Maharashtra,India,2026-07-09,Active
CUS007469,INS000003,Jeet,Thakkar,1990-01-27,Male,Nagpur,Maharashtra,India,2022-05-11,Active
CUS007470,INS000002,Turvi,Vala,1976-07-18,Female,Bengaluru,Karnataka,India,2019-07-19,Active
CUS007471,INS000001,Kamala,Kumer,1966-08-06,Male,Bhubaneswar,Odisha,India,2020-08-22,Active
CUS007472,INS000003,Reyansh,Yohannan,1998-06-19,Female,Surat,Gujarat,India,2025-10-13,Active
CUS007473,INS000002,Sai,Raju,1963-12-06,Other,Pune,Maharashtra,India,2019-11-12,Active
CUS007474,INS000002,Aditya,Sandal,1992-06-08,Female,Thane,Maharashtra,India,2019-06-25,Active
CUS007475,INS000003,Timothy,Wable,1953-10-24,Female,Lucknow,Uttar Pradesh,India,2024-04-22,Active
CUS007476,INS000002,Anmol,Varkey,1981-08-09,Male,Bhubaneswar,Odisha,India,2024-07-12,Active
CUS007477,INS000005,Avni,Dubey,1995-02-01,Male,Pune,Maharashtra,India,2019-08-14,Active
CUS007478,INS000003,Ishita,Bhat,1967-07-23,Female,Thane,Maharashtra,India,2020-03-02,Active
CUS007479,INS000002,Rehaan,Mohan,1982-02-01,Male,Jaipur,Rajasthan,India,2025-06-27,Active
CUS007480,INS000001,Gautam,Murty,2005-01-20,Female,Kochi,Kerala,India,2023-04-05,Active
CUS007481,INS000001,Chavvi,Srivastava,1961-07-17,Male,Bhopal,Madhya Pradesh,India,2020-08-22,Active
CUS007482,INS000005,Timothy,Deol,1951-05-18,Female,Indore,Madhya Pradesh,India,2026-01-07,Active
CUS007483,INS000003,Vivaan,Srinivas,2006-09-21,Male,Bhopal,Madhya Pradesh,India,2024-06-01,Active
CUS007484,INS000002,Wakeeta,Cheema,1980-01-18,Female,Ahmedabad,Gujarat,India,2019-12-30,Active
CUS007485,INS000002,Janani,Mahal,1979-03-21,Female,Thane,Maharashtra,India,2024-02-11,Active
CUS007486,INS000001,Balhaar,Sengupta,2002-12-03,Male,Kochi,Kerala,India,2023-05-11,Inactive
CUS007487,INS000005,Avni,Devan,1990-07-21,Male,Thane,Maharashtra,India,2019-04-20,Active
CUS007488,INS000001,Waida,Kulkarni,1963-02-20,Male,Mysuru,Karnataka,India,2022-01-16,Active
CUS007489,INS000001,Shaurya,Puri,1981-08-17,Male,Bhubaneswar,Odisha,India,2022-11-27,Active
CUS007490,INS000005,Abhimanyu,Kaul,1987-12-20,Male,Kolkata,West Bengal,India,2025-11-13,Active
CUS007491,INS000003,Rohan,Bansal,1975-04-28,Male,Bengaluru,Karnataka,India,2021-12-25,Inactive
CUS007492,INS000002,Meghana,Chakraborty,1996-09-30,Female,Mumbai,Maharashtra,India,2021-01-04,Active
CUS007493,INS000003,Indrajit,Zachariah,2000-09-26,Male,Jaipur,Rajasthan,India,2022-10-20,Active
CUS007494,INS000004,Arunima,Raj,1970-01-24,Other,Lucknow,Uttar Pradesh,India,2019-03-09,Active
CUS007495,INS000004,Xiti,Krishnan,2007-04-26,Female,Bhubaneswar,Odisha,India,2023-03-24,Active
CUS007496,INS000004,Wakeeta,Gill,1959-07-04,Male,Pune,Maharashtra,India,2025-11-02,Active
CUS007497,INS000005,Onkar,Loyal,1958-05-29,Male,Thane,Maharashtra,India,2021-04-28,Active
CUS007498,INS000001,Rishi,Deo,1978-10-03,Female,Hyderabad,Telangana,India,2023-10-06,Active
CUS007499,INS000003,Parth,Jani,1966-02-20,Male,Delhi,Delhi,India,2022-09-14,Active
CUS007500,INS000002,Dhruv,Kara,1989-02-03,Female,Surat,Gujarat,India,2019-03-03,Active
CUS007501,INS000004,Kabir,Sengupta,1970-06-14,Female,Chennai,Tamil Nadu,India,2023-02-04,Active
CUS007502,INS000003,Dhruv,Gaba,1991-06-01,Male,Pune,Maharashtra,India,2020-03-25,Active
CUS007503,INS000004,Joshua,Verma,1986-08-14,Female,Kochi,Kerala,India,2023-09-14,Active
CUS007504,INS000004,Aashi,Keer,1977-04-19,Male,Kolkata,West Bengal,India,2018-09-26,Active
CUS007505,INS000002,Vedant,Khanna,1956-02-24,Male,Hyderabad,Telangana,India,2026-07-24,Active
CUS007506,INS000005,Anusha,Chauhan,1953-03-03,Female,Ahmedabad,Gujarat,India,2020-05-15,Active
CUS007507,INS000001,Rehaan,Dora,1956-10-18,Female,Hyderabad,Telangana,India,2020-07-06,Active
CUS007508,INS000005,Arin,Chowdhury,1975-09-03,Female,Mumbai,Maharashtra,India,2019-07-12,Active
CUS007509,INS000003,Zayyan,Tata,1985-12-10,Female,Mumbai,Maharashtra,India,2021-10-01,Active
CUS007510,INS000005,Sudiksha,Balan,1999-09-24,Female,Mysuru,Karnataka,India,2021-12-10,Active
CUS007511,INS000003,Aarnav,Ramanathan,1978-08-21,Female,Mumbai,Maharashtra,India,2022-06-20,Active
CUS007512,INS000003,Prisha,Dugar,1958-04-09,Male,Indore,Madhya Pradesh,India,2021-04-28,Active
CUS007513,INS000001,Charles,Kade,1986-05-31,Female,Thane,Maharashtra,India,2025-03-13,Active
CUS007514,INS000002,Ekantika,Gera,1970-12-04,Female,Kolkata,West Bengal,India,2023-10-12,Active
CUS007515,INS000001,Rachana,Varughese,1983-09-30,Male,Nagpur,Maharashtra,India,2025-04-12,Active
CUS007516,INS000005,Niharika,Varma,1953-04-13,Female,Bhopal,Madhya Pradesh,India,2018-12-03,Active
CUS007517,INS000003,Anusha,Bawa,1999-10-23,Male,Surat,Gujarat,India,2024-11-06,Active
CUS007518,INS000004,Jairaj,Kala,1959-07-30,Female,Nagpur,Maharashtra,India,2019-04-18,Active
CUS007519,INS000004,Zarna,Ganesh,1992-08-01,Female,Chandigarh,Chandigarh,India,2022-11-19,Active
CUS007520,INS000003,Unnati,Dhingra,1971-01-24,Female,Jaipur,Rajasthan,India,2022-12-11,Active
CUS007521,INS000001,Warhi,Dara,1964-06-02,Male,Kolkata,West Bengal,India,2021-09-07,Active
CUS007522,INS000002,Janaki,Basu,1991-06-30,Female,Nagpur,Maharashtra,India,2021-10-11,Active
CUS007523,INS000001,Zansi,Dada,2006-11-01,Male,Indore,Madhya Pradesh,India,2021-10-27,Active
CUS007524,INS000003,Caleb,Aurora,1976-09-12,Female,Bhubaneswar,Odisha,India,2020-01-24,Active
CUS007525,INS000003,Udarsh,Goyal,1950-10-26,Female,Hyderabad,Telangana,India,2026-07-22,Active
CUS007526,INS000002,Champak,Karpe,1966-03-08,Female,Mumbai,Maharashtra,India,2022-12-24,Active
CUS007527,INS000005,Arunima,Gill,1988-02-26,Female,Indore,Madhya Pradesh,India,2023-06-10,Inactive
CUS007528,INS000005,Osha,Agate,1962-01-25,Female,Pune,Maharashtra,India,2021-12-07,Active
CUS007529,INS000002,Saumya,Babu,1978-03-31,Male,Mumbai,Maharashtra,India,2023-03-06,Active
CUS007530,INS000005,Diya,Bhatnagar,1970-05-07,Male,Kochi,Kerala,India,2019-02-09,Active
CUS007531,INS000004,Abdul,Vig,1959-12-20,Female,Chandigarh,Chandigarh,India,2025-05-04,Active
CUS007532,INS000005,Manya,Raju,2003-05-09,Female,Bengaluru,Karnataka,India,2018-09-16,Active
CUS007533,INS000005,Robert,Shenoy,1970-07-14,Male,Lucknow,Uttar Pradesh,India,2022-12-10,Active
CUS007534,INS000005,Gaurika,Saraf,2006-07-21,Female,Surat,Gujarat,India,2025-11-18,Active
CUS007535,INS000004,Finn,Raghavan,1987-03-28,Male,Pune,Maharashtra,India,2022-02-16,Active
CUS007536,INS000005,Aryan,Contractor,1972-03-04,Male,Delhi,Delhi,India,2021-06-20,Active
CUS007537,INS000004,Upkaar,Bath,1969-04-26,Female,Indore,Madhya Pradesh,India,2021-09-05,Active
CUS007538,INS000002,Pallavi,Balan,1957-11-04,Male,Bhubaneswar,Odisha,India,2023-01-16,Active
CUS007539,INS000001,Falan,Trivedi,1975-07-03,Male,Nagpur,Maharashtra,India,2023-11-06,Active
CUS007540,INS000002,Zaid,Srivastava,1962-11-03,Male,Surat,Gujarat,India,2018-10-29,Active
CUS007541,INS000001,Ronith,Raju,1985-08-27,Female,Jaipur,Rajasthan,India,2020-09-01,Active
CUS007542,INS000002,Nitesh,Dara,1976-05-01,Other,Pune,Maharashtra,India,2025-01-20,Active
CUS007543,INS000001,Forum,Apte,1966-12-25,Female,Pune,Maharashtra,India,2024-10-04,Active
CUS007544,INS000001,Deepa,Chacko,1960-02-29,Male,Ahmedabad,Gujarat,India,2019-05-20,Inactive
CUS007545,INS000003,Dev,Merchant,1951-09-22,Female,Jaipur,Rajasthan,India,2021-09-16,Active
CUS007546,INS000001,Gunbir,Gulati,1996-04-12,Female,Pune,Maharashtra,India,2021-10-08,Active
CUS007547,INS000001,Ayaan,Pradhan,1969-12-27,Female,Patna,Bihar,India,2023-09-09,Active
CUS007548,INS000003,Varsha,Rajagopal,2004-11-27,Female,Indore,Madhya Pradesh,India,2026-06-28,Active
CUS007549,INS000005,Rachana,Chander,1968-02-27,Male,Bhubaneswar,Odisha,India,2019-05-20,Active
CUS007550,INS000005,Arjun,Mani,2000-06-08,Male,Lucknow,Uttar Pradesh,India,2024-12-30,Active
CUS007551,INS000003,Gaurika,Bhatia,2008-04-22,Male,Indore,Madhya Pradesh,India,2021-10-12,Active
CUS007552,INS000004,Zashil,Keer,2006-06-19,Male,Mysuru,Karnataka,India,2021-03-23,Active
CUS007553,INS000001,Yug,Mann,2003-08-28,Female,Lucknow,Uttar Pradesh,India,2022-10-23,Active
CUS007554,INS000001,Hritik,Nagar,1967-12-11,Female,Jaipur,Rajasthan,India,2020-02-25,Active
CUS007555,INS000003,Urvashi,Kohli,1997-08-15,Female,Jaipur,Rajasthan,India,2026-01-31,Active
CUS007556,INS000003,William,Chada,1998-07-21,Male,Surat,Gujarat,India,2019-04-22,Active
CUS007557,INS000004,Harini,Uppal,1984-05-28,Male,Lucknow,Uttar Pradesh,India,2025-01-26,Active
CUS007558,INS000005,Chatura,Batta,1959-10-16,Male,Nagpur,Maharashtra,India,2024-11-08,Inactive
CUS007559,INS000002,Gauri,Subramanian,1958-02-27,Male,Surat,Gujarat,India,2026-01-25,Active
CUS007560,INS000005,Zinal,Majumdar,1985-06-23,Male,Bhubaneswar,Odisha,India,2020-12-04,Active
CUS007561,INS000001,Warjas,Sama,1980-08-05,Female,Kochi,Kerala,India,2022-09-20,Active
CUS007562,INS000003,Elijah,Devi,1982-03-27,Male,Surat,Gujarat,India,2018-10-05,Active
CUS007563,INS000004,Reva,Hayer,1990-10-20,Other,Bhopal,Madhya Pradesh,India,2023-02-04,Active
CUS007564,INS000005,Girish,Murty,1960-11-30,Male,Delhi,Delhi,India,2018-08-25,Active
CUS007565,INS000004,Sanya,More,1988-06-25,Female,Patna,Bihar,India,2025-05-12,Active
CUS007566,INS000005,Jeet,Rege,2005-11-05,Female,Pune,Maharashtra,India,2022-06-06,Active
CUS007567,INS000001,Frederick,Mutti,2006-09-26,Male,Delhi,Delhi,India,2020-09-11,Active
CUS007568,INS000002,Darsh,Chaudhari,2003-09-01,Female,Chennai,Tamil Nadu,India,2025-07-22,Active
CUS007569,INS000004,Bahadurjit,Banerjee,1992-10-20,Female,Bhubaneswar,Odisha,India,2023-04-06,Active
CUS007570,INS000004,Krishna,Aggarwal,1964-04-07,Female,Indore,Madhya Pradesh,India,2024-04-10,Active
CUS007571,INS000002,Dhriti,Issac,2004-03-12,Female,Nagpur,Maharashtra,India,2022-06-24,Active
CUS007572,INS000004,Dhruv,Badal,1975-10-15,Male,Kochi,Kerala,India,2022-11-03,Active
CUS007573,INS000004,Joshua,Shankar,1996-05-21,Female,Bhopal,Madhya Pradesh,India,2026-07-23,Active
CUS007574,INS000005,David,Raval,1978-06-11,Female,Delhi,Delhi,India,2024-11-09,Active
CUS007575,INS000005,Riya,Gopal,2001-10-01,Male,Thane,Maharashtra,India,2025-05-25,Active
CUS007576,INS000002,Christopher,Aggarwal,1965-07-23,Male,Nagpur,Maharashtra,India,2019-12-15,Active
CUS007577,INS000001,Charvi,Pingle,1961-09-11,Female,Kolkata,West Bengal,India,2024-09-15,Active
CUS007578,INS000004,Rachana,Mallick,1968-05-01,Male,Bhopal,Madhya Pradesh,India,2020-07-20,Active
CUS007579,INS000001,Dominic,Narayan,1987-02-14,Female,Chandigarh,Chandigarh,India,2022-04-12,Active
CUS007580,INS000002,Harsh,Raghavan,1970-06-22,Female,Chandigarh,Chandigarh,India,2025-03-19,Active
CUS007581,INS000002,Daksh,Sarma,1968-04-01,Female,Surat,Gujarat,India,2022-11-28,Active
CUS007582,INS000005,Charles,Borde,2002-08-12,Male,Jaipur,Rajasthan,India,2023-05-22,Active
CUS007583,INS000004,Chaitaly,Narula,1980-09-11,Male,Chennai,Tamil Nadu,India,2019-09-27,Active
CUS007584,INS000003,Lakshmi,Bahri,1960-02-28,Male,Thane,Maharashtra,India,2023-02-22,Active
CUS007585,INS000002,Neelima,Batra,2007-02-14,Female,Surat,Gujarat,India,2020-06-09,Active
CUS007586,INS000004,Gopal,Sarin,1972-06-06,Female,Hyderabad,Telangana,India,2023-12-16,Active
CUS007587,INS000001,Nirja,Sant,1978-03-29,Female,Surat,Gujarat,India,2024-08-26,Active
CUS007588,INS000005,Viraj,Ramakrishnan,1970-03-07,Female,Hyderabad,Telangana,India,2025-03-25,Active
CUS007589,INS000001,Advaith,Sami,1974-02-26,Male,Patna,Bihar,India,2024-02-03,Inactive
CUS007590,INS000002,Sudiksha,Luthra,1991-11-03,Male,Chandigarh,Chandigarh,India,2021-04-17,Active
CUS007591,INS000002,Leena,Chanda,1968-06-05,Female,Kochi,Kerala,India,2025-12-07,Active
CUS007592,INS000001,Ucchal,Borah,2002-06-22,Female,Jaipur,Rajasthan,India,2025-11-04,Active
CUS007593,INS000002,Priya,Arya,2000-11-10,Male,Chennai,Tamil Nadu,India,2025-08-18,Active
CUS007594,INS000004,Harrison,Ramaswamy,1988-02-29,Male,Hyderabad,Telangana,India,2023-07-17,Active
CUS007595,INS000002,Harinakshi,Prabhakar,1999-01-10,Male,Bengaluru,Karnataka,India,2021-05-03,Active
CUS007596,INS000005,Atharv,Mistry,1986-03-06,Male,Mumbai,Maharashtra,India,2024-06-23,Active
CUS007597,INS000004,Sudiksha,Chadha,1983-09-28,Female,Lucknow,Uttar Pradesh,India,2025-11-08,Active
CUS007598,INS000003,Zansi,Chana,1994-11-07,Female,Ahmedabad,Gujarat,India,2020-03-20,Active
CUS007599,INS000002,Falguni,Kar,1963-09-25,Female,Jaipur,Rajasthan,India,2019-02-05,Active
CUS007600,INS000002,Reyansh,Manda,2004-06-06,Female,Patna,Bihar,India,2019-08-07,Active
CUS007601,INS000005,Hritik,Agarwal,1988-02-22,Female,Delhi,Delhi,India,2024-07-28,Active
CUS007602,INS000005,Harshil,Sekhon,1987-10-06,Female,Surat,Gujarat,India,2021-03-07,Active
CUS007603,INS000001,Advik,Naik,1957-11-14,Male,Surat,Gujarat,India,2021-10-07,Active
CUS007604,INS000001,Ekansh,Chaudhry,1977-11-30,Female,Patna,Bihar,India,2024-09-24,Active
CUS007605,INS000001,Rishi,Rastogi,2000-09-20,Male,Mumbai,Maharashtra,India,2024-03-14,Active
CUS007606,INS000005,Jonathan,Luthra,2006-05-04,Male,Chandigarh,Chandigarh,India,2024-12-11,Active
CUS007607,INS000001,Yashodhara,Singh,1986-12-09,Male,Delhi,Delhi,India,2022-02-28,Active
CUS007608,INS000001,Aahana,Barman,1992-06-02,Female,Pune,Maharashtra,India,2022-09-28,Active
CUS007609,INS000003,Isha,Virk,1983-07-11,Male,Delhi,Delhi,India,2025-03-29,Active
CUS007610,INS000001,Oviya,Aurora,1951-02-24,Male,Pune,Maharashtra,India,2021-07-17,Active
CUS007611,INS000002,Vasana,Pillai,1954-06-02,Male,Ahmedabad,Gujarat,India,2023-09-21,Active
CUS007612,INS000005,Sai,Hayer,1991-02-22,Female,Mumbai,Maharashtra,India,2021-12-30,Active
CUS007613,INS000004,Quincy,Sani,1978-08-11,Female,Mysuru,Karnataka,India,2022-01-28,Active
CUS007614,INS000003,Xavier,Saini,1978-04-26,Female,Pune,Maharashtra,India,2018-12-23,Active
CUS007615,INS000005,Laksh,Jain,1957-12-28,Male,Lucknow,Uttar Pradesh,India,2019-06-26,Active
CUS007616,INS000005,Chaitanya,Menon,2001-08-01,Male,Mumbai,Maharashtra,India,2022-09-26,Active
CUS007617,INS000002,Darpan,Dhaliwal,1974-02-13,Female,Patna,Bihar,India,2019-04-09,Active
CUS007618,INS000001,Joshua,Purohit,1990-11-19,Male,Nagpur,Maharashtra,India,2020-02-29,Active
CUS007619,INS000002,Devika,Warrior,2006-10-21,Female,Kolkata,West Bengal,India,2022-02-07,Active
CUS007620,INS000001,Rajata,Ravel,1998-12-07,Female,Nagpur,Maharashtra,India,2023-04-14,Active
CUS007621,INS000001,Yochana,Dutta,1957-11-25,Female,Lucknow,Uttar Pradesh,India,2020-06-05,Inactive
CUS007622,INS000005,Ishita,Rama,1965-10-12,Female,Pune,Maharashtra,India,2019-04-25,Active
CUS007623,INS000001,Deepa,Sharaf,1959-07-10,Male,Ahmedabad,Gujarat,India,2022-04-15,Active
CUS007624,INS000003,Madhav,Aurora,1952-07-08,Male,Jaipur,Rajasthan,India,2020-03-05,Active
CUS007625,INS000003,Manan,Wable,1974-07-13,Female,Kochi,Kerala,India,2026-01-03,Active
CUS007626,INS000003,Upasna,Kaur,1985-05-18,Male,Chandigarh,Chandigarh,India,2026-07-21,Active
CUS007627,INS000005,Dayamai,Zacharia,1953-09-04,Male,Nagpur,Maharashtra,India,2023-01-29,Inactive
CUS007628,INS000002,Hemal,Sant,1994-09-16,Male,Lucknow,Uttar Pradesh,India,2021-06-01,Active
CUS007629,INS000004,Bishakha,Venkatesh,1992-03-27,Male,Nagpur,Maharashtra,India,2023-01-03,Active
CUS007630,INS000001,Jyoti,Dani,1966-03-03,Male,Bengaluru,Karnataka,India,2020-08-07,Active
CUS007631,INS000004,Abhiram,Sodhi,1998-10-02,Male,Surat,Gujarat,India,2023-03-03,Active
CUS007632,INS000002,Zarna,Wadhwa,2007-02-15,Female,Jaipur,Rajasthan,India,2023-09-04,Inactive
CUS007633,INS000002,Maanav,Sundaram,2003-07-09,Female,Jaipur,Rajasthan,India,2022-03-07,Active
CUS007634,INS000005,Dakshesh,Bora,1989-12-20,Female,Chennai,Tamil Nadu,India,2024-06-14,Active
CUS007635,INS000003,Wazir,Patla,1959-03-15,Female,Nagpur,Maharashtra,India,2023-08-30,Active
CUS007636,INS000003,Yashica,Balasubramanian,1964-08-14,Male,Thane,Maharashtra,India,2019-01-30,Active
CUS007637,INS000002,Chatura,Prabhakar,2005-05-14,Male,Mumbai,Maharashtra,India,2019-07-08,Active
CUS007638,INS000005,Pahal,Sanghvi,1957-03-11,Male,Patna,Bihar,India,2024-01-06,Active
CUS007639,INS000005,Hemangini,Gole,1977-04-15,Female,Chandigarh,Chandigarh,India,2025-05-01,Active
CUS007640,INS000001,Rohan,Patil,1998-02-20,Female,Kochi,Kerala,India,2020-07-16,Active
CUS007641,INS000003,Sai,Setty,1973-07-27,Male,Bhopal,Madhya Pradesh,India,2020-03-26,Active
CUS007642,INS000002,Saksham,Brahmbhatt,2003-06-19,Male,Mysuru,Karnataka,India,2026-07-24,Active
CUS007643,INS000004,Ekapad,Sha,1965-08-07,Other,Mysuru,Karnataka,India,2022-01-10,Active
CUS007644,INS000003,Harita,Purohit,2006-04-13,Female,Surat,Gujarat,India,2023-06-23,Active
CUS007645,INS000001,Ranbir,Bajaj,1969-08-22,Female,Bhubaneswar,Odisha,India,2020-03-17,Active
CUS007646,INS000005,Vamakshi,Khalsa,1983-10-02,Male,Surat,Gujarat,India,2021-03-05,Active
CUS007647,INS000002,Unni,Date,1996-04-20,Male,Thane,Maharashtra,India,2020-01-28,Active
CUS007648,INS000003,Garima,Bains,2001-07-28,Female,Mumbai,Maharashtra,India,2025-06-04,Inactive
CUS007649,INS000004,Gautami,Chahal,1987-05-20,Female,Patna,Bihar,India,2020-09-11,Active
CUS007650,INS000001,Chandani,Deo,1980-11-10,Female,Lucknow,Uttar Pradesh,India,2020-02-26,Active
CUS007651,INS000001,Omya,Sankar,1957-11-25,Female,Chandigarh,Chandigarh,India,2021-07-23,Active
CUS007652,INS000003,Falguni,Parmer,1986-01-01,Female,Nagpur,Maharashtra,India,2022-03-05,Active
CUS007653,INS000004,Nicholas,Sha,1963-07-10,Female,Patna,Bihar,India,2024-10-17,Active
CUS007654,INS000001,Henry,Vig,2007-05-18,Male,Surat,Gujarat,India,2019-12-26,Active
CUS007655,INS000002,Suhani,Grover,1986-01-11,Male,Bhubaneswar,Odisha,India,2025-09-19,Active
CUS007656,INS000001,Brijesh,Rai,2007-09-26,Female,Bhopal,Madhya Pradesh,India,2021-03-07,Active
CUS007657,INS000004,Warhi,Aurora,1966-06-06,Male,Surat,Gujarat,India,2021-01-30,Active
CUS007658,INS000005,Theodore,Mittal,1997-01-24,Female,Nagpur,Maharashtra,India,2019-08-19,Active
CUS007659,INS000005,Aarush,Brar,1960-02-02,Female,Bengaluru,Karnataka,India,2019-02-25,Active
CUS007660,INS000003,Udant,Ahluwalia,1983-12-18,Other,Hyderabad,Telangana,India,2023-09-20,Active
CUS007661,INS000004,Victor,Pillay,1987-07-27,Male,Bhubaneswar,Odisha,India,2021-12-31,Active
CUS007662,INS000001,Unnati,Dewan,1998-12-23,Male,Bhubaneswar,Odisha,India,2021-08-22,Active
CUS007663,INS000001,Tanay,Bora,2006-06-12,Female,Chennai,Tamil Nadu,India,2020-02-05,Active
CUS007664,INS000005,William,Shenoy,1988-02-24,Female,Mumbai,Maharashtra,India,2023-06-29,Active
CUS007665,INS000005,Vasana,Patel,1969-05-03,Female,Chennai,Tamil Nadu,India,2024-09-24,Active
CUS007666,INS000002,Garima,Nayak,1974-10-20,Male,Bhubaneswar,Odisha,India,2024-11-26,Active
CUS007667,INS000005,Keya,Uppal,1974-09-12,Male,Bhopal,Madhya Pradesh,India,2023-11-29,Active
CUS007668,INS000002,Samesh,Murthy,1990-10-29,Female,Ahmedabad,Gujarat,India,2022-03-12,Active
CUS007669,INS000001,Mugdha,Dalal,1996-04-11,Female,Chandigarh,Chandigarh,India,2019-09-26,Active
CUS007670,INS000002,Qarin,Sharma,1996-11-03,Female,Indore,Madhya Pradesh,India,2020-08-14,Active
CUS007671,INS000002,Abeer,Sur,1955-05-20,Male,Ahmedabad,Gujarat,India,2021-10-23,Active
CUS007672,INS000003,Janani,Shan,1971-01-26,Male,Bhubaneswar,Odisha,India,2024-12-26,Active
CUS007673,INS000005,Advaith,Mannan,2000-08-28,Male,Indore,Madhya Pradesh,India,2021-03-21,Active
CUS007674,INS000002,Ethan,Chana,1951-10-03,Other,Kolkata,West Bengal,India,2024-09-15,Active
CUS007675,INS000001,Ishita,Devi,1960-05-23,Female,Bhubaneswar,Odisha,India,2025-09-22,Active
CUS007676,INS000004,Ayushman,Sura,1975-08-13,Male,Bengaluru,Karnataka,India,2024-01-03,Active
CUS007677,INS000002,Ishwar,Minhas,2003-07-18,Male,Pune,Maharashtra,India,2019-01-01,Inactive
CUS007678,INS000005,Lucky,Rajan,1993-08-16,Female,Nagpur,Maharashtra,India,2021-10-14,Active
CUS007679,INS000003,Bina,Goyal,1977-07-27,Male,Jaipur,Rajasthan,India,2023-04-12,Inactive
CUS007680,INS000001,Ria,Borde,1995-10-22,Female,Patna,Bihar,India,2019-01-17,Active
CUS007681,INS000003,Robert,Char,1973-12-15,Female,Thane,Maharashtra,India,2018-11-02,Active
CUS007682,INS000004,Jagvi,Dhillon,1951-03-20,Male,Bhubaneswar,Odisha,India,2024-09-22,Active
CUS007683,INS000002,Caleb,Mand,1992-05-05,Male,Nagpur,Maharashtra,India,2023-12-28,Active
CUS007684,INS000002,Ayushman,Chanda,1958-11-28,Female,Nagpur,Maharashtra,India,2021-09-07,Active
CUS007685,INS000005,Rushil,Rau,1983-03-30,Male,Indore,Madhya Pradesh,India,2022-12-29,Active
CUS007686,INS000002,Rudra,Devi,1983-12-06,Male,Delhi,Delhi,India,2022-02-02,Active
CUS007687,INS000001,Bhanumati,Sarin,1991-05-21,Female,Kolkata,West Bengal,India,2021-01-18,Inactive
CUS007688,INS000004,Owen,Lata,1987-07-01,Female,Delhi,Delhi,India,2020-06-03,Inactive
CUS007689,INS000003,Theodore,Goel,1975-09-04,Female,Hyderabad,Telangana,India,2025-11-18,Active
CUS007690,INS000004,Adweta,Gaba,1999-06-18,Male,Kochi,Kerala,India,2026-06-21,Active
CUS007691,INS000002,Owen,Dhaliwal,1974-03-08,Male,Nagpur,Maharashtra,India,2023-04-16,Active
CUS007692,INS000003,Harinakshi,Sood,2000-10-01,Male,Chennai,Tamil Nadu,India,2020-05-29,Active
CUS007693,INS000005,Yatan,Natt,1988-01-03,Male,Jaipur,Rajasthan,India,2021-07-06,Active
CUS007694,INS000004,Pranav,Vala,1968-01-24,Female,Kolkata,West Bengal,India,2023-11-04,Active
CUS007695,INS000003,Rohan,Borde,1976-10-17,Male,Ahmedabad,Gujarat,India,2022-07-17,Active
CUS007696,INS000003,Anthony,Sengupta,1978-12-16,Female,Ahmedabad,Gujarat,India,2019-03-03,Active
CUS007697,INS000003,Patrick,Bera,1999-06-10,Male,Pune,Maharashtra,India,2024-03-17,Active
CUS007698,INS000001,Adweta,Lalla,1991-07-13,Male,Thane,Maharashtra,India,2019-07-04,Inactive
CUS007699,INS000004,Harrison,Peri,1969-01-18,Other,Jaipur,Rajasthan,India,2025-06-26,Active
CUS007700,INS000003,Ansh,Lata,1988-10-20,Male,Bhopal,Madhya Pradesh,India,2025-08-18,Active
CUS007701,INS000004,Laksh,Deo,1953-08-24,Male,Nagpur,Maharashtra,India,2023-09-30,Active
CUS007702,INS000003,Ladli,Cheema,2004-01-10,Male,Kochi,Kerala,India,2022-01-02,Active
CUS007703,INS000005,Indrajit,Pal,1960-10-23,Male,Ahmedabad,Gujarat,India,2020-07-26,Active
CUS007704,INS000005,Hamsini,Memon,1965-01-07,Female,Chennai,Tamil Nadu,India,2018-10-02,Active
CUS007705,INS000005,Shivansh,Pradhan,1973-10-31,Male,Mumbai,Maharashtra,India,2024-01-12,Active
CUS007706,INS000002,Dalaja,Sunder,1979-03-07,Female,Kolkata,West Bengal,India,2019-04-01,Inactive
CUS007707,INS000003,Tanmayi,Bath,1958-12-06,Female,Thane,Maharashtra,India,2024-08-08,Active
CUS007708,INS000002,Wriddhish,Nagar,1991-07-06,Female,Kochi,Kerala,India,2023-12-25,Active
CUS007709,INS000004,Kala,Saran,1954-02-23,Male,Bhubaneswar,Odisha,India,2025-05-09,Active
CUS007710,INS000002,Kashish,Tiwari,1975-09-16,Female,Mysuru,Karnataka,India,2024-01-31,Active
CUS007711,INS000004,Onveer,Date,2005-09-21,Male,Nagpur,Maharashtra,India,2020-04-21,Active
CUS007712,INS000004,Radha,Agate,1997-08-31,Female,Chandigarh,Chandigarh,India,2020-01-15,Active
CUS007713,INS000004,Dhruv,Dhaliwal,1966-02-14,Female,Mumbai,Maharashtra,India,2018-10-09,Active
CUS007714,INS000002,Jagat,Date,1983-09-18,Male,Surat,Gujarat,India,2025-09-21,Active
CUS007715,INS000003,Maanas,Peri,1986-09-04,Female,Kolkata,West Bengal,India,2022-07-30,Active
CUS007716,INS000002,Kalpit,Taneja,1968-05-02,Female,Jaipur,Rajasthan,India,2022-01-07,Active
CUS007717,INS000003,Ranveer,Acharya,1964-01-04,Female,Delhi,Delhi,India,2020-11-12,Active
CUS007718,INS000003,Rehaan,Badami,1983-12-05,Male,Nagpur,Maharashtra,India,2020-06-06,Active
CUS007719,INS000004,Kritika,Bawa,1984-09-03,Female,Bhopal,Madhya Pradesh,India,2026-06-26,Active
CUS007720,INS000002,Kavya,Bhatnagar,1966-09-04,Female,Lucknow,Uttar Pradesh,India,2022-12-10,Active
CUS007721,INS000003,Eesha,Rastogi,2000-02-12,Male,Thane,Maharashtra,India,2021-11-21,Inactive
CUS007722,INS000005,Pushti,Kanda,1993-06-25,Female,Surat,Gujarat,India,2026-06-06,Active
CUS007723,INS000003,Yash,Oommen,1989-07-27,Male,Kochi,Kerala,India,2020-03-07,Active
CUS007724,INS000005,Chakradhar,Rout,2000-10-11,Male,Bhubaneswar,Odisha,India,2018-10-30,Active
CUS007725,INS000002,Ranbir,Maharaj,1996-06-28,Female,Nagpur,Maharashtra,India,2024-05-25,Active
CUS007726,INS000002,Chaitaly,Bera,1990-07-23,Female,Kochi,Kerala,India,2020-10-10,Active
CUS007727,INS000002,Manthan,Sharaf,1960-09-21,Female,Mysuru,Karnataka,India,2019-08-16,Active
CUS007728,INS000003,Falak,Garg,1977-10-16,Female,Jaipur,Rajasthan,India,2021-10-20,Active
CUS007729,INS000001,Yug,Kakar,1990-11-06,Male,Pune,Maharashtra,India,2022-08-30,Active
CUS007730,INS000003,Chatresh,Deshpande,1969-12-29,Male,Bhopal,Madhya Pradesh,India,2023-06-25,Active
CUS007731,INS000003,Ati,Mallick,1962-02-03,Female,Mumbai,Maharashtra,India,2024-06-11,Active
CUS007732,INS000004,Jonathan,Singhal,1998-07-31,Male,Bhopal,Madhya Pradesh,India,2024-07-26,Active
CUS007733,INS000004,Yashoda,Goel,1998-07-05,Female,Bengaluru,Karnataka,India,2020-10-18,Active
CUS007734,INS000003,Vrinda,Thakur,1956-04-27,Female,Indore,Madhya Pradesh,India,2020-12-07,Inactive
CUS007735,INS000005,Shaurya,Gaba,1963-06-09,Male,Kochi,Kerala,India,2026-02-25,Active
CUS007736,INS000004,Finn,Narang,1951-09-29,Male,Chandigarh,Chandigarh,India,2021-03-29,Active
CUS007737,INS000003,Upma,Mammen,1978-07-10,Female,Surat,Gujarat,India,2026-05-20,Active
CUS007738,INS000001,Dhruv,Ahluwalia,1966-09-06,Female,Thane,Maharashtra,India,2019-05-26,Active
CUS007739,INS000005,Oliver,Bhardwaj,1965-01-06,Female,Thane,Maharashtra,India,2019-03-20,Active
CUS007740,INS000002,Yashoda,Chakraborty,2002-09-11,Female,Patna,Bihar,India,2022-01-17,Active
CUS007741,INS000003,Lipika,Sunder,1989-12-30,Female,Patna,Bihar,India,2024-05-10,Active
CUS007742,INS000003,Yashodhara,Venkatesh,1953-07-12,Male,Nagpur,Maharashtra,India,2024-06-23,Active
CUS007743,INS000005,Kavya,Varughese,2007-10-11,Male,Hyderabad,Telangana,India,2023-04-12,Active
CUS007744,INS000004,Wishi,Goswami,1975-02-21,Male,Mumbai,Maharashtra,India,2019-03-09,Active
CUS007745,INS000004,Zilmil,Dyal,1956-06-26,Male,Indore,Madhya Pradesh,India,2019-02-14,Active
CUS007746,INS000004,Ucchal,Lala,1960-12-19,Male,Bhopal,Madhya Pradesh,India,2021-02-05,Active
CUS007747,INS000002,Praneel,Sethi,1967-08-08,Male,Chennai,Tamil Nadu,India,2020-07-27,Active
CUS007748,INS000005,Ekanta,Khosla,1978-03-10,Male,Mysuru,Karnataka,India,2021-08-14,Active
CUS007749,INS000005,Kashvi,Chana,1965-04-21,Male,Pune,Maharashtra,India,2023-01-02,Active
CUS007750,INS000004,Vasudha,Deshpande,1987-05-07,Female,Surat,Gujarat,India,2022-10-29,Active
CUS007751,INS000004,Warda,Saini,1981-11-06,Female,Bhopal,Madhya Pradesh,India,2020-06-20,Active
CUS007752,INS000001,Urvi,Bora,1961-09-02,Male,Bhubaneswar,Odisha,India,2026-05-20,Active
CUS007753,INS000001,Amrita,Ramachandran,1998-02-06,Female,Nagpur,Maharashtra,India,2024-07-18,Active
CUS007754,INS000003,Nandini,Prakash,1959-09-22,Male,Kolkata,West Bengal,India,2026-05-29,Active
CUS007755,INS000003,Balhaar,Ahuja,1964-08-14,Female,Bhubaneswar,Odisha,India,2021-09-10,Active
CUS007756,INS000005,Sarthak,Subramaniam,1970-09-19,Male,Indore,Madhya Pradesh,India,2026-02-03,Active
CUS007757,INS000005,Theodore,Bhatti,1969-05-28,Female,Kolkata,West Bengal,India,2026-05-15,Active
CUS007758,INS000002,Samaksh,Bhargava,1954-10-24,Male,Bengaluru,Karnataka,India,2022-01-11,Active
CUS007759,INS000002,Siya,Panchal,1953-05-25,Female,Jaipur,Rajasthan,India,2024-06-26,Active
CUS007760,INS000001,Wahab,Bhargava,1965-01-06,Male,Hyderabad,Telangana,India,2022-11-06,Active
CUS007761,INS000003,Meghana,Chand,1958-04-05,Female,Ahmedabad,Gujarat,India,2023-07-12,Active
CUS007762,INS000001,Tejas,D’Alia,1956-02-28,Male,Bengaluru,Karnataka,India,2019-01-14,Active
CUS007763,INS000001,Damini,Prabhu,1952-03-30,Male,Nagpur,Maharashtra,India,2018-10-23,Active
CUS007764,INS000003,Pavani,Agarwal,1991-09-15,Female,Surat,Gujarat,India,2022-07-04,Active
CUS007765,INS000002,Krishna,Gokhale,1971-10-23,Male,Indore,Madhya Pradesh,India,2022-05-17,Inactive
CUS007766,INS000003,Naksh,Sheth,1971-04-12,Female,Delhi,Delhi,India,2020-07-09,Active
CUS007767,INS000004,Kavya,Chopra,1981-08-04,Male,Ahmedabad,Gujarat,India,2022-08-22,Active
CUS007768,INS000004,Aachal,Chadha,1979-07-11,Male,Bengaluru,Karnataka,India,2022-03-23,Active
CUS007769,INS000004,Frado,Murty,1997-03-26,Female,Delhi,Delhi,India,2022-07-21,Active
CUS007770,INS000005,Krish,Grewal,2006-01-19,Male,Ahmedabad,Gujarat,India,2025-05-18,Active
CUS007771,INS000002,Frado,Sane,1966-01-27,Male,Bhopal,Madhya Pradesh,India,2025-05-23,Active
CUS007772,INS000002,Chakrika,Buch,2008-06-19,Female,Delhi,Delhi,India,2020-10-01,Active
CUS007773,INS000005,Sai,Bassi,1953-08-20,Female,Mysuru,Karnataka,India,2022-08-30,Active
CUS007774,INS000001,Zilmil,Patil,1959-05-30,Female,Indore,Madhya Pradesh,India,2021-05-02,Active
CUS007775,INS000004,Indira,Karan,2002-07-14,Male,Bhubaneswar,Odisha,India,2022-10-19,Active
CUS007776,INS000004,Victor,Sastry,1998-01-13,Female,Kochi,Kerala,India,2025-06-02,Active
CUS007777,INS000001,Benjamin,Bera,1989-10-04,Male,Thane,Maharashtra,India,2021-07-30,Active
CUS007778,INS000003,Udyati,Deshpande,2005-06-27,Male,Surat,Gujarat,India,2022-03-17,Active
CUS007779,INS000003,Yauvani,Iyengar,1973-05-30,Female,Nagpur,Maharashtra,India,2020-11-10,Active
CUS007780,INS000002,Gayathri,Bassi,1954-09-24,Male,Pune,Maharashtra,India,2025-10-18,Active
CUS007781,INS000005,Pooja,Bali,1985-01-14,Male,Kolkata,West Bengal,India,2024-08-26,Active
CUS007782,INS000002,Shravya,Shere,1959-08-31,Male,Delhi,Delhi,India,2024-11-05,Active
CUS007783,INS000003,Unni,Bobal,1997-10-03,Female,Jaipur,Rajasthan,India,2020-08-18,Active
CUS007784,INS000001,Rachana,Sani,2000-03-29,Female,Mumbai,Maharashtra,India,2023-01-24,Active
CUS007785,INS000002,Nilima,Murthy,1958-03-26,Female,Ahmedabad,Gujarat,India,2021-07-16,Active
CUS007786,INS000004,Jhalak,Aurora,1964-02-03,Male,Jaipur,Rajasthan,India,2022-09-11,Active
CUS007787,INS000004,Widisha,Agrawal,1997-01-17,Female,Hyderabad,Telangana,India,2026-03-15,Active
CUS007788,INS000001,Edhitha,Sule,1952-08-31,Female,Bhopal,Madhya Pradesh,India,2023-08-18,Active
CUS007789,INS000003,Anjali,Kunda,1978-10-22,Male,Surat,Gujarat,India,2019-12-23,Active
CUS007790,INS000004,Lavanya,Chadha,1980-07-30,Male,Mysuru,Karnataka,India,2018-12-23,Inactive
CUS007791,INS000004,Aryan,Thaman,1984-08-11,Male,Hyderabad,Telangana,India,2020-09-24,Active
CUS007792,INS000005,Praneel,Muni,1999-08-01,Male,Bhubaneswar,Odisha,India,2025-06-17,Active
CUS007793,INS000002,Riya,Narang,1998-04-18,Female,Kochi,Kerala,India,2018-12-16,Active
CUS007794,INS000003,Vivaan,Memon,1993-02-06,Male,Delhi,Delhi,India,2024-10-22,Inactive
CUS007795,INS000002,Alka,Karan,2001-12-26,Male,Pune,Maharashtra,India,2024-02-02,Active
CUS007796,INS000003,Faqid,Dhaliwal,2002-12-31,Female,Mumbai,Maharashtra,India,2022-03-30,Active
CUS007797,INS000004,Jagrati,Vig,1970-11-10,Female,Surat,Gujarat,India,2025-01-03,Active
CUS007798,INS000005,Fitan,Sidhu,1993-09-09,Female,Jaipur,Rajasthan,India,2023-10-16,Active
CUS007799,INS000002,Chaitaly,Sachdev,1992-11-23,Male,Ahmedabad,Gujarat,India,2020-09-17,Active
CUS007800,INS000004,Yachana,Kala,1968-08-01,Male,Delhi,Delhi,India,2022-09-08,Active
CUS007801,INS000003,Yochana,Sachar,2006-05-04,Male,Mumbai,Maharashtra,India,2022-09-09,Active
CUS007802,INS000002,Farhan,Padmanabhan,2004-08-19,Male,Chandigarh,Chandigarh,India,2018-08-27,Active
CUS007803,INS000002,Aradhana,Deep,2007-02-06,Male,Surat,Gujarat,India,2019-07-24,Active
CUS007804,INS000004,Vedant,Kurian,1986-05-10,Female,Bhubaneswar,Odisha,India,2024-09-07,Active
CUS007805,INS000002,Guneet,Mallick,2001-04-27,Male,Delhi,Delhi,India,2022-01-02,Active
CUS007806,INS000005,Jagat,Sodhi,1956-12-25,Male,Thane,Maharashtra,India,2018-12-30,Active
CUS007807,INS000005,Ekbal,D’Alia,1990-09-27,Male,Indore,Madhya Pradesh,India,2022-11-20,Active
CUS007808,INS000004,Jagvi,Sachdev,2000-05-20,Female,Surat,Gujarat,India,2024-10-09,Active
CUS007809,INS000003,Balvan,Chakrabarti,1968-10-25,Female,Pune,Maharashtra,India,2022-05-08,Inactive
CUS007810,INS000004,Sai,Varma,1979-05-19,Female,Bhubaneswar,Odisha,India,2024-12-04,Active
CUS007811,INS000005,Gauri,Dhaliwal,1957-08-20,Male,Nagpur,Maharashtra,India,2026-02-12,Active
CUS007812,INS000001,Ronith,Som,2004-08-24,Male,Indore,Madhya Pradesh,India,2026-08-07,Active
CUS007813,INS000001,Forum,Jain,1975-09-03,Male,Mysuru,Karnataka,India,2020-06-08,Active
CUS007814,INS000002,Zashil,Mukhopadhyay,1963-12-23,Male,Delhi,Delhi,India,2024-03-23,Active
CUS007815,INS000002,Chasmum,Yohannan,2006-03-19,Female,Bhopal,Madhya Pradesh,India,2023-04-27,Active
CUS007816,INS000001,Anvi,Butala,1987-03-31,Other,Lucknow,Uttar Pradesh,India,2025-07-26,Active
CUS007817,INS000005,Rayaan,Kala,1958-03-23,Female,Nagpur,Maharashtra,India,2024-09-24,Active
CUS007818,INS000002,Lakshit,Bobal,1966-09-15,Female,Chennai,Tamil Nadu,India,2022-03-19,Active
CUS007819,INS000004,Advika,Banik,1964-11-14,Female,Patna,Bihar,India,2024-09-13,Active
CUS007820,INS000004,Abhiram,Kuruvilla,1999-04-26,Male,Kochi,Kerala,India,2021-12-27,Active
CUS007821,INS000005,Chandani,Natarajan,1975-07-29,Other,Pune,Maharashtra,India,2018-09-03,Active
CUS007822,INS000002,Baghyawati,Bath,1993-10-23,Male,Indore,Madhya Pradesh,India,2018-10-31,Active
CUS007823,INS000004,Hiral,Dube,1958-05-19,Female,Lucknow,Uttar Pradesh,India,2024-08-28,Active
CUS007824,INS000002,Netra,Pandey,2000-01-09,Male,Mysuru,Karnataka,India,2020-08-13,Active
CUS007825,INS000002,Nidra,Rau,1989-07-16,Male,Ahmedabad,Gujarat,India,2022-06-07,Inactive
CUS007826,INS000004,Advik,Kapadia,2001-03-19,Female,Jaipur,Rajasthan,India,2023-04-27,Active
CUS007827,INS000001,Urmi,Goswami,1988-09-18,Male,Surat,Gujarat,India,2020-07-08,Active
CUS007828,INS000004,Yauvani,Biswas,2002-04-29,Male,Hyderabad,Telangana,India,2026-06-11,Active
CUS007829,INS000005,Manthan,Sidhu,1992-02-19,Male,Bengaluru,Karnataka,India,2024-08-08,Active
CUS007830,INS000003,Mitali,Minhas,1964-05-16,Male,Chennai,Tamil Nadu,India,2021-04-14,Active
CUS007831,INS000004,Vedant,Kala,1958-03-23,Female,Jaipur,Rajasthan,India,2024-06-29,Active
CUS007832,INS000002,Utkarsh,Parsa,2001-04-17,Female,Mumbai,Maharashtra,India,2025-06-11,Active
CUS007833,INS000002,Shaurya,Sarma,1950-08-24,Male,Surat,Gujarat,India,2025-08-15,Active
CUS007834,INS000004,Urvi,Kunda,1975-11-17,Male,Delhi,Delhi,India,2023-04-12,Active
CUS007835,INS000003,Vivaan,Viswanathan,1954-11-04,Female,Chandigarh,Chandigarh,India,2026-01-03,Active
CUS007836,INS000004,Zaitra,Khurana,1953-01-03,Male,Bengaluru,Karnataka,India,2023-08-28,Active
CUS007837,INS000003,Upadhriti,Nazareth,1959-07-11,Male,Kolkata,West Bengal,India,2024-01-21,Active
CUS007838,INS000003,Triya,Doshi,1968-11-01,Male,Patna,Bihar,India,2020-04-30,Active
CUS007839,INS000005,Harini,Salvi,1983-03-21,Female,Surat,Gujarat,India,2024-09-17,Active
CUS007840,INS000002,Frederick,Wagle,1972-12-14,Male,Bhopal,Madhya Pradesh,India,2023-10-06,Active
CUS007841,INS000002,Dhriti,Bhasin,1997-07-03,Male,Bhubaneswar,Odisha,India,2018-09-01,Active
CUS007842,INS000003,Raghav,Ravi,1989-04-29,Female,Nagpur,Maharashtra,India,2024-06-13,Active
CUS007843,INS000002,Pushti,Mahajan,1974-12-18,Male,Ahmedabad,Gujarat,India,2020-05-03,Active
CUS007844,INS000001,Omisha,Saran,1976-06-07,Female,Patna,Bihar,India,2025-10-13,Active
CUS007845,INS000003,Shaurya,Barad,2001-06-25,Male,Indore,Madhya Pradesh,India,2020-06-13,Active
CUS007846,INS000002,Reva,Sanghvi,1968-05-09,Male,Hyderabad,Telangana,India,2022-02-24,Active
CUS007847,INS000001,Shivani,Sem,1990-05-19,Male,Jaipur,Rajasthan,India,2025-12-02,Active
CUS007848,INS000005,Ayushman,Hari,1990-10-12,Male,Nagpur,Maharashtra,India,2019-03-28,Inactive
CUS007849,INS000002,Kavya,Kanda,1975-02-07,Female,Jaipur,Rajasthan,India,2026-08-03,Active
CUS007850,INS000001,Liam,Krishnamurthy,2003-07-20,Female,Jaipur,Rajasthan,India,2021-09-12,Active
CUS007851,INS000004,Kabir,Mistry,1979-11-26,Male,Nagpur,Maharashtra,India,2022-08-16,Active
CUS007852,INS000004,Dalaja,Thakur,1993-10-27,Male,Jaipur,Rajasthan,India,2020-08-29,Active
CUS007853,INS000001,Aditya,Hayer,1984-12-26,Male,Chennai,Tamil Nadu,India,2025-02-12,Active
CUS007854,INS000003,Xalak,Mitter,1956-12-09,Female,Thane,Maharashtra,India,2026-01-25,Active
CUS007855,INS000003,Isha,Goel,1955-03-01,Female,Indore,Madhya Pradesh,India,2022-02-25,Active
CUS007856,INS000002,Harinakshi,Nadkarni,1967-02-07,Male,Pune,Maharashtra,India,2023-12-03,Active
CUS007857,INS000004,Umang,Kari,1994-05-09,Female,Mysuru,Karnataka,India,2026-06-19,Active
CUS007858,INS000003,Oni,Raja,1993-02-05,Female,Bhopal,Madhya Pradesh,India,2019-02-04,Active
CUS007859,INS000003,Pavani,Misra,1999-11-17,Female,Jaipur,Rajasthan,India,2023-08-23,Active
CUS007860,INS000004,Netra,Ravi,1993-02-04,Male,Ahmedabad,Gujarat,India,2025-01-08,Active
CUS007861,INS000005,Chandani,Devi,1985-05-24,Male,Indore,Madhya Pradesh,India,2021-01-29,Active
CUS007862,INS000003,Eshana,Zachariah,1978-10-07,Male,Hyderabad,Telangana,India,2021-05-20,Active
CUS007863,INS000001,Arin,Batta,1980-05-19,Female,Chennai,Tamil Nadu,India,2019-08-26,Active
CUS007864,INS000002,Azad,Narayanan,1979-08-26,Female,Hyderabad,Telangana,India,2019-12-22,Active
CUS007865,INS000003,Liam,Natt,1956-04-17,Female,Bengaluru,Karnataka,India,2022-09-19,Active
CUS007866,INS000003,Mitesh,Bera,1985-01-17,Male,Hyderabad,Telangana,India,2026-02-26,Active
CUS007867,INS000005,Ganga,Sehgal,1952-10-26,Male,Patna,Bihar,India,2023-03-30,Active
CUS007868,INS000001,Mahika,Sawhney,1996-12-16,Male,Patna,Bihar,India,2020-11-23,Active
CUS007869,INS000002,Lakshmi,Malhotra,2002-07-24,Female,Indore,Madhya Pradesh,India,2018-08-27,Active
CUS007870,INS000003,Samarth,Bedi,1988-09-03,Male,Hyderabad,Telangana,India,2022-03-09,Active
CUS007871,INS000002,Mahika,Ramaswamy,1972-12-24,Male,Pune,Maharashtra,India,2021-03-18,Active
CUS007872,INS000004,Devansh,Parsa,1964-09-12,Female,Bhopal,Madhya Pradesh,India,2019-12-26,Active
CUS007873,INS000003,Libni,Sen,1980-12-07,Male,Chennai,Tamil Nadu,India,2023-10-22,Active
CUS007874,INS000003,Raghav,Nayak,1974-03-30,Male,Pune,Maharashtra,India,2023-03-09,Inactive
CUS007875,INS000004,Vaishnavi,Pandey,1980-01-30,Male,Patna,Bihar,India,2019-05-20,Active
CUS007876,INS000005,Ikbal,Buch,1991-08-26,Female,Bhubaneswar,Odisha,India,2024-04-19,Active
CUS007877,INS000003,Falguni,Patla,1993-03-01,Female,Chandigarh,Chandigarh,India,2021-05-16,Active
CUS007878,INS000002,Siya,Ranganathan,1955-09-27,Female,Ahmedabad,Gujarat,India,2025-09-17,Active
CUS007879,INS000001,Daksha,Dutta,1998-01-02,Female,Jaipur,Rajasthan,India,2021-09-17,Active
CUS007880,INS000002,Girik,Jha,1971-02-01,Female,Bhubaneswar,Odisha,India,2022-10-07,Active
CUS007881,INS000005,Onveer,Goswami,1974-12-27,Female,Chennai,Tamil Nadu,India,2025-01-22,Active
CUS007882,INS000001,Hemang,Andra,1985-02-28,Female,Chennai,Tamil Nadu,India,2024-06-08,Active
CUS007883,INS000002,Peter,Bandi,2008-03-12,Female,Surat,Gujarat,India,2025-01-08,Active
CUS007884,INS000002,Azad,Zachariah,1987-01-04,Male,Patna,Bihar,India,2019-02-15,Inactive
CUS007885,INS000004,Vrinda,Nath,1988-12-05,Male,Lucknow,Uttar Pradesh,India,2026-01-25,Active
CUS007886,INS000005,Avi,Nair,1972-09-29,Male,Delhi,Delhi,India,2025-05-13,Active
CUS007887,INS000004,Rachit,Chhabra,2008-03-18,Female,Kochi,Kerala,India,2021-09-03,Active
CUS007888,INS000001,Rushil,Basak,1994-08-11,Female,Lucknow,Uttar Pradesh,India,2024-06-19,Active
CUS007889,INS000004,Ekaraj,Tak,1981-09-15,Female,Kochi,Kerala,India,2019-02-06,Active
CUS007890,INS000005,Libni,More,1959-11-25,Male,Jaipur,Rajasthan,India,2019-06-07,Inactive
CUS007891,INS000003,Bhanumati,Bala,1978-05-12,Male,Nagpur,Maharashtra,India,2022-08-04,Active
CUS007892,INS000003,Samesh,Chaudry,1980-12-29,Male,Thane,Maharashtra,India,2023-01-05,Active
CUS007893,INS000001,Viraj,Kaur,1951-04-19,Female,Jaipur,Rajasthan,India,2022-03-22,Active
CUS007894,INS000003,Bishakha,Chaudhry,2005-08-28,Male,Hyderabad,Telangana,India,2021-02-05,Active
CUS007895,INS000004,Ekaraj,Chacko,1992-01-17,Female,Hyderabad,Telangana,India,2026-02-15,Active
CUS007896,INS000001,Suhani,Chaudhry,1959-09-07,Male,Bhubaneswar,Odisha,India,2023-12-19,Active
CUS007897,INS000005,Dakshesh,Shere,1950-09-14,Male,Kochi,Kerala,India,2019-07-19,Active
CUS007898,INS000001,Jyoti,Tripathi,1987-08-16,Female,Mumbai,Maharashtra,India,2021-03-20,Active
CUS007899,INS000001,Zarna,Rama,1982-09-24,Male,Hyderabad,Telangana,India,2021-11-22,Active
CUS007900,INS000002,Advay,Chandran,1989-08-25,Male,Surat,Gujarat,India,2025-08-21,Inactive
CUS007901,INS000002,Onveer,Bahl,2005-05-02,Female,Patna,Bihar,India,2021-11-22,Active
CUS007902,INS000001,Eta,Dhar,1967-06-11,Male,Kolkata,West Bengal,India,2020-01-10,Active
CUS007903,INS000003,Nirja,Narasimhan,1959-07-21,Other,Chennai,Tamil Nadu,India,2020-10-24,Active
CUS007904,INS000002,Mahika,Merchant,1961-10-20,Female,Ahmedabad,Gujarat,India,2020-05-06,Inactive
CUS007905,INS000005,Naksh,Saxena,1962-10-29,Male,Lucknow,Uttar Pradesh,India,2025-12-28,Active
CUS007906,INS000004,Indrajit,Ramachandran,1974-12-17,Female,Chennai,Tamil Nadu,India,2020-01-16,Active
CUS007907,INS000002,Kai,Bhagat,1951-08-18,Male,Mumbai,Maharashtra,India,2024-09-28,Active
CUS007908,INS000001,Omya,Goel,1980-07-07,Female,Thane,Maharashtra,India,2025-11-10,Active
CUS007909,INS000003,Vanya,Ganguly,1992-10-10,Female,Bhubaneswar,Odisha,India,2024-06-23,Active
CUS007910,INS000004,Ekapad,Bajwa,1991-11-23,Female,Ahmedabad,Gujarat,India,2023-09-15,Active
CUS007911,INS000002,Lopa,Ravi,1952-04-08,Male,Bhubaneswar,Odisha,India,2022-07-18,Inactive
CUS007912,INS000003,Samuel,Prabhakar,1981-07-17,Male,Lucknow,Uttar Pradesh,India,2024-06-29,Active
CUS007913,INS000003,Kalpit,Kaur,1953-06-26,Male,Kochi,Kerala,India,2021-04-18,Active
CUS007914,INS000003,Samesh,Murty,1973-10-27,Female,Mumbai,Maharashtra,India,2020-06-17,Inactive
CUS007915,INS000001,Dayita,Loyal,1976-04-27,Female,Thane,Maharashtra,India,2022-06-12,Active
CUS007916,INS000005,Rachana,Chacko,2001-11-22,Male,Pune,Maharashtra,India,2021-09-01,Active
CUS007917,INS000003,Vaishnavi,Goel,1994-09-11,Female,Mumbai,Maharashtra,India,2021-09-23,Active
CUS007918,INS000004,Nathan,Acharya,1984-06-21,Male,Patna,Bihar,India,2025-10-24,Active
CUS007919,INS000002,Dayita,Butala,2007-12-11,Male,Mumbai,Maharashtra,India,2022-01-05,Active
CUS007920,INS000004,Samaksh,Deshmukh,1972-02-18,Male,Ahmedabad,Gujarat,India,2024-10-30,Active
CUS007921,INS000001,Yadavi,Gopal,1987-10-24,Male,Hyderabad,Telangana,India,2020-05-08,Active
CUS007922,INS000001,Tara,Sarma,1970-09-16,Male,Kolkata,West Bengal,India,2019-10-06,Active
CUS007923,INS000004,Anya,Murthy,1967-01-28,Female,Bhopal,Madhya Pradesh,India,2019-05-16,Active
CUS007924,INS000005,Saksham,Parikh,1982-06-03,Male,Kolkata,West Bengal,India,2023-09-16,Active
CUS007925,INS000001,Abhimanyu,Bhargava,1974-06-23,Male,Kolkata,West Bengal,India,2024-05-02,Active
CUS007926,INS000001,Luke,Anne,2002-04-27,Female,Surat,Gujarat,India,2020-10-26,Active
CUS007927,INS000004,Sanaya,Dugar,1965-09-10,Male,Mysuru,Karnataka,India,2023-02-04,Active
CUS007928,INS000001,Devansh,Sahni,1978-06-27,Female,Bengaluru,Karnataka,India,2019-04-04,Active
CUS007929,INS000005,Mohini,Bedi,1983-05-01,Male,Surat,Gujarat,India,2025-08-21,Active
CUS007930,INS000005,Yatin,Brar,2005-05-05,Female,Kochi,Kerala,India,2022-06-17,Active
CUS007931,INS000005,Falguni,Nagarajan,1972-07-30,Female,Delhi,Delhi,India,2023-03-23,Active
CUS007932,INS000002,Vritti,Choudhry,1980-06-23,Male,Bengaluru,Karnataka,India,2022-08-28,Inactive
CUS007933,INS000005,Triveni,Nazareth,1974-11-02,Female,Nagpur,Maharashtra,India,2025-09-12,Active
CUS007934,INS000005,Turvi,Kala,1972-03-17,Female,Thane,Maharashtra,India,2025-10-16,Active
CUS007935,INS000002,Balveer,Goswami,2000-12-19,Female,Kochi,Kerala,India,2024-02-12,Active
CUS007936,INS000003,Gavin,Palan,1970-03-08,Male,Kolkata,West Bengal,India,2019-05-30,Active
CUS007937,INS000001,Bhavna,Lad,1979-02-07,Male,Bengaluru,Karnataka,India,2024-01-11,Inactive
CUS007938,INS000005,Tanmayi,Sarraf,1956-06-16,Female,Jaipur,Rajasthan,India,2019-02-17,Active
CUS007939,INS000001,Idika,Nori,1975-04-02,Female,Surat,Gujarat,India,2023-05-10,Active
CUS007940,INS000004,Chameli,Balay,1971-02-25,Male,Pune,Maharashtra,India,2022-09-14,Active
CUS007941,INS000001,Mahika,Sarma,1953-03-27,Male,Hyderabad,Telangana,India,2024-02-15,Active
CUS007942,INS000002,Parth,Mandal,1989-05-24,Male,Hyderabad,Telangana,India,2022-06-13,Active
CUS007943,INS000001,Ojasvi,Bassi,1996-09-29,Male,Nagpur,Maharashtra,India,2021-12-14,Active
CUS007944,INS000001,Zaid,Tailor,1998-03-22,Male,Jaipur,Rajasthan,India,2019-09-24,Active
CUS007945,INS000001,Praneel,Chaudhry,1962-08-15,Male,Nagpur,Maharashtra,India,2025-03-26,Active
CUS007946,INS000003,Rachana,Savant,1968-03-19,Male,Hyderabad,Telangana,India,2025-08-01,Active
CUS007947,INS000003,Tanvi,Halder,2004-04-26,Male,Chandigarh,Chandigarh,India,2022-11-12,Active
CUS007948,INS000004,Leena,Dayal,1955-10-15,Female,Kolkata,West Bengal,India,2023-08-26,Active
CUS007949,INS000002,Qadim,Sheth,1953-06-07,Male,Chennai,Tamil Nadu,India,2022-09-09,Active
CUS007950,INS000001,Girish,Bawa,1986-11-24,Male,Kochi,Kerala,India,2025-12-05,Active
CUS007951,INS000001,Maya,Pandya,1976-01-22,Male,Thane,Maharashtra,India,2022-06-25,Active
CUS007952,INS000001,Caleb,Pau,1984-09-26,Female,Pune,Maharashtra,India,2018-10-27,Active
CUS007953,INS000001,Wriddhish,Bala,1959-02-06,Female,Surat,Gujarat,India,2023-05-04,Active
CUS007954,INS000003,Nakul,Kashyap,1992-05-07,Female,Mysuru,Karnataka,India,2018-09-09,Active
CUS007955,INS000004,Anusha,Bhatti,1958-05-31,Male,Hyderabad,Telangana,India,2019-12-01,Active
CUS007956,INS000005,Bishakha,Bava,1981-04-19,Female,Indore,Madhya Pradesh,India,2020-05-28,Inactive
CUS007957,INS000002,Ekalinga,Andra,2006-05-11,Male,Mysuru,Karnataka,India,2023-06-16,Active
CUS007958,INS000001,Teerth,Ramaswamy,1975-06-16,Male,Indore,Madhya Pradesh,India,2018-10-06,Active
CUS007959,INS000004,Wakeeta,Mani,1994-08-04,Female,Jaipur,Rajasthan,India,2022-03-02,Active
CUS007960,INS000005,Nisha,Kalita,1963-01-04,Female,Lucknow,Uttar Pradesh,India,2026-07-19,Inactive
CUS007961,INS000004,Jairaj,Modi,1995-04-17,Female,Thane,Maharashtra,India,2019-10-27,Active
CUS007962,INS000003,Jyoti,Arora,1991-05-28,Female,Indore,Madhya Pradesh,India,2022-07-11,Active
CUS007963,INS000005,Faraj,Jani,1978-07-25,Female,Patna,Bihar,India,2026-04-13,Inactive
CUS007964,INS000004,Henry,Dani,1964-08-19,Male,Lucknow,Uttar Pradesh,India,2019-08-19,Active
CUS007965,INS000003,Yamini,Aggarwal,1989-11-13,Male,Mysuru,Karnataka,India,2020-02-14,Active
CUS007966,INS000004,Eshana,Mall,1956-05-14,Male,Bhopal,Madhya Pradesh,India,2025-11-17,Active
CUS007967,INS000004,Nimrat,Pall,1979-04-27,Female,Pune,Maharashtra,India,2022-07-08,Active
CUS007968,INS000005,Shravya,Date,1982-12-02,Male,Pune,Maharashtra,India,2021-02-15,Active
CUS007969,INS000003,Nitesh,Balay,1956-11-17,Female,Bhopal,Madhya Pradesh,India,2022-12-03,Active
CUS007970,INS000001,Zayyan,Kala,1996-01-01,Male,Bhubaneswar,Odisha,India,2024-04-22,Active
CUS007971,INS000002,Sarthak,Sangha,1999-04-20,Male,Bengaluru,Karnataka,India,2019-05-20,Inactive
CUS007972,INS000005,Yashawini,Bath,1956-11-06,Male,Nagpur,Maharashtra,India,2022-01-03,Active
CUS007973,INS000003,Chaitanya,Toor,1967-01-09,Male,Patna,Bihar,India,2021-05-08,Active
CUS007974,INS000004,Turvi,Mane,1978-06-21,Female,Chennai,Tamil Nadu,India,2021-09-22,Active
CUS007975,INS000003,Avi,Bhatt,1959-07-08,Male,Ahmedabad,Gujarat,India,2024-07-22,Active
CUS007976,INS000002,Elijah,Bora,2000-01-10,Male,Patna,Bihar,India,2025-04-25,Active
CUS007977,INS000002,Triya,Mital,1958-12-05,Male,Delhi,Delhi,India,2025-05-16,Active
CUS007978,INS000001,Lakshmi,Chandra,1989-02-27,Male,Indore,Madhya Pradesh,India,2022-03-03,Active
CUS007979,INS000001,Hemal,Kant,1958-08-20,Male,Indore,Madhya Pradesh,India,2019-02-12,Active
CUS007980,INS000002,Mohini,Nayar,1972-05-07,Male,Nagpur,Maharashtra,India,2021-07-19,Active
CUS007981,INS000005,Robert,Ghosh,1998-01-18,Female,Ahmedabad,Gujarat,India,2019-07-21,Active
CUS007982,INS000005,Mekhala,Parmer,1970-02-23,Male,Kolkata,West Bengal,India,2023-12-17,Active
CUS007983,INS000004,Baljiwan,Pal,1951-12-24,Male,Chandigarh,Chandigarh,India,2026-07-15,Active
CUS007984,INS000001,Advaith,Kohli,1953-12-14,Female,Chennai,Tamil Nadu,India,2022-02-18,Inactive
CUS007985,INS000004,Zashil,Prakash,1970-06-11,Male,Delhi,Delhi,India,2025-04-11,Active
CUS007986,INS000001,Ishwar,Oak,1984-10-24,Male,Ahmedabad,Gujarat,India,2021-09-02,Active
CUS007987,INS000002,Laban,Din,1952-06-02,Female,Patna,Bihar,India,2019-07-13,Active
CUS007988,INS000005,Eta,Bath,2008-03-23,Male,Chandigarh,Chandigarh,India,2021-02-16,Active
CUS007989,INS000005,Ucchal,Pathak,1992-05-10,Female,Thane,Maharashtra,India,2026-05-15,Inactive
CUS007990,INS000002,Vedhika,Rama,1989-03-21,Female,Patna,Bihar,India,2022-10-15,Active
CUS007991,INS000004,Triya,Bobal,1984-08-06,Female,Bhubaneswar,Odisha,India,2023-05-09,Active
CUS007992,INS000004,Ekansh,Bandi,1982-07-14,Female,Ahmedabad,Gujarat,India,2021-10-24,Active
CUS007993,INS000003,Fitan,Bhargava,1962-09-17,Male,Patna,Bihar,India,2023-10-22,Active
CUS007994,INS000001,Xavier,Reddy,1999-09-15,Male,Indore,Madhya Pradesh,India,2025-10-27,Active
CUS007995,INS000004,Raksha,Sur,1973-11-19,Male,Kochi,Kerala,India,2022-09-10,Active
CUS007996,INS000002,Logan,Arya,1977-03-06,Male,Bhubaneswar,Odisha,India,2021-10-03,Active
CUS007997,INS000004,Urishilla,Bahl,1980-10-14,Female,Lucknow,Uttar Pradesh,India,2024-11-05,Active
CUS007998,INS000005,Arya,Rao,1978-05-06,Female,Nagpur,Maharashtra,India,2019-05-07,Active
CUS007999,INS000001,Neel,Sangha,1968-07-28,Female,Jaipur,Rajasthan,India,2024-07-30,Active
CUS008000,INS000003,Onkar,Bhargava,1956-04-01,Female,Hyderabad,Telangana,India,2019-02-15,Active
CUS008001,INS000001,Andrew,Borah,1963-01-17,Male,Delhi,Delhi,India,2019-12-02,Active
CUS008002,INS000005,Harish,Ram,1962-04-30,Female,Hyderabad,Telangana,India,2020-06-11,Active
CUS008003,INS000005,Peter,Sarna,1996-08-17,Female,Chandigarh,Chandigarh,India,2024-04-27,Active
CUS008004,INS000005,Chaitaly,Sood,1966-12-18,Female,Thane,Maharashtra,India,2024-10-13,Active
CUS008005,INS000005,Jeet,Lall,1981-02-12,Male,Nagpur,Maharashtra,India,2026-02-15,Active
CUS008006,INS000002,Mahika,Basu,1995-05-28,Female,Pune,Maharashtra,India,2024-01-28,Active
CUS008007,INS000003,Om,Khurana,1954-01-18,Male,Chandigarh,Chandigarh,India,2018-11-23,Inactive
CUS008008,INS000005,Faras,Srinivas,1952-05-02,Female,Lucknow,Uttar Pradesh,India,2019-08-24,Active
CUS008009,INS000005,Advay,Tella,1955-03-18,Female,Chandigarh,Chandigarh,India,2023-09-24,Active
CUS008010,INS000004,Anjali,Loke,1963-07-23,Male,Jaipur,Rajasthan,India,2025-03-03,Active
CUS008011,INS000003,Mitesh,Dass,1959-09-24,Female,Bhopal,Madhya Pradesh,India,2023-12-12,Inactive
CUS008012,INS000001,Ridhi,Kamdar,1968-06-02,Female,Patna,Bihar,India,2025-09-11,Active
CUS008013,INS000003,Ishita,Hari,2004-12-08,Male,Chennai,Tamil Nadu,India,2020-05-25,Active
CUS008014,INS000003,Pranav,Mani,2007-10-14,Female,Chennai,Tamil Nadu,India,2023-11-23,Active
CUS008015,INS000003,Tarak,Mohanty,1979-02-14,Female,Bengaluru,Karnataka,India,2025-10-12,Active
CUS008016,INS000005,Bakhshi,Prasad,2007-01-27,Female,Ahmedabad,Gujarat,India,2022-12-09,Active
CUS008017,INS000005,Tarak,Kar,1966-09-21,Female,Chandigarh,Chandigarh,India,2023-02-18,Inactive
CUS008018,INS000002,Riya,Bail,1975-12-27,Male,Chandigarh,Chandigarh,India,2020-11-09,Active
CUS008019,INS000001,Champak,Agate,1983-07-22,Female,Bengaluru,Karnataka,India,2023-09-21,Inactive
CUS008020,INS000004,Harshil,Ramaswamy,2006-05-21,Male,Surat,Gujarat,India,2021-08-06,Active
CUS008021,INS000003,Madhavi,Swaminathan,1974-07-17,Male,Mumbai,Maharashtra,India,2021-01-16,Active
CUS008022,INS000001,Darika,Shanker,2008-01-16,Female,Nagpur,Maharashtra,India,2025-05-30,Active
CUS008023,INS000001,Sachi,Purohit,1974-07-29,Female,Indore,Madhya Pradesh,India,2026-01-13,Active
CUS008024,INS000002,Charles,Dugar,1973-01-27,Female,Patna,Bihar,India,2022-09-03,Active
CUS008025,INS000004,Aayush,Natt,1980-04-18,Female,Jaipur,Rajasthan,India,2021-02-13,Inactive
CUS008026,INS000003,Chanakya,Narang,1979-05-27,Female,Chandigarh,Chandigarh,India,2026-01-21,Inactive
CUS008027,INS000004,Krishna,Anand,1961-11-21,Male,Lucknow,Uttar Pradesh,India,2020-12-02,Active
CUS008028,INS000002,Saksham,Kamdar,1956-05-21,Other,Patna,Bihar,India,2025-05-18,Active
CUS008029,INS000005,Zaid,Dyal,1985-09-23,Male,Bengaluru,Karnataka,India,2020-12-30,Active
CUS008030,INS000001,Kavya,Pall,1972-07-02,Female,Kochi,Kerala,India,2024-09-09,Inactive
CUS008031,INS000003,William,Apte,1959-01-10,Female,Hyderabad,Telangana,India,2023-08-18,Active
CUS008032,INS000005,Ryan,Bora,1959-08-08,Female,Delhi,Delhi,India,2025-12-27,Active
CUS008033,INS000002,Gavin,Tak,1995-09-22,Male,Lucknow,Uttar Pradesh,India,2020-01-13,Active
CUS008034,INS000004,Amol,Kala,1987-04-01,Other,Delhi,Delhi,India,2022-07-25,Active
CUS008035,INS000001,Oviya,Raghavan,1953-10-30,Female,Hyderabad,Telangana,India,2026-01-03,Active
CUS008036,INS000003,Ayaan,Munshi,1960-03-23,Female,Chandigarh,Chandigarh,India,2023-12-16,Active
CUS008037,INS000005,Akshay,Kumer,1965-02-02,Male,Chandigarh,Chandigarh,India,2022-01-25,Active
CUS008038,INS000005,Geetika,De,1958-02-13,Female,Nagpur,Maharashtra,India,2021-02-15,Inactive
CUS008039,INS000001,Rehaan,Raman,2002-08-10,Female,Mumbai,Maharashtra,India,2024-08-07,Active
CUS008040,INS000004,Dev,Gour,1967-03-31,Female,Pune,Maharashtra,India,2021-11-16,Active
CUS008041,INS000002,Thomas,Mangal,1972-03-11,Female,Nagpur,Maharashtra,India,2023-01-31,Active
CUS008042,INS000004,Gopal,Cherian,1993-09-23,Male,Bengaluru,Karnataka,India,2019-03-18,Active
CUS008043,INS000004,Oliver,Sharaf,1976-10-17,Male,Pune,Maharashtra,India,2026-05-10,Active
CUS008044,INS000004,Oliver,Yogi,1999-10-15,Male,Pune,Maharashtra,India,2026-08-05,Active
CUS008045,INS000001,Chaitanya,Kumar,2005-11-25,Male,Patna,Bihar,India,2020-04-20,Active
CUS008046,INS000001,Ojasvi,Gour,1961-04-19,Other,Kochi,Kerala,India,2023-05-02,Active
CUS008047,INS000002,Yauvani,Bhat,1955-03-04,Male,Thane,Maharashtra,India,2019-08-23,Active
CUS008048,INS000004,Hritik,Grover,1972-01-01,Male,Patna,Bihar,India,2021-01-20,Active
CUS008049,INS000001,Eta,Doctor,1983-04-22,Male,Surat,Gujarat,India,2019-04-19,Active
CUS008050,INS000002,Ekantika,Kanda,1953-02-14,Female,Mysuru,Karnataka,India,2025-06-30,Active
CUS008051,INS000002,Ranveer,Kant,1965-10-26,Male,Pune,Maharashtra,India,2024-12-19,Active
CUS008052,INS000004,Sarthak,Morar,2004-02-20,Male,Chandigarh,Chandigarh,India,2024-07-17,Active
CUS008053,INS000003,Megha,Narayanan,1999-12-14,Male,Delhi,Delhi,India,2020-03-22,Active
CUS008054,INS000004,Priya,Chandran,1960-03-24,Male,Patna,Bihar,India,2020-03-25,Active
CUS008055,INS000003,Jai,Boase,2000-08-07,Other,Kochi,Kerala,India,2025-01-09,Active
CUS008056,INS000002,Vincent,Aurora,2001-10-16,Male,Chandigarh,Chandigarh,India,2026-04-23,Active
CUS008057,INS000001,Tanay,Balay,1951-04-18,Female,Kolkata,West Bengal,India,2023-11-14,Active
CUS008058,INS000005,Hitesh,Baral,1954-08-18,Other,Hyderabad,Telangana,India,2025-04-25,Active
CUS008059,INS000002,Ishanvi,Sama,1973-12-12,Female,Chandigarh,Chandigarh,India,2022-10-06,Inactive
CUS008060,INS000001,Ekiya,Batra,1953-02-13,Other,Surat,Gujarat,India,2023-05-29,Active
CUS008061,INS000002,Oscar,Parekh,1982-01-19,Other,Bhubaneswar,Odisha,India,2020-12-29,Active
CUS008062,INS000004,Alexander,Konda,1957-04-04,Female,Kolkata,West Bengal,India,2020-11-22,Active
CUS008063,INS000003,Neelima,Ahluwalia,1961-01-08,Female,Pune,Maharashtra,India,2023-03-02,Active
CUS008064,INS000002,Diya,Zachariah,1984-03-10,Male,Chandigarh,Chandigarh,India,2019-01-30,Active
CUS008065,INS000001,Advik,Sachdev,1978-11-22,Male,Jaipur,Rajasthan,India,2026-04-27,Active
CUS008066,INS000004,Lopa,Uppal,1982-09-11,Female,Chennai,Tamil Nadu,India,2018-10-16,Active
CUS008067,INS000005,Simon,Kulkarni,1995-05-04,Female,Patna,Bihar,India,2020-12-21,Active
CUS008068,INS000004,Tara,Kibe,1978-10-14,Female,Pune,Maharashtra,India,2024-12-20,Active
CUS008069,INS000003,Thomas,Atwal,1986-03-24,Female,Indore,Madhya Pradesh,India,2020-06-20,Active
CUS008070,INS000004,Dominic,Doshi,1984-06-15,Male,Chennai,Tamil Nadu,India,2023-06-25,Active
CUS008071,INS000005,Arya,Dada,1972-09-25,Female,Indore,Madhya Pradesh,India,2019-06-22,Active
CUS008072,INS000001,Jyoti,Chakrabarti,1961-11-01,Male,Chennai,Tamil Nadu,India,2026-03-28,Active
CUS008073,INS000002,Caleb,Rajagopalan,1955-05-30,Male,Kolkata,West Bengal,India,2019-05-06,Active
CUS008074,INS000003,Ekalinga,Ramaswamy,1958-10-02,Female,Mysuru,Karnataka,India,2022-05-31,Active
CUS008075,INS000005,Tejas,Sawhney,1973-04-10,Male,Mumbai,Maharashtra,India,2023-12-11,Active
CUS008076,INS000003,Nirja,Kannan,1969-05-01,Female,Pune,Maharashtra,India,2022-01-09,Active
CUS008077,INS000004,Charvi,Deshpande,1982-08-06,Female,Hyderabad,Telangana,India,2026-01-03,Active
CUS008078,INS000003,Xalak,Ahuja,1997-09-12,Male,Kolkata,West Bengal,India,2024-03-28,Active
CUS008079,INS000005,Harsh,Manda,2000-05-09,Female,Nagpur,Maharashtra,India,2024-04-17,Active
CUS008080,INS000002,Onveer,Natt,1968-02-28,Female,Ahmedabad,Gujarat,India,2025-03-20,Active
CUS008081,INS000002,Zayan,Shan,1959-08-10,Male,Bhubaneswar,Odisha,India,2019-11-27,Active
CUS008082,INS000003,Girish,Natt,1958-12-30,Male,Chandigarh,Chandigarh,India,2026-02-28,Active
CUS008083,INS000001,Ekta,Seshadri,1996-12-15,Female,Thane,Maharashtra,India,2019-03-27,Active
CUS008084,INS000003,Lipika,Naik,1965-08-26,Male,Pune,Maharashtra,India,2019-12-11,Active
CUS008085,INS000004,Kiaan,Grewal,1982-10-23,Female,Indore,Madhya Pradesh,India,2024-12-01,Active
CUS008086,INS000002,Gaurangi,Chahal,1965-02-28,Male,Surat,Gujarat,India,2021-02-07,Active
CUS008087,INS000002,Parth,Garg,1982-03-02,Female,Jaipur,Rajasthan,India,2024-01-01,Active
CUS008088,INS000002,Eesha,Sampath,1973-05-22,Female,Patna,Bihar,India,2022-09-07,Active
CUS008089,INS000001,Vasatika,Muni,1992-08-08,Male,Pune,Maharashtra,India,2018-10-26,Active
CUS008090,INS000001,Ekansh,Ganesh,1964-10-08,Female,Kochi,Kerala,India,2019-07-25,Active
CUS008091,INS000005,Gautami,Rana,1977-05-14,Female,Jaipur,Rajasthan,India,2018-12-25,Active
CUS008092,INS000003,Andrew,Batra,1977-05-25,Female,Chandigarh,Chandigarh,India,2019-11-12,Active
CUS008093,INS000003,Saumya,Kashyap,1968-01-05,Female,Chennai,Tamil Nadu,India,2020-11-20,Active
CUS008094,INS000004,Lavanya,Khosla,1953-01-04,Female,Hyderabad,Telangana,India,2026-08-01,Active
CUS008095,INS000002,Yasti,Saini,2005-04-18,Female,Kolkata,West Bengal,India,2021-07-31,Active
CUS008096,INS000001,Viraj,Gola,1999-03-08,Female,Lucknow,Uttar Pradesh,India,2025-11-01,Active
CUS008097,INS000004,Yahvi,Anand,2001-02-23,Female,Kochi,Kerala,India,2019-02-15,Active
CUS008098,INS000004,Agastya,Dhaliwal,2003-07-31,Male,Bengaluru,Karnataka,India,2023-11-30,Active
CUS008099,INS000001,Viraj,Shankar,1952-06-06,Other,Chennai,Tamil Nadu,India,2019-08-11,Active
CUS008100,INS000003,Ansh,Pingle,1959-06-12,Male,Patna,Bihar,India,2019-10-24,Inactive
CUS008101,INS000002,Jeet,Pandya,1989-12-26,Male,Bengaluru,Karnataka,India,2021-11-04,Active
CUS008102,INS000003,Dayamai,Verma,1987-03-21,Male,Ahmedabad,Gujarat,India,2020-08-14,Active
CUS008103,INS000004,Warjas,Grover,1997-09-15,Male,Surat,Gujarat,India,2020-05-08,Active
CUS008104,INS000002,Priya,Brahmbhatt,2003-12-20,Male,Bhopal,Madhya Pradesh,India,2021-12-02,Active
CUS008105,INS000005,Yagnesh,Kumer,1996-04-21,Male,Thane,Maharashtra,India,2019-10-29,Inactive
CUS008106,INS000004,Fariq,Shere,1985-08-25,Male,Mumbai,Maharashtra,India,2023-06-24,Active
CUS008107,INS000003,Darpan,Sheth,1965-01-06,Female,Hyderabad,Telangana,India,2019-11-07,Active
CUS008108,INS000003,Laksh,Bakshi,1983-11-17,Male,Lucknow,Uttar Pradesh,India,2026-07-13,Inactive
CUS008109,INS000003,Kavya,Date,1950-12-21,Male,Bhubaneswar,Odisha,India,2018-11-27,Active
CUS008110,INS000001,Wishi,Agarwal,1955-07-19,Male,Chennai,Tamil Nadu,India,2021-12-13,Active
CUS008111,INS000004,Chaman,Saxena,1965-11-23,Male,Delhi,Delhi,India,2021-05-27,Active
CUS008112,INS000002,Saksham,Contractor,2004-07-31,Male,Pune,Maharashtra,India,2021-07-15,Active
CUS008113,INS000003,Max,Chand,1996-04-20,Female,Chandigarh,Chandigarh,India,2021-12-01,Inactive
CUS008114,INS000003,Keya,Padmanabhan,2001-04-04,Other,Pune,Maharashtra,India,2023-09-29,Active
CUS008115,INS000001,Samarth,Edwin,1983-07-16,Female,Delhi,Delhi,India,2023-09-13,Active
CUS008116,INS000002,Baljiwan,Kara,1993-10-10,Female,Chandigarh,Chandigarh,India,2024-11-10,Inactive
CUS008117,INS000004,Wazir,Ahuja,1998-10-15,Male,Bhopal,Madhya Pradesh,India,2019-01-12,Active
CUS008118,INS000005,Sachi,Golla,1997-11-05,Male,Surat,Gujarat,India,2020-02-13,Active
CUS008119,INS000001,Falguni,Gulati,1997-03-31,Male,Bengaluru,Karnataka,India,2026-05-15,Active
CUS008120,INS000004,Krish,Sankar,1986-04-23,Female,Thane,Maharashtra,India,2022-02-13,Active
CUS008121,INS000005,Arunima,Ganguly,1993-02-25,Male,Ahmedabad,Gujarat,India,2019-02-20,Inactive
CUS008122,INS000003,Eesha,Chaudhary,1999-09-23,Female,Chandigarh,Chandigarh,India,2019-01-04,Active
CUS008123,INS000003,Balveer,Garg,1972-07-18,Male,Pune,Maharashtra,India,2025-11-06,Active
CUS008124,INS000002,Oeshi,Bir,1988-10-02,Male,Bhubaneswar,Odisha,India,2026-05-27,Active
CUS008125,INS000005,Bhavya,Pandit,1985-05-11,Other,Bhopal,Madhya Pradesh,India,2025-12-20,Active
CUS008126,INS000003,Arjun,Vohra,2002-02-16,Female,Jaipur,Rajasthan,India,2026-05-17,Active
CUS008127,INS000003,Veer,Dash,1992-09-22,Female,Chandigarh,Chandigarh,India,2025-08-20,Active
CUS008128,INS000002,Garima,Vig,1974-05-03,Female,Ahmedabad,Gujarat,India,2022-06-21,Active
CUS008129,INS000004,Hema,Suresh,1982-08-18,Female,Nagpur,Maharashtra,India,2026-05-15,Active
CUS008130,INS000003,Xavier,Agrawal,1995-09-03,Female,Patna,Bihar,India,2020-06-20,Active
CUS008131,INS000001,Samesh,Pau,1967-05-23,Female,Indore,Madhya Pradesh,India,2022-08-30,Active
CUS008132,INS000001,Chatura,Chandra,2006-10-17,Male,Surat,Gujarat,India,2022-10-30,Active
CUS008133,INS000004,Yuvraj,Saraf,1963-05-22,Female,Jaipur,Rajasthan,India,2024-05-30,Active
CUS008134,INS000005,Tristan,Cherian,1955-02-25,Female,Delhi,Delhi,India,2026-06-20,Active
CUS008135,INS000002,Lakshmi,Choudhury,1956-01-04,Male,Bengaluru,Karnataka,India,2024-10-20,Inactive
CUS008136,INS000001,Ekanta,Thakur,1994-06-05,Female,Chandigarh,Chandigarh,India,2022-03-23,Active
CUS008137,INS000001,Qadim,Sarkar,1980-07-05,Other,Delhi,Delhi,India,2020-08-21,Active
CUS008138,INS000004,Riya,Kakar,1957-01-11,Female,Indore,Madhya Pradesh,India,2020-03-31,Active
CUS008139,INS000005,Abeer,Wason,2000-05-10,Male,Lucknow,Uttar Pradesh,India,2019-05-06,Inactive
CUS008140,INS000005,Dhruv,Prabhu,2000-03-08,Male,Mysuru,Karnataka,India,2019-06-04,Active
CUS008141,INS000004,Vyanjana,Natarajan,1987-05-06,Female,Kolkata,West Bengal,India,2023-10-11,Active
CUS008142,INS000001,Ekaraj,Bumb,1968-09-12,Female,Indore,Madhya Pradesh,India,2019-03-05,Active
CUS008143,INS000002,Reyansh,Munshi,2005-08-18,Male,Thane,Maharashtra,India,2024-01-05,Active
CUS008144,INS000001,Charles,Sheth,1970-06-05,Female,Patna,Bihar,India,2025-08-09,Active
CUS008145,INS000005,Lohit,Singhal,1955-08-02,Male,Mumbai,Maharashtra,India,2023-01-19,Active
CUS008146,INS000001,Samarth,Ganesh,1991-06-05,Female,Bhopal,Madhya Pradesh,India,2025-06-06,Active
CUS008147,INS000002,Jeremiah,Chandra,1959-09-06,Male,Chandigarh,Chandigarh,India,2024-03-04,Active
CUS008148,INS000003,Gavin,Raj,1987-07-02,Male,Mysuru,Karnataka,India,2021-10-29,Active
CUS008149,INS000001,Oscar,Varughese,1976-05-28,Female,Ahmedabad,Gujarat,India,2019-06-16,Active
CUS008150,INS000004,Samarth,Basu,1984-08-29,Male,Nagpur,Maharashtra,India,2019-02-06,Active
CUS008151,INS000003,Warinder,Bedi,1950-09-24,Male,Hyderabad,Telangana,India,2024-05-10,Active
CUS008152,INS000004,Yashica,Nori,1968-09-07,Male,Delhi,Delhi,India,2025-05-03,Active
CUS008153,INS000004,Farhan,Khalsa,1952-11-01,Male,Thane,Maharashtra,India,2022-12-21,Inactive
CUS008154,INS000004,Pooja,Srinivas,1971-07-20,Male,Indore,Madhya Pradesh,India,2022-08-11,Active
CUS008155,INS000001,Unni,Warrior,1950-09-05,Other,Mysuru,Karnataka,India,2022-07-03,Active
CUS008156,INS000005,Deepa,Kalita,1993-10-20,Female,Hyderabad,Telangana,India,2021-03-26,Active
CUS008157,INS000003,Nitesh,Bhavsar,1996-07-23,Female,Jaipur,Rajasthan,India,2024-12-22,Active
CUS008158,INS000002,Rudra,Prashad,1997-05-22,Female,Hyderabad,Telangana,India,2024-09-09,Active
CUS008159,INS000005,Yash,Dubey,2002-12-17,Male,Bhubaneswar,Odisha,India,2021-06-23,Active
CUS008160,INS000001,Panini,Trivedi,1976-11-20,Male,Indore,Madhya Pradesh,India,2023-04-26,Active
CUS008161,INS000004,Patrick,Srinivasan,1967-10-06,Male,Patna,Bihar,India,2019-07-23,Active
CUS008162,INS000002,Yuvraj,Gera,1998-01-07,Female,Surat,Gujarat,India,2023-08-24,Active
CUS008163,INS000003,Chavvi,Upadhyay,1977-03-18,Female,Mumbai,Maharashtra,India,2022-01-13,Active
CUS008164,INS000005,Bhavika,Majumdar,1962-12-08,Male,Chennai,Tamil Nadu,India,2020-06-27,Active
CUS008165,INS000005,Saumya,Narula,1951-11-12,Male,Thane,Maharashtra,India,2020-03-30,Active
CUS008166,INS000002,Saksham,Mukhopadhyay,1956-08-31,Female,Indore,Madhya Pradesh,India,2022-09-30,Active
CUS008167,INS000001,Anita,Bera,1997-07-17,Female,Thane,Maharashtra,India,2019-01-21,Active
CUS008168,INS000003,Vasana,Char,1971-02-11,Female,Pune,Maharashtra,India,2023-10-14,Active
CUS008169,INS000002,Fariq,Varkey,2003-05-29,Male,Jaipur,Rajasthan,India,2019-02-21,Active
CUS008170,INS000004,Jagvi,Devi,1966-05-13,Female,Chennai,Tamil Nadu,India,2021-07-06,Active
CUS008171,INS000003,Mitali,Ganguly,1978-01-30,Male,Bhubaneswar,Odisha,India,2019-03-26,Active
CUS008172,INS000005,Krishna,Sood,2005-06-28,Female,Patna,Bihar,India,2025-06-19,Active
CUS008173,INS000002,Oliver,Gaba,1959-06-11,Female,Chandigarh,Chandigarh,India,2026-06-30,Active
CUS008174,INS000005,Urishilla,Agarwal,1969-08-19,Female,Lucknow,Uttar Pradesh,India,2025-08-15,Active
CUS008175,INS000005,Ridhi,Bhagat,2007-04-02,Male,Bhopal,Madhya Pradesh,India,2024-09-10,Active
CUS008176,INS000005,Pahal,Goel,1985-05-19,Male,Patna,Bihar,India,2018-09-04,Active
CUS008177,INS000001,Yashasvi,Kala,1996-06-15,Male,Patna,Bihar,India,2018-12-28,Active
CUS008178,INS000005,Rachita,Menon,1976-12-28,Male,Ahmedabad,Gujarat,India,2018-10-01,Active
CUS008179,INS000004,Nachiket,Yadav,1966-02-16,Female,Bengaluru,Karnataka,India,2025-10-30,Active
CUS008180,INS000004,Vasatika,Datta,1963-07-04,Female,Delhi,Delhi,India,2024-04-03,Active
CUS008181,INS000003,Anmol,Karnik,2000-05-10,Male,Nagpur,Maharashtra,India,2019-02-28,Active
CUS008182,INS000005,Lakshmi,Deshmukh,2004-12-19,Male,Surat,Gujarat,India,2023-03-04,Active
CUS008183,INS000005,Prisha,Dugal,1966-01-01,Male,Nagpur,Maharashtra,India,2020-12-06,Active
CUS008184,INS000002,Fiyaz,Bhargava,1986-06-17,Female,Thane,Maharashtra,India,2022-01-27,Active
CUS008185,INS000001,Charita,Krishnan,1984-04-11,Other,Indore,Madhya Pradesh,India,2021-03-24,Active
CUS008186,INS000003,Michael,Chakrabarti,2004-01-10,Male,Delhi,Delhi,India,2022-01-25,Active
CUS008187,INS000005,Parth,Mall,1981-01-24,Male,Ahmedabad,Gujarat,India,2021-04-25,Active
CUS008188,INS000002,Aarini,Mallick,1950-10-25,Female,Mumbai,Maharashtra,India,2023-05-02,Active
CUS008189,INS000001,Lajita,Sur,2005-04-09,Female,Surat,Gujarat,India,2025-01-29,Active
CUS008190,INS000003,Ubika,Mallick,1964-12-03,Male,Jaipur,Rajasthan,India,2020-02-24,Active
CUS008191,INS000003,Damini,Kakar,1956-10-12,Female,Pune,Maharashtra,India,2022-02-25,Active
CUS008192,INS000005,Sudiksha,Deep,1963-11-14,Other,Lucknow,Uttar Pradesh,India,2018-08-20,Inactive
CUS008193,INS000003,Bhanumati,Vohra,1993-12-22,Female,Chandigarh,Chandigarh,India,2022-12-08,Active
CUS008194,INS000002,Keya,Choudhary,2008-07-15,Female,Indore,Madhya Pradesh,India,2021-12-08,Active
CUS008195,INS000003,Vasana,Bhatti,1967-05-11,Male,Pune,Maharashtra,India,2026-02-06,Active
CUS008196,INS000004,Ekbal,Sama,1961-05-18,Female,Kolkata,West Bengal,India,2019-02-08,Active
CUS008197,INS000002,Gauri,Parsa,1987-02-23,Male,Patna,Bihar,India,2026-06-19,Active
CUS008198,INS000001,Laban,Hayre,2006-06-26,Male,Bhubaneswar,Odisha,India,2021-12-26,Active
CUS008199,INS000001,Upasna,Anne,1954-09-16,Male,Delhi,Delhi,India,2020-03-29,Active
CUS008200,INS000005,Rohan,Date,1998-12-10,Male,Kochi,Kerala,India,2019-04-05,Inactive
CUS008201,INS000005,Mohammed,Arya,1951-08-01,Male,Thane,Maharashtra,India,2019-09-26,Active
CUS008202,INS000004,Ranveer,Datta,1960-05-02,Female,Ahmedabad,Gujarat,India,2025-06-26,Active
CUS008203,INS000001,Aayush,Banik,1994-08-18,Female,Bengaluru,Karnataka,India,2023-09-01,Active
CUS008204,INS000001,Agastya,Johal,1976-10-02,Female,Kochi,Kerala,India,2019-12-27,Active
CUS008205,INS000001,Xiti,Bedi,1964-02-27,Male,Hyderabad,Telangana,India,2022-05-14,Active
CUS008206,INS000001,Kavya,Malhotra,1954-05-23,Male,Jaipur,Rajasthan,India,2026-04-27,Active
CUS008207,INS000003,Vyanjana,Dixit,1988-01-24,Female,Patna,Bihar,India,2020-02-26,Active
CUS008208,INS000002,Nidhi,Kanda,1953-03-28,Male,Delhi,Delhi,India,2026-06-26,Inactive
CUS008209,INS000002,Ojasvi,Deep,1978-12-16,Other,Ahmedabad,Gujarat,India,2021-12-27,Active
CUS008210,INS000004,Megha,De,2005-08-01,Male,Delhi,Delhi,India,2025-10-23,Active
CUS008211,INS000003,Kashvi,Sarna,1964-08-08,Female,Patna,Bihar,India,2019-06-27,Active
CUS008212,INS000001,Leena,Tank,1990-05-11,Male,Pune,Maharashtra,India,2025-07-17,Active
CUS008213,INS000001,Vrishti,Parmer,1952-09-13,Female,Chandigarh,Chandigarh,India,2020-10-19,Active
CUS008214,INS000005,Darika,Datta,1952-02-25,Female,Kolkata,West Bengal,India,2018-08-20,Active
CUS008215,INS000005,Ekavir,Chauhan,1981-07-24,Female,Lucknow,Uttar Pradesh,India,2019-05-06,Active
CUS008216,INS000004,Nilima,Kohli,1974-02-25,Other,Chennai,Tamil Nadu,India,2019-10-07,Active
CUS008217,INS000001,Balvan,Pradhan,1969-11-15,Male,Bengaluru,Karnataka,India,2024-01-31,Active
CUS008218,INS000004,Jeet,Hari,1974-03-17,Female,Bengaluru,Karnataka,India,2024-07-31,Active
CUS008219,INS000003,Lekha,Barman,1956-02-02,Male,Hyderabad,Telangana,India,2025-08-31,Active
CUS008220,INS000002,Nicholas,De,1969-04-14,Female,Jaipur,Rajasthan,India,2025-10-31,Active
CUS008221,INS000001,Rishi,Thakur,1973-07-30,Male,Chandigarh,Chandigarh,India,2024-03-19,Active
CUS008222,INS000003,Rajata,Chander,1973-02-18,Female,Jaipur,Rajasthan,India,2026-06-15,Active
CUS008223,INS000001,Aadhya,Sahni,1967-05-05,Female,Ahmedabad,Gujarat,India,2026-08-02,Active
CUS008224,INS000005,Ijaya,Nayak,1954-03-01,Male,Nagpur,Maharashtra,India,2019-08-19,Active
CUS008225,INS000004,Yashodhara,Batta,1976-03-02,Male,Chennai,Tamil Nadu,India,2021-09-13,Active
CUS008226,INS000005,Vrinda,Ray,2005-09-26,Male,Bhubaneswar,Odisha,India,2019-11-25,Active
CUS008227,INS000002,Jyoti,Kulkarni,1973-10-20,Female,Mumbai,Maharashtra,India,2020-06-21,Active
CUS008228,INS000005,Dalbir,Randhawa,1985-05-15,Male,Delhi,Delhi,India,2019-09-03,Active
CUS008229,INS000001,Lekha,Hegde,2001-06-16,Female,Kolkata,West Bengal,India,2026-06-26,Active
CUS008230,INS000005,Panini,Agate,1972-07-23,Female,Patna,Bihar,India,2026-07-15,Active
CUS008231,INS000001,Yatin,Bhandari,1987-06-19,Female,Chandigarh,Chandigarh,India,2020-06-16,Active
CUS008232,INS000002,Xavier,Padmanabhan,1984-06-19,Female,Surat,Gujarat,India,2019-09-25,Active
CUS008233,INS000005,Vanya,Kashyap,1980-09-10,Male,Kolkata,West Bengal,India,2019-06-01,Active
CUS008234,INS000004,Bakhshi,Sarraf,1966-05-10,Female,Jaipur,Rajasthan,India,2024-04-28,Active
CUS008235,INS000004,Janaki,Shan,1965-03-27,Female,Kolkata,West Bengal,India,2025-02-25,Active
CUS008236,INS000004,Ayaan,Sharaf,1954-08-15,Other,Pune,Maharashtra,India,2022-02-05,Active
CUS008237,INS000005,Manbir,Parekh,1951-04-21,Female,Thane,Maharashtra,India,2018-11-06,Active
CUS008238,INS000005,Advika,Rao,1988-04-12,Female,Bhopal,Madhya Pradesh,India,2024-03-28,Active
CUS008239,INS000005,Tamanna,Char,1974-02-09,Male,Bhubaneswar,Odisha,India,2022-08-09,Active
CUS008240,INS000001,Manan,Yogi,1956-10-11,Female,Jaipur,Rajasthan,India,2026-08-06,Inactive
CUS008241,INS000002,Aachal,Kapur,2007-12-02,Female,Indore,Madhya Pradesh,India,2026-07-23,Active
CUS008242,INS000004,Yug,Deo,2004-01-15,Female,Chandigarh,Chandigarh,India,2019-06-24,Active
CUS008243,INS000001,Neel,Bobal,1977-01-18,Female,Chandigarh,Chandigarh,India,2023-01-03,Active
CUS008244,INS000004,Advik,Bajaj,1977-10-10,Male,Surat,Gujarat,India,2020-03-20,Active
CUS008245,INS000001,Jackson,Edwin,1994-04-21,Other,Lucknow,Uttar Pradesh,India,2023-04-22,Active
CUS008246,INS000005,George,Chakraborty,1976-05-20,Other,Chennai,Tamil Nadu,India,2024-02-07,Active
CUS008247,INS000004,Leena,Sagar,2005-09-07,Male,Bhubaneswar,Odisha,India,2022-12-12,Active
CUS008248,INS000005,Mitali,Borah,1994-12-26,Female,Bengaluru,Karnataka,India,2020-02-20,Active
CUS008249,INS000004,Faris,Singh,1963-06-22,Male,Jaipur,Rajasthan,India,2023-04-27,Active
CUS008250,INS000003,Zarna,Misra,1978-06-20,Female,Surat,Gujarat,India,2020-02-19,Active
CUS008251,INS000001,Ranbir,Radhakrishnan,1983-11-25,Male,Kochi,Kerala,India,2021-05-24,Active
CUS008252,INS000003,Pallavi,Baria,1968-07-30,Other,Jaipur,Rajasthan,India,2022-08-21,Active
CUS008253,INS000001,Noah,Dutt,1962-01-16,Male,Kolkata,West Bengal,India,2023-12-28,Active
CUS008254,INS000002,Prisha,Wali,1962-04-26,Female,Bhopal,Madhya Pradesh,India,2020-08-06,Active
CUS008255,INS000004,Zayyan,Kamdar,2008-01-14,Male,Mumbai,Maharashtra,India,2025-11-13,Active
CUS008256,INS000002,Chasmum,Dar,1952-09-29,Male,Surat,Gujarat,India,2024-06-20,Active
CUS008257,INS000002,Xiti,Balakrishnan,1981-03-19,Female,Bengaluru,Karnataka,India,2022-03-05,Active
CUS008258,INS000001,Lavanya,Lall,1957-01-07,Male,Delhi,Delhi,India,2025-12-12,Active
CUS008259,INS000003,Darika,Kota,2001-12-06,Female,Surat,Gujarat,India,2025-06-29,Active
CUS008260,INS000005,Nisha,Majumdar,1976-04-04,Other,Mysuru,Karnataka,India,2022-11-02,Active
CUS008261,INS000001,Gaurav,Bhavsar,1983-11-17,Female,Lucknow,Uttar Pradesh,India,2019-09-25,Active
CUS008262,INS000005,Ikbal,Ram,1994-08-14,Female,Ahmedabad,Gujarat,India,2021-04-01,Active
CUS008263,INS000002,Hemangini,Ramanathan,1998-11-13,Male,Chennai,Tamil Nadu,India,2023-07-23,Active
CUS008264,INS000005,Luke,Gaba,2008-03-06,Male,Mysuru,Karnataka,India,2019-08-06,Active
CUS008265,INS000003,Amruta,Dora,1966-09-23,Female,Mysuru,Karnataka,India,2022-10-07,Active
CUS008266,INS000001,Shaurya,Bumb,1951-12-21,Male,Bhopal,Madhya Pradesh,India,2022-11-14,Active
CUS008267,INS000003,Mitali,Jain,2004-01-27,Female,Jaipur,Rajasthan,India,2024-05-22,Active
CUS008268,INS000003,Darika,Dani,1966-02-23,Male,Hyderabad,Telangana,India,2020-04-22,Active
CUS008269,INS000001,Abeer,Saini,1967-08-21,Female,Bengaluru,Karnataka,India,2019-07-25,Active
CUS008270,INS000003,Om,Sur,2005-05-26,Male,Indore,Madhya Pradesh,India,2022-07-14,Active
CUS008271,INS000004,Vyanjana,Atwal,1997-08-04,Female,Mysuru,Karnataka,India,2020-03-07,Active
CUS008272,INS000004,Aarav,Thaker,1969-12-25,Male,Chennai,Tamil Nadu,India,2019-08-23,Active
CUS008273,INS000004,Gunbir,Bhalla,1984-12-06,Male,Thane,Maharashtra,India,2022-10-01,Active
CUS008274,INS000005,Ekaraj,Peri,1976-07-27,Female,Chennai,Tamil Nadu,India,2023-09-30,Active
CUS008275,INS000003,Omisha,Ravi,1963-10-17,Male,Hyderabad,Telangana,India,2020-05-26,Inactive
CUS008276,INS000001,Omaja,Pillay,1964-02-18,Female,Bhopal,Madhya Pradesh,India,2020-01-24,Inactive
CUS008277,INS000001,Bhavya,Sahni,1988-12-30,Female,Bhubaneswar,Odisha,India,2024-03-13,Active
CUS008278,INS000005,Raagini,Ramaswamy,1968-03-05,Male,Chandigarh,Chandigarh,India,2022-04-05,Active
CUS008279,INS000001,Onkar,Sharma,1983-05-08,Female,Kochi,Kerala,India,2021-01-18,Active
CUS008280,INS000004,Patrick,Baria,1974-03-20,Male,Mysuru,Karnataka,India,2024-10-23,Active
CUS008281,INS000003,Kavya,Rajagopal,1991-04-12,Female,Hyderabad,Telangana,India,2025-08-27,Active
CUS008282,INS000001,Quincy,Kaur,1970-06-18,Female,Bengaluru,Karnataka,India,2022-05-18,Active
CUS008283,INS000001,Krish,Ramesh,2005-02-16,Female,Bhubaneswar,Odisha,India,2021-07-31,Active
CUS008284,INS000002,Rudra,Dua,1963-11-15,Male,Hyderabad,Telangana,India,2021-02-24,Active
CUS008285,INS000002,Vidhi,Chad,2007-10-08,Male,Ahmedabad,Gujarat,India,2025-01-17,Active
CUS008286,INS000002,Qabil,Vala,1978-06-11,Female,Jaipur,Rajasthan,India,2018-10-25,Active
CUS008287,INS000003,Yadavi,Ramesh,1990-01-09,Male,Lucknow,Uttar Pradesh,India,2026-01-05,Active
CUS008288,INS000004,Imaran,Pathak,1998-01-28,Male,Lucknow,Uttar Pradesh,India,2024-02-11,Active
CUS008289,INS000004,Shravya,Pathak,1992-10-05,Female,Indore,Madhya Pradesh,India,2022-06-28,Active
CUS008290,INS000004,Simon,Bhasin,1971-06-29,Female,Chandigarh,Chandigarh,India,2021-06-01,Active
CUS008291,INS000003,Quincy,Mitter,2003-03-15,Male,Lucknow,Uttar Pradesh,India,2020-01-24,Active
CUS008292,INS000003,Sai,Mangat,2001-06-08,Male,Bengaluru,Karnataka,India,2026-06-11,Active
CUS008293,INS000002,Daniel,Kumar,1994-07-07,Male,Jaipur,Rajasthan,India,2025-12-20,Active
CUS008294,INS000001,Qadim,Mital,1968-08-24,Male,Nagpur,Maharashtra,India,2021-12-20,Inactive
CUS008295,INS000005,Rehaan,Bansal,1990-11-23,Male,Thane,Maharashtra,India,2025-04-10,Active
CUS008296,INS000005,Aashi,Sastry,1984-07-27,Male,Mumbai,Maharashtra,India,2018-12-04,Active
CUS008297,INS000001,Nilima,Sankar,1961-01-17,Other,Kolkata,West Bengal,India,2022-06-01,Active
CUS008298,INS000002,Ridhi,Raman,1986-12-09,Female,Bengaluru,Karnataka,India,2024-12-21,Inactive
CUS008299,INS000001,Ikbal,Hegde,2007-06-10,Male,Jaipur,Rajasthan,India,2019-11-13,Active
CUS008300,INS000001,Ojas,Mohan,1963-01-14,Male,Pune,Maharashtra,India,2023-09-23,Active
CUS008301,INS000005,Fariq,Gulati,1972-12-25,Female,Mysuru,Karnataka,India,2023-04-10,Active
CUS008302,INS000002,Chaaya,Kar,1957-01-28,Male,Bengaluru,Karnataka,India,2026-03-12,Active
CUS008303,INS000003,Frederick,Saha,1993-07-03,Female,Patna,Bihar,India,2020-10-26,Active
CUS008304,INS000005,Krishna,Padmanabhan,1978-04-21,Female,Bengaluru,Karnataka,India,2019-06-11,Active
CUS008305,INS000003,Jeet,Anand,1998-10-29,Female,Patna,Bihar,India,2024-02-14,Active
CUS008306,INS000002,Aradhana,Mittal,1964-04-02,Male,Indore,Madhya Pradesh,India,2025-07-09,Active
CUS008307,INS000001,Devansh,Puri,2008-04-12,Female,Bhopal,Madhya Pradesh,India,2022-05-18,Active
CUS008308,INS000004,Hema,Ganesh,1963-02-26,Female,Pune,Maharashtra,India,2023-01-04,Active
CUS008309,INS000004,Ayushman,Setty,1983-07-17,Female,Bhopal,Madhya Pradesh,India,2022-09-18,Active
CUS008310,INS000002,Wahab,Gupta,1968-03-14,Female,Surat,Gujarat,India,2021-12-19,Active
CUS008311,INS000004,Vanya,Dayal,1975-05-27,Male,Thane,Maharashtra,India,2024-08-10,Active
CUS008312,INS000003,Vedhika,Ganguly,2003-07-23,Male,Kochi,Kerala,India,2024-07-08,Active
CUS008313,INS000004,Harrison,Rajan,1966-06-09,Female,Bhubaneswar,Odisha,India,2024-02-09,Active
CUS008314,INS000002,Aditya,Desai,1979-05-01,Female,Jaipur,Rajasthan,India,2025-12-03,Active
CUS008315,INS000002,Darsh,Saraf,1992-07-09,Female,Mumbai,Maharashtra,India,2018-08-09,Active
CUS008316,INS000003,Amaira,Dalal,2004-06-27,Female,Hyderabad,Telangana,India,2025-04-08,Active
CUS008317,INS000004,Abhimanyu,Chakrabarti,1961-12-21,Male,Hyderabad,Telangana,India,2026-03-20,Active
CUS008318,INS000004,Benjamin,Merchant,1993-11-19,Male,Kolkata,West Bengal,India,2024-08-10,Active
CUS008319,INS000001,Gunbir,Din,1983-02-02,Female,Ahmedabad,Gujarat,India,2021-01-11,Inactive
CUS008320,INS000005,Siddharth,Kumer,1970-11-04,Male,Bengaluru,Karnataka,India,2022-08-02,Active
CUS008321,INS000002,Abhimanyu,Kalita,1981-02-10,Female,Nagpur,Maharashtra,India,2020-11-08,Active
CUS008322,INS000001,Keya,Roy,2000-05-09,Male,Bengaluru,Karnataka,India,2022-07-28,Inactive
CUS008323,INS000002,Zinal,Devan,2006-11-06,Female,Chandigarh,Chandigarh,India,2021-07-23,Active
CUS008324,INS000001,Amaira,Oza,1964-09-23,Female,Jaipur,Rajasthan,India,2022-04-30,Active
CUS008325,INS000005,Vedika,Nagi,1986-08-30,Male,Chennai,Tamil Nadu,India,2022-03-28,Active
CUS008326,INS000001,Urvashi,Lata,2000-10-25,Male,Kolkata,West Bengal,India,2019-12-06,Active
CUS008327,INS000002,Geetika,Dora,1988-10-24,Female,Nagpur,Maharashtra,India,2021-10-09,Active
CUS008328,INS000004,Pushti,Chaudhuri,1973-02-08,Other,Chandigarh,Chandigarh,India,2025-11-15,Active
CUS008329,INS000002,Gayathri,Varma,1976-11-20,Female,Delhi,Delhi,India,2023-03-16,Active
CUS008330,INS000003,Kamala,Varghese,1955-12-19,Male,Lucknow,Uttar Pradesh,India,2021-05-12,Active
CUS008331,INS000003,Hemal,Baral,1991-04-11,Male,Kochi,Kerala,India,2022-03-17,Active
CUS008332,INS000003,Divya,Walla,2008-01-31,Male,Patna,Bihar,India,2020-08-24,Active
CUS008333,INS000003,Wriddhish,Tailor,2006-03-22,Male,Chandigarh,Chandigarh,India,2020-10-16,Active
CUS008334,INS000005,Jalsa,Chaudhari,1966-06-18,Female,Mumbai,Maharashtra,India,2026-03-13,Active
CUS008335,INS000004,Mohini,Reddy,1962-03-31,Female,Mumbai,Maharashtra,India,2024-05-22,Active
CUS008336,INS000004,Kritika,Divan,1957-10-24,Male,Delhi,Delhi,India,2019-07-25,Active
CUS008337,INS000002,Dakshesh,Khatri,1994-12-23,Male,Chandigarh,Chandigarh,India,2025-12-09,Active
CUS008338,INS000001,Ishani,Mukhopadhyay,2003-10-24,Male,Mysuru,Karnataka,India,2021-08-15,Active
CUS008339,INS000002,Ganga,Chad,1973-04-02,Female,Bengaluru,Karnataka,India,2023-05-02,Active
CUS008340,INS000002,Harish,Rai,2004-12-17,Female,Kolkata,West Bengal,India,2026-02-01,Active
CUS008341,INS000002,Aarush,Lall,1975-07-26,Female,Surat,Gujarat,India,2020-12-02,Active
CUS008342,INS000002,Tanmayi,Kannan,1971-10-15,Male,Mysuru,Karnataka,India,2025-09-13,Active
CUS008343,INS000004,Neelima,Iyer,1983-01-13,Female,Nagpur,Maharashtra,India,2025-10-10,Active
CUS008344,INS000001,Liam,Nigam,1956-06-22,Male,Nagpur,Maharashtra,India,2021-12-06,Active
CUS008345,INS000002,Atharv,Khatri,2001-03-21,Male,Hyderabad,Telangana,India,2019-11-24,Active
CUS008346,INS000004,Jason,Desai,1998-06-09,Female,Indore,Madhya Pradesh,India,2025-08-08,Active
CUS008347,INS000002,Ati,Manda,1977-06-05,Female,Mumbai,Maharashtra,India,2019-01-30,Active
CUS008348,INS000003,Yuvraj,Sharma,1957-11-13,Male,Ahmedabad,Gujarat,India,2019-05-16,Active
CUS008349,INS000002,Jyoti,Grover,2001-09-09,Male,Bhubaneswar,Odisha,India,2019-10-02,Inactive
CUS008350,INS000002,Siya,Pau,1957-08-23,Male,Chandigarh,Chandigarh,India,2021-05-14,Active
CUS008351,INS000005,Vaishnavi,Bhandari,1958-07-03,Male,Lucknow,Uttar Pradesh,India,2025-01-19,Active
CUS008352,INS000003,Yutika,Patla,1952-01-08,Female,Ahmedabad,Gujarat,India,2021-08-04,Active
CUS008353,INS000001,Odika,Wali,1991-01-21,Female,Chandigarh,Chandigarh,India,2025-07-05,Active
CUS008354,INS000002,Raghav,Keer,1984-09-03,Male,Mumbai,Maharashtra,India,2024-07-22,Inactive
CUS008355,INS000001,Aarush,Kar,1986-02-12,Male,Mumbai,Maharashtra,India,2019-01-04,Active
CUS008356,INS000003,Ekanta,Korpal,2004-10-19,Male,Indore,Madhya Pradesh,India,2023-05-31,Active
CUS008357,INS000002,Anay,Lad,1972-02-13,Female,Bengaluru,Karnataka,India,2025-11-21,Inactive
CUS008358,INS000005,Jagvi,Jain,1965-11-08,Male,Ahmedabad,Gujarat,India,2022-08-31,Active
CUS008359,INS000004,Chakradev,Banerjee,1968-02-18,Female,Mumbai,Maharashtra,India,2023-03-17,Active
CUS008360,INS000005,Eshana,Khosla,1962-09-13,Male,Bhubaneswar,Odisha,India,2020-06-27,Active
CUS008361,INS000005,Sachi,Brahmbhatt,1984-12-19,Female,Indore,Madhya Pradesh,India,2026-07-25,Active
CUS008362,INS000004,Vivaan,Brar,1990-11-07,Female,Thane,Maharashtra,India,2024-04-01,Active
CUS008363,INS000004,Vedhika,Pau,1976-07-29,Female,Nagpur,Maharashtra,India,2022-05-18,Active
CUS008364,INS000004,Mugdha,Wadhwa,1956-06-29,Female,Jaipur,Rajasthan,India,2026-02-10,Active
CUS008365,INS000002,Finn,Tata,1967-10-08,Female,Hyderabad,Telangana,India,2023-11-28,Active
CUS008366,INS000001,Ijaya,Ravi,2007-04-12,Female,Lucknow,Uttar Pradesh,India,2018-11-18,Active
CUS008367,INS000001,Priya,Bala,1988-01-24,Male,Lucknow,Uttar Pradesh,India,2020-03-29,Active
CUS008368,INS000004,Vamakshi,Prakash,1971-07-08,Male,Bengaluru,Karnataka,India,2025-06-30,Active
CUS008369,INS000005,Harish,Loke,1950-11-19,Male,Pune,Maharashtra,India,2020-10-03,Active
CUS008370,INS000003,Lekha,Pingle,2001-04-16,Female,Jaipur,Rajasthan,India,2023-03-14,Active
CUS008371,INS000004,Chaaya,Sibal,1985-05-12,Female,Bhubaneswar,Odisha,India,2025-04-07,Active
CUS008372,INS000005,Robert,Ramakrishnan,1964-05-13,Male,Bengaluru,Karnataka,India,2023-01-20,Active
CUS008373,INS000005,Luke,Luthra,1988-12-18,Female,Thane,Maharashtra,India,2019-08-23,Active
CUS008374,INS000002,Zinal,Tata,1978-03-06,Female,Mysuru,Karnataka,India,2025-04-17,Active
CUS008375,INS000002,Yamini,Narayanan,1999-04-26,Female,Kolkata,West Bengal,India,2025-11-03,Active
CUS008376,INS000001,Azad,Setty,1956-05-06,Female,Chandigarh,Chandigarh,India,2021-08-23,Active
CUS008377,INS000001,Joshua,Ratti,1981-12-24,Other,Lucknow,Uttar Pradesh,India,2019-08-12,Active
CUS008378,INS000003,Widisha,Loyal,1973-07-08,Male,Nagpur,Maharashtra,India,2021-10-13,Active
CUS008379,INS000003,Gagan,Nayak,2005-12-02,Male,Chandigarh,Chandigarh,India,2018-08-26,Active
CUS008380,INS000003,Charvi,Iyengar,1984-06-04,Female,Hyderabad,Telangana,India,2024-05-12,Active
CUS008381,INS000003,Unni,Patel,1959-05-10,Male,Patna,Bihar,India,2023-03-04,Active
CUS008382,INS000005,Om,Khatri,1969-04-14,Male,Hyderabad,Telangana,India,2023-05-26,Active
CUS008383,INS000005,Sanaya,Sarkar,1985-08-26,Female,Jaipur,Rajasthan,India,2020-07-19,Inactive
CUS008384,INS000001,Jack,Prabhakar,2000-01-12,Female,Delhi,Delhi,India,2022-12-19,Inactive
CUS008385,INS000002,Vasatika,Sodhi,1953-10-11,Female,Jaipur,Rajasthan,India,2018-10-14,Active
CUS008386,INS000002,Wridesh,Madan,1951-12-26,Male,Lucknow,Uttar Pradesh,India,2023-12-09,Active
CUS008387,INS000004,Yagnesh,Ramaswamy,2004-03-10,Female,Chennai,Tamil Nadu,India,2024-10-24,Active
CUS008388,INS000005,Siddharth,Raju,1973-03-10,Male,Delhi,Delhi,India,2023-06-22,Active
CUS008389,INS000003,Onkar,Thakkar,1953-09-16,Male,Patna,Bihar,India,2026-06-29,Inactive
CUS008390,INS000003,Gaurav,Raja,1953-05-18,Female,Surat,Gujarat,India,2021-03-22,Inactive
CUS008391,INS000004,Hitesh,Bhatt,1955-04-03,Male,Chennai,Tamil Nadu,India,2024-12-23,Active
CUS008392,INS000002,Radhika,Sankar,2006-03-11,Male,Mysuru,Karnataka,India,2026-07-05,Active
CUS008393,INS000003,Ayush,Joshi,1998-02-07,Female,Thane,Maharashtra,India,2021-03-23,Active
CUS008394,INS000002,Naveen,Mand,1989-04-20,Male,Chandigarh,Chandigarh,India,2019-06-06,Active
CUS008395,INS000004,Eta,Date,1994-02-03,Female,Jaipur,Rajasthan,India,2023-04-14,Active
CUS008396,INS000002,Leela,Brar,1955-06-04,Female,Bhopal,Madhya Pradesh,India,2023-06-10,Inactive
CUS008397,INS000002,Avni,Goel,1969-07-20,Other,Thane,Maharashtra,India,2021-11-15,Active
CUS008398,INS000002,Thomas,Oza,1954-11-18,Male,Chandigarh,Chandigarh,India,2019-02-01,Active
CUS008399,INS000003,Aarini,Mangal,1954-09-07,Female,Patna,Bihar,India,2026-01-27,Active
CUS008400,INS000001,Vamakshi,Pingle,1984-07-22,Male,Jaipur,Rajasthan,India,2021-12-16,Active
CUS008401,INS000005,Jatin,Bains,1961-10-07,Female,Indore,Madhya Pradesh,India,2024-11-13,Active
CUS008402,INS000002,Laban,Wason,1965-07-24,Male,Surat,Gujarat,India,2019-11-21,Active
CUS008403,INS000002,Vyanjana,Anand,1965-03-28,Male,Bhubaneswar,Odisha,India,2026-06-04,Active
CUS008404,INS000002,Gautam,Natarajan,1995-05-04,Female,Ahmedabad,Gujarat,India,2025-09-23,Active
CUS008405,INS000001,Gaurangi,Mohan,1986-10-06,Male,Kochi,Kerala,India,2019-03-16,Active
CUS008406,INS000004,Udarsh,Trivedi,1980-06-05,Male,Chandigarh,Chandigarh,India,2023-11-09,Active
CUS008407,INS000003,Dhruv,Chahal,1958-09-06,Male,Kochi,Kerala,India,2018-12-01,Active
CUS008408,INS000001,Hemal,Om,1955-09-09,Female,Nagpur,Maharashtra,India,2026-07-05,Active
CUS008409,INS000002,Krishna,Goyal,1963-12-31,Male,Lucknow,Uttar Pradesh,India,2023-05-24,Active
CUS008410,INS000001,Lakshmi,Rastogi,1953-04-27,Male,Chandigarh,Chandigarh,India,2022-06-26,Active
CUS008411,INS000001,Rajeshri,Dhar,1993-07-07,Male,Pune,Maharashtra,India,2019-06-10,Active
CUS008412,INS000001,Viraj,Naidu,1980-04-18,Female,Patna,Bihar,India,2026-02-03,Active
CUS008413,INS000004,Udant,Prabhu,1988-08-07,Female,Pune,Maharashtra,India,2023-08-19,Active
CUS008414,INS000005,Aashi,Raj,1961-10-22,Male,Patna,Bihar,India,2020-07-22,Active
CUS008415,INS000003,Jack,Ranganathan,2000-02-12,Male,Chennai,Tamil Nadu,India,2019-10-18,Active
CUS008416,INS000004,Bina,Mittal,1989-03-25,Male,Surat,Gujarat,India,2025-09-10,Active
CUS008417,INS000004,Gagan,Sekhon,1972-05-18,Male,Chandigarh,Chandigarh,India,2022-04-16,Active
CUS008418,INS000005,Isaac,Gopal,1983-11-01,Male,Nagpur,Maharashtra,India,2026-07-25,Active
CUS008419,INS000004,Gaurav,Chowdhury,1953-07-28,Female,Surat,Gujarat,India,2020-09-11,Active
CUS008420,INS000001,Harini,Khatri,1990-01-24,Female,Surat,Gujarat,India,2023-01-24,Inactive
CUS008421,INS000001,Raghav,Arya,2005-09-16,Female,Thane,Maharashtra,India,2023-01-23,Active
CUS008422,INS000002,Jack,Setty,2003-07-27,Male,Nagpur,Maharashtra,India,2021-02-03,Active
CUS008423,INS000004,Jhalak,Majumdar,1998-02-26,Female,Surat,Gujarat,India,2023-03-22,Active
CUS008424,INS000002,Joshua,Deshpande,2000-01-22,Female,Hyderabad,Telangana,India,2021-07-05,Active
CUS008425,INS000003,Dhriti,Khatri,1978-04-30,Female,Jaipur,Rajasthan,India,2020-04-19,Active
CUS008426,INS000001,Lajita,Pillai,1962-01-02,Female,Hyderabad,Telangana,India,2024-11-13,Active
CUS008427,INS000003,Aarav,Dani,2004-08-31,Male,Kolkata,West Bengal,India,2024-05-09,Active
CUS008428,INS000005,Deepa,Lata,1954-11-13,Male,Chennai,Tamil Nadu,India,2021-07-02,Active
CUS008429,INS000001,David,Golla,1965-11-23,Female,Kolkata,West Bengal,India,2025-06-20,Active
CUS008430,INS000003,Ranveer,Rajan,1965-10-26,Male,Mumbai,Maharashtra,India,2021-03-06,Inactive
CUS008431,INS000005,Lipika,Das,1957-11-04,Male,Indore,Madhya Pradesh,India,2026-07-01,Active
CUS008432,INS000003,Pallavi,Mangal,1989-10-28,Male,Bhubaneswar,Odisha,India,2019-02-11,Inactive
CUS008433,INS000005,Ekaja,Ben,2005-05-08,Male,Bhubaneswar,Odisha,India,2020-12-28,Active
CUS008434,INS000005,Janya,Lanka,1977-08-22,Female,Kolkata,West Bengal,India,2024-07-25,Active
CUS008435,INS000001,Jonathan,Hayre,1987-01-12,Male,Hyderabad,Telangana,India,2024-02-13,Active
CUS008436,INS000002,Zinal,Kota,1987-01-12,Male,Lucknow,Uttar Pradesh,India,2023-04-26,Active
CUS008437,INS000005,Tristan,Dugar,1974-07-15,Female,Mysuru,Karnataka,India,2019-08-24,Active
CUS008438,INS000005,Hredhaan,Sagar,2002-11-11,Male,Nagpur,Maharashtra,India,2022-11-16,Active
CUS008439,INS000001,Megha,Dada,1971-08-23,Other,Chandigarh,Chandigarh,India,2021-09-08,Active
CUS008440,INS000002,Aditya,Mitra,1968-12-26,Male,Delhi,Delhi,India,2024-12-02,Active
CUS008441,INS000004,Triveni,Nadig,1974-11-26,Female,Bhubaneswar,Odisha,India,2022-04-18,Active
CUS008442,INS000004,Diya,More,1985-09-29,Female,Pune,Maharashtra,India,2018-08-12,Active
CUS008443,INS000002,Maanav,Kala,1957-12-07,Female,Bhopal,Madhya Pradesh,India,2023-05-07,Active
CUS008444,INS000003,Chaman,Bhalla,1954-10-07,Male,Lucknow,Uttar Pradesh,India,2020-08-13,Active
CUS008445,INS000001,Theodore,Sethi,2008-02-06,Male,Chandigarh,Chandigarh,India,2019-06-10,Active
CUS008446,INS000002,Xalak,Sachar,1982-04-29,Female,Patna,Bihar,India,2025-02-17,Active
CUS008447,INS000004,Tamanna,Kannan,2001-07-28,Female,Jaipur,Rajasthan,India,2022-12-26,Active
CUS008448,INS000005,Manan,Shankar,1951-10-26,Male,Thane,Maharashtra,India,2023-01-05,Active
CUS008449,INS000004,Bhanumati,Kara,1962-12-22,Male,Bhopal,Madhya Pradesh,India,2019-09-13,Active
CUS008450,INS000005,Madhav,Chawla,1955-05-02,Female,Kochi,Kerala,India,2023-01-07,Active
CUS008451,INS000001,Bakhshi,Badami,1992-10-12,Female,Mysuru,Karnataka,India,2025-09-14,Active
CUS008452,INS000005,Ekaja,Balan,1973-08-30,Male,Nagpur,Maharashtra,India,2026-07-14,Active
CUS008453,INS000002,Dayamai,Walla,1967-04-10,Female,Chennai,Tamil Nadu,India,2022-07-13,Active
CUS008454,INS000005,Yadavi,Dara,1978-06-25,Female,Chandigarh,Chandigarh,India,2021-06-03,Inactive
CUS008455,INS000003,Jatin,Tandon,1954-04-06,Female,Thane,Maharashtra,India,2026-01-08,Active
CUS008456,INS000002,Anusha,Wali,1987-02-15,Female,Chennai,Tamil Nadu,India,2023-04-20,Active
CUS008457,INS000001,Vanya,Parekh,2007-02-20,Male,Kolkata,West Bengal,India,2026-08-04,Active
CUS008458,INS000002,Tanveer,Ganesh,1963-07-22,Other,Bhubaneswar,Odisha,India,2022-12-22,Active
CUS008459,INS000003,Warda,Dhar,1952-04-14,Female,Lucknow,Uttar Pradesh,India,2025-03-08,Active
CUS008460,INS000001,Bishakha,Dara,1961-08-06,Female,Hyderabad,Telangana,India,2023-09-03,Active
CUS008461,INS000004,Krisha,Buch,1965-10-14,Male,Thane,Maharashtra,India,2024-02-01,Active
CUS008462,INS000003,Daniel,Pillay,1957-05-08,Female,Bhubaneswar,Odisha,India,2019-01-06,Active
CUS008463,INS000001,Gauri,Sekhon,1987-01-05,Male,Surat,Gujarat,India,2022-02-11,Active
CUS008464,INS000005,Michael,Chanda,1985-11-02,Male,Indore,Madhya Pradesh,India,2024-02-24,Active
CUS008465,INS000002,Shivansh,Mand,1975-03-03,Female,Kochi,Kerala,India,2021-05-18,Active
CUS008466,INS000001,Umang,Nadkarni,1961-07-30,Female,Chennai,Tamil Nadu,India,2022-05-22,Active
CUS008467,INS000002,Charles,Dugar,2003-07-24,Female,Delhi,Delhi,India,2022-12-29,Active
CUS008468,INS000005,Praneel,Kadakia,1985-12-14,Male,Bhubaneswar,Odisha,India,2025-03-19,Active
CUS008469,INS000001,Vinaya,Patil,1954-06-08,Female,Pune,Maharashtra,India,2019-05-10,Inactive
CUS008470,INS000004,Manya,Mammen,1999-10-06,Male,Bengaluru,Karnataka,India,2021-02-18,Active
CUS008471,INS000003,Chandani,Goda,1975-10-21,Female,Delhi,Delhi,India,2023-01-13,Active
CUS008472,INS000001,Nathaniel,Sant,1951-06-20,Male,Hyderabad,Telangana,India,2019-05-28,Active
CUS008473,INS000005,Anthony,Tiwari,1964-09-28,Female,Chennai,Tamil Nadu,India,2024-12-31,Active
CUS008474,INS000001,Manya,Sharma,1963-09-02,Female,Bhopal,Madhya Pradesh,India,2025-04-14,Active
CUS008475,INS000002,Geetika,Lad,1984-02-03,Male,Jaipur,Rajasthan,India,2018-11-24,Active
CUS008476,INS000001,Pahal,Loke,1954-07-12,Male,Patna,Bihar,India,2025-05-17,Active
CUS008477,INS000004,Urvashi,Tara,1983-10-02,Female,Hyderabad,Telangana,India,2020-03-27,Active
CUS008478,INS000001,Ijaya,Bava,1963-10-31,Female,Ahmedabad,Gujarat,India,2019-11-21,Active
CUS008479,INS000003,Mahika,Chowdhury,1961-01-08,Female,Bhubaneswar,Odisha,India,2018-10-10,Active
CUS008480,INS000001,Mahika,Tank,1970-07-06,Female,Kochi,Kerala,India,2020-12-09,Active
CUS008481,INS000002,Ekbal,Hari,1996-04-30,Male,Bhubaneswar,Odisha,India,2020-01-09,Active
CUS008482,INS000001,Barkha,Gade,1981-07-21,Male,Chandigarh,Chandigarh,India,2021-12-17,Inactive
CUS008483,INS000004,Barkha,Bakshi,2001-12-17,Male,Patna,Bihar,India,2022-01-10,Active
CUS008484,INS000005,Robert,Wadhwa,1987-06-08,Male,Lucknow,Uttar Pradesh,India,2019-12-23,Active
CUS008485,INS000001,Meera,Roy,1973-12-08,Female,Nagpur,Maharashtra,India,2026-05-20,Active
CUS008486,INS000001,Gunbir,Om,1976-12-11,Male,Kolkata,West Bengal,India,2020-07-10,Inactive
CUS008487,INS000003,Karan,Divan,1956-07-01,Female,Bengaluru,Karnataka,India,2024-11-03,Inactive
CUS008488,INS000004,Ekiya,Kapadia,1972-09-02,Female,Jaipur,Rajasthan,India,2023-05-04,Active
CUS008489,INS000005,Chatura,Saxena,1985-07-19,Female,Bhopal,Madhya Pradesh,India,2021-01-15,Active
CUS008490,INS000002,Daksha,Shere,1977-05-06,Female,Surat,Gujarat,India,2019-04-05,Active
CUS008491,INS000001,Tanvi,Sethi,1965-09-06,Male,Jaipur,Rajasthan,India,2025-06-26,Inactive
CUS008492,INS000005,Nihal,Deo,1999-08-27,Female,Mysuru,Karnataka,India,2020-01-20,Active
CUS008493,INS000002,Laksh,Sani,1983-07-12,Male,Chandigarh,Chandigarh,India,2022-08-17,Active
CUS008494,INS000004,Riya,Ratta,1999-08-26,Male,Chandigarh,Chandigarh,India,2023-12-09,Inactive
CUS008495,INS000004,Vasudha,Naik,1960-03-12,Female,Jaipur,Rajasthan,India,2025-12-28,Active
CUS008496,INS000005,Bishakha,Ray,1961-06-02,Male,Kolkata,West Bengal,India,2023-05-17,Active
CUS008497,INS000002,Maanav,Guha,1961-05-01,Other,Bhopal,Madhya Pradesh,India,2020-03-18,Active
CUS008498,INS000004,Shaurya,Hayer,1986-04-07,Female,Chandigarh,Chandigarh,India,2024-08-10,Active
CUS008499,INS000005,Tejas,Sidhu,1994-10-10,Female,Surat,Gujarat,India,2024-02-05,Active
CUS008500,INS000004,Rohan,Aggarwal,1965-07-28,Male,Bhubaneswar,Odisha,India,2020-01-06,Active
CUS008501,INS000004,Aditya,Choudhury,1990-04-06,Female,Bengaluru,Karnataka,India,2021-02-04,Active
CUS008502,INS000004,Janaki,Mallick,1966-10-01,Male,Bengaluru,Karnataka,India,2023-05-16,Active
CUS008503,INS000003,Harsh,Bhatia,2006-05-13,Female,Chennai,Tamil Nadu,India,2023-11-02,Active
CUS008504,INS000002,Manbir,Batra,1997-01-31,Male,Bhopal,Madhya Pradesh,India,2019-10-31,Inactive
CUS008505,INS000005,Krisha,Parikh,1993-12-05,Female,Thane,Maharashtra,India,2025-08-16,Active
CUS008506,INS000005,Prisha,Dua,1975-06-30,Male,Indore,Madhya Pradesh,India,2023-01-27,Active
CUS008507,INS000002,Om,Sarna,1991-05-28,Male,Bhubaneswar,Odisha,India,2020-06-12,Active
CUS008508,INS000002,Daksh,Yadav,1982-01-16,Female,Mysuru,Karnataka,India,2021-05-16,Active
CUS008509,INS000002,Gopal,Bhatnagar,1980-01-10,Male,Surat,Gujarat,India,2023-08-17,Inactive
CUS008510,INS000002,Ishani,Bakshi,2001-03-08,Female,Indore,Madhya Pradesh,India,2019-11-21,Active
CUS008511,INS000001,Urvi,Pillai,2001-11-11,Male,Kolkata,West Bengal,India,2024-07-19,Active
CUS008512,INS000005,Praneel,Nanda,1954-11-30,Male,Thane,Maharashtra,India,2021-02-14,Active
CUS008513,INS000001,Charles,Venkataraman,1996-01-10,Female,Chennai,Tamil Nadu,India,2024-11-12,Active
CUS008514,INS000004,Jacob,Bath,1963-07-05,Male,Chandigarh,Chandigarh,India,2019-04-13,Active
CUS008515,INS000004,Yutika,Bansal,1953-04-15,Male,Chennai,Tamil Nadu,India,2024-11-13,Active
CUS008516,INS000005,Hamsini,Bakshi,1965-07-15,Female,Hyderabad,Telangana,India,2022-04-21,Active
CUS008517,INS000004,Radha,Doshi,1985-09-09,Male,Delhi,Delhi,India,2023-04-03,Active
CUS008518,INS000002,Manthan,Sule,1980-09-29,Male,Chandigarh,Chandigarh,India,2023-10-06,Active
CUS008519,INS000001,Netra,Gokhale,1969-03-10,Male,Thane,Maharashtra,India,2020-01-29,Inactive
CUS008520,INS000002,Yash,Dave,1979-08-01,Male,Hyderabad,Telangana,India,2022-05-07,Active
CUS008521,INS000004,Bahadurjit,Bhatti,1955-07-17,Female,Delhi,Delhi,India,2020-03-06,Active
CUS008522,INS000001,Jagat,More,1969-12-20,Male,Bhopal,Madhya Pradesh,India,2020-06-22,Inactive
CUS008523,INS000002,Wridesh,Grewal,1991-05-07,Female,Patna,Bihar,India,2021-12-03,Active
CUS008524,INS000005,Mekhala,Nagarajan,1985-01-16,Male,Ahmedabad,Gujarat,India,2019-06-16,Active
CUS008525,INS000002,Vrinda,Sheth,1988-11-16,Male,Kolkata,West Bengal,India,2020-05-19,Active
CUS008526,INS000004,Chasmum,Hayer,1990-11-13,Male,Lucknow,Uttar Pradesh,India,2021-03-15,Active
CUS008527,INS000001,Orinder,Dar,1995-04-26,Female,Bhubaneswar,Odisha,India,2020-05-12,Active
CUS008528,INS000005,Keya,Sandal,2003-05-17,Other,Lucknow,Uttar Pradesh,India,2025-05-03,Inactive
CUS008529,INS000001,Gaurav,Bala,1991-02-13,Female,Hyderabad,Telangana,India,2019-09-16,Active
CUS008530,INS000005,Ubika,Mitra,1960-04-12,Other,Thane,Maharashtra,India,2018-12-28,Active
CUS008531,INS000001,Lavanya,Karan,1978-07-12,Male,Chennai,Tamil Nadu,India,2019-02-24,Active
CUS008532,INS000004,Anvi,Dasgupta,1978-05-18,Male,Kolkata,West Bengal,India,2019-04-24,Active
CUS008533,INS000005,Sai,Kalla,1985-12-19,Male,Indore,Madhya Pradesh,India,2023-09-17,Active
CUS008534,INS000003,Jhalak,Rao,1960-07-24,Male,Thane,Maharashtra,India,2025-09-16,Active
CUS008535,INS000001,Advay,Wadhwa,1971-04-08,Male,Mumbai,Maharashtra,India,2025-12-10,Active
CUS008536,INS000001,Jagdish,Chadha,1956-04-13,Male,Thane,Maharashtra,India,2020-07-22,Active
CUS008537,INS000002,Jackson,Talwar,1959-05-31,Male,Indore,Madhya Pradesh,India,2018-09-25,Active
CUS008538,INS000005,Fitan,Gala,1991-12-20,Male,Mumbai,Maharashtra,India,2020-04-19,Active
CUS008539,INS000003,Jairaj,Banerjee,1966-01-20,Male,Patna,Bihar,India,2022-10-23,Active
CUS008540,INS000004,Vrinda,Issac,1973-03-25,Male,Kochi,Kerala,India,2025-03-14,Active
CUS008541,INS000002,Yashodhara,Dara,1964-04-02,Female,Hyderabad,Telangana,India,2023-02-03,Inactive
CUS008542,INS000003,Umang,Hora,1960-05-12,Male,Thane,Maharashtra,India,2019-02-02,Active
CUS008543,INS000005,Arin,Radhakrishnan,1974-07-10,Female,Indore,Madhya Pradesh,India,2025-03-13,Active
CUS008544,INS000003,Varsha,Pal,2002-01-03,Female,Mysuru,Karnataka,India,2023-08-21,Active
CUS008545,INS000001,Anusha,Panchal,2006-08-31,Male,Patna,Bihar,India,2019-12-07,Active
CUS008546,INS000001,Girindra,Dube,1973-07-11,Male,Kolkata,West Bengal,India,2019-09-09,Active
CUS008547,INS000002,Pratyush,Vasa,1951-11-27,Male,Pune,Maharashtra,India,2023-08-09,Active
CUS008548,INS000005,Leena,Raman,1959-01-20,Female,Jaipur,Rajasthan,India,2024-07-27,Active
CUS008549,INS000005,Veda,Goda,1969-05-23,Male,Nagpur,Maharashtra,India,2024-08-30,Active
CUS008550,INS000003,Radha,Bala,1967-10-29,Male,Ahmedabad,Gujarat,India,2024-12-07,Active
CUS008551,INS000002,Chanchal,Grewal,1981-08-22,Male,Chandigarh,Chandigarh,India,2021-12-03,Active
CUS008552,INS000005,Jeremiah,Sundaram,1950-12-28,Female,Bengaluru,Karnataka,India,2026-02-26,Active
CUS008553,INS000001,Hardik,Koshy,1986-09-15,Male,Surat,Gujarat,India,2026-03-14,Active
CUS008554,INS000003,Eshana,Padmanabhan,1970-08-05,Female,Mysuru,Karnataka,India,2019-05-12,Active
CUS008555,INS000004,Devansh,Datta,1986-07-08,Female,Mumbai,Maharashtra,India,2019-03-22,Active
CUS008556,INS000001,Qasim,Prakash,1983-07-14,Female,Chandigarh,Chandigarh,India,2022-02-22,Active
CUS008557,INS000002,Nidra,Pandey,1979-01-02,Female,Bengaluru,Karnataka,India,2023-09-17,Active
CUS008558,INS000005,Anmol,Kala,1995-03-28,Female,Mysuru,Karnataka,India,2021-04-05,Active
CUS008559,INS000001,Meera,Keer,1992-06-12,Female,Bhubaneswar,Odisha,India,2025-11-11,Inactive
CUS008560,INS000004,Vrinda,Divan,2006-11-15,Female,Delhi,Delhi,India,2018-12-23,Inactive
CUS008561,INS000004,Devansh,Gara,1996-10-22,Male,Lucknow,Uttar Pradesh,India,2021-05-20,Active
CUS008562,INS000002,Zilmil,Dora,1961-12-11,Male,Pune,Maharashtra,India,2019-01-04,Active
CUS008563,INS000001,Jeet,Savant,1998-10-10,Female,Lucknow,Uttar Pradesh,India,2023-04-25,Active
CUS008564,INS000003,Sarthak,Karan,2007-04-03,Female,Hyderabad,Telangana,India,2023-03-19,Active
CUS008565,INS000001,Jacob,Gupta,2000-01-22,Female,Bhopal,Madhya Pradesh,India,2019-02-19,Active
CUS008566,INS000004,Pratyush,Vig,1968-12-02,Female,Jaipur,Rajasthan,India,2023-08-18,Active
CUS008567,INS000002,Pranit,Ghosh,1970-09-07,Female,Jaipur,Rajasthan,India,2022-04-17,Active
CUS008568,INS000002,Abdul,Agarwal,1983-05-02,Male,Bengaluru,Karnataka,India,2021-03-04,Inactive
CUS008569,INS000003,Sanya,Mani,1987-12-04,Female,Chandigarh,Chandigarh,India,2018-10-29,Inactive
CUS008570,INS000002,Dipta,Patla,1959-01-27,Male,Hyderabad,Telangana,India,2025-01-10,Active
CUS008571,INS000002,Jason,Som,1992-05-08,Other,Pune,Maharashtra,India,2023-08-16,Active
CUS008572,INS000002,Balveer,Kapadia,1966-03-24,Female,Kolkata,West Bengal,India,2019-04-08,Active
CUS008573,INS000002,Kabir,Pandya,1955-07-20,Female,Ahmedabad,Gujarat,India,2024-02-25,Active
CUS008574,INS000002,Samuel,Kar,1954-05-03,Male,Lucknow,Uttar Pradesh,India,2025-04-18,Active
CUS008575,INS000004,Neel,Dayal,1989-10-10,Male,Lucknow,Uttar Pradesh,India,2025-06-02,Active
CUS008576,INS000001,Gagan,Karan,2007-11-20,Male,Mumbai,Maharashtra,India,2025-08-15,Active
CUS008577,INS000005,Aahana,Sampath,2006-06-19,Female,Chandigarh,Chandigarh,India,2018-10-14,Active
CUS008578,INS000002,Bakhshi,Sane,1977-01-19,Female,Thane,Maharashtra,India,2024-03-14,Active
CUS008579,INS000005,Frado,Chahal,1963-04-09,Male,Mumbai,Maharashtra,India,2019-06-17,Inactive
CUS008580,INS000005,Jeet,Tripathi,1981-03-17,Female,Bhubaneswar,Odisha,India,2025-03-18,Active
CUS008581,INS000004,Yashawini,Palla,1959-03-18,Female,Chandigarh,Chandigarh,India,2024-05-27,Active
CUS008582,INS000002,Chanchal,Banerjee,1971-03-14,Male,Kolkata,West Bengal,India,2021-05-07,Active
CUS008583,INS000005,Januja,Singh,2006-02-26,Male,Lucknow,Uttar Pradesh,India,2025-04-25,Active
CUS008584,INS000002,Onveer,Ranganathan,1977-06-16,Female,Kolkata,West Bengal,India,2019-07-05,Inactive
CUS008585,INS000003,Pallavi,Chand,1975-08-09,Female,Patna,Bihar,India,2019-12-07,Active
CUS008586,INS000003,Aadi,Bawa,1956-08-06,Female,Bhopal,Madhya Pradesh,India,2022-08-18,Active
CUS008587,INS000003,Yuvraj,Sharaf,1971-10-04,Female,Mumbai,Maharashtra,India,2024-10-26,Active
CUS008588,INS000005,Charita,Bath,1982-10-29,Other,Lucknow,Uttar Pradesh,India,2026-01-23,Inactive
CUS008589,INS000003,Chakradhar,Vaidya,1992-12-16,Male,Nagpur,Maharashtra,India,2019-01-30,Active
CUS008590,INS000004,Zilmil,Grover,1959-11-26,Female,Pune,Maharashtra,India,2022-10-09,Active
CUS008591,INS000004,Chaaya,Ramachandran,1962-08-31,Male,Bhubaneswar,Odisha,India,2021-10-06,Active
CUS008592,INS000005,Sai,Tank,1996-10-18,Male,Chennai,Tamil Nadu,India,2025-01-06,Active
CUS008593,INS000002,Logan,Dara,1982-02-05,Male,Indore,Madhya Pradesh,India,2020-02-29,Active
CUS008594,INS000001,Vritti,Tiwari,1971-07-27,Male,Chennai,Tamil Nadu,India,2019-01-15,Active
CUS008595,INS000002,Dhriti,Dutt,2006-01-23,Other,Surat,Gujarat,India,2022-06-25,Active
CUS008596,INS000002,Indira,Iyengar,1952-06-17,Female,Indore,Madhya Pradesh,India,2023-01-23,Active
CUS008597,INS000002,Yashvi,Raj,2005-07-27,Male,Bengaluru,Karnataka,India,2022-02-10,Active
CUS008598,INS000002,Shaurya,Barad,1991-03-03,Female,Bhubaneswar,Odisha,India,2023-04-26,Active
CUS008599,INS000001,Hardik,Chaudhary,1984-02-16,Female,Mysuru,Karnataka,India,2020-11-15,Active
CUS008600,INS000003,Chaitanya,Atwal,1960-03-27,Female,Surat,Gujarat,India,2026-03-27,Active
CUS008601,INS000002,Warjas,Swamy,1965-04-05,Female,Bengaluru,Karnataka,India,2022-07-18,Active
CUS008602,INS000004,Balhaar,Dash,1987-07-30,Male,Bhubaneswar,Odisha,India,2025-09-30,Active
CUS008603,INS000005,Raghav,Dugal,1958-09-06,Female,Bhubaneswar,Odisha,India,2019-06-18,Active
CUS008604,INS000005,Lucky,Randhawa,1977-08-25,Female,Kolkata,West Bengal,India,2019-05-07,Active
CUS008605,INS000004,Chandani,Chaudhry,2006-05-16,Female,Lucknow,Uttar Pradesh,India,2020-10-22,Active
CUS008606,INS000002,Tanveer,Pandya,1999-03-28,Female,Chennai,Tamil Nadu,India,2019-06-27,Active
CUS008607,INS000001,Krish,Kapadia,1960-07-14,Female,Delhi,Delhi,India,2019-07-31,Active
CUS008608,INS000003,Tarak,Goswami,1957-01-06,Female,Mumbai,Maharashtra,India,2021-08-26,Active
CUS008609,INS000005,Jagrati,Chakraborty,2002-02-07,Female,Nagpur,Maharashtra,India,2022-11-27,Active
CUS008610,INS000003,Arunima,Tailor,1990-03-19,Other,Kolkata,West Bengal,India,2024-12-12,Active
CUS008611,INS000001,Kabir,Saran,1980-11-10,Male,Hyderabad,Telangana,India,2019-07-27,Active
CUS008612,INS000005,Pahal,Lala,1962-05-11,Male,Hyderabad,Telangana,India,2022-07-23,Active
CUS008613,INS000003,Falan,Walla,1960-07-24,Male,Mysuru,Karnataka,India,2024-08-12,Active
CUS008614,INS000001,Aadhya,Kuruvilla,1976-03-14,Female,Chennai,Tamil Nadu,India,2019-02-11,Active
CUS008615,INS000003,Abha,Rau,1992-02-23,Female,Jaipur,Rajasthan,India,2023-02-16,Active
CUS008616,INS000002,Lakshmi,Sridhar,2007-07-14,Male,Patna,Bihar,India,2023-01-17,Inactive
CUS008617,INS000001,Nihal,Iyer,1994-10-29,Other,Lucknow,Uttar Pradesh,India,2024-12-13,Active
CUS008618,INS000003,Mugdha,Nair,1967-06-16,Female,Indore,Madhya Pradesh,India,2020-12-19,Inactive
CUS008619,INS000002,Tanmayi,Savant,1970-11-03,Female,Mumbai,Maharashtra,India,2024-05-19,Active
CUS008620,INS000002,Fiyaz,Lala,1961-04-07,Male,Surat,Gujarat,India,2021-04-25,Active
CUS008621,INS000001,Aachal,Deep,1977-12-21,Female,Lucknow,Uttar Pradesh,India,2023-05-15,Active
CUS008622,INS000004,Pavani,Dhillon,1950-12-25,Female,Kolkata,West Bengal,India,2025-02-17,Active
CUS008623,INS000005,Luke,Kadakia,1986-05-26,Female,Bhubaneswar,Odisha,India,2022-05-05,Active
CUS008624,INS000001,Samar,Kalita,1999-08-11,Female,Kolkata,West Bengal,India,2025-08-10,Active
CUS008625,INS000002,Ekavir,Dua,1982-07-11,Female,Ahmedabad,Gujarat,India,2026-04-14,Active
CUS008626,INS000002,Amruta,Dhar,1958-08-03,Male,Indore,Madhya Pradesh,India,2024-07-24,Active
CUS008627,INS000001,Reyansh,Edwin,1977-11-10,Female,Kochi,Kerala,India,2021-01-04,Active
CUS008628,INS000004,Kashish,Trivedi,1998-09-20,Male,Ahmedabad,Gujarat,India,2025-07-16,Active
CUS008629,INS000005,Yasti,Badal,1954-08-16,Male,Patna,Bihar,India,2023-07-07,Active
CUS008630,INS000003,Nihal,Cherian,1990-02-24,Male,Nagpur,Maharashtra,India,2023-07-17,Inactive
CUS008631,INS000001,Oni,Master,1959-11-22,Male,Jaipur,Rajasthan,India,2019-01-18,Active
CUS008632,INS000005,Mitesh,Kulkarni,1986-02-27,Male,Bengaluru,Karnataka,India,2020-01-25,Active
CUS008633,INS000005,Diya,Dube,1975-07-15,Female,Delhi,Delhi,India,2020-06-08,Active
CUS008634,INS000002,Radha,Pal,2002-02-08,Female,Bengaluru,Karnataka,India,2020-02-22,Active
CUS008635,INS000003,Ladli,Dube,1987-02-05,Male,Bhubaneswar,Odisha,India,2024-06-15,Active
CUS008636,INS000001,Atharv,Gour,1969-07-10,Female,Hyderabad,Telangana,India,2024-05-14,Active
CUS008637,INS000002,Yug,Gokhale,1959-09-16,Male,Nagpur,Maharashtra,India,2022-05-31,Active
CUS008638,INS000002,Faras,Pandya,1993-01-08,Male,Chennai,Tamil Nadu,India,2018-09-16,Active
CUS008639,INS000004,Anamika,Ravel,1969-07-31,Female,Mysuru,Karnataka,India,2024-10-15,Active
CUS008640,INS000005,Jeet,Bhandari,1969-11-09,Female,Mysuru,Karnataka,India,2025-02-09,Inactive
CUS008641,INS000001,Imaran,Purohit,1990-04-19,Female,Nagpur,Maharashtra,India,2025-05-28,Active
CUS008642,INS000001,Niharika,Goswami,1951-09-24,Male,Kochi,Kerala,India,2025-10-01,Inactive
CUS008643,INS000001,Dominic,Nazareth,2006-02-08,Female,Thane,Maharashtra,India,2023-01-03,Active
CUS008644,INS000002,Forum,Kakar,2001-12-06,Female,Surat,Gujarat,India,2021-06-13,Inactive
CUS008645,INS000004,Gaurav,Prabhu,1952-06-23,Other,Mysuru,Karnataka,India,2021-12-22,Active
CUS008646,INS000003,Janani,Bawa,1957-04-05,Male,Patna,Bihar,India,2025-12-13,Active
CUS008647,INS000002,Gauri,Ramachandran,1968-03-17,Female,Surat,Gujarat,India,2021-08-14,Active
CUS008648,INS000003,Anjali,Kibe,1981-10-16,Female,Ahmedabad,Gujarat,India,2025-05-01,Active
CUS008649,INS000004,Madhav,Srinivas,1965-06-11,Other,Indore,Madhya Pradesh,India,2025-05-07,Active
CUS008650,INS000005,Upkaar,Konda,1958-01-28,Male,Chandigarh,Chandigarh,India,2026-06-26,Active
CUS008651,INS000001,Anusha,Bhavsar,1975-07-02,Female,Nagpur,Maharashtra,India,2026-01-31,Active
CUS008652,INS000003,Advaith,Contractor,1960-08-18,Male,Delhi,Delhi,India,2023-12-16,Active
CUS008653,INS000002,Guneet,Wali,1990-08-17,Female,Jaipur,Rajasthan,India,2022-10-27,Active
CUS008654,INS000003,Krishna,Bhakta,1951-05-07,Male,Bhubaneswar,Odisha,India,2021-03-30,Active
CUS008655,INS000005,Tristan,Magar,1974-11-12,Male,Surat,Gujarat,India,2023-01-08,Active
CUS008656,INS000001,Kritika,Ranganathan,2008-05-15,Female,Hyderabad,Telangana,India,2019-05-28,Active
CUS008657,INS000003,Henry,Swamy,1958-05-30,Male,Hyderabad,Telangana,India,2021-07-27,Active
CUS008658,INS000005,Jatin,Majumdar,1964-07-22,Male,Patna,Bihar,India,2022-03-15,Active
CUS008659,INS000002,Parth,Cheema,1952-10-27,Male,Thane,Maharashtra,India,2019-04-12,Active
CUS008660,INS000004,Damini,Keer,1993-11-10,Male,Jaipur,Rajasthan,India,2026-06-15,Active
CUS008661,INS000002,Vrishti,Ahuja,1981-04-12,Female,Kochi,Kerala,India,2022-02-21,Active
CUS008662,INS000001,Girish,Sunder,1950-10-06,Female,Chandigarh,Chandigarh,India,2022-03-18,Active
CUS008663,INS000002,Ikshita,Murty,2003-01-22,Female,Pune,Maharashtra,India,2022-05-19,Active
CUS008664,INS000002,Baghyawati,Karnik,1989-06-10,Male,Ahmedabad,Gujarat,India,2026-07-30,Active
CUS008665,INS000002,Anika,Mody,1990-03-16,Female,Surat,Gujarat,India,2022-01-25,Active
CUS008666,INS000002,Hardik,Dara,2001-06-23,Female,Mysuru,Karnataka,India,2019-08-28,Active
CUS008667,INS000001,Chanakya,Naik,1987-09-15,Female,Bhopal,Madhya Pradesh,India,2025-11-20,Active
CUS008668,INS000005,Onkar,Dixit,1962-01-20,Female,Lucknow,Uttar Pradesh,India,2019-03-04,Active
CUS008669,INS000003,Eesha,Arya,1977-02-06,Female,Mumbai,Maharashtra,India,2025-05-29,Active
CUS008670,INS000004,Lopa,Bora,1997-05-26,Female,Kolkata,West Bengal,India,2024-04-11,Active
CUS008671,INS000003,Pratyush,Kannan,1983-11-29,Male,Surat,Gujarat,India,2019-06-06,Active
CUS008672,INS000003,Hemani,Rajan,2007-06-24,Male,Jaipur,Rajasthan,India,2018-11-14,Active
CUS008673,INS000004,Neha,Ghosh,1995-02-12,Female,Indore,Madhya Pradesh,India,2019-12-25,Active
CUS008674,INS000001,Vansha,Rattan,1958-10-23,Female,Pune,Maharashtra,India,2024-09-09,Active
CUS008675,INS000004,Joshua,Bhandari,2006-02-02,Male,Thane,Maharashtra,India,2020-08-07,Active
CUS008676,INS000001,Aashi,Trivedi,1952-05-07,Male,Chennai,Tamil Nadu,India,2022-05-20,Inactive
CUS008677,INS000003,Aditya,Mangat,1985-10-04,Female,Chandigarh,Chandigarh,India,2025-12-20,Inactive
CUS008678,INS000001,Yochana,Rastogi,2001-02-17,Female,Lucknow,Uttar Pradesh,India,2024-06-21,Active
CUS008679,INS000005,Nachiket,Karnik,1991-10-01,Male,Bhubaneswar,Odisha,India,2020-06-21,Active
CUS008680,INS000004,Jonathan,Solanki,1963-06-05,Male,Patna,Bihar,India,2021-09-22,Active
CUS008681,INS000005,Luke,Pau,1975-01-29,Female,Mumbai,Maharashtra,India,2019-10-02,Active
CUS008682,INS000003,Kritika,Raju,2002-10-17,Female,Bhubaneswar,Odisha,India,2022-08-09,Active
CUS008683,INS000004,Amara,Bhatnagar,1975-04-29,Male,Pune,Maharashtra,India,2021-03-05,Active
CUS008684,INS000003,Chatresh,Murthy,1972-12-16,Female,Bengaluru,Karnataka,India,2025-03-27,Inactive
CUS008685,INS000005,Kamala,Malhotra,1982-12-22,Female,Patna,Bihar,India,2022-05-03,Active
CUS008686,INS000003,Zaid,Soni,1992-10-05,Female,Indore,Madhya Pradesh,India,2018-10-08,Active
CUS008687,INS000004,Omya,Bath,1968-04-28,Other,Surat,Gujarat,India,2024-05-15,Active
CUS008688,INS000004,Tanvi,Pathak,1965-01-10,Female,Thane,Maharashtra,India,2026-01-18,Active
CUS008689,INS000003,Qadim,Nagar,2000-05-16,Male,Surat,Gujarat,India,2023-10-25,Active
CUS008690,INS000004,Reva,Krishnamurthy,1965-05-07,Male,Kolkata,West Bengal,India,2023-02-03,Active
CUS008691,INS000004,Irya,Bora,1966-10-01,Male,Surat,Gujarat,India,2025-09-20,Active
CUS008692,INS000003,Upadhriti,Ghosh,1965-04-04,Male,Delhi,Delhi,India,2025-12-14,Active
CUS008693,INS000005,Yadavi,Bhavsar,2005-04-15,Male,Hyderabad,Telangana,India,2022-01-12,Active
CUS008694,INS000004,Bhavini,Pillay,1973-03-12,Male,Pune,Maharashtra,India,2018-08-09,Active
CUS008695,INS000004,Anya,Chadha,1975-11-19,Female,Bhubaneswar,Odisha,India,2025-03-04,Active
CUS008696,INS000004,Priya,Sangha,1965-11-27,Female,Patna,Bihar,India,2021-02-21,Active
CUS008697,INS000004,Veer,Loyal,1977-07-13,Female,Delhi,Delhi,India,2020-09-07,Active
CUS008698,INS000003,Dalaja,Bora,1952-05-17,Female,Bhopal,Madhya Pradesh,India,2022-05-01,Active
CUS008699,INS000005,Gagan,Brahmbhatt,1982-04-21,Male,Thane,Maharashtra,India,2021-02-12,Active
CUS008700,INS000005,Dalaja,Oommen,1967-06-06,Male,Chandigarh,Chandigarh,India,2024-07-28,Active
CUS008701,INS000001,Niharika,Narayan,1993-03-12,Male,Jaipur,Rajasthan,India,2020-12-24,Active
CUS008702,INS000004,Dhriti,Sangha,1982-08-20,Female,Pune,Maharashtra,India,2022-10-19,Inactive
CUS008703,INS000004,Gautam,Magar,1956-05-23,Male,Mumbai,Maharashtra,India,2020-09-01,Active
CUS008704,INS000001,Fariq,Badal,1992-11-16,Female,Ahmedabad,Gujarat,India,2026-01-05,Active
CUS008705,INS000005,Faraj,Chand,1956-02-10,Female,Bhubaneswar,Odisha,India,2020-06-30,Active
CUS008706,INS000002,Wriddhish,Prashad,1974-03-21,Male,Chennai,Tamil Nadu,India,2023-04-30,Active
CUS008707,INS000002,Girik,Kakar,1958-11-17,Male,Ahmedabad,Gujarat,India,2020-11-05,Active
CUS008708,INS000005,Noah,Nagi,2005-06-07,Female,Hyderabad,Telangana,India,2024-07-24,Active
CUS008709,INS000004,Dakshesh,Seshadri,1998-10-01,Female,Nagpur,Maharashtra,India,2019-12-12,Active
CUS008710,INS000002,Frado,Taneja,1960-06-16,Female,Indore,Madhya Pradesh,India,2021-10-16,Active
CUS008711,INS000003,Bhavika,Parmar,1950-10-23,Male,Mysuru,Karnataka,India,2021-11-29,Active
CUS008712,INS000003,Waida,Goyal,1958-02-12,Female,Patna,Bihar,India,2020-05-02,Active
CUS008713,INS000001,Advaith,Bhasin,1956-02-29,Male,Pune,Maharashtra,India,2025-10-01,Active
CUS008714,INS000005,Panini,Sood,1971-05-28,Other,Delhi,Delhi,India,2019-05-14,Inactive
CUS008715,INS000005,Yashoda,Acharya,1969-01-13,Female,Bengaluru,Karnataka,India,2026-04-26,Active
CUS008716,INS000002,Laban,Devan,1951-08-27,Female,Bhopal,Madhya Pradesh,India,2022-10-12,Inactive
CUS008717,INS000004,Varsha,Badami,1985-12-21,Male,Bengaluru,Karnataka,India,2024-04-25,Active
CUS008718,INS000005,Widisha,Kulkarni,1997-05-09,Female,Thane,Maharashtra,India,2020-06-04,Active
CUS008719,INS000002,Yutika,Ganguly,1986-04-15,Male,Bhubaneswar,Odisha,India,2025-08-22,Active
CUS008720,INS000002,Jeet,Saran,2007-05-04,Male,Chennai,Tamil Nadu,India,2020-06-19,Active
CUS008721,INS000005,Nidra,Dutt,1974-09-17,Male,Delhi,Delhi,India,2020-11-01,Active
CUS008722,INS000002,Akshay,Aurora,1992-12-27,Female,Thane,Maharashtra,India,2024-03-16,Active
CUS008723,INS000001,Ranveer,Bobal,1995-06-05,Female,Thane,Maharashtra,India,2023-07-12,Active
CUS008724,INS000001,Abhimanyu,Taneja,1957-09-08,Male,Mumbai,Maharashtra,India,2021-01-13,Active
CUS008725,INS000005,Pavani,Char,1999-02-12,Female,Kolkata,West Bengal,India,2019-03-28,Active
CUS008726,INS000004,Hemani,Deshpande,1991-09-08,Male,Surat,Gujarat,India,2025-12-05,Active
CUS008727,INS000001,Yash,Chakraborty,1972-03-15,Male,Mysuru,Karnataka,India,2025-10-24,Active
CUS008728,INS000001,Brijesh,Doctor,1991-02-03,Male,Delhi,Delhi,India,2023-03-11,Inactive
CUS008729,INS000005,Saumya,Mohanty,1990-12-27,Female,Chennai,Tamil Nadu,India,2025-05-09,Active
CUS008730,INS000003,Om,Borah,1958-04-28,Female,Bhubaneswar,Odisha,India,2023-07-16,Active
CUS008731,INS000002,Umang,Jaggi,1996-08-09,Female,Delhi,Delhi,India,2022-04-19,Active
CUS008732,INS000001,Parth,Kohli,1982-08-28,Female,Mysuru,Karnataka,India,2022-05-15,Active
CUS008733,INS000003,Falan,Sani,1953-05-20,Male,Jaipur,Rajasthan,India,2024-01-10,Active
CUS008734,INS000004,Jeevika,Raval,1979-10-15,Female,Patna,Bihar,India,2019-04-25,Active
CUS008735,INS000003,Kiaan,Shere,1982-05-26,Male,Thane,Maharashtra,India,2021-07-22,Active
CUS008736,INS000005,Yoshita,Wali,2007-09-06,Female,Kolkata,West Bengal,India,2023-07-17,Active
CUS008737,INS000004,Ira,Setty,1988-03-07,Female,Nagpur,Maharashtra,India,2026-04-24,Active
CUS008738,INS000004,Charan,Ravi,1987-06-27,Female,Ahmedabad,Gujarat,India,2023-10-11,Active
CUS008739,INS000003,Pahal,Bansal,1964-03-25,Female,Indore,Madhya Pradesh,India,2019-07-16,Active
CUS008740,INS000005,Warhi,Virk,2004-01-13,Female,Jaipur,Rajasthan,India,2025-01-28,Active
CUS008741,INS000001,Ladli,Som,1993-07-13,Male,Chandigarh,Chandigarh,India,2018-10-15,Active
CUS008742,INS000003,Onkar,Kale,2005-12-21,Female,Hyderabad,Telangana,India,2019-04-01,Active
CUS008743,INS000001,Kashvi,Borah,1999-12-13,Male,Jaipur,Rajasthan,India,2019-06-09,Active
CUS008744,INS000003,Isaiah,Gala,1968-05-08,Male,Chennai,Tamil Nadu,India,2020-07-16,Active
CUS008745,INS000001,Hamsini,Sandhu,2008-04-25,Female,Lucknow,Uttar Pradesh,India,2026-05-06,Active
CUS008746,INS000003,Zaid,Swaminathan,1960-09-17,Female,Pune,Maharashtra,India,2025-11-22,Active
CUS008747,INS000004,Jacob,Sule,1970-04-24,Male,Delhi,Delhi,India,2023-12-27,Active
CUS008748,INS000002,Bina,Kashyap,2001-01-30,Female,Bengaluru,Karnataka,India,2022-07-17,Active
CUS008749,INS000004,Chandani,Buch,1962-02-10,Other,Mysuru,Karnataka,India,2022-02-27,Active
CUS008750,INS000001,Vasudha,Goyal,1971-09-21,Female,Bhubaneswar,Odisha,India,2025-01-02,Active
CUS008751,INS000005,Chaaya,Deo,1995-05-10,Female,Kochi,Kerala,India,2022-12-05,Active
CUS008752,INS000004,Alka,Sarma,1955-08-23,Female,Hyderabad,Telangana,India,2023-11-13,Active
CUS008753,INS000002,Tanay,Ramachandran,2003-08-26,Male,Jaipur,Rajasthan,India,2024-11-18,Inactive
CUS008754,INS000001,Aarnav,Bala,1995-08-17,Female,Bhopal,Madhya Pradesh,India,2023-12-05,Active
CUS008755,INS000004,Meera,Sharma,1997-12-28,Female,Nagpur,Maharashtra,India,2022-10-18,Active
CUS008756,INS000003,Teerth,Nori,1969-02-14,Female,Chandigarh,Chandigarh,India,2025-05-18,Active
CUS008757,INS000005,Dalaja,Wali,1990-05-19,Female,Surat,Gujarat,India,2019-12-05,Active
CUS008758,INS000001,Yutika,Warrior,1999-01-08,Male,Mumbai,Maharashtra,India,2025-06-07,Active
CUS008759,INS000004,Balendra,Soman,1977-06-15,Male,Nagpur,Maharashtra,India,2019-01-25,Active
CUS008760,INS000001,Ubika,Salvi,1991-06-10,Male,Kolkata,West Bengal,India,2019-01-23,Active
CUS008761,INS000003,Vinaya,Pandey,1982-08-17,Male,Mysuru,Karnataka,India,2024-10-31,Active
CUS008762,INS000002,Dakshesh,Khalsa,1960-11-16,Male,Lucknow,Uttar Pradesh,India,2026-03-19,Inactive
CUS008763,INS000004,Ishani,Johal,1952-12-10,Male,Kochi,Kerala,India,2019-09-23,Inactive
CUS008764,INS000001,Abeer,More,1955-05-20,Female,Thane,Maharashtra,India,2021-02-26,Active
CUS008765,INS000001,Triveni,Jain,1976-06-02,Female,Bhubaneswar,Odisha,India,2020-12-28,Active
CUS008766,INS000001,Falguni,D’Alia,1981-06-06,Female,Mysuru,Karnataka,India,2025-02-15,Active
CUS008767,INS000002,Chanchal,Chand,1951-09-07,Female,Pune,Maharashtra,India,2019-01-06,Active
CUS008768,INS000001,Irya,Raja,1964-05-27,Male,Ahmedabad,Gujarat,India,2023-09-24,Active
CUS008769,INS000005,Hredhaan,Narasimhan,1965-05-17,Male,Kolkata,West Bengal,India,2025-06-13,Active
CUS008770,INS000005,Abdul,More,2006-07-03,Female,Patna,Bihar,India,2026-02-25,Active
CUS008771,INS000001,Inaya,Guha,1997-02-19,Female,Jaipur,Rajasthan,India,2023-09-01,Inactive
CUS008772,INS000005,Quincy,Balasubramanian,1981-07-21,Female,Nagpur,Maharashtra,India,2018-10-22,Active
CUS008773,INS000004,Neelima,Vala,1996-11-09,Male,Hyderabad,Telangana,India,2026-07-30,Active
CUS008774,INS000005,Isha,Natt,1951-01-03,Male,Jaipur,Rajasthan,India,2020-10-10,Active
CUS008775,INS000001,Aditya,Gopal,1994-08-21,Female,Delhi,Delhi,India,2024-03-28,Active
CUS008776,INS000003,Harrison,Kaul,1977-11-29,Female,Hyderabad,Telangana,India,2023-12-07,Active
CUS008777,INS000004,Raagini,Dash,1999-02-18,Female,Surat,Gujarat,India,2018-08-18,Active
CUS008778,INS000002,Vyanjana,Dhillon,1975-08-23,Female,Ahmedabad,Gujarat,India,2025-09-02,Inactive
CUS008779,INS000001,Rudra,Bath,1996-12-16,Female,Pune,Maharashtra,India,2025-07-10,Active
CUS008780,INS000002,Frado,Dutt,1999-11-16,Female,Bengaluru,Karnataka,India,2021-12-06,Active
CUS008781,INS000003,Yoshita,Dara,1968-07-20,Female,Surat,Gujarat,India,2023-02-19,Active
CUS008782,INS000002,Mitesh,Biswas,2002-11-12,Female,Kochi,Kerala,India,2026-02-02,Active
CUS008783,INS000001,Nirja,Pandey,1960-12-05,Female,Indore,Madhya Pradesh,India,2025-10-14,Active
CUS008784,INS000001,Jatin,Bajwa,2008-02-13,Female,Pune,Maharashtra,India,2025-02-11,Active
CUS008785,INS000003,Vinaya,Palla,1963-05-16,Female,Bhubaneswar,Odisha,India,2024-07-12,Active
CUS008786,INS000001,Abhimanyu,Sunder,2006-02-14,Male,Ahmedabad,Gujarat,India,2024-06-22,Active
CUS008787,INS000003,Nachiket,Radhakrishnan,1969-08-26,Female,Kochi,Kerala,India,2025-06-29,Active
CUS008788,INS000003,Zashil,Magar,1990-09-29,Female,Lucknow,Uttar Pradesh,India,2022-10-08,Active
CUS008789,INS000001,Upkaar,Mandal,1967-09-17,Male,Bhubaneswar,Odisha,India,2024-08-09,Inactive
CUS008790,INS000005,Upma,Shan,1992-12-27,Female,Chennai,Tamil Nadu,India,2022-03-29,Active
CUS008791,INS000003,Megha,Mander,1985-03-08,Male,Lucknow,Uttar Pradesh,India,2022-04-13,Active
CUS008792,INS000001,Kavya,Srinivasan,1961-02-06,Female,Chennai,Tamil Nadu,India,2023-01-26,Active
CUS008793,INS000005,Chandani,Amble,1969-07-04,Female,Nagpur,Maharashtra,India,2018-10-21,Active
CUS008794,INS000003,Janya,Bedi,1996-08-15,Male,Mysuru,Karnataka,India,2023-11-15,Active
CUS008795,INS000005,Priya,Agarwal,1983-04-15,Male,Delhi,Delhi,India,2020-09-14,Active
CUS008796,INS000004,Qabil,Dey,1976-04-16,Female,Jaipur,Rajasthan,India,2019-07-10,Active
CUS008797,INS000004,Amruta,Salvi,1976-05-28,Female,Ahmedabad,Gujarat,India,2018-10-25,Active
CUS008798,INS000005,Ikbal,Shetty,1985-05-18,Male,Patna,Bihar,India,2026-08-07,Active
CUS008799,INS000003,Reva,Randhawa,2007-08-04,Female,Bhopal,Madhya Pradesh,India,2025-03-06,Active
CUS008800,INS000001,Reva,Mohan,1955-09-20,Female,Thane,Maharashtra,India,2021-11-18,Active
CUS008801,INS000002,Neel,More,1990-01-28,Female,Kolkata,West Bengal,India,2024-01-13,Active
CUS008802,INS000001,Logan,Saran,1996-02-23,Male,Mysuru,Karnataka,India,2026-03-08,Active
CUS008803,INS000002,Irya,Taneja,2007-12-28,Female,Kochi,Kerala,India,2022-07-26,Active
CUS008804,INS000002,Radha,Rattan,1996-11-08,Male,Mumbai,Maharashtra,India,2026-08-04,Active
CUS008805,INS000003,Abdul,Mishra,1963-07-25,Female,Nagpur,Maharashtra,India,2020-02-16,Active
CUS008806,INS000005,Jagrati,Sem,1991-09-14,Female,Patna,Bihar,India,2022-08-03,Active
CUS008807,INS000001,Rushil,Sengupta,1994-08-07,Male,Delhi,Delhi,India,2023-08-31,Active
CUS008808,INS000005,Indrajit,More,1977-09-23,Female,Delhi,Delhi,India,2024-09-09,Active
CUS008809,INS000004,Ranveer,Chakraborty,2006-12-14,Male,Chennai,Tamil Nadu,India,2018-11-10,Active
CUS008810,INS000003,Bhavani,Saini,1976-03-30,Female,Nagpur,Maharashtra,India,2025-05-14,Active
CUS008811,INS000003,Banjeet,Jaggi,1965-02-08,Female,Pune,Maharashtra,India,2021-03-25,Active
CUS008812,INS000004,Kiaan,Rajan,1995-02-03,Female,Mumbai,Maharashtra,India,2020-05-24,Active
CUS008813,INS000001,Megha,Palan,1990-03-16,Female,Surat,Gujarat,India,2025-04-29,Active
CUS008814,INS000004,Oviya,Sandhu,1955-09-10,Female,Bhopal,Madhya Pradesh,India,2024-09-06,Inactive
CUS008815,INS000001,Garima,Bandi,1973-03-02,Female,Hyderabad,Telangana,India,2019-07-12,Active
CUS008816,INS000002,Azad,Kurian,1982-06-21,Female,Hyderabad,Telangana,India,2023-04-30,Active
CUS008817,INS000003,Naveen,Narayanan,2007-05-19,Male,Kolkata,West Bengal,India,2021-03-28,Active
CUS008818,INS000001,Rushil,Bali,1999-11-02,Female,Mumbai,Maharashtra,India,2025-05-20,Active
CUS008819,INS000005,Varenya,Bajaj,2006-09-29,Female,Mumbai,Maharashtra,India,2022-10-25,Active
CUS008820,INS000005,Amaira,Ray,1983-09-08,Male,Kolkata,West Bengal,India,2022-01-08,Active
CUS008821,INS000003,Jagat,Konda,2003-06-22,Male,Mumbai,Maharashtra,India,2022-03-09,Active
CUS008822,INS000004,Oviya,Pandit,1952-11-10,Male,Mysuru,Karnataka,India,2020-08-31,Active
CUS008823,INS000004,Vrinda,Murty,1994-06-24,Male,Surat,Gujarat,India,2021-08-01,Active
CUS008824,INS000001,Warhi,Kannan,2001-07-15,Male,Mumbai,Maharashtra,India,2024-10-24,Active
CUS008825,INS000004,Joshua,Singhal,1988-11-03,Female,Bengaluru,Karnataka,India,2018-12-19,Active
CUS008826,INS000003,Ekta,Issac,2006-07-12,Female,Pune,Maharashtra,India,2020-03-26,Active
CUS008827,INS000001,Mugdha,Barad,1961-02-16,Female,Thane,Maharashtra,India,2020-08-02,Active
CUS008828,INS000002,Yachana,Raju,1995-08-24,Male,Thane,Maharashtra,India,2022-03-14,Active
CUS008829,INS000004,Lopa,Magar,1962-04-14,Female,Patna,Bihar,India,2025-12-02,Active
CUS008830,INS000004,Karan,Sandhu,1991-09-28,Female,Chennai,Tamil Nadu,India,2024-10-09,Active
CUS008831,INS000001,Imaran,Grewal,1985-02-12,Female,Ahmedabad,Gujarat,India,2020-12-13,Active
CUS008832,INS000005,Hritik,Shetty,1972-05-28,Female,Pune,Maharashtra,India,2020-10-06,Active
CUS008833,INS000004,Ansh,Sastry,1951-01-19,Male,Pune,Maharashtra,India,2022-07-05,Active
CUS008834,INS000003,Jonathan,Brar,1980-05-31,Other,Indore,Madhya Pradesh,India,2025-06-10,Active
CUS008835,INS000004,Nachiket,Choudhary,1966-05-24,Female,Hyderabad,Telangana,India,2025-11-26,Active
CUS008836,INS000002,Hemangini,Parmar,1975-09-11,Male,Nagpur,Maharashtra,India,2021-06-19,Active
CUS008837,INS000004,Xiti,Devan,1994-01-02,Male,Bengaluru,Karnataka,India,2020-05-06,Active
CUS008838,INS000005,Agastya,Rai,1958-02-19,Male,Mumbai,Maharashtra,India,2022-05-22,Active
CUS008839,INS000004,Warjas,Kapoor,1980-01-16,Male,Surat,Gujarat,India,2021-03-10,Active
CUS008840,INS000001,Charles,Nagi,1984-02-10,Male,Kolkata,West Bengal,India,2024-06-29,Inactive
CUS008841,INS000004,Hema,Jha,1980-07-17,Female,Lucknow,Uttar Pradesh,India,2025-11-10,Active
CUS008842,INS000005,Pushti,Bawa,1986-05-31,Female,Mumbai,Maharashtra,India,2018-09-08,Active
CUS008843,INS000001,Abhiram,Prabhakar,1963-10-13,Female,Patna,Bihar,India,2020-08-26,Active
CUS008844,INS000003,Radha,Shukla,1990-06-10,Female,Kochi,Kerala,India,2022-09-20,Inactive
CUS008845,INS000001,Varsha,Anand,2004-01-01,Female,Patna,Bihar,India,2025-09-23,Active
CUS008846,INS000002,Bimala,Gola,1966-11-19,Female,Jaipur,Rajasthan,India,2019-10-17,Active
CUS008847,INS000001,Baghyawati,Pillai,2002-12-12,Other,Jaipur,Rajasthan,India,2022-11-26,Inactive
CUS008848,INS000003,Vedika,Palla,1993-07-19,Male,Bengaluru,Karnataka,India,2025-03-19,Active
CUS008849,INS000004,Fitan,Choudhary,1993-12-20,Female,Hyderabad,Telangana,India,2019-04-04,Active
CUS008850,INS000001,Pushti,Edwin,1992-12-21,Female,Kolkata,West Bengal,India,2018-11-16,Active
CUS008851,INS000001,Yug,Wadhwa,1983-10-17,Male,Ahmedabad,Gujarat,India,2024-05-04,Active
CUS008852,INS000001,Michael,Dyal,1994-05-25,Female,Mysuru,Karnataka,India,2024-11-28,Active
CUS008853,INS000001,Yasti,Shere,1978-05-24,Female,Hyderabad,Telangana,India,2019-06-18,Active
CUS008854,INS000003,Rachit,Sachdev,2001-11-12,Female,Patna,Bihar,India,2021-02-24,Active
CUS008855,INS000005,Zaid,Jhaveri,1999-08-25,Male,Lucknow,Uttar Pradesh,India,2019-09-30,Active
CUS008856,INS000005,Avni,Sandhu,1957-12-11,Female,Chennai,Tamil Nadu,India,2026-02-03,Active
CUS008857,INS000001,Ishwar,Mistry,1956-09-12,Male,Chandigarh,Chandigarh,India,2019-12-28,Active
CUS008858,INS000003,Adya,Keer,2003-03-04,Male,Indore,Madhya Pradesh,India,2022-06-21,Active
CUS008859,INS000003,Yug,Brar,1969-08-24,Male,Bhopal,Madhya Pradesh,India,2025-12-25,Active
CUS008860,INS000001,Pushti,Murthy,1973-06-13,Female,Thane,Maharashtra,India,2024-10-27,Active
CUS008861,INS000002,Rushil,Mann,1953-06-03,Female,Kolkata,West Bengal,India,2024-01-31,Active
CUS008862,INS000001,Urvi,Vohra,1996-01-09,Male,Ahmedabad,Gujarat,India,2023-03-08,Active
CUS008863,INS000002,Harshil,Nayak,1999-11-04,Female,Chandigarh,Chandigarh,India,2024-04-19,Active
CUS008864,INS000001,Yadavi,Ramaswamy,1962-11-08,Male,Lucknow,Uttar Pradesh,India,2022-07-16,Inactive
CUS008865,INS000002,Pratyush,Palla,1989-11-08,Male,Indore,Madhya Pradesh,India,2024-01-13,Active
CUS008866,INS000002,Ranbir,Manda,1993-12-29,Female,Indore,Madhya Pradesh,India,2019-06-07,Active
CUS008867,INS000001,Manthan,Sachdev,2001-10-02,Male,Bhubaneswar,Odisha,India,2024-08-26,Active
CUS008868,INS000002,Veer,Saran,1989-11-05,Female,Nagpur,Maharashtra,India,2022-01-25,Active
CUS008869,INS000004,Jai,Kota,2001-10-15,Male,Bhubaneswar,Odisha,India,2023-05-26,Active
CUS008870,INS000005,Kevin,Misra,1959-01-16,Male,Bhubaneswar,Odisha,India,2026-07-06,Inactive
CUS008871,INS000003,Nandini,Narayanan,1971-10-20,Female,Pune,Maharashtra,India,2019-09-23,Active
CUS008872,INS000002,Balvan,Lala,1987-11-17,Female,Mysuru,Karnataka,India,2018-09-22,Active
CUS008873,INS000002,Anusha,Master,2005-04-26,Male,Kolkata,West Bengal,India,2018-10-26,Inactive
CUS008874,INS000003,Rehaan,Kant,2000-07-11,Female,Lucknow,Uttar Pradesh,India,2025-05-25,Active
CUS008875,INS000002,Madhav,Mohanty,1980-04-20,Female,Surat,Gujarat,India,2022-05-01,Active
CUS008876,INS000003,Pooja,Kurian,1980-04-29,Female,Surat,Gujarat,India,2021-12-28,Active
CUS008877,INS000001,Andrew,Bora,1956-09-07,Male,Nagpur,Maharashtra,India,2026-02-08,Active
CUS008878,INS000004,Ryan,Mody,1995-06-08,Female,Kochi,Kerala,India,2022-09-19,Active
CUS008879,INS000004,Gavin,Dara,1965-07-30,Female,Chennai,Tamil Nadu,India,2025-01-08,Active
CUS008880,INS000005,Charan,Randhawa,1964-03-22,Male,Mysuru,Karnataka,India,2023-09-30,Active
CUS008881,INS000002,Lajita,Konda,1983-12-22,Female,Jaipur,Rajasthan,India,2023-04-06,Active
CUS008882,INS000005,Nikita,Kibe,1973-07-25,Female,Chennai,Tamil Nadu,India,2023-04-26,Active
CUS008883,INS000001,Damini,Kuruvilla,1964-09-04,Female,Mysuru,Karnataka,India,2019-10-14,Active
CUS008884,INS000004,Vihaan,Majumdar,1991-11-19,Female,Lucknow,Uttar Pradesh,India,2025-09-17,Inactive
CUS008885,INS000001,Tristan,Seshadri,2002-08-08,Female,Bhubaneswar,Odisha,India,2020-04-14,Active
CUS008886,INS000001,Gayathri,Mane,1951-02-05,Female,Kochi,Kerala,India,2023-08-30,Active
CUS008887,INS000002,Pooja,Kara,1950-11-02,Female,Thane,Maharashtra,India,2019-06-20,Active
CUS008888,INS000001,Varenya,Madan,1964-05-11,Female,Patna,Bihar,India,2018-08-31,Active
CUS008889,INS000004,Darsh,Rout,1984-09-01,Female,Surat,Gujarat,India,2025-12-29,Inactive
CUS008890,INS000005,Yashvi,Lalla,1986-04-19,Male,Kochi,Kerala,India,2023-08-31,Active
CUS008891,INS000004,Prisha,Badal,2007-06-15,Male,Kochi,Kerala,India,2019-03-25,Active
CUS008892,INS000002,Charan,Vora,1999-11-18,Female,Hyderabad,Telangana,India,2022-07-19,Active
CUS008893,INS000004,Daksha,Garg,2005-04-10,Male,Hyderabad,Telangana,India,2020-03-08,Active
CUS008894,INS000003,Imaran,Dhingra,1988-07-02,Female,Delhi,Delhi,India,2026-07-27,Active
CUS008895,INS000005,Amruta,Kapur,1967-11-02,Female,Patna,Bihar,India,2021-03-29,Active
CUS008896,INS000003,Januja,Batta,1966-08-25,Female,Surat,Gujarat,India,2022-04-08,Active
CUS008897,INS000003,Avni,Narasimhan,1977-06-06,Other,Lucknow,Uttar Pradesh,India,2025-11-07,Active
CUS008898,INS000002,Indali,Tella,2002-11-03,Female,Jaipur,Rajasthan,India,2019-01-26,Active
CUS008899,INS000001,Omya,Salvi,1988-11-06,Male,Bhopal,Madhya Pradesh,India,2024-02-10,Active
CUS008900,INS000003,Yatin,Dave,2001-01-13,Female,Bhopal,Madhya Pradesh,India,2024-02-21,Active
CUS008901,INS000004,Ekaja,Sood,1968-07-25,Male,Mumbai,Maharashtra,India,2021-11-17,Active
CUS008902,INS000001,Champak,Kamdar,1956-12-31,Male,Mysuru,Karnataka,India,2024-05-09,Active
CUS008903,INS000004,Qabil,Walia,2006-06-16,Male,Lucknow,Uttar Pradesh,India,2022-06-22,Active
CUS008904,INS000004,Banjeet,Vig,1976-10-23,Male,Bhubaneswar,Odisha,India,2021-11-16,Active
CUS008905,INS000001,Aadi,Madan,1984-04-30,Male,Kochi,Kerala,India,2022-08-28,Active
CUS008906,INS000001,Charles,Chaudhry,1998-08-24,Male,Surat,Gujarat,India,2022-08-29,Active
CUS008907,INS000004,Ekanta,Krish,1993-09-28,Female,Surat,Gujarat,India,2022-10-22,Active
CUS008908,INS000002,Simon,Dugar,1958-06-16,Female,Hyderabad,Telangana,India,2022-09-06,Active
CUS008909,INS000005,Bhavika,Chawla,1987-09-26,Male,Hyderabad,Telangana,India,2024-12-23,Active
CUS008910,INS000005,Urmi,Anand,2004-04-28,Male,Kochi,Kerala,India,2020-07-09,Active
CUS008911,INS000002,Ati,Sehgal,1967-02-13,Female,Lucknow,Uttar Pradesh,India,2022-04-28,Active
CUS008912,INS000001,Harrison,Dayal,1964-01-27,Female,Chandigarh,Chandigarh,India,2021-08-15,Active
CUS008913,INS000004,Raagini,Bhat,1995-03-07,Female,Ahmedabad,Gujarat,India,2018-10-09,Active
CUS008914,INS000005,Qasim,Ghose,1998-10-05,Male,Lucknow,Uttar Pradesh,India,2019-02-21,Active
CUS008915,INS000004,Zayyan,Contractor,2008-03-23,Female,Ahmedabad,Gujarat,India,2024-03-21,Active
CUS008916,INS000002,Vyanjana,Srinivas,1956-12-05,Female,Hyderabad,Telangana,India,2019-03-22,Active
CUS008917,INS000004,Januja,Bassi,1973-04-12,Female,Delhi,Delhi,India,2026-03-20,Active
CUS008918,INS000002,Gaurika,Srinivas,2004-12-05,Male,Bengaluru,Karnataka,India,2021-05-01,Active
CUS008919,INS000001,Daksha,Narain,1993-02-24,Male,Ahmedabad,Gujarat,India,2019-01-16,Active
CUS008920,INS000002,Isaac,Mitra,1965-01-26,Male,Mysuru,Karnataka,India,2022-03-17,Active
CUS008921,INS000002,Gunbir,Venkataraman,1984-03-23,Male,Hyderabad,Telangana,India,2022-12-05,Active
CUS008922,INS000005,Agastya,Pall,2003-12-09,Female,Kochi,Kerala,India,2023-03-11,Active
CUS008923,INS000004,Kalpit,Hans,1962-09-27,Female,Bhubaneswar,Odisha,India,2023-06-23,Active
CUS008924,INS000005,Garima,Mangat,1986-01-19,Female,Delhi,Delhi,India,2025-01-08,Active
CUS008925,INS000003,Jalsa,Sachar,1969-09-15,Female,Hyderabad,Telangana,India,2022-06-06,Active
CUS008926,INS000002,Janaki,Prabhakar,1986-12-13,Female,Mysuru,Karnataka,India,2022-11-20,Active
CUS008927,INS000003,Kamya,Nayar,1991-10-26,Male,Nagpur,Maharashtra,India,2025-04-15,Active
CUS008928,INS000005,Wazir,Sodhi,1983-07-12,Other,Kochi,Kerala,India,2025-09-27,Active
CUS008929,INS000004,Anya,Deo,1953-09-29,Female,Thane,Maharashtra,India,2020-09-23,Active
CUS008930,INS000005,Shivansh,Dass,1997-09-20,Male,Bhopal,Madhya Pradesh,India,2019-01-25,Active
CUS008931,INS000004,Leena,Barad,1991-06-09,Male,Lucknow,Uttar Pradesh,India,2022-12-23,Active
CUS008932,INS000004,Gagan,Konda,1983-10-18,Female,Mumbai,Maharashtra,India,2020-03-06,Active
CUS008933,INS000001,Hitesh,Anne,1975-06-30,Female,Delhi,Delhi,India,2026-01-18,Inactive
CUS008934,INS000002,Kalpit,Basak,1979-12-19,Male,Kolkata,West Bengal,India,2020-10-14,Active
CUS008935,INS000005,Jai,Mittal,1968-10-28,Female,Thane,Maharashtra,India,2020-04-04,Active
CUS008936,INS000004,Benjamin,Mall,1980-01-11,Female,Kolkata,West Bengal,India,2019-02-03,Active
CUS008937,INS000005,Rayaan,Sant,1963-07-14,Female,Patna,Bihar,India,2025-09-10,Active
CUS008938,INS000005,Reyansh,Modi,1989-07-28,Male,Ahmedabad,Gujarat,India,2022-10-11,Active
CUS008939,INS000004,Sanaya,Raj,1969-09-25,Male,Pune,Maharashtra,India,2024-02-07,Active
CUS008940,INS000003,Hardik,Bhatt,1989-03-25,Female,Chennai,Tamil Nadu,India,2025-05-29,Active
CUS008941,INS000002,Falan,Divan,1996-11-06,Female,Pune,Maharashtra,India,2023-05-08,Active
CUS008942,INS000002,Hemal,Kapoor,1954-10-12,Male,Mumbai,Maharashtra,India,2026-04-13,Active
CUS008943,INS000001,Charvi,Bhagat,1978-04-07,Male,Thane,Maharashtra,India,2019-01-19,Active
CUS008944,INS000001,Urvi,Bala,1968-07-19,Male,Bhopal,Madhya Pradesh,India,2022-04-03,Active
CUS008945,INS000001,Saksham,Dhaliwal,1998-05-20,Male,Hyderabad,Telangana,India,2019-06-20,Active
CUS008946,INS000002,Mitesh,Parekh,2008-01-29,Female,Surat,Gujarat,India,2021-02-09,Active
CUS008947,INS000003,Caleb,Chhabra,1989-11-17,Other,Bhubaneswar,Odisha,India,2022-02-04,Active
CUS008948,INS000002,Joshua,Deshpande,1978-12-14,Male,Ahmedabad,Gujarat,India,2024-06-03,Active
CUS008949,INS000002,Rehaan,Contractor,2006-01-02,Male,Patna,Bihar,India,2020-07-29,Active
CUS008950,INS000002,Omya,Jani,1962-10-23,Female,Lucknow,Uttar Pradesh,India,2022-07-09,Active
CUS008951,INS000002,Zayyan,Shenoy,2008-05-16,Male,Bhopal,Madhya Pradesh,India,2018-08-10,Active
CUS008952,INS000003,Idika,Nath,1988-06-04,Female,Bhopal,Madhya Pradesh,India,2020-02-27,Active
CUS008953,INS000001,Jasmit,Ramaswamy,1956-04-11,Female,Bhubaneswar,Odisha,India,2024-07-10,Active
CUS008954,INS000005,Saumya,Parekh,1990-06-06,Female,Ahmedabad,Gujarat,India,2019-02-24,Active
CUS008955,INS000001,Jacob,Wadhwa,1977-08-17,Male,Mysuru,Karnataka,India,2021-12-29,Active
CUS008956,INS000001,Rajata,Ramanathan,2006-02-15,Male,Bhubaneswar,Odisha,India,2022-10-04,Active
CUS008957,INS000005,Ekansh,Gupta,1956-01-18,Female,Chennai,Tamil Nadu,India,2019-11-22,Active
CUS008958,INS000002,Vasudha,Narayanan,2004-01-12,Male,Mysuru,Karnataka,India,2018-09-04,Active
CUS008959,INS000003,Oni,Nazareth,1987-07-16,Male,Bhopal,Madhya Pradesh,India,2026-04-17,Active
CUS008960,INS000003,Yahvi,Sinha,1961-10-24,Female,Mysuru,Karnataka,India,2020-03-25,Active
CUS008961,INS000001,Anthony,Agate,1988-09-28,Female,Kolkata,West Bengal,India,2024-06-21,Active
CUS008962,INS000005,Ojas,Sani,1987-11-01,Female,Pune,Maharashtra,India,2021-09-28,Active
CUS008963,INS000004,Anusha,Brar,1950-10-02,Male,Jaipur,Rajasthan,India,2025-09-14,Active
CUS008964,INS000002,Kai,Kamdar,1980-01-22,Female,Hyderabad,Telangana,India,2020-06-19,Active
CUS008965,INS000001,Bimala,Biswas,1963-03-29,Female,Mysuru,Karnataka,India,2018-08-17,Active
CUS008966,INS000003,Chakradev,Lal,1984-06-19,Male,Bhopal,Madhya Pradesh,India,2019-08-01,Active
CUS008967,INS000005,Darsh,Patel,1959-03-22,Female,Chennai,Tamil Nadu,India,2026-04-25,Active
CUS008968,INS000005,Ranveer,Misra,1962-01-18,Male,Mysuru,Karnataka,India,2025-02-05,Active
CUS008969,INS000001,Mitali,Gulati,1991-11-16,Male,Bhubaneswar,Odisha,India,2023-04-13,Active
CUS008970,INS000004,Warda,Lad,1969-04-01,Male,Ahmedabad,Gujarat,India,2022-10-20,Active
CUS008971,INS000003,Yochana,Narang,1951-05-24,Female,Chandigarh,Chandigarh,India,2022-04-10,Active
CUS008972,INS000001,Falan,Ranganathan,2003-01-17,Female,Indore,Madhya Pradesh,India,2019-09-10,Active
CUS008973,INS000004,Noah,Rama,1974-04-24,Male,Patna,Bihar,India,2020-09-12,Active
CUS008974,INS000005,Raksha,Kant,1984-09-11,Male,Bhubaneswar,Odisha,India,2025-12-17,Active
CUS008975,INS000002,Yashodhara,Chad,1970-04-29,Male,Hyderabad,Telangana,India,2021-11-10,Active
CUS008976,INS000003,Leena,Bora,2005-12-06,Male,Chennai,Tamil Nadu,India,2026-03-24,Active
CUS008977,INS000003,Madhavi,Kapoor,1969-12-01,Male,Bhubaneswar,Odisha,India,2024-11-01,Active
CUS008978,INS000004,Nandini,Prabhakar,1995-01-08,Male,Mumbai,Maharashtra,India,2020-05-09,Active
CUS008979,INS000001,Anita,Bava,1992-10-29,Male,Kolkata,West Bengal,India,2025-02-15,Active
CUS008980,INS000005,Samuel,Jayaraman,1963-08-09,Female,Mumbai,Maharashtra,India,2022-07-22,Active
CUS008981,INS000004,Qarin,Minhas,1994-12-21,Female,Delhi,Delhi,India,2023-10-01,Active
CUS008982,INS000002,Aarush,Goswami,2006-05-26,Female,Pune,Maharashtra,India,2021-08-26,Active
CUS008983,INS000002,Nathaniel,Halder,2004-07-10,Male,Thane,Maharashtra,India,2019-05-17,Active
CUS008984,INS000002,Tejas,Reddy,1990-03-28,Male,Kolkata,West Bengal,India,2019-06-01,Active
CUS008985,INS000004,Aditya,Dugar,1973-05-15,Male,Hyderabad,Telangana,India,2024-04-23,Active
CUS008986,INS000005,Yochana,Deshmukh,1961-12-11,Male,Pune,Maharashtra,India,2022-11-13,Active
CUS008987,INS000003,Tamanna,Bandi,1977-03-14,Male,Pune,Maharashtra,India,2022-01-08,Active
CUS008988,INS000001,Yahvi,Kothari,1968-10-14,Female,Thane,Maharashtra,India,2020-09-08,Active
CUS008989,INS000003,Aashi,Hayer,1989-07-08,Female,Kolkata,West Bengal,India,2020-03-06,Active
CUS008990,INS000005,Chavvi,Mukherjee,1969-10-19,Male,Jaipur,Rajasthan,India,2025-12-11,Active
CUS008991,INS000003,Thomas,Shankar,1957-06-30,Male,Mumbai,Maharashtra,India,2025-11-29,Active
CUS008992,INS000004,Chaman,Master,1986-09-27,Female,Patna,Bihar,India,2024-08-20,Active
CUS008993,INS000002,Amrita,Goswami,1959-08-23,Male,Bengaluru,Karnataka,India,2019-06-14,Active
CUS008994,INS000005,Jagat,Lanka,1985-01-24,Female,Bhubaneswar,Odisha,India,2026-02-27,Active
CUS008995,INS000005,Onveer,Ray,1953-09-17,Other,Surat,Gujarat,India,2024-10-10,Active
CUS008996,INS000003,Udarsh,Johal,1958-09-13,Other,Mysuru,Karnataka,India,2021-04-14,Active
CUS008997,INS000004,Chakradev,Chokshi,1958-01-08,Male,Patna,Bihar,India,2020-01-16,Active
CUS008998,INS000003,Wazir,Bahl,1966-02-19,Male,Lucknow,Uttar Pradesh,India,2022-04-01,Active
CUS008999,INS000003,Bishakha,Mitra,1978-11-12,Male,Kochi,Kerala,India,2024-02-19,Active
CUS009000,INS000005,Balveer,Kata,1967-07-16,Female,Indore,Madhya Pradesh,India,2021-10-26,Active
CUS009001,INS000003,Manbir,Seshadri,1996-07-19,Female,Nagpur,Maharashtra,India,2020-09-05,Active
CUS009002,INS000002,Arunima,Sagar,1969-09-22,Female,Bhubaneswar,Odisha,India,2021-12-26,Inactive
CUS009003,INS000003,Kiaan,Thaman,1952-07-15,Female,Chennai,Tamil Nadu,India,2025-07-12,Active
CUS009004,INS000002,Anamika,Randhawa,1964-09-11,Female,Mumbai,Maharashtra,India,2022-02-02,Active
CUS009005,INS000005,Charan,Zachariah,1971-04-21,Female,Chandigarh,Chandigarh,India,2025-06-21,Active
CUS009006,INS000004,Yuvraj,Bala,1971-12-15,Female,Kolkata,West Bengal,India,2021-07-12,Active
CUS009007,INS000002,Shivansh,Bali,1990-11-26,Female,Ahmedabad,Gujarat,India,2020-08-08,Active
CUS009008,INS000004,Jack,Murthy,2007-10-31,Female,Mumbai,Maharashtra,India,2020-11-13,Inactive
CUS009009,INS000004,Aarav,Dhaliwal,1953-01-11,Male,Lucknow,Uttar Pradesh,India,2023-09-10,Active
CUS009010,INS000002,Idika,Mand,2007-07-22,Female,Lucknow,Uttar Pradesh,India,2025-04-01,Active
CUS009011,INS000005,Jyoti,Raj,1952-09-24,Male,Kochi,Kerala,India,2023-03-27,Active
CUS009012,INS000001,Ekta,Bedi,1974-06-11,Male,Bengaluru,Karnataka,India,2023-10-04,Active
CUS009013,INS000004,Fiyaz,Dua,1977-11-16,Female,Bhopal,Madhya Pradesh,India,2020-04-27,Active
CUS009014,INS000004,Aishani,Chakraborty,1954-11-15,Female,Mysuru,Karnataka,India,2022-02-21,Active
CUS009015,INS000005,Kiaan,Sur,1974-11-07,Female,Ahmedabad,Gujarat,India,2023-04-07,Active
CUS009016,INS000005,Nilima,Sarma,1968-07-13,Male,Chandigarh,Chandigarh,India,2022-03-18,Active
CUS009017,INS000003,Chaitaly,Mangal,2004-12-12,Female,Bhubaneswar,Odisha,India,2021-12-29,Active
CUS009018,INS000005,Ekta,Bhatt,1996-08-05,Male,Bhopal,Madhya Pradesh,India,2021-07-04,Active
CUS009019,INS000004,Dakshesh,Shroff,1983-04-16,Female,Hyderabad,Telangana,India,2022-07-26,Inactive
CUS009020,INS000002,Advaith,Lall,1996-12-17,Male,Chennai,Tamil Nadu,India,2019-03-11,Active
CUS009021,INS000001,Ishani,Guha,1996-12-14,Female,Lucknow,Uttar Pradesh,India,2025-03-10,Active
CUS009022,INS000003,Theodore,Barad,1957-01-17,Female,Mysuru,Karnataka,India,2024-03-22,Active
CUS009023,INS000002,Ati,Mittal,1959-11-21,Male,Mumbai,Maharashtra,India,2020-12-29,Active
CUS009024,INS000001,Patrick,Johal,1982-07-24,Female,Ahmedabad,Gujarat,India,2023-01-07,Active
CUS009025,INS000001,Aahana,Nagar,1965-01-22,Female,Hyderabad,Telangana,India,2025-05-28,Active
CUS009026,INS000001,Amol,Bhardwaj,1989-01-13,Male,Chandigarh,Chandigarh,India,2022-01-23,Active
CUS009027,INS000002,Hitesh,Dubey,1956-01-04,Male,Bhubaneswar,Odisha,India,2025-09-25,Active
CUS009028,INS000003,Lavanya,Kari,1987-06-04,Male,Nagpur,Maharashtra,India,2019-03-14,Active
CUS009029,INS000003,Aarini,Yadav,1978-04-21,Male,Mumbai,Maharashtra,India,2021-05-31,Active
CUS009030,INS000001,Samuel,Peri,1993-01-30,Female,Ahmedabad,Gujarat,India,2025-03-26,Active
CUS009031,INS000002,Riya,Batta,1996-03-03,Other,Pune,Maharashtra,India,2025-09-21,Active
CUS009032,INS000001,Thomas,Gade,1999-06-25,Male,Indore,Madhya Pradesh,India,2025-02-24,Active
CUS009033,INS000005,Ekta,Edwin,1969-06-12,Male,Pune,Maharashtra,India,2019-09-09,Active
CUS009034,INS000003,Amruta,Mand,1975-12-25,Female,Thane,Maharashtra,India,2024-01-11,Active
CUS009035,INS000004,Samar,Sami,1974-02-07,Male,Kochi,Kerala,India,2026-04-06,Active
CUS009036,INS000001,Megha,Raman,2003-02-27,Male,Kolkata,West Bengal,India,2026-05-30,Active
CUS009037,INS000005,Nachiket,Nigam,1960-05-24,Male,Bhopal,Madhya Pradesh,India,2024-03-01,Active
CUS009038,INS000003,Sanaya,Golla,1959-04-08,Female,Surat,Gujarat,India,2023-07-27,Active
CUS009039,INS000002,Vincent,Sen,2007-05-08,Female,Thane,Maharashtra,India,2020-07-31,Active
CUS009040,INS000003,Radha,Nayar,1988-04-01,Female,Nagpur,Maharashtra,India,2026-06-16,Active
CUS009041,INS000002,Jyoti,Dutta,1988-08-29,Male,Bengaluru,Karnataka,India,2022-10-21,Active
CUS009042,INS000002,Manbir,Issac,1987-04-11,Female,Delhi,Delhi,India,2020-07-14,Active
CUS009043,INS000001,Varenya,Iyer,1971-10-02,Female,Mysuru,Karnataka,India,2023-04-30,Active
CUS009044,INS000001,Girik,Deol,1967-10-09,Female,Mumbai,Maharashtra,India,2024-03-18,Inactive
CUS009045,INS000003,Warhi,Venkatesh,1974-12-01,Male,Bhubaneswar,Odisha,India,2018-12-25,Active
CUS009046,INS000005,Pratyush,Dua,1990-11-29,Female,Hyderabad,Telangana,India,2024-11-25,Active
CUS009047,INS000003,Tripti,Kaur,1965-01-01,Female,Surat,Gujarat,India,2022-08-12,Active
CUS009048,INS000004,Qasim,Andra,1950-11-08,Male,Jaipur,Rajasthan,India,2023-03-20,Inactive
CUS009049,INS000002,Patrick,Deshpande,1965-06-27,Male,Jaipur,Rajasthan,India,2022-01-24,Active
CUS009050,INS000002,Ranbir,Babu,1972-01-17,Female,Mumbai,Maharashtra,India,2024-05-26,Inactive
CUS009051,INS000001,Vritti,Desai,1997-08-27,Female,Ahmedabad,Gujarat,India,2020-01-12,Active
CUS009052,INS000005,Pranit,Narayanan,1970-04-30,Female,Bhopal,Madhya Pradesh,India,2018-09-24,Active
CUS009053,INS000001,Baghyawati,Rattan,1969-11-29,Female,Jaipur,Rajasthan,India,2025-01-29,Active
CUS009054,INS000004,Ansh,Chokshi,1957-11-29,Female,Pune,Maharashtra,India,2019-04-11,Active
CUS009055,INS000003,Dayita,Kale,1974-04-05,Male,Ahmedabad,Gujarat,India,2025-12-20,Active
CUS009056,INS000003,Nicholas,Jayaraman,1991-07-14,Male,Jaipur,Rajasthan,India,2019-03-20,Inactive
CUS009057,INS000005,Peter,Anne,1975-06-20,Other,Nagpur,Maharashtra,India,2026-03-05,Active
CUS009058,INS000001,Meera,Karpe,1979-08-02,Male,Jaipur,Rajasthan,India,2018-10-27,Active
CUS009059,INS000001,Raghav,Bains,1978-11-12,Male,Patna,Bihar,India,2023-09-26,Inactive
CUS009060,INS000004,Ekaraj,Kanda,1981-11-10,Female,Thane,Maharashtra,India,2020-06-02,Active
CUS009061,INS000003,Luke,Hora,1997-02-12,Female,Mumbai,Maharashtra,India,2021-11-08,Active
CUS009062,INS000001,Ekbal,Kulkarni,1968-09-03,Male,Patna,Bihar,India,2022-10-03,Active
CUS009063,INS000005,Pooja,Rege,1996-08-18,Male,Chennai,Tamil Nadu,India,2025-06-18,Active
CUS009064,INS000003,Yatan,Sidhu,1964-01-23,Male,Bhubaneswar,Odisha,India,2020-11-24,Active
CUS009065,INS000004,Suhani,Sastry,1958-07-17,Male,Nagpur,Maharashtra,India,2023-06-20,Active
CUS009066,INS000005,Neha,Bir,1974-05-18,Female,Indore,Madhya Pradesh,India,2023-06-10,Active
CUS009067,INS000002,Harish,Das,2007-10-19,Male,Bhopal,Madhya Pradesh,India,2022-07-23,Inactive
CUS009068,INS000004,Laksh,Sangha,1984-01-16,Female,Ahmedabad,Gujarat,India,2020-03-30,Active
CUS009069,INS000005,Advik,Shan,1985-06-08,Female,Chennai,Tamil Nadu,India,2022-05-28,Active
CUS009070,INS000001,Harish,Patla,1965-11-05,Female,Chandigarh,Chandigarh,India,2020-10-31,Inactive
CUS009071,INS000002,Krishna,Anne,1998-05-13,Male,Bhubaneswar,Odisha,India,2022-07-10,Active
CUS009072,INS000004,Leena,Sarma,1952-08-26,Female,Hyderabad,Telangana,India,2019-12-15,Active
CUS009073,INS000001,Ansh,Sane,1980-09-25,Male,Jaipur,Rajasthan,India,2020-12-02,Active
CUS009074,INS000002,Imaran,Dhar,1990-11-14,Male,Mumbai,Maharashtra,India,2022-03-19,Active
CUS009075,INS000003,Agastya,Sridhar,1998-06-10,Female,Bhopal,Madhya Pradesh,India,2026-03-17,Active
CUS009076,INS000001,Caleb,Palan,1973-10-26,Female,Mysuru,Karnataka,India,2023-03-07,Active
CUS009077,INS000005,Kevin,Murty,1972-06-20,Female,Bengaluru,Karnataka,India,2021-03-29,Active
CUS009078,INS000004,Yuvraj,Krish,1988-12-02,Male,Chandigarh,Chandigarh,India,2025-06-22,Active
CUS009079,INS000002,Fiyaz,Bhandari,1998-02-20,Male,Hyderabad,Telangana,India,2020-10-08,Active
CUS009080,INS000001,Amrita,Ghose,1958-11-04,Other,Jaipur,Rajasthan,India,2024-09-06,Active
CUS009081,INS000003,Luke,Mall,2006-04-11,Female,Bengaluru,Karnataka,India,2022-01-30,Inactive
CUS009082,INS000004,Agastya,Prabhakar,2002-03-18,Female,Pune,Maharashtra,India,2020-08-16,Active
CUS009083,INS000004,Aditya,Kade,1983-03-31,Female,Nagpur,Maharashtra,India,2019-11-10,Active
CUS009084,INS000001,Hitesh,Bhalla,1961-04-04,Male,Bhopal,Madhya Pradesh,India,2022-04-03,Active
CUS009085,INS000003,Hamsini,Brar,1990-05-15,Female,Chennai,Tamil Nadu,India,2021-10-25,Active
CUS009086,INS000002,Frederick,Ghose,1959-04-13,Male,Chandigarh,Chandigarh,India,2020-09-07,Active
CUS009087,INS000001,Samaksh,Kashyap,1983-04-30,Female,Bengaluru,Karnataka,India,2025-12-16,Active
CUS009088,INS000002,Liam,Kuruvilla,1972-04-28,Female,Bhopal,Madhya Pradesh,India,2019-12-29,Active
CUS009089,INS000004,Varsha,Sura,1970-02-26,Female,Chandigarh,Chandigarh,India,2022-12-12,Active
CUS009090,INS000002,Sachi,Garde,1951-12-15,Female,Nagpur,Maharashtra,India,2022-06-05,Active
CUS009091,INS000003,Nihal,Keer,1956-08-23,Male,Patna,Bihar,India,2019-06-26,Inactive
CUS009092,INS000005,Damyanti,Balakrishnan,1995-06-14,Female,Patna,Bihar,India,2019-04-28,Active
CUS009093,INS000003,Garima,Kalita,1952-10-02,Male,Patna,Bihar,India,2026-06-15,Active
CUS009094,INS000002,Varenya,Madan,1987-11-30,Male,Indore,Madhya Pradesh,India,2023-04-27,Active
CUS009095,INS000001,Mohammed,Deep,2003-09-24,Male,Delhi,Delhi,India,2025-05-03,Active
CUS009096,INS000004,Yagnesh,Batra,1951-12-24,Female,Chennai,Tamil Nadu,India,2020-11-22,Active
CUS009097,INS000005,Daksh,Datta,1992-06-08,Male,Jaipur,Rajasthan,India,2021-01-29,Active
CUS009098,INS000001,Amara,Zachariah,2006-01-22,Male,Patna,Bihar,India,2023-10-09,Active
CUS009099,INS000001,Jatin,Minhas,1989-12-08,Female,Patna,Bihar,India,2023-02-02,Active
CUS009100,INS000003,Ansh,Shanker,1960-08-12,Female,Chennai,Tamil Nadu,India,2023-04-06,Active
CUS009101,INS000002,Chaitanya,Bir,1953-11-02,Male,Indore,Madhya Pradesh,India,2020-04-21,Active
CUS009102,INS000003,Harshil,Babu,1984-06-22,Male,Bhopal,Madhya Pradesh,India,2025-04-02,Active
CUS009103,INS000002,Chaman,Chand,1962-09-17,Female,Pune,Maharashtra,India,2020-10-11,Active
CUS009104,INS000003,Harshil,Sha,1968-07-17,Female,Lucknow,Uttar Pradesh,India,2018-12-03,Active
CUS009105,INS000001,Yasti,Gaba,1952-07-10,Male,Hyderabad,Telangana,India,2018-09-09,Active
CUS009106,INS000004,Ojasvi,Gade,1975-11-30,Female,Mumbai,Maharashtra,India,2019-12-10,Active
CUS009107,INS000002,Lucky,Deo,1978-03-10,Female,Pune,Maharashtra,India,2024-01-20,Active
CUS009108,INS000005,Aarav,Master,1960-02-02,Female,Nagpur,Maharashtra,India,2026-03-19,Active
CUS009109,INS000005,Udarsh,Ben,1957-03-29,Female,Indore,Madhya Pradesh,India,2026-05-08,Active
CUS009110,INS000001,Arjun,Prakash,1961-03-05,Female,Jaipur,Rajasthan,India,2026-02-12,Active
CUS009111,INS000003,Utkarsh,Bhardwaj,1954-11-20,Female,Bhopal,Madhya Pradesh,India,2024-05-21,Active
CUS009112,INS000003,Prisha,Sarna,1988-03-31,Male,Nagpur,Maharashtra,India,2020-10-08,Active
CUS009113,INS000001,Lekha,Sachdev,1990-05-20,Female,Indore,Madhya Pradesh,India,2026-06-03,Active
CUS009114,INS000005,Manan,Lad,1994-05-21,Female,Hyderabad,Telangana,India,2026-03-14,Active
CUS009115,INS000005,Ira,Shere,1998-01-15,Male,Chennai,Tamil Nadu,India,2019-12-03,Active
CUS009116,INS000003,Bhavini,Chaudry,1984-09-18,Female,Ahmedabad,Gujarat,India,2018-11-22,Active
CUS009117,INS000002,Upkaar,Soni,1987-06-11,Male,Kochi,Kerala,India,2020-06-15,Active
CUS009118,INS000004,Leena,Tandon,1999-04-08,Male,Ahmedabad,Gujarat,India,2026-04-19,Active
CUS009119,INS000002,Isaiah,Nagi,1993-07-23,Male,Lucknow,Uttar Pradesh,India,2021-08-30,Active
CUS009120,INS000005,Vyanjana,Lad,1959-09-27,Female,Nagpur,Maharashtra,India,2018-12-10,Active
CUS009121,INS000002,Omkaar,Sachdev,2003-12-15,Female,Thane,Maharashtra,India,2018-12-13,Active
CUS009122,INS000004,Imaran,Cherian,1996-01-11,Male,Surat,Gujarat,India,2024-12-07,Inactive
CUS009123,INS000002,Udarsh,Goswami,1985-12-12,Female,Nagpur,Maharashtra,India,2020-01-19,Active
CUS009124,INS000002,Harsh,Lalla,1957-02-14,Male,Patna,Bihar,India,2019-09-24,Active
CUS009125,INS000002,Baghyawati,Bedi,1999-11-28,Female,Delhi,Delhi,India,2023-07-20,Active
CUS009126,INS000002,Ishanvi,Raju,1963-08-12,Female,Bhubaneswar,Odisha,India,2023-05-28,Active
CUS009127,INS000001,Faraj,Parsa,1978-06-18,Female,Bhubaneswar,Odisha,India,2023-09-16,Active
CUS009128,INS000005,Gauri,Karan,1959-11-10,Female,Patna,Bihar,India,2021-09-25,Active
CUS009129,INS000004,Jagat,Yadav,2003-12-10,Male,Kolkata,West Bengal,India,2022-06-16,Active
CUS009130,INS000005,Jalsa,Sastry,1953-01-16,Female,Nagpur,Maharashtra,India,2021-02-27,Active
CUS009131,INS000001,Frado,Dube,1953-10-30,Other,Thane,Maharashtra,India,2019-08-14,Inactive
CUS009132,INS000001,Caleb,Singh,1983-01-14,Male,Indore,Madhya Pradesh,India,2023-08-05,Active
CUS009133,INS000001,Matthew,Divan,2001-11-25,Female,Kochi,Kerala,India,2023-02-18,Active
CUS009134,INS000001,Pranav,Nori,1980-03-26,Other,Surat,Gujarat,India,2020-05-17,Active
CUS009135,INS000002,Priya,Tiwari,1988-06-09,Male,Mysuru,Karnataka,India,2019-05-30,Active
CUS009136,INS000005,Gaurika,Bhatt,1976-05-19,Female,Chennai,Tamil Nadu,India,2022-06-11,Active
CUS009137,INS000003,Pratyush,Gole,1966-10-29,Female,Indore,Madhya Pradesh,India,2026-06-10,Active
CUS009138,INS000004,Pavani,Dugal,1976-12-07,Female,Surat,Gujarat,India,2023-06-17,Active
CUS009139,INS000001,Mason,Nadig,1953-09-27,Male,Hyderabad,Telangana,India,2019-01-04,Active
CUS009140,INS000005,Charvi,Baria,1967-03-12,Male,Bhubaneswar,Odisha,India,2022-08-14,Active
CUS009141,INS000001,Bhavini,Oza,1983-01-23,Male,Patna,Bihar,India,2021-01-02,Active
CUS009142,INS000001,Ijaya,Rajan,1979-01-29,Female,Kolkata,West Bengal,India,2019-07-16,Active
CUS009143,INS000001,Hemang,Ramesh,1982-01-03,Female,Chennai,Tamil Nadu,India,2024-09-10,Active
CUS009144,INS000001,Anika,Walla,2002-03-04,Female,Kochi,Kerala,India,2024-08-29,Active
CUS009145,INS000001,Xalak,Manda,1996-05-19,Male,Ahmedabad,Gujarat,India,2021-01-29,Active
CUS009146,INS000004,Jyoti,Kumar,2002-04-05,Male,Jaipur,Rajasthan,India,2020-01-25,Active
CUS009147,INS000005,Alka,Tripathi,2004-09-29,Female,Mysuru,Karnataka,India,2021-12-09,Active
CUS009148,INS000001,Faraj,Din,1954-03-16,Female,Chandigarh,Chandigarh,India,2020-12-18,Active
CUS009149,INS000001,Aarnav,Kota,1961-10-28,Female,Jaipur,Rajasthan,India,2025-12-01,Active
CUS009150,INS000001,Manthan,Sunder,1959-10-23,Female,Bhubaneswar,Odisha,India,2024-10-06,Active
CUS009151,INS000001,Manan,Krish,1988-11-23,Female,Jaipur,Rajasthan,India,2019-02-19,Active
CUS009152,INS000002,Ekaja,Guha,1998-10-11,Female,Hyderabad,Telangana,India,2022-10-31,Inactive
CUS009153,INS000002,Manbir,Seth,1993-12-11,Female,Lucknow,Uttar Pradesh,India,2018-08-19,Inactive
CUS009154,INS000003,Madhavi,Bose,1952-02-05,Male,Indore,Madhya Pradesh,India,2020-06-16,Inactive
CUS009155,INS000001,Sanya,Grewal,1955-03-11,Female,Nagpur,Maharashtra,India,2020-10-03,Active
CUS009156,INS000003,Vanya,Chaudhry,2008-06-01,Female,Mysuru,Karnataka,India,2022-03-20,Inactive
CUS009157,INS000004,Ekalinga,De,1975-01-16,Male,Indore,Madhya Pradesh,India,2024-03-20,Active
CUS009158,INS000003,Isaiah,Chad,1984-01-24,Male,Lucknow,Uttar Pradesh,India,2021-12-24,Active
CUS009159,INS000005,Prisha,Chadha,1953-09-04,Male,Pune,Maharashtra,India,2024-08-10,Inactive
CUS009160,INS000002,Arya,Batta,1967-06-27,Female,Thane,Maharashtra,India,2023-06-01,Inactive
CUS009161,INS000002,Maanav,Dar,1974-09-23,Male,Lucknow,Uttar Pradesh,India,2022-12-02,Active
CUS009162,INS000001,Gautam,Wali,1974-11-28,Male,Chennai,Tamil Nadu,India,2020-09-21,Active
CUS009163,INS000001,Ekantika,Shankar,1979-10-16,Female,Jaipur,Rajasthan,India,2020-07-05,Active
CUS009164,INS000004,Joshua,Varghese,1969-05-24,Male,Pune,Maharashtra,India,2019-03-09,Active
CUS009165,INS000004,Qabil,Barman,1993-07-23,Female,Lucknow,Uttar Pradesh,India,2024-09-07,Active
CUS009166,INS000005,Lekha,Keer,1966-04-21,Female,Chennai,Tamil Nadu,India,2021-10-09,Active
CUS009167,INS000001,Ira,Pal,1974-04-14,Female,Delhi,Delhi,India,2022-08-02,Active
CUS009168,INS000001,Eiravati,Sagar,1999-08-04,Male,Bhopal,Madhya Pradesh,India,2018-08-21,Active
CUS009169,INS000004,Warda,Bedi,1974-10-14,Male,Mumbai,Maharashtra,India,2024-01-29,Active
CUS009170,INS000004,Panini,Borah,1990-10-09,Male,Chandigarh,Chandigarh,India,2019-12-12,Inactive
CUS009171,INS000004,Vasana,Sha,1951-09-24,Female,Lucknow,Uttar Pradesh,India,2023-02-05,Active
CUS009172,INS000002,Odika,Bawa,1975-05-06,Female,Pune,Maharashtra,India,2018-11-23,Active
CUS009173,INS000003,Gauri,Sundaram,1998-10-05,Male,Surat,Gujarat,India,2019-08-16,Active
CUS009174,INS000003,Lakshit,Manne,1965-12-26,Female,Chandigarh,Chandigarh,India,2021-09-30,Active
CUS009175,INS000001,Yatan,Banik,1959-08-18,Male,Mysuru,Karnataka,India,2021-10-18,Active
CUS009176,INS000002,Leela,Kar,1987-01-02,Other,Thane,Maharashtra,India,2021-01-20,Active
CUS009177,INS000004,Omya,Dora,2003-10-11,Female,Kolkata,West Bengal,India,2021-05-08,Inactive
CUS009178,INS000001,Widisha,Pandey,2008-07-24,Female,Lucknow,Uttar Pradesh,India,2021-09-19,Active
CUS009179,INS000002,Waida,Chawla,1960-11-10,Female,Mysuru,Karnataka,India,2023-06-30,Active
CUS009180,INS000005,Victor,Krishnamurthy,1977-05-04,Female,Ahmedabad,Gujarat,India,2026-05-21,Active
CUS009181,INS000002,Leena,Pant,1976-11-16,Female,Surat,Gujarat,India,2026-07-10,Active
CUS009182,INS000001,Fiyaz,Gokhale,1977-08-13,Female,Ahmedabad,Gujarat,India,2023-07-09,Active
CUS009183,INS000003,Oviya,Nadkarni,1965-02-19,Female,Patna,Bihar,India,2024-08-22,Active
CUS009184,INS000004,Theodore,Choudhary,1979-04-20,Female,Ahmedabad,Gujarat,India,2022-05-29,Active
CUS009185,INS000005,Gagan,Tak,2003-02-27,Female,Patna,Bihar,India,2026-05-24,Active
CUS009186,INS000002,Wahab,Chaudry,1965-09-24,Female,Ahmedabad,Gujarat,India,2025-03-01,Active
CUS009187,INS000001,Janaki,Gera,1976-03-17,Female,Bengaluru,Karnataka,India,2019-02-02,Active
CUS009188,INS000001,Aarnav,Gill,1997-08-10,Female,Kolkata,West Bengal,India,2026-06-20,Inactive
CUS009189,INS000004,Samar,Dhar,1991-02-23,Male,Jaipur,Rajasthan,India,2019-03-06,Active
CUS009190,INS000001,Anay,Tailor,1966-05-30,Male,Ahmedabad,Gujarat,India,2021-07-12,Active
CUS009191,INS000001,Janani,Rama,1969-01-18,Male,Bhubaneswar,Odisha,India,2018-10-18,Active
CUS009192,INS000004,Urvi,Kumar,1977-10-01,Female,Chandigarh,Chandigarh,India,2023-05-04,Active
CUS009193,INS000005,Kiaan,Krish,1995-07-30,Male,Mumbai,Maharashtra,India,2020-07-03,Active
CUS009194,INS000003,Imaran,Kannan,1953-08-31,Other,Delhi,Delhi,India,2022-03-14,Active
CUS009195,INS000003,Darpan,Sha,1975-10-09,Female,Bengaluru,Karnataka,India,2019-07-10,Active
CUS009196,INS000002,Ikshita,Gopal,1958-11-08,Female,Hyderabad,Telangana,India,2019-05-08,Active
CUS009197,INS000005,Jalsa,Gade,1986-04-05,Male,Kolkata,West Bengal,India,2026-04-04,Active
CUS009198,INS000002,Liam,Bail,1979-08-11,Female,Mysuru,Karnataka,India,2026-02-19,Active
CUS009199,INS000003,Chaitaly,Patel,1976-12-01,Female,Kolkata,West Bengal,India,2018-10-16,Active
CUS009200,INS000004,Triveni,Mann,2004-01-14,Female,Mysuru,Karnataka,India,2025-04-25,Inactive
CUS009201,INS000001,Maanas,Doctor,1982-04-03,Male,Lucknow,Uttar Pradesh,India,2024-06-17,Active
CUS009202,INS000003,Oviya,Dhawan,1959-08-06,Female,Chennai,Tamil Nadu,India,2020-07-08,Active
CUS009203,INS000005,Xavier,Chowdhury,1980-11-26,Female,Delhi,Delhi,India,2026-04-10,Active
CUS009204,INS000003,Shivansh,Prashad,1996-09-29,Female,Surat,Gujarat,India,2022-10-07,Active
CUS009205,INS000005,Udarsh,Goda,1958-07-05,Female,Ahmedabad,Gujarat,India,2023-05-19,Active
CUS009206,INS000005,Daksh,Puri,1996-10-22,Female,Nagpur,Maharashtra,India,2019-09-06,Active
CUS009207,INS000005,Lakshit,Nagi,1959-02-08,Other,Kochi,Kerala,India,2022-11-29,Inactive
CUS009208,INS000002,Jacob,Lad,1973-11-11,Female,Nagpur,Maharashtra,India,2025-04-29,Active
CUS009209,INS000004,Luke,Raja,1992-05-02,Other,Lucknow,Uttar Pradesh,India,2019-12-13,Active
CUS009210,INS000003,Krishna,Handa,1991-08-20,Female,Surat,Gujarat,India,2019-08-06,Active
CUS009211,INS000004,Atharv,Hayer,1994-06-11,Male,Kochi,Kerala,India,2019-11-01,Active
CUS009212,INS000001,Panini,Agarwal,1965-07-07,Male,Mysuru,Karnataka,India,2020-07-11,Active
CUS009213,INS000003,Kamya,Zacharia,1975-12-24,Male,Indore,Madhya Pradesh,India,2023-12-23,Active
CUS009214,INS000004,Chatura,Hayre,1950-09-04,Male,Jaipur,Rajasthan,India,2024-06-21,Active
CUS009215,INS000004,Hitesh,Jain,1961-12-17,Male,Nagpur,Maharashtra,India,2019-03-30,Inactive
CUS009216,INS000001,Ethan,Mann,1979-03-06,Male,Mumbai,Maharashtra,India,2023-01-10,Active
CUS009217,INS000005,Vansha,Menon,1988-01-15,Female,Nagpur,Maharashtra,India,2022-07-10,Active
CUS009218,INS000003,Nakul,Mittal,2005-03-17,Male,Kolkata,West Bengal,India,2025-09-23,Inactive
CUS009219,INS000003,Ayushman,Savant,1952-07-12,Male,Hyderabad,Telangana,India,2024-12-19,Active
CUS009220,INS000001,Manan,Badami,1973-01-21,Female,Lucknow,Uttar Pradesh,India,2019-01-16,Active
CUS009221,INS000005,Jasmit,Mody,1992-03-14,Female,Mysuru,Karnataka,India,2022-07-26,Active
CUS009222,INS000003,Lohit,Thakkar,1982-01-30,Other,Kochi,Kerala,India,2020-05-21,Inactive
CUS009223,INS000003,Farhan,Venkataraman,1951-03-20,Female,Patna,Bihar,India,2019-09-30,Active
CUS009224,INS000003,Yash,Tata,1962-04-10,Male,Nagpur,Maharashtra,India,2019-12-01,Active
CUS009225,INS000005,Faraj,Trivedi,1990-08-15,Male,Mumbai,Maharashtra,India,2025-10-25,Active
CUS009226,INS000001,Advik,Narayanan,2006-06-30,Male,Thane,Maharashtra,India,2023-08-23,Active
CUS009227,INS000003,Omaja,Arora,1973-11-19,Male,Kolkata,West Bengal,India,2020-04-18,Active
CUS009228,INS000004,Mason,Madan,1968-04-29,Male,Patna,Bihar,India,2026-04-10,Active
CUS009229,INS000005,Qabil,Shetty,1977-12-22,Other,Nagpur,Maharashtra,India,2023-11-19,Inactive
CUS009230,INS000002,Upma,Bail,2001-01-21,Male,Nagpur,Maharashtra,India,2021-09-04,Active
CUS009231,INS000001,Logan,Ganesan,1999-03-19,Male,Delhi,Delhi,India,2026-04-04,Active
CUS009232,INS000004,Chandani,Anne,1987-06-28,Male,Kochi,Kerala,India,2023-08-26,Active
CUS009233,INS000003,Upma,Prasad,1958-12-21,Female,Hyderabad,Telangana,India,2020-04-21,Active
CUS009234,INS000002,Nisha,Purohit,1984-05-24,Male,Thane,Maharashtra,India,2021-08-13,Inactive
CUS009235,INS000001,Geetika,Tripathi,1961-09-03,Male,Hyderabad,Telangana,India,2026-05-01,Active
CUS009236,INS000005,Sachi,Palla,1957-09-30,Male,Chennai,Tamil Nadu,India,2023-05-06,Active
CUS009237,INS000002,Agastya,Bora,1960-09-14,Male,Jaipur,Rajasthan,India,2020-10-14,Active
CUS009238,INS000002,Bhavini,Munshi,1994-10-13,Male,Hyderabad,Telangana,India,2019-10-07,Active
CUS009239,INS000004,Indrajit,Gupta,1965-10-29,Female,Indore,Madhya Pradesh,India,2025-02-25,Active
CUS009240,INS000001,Nachiket,Sem,1982-11-20,Male,Bhopal,Madhya Pradesh,India,2019-12-24,Active
CUS009241,INS000004,Darpan,Taneja,1971-07-16,Female,Nagpur,Maharashtra,India,2019-09-16,Active
CUS009242,INS000004,Azad,Kurian,2007-08-13,Female,Bhopal,Madhya Pradesh,India,2025-10-28,Active
CUS009243,INS000003,Oscar,Gopal,1989-08-04,Female,Patna,Bihar,India,2020-11-22,Active
CUS009244,INS000005,Yahvi,Ranganathan,1966-04-07,Male,Nagpur,Maharashtra,India,2022-06-07,Active
CUS009245,INS000002,Naveen,Sane,1999-03-26,Male,Bhopal,Madhya Pradesh,India,2022-08-12,Active
CUS009246,INS000001,Advay,Kadakia,1996-07-11,Male,Lucknow,Uttar Pradesh,India,2020-07-30,Active
CUS009247,INS000005,Meghana,Dutta,1955-07-08,Female,Bhopal,Madhya Pradesh,India,2020-07-23,Active
CUS009248,INS000005,Pallavi,Nadig,1985-08-18,Female,Kolkata,West Bengal,India,2021-01-14,Inactive
CUS009249,INS000001,Suhani,Sachdeva,2007-04-10,Male,Thane,Maharashtra,India,2020-06-27,Active
CUS009250,INS000005,Aarna,Kaul,1982-11-14,Female,Jaipur,Rajasthan,India,2023-08-30,Active
CUS009251,INS000003,Yachana,Loyal,1965-10-11,Female,Bhopal,Madhya Pradesh,India,2018-12-14,Active
CUS009252,INS000005,Damini,Goyal,1951-09-29,Female,Hyderabad,Telangana,India,2025-09-08,Active
CUS009253,INS000003,Utkarsh,Sethi,1976-02-14,Male,Hyderabad,Telangana,India,2024-02-03,Active
CUS009254,INS000002,Pallavi,Tank,2004-08-06,Female,Delhi,Delhi,India,2020-05-02,Active
CUS009255,INS000002,Naksh,Som,1957-06-22,Male,Indore,Madhya Pradesh,India,2019-09-09,Active
CUS009256,INS000004,Anita,Nagar,1950-09-01,Female,Nagpur,Maharashtra,India,2023-11-14,Active
CUS009257,INS000003,George,Garde,1980-06-09,Male,Indore,Madhya Pradesh,India,2021-03-30,Active
CUS009258,INS000002,Krishna,Dutta,1992-08-03,Male,Bengaluru,Karnataka,India,2019-05-28,Active
CUS009259,INS000005,Jeremiah,Parmer,1973-10-28,Female,Bhubaneswar,Odisha,India,2023-10-21,Active
CUS009260,INS000001,Siddharth,Dube,2001-03-11,Female,Kochi,Kerala,India,2025-12-29,Active
CUS009261,INS000001,Nandini,Badal,1956-07-24,Male,Hyderabad,Telangana,India,2026-01-23,Inactive
CUS009262,INS000003,Daksh,Sahota,1960-06-29,Male,Ahmedabad,Gujarat,India,2022-10-27,Active
CUS009263,INS000004,Theodore,Buch,1978-06-01,Female,Kolkata,West Bengal,India,2021-01-15,Active
CUS009264,INS000005,Manya,Rastogi,1988-03-27,Female,Indore,Madhya Pradesh,India,2020-10-11,Active
CUS009265,INS000003,Qarin,Palla,1992-08-16,Female,Nagpur,Maharashtra,India,2025-11-09,Active
CUS009266,INS000001,Faras,Chacko,1953-10-12,Other,Hyderabad,Telangana,India,2025-02-27,Active
CUS009267,INS000003,Upadhriti,Dhar,1998-07-27,Male,Thane,Maharashtra,India,2020-05-08,Active
CUS009268,INS000005,Vansha,Desai,1953-12-23,Female,Chandigarh,Chandigarh,India,2023-08-02,Active
CUS009269,INS000002,Dhriti,Bala,1963-09-18,Female,Lucknow,Uttar Pradesh,India,2025-01-15,Active
CUS009270,INS000005,Nidhi,Pillay,1975-03-26,Female,Kochi,Kerala,India,2025-01-05,Active
CUS009271,INS000002,Lajita,Dugar,1982-05-20,Male,Hyderabad,Telangana,India,2024-02-29,Inactive
CUS009272,INS000002,Nitesh,Dora,1972-03-26,Female,Patna,Bihar,India,2024-06-12,Active
CUS009273,INS000002,Chatura,Mangal,1976-04-10,Female,Bengaluru,Karnataka,India,2022-09-22,Active
CUS009274,INS000003,Kamya,Dada,1972-08-07,Female,Chandigarh,Chandigarh,India,2019-04-08,Active
CUS009275,INS000001,Panini,Bora,1991-03-02,Female,Chennai,Tamil Nadu,India,2024-07-20,Active
CUS009276,INS000003,Robert,Naidu,1988-03-11,Female,Chandigarh,Chandigarh,India,2024-04-11,Active
CUS009277,INS000001,Anamika,Roy,1967-08-20,Female,Patna,Bihar,India,2026-02-05,Active
CUS009278,INS000005,Ikbal,Kamdar,1955-06-06,Male,Bhubaneswar,Odisha,India,2020-11-29,Inactive
CUS009279,INS000004,Hemang,Basak,1953-09-18,Male,Chandigarh,Chandigarh,India,2025-11-18,Active
CUS009280,INS000005,Faras,Doshi,2007-02-13,Female,Thane,Maharashtra,India,2023-11-17,Active
CUS009281,INS000003,Janani,Nadkarni,1955-11-30,Female,Mysuru,Karnataka,India,2020-11-03,Active
CUS009282,INS000003,Gautami,Mutti,2004-05-01,Male,Patna,Bihar,India,2025-02-06,Active
CUS009283,INS000001,Ayaan,Ratti,1983-09-13,Female,Lucknow,Uttar Pradesh,India,2019-12-19,Active
CUS009284,INS000003,Wriddhish,Kaul,1950-08-18,Male,Kochi,Kerala,India,2022-02-05,Active
CUS009285,INS000002,Baghyawati,Sarin,1989-10-29,Male,Chennai,Tamil Nadu,India,2020-05-30,Inactive
CUS009286,INS000003,Nicholas,Konda,1953-07-23,Female,Delhi,Delhi,India,2025-01-31,Active
CUS009287,INS000001,Hredhaan,Sheth,1956-10-03,Female,Delhi,Delhi,India,2022-07-16,Active
CUS009288,INS000001,Dhruv,Dube,1982-10-22,Male,Jaipur,Rajasthan,India,2019-11-21,Inactive
CUS009289,INS000002,Siddharth,Rege,1971-08-09,Female,Indore,Madhya Pradesh,India,2022-09-14,Active
CUS009290,INS000001,Advay,Gera,1992-09-27,Female,Hyderabad,Telangana,India,2022-09-01,Active
CUS009291,INS000004,Dayamai,Minhas,1951-04-15,Other,Thane,Maharashtra,India,2019-10-17,Active
CUS009292,INS000005,Raghav,Gole,1953-05-22,Male,Pune,Maharashtra,India,2024-09-08,Active
CUS009293,INS000003,Saksham,Basak,1970-10-14,Female,Thane,Maharashtra,India,2020-05-12,Active
CUS009294,INS000004,Bachittar,Sankar,1967-05-14,Male,Chennai,Tamil Nadu,India,2022-07-10,Active
CUS009295,INS000003,Wridesh,Purohit,1978-01-25,Male,Chandigarh,Chandigarh,India,2020-09-10,Active
CUS009296,INS000004,Amruta,Borra,1990-05-24,Female,Chennai,Tamil Nadu,India,2022-12-23,Active
CUS009297,INS000003,Frederick,Nayak,2004-07-23,Female,Nagpur,Maharashtra,India,2025-02-21,Inactive
CUS009298,INS000002,Chaitanya,Lad,1963-12-02,Male,Kolkata,West Bengal,India,2025-03-03,Active
CUS009299,INS000001,Veda,Varkey,1990-03-13,Other,Bhopal,Madhya Pradesh,India,2023-06-14,Active
CUS009300,INS000001,Chakradev,Bala,1960-10-14,Female,Patna,Bihar,India,2023-06-28,Active
CUS009301,INS000002,Chanakya,Nori,1955-05-09,Female,Bengaluru,Karnataka,India,2021-11-10,Active
CUS009302,INS000004,Divya,Chatterjee,2008-01-04,Female,Jaipur,Rajasthan,India,2022-02-10,Active
CUS009303,INS000005,Girik,Hayer,1960-08-01,Male,Pune,Maharashtra,India,2021-07-17,Active
CUS009304,INS000004,Dayamai,Jayaraman,2002-11-15,Female,Surat,Gujarat,India,2019-04-07,Active
CUS009305,INS000001,Abhiram,Chhabra,1977-11-25,Male,Hyderabad,Telangana,India,2026-02-12,Active
CUS009306,INS000005,Ishanvi,Kapoor,2003-01-23,Female,Lucknow,Uttar Pradesh,India,2021-05-08,Active
CUS009307,INS000003,Barkha,Yohannan,1996-06-14,Male,Hyderabad,Telangana,India,2024-10-05,Active
CUS009308,INS000005,Mitali,Baria,1978-01-21,Male,Lucknow,Uttar Pradesh,India,2023-05-09,Active
CUS009309,INS000004,Xiti,Bassi,1988-03-17,Female,Indore,Madhya Pradesh,India,2020-11-15,Active
CUS009310,INS000002,Robert,Mahajan,1989-09-19,Male,Mumbai,Maharashtra,India,2024-06-19,Active
CUS009311,INS000003,Divya,Warrior,1988-07-12,Male,Lucknow,Uttar Pradesh,India,2019-09-23,Active
CUS009312,INS000004,Mahika,Kapur,2000-06-27,Female,Thane,Maharashtra,India,2026-07-26,Active
CUS009313,INS000003,Ishani,Dugar,1969-12-16,Female,Surat,Gujarat,India,2025-10-30,Active
CUS009314,INS000005,Kai,Bhatt,1963-12-11,Female,Indore,Madhya Pradesh,India,2022-04-22,Inactive
CUS009315,INS000001,Gunbir,Chacko,1985-05-08,Male,Pune,Maharashtra,India,2020-05-19,Active
CUS009316,INS000004,Garima,Goel,1969-03-27,Male,Bhopal,Madhya Pradesh,India,2019-10-11,Active
CUS009317,INS000002,Nikita,Doshi,2000-11-21,Male,Mumbai,Maharashtra,India,2023-02-05,Active
CUS009318,INS000005,Yahvi,Chandra,2007-11-22,Female,Nagpur,Maharashtra,India,2019-11-28,Active
CUS009319,INS000004,Harrison,Ghose,1993-12-29,Female,Delhi,Delhi,India,2020-06-13,Active
CUS009320,INS000002,Yadavi,Bose,1965-05-10,Male,Bhopal,Madhya Pradesh,India,2026-05-26,Inactive
CUS009321,INS000004,Mason,Pradhan,1994-09-08,Male,Pune,Maharashtra,India,2020-08-18,Active
CUS009322,INS000005,Arjun,Minhas,1970-09-13,Male,Mumbai,Maharashtra,India,2020-04-21,Active
CUS009323,INS000004,Lavanya,Vaidya,1972-11-06,Male,Mysuru,Karnataka,India,2022-06-25,Active
CUS009324,INS000003,Vansha,Chowdhury,1989-12-08,Male,Delhi,Delhi,India,2021-06-04,Active
CUS009325,INS000005,Baljiwan,Pradhan,1986-04-21,Female,Nagpur,Maharashtra,India,2026-07-07,Active
CUS009326,INS000004,Bina,Yohannan,1993-08-21,Male,Delhi,Delhi,India,2022-03-07,Active
CUS009327,INS000001,Neel,Dube,1989-05-26,Female,Bengaluru,Karnataka,India,2023-08-30,Inactive
CUS009328,INS000004,Max,Saran,1960-03-19,Female,Surat,Gujarat,India,2025-03-05,Active
CUS009329,INS000003,Ubika,Sahni,1966-11-30,Male,Bengaluru,Karnataka,India,2020-05-08,Active
CUS009330,INS000002,Farhan,Wason,1974-01-22,Female,Thane,Maharashtra,India,2022-12-06,Active
CUS009331,INS000002,Girik,Tata,1957-02-26,Female,Mysuru,Karnataka,India,2019-05-04,Active
CUS009332,INS000002,Vincent,Ratti,1995-10-04,Male,Kolkata,West Bengal,India,2026-05-09,Active
CUS009333,INS000001,Tanveer,Misra,1962-11-07,Female,Indore,Madhya Pradesh,India,2020-03-02,Active
CUS009334,INS000003,Lohit,Anand,1967-07-10,Male,Hyderabad,Telangana,India,2025-10-23,Inactive
CUS009335,INS000005,Naveen,Chawla,2005-03-10,Female,Patna,Bihar,India,2019-06-16,Active
CUS009336,INS000002,Yachana,Choudhary,1996-03-29,Female,Thane,Maharashtra,India,2025-11-13,Active
CUS009337,INS000003,Zaitra,Wali,1999-12-12,Female,Mysuru,Karnataka,India,2021-09-18,Active
CUS009338,INS000004,Harita,Narain,1955-12-28,Female,Surat,Gujarat,India,2020-04-28,Active
CUS009339,INS000001,Sara,Lala,2002-09-09,Female,Indore,Madhya Pradesh,India,2019-10-05,Active
CUS009340,INS000003,Karan,Yogi,1961-06-26,Female,Kolkata,West Bengal,India,2025-12-09,Active
CUS009341,INS000003,Harinakshi,Bhardwaj,1977-03-14,Female,Ahmedabad,Gujarat,India,2020-08-14,Active
CUS009342,INS000005,Bina,Ramachandran,1995-11-24,Male,Indore,Madhya Pradesh,India,2026-02-07,Active
CUS009343,INS000003,Jagvi,More,1986-02-18,Female,Delhi,Delhi,India,2024-02-27,Active
CUS009344,INS000005,Raagini,Mody,1963-12-05,Male,Ahmedabad,Gujarat,India,2023-07-11,Inactive
CUS009345,INS000001,Balveer,Deol,1976-05-12,Male,Surat,Gujarat,India,2022-02-27,Active
CUS009346,INS000001,Lila,Acharya,1975-03-07,Female,Delhi,Delhi,India,2021-06-01,Inactive
CUS009347,INS000004,William,Basak,1994-03-12,Male,Lucknow,Uttar Pradesh,India,2022-02-23,Inactive
CUS009348,INS000005,Sathvik,Rama,1993-08-11,Male,Kolkata,West Bengal,India,2021-06-08,Inactive
CUS009349,INS000005,Falan,Goel,1995-05-07,Female,Bhopal,Madhya Pradesh,India,2019-06-16,Inactive
CUS009350,INS000002,Michael,Thakkar,1990-06-07,Male,Nagpur,Maharashtra,India,2025-07-17,Active
CUS009351,INS000002,Widisha,Tank,1976-07-17,Male,Delhi,Delhi,India,2019-05-08,Active
CUS009352,INS000004,Gunbir,Sathe,1981-07-19,Female,Mumbai,Maharashtra,India,2023-07-30,Active
CUS009353,INS000001,Alexander,Vohra,1993-09-22,Female,Mumbai,Maharashtra,India,2019-04-18,Active
CUS009354,INS000002,Luke,Srinivasan,2002-10-31,Female,Thane,Maharashtra,India,2022-12-02,Active
CUS009355,INS000003,Dayamai,Konda,1995-02-04,Female,Lucknow,Uttar Pradesh,India,2025-11-12,Active
CUS009356,INS000001,Gagan,Murthy,1950-11-17,Female,Mumbai,Maharashtra,India,2024-11-30,Active
CUS009357,INS000003,Wishi,Verma,1981-05-09,Female,Indore,Madhya Pradesh,India,2020-05-30,Active
CUS009358,INS000005,Girindra,Narang,1970-07-11,Female,Bhopal,Madhya Pradesh,India,2021-07-12,Inactive
CUS009359,INS000001,Suhani,Rama,1995-01-29,Female,Ahmedabad,Gujarat,India,2019-12-08,Active
CUS009360,INS000004,Dipta,Ratti,1997-06-26,Female,Bengaluru,Karnataka,India,2023-08-29,Active
CUS009361,INS000005,Omkaar,Manda,1977-02-25,Male,Mysuru,Karnataka,India,2024-12-22,Active
CUS009362,INS000005,Chakrika,Rastogi,1985-04-29,Male,Lucknow,Uttar Pradesh,India,2021-04-18,Active
CUS009363,INS000003,Neel,Mukhopadhyay,1953-04-17,Male,Ahmedabad,Gujarat,India,2019-07-31,Active
CUS009364,INS000005,Ekansh,Dani,1971-08-31,Female,Thane,Maharashtra,India,2021-04-13,Active
CUS009365,INS000002,Ati,Saran,1967-11-25,Male,Bhubaneswar,Odisha,India,2023-01-04,Active
CUS009366,INS000001,Januja,Dayal,1992-07-27,Female,Kolkata,West Bengal,India,2019-07-04,Active
CUS009367,INS000002,Ira,Kalla,1980-07-16,Female,Kolkata,West Bengal,India,2024-10-18,Active
CUS009368,INS000003,Gaurav,Minhas,1955-03-05,Female,Thane,Maharashtra,India,2024-04-03,Active
CUS009369,INS000003,Ekavir,Gole,1966-06-05,Male,Chandigarh,Chandigarh,India,2020-07-17,Active
CUS009370,INS000001,Praneel,Choudhury,1986-02-11,Female,Kochi,Kerala,India,2020-09-06,Active
CUS009371,INS000005,Triveni,Dhaliwal,1980-07-02,Male,Pune,Maharashtra,India,2019-03-24,Inactive
CUS009372,INS000004,Aarna,Sarin,1962-11-12,Female,Surat,Gujarat,India,2020-06-18,Active
CUS009373,INS000003,Urvashi,Dhillon,1998-02-17,Female,Ahmedabad,Gujarat,India,2020-02-21,Active
CUS009374,INS000001,Aahana,Gola,1970-03-04,Male,Kolkata,West Bengal,India,2023-11-24,Inactive
CUS009375,INS000004,Riya,Borde,1973-11-05,Female,Delhi,Delhi,India,2018-10-16,Inactive
CUS009376,INS000005,Logan,Hans,1967-01-11,Male,Pune,Maharashtra,India,2023-11-23,Active
CUS009377,INS000003,Jatin,Goswami,1953-03-21,Other,Indore,Madhya Pradesh,India,2023-11-04,Active
CUS009378,INS000001,Vinaya,Badal,1971-03-21,Male,Bengaluru,Karnataka,India,2019-08-29,Active
CUS009379,INS000001,Balveer,Mody,1965-06-02,Male,Mumbai,Maharashtra,India,2019-04-07,Active
CUS009380,INS000001,Januja,Bhatt,1969-10-12,Male,Chennai,Tamil Nadu,India,2026-02-21,Active
CUS009381,INS000003,Bhavini,Bath,1983-05-15,Male,Indore,Madhya Pradesh,India,2020-06-05,Active
CUS009382,INS000004,Nandini,Mane,1984-02-06,Female,Kochi,Kerala,India,2025-02-25,Active
CUS009383,INS000001,Nilima,Gade,1975-12-07,Female,Pune,Maharashtra,India,2026-08-03,Active
CUS009384,INS000005,Kai,Kulkarni,1961-03-12,Female,Patna,Bihar,India,2025-05-26,Active
CUS009385,INS000001,Ridhi,Wali,1972-04-14,Male,Hyderabad,Telangana,India,2023-08-25,Inactive
CUS009386,INS000004,Jeevika,Kalla,1964-09-21,Male,Jaipur,Rajasthan,India,2024-10-18,Active
CUS009387,INS000003,Yauvani,Chowdhury,1959-01-12,Female,Lucknow,Uttar Pradesh,India,2018-11-30,Active
CUS009388,INS000001,Dipta,Manda,1976-03-14,Male,Pune,Maharashtra,India,2024-12-29,Active
CUS009389,INS000001,Kashvi,Sunder,1984-11-20,Female,Bhopal,Madhya Pradesh,India,2022-11-29,Active
CUS009390,INS000005,Fiyaz,Vaidya,1956-03-27,Female,Delhi,Delhi,India,2023-08-21,Active
CUS009391,INS000005,Odika,Choudhury,1957-05-12,Male,Pune,Maharashtra,India,2025-07-27,Active
CUS009392,INS000001,Yashawini,Chana,1990-09-15,Female,Bhubaneswar,Odisha,India,2023-01-19,Active
CUS009393,INS000001,Shivani,Sinha,1953-11-22,Female,Bengaluru,Karnataka,India,2024-07-25,Active
CUS009394,INS000005,Adya,Sekhon,1991-04-08,Female,Bhopal,Madhya Pradesh,India,2021-11-29,Active
CUS009395,INS000004,Brijesh,Dube,1972-03-04,Male,Indore,Madhya Pradesh,India,2020-06-11,Active
CUS009396,INS000002,Dakshesh,Ray,1990-10-17,Male,Kolkata,West Bengal,India,2024-08-07,Active
CUS009397,INS000002,Yash,Mall,1954-09-16,Male,Kolkata,West Bengal,India,2018-09-25,Active
CUS009398,INS000001,Abhiram,Vyas,1981-08-02,Male,Kolkata,West Bengal,India,2023-07-31,Active
CUS009399,INS000005,Mohammed,Char,1974-05-27,Male,Bengaluru,Karnataka,India,2021-11-27,Active
CUS009400,INS000003,Henry,Dyal,1975-03-18,Female,Bengaluru,Karnataka,India,2020-11-14,Active
CUS009401,INS000003,Bina,Varkey,1980-04-11,Female,Chandigarh,Chandigarh,India,2026-04-18,Active
CUS009402,INS000002,Keya,Issac,1982-09-23,Female,Bhubaneswar,Odisha,India,2021-11-10,Active
CUS009403,INS000004,Nathan,Choudhry,2008-05-03,Male,Hyderabad,Telangana,India,2020-06-05,Active
CUS009404,INS000002,Mohini,Bahri,1969-04-01,Female,Delhi,Delhi,India,2023-05-12,Active
CUS009405,INS000001,Elijah,Bhandari,1963-07-01,Male,Mumbai,Maharashtra,India,2023-06-27,Active
CUS009406,INS000004,Udant,Kanda,1960-03-23,Female,Hyderabad,Telangana,India,2025-06-10,Inactive
CUS009407,INS000003,Lipika,Sankaran,1964-09-05,Other,Thane,Maharashtra,India,2021-02-06,Active
CUS009408,INS000005,Turvi,Sami,1998-07-21,Female,Kolkata,West Bengal,India,2022-01-13,Active
CUS009409,INS000005,Girik,Rout,1974-07-02,Other,Thane,Maharashtra,India,2026-03-05,Inactive
CUS009410,INS000001,Ikshita,Bail,1979-08-10,Female,Mysuru,Karnataka,India,2023-03-18,Active
CUS009411,INS000002,Unnati,Ganguly,1962-10-05,Male,Lucknow,Uttar Pradesh,India,2023-08-08,Active
CUS009412,INS000001,Upadhriti,Agate,1998-02-01,Male,Nagpur,Maharashtra,India,2024-09-09,Active
CUS009413,INS000005,Udyati,Bhatia,1976-12-06,Male,Bengaluru,Karnataka,India,2023-03-12,Active
CUS009414,INS000003,Ikbal,Ahluwalia,1990-11-17,Male,Thane,Maharashtra,India,2026-04-17,Active
CUS009415,INS000005,Frederick,Pall,1988-05-07,Female,Bhubaneswar,Odisha,India,2019-04-17,Active
CUS009416,INS000004,Pranit,Hegde,1990-10-22,Male,Indore,Madhya Pradesh,India,2018-09-29,Active
CUS009417,INS000005,Hritik,Edwin,1999-12-26,Female,Bhopal,Madhya Pradesh,India,2023-07-19,Active
CUS009418,INS000005,Mekhala,Zacharia,1951-01-31,Male,Ahmedabad,Gujarat,India,2022-10-21,Active
CUS009419,INS000004,Rachita,Nayar,1994-08-24,Male,Ahmedabad,Gujarat,India,2023-04-04,Active
CUS009420,INS000002,Ryan,Hari,2001-12-01,Other,Kochi,Kerala,India,2020-04-05,Active
CUS009421,INS000005,Neelima,Randhawa,1959-03-05,Male,Delhi,Delhi,India,2025-06-26,Active
CUS009422,INS000001,Falguni,Gulati,2000-05-22,Female,Surat,Gujarat,India,2021-02-27,Active
CUS009423,INS000005,Dhruv,Char,1965-12-14,Female,Bengaluru,Karnataka,India,2025-02-14,Active
CUS009424,INS000001,Edhitha,Aggarwal,1970-09-05,Male,Nagpur,Maharashtra,India,2020-07-23,Active
CUS009425,INS000004,Hema,Nagy,2006-09-25,Female,Delhi,Delhi,India,2026-01-26,Active
CUS009426,INS000005,Vedika,Batra,1979-05-01,Male,Mysuru,Karnataka,India,2021-07-21,Inactive
CUS009427,INS000004,Simon,Narain,2004-09-06,Female,Pune,Maharashtra,India,2019-08-18,Active
CUS009428,INS000004,Vamakshi,Gola,1951-02-07,Female,Thane,Maharashtra,India,2024-05-08,Active
CUS009429,INS000002,Ishwar,Madan,1999-12-29,Male,Patna,Bihar,India,2023-06-15,Active
CUS009430,INS000005,Arya,Konda,1967-10-19,Female,Patna,Bihar,India,2025-05-21,Active
CUS009431,INS000001,Suhani,Wagle,1998-07-10,Male,Hyderabad,Telangana,India,2024-07-21,Active
CUS009432,INS000001,Balvan,Keer,1998-04-25,Female,Kolkata,West Bengal,India,2020-02-17,Active
CUS009433,INS000005,Nachiket,Agarwal,1980-08-03,Female,Kolkata,West Bengal,India,2024-02-06,Active
CUS009434,INS000002,Upma,Pant,2001-11-23,Female,Mysuru,Karnataka,India,2019-08-09,Active
CUS009435,INS000002,Madhav,Edwin,1978-09-09,Female,Thane,Maharashtra,India,2024-03-05,Inactive
CUS009436,INS000002,Tanay,Sahni,1996-07-08,Male,Surat,Gujarat,India,2019-04-03,Active
CUS009437,INS000001,Ekaja,Garg,2000-09-27,Other,Bengaluru,Karnataka,India,2020-07-16,Active
CUS009438,INS000004,Azad,Bhatia,1992-04-05,Male,Delhi,Delhi,India,2026-02-08,Active
CUS009439,INS000002,Lajita,Bhasin,1958-10-10,Female,Nagpur,Maharashtra,India,2018-09-15,Inactive
CUS009440,INS000001,David,Seshadri,1954-04-29,Male,Surat,Gujarat,India,2021-10-09,Active
CUS009441,INS000001,Janaki,Rao,1994-08-09,Other,Nagpur,Maharashtra,India,2021-03-08,Active
CUS009442,INS000004,Qushi,Walla,1966-12-14,Female,Kolkata,West Bengal,India,2020-03-06,Inactive
CUS009443,INS000005,Urvashi,Sankaran,2006-12-18,Female,Chennai,Tamil Nadu,India,2019-12-22,Active
CUS009444,INS000005,Tanay,Gade,1965-05-31,Male,Mysuru,Karnataka,India,2023-05-28,Active
CUS009445,INS000002,Chatura,Shankar,1992-11-15,Female,Delhi,Delhi,India,2026-03-18,Active
CUS009446,INS000002,Siddharth,Sarin,1966-11-04,Female,Pune,Maharashtra,India,2025-11-28,Active
CUS009447,INS000004,Arin,Kohli,1968-04-17,Female,Patna,Bihar,India,2026-05-01,Inactive
CUS009448,INS000002,Pallavi,Karan,1950-11-20,Male,Patna,Bihar,India,2019-03-02,Active
CUS009449,INS000004,Anamika,Goel,1960-09-20,Female,Jaipur,Rajasthan,India,2019-05-20,Active
CUS009450,INS000001,Zayyan,Jhaveri,1964-12-23,Male,Bhopal,Madhya Pradesh,India,2023-01-24,Active
CUS009451,INS000002,Patrick,Thaker,1977-01-11,Male,Bhubaneswar,Odisha,India,2021-08-22,Active
CUS009452,INS000001,Fiyaz,Rajan,1956-08-12,Male,Bhopal,Madhya Pradesh,India,2025-09-03,Active
CUS009453,INS000003,Lucky,Jani,1992-06-03,Male,Nagpur,Maharashtra,India,2024-09-18,Active
CUS009454,INS000004,Ekapad,Kala,2003-11-23,Male,Bhopal,Madhya Pradesh,India,2026-06-12,Active
CUS009455,INS000003,Anusha,Sule,1990-03-03,Male,Indore,Madhya Pradesh,India,2021-04-24,Active
CUS009456,INS000002,Nidhi,Reddy,2007-10-30,Male,Ahmedabad,Gujarat,India,2026-07-23,Active
CUS009457,INS000001,Finn,Chacko,2001-08-13,Female,Delhi,Delhi,India,2021-09-06,Active
CUS009458,INS000002,Chanchal,Tiwari,1955-04-11,Female,Jaipur,Rajasthan,India,2025-03-26,Active
CUS009459,INS000003,Siya,Nayar,1975-07-12,Male,Delhi,Delhi,India,2024-10-20,Active
CUS009460,INS000002,Oni,Comar,1977-03-01,Female,Kolkata,West Bengal,India,2025-03-06,Active
CUS009461,INS000005,Tanish,Rau,1979-07-19,Female,Chennai,Tamil Nadu,India,2025-12-30,Inactive
CUS009462,INS000003,Aashi,Goel,1981-08-26,Female,Kochi,Kerala,India,2024-12-22,Active
CUS009463,INS000002,Qarin,Rao,1997-07-03,Male,Patna,Bihar,India,2023-06-10,Active
CUS009464,INS000001,Chatura,Sha,1970-07-24,Male,Kochi,Kerala,India,2019-10-12,Active
CUS009465,INS000002,George,Cheema,1958-12-15,Other,Indore,Madhya Pradesh,India,2023-07-29,Active
CUS009466,INS000001,Priya,Kota,1998-11-13,Male,Lucknow,Uttar Pradesh,India,2024-10-25,Active
CUS009467,INS000005,Hema,Saraf,1961-02-03,Male,Chandigarh,Chandigarh,India,2026-01-07,Active
CUS009468,INS000002,Chameli,Mody,1976-06-20,Male,Hyderabad,Telangana,India,2023-05-12,Active
CUS009469,INS000005,Nitesh,Chopra,2005-04-12,Male,Chennai,Tamil Nadu,India,2023-02-03,Active
CUS009470,INS000003,Rushil,Acharya,1975-06-02,Other,Mysuru,Karnataka,India,2022-01-22,Active
CUS009471,INS000001,Ikshita,Borde,2003-12-07,Male,Kolkata,West Bengal,India,2018-10-01,Active
CUS009472,INS000003,Oni,Gupta,1980-09-02,Female,Bhopal,Madhya Pradesh,India,2022-10-26,Active
CUS009473,INS000001,Vasatika,Dubey,1986-06-26,Other,Chennai,Tamil Nadu,India,2018-08-18,Active
CUS009474,INS000005,Vaishnavi,Tiwari,1984-10-20,Female,Delhi,Delhi,India,2022-03-30,Active
CUS009475,INS000004,Naveen,Dugar,1982-01-09,Male,Bhopal,Madhya Pradesh,India,2020-03-11,Active
CUS009476,INS000002,Rajeshri,Iyer,1977-05-04,Male,Ahmedabad,Gujarat,India,2019-11-19,Active
CUS009477,INS000005,Isha,Kara,1977-11-24,Female,Pune,Maharashtra,India,2018-12-03,Active
CUS009478,INS000001,Lopa,Dua,1967-08-10,Male,Surat,Gujarat,India,2018-09-14,Active
CUS009479,INS000001,Advaith,Chaudhary,1969-09-15,Female,Kochi,Kerala,India,2022-10-29,Active
CUS009480,INS000001,Rushil,Zachariah,1965-07-25,Male,Pune,Maharashtra,India,2024-10-11,Active
CUS009481,INS000001,Faras,Trivedi,1976-10-23,Female,Bengaluru,Karnataka,India,2022-11-07,Active
CUS009482,INS000002,Maanav,Kapur,1967-09-15,Female,Bhopal,Madhya Pradesh,India,2025-06-21,Active
CUS009483,INS000003,Ekiya,Palla,1954-08-14,Female,Chennai,Tamil Nadu,India,2023-11-18,Active
CUS009484,INS000004,Edhitha,Grover,1966-09-14,Female,Patna,Bihar,India,2025-11-25,Inactive
CUS009485,INS000002,Akshay,Shenoy,1957-04-20,Male,Chennai,Tamil Nadu,India,2019-04-01,Active
CUS009486,INS000001,Matthew,Bhatnagar,1986-01-01,Male,Jaipur,Rajasthan,India,2024-02-26,Active
CUS009487,INS000002,Tara,Wadhwa,2008-04-26,Male,Kochi,Kerala,India,2020-09-27,Active
CUS009488,INS000005,Manbir,Sood,1992-06-24,Male,Thane,Maharashtra,India,2022-04-11,Inactive
CUS009489,INS000001,Xalak,Nanda,1984-04-24,Female,Kochi,Kerala,India,2019-07-17,Active
CUS009490,INS000004,Edhitha,Bahri,1990-09-25,Male,Nagpur,Maharashtra,India,2025-09-07,Active
CUS009491,INS000001,Ishaan,Ravi,1962-12-16,Male,Mumbai,Maharashtra,India,2018-10-09,Active
CUS009492,INS000004,Niharika,Subramaniam,2008-04-18,Other,Ahmedabad,Gujarat,India,2021-07-09,Active
CUS009493,INS000004,Adya,Tailor,2003-10-14,Male,Kochi,Kerala,India,2023-02-05,Active
CUS009494,INS000003,Aarush,Rajan,1990-09-11,Female,Surat,Gujarat,India,2022-10-31,Active
CUS009495,INS000003,Shravya,Chandran,2006-06-06,Male,Patna,Bihar,India,2023-11-17,Active
CUS009496,INS000002,Jeremiah,Bassi,1975-10-30,Male,Surat,Gujarat,India,2020-05-16,Active
CUS009497,INS000002,Shivani,Sami,1990-12-07,Female,Hyderabad,Telangana,India,2024-09-13,Active
CUS009498,INS000004,Gunbir,Prabhakar,1969-11-27,Female,Chennai,Tamil Nadu,India,2023-08-02,Active
CUS009499,INS000001,Balhaar,Ganesh,2008-01-31,Male,Kochi,Kerala,India,2018-08-31,Active
CUS009500,INS000005,Tejas,Ahuja,2007-11-25,Male,Nagpur,Maharashtra,India,2025-08-03,Active
CUS009501,INS000005,Raghav,Yohannan,1984-04-28,Male,Delhi,Delhi,India,2024-06-27,Active
CUS009502,INS000001,Osha,Virk,1965-03-02,Male,Surat,Gujarat,India,2019-11-22,Active
CUS009503,INS000001,Ojas,Chaudhry,2002-07-23,Male,Bhopal,Madhya Pradesh,India,2025-08-14,Active
CUS009504,INS000003,Krishna,Lata,1980-07-11,Female,Bengaluru,Karnataka,India,2025-02-23,Active
CUS009505,INS000005,Tarak,Kota,1952-03-06,Male,Surat,Gujarat,India,2020-07-03,Active
CUS009506,INS000004,Ijaya,Borde,1959-06-27,Male,Surat,Gujarat,India,2021-12-19,Active
CUS009507,INS000002,Shaurya,Datta,1966-10-09,Female,Hyderabad,Telangana,India,2022-01-19,Active
CUS009508,INS000003,Rayaan,Sibal,2007-04-18,Male,Bhopal,Madhya Pradesh,India,2024-09-17,Active
CUS009509,INS000005,Akshay,Saxena,1967-03-18,Male,Chandigarh,Chandigarh,India,2018-10-07,Active
CUS009510,INS000001,Kamala,Rout,1967-09-09,Other,Jaipur,Rajasthan,India,2026-05-10,Active
CUS009511,INS000005,Januja,Dada,1985-08-20,Male,Bengaluru,Karnataka,India,2025-11-07,Active
CUS009512,INS000004,Amol,Sharma,1975-01-27,Female,Bengaluru,Karnataka,India,2019-10-15,Active
CUS009513,INS000003,Chasmum,Thakur,1996-04-28,Male,Nagpur,Maharashtra,India,2026-07-04,Inactive
CUS009514,INS000001,Damyanti,Choudhry,1970-11-14,Male,Hyderabad,Telangana,India,2023-01-26,Active
CUS009515,INS000004,Yadavi,Pandey,1957-06-29,Male,Pune,Maharashtra,India,2023-08-26,Active
CUS009516,INS000002,Jeet,Saini,2002-01-19,Male,Mumbai,Maharashtra,India,2020-04-03,Active
CUS009517,INS000003,Xalak,Walla,2007-07-06,Male,Surat,Gujarat,India,2022-11-08,Active
CUS009518,INS000004,Tamanna,Koshy,1974-05-11,Male,Mumbai,Maharashtra,India,2019-02-24,Active
CUS009519,INS000004,Odika,Mistry,1997-03-12,Female,Kolkata,West Bengal,India,2025-05-15,Active
CUS009520,INS000001,Nirja,Palla,1958-06-30,Female,Bhopal,Madhya Pradesh,India,2025-02-20,Active
CUS009521,INS000002,Indira,Tank,1958-04-11,Male,Ahmedabad,Gujarat,India,2019-05-11,Active
CUS009522,INS000004,Indira,Gokhale,2004-01-21,Female,Nagpur,Maharashtra,India,2019-05-19,Active
CUS009523,INS000003,Pooja,Badal,2000-12-07,Female,Ahmedabad,Gujarat,India,2021-06-30,Active
CUS009524,INS000004,Gautami,Dora,1954-03-15,Female,Hyderabad,Telangana,India,2019-05-25,Active
CUS009525,INS000005,Ishaan,Raman,2005-03-26,Male,Pune,Maharashtra,India,2025-12-01,Active
CUS009526,INS000003,Patrick,Puri,1977-08-04,Female,Patna,Bihar,India,2026-05-19,Active
CUS009527,INS000003,Tara,Pillay,1988-09-20,Male,Lucknow,Uttar Pradesh,India,2025-05-30,Active
CUS009528,INS000004,Priya,Rastogi,1970-01-18,Male,Surat,Gujarat,India,2023-05-25,Active
CUS009529,INS000001,Kashvi,Walla,1965-03-27,Female,Bhopal,Madhya Pradesh,India,2025-01-23,Active
CUS009530,INS000003,Peter,Rajagopalan,1952-05-09,Female,Hyderabad,Telangana,India,2021-01-07,Active
CUS009531,INS000005,Nicholas,Garde,1968-12-07,Female,Delhi,Delhi,India,2022-06-16,Active
CUS009532,INS000001,Rajata,Pandya,1964-01-23,Female,Hyderabad,Telangana,India,2018-10-23,Active
CUS009533,INS000001,Lakshmi,Chandra,1972-07-27,Male,Delhi,Delhi,India,2026-02-08,Active
CUS009534,INS000001,Bhavani,Devi,1958-03-21,Female,Lucknow,Uttar Pradesh,India,2023-09-21,Active
CUS009535,INS000003,Rajeshri,Naik,1958-03-04,Male,Bhubaneswar,Odisha,India,2024-03-13,Active
CUS009536,INS000001,Bhanumati,Sem,1987-06-21,Male,Bhubaneswar,Odisha,India,2023-04-03,Active
CUS009537,INS000004,Hardik,Jayaraman,1967-12-22,Female,Surat,Gujarat,India,2023-12-27,Active
CUS009538,INS000001,Gagan,Morar,1964-12-27,Male,Indore,Madhya Pradesh,India,2026-03-18,Active
CUS009539,INS000005,Hemang,Tripathi,1962-12-19,Female,Chandigarh,Chandigarh,India,2025-04-08,Active
CUS009540,INS000002,Gaurav,Gaba,1976-02-14,Male,Chennai,Tamil Nadu,India,2021-11-04,Inactive
CUS009541,INS000005,Amol,Oza,1989-10-05,Female,Mumbai,Maharashtra,India,2025-11-14,Inactive
CUS009542,INS000003,Nisha,Nanda,1997-06-28,Male,Pune,Maharashtra,India,2023-12-19,Inactive
CUS009543,INS000001,Hemang,Kapoor,2003-08-04,Male,Surat,Gujarat,India,2020-07-12,Active
CUS009544,INS000001,Watika,Mahajan,1992-02-06,Female,Surat,Gujarat,India,2026-05-17,Active
CUS009545,INS000004,Harish,Saran,2003-04-17,Male,Surat,Gujarat,India,2019-01-02,Active
CUS009546,INS000001,Sachi,Andra,1954-07-05,Female,Ahmedabad,Gujarat,India,2026-03-29,Active
CUS009547,INS000005,Yahvi,Saxena,1974-08-09,Female,Patna,Bihar,India,2021-04-10,Active
CUS009548,INS000003,Bachittar,Misra,1988-03-23,Female,Pune,Maharashtra,India,2019-03-20,Active
CUS009549,INS000002,Bimala,Deshpande,1967-02-02,Female,Bengaluru,Karnataka,India,2024-06-02,Active
CUS009550,INS000001,Osha,Bajaj,1977-01-30,Male,Delhi,Delhi,India,2024-12-02,Active
CUS009551,INS000002,Siddharth,Saxena,2001-04-24,Female,Mysuru,Karnataka,India,2024-04-09,Active
CUS009552,INS000001,Udant,Loyal,1974-11-13,Male,Chennai,Tamil Nadu,India,2020-10-29,Active
CUS009553,INS000003,Suhani,Soman,2000-07-28,Male,Chennai,Tamil Nadu,India,2019-09-04,Active
CUS009554,INS000005,Lakshmi,Dhar,1996-12-27,Male,Surat,Gujarat,India,2020-04-26,Active
CUS009555,INS000003,Ishwar,Sabharwal,1956-09-12,Female,Delhi,Delhi,India,2021-03-20,Inactive
CUS009556,INS000002,Rohan,Sampath,1986-11-19,Female,Bhubaneswar,Odisha,India,2025-01-25,Active
CUS009557,INS000001,Upasna,Modi,1962-10-06,Female,Kochi,Kerala,India,2019-12-01,Active
CUS009558,INS000002,Jeet,Bhatnagar,1991-02-12,Female,Delhi,Delhi,India,2019-03-28,Active
CUS009559,INS000005,Indali,Sarma,1979-02-10,Female,Thane,Maharashtra,India,2025-09-16,Active
CUS009560,INS000003,Ucchal,Randhawa,1999-10-02,Female,Mumbai,Maharashtra,India,2022-06-15,Active
CUS009561,INS000002,Nitara,Sundaram,1982-12-10,Male,Thane,Maharashtra,India,2024-02-26,Active
CUS009562,INS000002,Meghana,Bains,1978-12-03,Female,Ahmedabad,Gujarat,India,2023-10-01,Active
CUS009563,INS000005,Abhimanyu,Aggarwal,1994-08-01,Female,Mumbai,Maharashtra,India,2021-05-15,Active
CUS009564,INS000001,Kavya,Shankar,1953-05-09,Male,Jaipur,Rajasthan,India,2022-06-15,Active
CUS009565,INS000002,Udarsh,Mohanty,1973-07-08,Female,Jaipur,Rajasthan,India,2021-08-16,Active
CUS009566,INS000005,Yashica,Tank,1955-02-06,Male,Mysuru,Karnataka,India,2019-10-27,Active
CUS009567,INS000001,Bhanumati,Kumer,1991-01-09,Female,Chennai,Tamil Nadu,India,2020-06-04,Inactive
CUS009568,INS000001,Amrita,Pandey,1967-12-07,Female,Thane,Maharashtra,India,2019-08-15,Active
CUS009569,INS000003,Aishani,Mane,1986-09-17,Female,Delhi,Delhi,India,2024-10-26,Active
CUS009570,INS000005,Damyanti,Ravi,1980-03-21,Female,Delhi,Delhi,India,2025-11-18,Active
CUS009571,INS000001,Oeshi,Majumdar,1980-05-22,Female,Bengaluru,Karnataka,India,2021-07-31,Active
CUS009572,INS000003,Wyatt,Borra,1972-06-13,Female,Hyderabad,Telangana,India,2023-04-03,Active
CUS009573,INS000004,Aayush,Upadhyay,1971-02-10,Male,Bhubaneswar,Odisha,India,2020-10-14,Active
CUS009574,INS000005,Oeshi,Hari,1969-07-07,Male,Hyderabad,Telangana,India,2021-01-25,Inactive
CUS009575,INS000004,Bachittar,Thaman,1998-12-09,Female,Surat,Gujarat,India,2025-08-30,Active
CUS009576,INS000001,Alexander,Mittal,1955-03-27,Female,Chennai,Tamil Nadu,India,2020-09-04,Active
CUS009577,INS000005,Atharv,Chowdhury,2004-07-19,Female,Kochi,Kerala,India,2020-05-18,Active
CUS009578,INS000003,Mitesh,Roy,1960-03-08,Male,Mumbai,Maharashtra,India,2022-07-26,Inactive
CUS009579,INS000001,Kavya,Shere,2000-02-29,Female,Kolkata,West Bengal,India,2025-12-24,Active
CUS009580,INS000005,Zilmil,Kibe,1990-01-29,Female,Mysuru,Karnataka,India,2024-12-12,Active
CUS009581,INS000005,Eesha,Mani,1960-10-22,Male,Mysuru,Karnataka,India,2023-12-05,Active
CUS009582,INS000004,Gautami,Shanker,1958-09-10,Female,Bengaluru,Karnataka,India,2020-11-22,Active
CUS009583,INS000001,Onkar,Venkataraman,2005-01-05,Female,Thane,Maharashtra,India,2023-04-01,Active
CUS009584,INS000003,Qushi,Oza,2003-08-31,Female,Jaipur,Rajasthan,India,2025-05-29,Active
CUS009585,INS000003,Wyatt,Jhaveri,1980-12-14,Other,Lucknow,Uttar Pradesh,India,2026-07-16,Active
CUS009586,INS000001,Mahika,Rastogi,1981-12-09,Male,Thane,Maharashtra,India,2018-09-03,Active
CUS009587,INS000001,Reyansh,Yadav,1975-09-14,Female,Indore,Madhya Pradesh,India,2026-07-08,Active
CUS009588,INS000002,Maya,Walla,1953-01-03,Female,Patna,Bihar,India,2021-10-14,Active
CUS009589,INS000004,Charan,Chhabra,2004-04-09,Female,Ahmedabad,Gujarat,India,2022-02-02,Active
CUS009590,INS000001,Pushti,Rai,1998-12-26,Female,Chennai,Tamil Nadu,India,2022-09-13,Active
CUS009591,INS000001,Kabir,Master,1986-03-07,Female,Delhi,Delhi,India,2026-03-03,Active
CUS009592,INS000002,Madhavi,Walla,1973-03-24,Male,Thane,Maharashtra,India,2024-11-13,Active
CUS009593,INS000002,Oscar,Bala,2004-02-05,Male,Bengaluru,Karnataka,India,2024-04-16,Active
CUS009594,INS000005,Neha,Lanka,1985-09-25,Male,Surat,Gujarat,India,2020-05-22,Active
CUS009595,INS000003,Eesha,Mann,1994-10-01,Female,Bengaluru,Karnataka,India,2018-11-06,Active
CUS009596,INS000004,Zansi,Mutti,1960-10-14,Female,Chennai,Tamil Nadu,India,2022-06-24,Active
CUS009597,INS000005,Nathan,Anne,1979-09-09,Male,Mysuru,Karnataka,India,2022-04-28,Active
CUS009598,INS000001,Rajeshri,Ganesan,1959-09-01,Male,Indore,Madhya Pradesh,India,2019-10-26,Active
CUS009599,INS000002,Vihaan,Varma,1990-10-11,Male,Jaipur,Rajasthan,India,2025-09-11,Active
CUS009600,INS000003,Hardik,Ramesh,1981-06-29,Female,Bhopal,Madhya Pradesh,India,2021-02-16,Active
CUS009601,INS000005,Jonathan,Anne,1967-03-22,Other,Chennai,Tamil Nadu,India,2021-07-30,Active
CUS009602,INS000003,Yamini,Narain,2001-11-03,Female,Nagpur,Maharashtra,India,2020-09-09,Active
CUS009603,INS000002,Jagat,Garg,1969-08-23,Female,Bhopal,Madhya Pradesh,India,2020-07-12,Active
CUS009604,INS000005,Manya,Dani,1953-03-06,Female,Thane,Maharashtra,India,2020-04-08,Active
CUS009605,INS000005,Abha,Balay,1955-03-13,Male,Patna,Bihar,India,2019-07-21,Active
CUS009606,INS000003,Nathan,Gade,1963-05-17,Female,Indore,Madhya Pradesh,India,2025-03-12,Active
CUS009607,INS000002,Ekantika,Rastogi,1989-09-21,Female,Pune,Maharashtra,India,2019-06-02,Active
CUS009608,INS000001,Samar,Dewan,1997-11-03,Female,Kolkata,West Bengal,India,2020-04-17,Active
CUS009609,INS000005,Girik,Shanker,1981-12-11,Female,Mumbai,Maharashtra,India,2022-09-15,Active
CUS009610,INS000001,Girik,Baral,2000-11-21,Female,Thane,Maharashtra,India,2023-01-22,Active
CUS009611,INS000002,Atharv,Ranganathan,1977-04-18,Female,Mumbai,Maharashtra,India,2019-06-01,Active
CUS009612,INS000005,Rajeshri,Ratta,1996-07-29,Female,Pune,Maharashtra,India,2019-10-01,Active
CUS009613,INS000005,Advay,Mann,1994-05-15,Other,Bhubaneswar,Odisha,India,2021-03-03,Active
CUS009614,INS000001,Michael,Bhat,1960-04-27,Female,Thane,Maharashtra,India,2022-02-18,Active
CUS009615,INS000004,Ayaan,Badami,1993-11-09,Male,Mumbai,Maharashtra,India,2022-10-04,Active
CUS009616,INS000001,Farhan,Gola,2003-11-05,Male,Ahmedabad,Gujarat,India,2019-12-27,Active
CUS009617,INS000001,Lavanya,Madan,1962-08-31,Female,Chennai,Tamil Nadu,India,2023-12-24,Active
CUS009618,INS000004,Aryan,Warrior,1975-09-10,Male,Bengaluru,Karnataka,India,2026-01-22,Inactive
CUS009619,INS000002,Kalpit,Krishnan,1972-09-25,Male,Mumbai,Maharashtra,India,2020-06-16,Active
CUS009620,INS000002,Sudiksha,Parmer,1975-12-01,Male,Lucknow,Uttar Pradesh,India,2026-06-28,Active
CUS009621,INS000005,Ishita,Venkatesh,1967-08-05,Female,Bhopal,Madhya Pradesh,India,2025-07-24,Active
CUS009622,INS000003,Rachit,Chawla,1996-04-14,Female,Lucknow,Uttar Pradesh,India,2025-12-17,Active
CUS009623,INS000003,Wriddhish,Kant,2004-07-05,Male,Chennai,Tamil Nadu,India,2021-04-17,Active
CUS009624,INS000005,Tristan,Acharya,1994-01-15,Male,Thane,Maharashtra,India,2022-01-13,Active
CUS009625,INS000003,Chameli,Zacharia,1982-03-21,Female,Ahmedabad,Gujarat,India,2020-04-25,Inactive
CUS009626,INS000001,Rishi,Gupta,1958-07-02,Male,Chandigarh,Chandigarh,India,2026-06-15,Active
CUS009627,INS000001,Yatan,Barman,2005-05-25,Male,Kochi,Kerala,India,2019-09-25,Active
CUS009628,INS000004,Kritika,Narayan,1991-05-05,Female,Mysuru,Karnataka,India,2019-08-26,Active
CUS009629,INS000004,Abha,Subramanian,1995-09-18,Female,Chandigarh,Chandigarh,India,2025-03-12,Active
CUS009630,INS000005,Charan,Mody,1961-05-25,Male,Nagpur,Maharashtra,India,2025-11-13,Inactive
CUS009631,INS000005,Anvi,Zachariah,1958-12-15,Female,Jaipur,Rajasthan,India,2019-08-26,Active
CUS009632,INS000005,Fitan,Khalsa,1977-06-10,Male,Thane,Maharashtra,India,2021-12-10,Inactive
CUS009633,INS000001,Maanas,Som,1972-07-26,Female,Thane,Maharashtra,India,2019-03-18,Active
CUS009634,INS000003,Arin,Lala,1952-04-14,Male,Bhopal,Madhya Pradesh,India,2019-07-29,Active
CUS009635,INS000005,Harshil,Cherian,1964-09-15,Male,Mysuru,Karnataka,India,2023-09-09,Active
CUS009636,INS000005,Indrajit,Palan,1950-12-19,Female,Lucknow,Uttar Pradesh,India,2026-03-23,Active
CUS009637,INS000001,Tripti,Sagar,2008-04-01,Female,Delhi,Delhi,India,2019-09-24,Active
CUS009638,INS000001,Jason,Khalsa,1978-08-15,Male,Patna,Bihar,India,2025-10-02,Active
CUS009639,INS000001,Hredhaan,Atwal,1983-02-21,Male,Thane,Maharashtra,India,2021-07-04,Active
CUS009640,INS000003,Lucky,Dixit,1998-10-23,Female,Bhopal,Madhya Pradesh,India,2025-03-07,Inactive
CUS009641,INS000005,Barkha,Sekhon,1975-12-26,Female,Delhi,Delhi,India,2024-11-15,Active
CUS009642,INS000002,Adweta,Prabhakar,1955-03-29,Male,Mysuru,Karnataka,India,2024-08-21,Active
CUS009643,INS000002,Pranit,Arya,1993-09-19,Female,Bengaluru,Karnataka,India,2022-03-20,Active
CUS009644,INS000005,Girik,Batta,1974-03-10,Male,Surat,Gujarat,India,2018-09-13,Active
CUS009645,INS000005,Faras,Acharya,1989-03-21,Female,Pune,Maharashtra,India,2024-09-20,Active
CUS009646,INS000005,Warda,Kala,1963-10-19,Male,Lucknow,Uttar Pradesh,India,2019-06-19,Inactive
CUS009647,INS000005,Janaki,Batra,1963-06-21,Male,Delhi,Delhi,India,2023-09-14,Active
CUS009648,INS000003,Sarthak,Pai,1987-08-04,Male,Kochi,Kerala,India,2021-06-16,Active
CUS009649,INS000002,Mahika,Ramakrishnan,1970-09-22,Male,Kochi,Kerala,India,2019-08-06,Active
CUS009650,INS000004,Harrison,Rau,2001-01-24,Male,Thane,Maharashtra,India,2020-08-31,Active
CUS009651,INS000002,Vritti,Chaudry,1994-06-29,Male,Indore,Madhya Pradesh,India,2021-01-05,Active
CUS009652,INS000002,Anthony,Parekh,2006-01-17,Male,Kochi,Kerala,India,2019-08-07,Active
CUS009653,INS000001,Odika,Jani,1991-06-13,Male,Surat,Gujarat,India,2022-12-07,Active
CUS009654,INS000005,Ethan,Badal,1978-06-17,Female,Chennai,Tamil Nadu,India,2020-06-23,Active
CUS009655,INS000005,Vidhi,Parmar,1970-06-11,Male,Jaipur,Rajasthan,India,2023-07-16,Active
CUS009656,INS000005,Faraj,Ram,1975-04-08,Female,Bengaluru,Karnataka,India,2025-04-06,Active
CUS009657,INS000001,Shivansh,Master,1961-10-15,Male,Kolkata,West Bengal,India,2026-01-21,Active
CUS009658,INS000003,Oni,Chatterjee,1988-04-28,Male,Jaipur,Rajasthan,India,2025-09-01,Active
CUS009659,INS000003,Keya,Lal,2000-05-30,Female,Thane,Maharashtra,India,2024-03-08,Active
CUS009660,INS000004,Dipta,Handa,1999-12-25,Female,Bhopal,Madhya Pradesh,India,2023-02-20,Active
CUS009661,INS000003,Shravya,Sarma,1976-11-14,Male,Chandigarh,Chandigarh,India,2020-08-04,Active
CUS009662,INS000003,Naveen,Menon,1987-12-21,Male,Bengaluru,Karnataka,India,2019-05-28,Active
CUS009663,INS000005,Pranit,Sankaran,1995-02-04,Female,Mysuru,Karnataka,India,2023-06-09,Active
CUS009664,INS000002,Chanchal,Sen,1953-11-04,Female,Kolkata,West Bengal,India,2020-09-09,Active
CUS009665,INS000003,Advaith,Ben,1969-10-10,Other,Mysuru,Karnataka,India,2022-01-21,Active
CUS009666,INS000003,Pranav,Thakkar,1970-04-20,Female,Kolkata,West Bengal,India,2022-09-26,Active
CUS009667,INS000001,Azad,Srinivasan,1971-04-11,Male,Lucknow,Uttar Pradesh,India,2024-09-22,Active
CUS009668,INS000004,Jacob,Bahl,1984-06-22,Female,Pune,Maharashtra,India,2019-10-20,Active
CUS009669,INS000001,Hemal,Dani,1963-04-07,Female,Delhi,Delhi,India,2025-03-30,Active
CUS009670,INS000005,Idika,Wali,2005-03-18,Female,Indore,Madhya Pradesh,India,2023-12-02,Active
CUS009671,INS000002,Veda,Sodhi,1995-08-10,Female,Patna,Bihar,India,2024-06-13,Active
CUS009672,INS000004,Abdul,Edwin,1963-05-25,Female,Pune,Maharashtra,India,2022-05-28,Active
CUS009673,INS000001,Nathan,Sachdeva,1987-06-29,Female,Surat,Gujarat,India,2024-07-17,Active
CUS009674,INS000003,Aachal,Banerjee,1998-06-12,Male,Kolkata,West Bengal,India,2021-05-13,Inactive
CUS009675,INS000003,Jairaj,Balasubramanian,1960-06-22,Female,Chennai,Tamil Nadu,India,2023-08-22,Active
CUS009676,INS000004,Reyansh,Chowdhury,1970-07-29,Male,Hyderabad,Telangana,India,2019-06-04,Active
CUS009677,INS000003,Ayushman,Jani,2004-03-21,Male,Indore,Madhya Pradesh,India,2025-03-20,Active
CUS009678,INS000001,Arin,Sane,1976-08-05,Male,Bhopal,Madhya Pradesh,India,2021-12-29,Active
CUS009679,INS000001,Zarna,Pradhan,2003-06-23,Male,Ahmedabad,Gujarat,India,2026-03-22,Active
CUS009680,INS000003,Yauvani,Das,1968-09-15,Female,Chennai,Tamil Nadu,India,2024-04-22,Active
CUS009681,INS000003,Michael,Batta,1960-01-25,Female,Chandigarh,Chandigarh,India,2022-01-06,Active
CUS009682,INS000005,Tarak,Kashyap,1965-05-14,Male,Bengaluru,Karnataka,India,2019-10-12,Active
CUS009683,INS000002,Janya,Madan,1994-11-15,Female,Bengaluru,Karnataka,India,2022-07-14,Active
CUS009684,INS000004,Ishwar,Merchant,2006-12-01,Male,Kolkata,West Bengal,India,2025-01-04,Active
CUS009685,INS000001,Teerth,Mitter,1969-10-20,Male,Indore,Madhya Pradesh,India,2024-01-28,Active
CUS009686,INS000004,Ayushman,Krishnan,1970-03-11,Female,Delhi,Delhi,India,2025-12-20,Active
CUS009687,INS000005,Falak,Deep,2003-04-13,Female,Lucknow,Uttar Pradesh,India,2026-06-25,Active
CUS009688,INS000001,Lakshit,Bassi,1980-10-30,Male,Bhopal,Madhya Pradesh,India,2021-03-17,Active
CUS009689,INS000005,Thomas,Ramaswamy,1992-09-25,Female,Lucknow,Uttar Pradesh,India,2024-02-16,Active
CUS009690,INS000005,Fiyaz,Sule,1991-03-23,Male,Jaipur,Rajasthan,India,2022-04-01,Active
CUS009691,INS000003,Jonathan,Mahal,1963-07-13,Other,Nagpur,Maharashtra,India,2022-01-03,Active
CUS009692,INS000004,Amrita,Oza,1984-03-04,Male,Nagpur,Maharashtra,India,2024-11-17,Active
CUS009693,INS000004,Anusha,Sami,1976-09-10,Male,Indore,Madhya Pradesh,India,2023-02-09,Active
CUS009694,INS000003,Vasatika,Rattan,2003-09-13,Female,Lucknow,Uttar Pradesh,India,2025-12-16,Active
CUS009695,INS000004,Ryan,Prasad,1977-03-04,Female,Chennai,Tamil Nadu,India,2021-07-17,Active
CUS009696,INS000003,George,Gala,1952-11-04,Male,Chandigarh,Chandigarh,India,2024-01-08,Active
CUS009697,INS000001,Ijaya,Mitra,1956-08-24,Female,Chennai,Tamil Nadu,India,2023-09-17,Active
CUS009698,INS000005,Chaitaly,Barad,1974-09-14,Male,Delhi,Delhi,India,2018-12-03,Active
CUS009699,INS000005,Unni,Purohit,2006-12-04,Female,Bhopal,Madhya Pradesh,India,2023-01-01,Active
CUS009700,INS000004,Warhi,Dhar,1981-10-09,Male,Thane,Maharashtra,India,2019-11-18,Inactive
CUS009701,INS000002,Rajata,Date,2005-12-14,Female,Hyderabad,Telangana,India,2025-05-02,Active
CUS009702,INS000005,Yauvani,Dada,1971-06-18,Female,Jaipur,Rajasthan,India,2022-03-29,Active
CUS009703,INS000003,Mugdha,Naik,1984-06-17,Male,Mumbai,Maharashtra,India,2020-12-24,Active
CUS009704,INS000002,Reyansh,Padmanabhan,1987-08-02,Other,Delhi,Delhi,India,2023-07-08,Active
CUS009705,INS000002,Zashil,Sarin,2000-09-22,Other,Bengaluru,Karnataka,India,2024-08-14,Active
CUS009706,INS000005,Oscar,Sridhar,1973-10-14,Female,Mysuru,Karnataka,India,2026-07-19,Active
CUS009707,INS000005,Rudra,Devan,1988-01-03,Male,Kochi,Kerala,India,2022-12-16,Active
CUS009708,INS000005,Avni,Murty,1964-02-08,Female,Bhopal,Madhya Pradesh,India,2021-04-04,Active
CUS009709,INS000003,Maya,Sandal,1973-04-11,Female,Thane,Maharashtra,India,2020-12-05,Active
CUS009710,INS000002,Harshil,Gokhale,1996-03-26,Female,Nagpur,Maharashtra,India,2021-02-08,Active
CUS009711,INS000004,Devika,Gour,2001-04-12,Female,Mumbai,Maharashtra,India,2021-08-19,Active
CUS009712,INS000003,Noah,Golla,1972-08-24,Male,Nagpur,Maharashtra,India,2020-12-15,Active
CUS009713,INS000001,Samesh,Dash,1951-03-11,Female,Kochi,Kerala,India,2025-02-02,Active
CUS009714,INS000005,Vinaya,Anand,2006-07-05,Female,Hyderabad,Telangana,India,2023-12-11,Active
CUS009715,INS000002,Rachita,Narula,1966-10-03,Male,Hyderabad,Telangana,India,2026-07-31,Active
CUS009716,INS000003,Sanaya,Keer,1989-07-13,Female,Mumbai,Maharashtra,India,2018-12-05,Inactive
CUS009717,INS000001,Pallavi,Kale,2002-09-03,Female,Pune,Maharashtra,India,2019-06-22,Active
CUS009718,INS000003,Anita,Menon,1993-11-16,Female,Thane,Maharashtra,India,2022-07-10,Active
CUS009719,INS000003,Eiravati,Sarraf,1975-08-12,Male,Patna,Bihar,India,2021-09-09,Active
CUS009720,INS000004,Hritik,Balan,1993-11-16,Female,Delhi,Delhi,India,2020-07-30,Active
CUS009721,INS000004,Leela,Kuruvilla,1962-08-15,Male,Jaipur,Rajasthan,India,2026-01-03,Active
CUS009722,INS000003,Pushti,Tara,1991-11-17,Female,Kochi,Kerala,India,2025-07-04,Active
CUS009723,INS000001,Ryan,Mohanty,1986-10-08,Female,Ahmedabad,Gujarat,India,2026-05-14,Active
CUS009724,INS000002,Ira,Srinivasan,1954-09-10,Female,Surat,Gujarat,India,2024-07-12,Active
CUS009725,INS000002,Kashvi,Ramachandran,1990-08-11,Male,Kolkata,West Bengal,India,2022-10-11,Inactive
CUS009726,INS000005,Devansh,Mitter,1967-01-15,Female,Thane,Maharashtra,India,2020-06-23,Active
CUS009727,INS000005,Shivani,Mani,1985-07-14,Other,Ahmedabad,Gujarat,India,2019-08-20,Active
CUS009728,INS000002,Oliver,Nanda,1971-01-12,Male,Pune,Maharashtra,India,2020-09-17,Active
CUS009729,INS000003,Bahadurjit,Pradhan,1977-08-02,Female,Chennai,Tamil Nadu,India,2025-08-14,Active
CUS009730,INS000003,Yasti,Kapoor,1990-08-04,Female,Hyderabad,Telangana,India,2018-12-21,Active
CUS009731,INS000004,Zehaan,Sarkar,1952-04-13,Female,Ahmedabad,Gujarat,India,2020-11-25,Active
CUS009732,INS000004,Nimrat,Narain,1988-11-01,Male,Kolkata,West Bengal,India,2024-07-31,Active
CUS009733,INS000005,Chaaya,Garde,1975-02-24,Male,Hyderabad,Telangana,India,2020-06-02,Active
CUS009734,INS000002,Indira,Char,1959-12-24,Female,Hyderabad,Telangana,India,2025-08-09,Active
CUS009735,INS000003,Mitali,Kata,1989-11-21,Male,Mumbai,Maharashtra,India,2019-11-13,Active
CUS009736,INS000002,Ayushman,Warrior,1965-10-13,Male,Pune,Maharashtra,India,2023-11-05,Active
CUS009737,INS000001,Ishwar,Kar,1968-09-28,Female,Bhopal,Madhya Pradesh,India,2023-09-10,Active
CUS009738,INS000002,Pranit,Munshi,1999-05-04,Male,Surat,Gujarat,India,2026-06-12,Inactive
CUS009739,INS000001,Ekantika,Ahuja,1989-11-23,Female,Lucknow,Uttar Pradesh,India,2025-01-29,Active
CUS009740,INS000004,Pushti,Suresh,1966-10-14,Female,Indore,Madhya Pradesh,India,2025-03-16,Active
CUS009741,INS000004,Quincy,Bumb,1959-11-11,Female,Kolkata,West Bengal,India,2019-09-05,Active
CUS009742,INS000005,Ishita,Devan,1966-07-12,Female,Chennai,Tamil Nadu,India,2024-12-17,Active
CUS009743,INS000002,Yatan,Mani,1978-12-01,Male,Ahmedabad,Gujarat,India,2022-03-28,Inactive
CUS009744,INS000002,Elijah,Nath,1951-12-30,Male,Mumbai,Maharashtra,India,2023-01-02,Active
CUS009745,INS000001,Tanveer,Pall,1982-10-20,Female,Nagpur,Maharashtra,India,2025-09-12,Active
CUS009746,INS000004,Kamya,Kamdar,1969-05-03,Male,Patna,Bihar,India,2025-01-21,Active
CUS009747,INS000001,Kamya,Chaudry,1954-01-12,Other,Mumbai,Maharashtra,India,2018-12-24,Active
CUS009748,INS000004,Maanav,Ganesan,1958-01-26,Female,Thane,Maharashtra,India,2024-05-16,Active
CUS009749,INS000001,Dipta,Bhalla,1992-04-08,Male,Surat,Gujarat,India,2018-12-29,Active
CUS009750,INS000004,Jason,Aggarwal,1963-09-03,Female,Pune,Maharashtra,India,2018-11-28,Active
CUS009751,INS000001,Aditya,Krish,2006-01-02,Male,Patna,Bihar,India,2020-02-16,Active
CUS009752,INS000004,Eiravati,Ramesh,1984-01-02,Male,Pune,Maharashtra,India,2018-12-28,Active
CUS009753,INS000001,Advay,Datta,1952-04-12,Female,Kolkata,West Bengal,India,2024-12-04,Active
CUS009754,INS000002,Falguni,Goyal,1957-05-28,Female,Ahmedabad,Gujarat,India,2022-04-23,Active
CUS009755,INS000005,Tanay,Chand,1992-06-09,Female,Pune,Maharashtra,India,2025-04-27,Active
CUS009756,INS000001,Udyati,Bir,1979-11-12,Male,Pune,Maharashtra,India,2024-05-18,Active
CUS009757,INS000005,Ekanta,Sodhi,1955-11-20,Male,Bengaluru,Karnataka,India,2023-09-11,Active
CUS009758,INS000002,Viraj,Khalsa,1994-08-20,Male,Kochi,Kerala,India,2019-08-23,Active
CUS009759,INS000002,Dominic,Dhar,1958-12-09,Male,Thane,Maharashtra,India,2019-04-24,Active
CUS009760,INS000004,Lekha,Sheth,1963-08-02,Male,Kochi,Kerala,India,2021-06-26,Active
CUS009761,INS000005,Bhanumati,Talwar,1971-03-29,Female,Mumbai,Maharashtra,India,2020-02-29,Active
CUS009762,INS000003,Simon,Dugar,1982-06-26,Female,Ahmedabad,Gujarat,India,2020-07-27,Active
CUS009763,INS000004,Teerth,Sandal,1953-09-11,Male,Indore,Madhya Pradesh,India,2022-12-12,Active
CUS009764,INS000005,Harshil,Madan,2002-04-14,Male,Bhopal,Madhya Pradesh,India,2019-02-06,Active
CUS009765,INS000001,Arunima,Wason,1982-05-23,Female,Chennai,Tamil Nadu,India,2023-02-28,Active
CUS009766,INS000001,Falan,Koshy,2008-07-01,Female,Lucknow,Uttar Pradesh,India,2021-04-24,Active
CUS009767,INS000002,Oviya,Pal,1952-10-25,Female,Chennai,Tamil Nadu,India,2021-04-23,Active
CUS009768,INS000003,Radhika,Nagi,1989-09-03,Male,Hyderabad,Telangana,India,2026-01-12,Active
CUS009769,INS000001,Eesha,Nagi,2005-07-04,Male,Ahmedabad,Gujarat,India,2022-01-13,Active
CUS009770,INS000005,Ekaja,Nair,1971-10-30,Female,Pune,Maharashtra,India,2019-11-22,Active
CUS009771,INS000005,Rudra,Garg,1963-04-10,Female,Surat,Gujarat,India,2019-08-01,Active
CUS009772,INS000001,Ronith,Golla,1977-02-09,Female,Bengaluru,Karnataka,India,2019-08-03,Active
CUS009773,INS000005,Chandran,Mody,1999-03-10,Female,Indore,Madhya Pradesh,India,2021-09-03,Active
CUS009774,INS000005,Wakeeta,Garde,1962-01-25,Male,Mumbai,Maharashtra,India,2019-03-02,Active
CUS009775,INS000002,Wishi,Pal,1974-01-06,Male,Mysuru,Karnataka,India,2022-11-16,Active
CUS009776,INS000003,Chakradhar,Dey,1951-10-30,Female,Surat,Gujarat,India,2020-11-17,Active
CUS009777,INS000002,Anvi,Munshi,1987-06-26,Male,Surat,Gujarat,India,2024-07-26,Active
CUS009778,INS000003,Oviya,Chaudhuri,1976-09-10,Female,Bhubaneswar,Odisha,India,2019-01-12,Active
CUS009779,INS000005,Jagdish,Ravi,1960-03-18,Male,Kolkata,West Bengal,India,2021-09-17,Active
CUS009780,INS000003,Jeet,D’Alia,1995-01-31,Male,Bhubaneswar,Odisha,India,2025-09-27,Active
CUS009781,INS000005,Sneha,Thakkar,1954-09-17,Male,Thane,Maharashtra,India,2021-08-26,Active
CUS009782,INS000005,Onveer,Narang,1969-02-02,Male,Kolkata,West Bengal,India,2024-04-01,Inactive
CUS009783,INS000002,Eta,Suresh,1972-09-11,Male,Nagpur,Maharashtra,India,2022-01-23,Active
CUS009784,INS000002,Leela,Pillay,1985-11-15,Female,Chennai,Tamil Nadu,India,2023-09-10,Active
CUS009785,INS000004,Warjas,Chad,1988-11-19,Female,Jaipur,Rajasthan,India,2024-12-18,Active
CUS009786,INS000001,Ansh,Sen,1971-12-14,Male,Bhopal,Madhya Pradesh,India,2026-04-22,Active
CUS009787,INS000004,Bhavani,Bhavsar,1991-01-07,Male,Mumbai,Maharashtra,India,2023-12-03,Active
CUS009788,INS000004,Andrew,Bhakta,1984-04-27,Other,Pune,Maharashtra,India,2026-05-30,Active
CUS009789,INS000003,Aayush,Nayar,2002-09-07,Male,Ahmedabad,Gujarat,India,2024-04-20,Active
CUS009790,INS000005,Triya,Ben,1971-02-06,Male,Mumbai,Maharashtra,India,2021-03-07,Active
CUS009791,INS000005,Bhavani,Wadhwa,1979-04-16,Male,Bhubaneswar,Odisha,India,2021-10-16,Active
CUS009792,INS000005,Karan,Batta,1983-07-26,Female,Bhopal,Madhya Pradesh,India,2019-04-14,Active
CUS009793,INS000001,Neha,Patil,1986-01-27,Male,Bengaluru,Karnataka,India,2026-07-26,Active
CUS009794,INS000003,Balhaar,Morar,1972-02-10,Female,Lucknow,Uttar Pradesh,India,2021-02-25,Active
CUS009795,INS000003,Balveer,Chanda,1971-12-08,Male,Chandigarh,Chandigarh,India,2025-07-19,Inactive
CUS009796,INS000005,Geetika,Kuruvilla,2002-04-13,Male,Jaipur,Rajasthan,India,2025-11-30,Active
CUS009797,INS000004,Amol,Sem,1969-05-28,Male,Nagpur,Maharashtra,India,2025-05-01,Active
CUS009798,INS000001,Ekaraj,Sha,1988-03-20,Female,Lucknow,Uttar Pradesh,India,2022-06-17,Active
CUS009799,INS000004,Upma,Mohanty,1990-07-11,Female,Thane,Maharashtra,India,2020-10-12,Active
CUS009800,INS000002,Girish,Luthra,1973-01-11,Male,Kochi,Kerala,India,2024-11-17,Active
CUS009801,INS000003,Ojasvi,Sinha,1983-04-07,Male,Nagpur,Maharashtra,India,2019-02-12,Active
CUS009802,INS000003,Charvi,Karpe,1987-03-26,Female,Bhubaneswar,Odisha,India,2021-01-10,Active
CUS009803,INS000004,Anvi,Pau,1976-04-20,Female,Mysuru,Karnataka,India,2021-07-04,Active
CUS009804,INS000001,Edhitha,Kala,1968-01-09,Male,Bhopal,Madhya Pradesh,India,2020-06-26,Active
CUS009805,INS000003,Hiral,Parikh,1971-09-29,Female,Patna,Bihar,India,2022-03-14,Active
CUS009806,INS000004,Mugdha,Dhaliwal,2002-03-24,Male,Chennai,Tamil Nadu,India,2026-02-20,Active
CUS009807,INS000001,Fariq,Mishra,1999-04-25,Male,Bhubaneswar,Odisha,India,2024-08-10,Active
CUS009808,INS000004,Dhriti,Sarma,2002-08-30,Male,Chandigarh,Chandigarh,India,2022-07-17,Active
CUS009809,INS000001,Wakeeta,Wadhwa,1983-01-12,Female,Jaipur,Rajasthan,India,2019-01-28,Active
CUS009810,INS000005,Champak,Merchant,1986-10-23,Male,Bhopal,Madhya Pradesh,India,2018-10-25,Active
CUS009811,INS000001,Maya,Choudhury,2005-03-29,Female,Bhubaneswar,Odisha,India,2023-02-21,Active
CUS009812,INS000002,Chanchal,Shenoy,1990-08-08,Female,Mumbai,Maharashtra,India,2021-04-30,Active
CUS009813,INS000005,Suhani,Dani,1958-03-13,Female,Delhi,Delhi,India,2025-11-24,Active
CUS009814,INS000004,Wakeeta,Parekh,2000-02-02,Male,Surat,Gujarat,India,2019-01-18,Active
CUS009815,INS000005,Jairaj,Mital,2002-08-15,Male,Indore,Madhya Pradesh,India,2023-09-12,Active
CUS009816,INS000005,Kashvi,Sharaf,1958-12-02,Other,Bengaluru,Karnataka,India,2020-03-29,Active
CUS009817,INS000004,Harshil,Iyengar,2004-09-19,Female,Bhopal,Madhya Pradesh,India,2021-04-28,Active
CUS009818,INS000004,Ayush,Lad,2005-04-05,Female,Ahmedabad,Gujarat,India,2022-05-26,Active
CUS009819,INS000002,Udarsh,Mann,2002-06-20,Male,Chennai,Tamil Nadu,India,2020-07-09,Active
CUS009820,INS000004,Champak,Jani,1995-06-22,Male,Surat,Gujarat,India,2020-04-03,Active
CUS009821,INS000003,Advaith,Bansal,1988-01-10,Female,Chennai,Tamil Nadu,India,2025-07-01,Active
CUS009822,INS000003,Liam,Nath,1979-08-21,Male,Thane,Maharashtra,India,2019-07-16,Active
CUS009823,INS000002,Henry,Kashyap,1995-07-18,Female,Jaipur,Rajasthan,India,2020-02-26,Active
CUS009824,INS000001,Ekantika,Suresh,1954-11-29,Male,Nagpur,Maharashtra,India,2021-03-11,Active
CUS009825,INS000001,Rajata,Uppal,1988-04-22,Male,Patna,Bihar,India,2020-12-23,Inactive
CUS009826,INS000003,Upkaar,Warrior,1956-03-08,Male,Ahmedabad,Gujarat,India,2023-10-06,Active
CUS009827,INS000004,Onkar,Balasubramanian,1954-06-29,Male,Nagpur,Maharashtra,India,2020-02-24,Active
CUS009828,INS000002,Gaurang,Kapadia,1987-02-03,Male,Pune,Maharashtra,India,2026-02-17,Active
CUS009829,INS000001,Rayaan,Hayer,1961-04-30,Female,Hyderabad,Telangana,India,2020-04-24,Active
CUS009830,INS000001,Jyoti,Dash,1967-12-19,Male,Patna,Bihar,India,2018-12-22,Active
CUS009831,INS000005,Abdul,Wagle,2003-04-01,Male,Pune,Maharashtra,India,2021-09-28,Active
CUS009832,INS000003,Charles,Kalla,1979-02-07,Female,Pune,Maharashtra,India,2018-08-24,Active
CUS009833,INS000004,Aashi,Sama,1991-10-24,Male,Surat,Gujarat,India,2022-07-19,Active
CUS009834,INS000002,Caleb,Chacko,1969-02-21,Male,Thane,Maharashtra,India,2021-11-26,Active
CUS009835,INS000001,Indrajit,Biswas,1954-01-30,Female,Bhubaneswar,Odisha,India,2019-08-21,Active
CUS009836,INS000005,Chanakya,Iyer,1962-06-18,Female,Pune,Maharashtra,India,2025-01-09,Active
CUS009837,INS000003,Daksha,Khatri,1996-05-23,Male,Thane,Maharashtra,India,2023-08-22,Active
CUS009838,INS000003,Falan,Verma,1989-02-28,Male,Ahmedabad,Gujarat,India,2018-11-09,Active
CUS009839,INS000002,Aishani,Gopal,1978-01-25,Female,Delhi,Delhi,India,2020-07-28,Active
CUS009840,INS000001,Forum,Sane,1972-12-21,Male,Delhi,Delhi,India,2020-07-01,Active
CUS009841,INS000002,Ladli,Barad,1986-09-25,Female,Thane,Maharashtra,India,2021-10-06,Active
CUS009842,INS000002,Anamika,Varghese,1965-10-20,Other,Bengaluru,Karnataka,India,2025-03-21,Active
CUS009843,INS000005,Onkar,Som,1962-05-06,Female,Jaipur,Rajasthan,India,2018-12-12,Active
CUS009844,INS000003,Lakshit,Toor,1980-05-07,Male,Lucknow,Uttar Pradesh,India,2019-04-29,Active
CUS009845,INS000004,Triveni,Warrior,1995-07-13,Male,Bhopal,Madhya Pradesh,India,2025-04-11,Active
CUS009846,INS000003,Jagdish,Gill,1958-10-22,Female,Indore,Madhya Pradesh,India,2023-09-29,Active
CUS009847,INS000003,Jonathan,Bir,2005-10-06,Male,Bhopal,Madhya Pradesh,India,2022-01-31,Active
CUS009848,INS000005,Eiravati,Pandit,1961-07-15,Male,Lucknow,Uttar Pradesh,India,2022-03-11,Active
CUS009849,INS000004,Manbir,Ghosh,1992-11-14,Female,Kolkata,West Bengal,India,2023-06-14,Active
CUS009850,INS000001,Odika,Srinivasan,1990-03-24,Male,Pune,Maharashtra,India,2020-09-30,Active
CUS009851,INS000004,Sanya,Soman,1964-08-20,Male,Bhopal,Madhya Pradesh,India,2021-09-04,Active
CUS009852,INS000001,Jason,Hegde,1992-07-25,Female,Mumbai,Maharashtra,India,2022-01-20,Active
CUS009853,INS000004,Wridesh,Andra,1955-11-29,Male,Surat,Gujarat,India,2018-12-15,Active
CUS009854,INS000002,Vanya,Mangal,1960-05-17,Male,Nagpur,Maharashtra,India,2021-04-13,Active
CUS009855,INS000004,Vrishti,Saran,2008-02-20,Male,Surat,Gujarat,India,2024-09-01,Active
CUS009856,INS000005,Avni,Gour,2001-07-12,Female,Jaipur,Rajasthan,India,2024-07-07,Active
CUS009857,INS000001,Ekanta,Mutti,1967-03-05,Male,Thane,Maharashtra,India,2023-04-10,Active
CUS009858,INS000003,Vasudha,Bhatnagar,1993-05-02,Male,Mumbai,Maharashtra,India,2020-10-29,Active
CUS009859,INS000005,Upkaar,Munshi,1960-08-17,Female,Bhubaneswar,Odisha,India,2026-06-11,Active
CUS009860,INS000001,George,Golla,1962-03-20,Female,Mumbai,Maharashtra,India,2026-06-08,Active
CUS009861,INS000001,Aishani,Das,1995-06-06,Male,Bhubaneswar,Odisha,India,2020-09-29,Active
CUS009862,INS000003,Chaman,Saxena,1964-02-23,Female,Nagpur,Maharashtra,India,2024-04-11,Active
CUS009863,INS000002,Fitan,Mohan,1987-12-14,Male,Kolkata,West Bengal,India,2019-02-21,Active
CUS009864,INS000005,Ira,Rege,1996-09-02,Female,Kochi,Kerala,India,2023-10-22,Active
CUS009865,INS000003,Xavier,Narain,1951-11-18,Male,Kochi,Kerala,India,2019-04-14,Active
CUS009866,INS000003,Samesh,Kala,1965-02-17,Male,Thane,Maharashtra,India,2023-07-17,Active
CUS009867,INS000002,Faras,Narang,1960-10-23,Female,Bhubaneswar,Odisha,India,2020-02-04,Active
CUS009868,INS000005,Falan,Kara,1992-02-29,Male,Delhi,Delhi,India,2023-01-28,Active
CUS009869,INS000003,Warda,Subramanian,1998-04-27,Male,Ahmedabad,Gujarat,India,2023-06-23,Active
CUS009870,INS000002,Darpan,Vala,2002-11-14,Male,Mysuru,Karnataka,India,2023-02-03,Active
CUS009871,INS000005,Simon,Bedi,1971-07-31,Female,Nagpur,Maharashtra,India,2019-10-26,Active
CUS009872,INS000004,Agastya,Chaudhuri,1998-10-08,Male,Bengaluru,Karnataka,India,2023-11-06,Active
CUS009873,INS000001,Tarak,Vala,1960-02-27,Male,Ahmedabad,Gujarat,India,2019-09-19,Active
CUS009874,INS000002,Upadhriti,Chhabra,1978-05-03,Male,Mumbai,Maharashtra,India,2021-03-12,Active
CUS009875,INS000001,Lekha,Parekh,1968-12-26,Male,Lucknow,Uttar Pradesh,India,2025-12-13,Inactive
CUS009876,INS000004,Raghav,Sandal,1983-07-22,Male,Delhi,Delhi,India,2022-03-01,Active
CUS009877,INS000003,Vinaya,Sridhar,1991-08-19,Male,Mumbai,Maharashtra,India,2021-01-14,Active
CUS009878,INS000003,Henry,Guha,1966-12-22,Male,Bhopal,Madhya Pradesh,India,2024-10-29,Active
CUS009879,INS000005,Harini,Master,1998-01-02,Male,Lucknow,Uttar Pradesh,India,2023-07-24,Active
CUS009880,INS000002,Sathvik,Mallick,1985-11-07,Female,Kochi,Kerala,India,2020-09-08,Active
CUS009881,INS000002,Yoshita,Raj,1965-04-08,Female,Ahmedabad,Gujarat,India,2021-05-11,Active
CUS009882,INS000005,Dhriti,Taneja,1958-07-04,Female,Nagpur,Maharashtra,India,2023-09-01,Active
CUS009883,INS000001,Devika,Chahal,2003-06-08,Male,Ahmedabad,Gujarat,India,2025-05-21,Inactive
CUS009884,INS000003,Sudiksha,Srinivas,1964-04-29,Other,Bengaluru,Karnataka,India,2022-10-09,Active
CUS009885,INS000003,Mitesh,Savant,1959-07-11,Male,Thane,Maharashtra,India,2026-03-22,Active
CUS009886,INS000002,Yamini,Radhakrishnan,1968-02-23,Other,Patna,Bihar,India,2018-11-27,Active
CUS009887,INS000002,Hitesh,Gaba,1951-01-27,Male,Ahmedabad,Gujarat,India,2021-09-02,Active
CUS009888,INS000005,Kalpit,Rao,1982-09-18,Male,Nagpur,Maharashtra,India,2020-06-16,Active
CUS009889,INS000004,Theodore,Bhattacharyya,1985-01-27,Male,Hyderabad,Telangana,India,2020-06-18,Active
CUS009890,INS000001,Januja,Mukherjee,2005-12-24,Male,Mumbai,Maharashtra,India,2018-09-15,Active
CUS009891,INS000004,Lekha,Kapur,1995-12-10,Female,Indore,Madhya Pradesh,India,2023-10-06,Active
CUS009892,INS000004,Sneha,Kadakia,1962-06-06,Female,Mysuru,Karnataka,India,2024-04-11,Active
CUS009893,INS000002,Yochana,Randhawa,1968-02-25,Other,Mysuru,Karnataka,India,2021-08-24,Active
CUS009894,INS000002,Samaksh,Deshpande,2006-06-21,Female,Kochi,Kerala,India,2026-05-30,Active
CUS009895,INS000002,Mugdha,Kurian,2007-04-17,Male,Bengaluru,Karnataka,India,2025-11-20,Active
CUS009896,INS000004,Raghav,Puri,1965-10-18,Male,Delhi,Delhi,India,2023-02-16,Inactive
CUS009897,INS000001,Ekapad,Sani,1979-09-27,Other,Mumbai,Maharashtra,India,2019-08-03,Active
CUS009898,INS000002,Arunima,Lala,1971-11-18,Female,Chandigarh,Chandigarh,India,2026-01-12,Active
CUS009899,INS000003,Pallavi,Om,1954-08-01,Female,Surat,Gujarat,India,2025-07-12,Active
CUS009900,INS000001,Nitesh,Ben,1963-01-12,Male,Mumbai,Maharashtra,India,2020-08-02,Active
CUS009901,INS000003,Damyanti,Balakrishnan,1995-02-04,Female,Nagpur,Maharashtra,India,2020-03-16,Active
CUS009902,INS000001,Harsh,Bansal,1986-10-04,Female,Chennai,Tamil Nadu,India,2021-03-08,Active
CUS009903,INS000002,Manan,Choudhury,1990-09-24,Male,Mumbai,Maharashtra,India,2024-12-20,Active
CUS009904,INS000005,Triya,Bava,2002-05-14,Male,Chennai,Tamil Nadu,India,2022-11-15,Active
CUS009905,INS000002,Hredhaan,Walia,1975-05-25,Male,Kochi,Kerala,India,2020-10-01,Active
CUS009906,INS000004,Imaran,Oak,1974-09-24,Female,Bhopal,Madhya Pradesh,India,2020-05-10,Active
CUS009907,INS000004,Wridesh,Srinivasan,1961-05-14,Male,Ahmedabad,Gujarat,India,2020-01-09,Active
CUS009908,INS000001,Amol,Kari,1964-06-22,Male,Mysuru,Karnataka,India,2024-09-04,Active
CUS009909,INS000004,Triveni,Badal,1998-02-15,Male,Mumbai,Maharashtra,India,2020-08-30,Active
CUS009910,INS000002,Rachit,Wali,1957-04-29,Female,Ahmedabad,Gujarat,India,2020-09-25,Active
CUS009911,INS000003,Amara,Kaur,1957-05-10,Male,Mumbai,Maharashtra,India,2021-08-06,Inactive
CUS009912,INS000002,Ayush,Oak,1952-02-08,Male,Kochi,Kerala,India,2022-09-08,Active
CUS009913,INS000001,Vamakshi,Gade,1960-03-12,Female,Delhi,Delhi,India,2021-11-04,Active
CUS009914,INS000004,Sneha,Chandran,1955-08-10,Female,Chennai,Tamil Nadu,India,2023-04-13,Active
CUS009915,INS000003,Indira,Chada,1990-12-16,Male,Jaipur,Rajasthan,India,2020-10-14,Inactive
CUS009916,INS000005,Alka,Zachariah,1962-06-03,Female,Mysuru,Karnataka,India,2025-11-19,Active
CUS009917,INS000003,Jagat,Rout,1955-06-13,Female,Bhopal,Madhya Pradesh,India,2024-12-04,Active
CUS009918,INS000003,Frado,Vig,1963-07-31,Male,Delhi,Delhi,India,2025-08-09,Inactive
CUS009919,INS000002,Irya,Mannan,1955-12-14,Male,Surat,Gujarat,India,2023-09-07,Active
CUS009920,INS000005,Raagini,Mani,1984-12-09,Female,Chennai,Tamil Nadu,India,2021-11-18,Active
CUS009921,INS000001,Simon,Garde,1968-04-23,Male,Jaipur,Rajasthan,India,2019-07-05,Active
CUS009922,INS000001,Matthew,Menon,1952-08-05,Male,Nagpur,Maharashtra,India,2026-05-30,Active
CUS009923,INS000003,Mekhala,Ramakrishnan,1986-06-13,Female,Kolkata,West Bengal,India,2023-07-01,Active
CUS009924,INS000003,Yadavi,Malhotra,2005-09-30,Female,Thane,Maharashtra,India,2021-06-29,Inactive
CUS009925,INS000004,Raagini,Varkey,1953-07-17,Female,Chandigarh,Chandigarh,India,2022-05-01,Active
CUS009926,INS000005,Yashoda,Varughese,1982-03-19,Male,Nagpur,Maharashtra,India,2023-10-24,Active
CUS009927,INS000003,Gauri,Mishra,1981-03-29,Female,Chennai,Tamil Nadu,India,2018-09-30,Active
CUS009928,INS000004,Chatresh,Shankar,1954-09-03,Male,Bengaluru,Karnataka,India,2022-06-30,Active
CUS009929,INS000005,Ridhi,Prabhakar,1972-08-19,Female,Pune,Maharashtra,India,2025-03-20,Active
CUS009930,INS000001,Anjali,Sarma,1974-07-04,Female,Chennai,Tamil Nadu,India,2020-08-14,Active
CUS009931,INS000004,Kala,Garde,1997-07-22,Female,Bengaluru,Karnataka,India,2019-05-14,Active
CUS009932,INS000005,Guneet,Prabhakar,1959-10-02,Male,Indore,Madhya Pradesh,India,2023-10-31,Active
CUS009933,INS000004,Chandran,Swaminathan,1957-05-22,Female,Lucknow,Uttar Pradesh,India,2025-09-06,Active
CUS009934,INS000003,Lavanya,Narasimhan,1983-10-17,Female,Bhubaneswar,Odisha,India,2026-06-05,Active
CUS009935,INS000002,Pahal,Pall,1989-10-25,Female,Kolkata,West Bengal,India,2018-11-01,Active
CUS009936,INS000001,Rishi,Venkatesh,2000-12-29,Male,Delhi,Delhi,India,2018-09-24,Active
CUS009937,INS000003,Chaitaly,Date,1952-09-10,Female,Indore,Madhya Pradesh,India,2024-06-21,Active
CUS009938,INS000003,Ranbir,Vasa,1959-07-16,Male,Patna,Bihar,India,2022-12-10,Active
CUS009939,INS000005,Neha,Choudhry,1989-07-02,Female,Lucknow,Uttar Pradesh,India,2026-06-11,Active
CUS009940,INS000004,Patrick,Behl,1961-09-30,Female,Mysuru,Karnataka,India,2019-09-18,Active
CUS009941,INS000001,Anya,Gola,1973-05-15,Male,Chennai,Tamil Nadu,India,2022-02-12,Active
CUS009942,INS000003,Wakeeta,Dhar,1983-03-05,Male,Nagpur,Maharashtra,India,2019-02-05,Active
CUS009943,INS000005,Zilmil,Bora,1997-12-19,Male,Indore,Madhya Pradesh,India,2018-11-05,Active
CUS009944,INS000001,Rachita,Sastry,1962-08-08,Female,Delhi,Delhi,India,2024-03-02,Active
CUS009945,INS000004,Ikbal,Shere,1976-04-02,Male,Chandigarh,Chandigarh,India,2022-11-06,Active
CUS009946,INS000003,Chandresh,Yohannan,1959-05-24,Male,Pune,Maharashtra,India,2019-12-05,Active
CUS009947,INS000003,Yuvraj,Borah,1994-09-14,Female,Nagpur,Maharashtra,India,2019-10-14,Active
CUS009948,INS000003,Indrajit,Devan,2001-09-13,Male,Kochi,Kerala,India,2025-11-26,Active
CUS009949,INS000001,Theodore,Mistry,1986-11-29,Male,Delhi,Delhi,India,2023-04-11,Active
CUS009950,INS000001,Ishwar,Wadhwa,1978-12-19,Female,Nagpur,Maharashtra,India,2024-03-14,Active
CUS009951,INS000001,Chatresh,Zachariah,2008-02-14,Male,Thane,Maharashtra,India,2019-02-19,Inactive
CUS009952,INS000001,Balendra,Guha,2007-01-30,Male,Bengaluru,Karnataka,India,2022-05-29,Active
CUS009953,INS000005,Amaira,Seth,1991-11-14,Male,Mysuru,Karnataka,India,2026-07-13,Active
CUS009954,INS000002,William,Bumb,1990-12-15,Female,Ahmedabad,Gujarat,India,2022-07-04,Active
CUS009955,INS000005,Dominic,Shere,1954-08-13,Female,Nagpur,Maharashtra,India,2023-06-21,Active
CUS009956,INS000003,Harrison,Atwal,1978-09-08,Male,Hyderabad,Telangana,India,2025-02-15,Active
CUS009957,INS000005,Anya,Narasimhan,1951-04-05,Male,Kolkata,West Bengal,India,2018-11-12,Active
CUS009958,INS000004,Upkaar,Wadhwa,1988-08-08,Male,Surat,Gujarat,India,2024-11-10,Active
CUS009959,INS000001,Nidhi,Mistry,1990-09-01,Female,Jaipur,Rajasthan,India,2018-09-30,Active
CUS009960,INS000004,Manya,Lala,2002-11-30,Male,Surat,Gujarat,India,2023-12-29,Active
CUS009961,INS000004,Maya,Narasimhan,1955-12-14,Female,Delhi,Delhi,India,2018-10-02,Active
CUS009962,INS000003,Harrison,Chaudhary,1957-04-12,Male,Delhi,Delhi,India,2025-05-03,Active
CUS009963,INS000001,Thomas,Lata,1979-12-17,Female,Mysuru,Karnataka,India,2024-01-14,Active
CUS009964,INS000004,Amrita,Jhaveri,1994-11-03,Female,Mysuru,Karnataka,India,2024-07-23,Active
CUS009965,INS000003,Warhi,Sandal,1967-06-15,Female,Chandigarh,Chandigarh,India,2023-07-26,Active
CUS009966,INS000001,Samesh,Taneja,1969-03-22,Male,Mysuru,Karnataka,India,2025-12-12,Inactive
CUS009967,INS000002,Onveer,Dutta,2000-11-16,Female,Jaipur,Rajasthan,India,2024-08-21,Active
CUS009968,INS000003,Samar,Virk,1957-02-05,Male,Kochi,Kerala,India,2021-12-21,Active
CUS009969,INS000005,Idika,Raman,1992-06-27,Male,Patna,Bihar,India,2024-12-20,Active
CUS009970,INS000001,Bhavna,Virk,1995-12-10,Male,Bhubaneswar,Odisha,India,2022-02-28,Inactive
CUS009971,INS000004,Bhavna,Cheema,1951-12-06,Female,Surat,Gujarat,India,2023-10-24,Active
CUS009972,INS000004,Aarush,Butala,2002-01-25,Female,Surat,Gujarat,India,2024-02-12,Active
CUS009973,INS000005,Girindra,Gopal,1965-01-16,Female,Hyderabad,Telangana,India,2021-11-16,Active
CUS009974,INS000005,Qasim,Kalla,2005-11-09,Female,Surat,Gujarat,India,2018-10-30,Active
CUS009975,INS000004,Yahvi,Balan,1965-11-19,Male,Kochi,Kerala,India,2021-10-30,Active
CUS009976,INS000001,Vansha,Kadakia,1971-12-09,Female,Bengaluru,Karnataka,India,2021-10-15,Active
CUS009977,INS000003,Dalaja,Wable,1952-03-19,Female,Delhi,Delhi,India,2019-09-26,Active
CUS009978,INS000005,William,Thakkar,1979-03-15,Female,Hyderabad,Telangana,India,2022-02-03,Inactive
CUS009979,INS000005,Onkar,Om,1965-06-15,Male,Chandigarh,Chandigarh,India,2019-09-05,Active
CUS009980,INS000005,Divya,Saraf,1980-09-19,Other,Patna,Bihar,India,2021-11-24,Active
CUS009981,INS000002,Ekaraj,Yadav,1995-04-05,Female,Delhi,Delhi,India,2023-04-04,Active
CUS009982,INS000001,Ojas,Comar,1970-08-10,Female,Chandigarh,Chandigarh,India,2019-02-11,Active
CUS009983,INS000001,Rachit,Bumb,1998-07-13,Male,Thane,Maharashtra,India,2025-05-14,Active
CUS009984,INS000001,Gaurangi,Korpal,1979-05-14,Female,Hyderabad,Telangana,India,2019-02-18,Active
CUS009985,INS000001,Tamanna,Swamy,1970-09-17,Female,Nagpur,Maharashtra,India,2024-12-08,Active
CUS009986,INS000001,Lucky,Yohannan,1991-05-25,Male,Bhubaneswar,Odisha,India,2025-07-08,Active
CUS009987,INS000004,Agastya,Buch,1971-05-16,Male,Patna,Bihar,India,2022-08-13,Inactive
CUS009988,INS000005,Urvi,Maharaj,2000-06-17,Male,Delhi,Delhi,India,2023-08-21,Active
CUS009989,INS000004,Priya,Nayar,1977-03-27,Female,Kochi,Kerala,India,2020-01-01,Active
CUS009990,INS000002,Gaurika,Apte,1963-09-18,Male,Surat,Gujarat,India,2025-11-09,Active
CUS009991,INS000003,Ansh,Bajaj,1998-06-25,Male,Kochi,Kerala,India,2024-11-22,Active
CUS009992,INS000005,Peter,Ganesan,1994-06-11,Female,Nagpur,Maharashtra,India,2025-02-14,Active
CUS009993,INS000002,Aishani,Cheema,1962-09-20,Female,Jaipur,Rajasthan,India,2020-10-18,Active
CUS009994,INS000004,Faraj,Saxena,1973-06-22,Male,Jaipur,Rajasthan,India,2025-12-12,Active
CUS009995,INS000003,Onkar,Sidhu,1999-01-17,Male,Pune,Maharashtra,India,2025-02-07,Active
CUS009996,INS000002,Aditya,Batta,1989-01-02,Female,Mysuru,Karnataka,India,2025-12-20,Active
CUS009997,INS000003,Indira,Prabhakar,2006-04-06,Female,Bengaluru,Karnataka,India,2023-11-26,Active
CUS009998,INS000002,Urvi,Mutti,1979-10-28,Male,Bhubaneswar,Odisha,India,2022-08-05,Active
CUS009999,INS000004,Aarav,Divan,1955-01-21,Female,Lucknow,Uttar Pradesh,India,2021-09-04,Active
CUS010000,INS000003,Vrinda,Sandal,1988-06-08,Male,Surat,Gujarat,India,2022-06-30,Active
