device_id,device_type,operating_system,browser,device_status
DEV000001,Mobile,Android,Chrome,Active
DEV000002,Mobile,Android,Chrome,Active
DEV000003,Laptop,Android,Chrome,Active
DEV000004,Mobile,Android,Firefox,Active
DEV000005,Mobile,iOS,Chrome,Active
DEV000006,Mobile,Android,Firefox,Active
DEV000007,Laptop,Windows,Safari,Active
DEV000008,Tablet,iOS,Chrome,Active
DEV000009,Mobile,macOS,Chrome,Inactive
DEV000010,Mobile,iOS,Chrome,Active
DEV000011,Laptop,iOS,Safari,Active
DEV000012,Mobile,Windows,Chrome,Active
DEV000013,Laptop,iOS,Chrome,Active
DEV000014,Laptop,Windows,Chrome,Active
DEV000015,Mobile,macOS,Firefox,Active
DEV000016,Laptop,Android,Chrome,Active
DEV000017,Mobile,Android,Safari,Active
DEV000018,Mobile,Android,Chrome,Active
DEV000019,Laptop,Android,Chrome,Active
DEV000020,Mobile,Windows,Safari,Inactive
DEV000021,Mobile,Android,Firefox,Active
DEV000022,Mobile,iOS,Edge,Active
DEV000023,Tablet,Android,Chrome,Active
DEV000024,Mobile,Android,Edge,Active
DEV000025,Laptop,Android,Chrome,Active
DEV000026,Mobile,Android,Edge,Active
DEV000027,Mobile,Android,Edge,Active
DEV000028,Mobile,iOS,Safari,Active
DEV000029,Mobile,Android,Chrome,Active
DEV000030,Mobile,Windows,Chrome,Active
DEV000031,Tablet,Android,Chrome,Active
DEV000032,Mobile,Windows,Chrome,Active
DEV000033,Mobile,Android,Edge,Active
DEV000034,Mobile,Windows,Safari,Active
DEV000035,Laptop,iOS,Chrome,Active
DEV000036,Mobile,iOS,Chrome,Active
DEV000037,Mobile,Android,Chrome,Active
DEV000038,Mobile,Android,Edge,Active
DEV000039,Mobile,Android,Safari,Active
DEV000040,Mobile,Android,Chrome,Active
DEV000041,Mobile,Android,Chrome,Active
DEV000042,Mobile,macOS,Chrome,Active
DEV000043,Mobile,macOS,Edge,Active
DEV000044,Mobile,Android,Chrome,Active
DEV000045,Mobile,macOS,Chrome,Active
DEV000046,Mobile,Android,Chrome,Active
DEV000047,Tablet,Android,Safari,Active
DEV000048,Mobile,Android,Chrome,Inactive
DEV000049,Mobile,iOS,Chrome,Active
DEV000050,Mobile,Windows,Edge,Inactive
DEV000051,Laptop,macOS,Chrome,Active
DEV000052,Tablet,Android,Chrome,Active
DEV000053,Mobile,macOS,Safari,Inactive
DEV000054,Mobile,Android,Safari,Active
DEV000055,Laptop,Android,Chrome,Active
DEV000056,Mobile,Windows,Chrome,Active
DEV000057,Laptop,Android,Chrome,Active
DEV000058,Mobile,Android,Chrome,Active
DEV000059,Mobile,Android,Chrome,Active
DEV000060,Laptop,Android,Chrome,Active
DEV000061,Laptop,Android,Chrome,Active
DEV000062,Laptop,Android,Chrome,Active
DEV000063,Mobile,Android,Edge,Active
DEV000064,Mobile,Android,Firefox,Active
DEV000065,Mobile,iOS,Chrome,Active
DEV000066,Mobile,Windows,Safari,Active
DEV000067,Mobile,iOS,Chrome,Active
DEV000068,Mobile,iOS,Chrome,Active
DEV000069,Mobile,macOS,Chrome,Active
DEV000070,Mobile,iOS,Safari,Active
DEV000071,Mobile,Android,Edge,Active
DEV000072,Mobile,Windows,Chrome,Active
DEV000073,Mobile,iOS,Safari,Active
DEV000074,Mobile,Windows,Firefox,Active
DEV000075,Mobile,Android,Edge,Active
DEV000076,Mobile,iOS,Edge,Active
DEV000077,Laptop,iOS,Chrome,Active
DEV000078,Laptop,Android,Edge,Inactive
DEV000079,Mobile,Windows,Chrome,Active
DEV000080,Mobile,iOS,Safari,Active
DEV000081,Mobile,iOS,Chrome,Active
DEV000082,Mobile,Android,Chrome,Active
DEV000083,Mobile,Android,Firefox,Active
DEV000084,Mobile,Windows,Edge,Active
DEV000085,Mobile,Android,Chrome,Active
DEV000086,Laptop,iOS,Edge,Active
DEV000087,Laptop,macOS,Edge,Active
DEV000088,Mobile,iOS,Safari,Active
DEV000089,Mobile,iOS,Chrome,Active
DEV000090,Mobile,Android,Safari,Active
DEV000091,Laptop,iOS,Safari,Active
DEV000092,Mobile,Android,Chrome,Active
DEV000093,Mobile,Android,Chrome,Active
DEV000094,Mobile,iOS,Chrome,Active
DEV000095,Mobile,iOS,Edge,Active
DEV000096,Mobile,Android,Chrome,Active
DEV000097,Mobile,Android,Chrome,Active
DEV000098,Mobile,macOS,Chrome,Active
DEV000099,Mobile,Android,Chrome,Active
DEV000100,Mobile,Android,Chrome,Active
DEV000101,Mobile,Android,Chrome,Inactive
DEV000102,Mobile,Android,Chrome,Active
DEV000103,Mobile,Windows,Chrome,Active
DEV000104,Mobile,Android,Chrome,Active
DEV000105,Mobile,Android,Safari,Active
DEV000106,Laptop,Android,Safari,Active
DEV000107,Mobile,Android,Chrome,Inactive
DEV000108,Mobile,iOS,Chrome,Active
DEV000109,Mobile,Android,Chrome,Active
DEV000110,Laptop,iOS,Chrome,Active
DEV000111,Laptop,Windows,Chrome,Active
DEV000112,Laptop,iOS,Chrome,Active
DEV000113,Mobile,iOS,Safari,Active
DEV000114,Tablet,Android,Chrome,Active
DEV000115,Mobile,iOS,Safari,Active
DEV000116,Mobile,macOS,Chrome,Active
DEV000117,Tablet,iOS,Chrome,Active
DEV000118,Tablet,Android,Chrome,Active
DEV000119,Mobile,Android,Safari,Active
DEV000120,Laptop,Windows,Firefox,Active
DEV000121,Mobile,macOS,Safari,Active
DEV000122,Mobile,Android,Firefox,Active
DEV000123,Mobile,Windows,Chrome,Active
DEV000124,Mobile,Android,Chrome,Active
DEV000125,Mobile,Windows,Chrome,Active
DEV000126,Mobile,Android,Chrome,Active
DEV000127,Laptop,Android,Edge,Active
DEV000128,Mobile,Android,Firefox,Active
DEV000129,Mobile,Android,Chrome,Active
DEV000130,Mobile,Android,Chrome,Active
DEV000131,Mobile,iOS,Chrome,Active
DEV000132,Mobile,Android,Chrome,Active
DEV000133,Mobile,iOS,Chrome,Active
DEV000134,Laptop,Windows,Chrome,Inactive
DEV000135,Mobile,Android,Firefox,Active
DEV000136,Laptop,Android,Firefox,Active
DEV000137,Mobile,Android,Chrome,Active
DEV000138,Tablet,Windows,Safari,Active
DEV000139,Mobile,iOS,Chrome,Active
DEV000140,Mobile,Android,Firefox,Active
DEV000141,Mobile,macOS,Chrome,Active
DEV000142,Mobile,Android,Safari,Active
DEV000143,Mobile,Android,Safari,Active
DEV000144,Mobile,Android,Chrome,Active
DEV000145,Mobile,Android,Chrome,Active
DEV000146,Mobile,Android,Chrome,Active
DEV000147,Mobile,Android,Chrome,Active
DEV000148,Mobile,Windows,Safari,Active
DEV000149,Tablet,macOS,Edge,Active
DEV000150,Mobile,Android,Edge,Active
DEV000151,Mobile,Android,Edge,Active
DEV000152,Laptop,iOS,Edge,Active
DEV000153,Mobile,Android,Edge,Active
DEV000154,Tablet,macOS,Firefox,Active
DEV000155,Mobile,Windows,Edge,Active
DEV000156,Mobile,iOS,Chrome,Active
DEV000157,Mobile,iOS,Chrome,Active
DEV000158,Laptop,Android,Chrome,Active
DEV000159,Tablet,iOS,Chrome,Active
DEV000160,Mobile,iOS,Safari,Active
DEV000161,Mobile,Android,Safari,Active
DEV000162,Mobile,Windows,Safari,Active
DEV000163,Mobile,Windows,Chrome,Active
DEV000164,Mobile,Android,Edge,Active
DEV000165,Mobile,Android,Chrome,Inactive
DEV000166,Mobile,iOS,Chrome,Active
DEV000167,Mobile,iOS,Edge,Active
DEV000168,Mobile,iOS,Safari,Active
DEV000169,Mobile,Android,Chrome,Inactive
DEV000170,Mobile,iOS,Chrome,Active
DEV000171,Mobile,Windows,Safari,Active
DEV000172,Mobile,macOS,Chrome,Active
DEV000173,Laptop,iOS,Chrome,Active
DEV000174,Mobile,iOS,Chrome,Active
DEV000175,Mobile,Windows,Edge,Active
DEV000176,Mobile,Windows,Firefox,Inactive
DEV000177,Mobile,Android,Safari,Active
DEV000178,Mobile,Windows,Edge,Active
DEV000179,Mobile,Android,Chrome,Active
DEV000180,Mobile,Android,Safari,Inactive
DEV000181,Mobile,iOS,Safari,Active
DEV000182,Mobile,Windows,Chrome,Active
DEV000183,Mobile,iOS,Chrome,Active
DEV000184,Tablet,Android,Chrome,Active
DEV000185,Mobile,Windows,Chrome,Active
DEV000186,Laptop,iOS,Chrome,Active
DEV000187,Mobile,macOS,Safari,Active
DEV000188,Mobile,macOS,Firefox,Active
DEV000189,Laptop,Android,Edge,Active
DEV000190,Tablet,Android,Safari,Active
DEV000191,Mobile,iOS,Chrome,Active
DEV000192,Tablet,Android,Chrome,Inactive
DEV000193,Mobile,Android,Chrome,Inactive
DEV000194,Tablet,iOS,Chrome,Active
DEV000195,Mobile,iOS,Edge,Active
DEV000196,Tablet,Android,Chrome,Active
DEV000197,Laptop,Android,Chrome,Active
DEV000198,Mobile,Windows,Chrome,Active
DEV000199,Mobile,macOS,Chrome,Active
DEV000200,Mobile,Android,Safari,Active
DEV000201,Mobile,iOS,Safari,Active
DEV000202,Mobile,Android,Safari,Active
DEV000203,Mobile,iOS,Safari,Active
DEV000204,Mobile,Android,Edge,Active
DEV000205,Laptop,iOS,Chrome,Active
DEV000206,Laptop,Android,Chrome,Active
DEV000207,Mobile,iOS,Chrome,Inactive
DEV000208,Mobile,Android,Safari,Active
DEV000209,Mobile,Android,Firefox,Active
DEV000210,Mobile,iOS,Chrome,Active
DEV000211,Laptop,macOS,Edge,Active
DEV000212,Mobile,iOS,Chrome,Active
DEV000213,Mobile,Android,Chrome,Active
DEV000214,Mobile,Android,Firefox,Active
DEV000215,Laptop,macOS,Safari,Active
DEV000216,Mobile,Android,Chrome,Active
DEV000217,Laptop,macOS,Chrome,Active
DEV000218,Mobile,iOS,Edge,Inactive
DEV000219,Mobile,iOS,Chrome,Active
DEV000220,Mobile,Android,Firefox,Active
DEV000221,Mobile,Android,Safari,Active
DEV000222,Laptop,Android,Safari,Inactive
DEV000223,Mobile,iOS,Chrome,Inactive
DEV000224,Mobile,iOS,Firefox,Active
DEV000225,Tablet,iOS,Chrome,Active
DEV000226,Mobile,Android,Chrome,Active
DEV000227,Mobile,macOS,Chrome,Active
DEV000228,Mobile,Windows,Chrome,Active
DEV000229,Mobile,Android,Safari,Active
DEV000230,Mobile,macOS,Edge,Inactive
DEV000231,Tablet,Android,Safari,Active
DEV000232,Mobile,iOS,Chrome,Active
DEV000233,Tablet,Android,Firefox,Active
DEV000234,Mobile,Android,Safari,Active
DEV000235,Mobile,Android,Safari,Active
DEV000236,Mobile,Android,Safari,Active
DEV000237,Mobile,Android,Safari,Active
DEV000238,Tablet,iOS,Safari,Active
DEV000239,Tablet,Android,Safari,Active
DEV000240,Mobile,Android,Safari,Inactive
DEV000241,Mobile,Android,Safari,Active
DEV000242,Mobile,Android,Firefox,Active
DEV000243,Laptop,macOS,Chrome,Active
DEV000244,Mobile,macOS,Chrome,Active
DEV000245,Mobile,Android,Chrome,Active
DEV000246,Mobile,iOS,Edge,Active
DEV000247,Laptop,Android,Edge,Active
DEV000248,Mobile,iOS,Edge,Active
DEV000249,Mobile,Android,Chrome,Active
DEV000250,Laptop,Android,Firefox,Active
DEV000251,Mobile,Android,Chrome,Active
DEV000252,Mobile,Android,Chrome,Active
DEV000253,Laptop,Android,Chrome,Active
DEV000254,Laptop,iOS,Safari,Active
DEV000255,Mobile,Android,Safari,Inactive
DEV000256,Laptop,macOS,Safari,Active
DEV000257,Laptop,Android,Chrome,Active
DEV000258,Laptop,iOS,Edge,Inactive
DEV000259,Mobile,Android,Safari,Active
DEV000260,Mobile,iOS,Edge,Active
DEV000261,Laptop,macOS,Chrome,Active
DEV000262,Mobile,iOS,Chrome,Active
DEV000263,Tablet,Windows,Edge,Active
DEV000264,Laptop,Windows,Chrome,Active
DEV000265,Mobile,Android,Safari,Active
DEV000266,Laptop,Android,Chrome,Active
DEV000267,Mobile,macOS,Edge,Inactive
DEV000268,Mobile,Android,Firefox,Active
DEV000269,Mobile,Android,Firefox,Active
DEV000270,Mobile,Android,Chrome,Inactive
DEV000271,Mobile,Android,Edge,Active
DEV000272,Mobile,iOS,Chrome,Active
DEV000273,Tablet,iOS,Chrome,Active
DEV000274,Mobile,Android,Chrome,Inactive
DEV000275,Mobile,macOS,Firefox,Active
DEV000276,Mobile,iOS,Safari,Active
DEV000277,Mobile,Android,Chrome,Active
DEV000278,Mobile,Windows,Safari,Active
DEV000279,Mobile,Windows,Edge,Active
DEV000280,Mobile,Android,Safari,Active
DEV000281,Mobile,Android,Chrome,Active
DEV000282,Mobile,Android,Chrome,Active
DEV000283,Mobile,iOS,Chrome,Active
DEV000284,Tablet,Android,Chrome,Active
DEV000285,Laptop,macOS,Chrome,Active
DEV000286,Mobile,Android,Chrome,Active
DEV000287,Mobile,iOS,Edge,Active
DEV000288,Laptop,Android,Safari,Active
DEV000289,Tablet,macOS,Chrome,Active
DEV000290,Mobile,Windows,Edge,Active
DEV000291,Laptop,iOS,Chrome,Active
DEV000292,Mobile,Android,Chrome,Active
DEV000293,Tablet,Android,Chrome,Active
DEV000294,Mobile,Android,Chrome,Inactive
DEV000295,Mobile,Android,Chrome,Active
DEV000296,Mobile,Android,Safari,Active
DEV000297,Mobile,Android,Chrome,Active
DEV000298,Mobile,Android,Chrome,Active
DEV000299,Laptop,iOS,Firefox,Active
DEV000300,Mobile,iOS,Chrome,Active
DEV000301,Mobile,macOS,Edge,Active
DEV000302,Mobile,macOS,Safari,Active
DEV000303,Mobile,iOS,Chrome,Active
DEV000304,Mobile,Android,Safari,Inactive
DEV000305,Mobile,iOS,Chrome,Active
DEV000306,Laptop,macOS,Chrome,Active
DEV000307,Mobile,iOS,Chrome,Active
DEV000308,Mobile,iOS,Safari,Active
DEV000309,Laptop,Android,Firefox,Active
DEV000310,Mobile,Android,Safari,Inactive
DEV000311,Tablet,Android,Edge,Active
DEV000312,Mobile,Android,Chrome,Active
DEV000313,Laptop,iOS,Safari,Active
DEV000314,Laptop,Android,Firefox,Active
DEV000315,Mobile,macOS,Chrome,Active
DEV000316,Mobile,iOS,Safari,Active
DEV000317,Laptop,iOS,Chrome,Active
DEV000318,Mobile,Android,Chrome,Active
DEV000319,Mobile,Android,Safari,Active
DEV000320,Laptop,iOS,Chrome,Active
DEV000321,Tablet,iOS,Chrome,Active
DEV000322,Mobile,Windows,Firefox,Active
DEV000323,Tablet,Windows,Edge,Active
DEV000324,Mobile,iOS,Firefox,Active
DEV000325,Laptop,Android,Safari,Active
DEV000326,Mobile,Android,Edge,Active
DEV000327,Mobile,iOS,Chrome,Active
DEV000328,Mobile,iOS,Edge,Active
DEV000329,Laptop,iOS,Edge,Active
DEV000330,Mobile,macOS,Firefox,Active
DEV000331,Mobile,iOS,Edge,Active
DEV000332,Mobile,macOS,Firefox,Active
DEV000333,Tablet,Android,Chrome,Active
DEV000334,Mobile,Android,Chrome,Inactive
DEV000335,Tablet,Android,Safari,Active
DEV000336,Mobile,Windows,Chrome,Active
DEV000337,Laptop,Android,Firefox,Active
DEV000338,Mobile,Android,Chrome,Active
DEV000339,Mobile,Android,Chrome,Active
DEV000340,Tablet,macOS,Chrome,Active
DEV000341,Mobile,macOS,Chrome,Active
DEV000342,Mobile,iOS,Chrome,Active
DEV000343,Mobile,Android,Edge,Active
DEV000344,Mobile,iOS,Safari,Inactive
DEV000345,Mobile,Android,Chrome,Inactive
DEV000346,Laptop,Windows,Chrome,Active
DEV000347,Mobile,Android,Chrome,Active
DEV000348,Tablet,iOS,Firefox,Active
DEV000349,Mobile,Android,Edge,Active
DEV000350,Laptop,Android,Safari,Inactive
DEV000351,Mobile,Android,Chrome,Active
DEV000352,Laptop,iOS,Chrome,Active
DEV000353,Tablet,macOS,Edge,Active
DEV000354,Mobile,Windows,Chrome,Active
DEV000355,Mobile,Windows,Edge,Active
DEV000356,Laptop,Android,Chrome,Active
DEV000357,Mobile,iOS,Chrome,Active
DEV000358,Mobile,iOS,Edge,Active
DEV000359,Mobile,Android,Chrome,Active
DEV000360,Mobile,Windows,Chrome,Active
DEV000361,Mobile,Android,Safari,Inactive
DEV000362,Mobile,Android,Chrome,Active
DEV000363,Laptop,Android,Chrome,Active
DEV000364,Laptop,iOS,Safari,Active
DEV000365,Mobile,Windows,Firefox,Active
DEV000366,Mobile,Android,Chrome,Active
DEV000367,Mobile,Android,Chrome,Active
DEV000368,Mobile,Android,Chrome,Active
DEV000369,Mobile,Android,Edge,Active
DEV000370,Mobile,Android,Chrome,Active
DEV000371,Mobile,macOS,Edge,Active
DEV000372,Mobile,Android,Edge,Active
DEV000373,Mobile,iOS,Chrome,Active
DEV000374,Mobile,Android,Chrome,Active
DEV000375,Mobile,iOS,Chrome,Active
DEV000376,Mobile,Windows,Safari,Active
DEV000377,Mobile,Android,Edge,Inactive
DEV000378,Mobile,macOS,Safari,Active
DEV000379,Mobile,Android,Edge,Active
DEV000380,Mobile,macOS,Chrome,Active
DEV000381,Mobile,Windows,Edge,Active
DEV000382,Laptop,Android,Safari,Active
DEV000383,Mobile,Android,Chrome,Active
DEV000384,Mobile,Android,Chrome,Inactive
DEV000385,Mobile,Android,Edge,Active
DEV000386,Mobile,Android,Firefox,Active
DEV000387,Mobile,Android,Safari,Active
DEV000388,Mobile,iOS,Safari,Active
DEV000389,Mobile,Windows,Safari,Active
DEV000390,Mobile,Windows,Chrome,Active
DEV000391,Mobile,Windows,Firefox,Inactive
DEV000392,Laptop,Android,Safari,Active
DEV000393,Mobile,Android,Chrome,Active
DEV000394,Mobile,Android,Chrome,Active
DEV000395,Mobile,Android,Firefox,Active
DEV000396,Mobile,Android,Chrome,Active
DEV000397,Mobile,Android,Chrome,Inactive
DEV000398,Mobile,iOS,Safari,Active
DEV000399,Mobile,Android,Chrome,Active
DEV000400,Mobile,iOS,Safari,Active
DEV000401,Tablet,iOS,Firefox,Active
DEV000402,Mobile,iOS,Chrome,Inactive
DEV000403,Mobile,iOS,Safari,Active
DEV000404,Laptop,macOS,Chrome,Active
DEV000405,Mobile,iOS,Chrome,Active
DEV000406,Mobile,Android,Chrome,Active
DEV000407,Tablet,macOS,Chrome,Active
DEV000408,Mobile,iOS,Edge,Active
DEV000409,Mobile,iOS,Chrome,Active
DEV000410,Mobile,iOS,Chrome,Active
DEV000411,Mobile,macOS,Edge,Inactive
DEV000412,Laptop,Windows,Chrome,Active
DEV000413,Laptop,Android,Edge,Active
DEV000414,Mobile,Windows,Edge,Active
DEV000415,Mobile,Android,Chrome,Active
DEV000416,Mobile,iOS,Chrome,Active
DEV000417,Mobile,Android,Safari,Active
DEV000418,Mobile,iOS,Chrome,Active
DEV000419,Mobile,iOS,Chrome,Inactive
DEV000420,Laptop,Windows,Chrome,Inactive
DEV000421,Mobile,Android,Edge,Inactive
DEV000422,Laptop,Android,Chrome,Inactive
DEV000423,Laptop,Android,Edge,Active
DEV000424,Laptop,Android,Edge,Active
DEV000425,Mobile,macOS,Safari,Active
DEV000426,Laptop,Android,Chrome,Active
DEV000427,Mobile,Android,Chrome,Active
DEV000428,Mobile,iOS,Chrome,Active
DEV000429,Laptop,Android,Firefox,Active
DEV000430,Mobile,Android,Chrome,Active
DEV000431,Laptop,Android,Safari,Active
DEV000432,Mobile,Android,Chrome,Active
DEV000433,Mobile,Android,Chrome,Active
DEV000434,Mobile,Android,Safari,Active
DEV000435,Mobile,Windows,Safari,Active
DEV000436,Laptop,Android,Firefox,Active
DEV000437,Laptop,Windows,Chrome,Inactive
DEV000438,Mobile,Android,Chrome,Active
DEV000439,Mobile,iOS,Chrome,Active
DEV000440,Mobile,Android,Edge,Active
DEV000441,Mobile,Windows,Chrome,Active
DEV000442,Mobile,iOS,Chrome,Active
DEV000443,Mobile,iOS,Edge,Active
DEV000444,Mobile,Android,Chrome,Active
DEV000445,Mobile,Windows,Edge,Active
DEV000446,Mobile,Android,Safari,Active
DEV000447,Mobile,Android,Chrome,Active
DEV000448,Mobile,iOS,Chrome,Active
DEV000449,Mobile,Android,Chrome,Active
DEV000450,Laptop,Android,Chrome,Active
DEV000451,Mobile,iOS,Chrome,Active
DEV000452,Tablet,Android,Firefox,Inactive
DEV000453,Mobile,Android,Chrome,Active
DEV000454,Mobile,iOS,Chrome,Active
DEV000455,Laptop,Android,Firefox,Active
DEV000456,Mobile,macOS,Safari,Inactive
DEV000457,Mobile,Android,Chrome,Active
DEV000458,Tablet,Android,Safari,Active
DEV000459,Laptop,iOS,Firefox,Active
DEV000460,Laptop,Android,Chrome,Active
DEV000461,Mobile,Android,Edge,Active
DEV000462,Mobile,Android,Chrome,Active
DEV000463,Mobile,Android,Chrome,Active
DEV000464,Mobile,Windows,Edge,Active
DEV000465,Mobile,iOS,Chrome,Active
DEV000466,Laptop,Windows,Firefox,Active
DEV000467,Mobile,Android,Chrome,Active
DEV000468,Mobile,iOS,Chrome,Active
DEV000469,Mobile,iOS,Chrome,Active
DEV000470,Laptop,Windows,Chrome,Active
DEV000471,Tablet,Android,Safari,Inactive
DEV000472,Mobile,Android,Chrome,Inactive
DEV000473,Mobile,Android,Safari,Active
DEV000474,Mobile,Android,Firefox,Active
DEV000475,Laptop,Android,Firefox,Active
DEV000476,Mobile,iOS,Chrome,Inactive
DEV000477,Mobile,iOS,Chrome,Active
DEV000478,Mobile,Windows,Chrome,Active
DEV000479,Mobile,macOS,Chrome,Active
DEV000480,Mobile,Android,Chrome,Active
DEV000481,Mobile,iOS,Chrome,Active
DEV000482,Mobile,iOS,Edge,Active
DEV000483,Mobile,iOS,Safari,Active
DEV000484,Laptop,macOS,Chrome,Active
DEV000485,Tablet,iOS,Firefox,Active
DEV000486,Mobile,Android,Firefox,Active
DEV000487,Laptop,Windows,Edge,Active
DEV000488,Mobile,iOS,Edge,Active
DEV000489,Tablet,Windows,Chrome,Active
DEV000490,Mobile,Android,Chrome,Active
DEV000491,Mobile,Android,Edge,Active
DEV000492,Laptop,Android,Edge,Active
DEV000493,Mobile,iOS,Firefox,Active
DEV000494,Laptop,Windows,Chrome,Active
DEV000495,Laptop,iOS,Safari,Active
DEV000496,Mobile,macOS,Firefox,Active
DEV000497,Mobile,Android,Chrome,Active
DEV000498,Mobile,macOS,Safari,Active
DEV000499,Mobile,Android,Edge,Active
DEV000500,Mobile,Android,Chrome,Active
DEV000501,Mobile,iOS,Edge,Active
DEV000502,Tablet,Android,Chrome,Active
DEV000503,Laptop,iOS,Chrome,Active
DEV000504,Mobile,Android,Chrome,Active
DEV000505,Mobile,Android,Chrome,Active
DEV000506,Mobile,iOS,Edge,Active
DEV000507,Laptop,iOS,Chrome,Active
DEV000508,Mobile,iOS,Chrome,Active
DEV000509,Mobile,iOS,Chrome,Active
DEV000510,Tablet,macOS,Chrome,Active
DEV000511,Mobile,macOS,Firefox,Active
DEV000512,Tablet,iOS,Chrome,Active
DEV000513,Mobile,Android,Firefox,Active
DEV000514,Laptop,Android,Chrome,Active
DEV000515,Mobile,Windows,Chrome,Active
DEV000516,Mobile,macOS,Chrome,Active
DEV000517,Laptop,iOS,Firefox,Active
DEV000518,Mobile,iOS,Edge,Active
DEV000519,Mobile,iOS,Chrome,Active
DEV000520,Mobile,Android,Chrome,Active
DEV000521,Mobile,Android,Edge,Active
DEV000522,Mobile,Android,Safari,Active
DEV000523,Tablet,Android,Edge,Active
DEV000524,Mobile,Android,Edge,Active
DEV000525,Mobile,iOS,Safari,Active
DEV000526,Laptop,Android,Chrome,Active
DEV000527,Mobile,iOS,Chrome,Active
DEV000528,Mobile,Android,Chrome,Active
DEV000529,Mobile,Windows,Chrome,Active
DEV000530,Laptop,Android,Chrome,Active
DEV000531,Tablet,Android,Chrome,Active
DEV000532,Tablet,Android,Chrome,Active
DEV000533,Mobile,Android,Chrome,Active
DEV000534,Mobile,Android,Chrome,Active
DEV000535,Mobile,Windows,Safari,Active
DEV000536,Mobile,Android,Chrome,Active
DEV000537,Mobile,Android,Edge,Inactive
DEV000538,Tablet,Android,Safari,Active
DEV000539,Mobile,iOS,Chrome,Active
DEV000540,Mobile,Android,Chrome,Active
DEV000541,Laptop,Android,Safari,Active
DEV000542,Mobile,Windows,Chrome,Active
DEV000543,Mobile,Android,Chrome,Active
DEV000544,Mobile,Android,Safari,Active
DEV000545,Tablet,Android,Edge,Active
DEV000546,Mobile,Android,Chrome,Active
DEV000547,Tablet,Android,Chrome,Active
DEV000548,Laptop,iOS,Safari,Active
DEV000549,Laptop,Android,Chrome,Active
DEV000550,Tablet,Android,Firefox,Inactive
DEV000551,Mobile,Android,Chrome,Active
DEV000552,Mobile,iOS,Edge,Active
DEV000553,Mobile,Android,Chrome,Active
DEV000554,Mobile,iOS,Safari,Active
DEV000555,Mobile,iOS,Edge,Active
DEV000556,Mobile,Windows,Firefox,Active
DEV000557,Mobile,Android,Edge,Active
DEV000558,Mobile,Android,Chrome,Active
DEV000559,Laptop,Android,Chrome,Active
DEV000560,Mobile,iOS,Chrome,Active
DEV000561,Mobile,iOS,Chrome,Active
DEV000562,Mobile,Android,Safari,Active
DEV000563,Laptop,macOS,Chrome,Inactive
DEV000564,Mobile,Android,Chrome,Active
DEV000565,Mobile,Android,Safari,Active
DEV000566,Tablet,Android,Chrome,Inactive
DEV000567,Mobile,Android,Chrome,Active
DEV000568,Mobile,Android,Edge,Active
DEV000569,Mobile,macOS,Edge,Inactive
DEV000570,Tablet,Android,Safari,Active
DEV000571,Mobile,Android,Chrome,Active
DEV000572,Laptop,Android,Chrome,Active
DEV000573,Mobile,Android,Safari,Active
DEV000574,Mobile,iOS,Safari,Active
DEV000575,Mobile,Android,Firefox,Active
DEV000576,Mobile,iOS,Safari,Active
DEV000577,Mobile,iOS,Edge,Active
DEV000578,Mobile,iOS,Chrome,Active
DEV000579,Mobile,Windows,Safari,Inactive
DEV000580,Mobile,iOS,Edge,Active
DEV000581,Laptop,macOS,Chrome,Active
DEV000582,Mobile,Android,Edge,Active
DEV000583,Mobile,Windows,Chrome,Active
DEV000584,Laptop,Android,Chrome,Active
DEV000585,Mobile,iOS,Chrome,Active
DEV000586,Tablet,macOS,Chrome,Active
DEV000587,Mobile,Android,Safari,Active
DEV000588,Mobile,Android,Edge,Active
DEV000589,Mobile,macOS,Edge,Inactive
DEV000590,Mobile,iOS,Chrome,Active
DEV000591,Mobile,Android,Chrome,Active
DEV000592,Laptop,macOS,Chrome,Active
DEV000593,Mobile,iOS,Safari,Inactive
DEV000594,Laptop,iOS,Chrome,Active
DEV000595,Mobile,Android,Safari,Active
DEV000596,Mobile,iOS,Safari,Active
DEV000597,Mobile,Windows,Chrome,Active
DEV000598,Laptop,iOS,Chrome,Active
DEV000599,Mobile,Windows,Safari,Active
DEV000600,Mobile,Android,Edge,Active
DEV000601,Mobile,Android,Safari,Active
DEV000602,Mobile,Android,Firefox,Active
DEV000603,Mobile,iOS,Chrome,Active
DEV000604,Mobile,Windows,Chrome,Active
DEV000605,Laptop,Android,Chrome,Active
DEV000606,Mobile,macOS,Safari,Active
DEV000607,Tablet,Android,Chrome,Active
DEV000608,Laptop,iOS,Firefox,Active
DEV000609,Mobile,Android,Chrome,Active
DEV000610,Mobile,Windows,Chrome,Active
DEV000611,Tablet,Android,Chrome,Inactive
DEV000612,Laptop,macOS,Edge,Active
DEV000613,Laptop,macOS,Firefox,Active
DEV000614,Laptop,Android,Chrome,Active
DEV000615,Mobile,macOS,Chrome,Active
DEV000616,Mobile,Android,Chrome,Active
DEV000617,Mobile,Windows,Safari,Active
DEV000618,Mobile,Android,Chrome,Active
DEV000619,Laptop,Android,Chrome,Active
DEV000620,Mobile,iOS,Edge,Active
DEV000621,Mobile,macOS,Safari,Active
DEV000622,Tablet,Android,Chrome,Active
DEV000623,Mobile,iOS,Safari,Active
DEV000624,Tablet,Android,Chrome,Active
DEV000625,Mobile,Windows,Edge,Active
DEV000626,Mobile,macOS,Firefox,Active
DEV000627,Tablet,macOS,Safari,Active
DEV000628,Mobile,Android,Chrome,Active
DEV000629,Mobile,Android,Firefox,Active
DEV000630,Mobile,Android,Safari,Active
DEV000631,Mobile,Windows,Safari,Active
DEV000632,Tablet,Android,Chrome,Inactive
DEV000633,Mobile,Android,Edge,Inactive
DEV000634,Mobile,iOS,Chrome,Active
DEV000635,Mobile,macOS,Chrome,Active
DEV000636,Mobile,Android,Edge,Active
DEV000637,Mobile,iOS,Chrome,Active
DEV000638,Mobile,Windows,Chrome,Active
DEV000639,Laptop,macOS,Safari,Active
DEV000640,Mobile,Android,Chrome,Active
DEV000641,Laptop,Android,Chrome,Active
DEV000642,Mobile,Windows,Chrome,Active
DEV000643,Laptop,Windows,Safari,Active
DEV000644,Laptop,Android,Safari,Active
DEV000645,Mobile,Windows,Safari,Active
DEV000646,Mobile,Android,Chrome,Active
DEV000647,Mobile,Android,Chrome,Active
DEV000648,Mobile,Android,Chrome,Active
DEV000649,Mobile,Windows,Chrome,Active
DEV000650,Mobile,macOS,Safari,Active
DEV000651,Laptop,iOS,Firefox,Active
DEV000652,Laptop,Android,Safari,Active
DEV000653,Mobile,iOS,Chrome,Active
DEV000654,Mobile,Windows,Chrome,Active
DEV000655,Mobile,Windows,Edge,Active
DEV000656,Mobile,Android,Chrome,Inactive
DEV000657,Mobile,Windows,Edge,Active
DEV000658,Mobile,Android,Chrome,Active
DEV000659,Mobile,Windows,Firefox,Active
DEV000660,Mobile,Windows,Chrome,Active
DEV000661,Mobile,Windows,Edge,Active
DEV000662,Laptop,iOS,Safari,Active
DEV000663,Mobile,Windows,Chrome,Active
DEV000664,Mobile,Windows,Chrome,Active
DEV000665,Mobile,Android,Safari,Active
DEV000666,Mobile,Android,Chrome,Active
DEV000667,Laptop,iOS,Firefox,Active
DEV000668,Mobile,iOS,Chrome,Active
DEV000669,Mobile,Windows,Chrome,Inactive
DEV000670,Mobile,iOS,Chrome,Active
DEV000671,Mobile,iOS,Chrome,Active
DEV000672,Laptop,Android,Safari,Active
DEV000673,Mobile,iOS,Edge,Active
DEV000674,Mobile,Android,Edge,Active
DEV000675,Mobile,Android,Chrome,Active
DEV000676,Mobile,Windows,Edge,Inactive
DEV000677,Tablet,Android,Chrome,Inactive
DEV000678,Mobile,macOS,Safari,Active
DEV000679,Mobile,iOS,Safari,Active
DEV000680,Mobile,Windows,Safari,Inactive
DEV000681,Mobile,macOS,Safari,Active
DEV000682,Mobile,iOS,Chrome,Active
DEV000683,Mobile,Windows,Chrome,Active
DEV000684,Laptop,Android,Chrome,Active
DEV000685,Tablet,Android,Chrome,Active
DEV000686,Tablet,Android,Chrome,Active
DEV000687,Mobile,Android,Edge,Active
DEV000688,Laptop,Android,Chrome,Active
DEV000689,Mobile,iOS,Chrome,Active
DEV000690,Mobile,Android,Chrome,Active
DEV000691,Mobile,Windows,Safari,Active
DEV000692,Mobile,Android,Chrome,Active
DEV000693,Laptop,Android,Safari,Active
DEV000694,Mobile,iOS,Edge,Active
DEV000695,Laptop,iOS,Chrome,Inactive
DEV000696,Mobile,Android,Chrome,Active
DEV000697,Mobile,macOS,Chrome,Active
DEV000698,Laptop,Android,Chrome,Active
DEV000699,Tablet,macOS,Firefox,Active
DEV000700,Tablet,iOS,Chrome,Active
DEV000701,Laptop,Windows,Edge,Active
DEV000702,Tablet,iOS,Safari,Active
DEV000703,Mobile,Windows,Firefox,Active
DEV000704,Mobile,macOS,Edge,Active
DEV000705,Laptop,Android,Chrome,Active
DEV000706,Mobile,Windows,Chrome,Active
DEV000707,Mobile,iOS,Edge,Active
DEV000708,Mobile,iOS,Chrome,Active
DEV000709,Mobile,iOS,Edge,Inactive
DEV000710,Tablet,Android,Chrome,Active
DEV000711,Mobile,Android,Safari,Active
DEV000712,Mobile,Android,Chrome,Active
DEV000713,Tablet,Android,Chrome,Active
DEV000714,Mobile,Android,Chrome,Active
DEV000715,Mobile,Android,Chrome,Active
DEV000716,Tablet,iOS,Chrome,Active
DEV000717,Mobile,Android,Safari,Active
DEV000718,Mobile,Android,Chrome,Active
DEV000719,Mobile,macOS,Chrome,Active
DEV000720,Laptop,Android,Chrome,Active
DEV000721,Mobile,Windows,Safari,Active
DEV000722,Mobile,Android,Chrome,Active
DEV000723,Laptop,Android,Safari,Active
DEV000724,Mobile,Windows,Chrome,Active
DEV000725,Laptop,Android,Chrome,Active
DEV000726,Laptop,Windows,Chrome,Active
DEV000727,Mobile,iOS,Chrome,Active
DEV000728,Tablet,Android,Chrome,Active
DEV000729,Mobile,macOS,Chrome,Active
DEV000730,Tablet,Android,Safari,Active
DEV000731,Mobile,Android,Firefox,Active
DEV000732,Mobile,Android,Chrome,Inactive
DEV000733,Tablet,iOS,Edge,Inactive
DEV000734,Laptop,iOS,Chrome,Active
DEV000735,Tablet,Windows,Edge,Inactive
DEV000736,Tablet,Android,Safari,Active
DEV000737,Mobile,iOS,Safari,Active
DEV000738,Mobile,iOS,Chrome,Active
DEV000739,Mobile,Android,Edge,Active
DEV000740,Mobile,iOS,Chrome,Active
DEV000741,Mobile,iOS,Safari,Active
DEV000742,Mobile,Android,Firefox,Active
DEV000743,Laptop,Android,Chrome,Active
DEV000744,Mobile,iOS,Chrome,Active
DEV000745,Mobile,Android,Chrome,Active
DEV000746,Mobile,Android,Chrome,Active
DEV000747,Mobile,Android,Safari,Active
DEV000748,Mobile,macOS,Chrome,Inactive
DEV000749,Mobile,iOS,Safari,Active
DEV000750,Mobile,Android,Edge,Active
DEV000751,Mobile,Android,Chrome,Active
DEV000752,Mobile,Android,Chrome,Active
DEV000753,Mobile,iOS,Chrome,Active
DEV000754,Laptop,iOS,Safari,Active
DEV000755,Mobile,Android,Firefox,Active
DEV000756,Mobile,Android,Firefox,Active
DEV000757,Mobile,iOS,Chrome,Active
DEV000758,Mobile,macOS,Chrome,Active
DEV000759,Mobile,iOS,Firefox,Active
DEV000760,Laptop,Android,Chrome,Active
DEV000761,Mobile,Android,Chrome,Active
DEV000762,Laptop,Android,Chrome,Active
DEV000763,Mobile,Android,Edge,Inactive
DEV000764,Mobile,iOS,Edge,Active
DEV000765,Mobile,Android,Chrome,Active
DEV000766,Mobile,Android,Chrome,Active
DEV000767,Mobile,Android,Safari,Active
DEV000768,Mobile,Android,Safari,Active
DEV000769,Mobile,iOS,Safari,Active
DEV000770,Mobile,Android,Chrome,Active
DEV000771,Mobile,Android,Firefox,Active
DEV000772,Mobile,Android,Chrome,Active
DEV000773,Mobile,iOS,Safari,Active
DEV000774,Mobile,Android,Chrome,Active
DEV000775,Mobile,Android,Chrome,Active
DEV000776,Tablet,Android,Chrome,Active
DEV000777,Laptop,Windows,Edge,Active
DEV000778,Mobile,Android,Edge,Active
DEV000779,Mobile,Android,Safari,Active
DEV000780,Mobile,iOS,Chrome,Active
DEV000781,Mobile,Android,Chrome,Active
DEV000782,Mobile,Windows,Chrome,Active
DEV000783,Mobile,Android,Edge,Inactive
DEV000784,Tablet,iOS,Edge,Active
DEV000785,Mobile,macOS,Safari,Active
DEV000786,Mobile,macOS,Safari,Active
DEV000787,Mobile,iOS,Chrome,Active
DEV000788,Mobile,Android,Firefox,Active
DEV000789,Mobile,iOS,Edge,Active
DEV000790,Tablet,iOS,Chrome,Active
DEV000791,Mobile,Android,Edge,Active
DEV000792,Mobile,Android,Firefox,Active
DEV000793,Mobile,iOS,Chrome,Active
DEV000794,Mobile,iOS,Chrome,Inactive
DEV000795,Mobile,Android,Chrome,Active
DEV000796,Tablet,Windows,Edge,Active
DEV000797,Mobile,Windows,Chrome,Active
DEV000798,Mobile,Android,Edge,Active
DEV000799,Mobile,Android,Firefox,Active
DEV000800,Mobile,Android,Edge,Active
DEV000801,Laptop,Android,Chrome,Active
DEV000802,Mobile,Android,Edge,Active
DEV000803,Mobile,Android,Chrome,Active
DEV000804,Mobile,iOS,Chrome,Active
DEV000805,Laptop,Windows,Firefox,Active
DEV000806,Laptop,Android,Edge,Active
DEV000807,Mobile,Android,Edge,Active
DEV000808,Mobile,iOS,Firefox,Inactive
DEV000809,Laptop,macOS,Chrome,Active
DEV000810,Mobile,Windows,Safari,Active
DEV000811,Mobile,Android,Firefox,Active
DEV000812,Mobile,Android,Firefox,Active
DEV000813,Mobile,Android,Safari,Active
DEV000814,Mobile,iOS,Chrome,Active
DEV000815,Laptop,iOS,Safari,Active
DEV000816,Mobile,iOS,Firefox,Active
DEV000817,Mobile,Android,Edge,Active
DEV000818,Mobile,Windows,Safari,Active
DEV000819,Mobile,Android,Chrome,Active
DEV000820,Mobile,macOS,Safari,Active
DEV000821,Tablet,iOS,Chrome,Active
DEV000822,Laptop,Android,Edge,Inactive
DEV000823,Mobile,Android,Chrome,Active
DEV000824,Mobile,Android,Chrome,Active
DEV000825,Laptop,Android,Chrome,Active
DEV000826,Mobile,Windows,Chrome,Active
DEV000827,Mobile,Windows,Chrome,Active
DEV000828,Mobile,Android,Chrome,Active
DEV000829,Mobile,Android,Chrome,Active
DEV000830,Mobile,Android,Chrome,Active
DEV000831,Mobile,Android,Safari,Active
DEV000832,Mobile,macOS,Safari,Active
DEV000833,Tablet,iOS,Chrome,Active
DEV000834,Mobile,macOS,Chrome,Active
DEV000835,Laptop,iOS,Edge,Active
DEV000836,Mobile,Android,Chrome,Active
DEV000837,Mobile,Android,Chrome,Active
DEV000838,Mobile,Android,Chrome,Active
DEV000839,Laptop,Windows,Chrome,Active
DEV000840,Laptop,Android,Safari,Active
DEV000841,Mobile,Android,Edge,Active
DEV000842,Mobile,iOS,Chrome,Active
DEV000843,Laptop,iOS,Chrome,Active
DEV000844,Mobile,Android,Chrome,Active
DEV000845,Mobile,Windows,Chrome,Active
DEV000846,Mobile,macOS,Chrome,Inactive
DEV000847,Mobile,Windows,Safari,Active
DEV000848,Tablet,Android,Safari,Active
DEV000849,Mobile,Android,Edge,Active
DEV000850,Mobile,macOS,Firefox,Active
DEV000851,Laptop,iOS,Safari,Active
DEV000852,Laptop,Android,Edge,Active
DEV000853,Mobile,Android,Firefox,Active
DEV000854,Laptop,Android,Edge,Active
DEV000855,Mobile,Android,Chrome,Active
DEV000856,Tablet,iOS,Safari,Active
DEV000857,Mobile,Windows,Edge,Active
DEV000858,Tablet,macOS,Chrome,Active
DEV000859,Mobile,Android,Chrome,Active
DEV000860,Tablet,Android,Chrome,Active
DEV000861,Mobile,Android,Chrome,Active
DEV000862,Mobile,Windows,Chrome,Active
DEV000863,Mobile,Android,Edge,Active
DEV000864,Mobile,Android,Firefox,Active
DEV000865,Tablet,Android,Chrome,Active
DEV000866,Laptop,Android,Firefox,Active
DEV000867,Mobile,Android,Firefox,Active
DEV000868,Mobile,Android,Chrome,Active
DEV000869,Tablet,Android,Chrome,Active
DEV000870,Mobile,Android,Chrome,Active
DEV000871,Laptop,macOS,Chrome,Active
DEV000872,Laptop,Android,Chrome,Active
DEV000873,Mobile,iOS,Chrome,Active
DEV000874,Mobile,Android,Chrome,Active
DEV000875,Laptop,iOS,Safari,Active
DEV000876,Mobile,iOS,Chrome,Active
DEV000877,Mobile,iOS,Firefox,Inactive
DEV000878,Laptop,Windows,Chrome,Active
DEV000879,Mobile,Windows,Chrome,Active
DEV000880,Mobile,Android,Chrome,Active
DEV000881,Mobile,Android,Chrome,Active
DEV000882,Mobile,Android,Chrome,Active
DEV000883,Mobile,iOS,Edge,Active
DEV000884,Tablet,macOS,Chrome,Active
DEV000885,Mobile,Android,Chrome,Active
DEV000886,Mobile,Android,Safari,Active
DEV000887,Mobile,iOS,Safari,Active
DEV000888,Mobile,iOS,Safari,Active
DEV000889,Mobile,Android,Chrome,Active
DEV000890,Mobile,Android,Safari,Active
DEV000891,Tablet,Android,Edge,Active
DEV000892,Laptop,macOS,Firefox,Active
DEV000893,Laptop,iOS,Safari,Active
DEV000894,Laptop,Android,Safari,Active
DEV000895,Mobile,Android,Safari,Active
DEV000896,Mobile,Android,Edge,Active
DEV000897,Tablet,iOS,Safari,Active
DEV000898,Mobile,Android,Chrome,Active
DEV000899,Laptop,iOS,Chrome,Active
DEV000900,Mobile,iOS,Chrome,Active
DEV000901,Laptop,iOS,Safari,Active
DEV000902,Tablet,Android,Safari,Active
DEV000903,Mobile,Android,Chrome,Active
DEV000904,Tablet,Android,Safari,Active
DEV000905,Mobile,Android,Safari,Active
DEV000906,Mobile,Android,Chrome,Inactive
DEV000907,Mobile,Android,Safari,Active
DEV000908,Mobile,Android,Chrome,Active
DEV000909,Mobile,iOS,Chrome,Active
DEV000910,Laptop,Android,Edge,Active
DEV000911,Tablet,Android,Chrome,Active
DEV000912,Laptop,iOS,Chrome,Active
DEV000913,Tablet,Windows,Chrome,Active
DEV000914,Tablet,Android,Chrome,Active
DEV000915,Laptop,Android,Chrome,Active
DEV000916,Mobile,Windows,Chrome,Active
DEV000917,Laptop,Android,Chrome,Active
DEV000918,Mobile,macOS,Safari,Active
DEV000919,Mobile,iOS,Chrome,Active
DEV000920,Mobile,Windows,Chrome,Active
DEV000921,Mobile,Windows,Edge,Active
DEV000922,Tablet,Android,Chrome,Active
DEV000923,Mobile,macOS,Firefox,Active
DEV000924,Mobile,iOS,Chrome,Active
DEV000925,Laptop,iOS,Chrome,Active
DEV000926,Mobile,iOS,Chrome,Active
DEV000927,Mobile,Windows,Chrome,Active
DEV000928,Laptop,iOS,Safari,Active
DEV000929,Mobile,iOS,Safari,Inactive
DEV000930,Tablet,Windows,Safari,Active
DEV000931,Mobile,Android,Edge,Active
DEV000932,Mobile,iOS,Chrome,Active
DEV000933,Mobile,Android,Chrome,Active
DEV000934,Mobile,Windows,Edge,Active
DEV000935,Laptop,iOS,Chrome,Active
DEV000936,Mobile,iOS,Chrome,Active
DEV000937,Laptop,Android,Chrome,Active
DEV000938,Mobile,Windows,Chrome,Active
DEV000939,Mobile,Android,Chrome,Active
DEV000940,Mobile,macOS,Safari,Active
DEV000941,Laptop,iOS,Edge,Active
DEV000942,Mobile,Android,Chrome,Active
DEV000943,Mobile,Android,Chrome,Active
DEV000944,Mobile,Android,Chrome,Active
DEV000945,Mobile,Windows,Safari,Active
DEV000946,Mobile,Android,Firefox,Active
DEV000947,Laptop,Android,Chrome,Active
DEV000948,Laptop,Android,Chrome,Active
DEV000949,Mobile,Android,Chrome,Active
DEV000950,Mobile,iOS,Chrome,Active
DEV000951,Mobile,Android,Chrome,Active
DEV000952,Mobile,Android,Chrome,Active
DEV000953,Mobile,Windows,Chrome,Active
DEV000954,Mobile,Windows,Firefox,Active
DEV000955,Mobile,Android,Safari,Active
DEV000956,Mobile,Android,Chrome,Active
DEV000957,Mobile,iOS,Chrome,Active
DEV000958,Mobile,iOS,Chrome,Active
DEV000959,Mobile,Android,Chrome,Active
DEV000960,Mobile,Windows,Chrome,Active
DEV000961,Mobile,iOS,Chrome,Active
DEV000962,Tablet,Android,Chrome,Active
DEV000963,Laptop,iOS,Chrome,Active
DEV000964,Laptop,Windows,Chrome,Active
DEV000965,Mobile,Android,Safari,Active
DEV000966,Laptop,iOS,Chrome,Active
DEV000967,Mobile,iOS,Chrome,Inactive
DEV000968,Tablet,Windows,Edge,Inactive
DEV000969,Mobile,Windows,Firefox,Active
DEV000970,Mobile,iOS,Edge,Active
DEV000971,Tablet,iOS,Chrome,Active
DEV000972,Mobile,Android,Firefox,Active
DEV000973,Mobile,Android,Chrome,Active
DEV000974,Mobile,Android,Edge,Active
DEV000975,Mobile,Windows,Edge,Active
DEV000976,Mobile,iOS,Chrome,Inactive
DEV000977,Tablet,iOS,Safari,Active
DEV000978,Laptop,Android,Chrome,Active
DEV000979,Mobile,Android,Chrome,Active
DEV000980,Laptop,Windows,Chrome,Active
DEV000981,Mobile,Android,Edge,Active
DEV000982,Tablet,iOS,Edge,Active
DEV000983,Mobile,Android,Chrome,Inactive
DEV000984,Mobile,iOS,Firefox,Active
DEV000985,Laptop,Android,Safari,Active
DEV000986,Mobile,Android,Safari,Active
DEV000987,Mobile,Windows,Chrome,Active
DEV000988,Mobile,macOS,Chrome,Active
DEV000989,Laptop,Android,Chrome,Active
DEV000990,Mobile,Android,Chrome,Active
DEV000991,Tablet,Android,Chrome,Active
DEV000992,Mobile,Android,Safari,Active
DEV000993,Mobile,Windows,Chrome,Active
DEV000994,Mobile,iOS,Chrome,Inactive
DEV000995,Mobile,macOS,Chrome,Active
DEV000996,Mobile,Windows,Firefox,Active
DEV000997,Tablet,Windows,Chrome,Active
DEV000998,Mobile,macOS,Chrome,Inactive
DEV000999,Laptop,Android,Safari,Active
DEV001000,Mobile,Android,Chrome,Active
DEV001001,Laptop,macOS,Chrome,Active
DEV001002,Mobile,Android,Chrome,Inactive
DEV001003,Tablet,macOS,Chrome,Active
DEV001004,Mobile,iOS,Edge,Active
DEV001005,Laptop,Android,Firefox,Active
DEV001006,Mobile,Android,Chrome,Active
DEV001007,Mobile,Android,Chrome,Active
DEV001008,Mobile,Android,Edge,Active
DEV001009,Mobile,iOS,Chrome,Active
DEV001010,Mobile,macOS,Chrome,Active
DEV001011,Mobile,iOS,Edge,Inactive
DEV001012,Mobile,Windows,Chrome,Active
DEV001013,Laptop,macOS,Safari,Active
DEV001014,Laptop,macOS,Chrome,Active
DEV001015,Mobile,iOS,Edge,Active
DEV001016,Mobile,iOS,Chrome,Active
DEV001017,Mobile,Android,Chrome,Active
DEV001018,Mobile,Android,Safari,Active
DEV001019,Mobile,Android,Safari,Active
DEV001020,Mobile,iOS,Chrome,Active
DEV001021,Mobile,Android,Chrome,Active
DEV001022,Mobile,Windows,Safari,Active
DEV001023,Mobile,iOS,Chrome,Active
DEV001024,Mobile,macOS,Chrome,Active
DEV001025,Laptop,Android,Edge,Active
DEV001026,Mobile,Android,Chrome,Active
DEV001027,Mobile,iOS,Chrome,Inactive
DEV001028,Laptop,Android,Chrome,Active
DEV001029,Laptop,Android,Chrome,Active
DEV001030,Tablet,Windows,Safari,Inactive
DEV001031,Mobile,Windows,Chrome,Active
DEV001032,Mobile,Android,Safari,Active
DEV001033,Mobile,Android,Chrome,Active
DEV001034,Laptop,Android,Chrome,Active
DEV001035,Mobile,Windows,Chrome,Inactive
DEV001036,Mobile,Android,Chrome,Inactive
DEV001037,Mobile,Android,Chrome,Active
DEV001038,Mobile,macOS,Chrome,Active
DEV001039,Mobile,iOS,Edge,Active
DEV001040,Mobile,Windows,Edge,Active
DEV001041,Laptop,Android,Safari,Active
DEV001042,Tablet,Windows,Chrome,Active
DEV001043,Mobile,iOS,Safari,Active
DEV001044,Mobile,Android,Chrome,Active
DEV001045,Mobile,iOS,Safari,Active
DEV001046,Laptop,iOS,Firefox,Active
DEV001047,Laptop,iOS,Safari,Active
DEV001048,Mobile,Windows,Safari,Active
DEV001049,Tablet,Android,Edge,Active
DEV001050,Mobile,macOS,Chrome,Active
DEV001051,Laptop,iOS,Chrome,Active
DEV001052,Laptop,iOS,Safari,Active
DEV001053,Mobile,iOS,Chrome,Active
DEV001054,Laptop,Android,Chrome,Inactive
DEV001055,Mobile,Windows,Edge,Active
DEV001056,Tablet,Android,Firefox,Active
DEV001057,Mobile,Android,Firefox,Active
DEV001058,Mobile,Android,Chrome,Active
DEV001059,Mobile,Android,Edge,Active
DEV001060,Mobile,Android,Chrome,Active
DEV001061,Laptop,Windows,Edge,Active
DEV001062,Tablet,Android,Chrome,Active
DEV001063,Laptop,macOS,Edge,Active
DEV001064,Laptop,Windows,Chrome,Active
DEV001065,Mobile,Windows,Edge,Active
DEV001066,Laptop,Android,Chrome,Active
DEV001067,Mobile,macOS,Safari,Active
DEV001068,Mobile,iOS,Chrome,Active
DEV001069,Mobile,macOS,Chrome,Active
DEV001070,Mobile,Android,Chrome,Active
DEV001071,Mobile,Windows,Chrome,Active
DEV001072,Mobile,Android,Edge,Active
DEV001073,Mobile,Android,Chrome,Inactive
DEV001074,Laptop,Windows,Safari,Active
DEV001075,Mobile,macOS,Chrome,Active
DEV001076,Tablet,iOS,Chrome,Inactive
DEV001077,Laptop,iOS,Firefox,Active
DEV001078,Mobile,Android,Safari,Active
DEV001079,Mobile,Android,Safari,Active
DEV001080,Laptop,Android,Chrome,Active
DEV001081,Mobile,Android,Edge,Active
DEV001082,Laptop,Android,Chrome,Active
DEV001083,Mobile,Windows,Chrome,Active
DEV001084,Mobile,iOS,Safari,Active
DEV001085,Mobile,Android,Edge,Active
DEV001086,Tablet,iOS,Chrome,Active
DEV001087,Tablet,Android,Chrome,Active
DEV001088,Mobile,iOS,Edge,Active
DEV001089,Mobile,iOS,Firefox,Active
DEV001090,Mobile,Android,Safari,Active
DEV001091,Mobile,Android,Chrome,Active
DEV001092,Laptop,macOS,Chrome,Active
DEV001093,Mobile,Android,Edge,Active
DEV001094,Laptop,Android,Chrome,Active
DEV001095,Laptop,Android,Chrome,Active
DEV001096,Laptop,Android,Chrome,Active
DEV001097,Laptop,Android,Safari,Active
DEV001098,Mobile,iOS,Chrome,Active
DEV001099,Mobile,iOS,Firefox,Inactive
DEV001100,Tablet,Android,Safari,Inactive
DEV001101,Mobile,iOS,Chrome,Active
DEV001102,Mobile,Windows,Edge,Active
DEV001103,Mobile,Android,Chrome,Active
DEV001104,Mobile,Android,Chrome,Active
DEV001105,Mobile,Android,Edge,Inactive
DEV001106,Mobile,iOS,Edge,Active
DEV001107,Tablet,iOS,Chrome,Active
DEV001108,Mobile,Windows,Firefox,Active
DEV001109,Mobile,Android,Chrome,Active
DEV001110,Mobile,Android,Chrome,Inactive
DEV001111,Mobile,Android,Chrome,Active
DEV001112,Tablet,Windows,Edge,Active
DEV001113,Laptop,iOS,Chrome,Active
DEV001114,Laptop,iOS,Safari,Active
DEV001115,Mobile,Windows,Chrome,Active
DEV001116,Mobile,iOS,Chrome,Active
DEV001117,Mobile,Android,Chrome,Active
DEV001118,Laptop,Android,Chrome,Active
DEV001119,Tablet,macOS,Chrome,Active
DEV001120,Mobile,iOS,Chrome,Active
DEV001121,Mobile,iOS,Chrome,Active
DEV001122,Tablet,Android,Chrome,Active
DEV001123,Laptop,Android,Firefox,Active
DEV001124,Mobile,macOS,Firefox,Active
DEV001125,Mobile,Android,Edge,Active
DEV001126,Tablet,Windows,Edge,Active
DEV001127,Mobile,iOS,Safari,Active
DEV001128,Mobile,Android,Chrome,Active
DEV001129,Mobile,Android,Firefox,Active
DEV001130,Mobile,Android,Chrome,Active
DEV001131,Tablet,iOS,Safari,Active
DEV001132,Laptop,Android,Chrome,Active
DEV001133,Laptop,Android,Chrome,Active
DEV001134,Mobile,Android,Chrome,Inactive
DEV001135,Mobile,Android,Chrome,Active
DEV001136,Tablet,Android,Chrome,Inactive
DEV001137,Mobile,Android,Chrome,Active
DEV001138,Mobile,iOS,Safari,Active
DEV001139,Laptop,Android,Chrome,Active
DEV001140,Laptop,iOS,Safari,Active
DEV001141,Tablet,Android,Edge,Active
DEV001142,Mobile,Android,Safari,Active
DEV001143,Mobile,iOS,Safari,Active
DEV001144,Mobile,iOS,Firefox,Active
DEV001145,Mobile,iOS,Safari,Active
DEV001146,Mobile,Windows,Edge,Inactive
DEV001147,Tablet,iOS,Edge,Active
DEV001148,Tablet,Android,Chrome,Active
DEV001149,Laptop,Windows,Safari,Inactive
DEV001150,Mobile,Android,Chrome,Active
DEV001151,Laptop,macOS,Safari,Active
DEV001152,Mobile,Android,Chrome,Active
DEV001153,Mobile,iOS,Chrome,Active
DEV001154,Mobile,Windows,Chrome,Active
DEV001155,Laptop,iOS,Safari,Active
DEV001156,Laptop,Android,Safari,Active
DEV001157,Mobile,Windows,Safari,Active
DEV001158,Mobile,Android,Safari,Active
DEV001159,Laptop,Android,Safari,Active
DEV001160,Laptop,Android,Edge,Active
DEV001161,Mobile,Android,Safari,Active
DEV001162,Mobile,iOS,Safari,Active
DEV001163,Mobile,iOS,Firefox,Active
DEV001164,Mobile,Android,Chrome,Active
DEV001165,Mobile,Android,Chrome,Inactive
DEV001166,Mobile,Android,Safari,Active
DEV001167,Tablet,Windows,Chrome,Inactive
DEV001168,Mobile,Android,Safari,Active
DEV001169,Mobile,Android,Chrome,Active
DEV001170,Mobile,macOS,Chrome,Active
DEV001171,Tablet,Android,Safari,Active
DEV001172,Mobile,iOS,Chrome,Active
DEV001173,Mobile,Android,Chrome,Active
DEV001174,Laptop,Android,Edge,Active
DEV001175,Mobile,Android,Safari,Active
DEV001176,Mobile,Android,Chrome,Active
DEV001177,Mobile,Android,Chrome,Active
DEV001178,Mobile,Windows,Safari,Active
DEV001179,Mobile,Android,Chrome,Active
DEV001180,Laptop,iOS,Safari,Active
DEV001181,Mobile,Android,Chrome,Active
DEV001182,Mobile,iOS,Edge,Active
DEV001183,Tablet,Windows,Chrome,Active
DEV001184,Mobile,iOS,Chrome,Active
DEV001185,Laptop,macOS,Firefox,Active
DEV001186,Laptop,iOS,Edge,Active
DEV001187,Laptop,iOS,Firefox,Active
DEV001188,Mobile,iOS,Chrome,Active
DEV001189,Mobile,Windows,Chrome,Active
DEV001190,Mobile,Windows,Firefox,Active
DEV001191,Mobile,Android,Edge,Active
DEV001192,Laptop,iOS,Chrome,Active
DEV001193,Mobile,Windows,Edge,Active
DEV001194,Mobile,Android,Safari,Active
DEV001195,Laptop,Windows,Edge,Active
DEV001196,Laptop,Android,Chrome,Active
DEV001197,Mobile,macOS,Chrome,Active
DEV001198,Mobile,Android,Edge,Active
DEV001199,Tablet,Android,Safari,Active
DEV001200,Mobile,Android,Chrome,Active
DEV001201,Mobile,Android,Safari,Active
DEV001202,Mobile,iOS,Chrome,Active
DEV001203,Mobile,iOS,Chrome,Active
DEV001204,Mobile,iOS,Safari,Inactive
DEV001205,Mobile,Windows,Chrome,Active
DEV001206,Mobile,Windows,Safari,Active
DEV001207,Tablet,Windows,Safari,Active
DEV001208,Mobile,Android,Edge,Active
DEV001209,Mobile,Windows,Firefox,Active
DEV001210,Mobile,iOS,Safari,Active
DEV001211,Tablet,Android,Safari,Inactive
DEV001212,Mobile,Android,Chrome,Active
DEV001213,Mobile,iOS,Chrome,Active
DEV001214,Mobile,macOS,Chrome,Active
DEV001215,Mobile,Windows,Chrome,Active
DEV001216,Mobile,Windows,Firefox,Active
DEV001217,Mobile,Android,Chrome,Active
DEV001218,Mobile,iOS,Chrome,Active
DEV001219,Laptop,iOS,Chrome,Active
DEV001220,Laptop,Android,Safari,Active
DEV001221,Mobile,iOS,Chrome,Active
DEV001222,Laptop,iOS,Chrome,Active
DEV001223,Mobile,Windows,Safari,Active
DEV001224,Mobile,Android,Chrome,Active
DEV001225,Mobile,iOS,Chrome,Active
DEV001226,Mobile,macOS,Chrome,Active
DEV001227,Mobile,iOS,Safari,Active
DEV001228,Mobile,iOS,Firefox,Inactive
DEV001229,Mobile,Windows,Firefox,Active
DEV001230,Mobile,Android,Firefox,Active
DEV001231,Mobile,Android,Chrome,Active
DEV001232,Mobile,Android,Edge,Active
DEV001233,Mobile,Android,Chrome,Active
DEV001234,Mobile,Windows,Safari,Active
DEV001235,Mobile,iOS,Chrome,Active
DEV001236,Tablet,macOS,Firefox,Active
DEV001237,Mobile,Android,Chrome,Active
DEV001238,Mobile,Android,Safari,Active
DEV001239,Mobile,iOS,Safari,Active
DEV001240,Mobile,Android,Chrome,Active
DEV001241,Mobile,Android,Edge,Inactive
DEV001242,Mobile,Android,Edge,Active
DEV001243,Tablet,iOS,Chrome,Active
DEV001244,Mobile,Android,Chrome,Active
DEV001245,Tablet,iOS,Chrome,Active
DEV001246,Mobile,Android,Chrome,Active
DEV001247,Mobile,macOS,Chrome,Active
DEV001248,Laptop,Windows,Safari,Active
DEV001249,Mobile,iOS,Edge,Active
DEV001250,Mobile,Android,Firefox,Active
DEV001251,Mobile,iOS,Chrome,Active
DEV001252,Tablet,Android,Chrome,Active
DEV001253,Mobile,Android,Chrome,Inactive
DEV001254,Mobile,Android,Chrome,Active
DEV001255,Mobile,macOS,Firefox,Inactive
DEV001256,Mobile,Windows,Safari,Inactive
DEV001257,Mobile,Android,Chrome,Active
DEV001258,Mobile,iOS,Chrome,Inactive
DEV001259,Mobile,Android,Chrome,Active
DEV001260,Mobile,Windows,Safari,Active
DEV001261,Mobile,Android,Chrome,Active
DEV001262,Mobile,Android,Safari,Inactive
DEV001263,Tablet,Windows,Chrome,Active
DEV001264,Laptop,iOS,Edge,Active
DEV001265,Mobile,Android,Edge,Active
DEV001266,Mobile,Android,Safari,Active
DEV001267,Tablet,Android,Firefox,Active
DEV001268,Mobile,Android,Chrome,Inactive
DEV001269,Mobile,Android,Chrome,Active
DEV001270,Tablet,Android,Chrome,Active
DEV001271,Mobile,Windows,Chrome,Active
DEV001272,Mobile,iOS,Firefox,Active
DEV001273,Laptop,Windows,Safari,Active
DEV001274,Laptop,macOS,Chrome,Active
DEV001275,Mobile,Android,Chrome,Active
DEV001276,Mobile,Android,Chrome,Active
DEV001277,Mobile,Android,Edge,Active
DEV001278,Mobile,Windows,Chrome,Inactive
DEV001279,Mobile,macOS,Chrome,Active
DEV001280,Mobile,Windows,Safari,Active
DEV001281,Mobile,Android,Firefox,Active
DEV001282,Mobile,Android,Chrome,Inactive
DEV001283,Mobile,Android,Firefox,Active
DEV001284,Laptop,iOS,Firefox,Active
DEV001285,Laptop,iOS,Safari,Active
DEV001286,Mobile,Android,Safari,Active
DEV001287,Mobile,iOS,Chrome,Active
DEV001288,Mobile,iOS,Chrome,Active
DEV001289,Mobile,Android,Chrome,Active
DEV001290,Mobile,iOS,Edge,Active
DEV001291,Mobile,macOS,Firefox,Active
DEV001292,Laptop,Windows,Chrome,Active
DEV001293,Mobile,Android,Edge,Active
DEV001294,Mobile,Android,Chrome,Active
DEV001295,Laptop,iOS,Chrome,Active
DEV001296,Laptop,Android,Chrome,Inactive
DEV001297,Laptop,iOS,Chrome,Active
DEV001298,Laptop,iOS,Firefox,Active
DEV001299,Mobile,Windows,Chrome,Active
DEV001300,Laptop,Android,Chrome,Active
DEV001301,Mobile,Android,Firefox,Active
DEV001302,Mobile,iOS,Edge,Active
DEV001303,Mobile,Android,Safari,Active
DEV001304,Mobile,Android,Chrome,Active
DEV001305,Laptop,Android,Edge,Active
DEV001306,Mobile,Android,Chrome,Active
DEV001307,Laptop,Android,Chrome,Active
DEV001308,Tablet,Android,Chrome,Inactive
DEV001309,Mobile,Android,Firefox,Active
DEV001310,Mobile,Android,Chrome,Active
DEV001311,Mobile,Android,Chrome,Inactive
DEV001312,Mobile,Android,Chrome,Active
DEV001313,Mobile,Android,Chrome,Active
DEV001314,Mobile,macOS,Chrome,Active
DEV001315,Tablet,Android,Firefox,Active
DEV001316,Mobile,iOS,Chrome,Active
DEV001317,Mobile,Android,Chrome,Active
DEV001318,Mobile,macOS,Chrome,Active
DEV001319,Mobile,iOS,Firefox,Active
DEV001320,Laptop,iOS,Firefox,Active
DEV001321,Mobile,Windows,Safari,Active
DEV001322,Mobile,macOS,Edge,Active
DEV001323,Mobile,macOS,Chrome,Active
DEV001324,Laptop,Android,Chrome,Active
DEV001325,Mobile,Android,Chrome,Active
DEV001326,Mobile,Android,Chrome,Inactive
DEV001327,Laptop,Android,Chrome,Active
DEV001328,Mobile,Android,Chrome,Active
DEV001329,Mobile,macOS,Edge,Active
DEV001330,Mobile,iOS,Safari,Active
DEV001331,Laptop,Android,Chrome,Active
DEV001332,Laptop,macOS,Chrome,Active
DEV001333,Mobile,iOS,Safari,Active
DEV001334,Tablet,Android,Chrome,Active
DEV001335,Mobile,Android,Firefox,Active
DEV001336,Mobile,Android,Firefox,Active
DEV001337,Mobile,Android,Firefox,Active
DEV001338,Laptop,Android,Chrome,Active
DEV001339,Mobile,Windows,Chrome,Active
DEV001340,Mobile,Android,Safari,Active
DEV001341,Mobile,iOS,Safari,Active
DEV001342,Mobile,Android,Chrome,Inactive
DEV001343,Mobile,Android,Safari,Active
DEV001344,Mobile,iOS,Chrome,Inactive
DEV001345,Laptop,iOS,Safari,Active
DEV001346,Tablet,Android,Chrome,Active
DEV001347,Laptop,Windows,Firefox,Active
DEV001348,Laptop,Android,Edge,Active
DEV001349,Mobile,Android,Edge,Active
DEV001350,Mobile,Android,Firefox,Active
DEV001351,Mobile,Android,Safari,Active
DEV001352,Mobile,macOS,Chrome,Active
DEV001353,Tablet,Android,Firefox,Active
DEV001354,Mobile,Windows,Chrome,Active
DEV001355,Tablet,Android,Chrome,Active
DEV001356,Mobile,Android,Chrome,Active
DEV001357,Mobile,Android,Safari,Active
DEV001358,Laptop,iOS,Firefox,Active
DEV001359,Mobile,Android,Safari,Active
DEV001360,Mobile,Android,Safari,Active
DEV001361,Mobile,Android,Chrome,Active
DEV001362,Laptop,Android,Chrome,Active
DEV001363,Mobile,iOS,Chrome,Inactive
DEV001364,Mobile,Android,Chrome,Active
DEV001365,Mobile,macOS,Chrome,Active
DEV001366,Mobile,Android,Chrome,Active
DEV001367,Mobile,Android,Chrome,Active
DEV001368,Mobile,Windows,Edge,Inactive
DEV001369,Mobile,iOS,Chrome,Active
DEV001370,Mobile,Android,Edge,Active
DEV001371,Mobile,Android,Edge,Inactive
DEV001372,Mobile,Windows,Safari,Active
DEV001373,Laptop,Android,Firefox,Active
DEV001374,Laptop,Android,Chrome,Active
DEV001375,Mobile,iOS,Safari,Active
DEV001376,Laptop,Android,Chrome,Active
DEV001377,Laptop,Windows,Chrome,Active
DEV001378,Mobile,iOS,Edge,Active
DEV001379,Laptop,Android,Safari,Active
DEV001380,Mobile,iOS,Safari,Active
DEV001381,Mobile,iOS,Chrome,Active
DEV001382,Mobile,iOS,Chrome,Active
DEV001383,Mobile,macOS,Safari,Active
DEV001384,Mobile,Android,Chrome,Active
DEV001385,Mobile,iOS,Edge,Active
DEV001386,Mobile,Windows,Chrome,Active
DEV001387,Laptop,Android,Firefox,Active
DEV001388,Mobile,Android,Chrome,Active
DEV001389,Laptop,Android,Chrome,Inactive
DEV001390,Laptop,Android,Safari,Inactive
DEV001391,Mobile,iOS,Firefox,Active
DEV001392,Mobile,Android,Chrome,Active
DEV001393,Mobile,iOS,Edge,Active
DEV001394,Mobile,Android,Chrome,Active
DEV001395,Mobile,Windows,Chrome,Active
DEV001396,Laptop,iOS,Edge,Active
DEV001397,Mobile,Android,Safari,Active
DEV001398,Mobile,Android,Chrome,Active
DEV001399,Mobile,iOS,Safari,Active
DEV001400,Laptop,Android,Edge,Active
DEV001401,Mobile,Android,Chrome,Active
DEV001402,Mobile,Windows,Chrome,Active
DEV001403,Mobile,Android,Chrome,Active
DEV001404,Mobile,macOS,Safari,Active
DEV001405,Mobile,Android,Chrome,Active
DEV001406,Mobile,Android,Chrome,Active
DEV001407,Mobile,Windows,Chrome,Active
DEV001408,Mobile,iOS,Chrome,Inactive
DEV001409,Mobile,Windows,Edge,Active
DEV001410,Mobile,Windows,Chrome,Active
DEV001411,Mobile,Android,Chrome,Active
DEV001412,Tablet,Android,Chrome,Active
DEV001413,Mobile,Android,Chrome,Active
DEV001414,Laptop,Android,Chrome,Active
DEV001415,Mobile,Android,Firefox,Active
DEV001416,Laptop,Android,Chrome,Active
DEV001417,Mobile,Windows,Chrome,Active
DEV001418,Mobile,Android,Chrome,Active
DEV001419,Mobile,Android,Chrome,Inactive
DEV001420,Mobile,Android,Firefox,Active
DEV001421,Mobile,iOS,Chrome,Active
DEV001422,Mobile,Android,Firefox,Active
DEV001423,Mobile,macOS,Chrome,Active
DEV001424,Mobile,iOS,Chrome,Active
DEV001425,Mobile,Android,Safari,Active
DEV001426,Mobile,Android,Chrome,Active
DEV001427,Mobile,Android,Firefox,Active
DEV001428,Mobile,iOS,Edge,Inactive
DEV001429,Mobile,macOS,Firefox,Inactive
DEV001430,Mobile,Android,Chrome,Active
DEV001431,Mobile,Android,Firefox,Active
DEV001432,Laptop,Windows,Safari,Active
DEV001433,Mobile,iOS,Firefox,Active
DEV001434,Mobile,macOS,Firefox,Active
DEV001435,Mobile,Android,Safari,Active
DEV001436,Mobile,Android,Firefox,Active
DEV001437,Mobile,Android,Chrome,Inactive
DEV001438,Mobile,Android,Safari,Active
DEV001439,Laptop,Android,Chrome,Active
DEV001440,Mobile,Windows,Chrome,Active
DEV001441,Mobile,Windows,Chrome,Active
DEV001442,Mobile,Windows,Safari,Active
DEV001443,Tablet,Android,Edge,Active
DEV001444,Mobile,Android,Chrome,Active
DEV001445,Mobile,iOS,Chrome,Active
DEV001446,Mobile,iOS,Safari,Active
DEV001447,Mobile,Windows,Firefox,Inactive
DEV001448,Laptop,Android,Chrome,Active
DEV001449,Mobile,Android,Firefox,Active
DEV001450,Mobile,Windows,Chrome,Active
DEV001451,Tablet,Windows,Safari,Active
DEV001452,Mobile,Windows,Chrome,Active
DEV001453,Mobile,Android,Chrome,Inactive
DEV001454,Tablet,iOS,Edge,Active
DEV001455,Mobile,Windows,Chrome,Active
DEV001456,Mobile,Android,Chrome,Active
DEV001457,Laptop,iOS,Safari,Active
DEV001458,Mobile,Android,Firefox,Active
DEV001459,Mobile,Android,Chrome,Active
DEV001460,Mobile,Android,Safari,Inactive
DEV001461,Tablet,Android,Safari,Inactive
DEV001462,Mobile,iOS,Safari,Active
DEV001463,Mobile,Android,Chrome,Active
DEV001464,Mobile,Android,Chrome,Active
DEV001465,Mobile,Android,Chrome,Active
DEV001466,Mobile,Windows,Chrome,Active
DEV001467,Mobile,iOS,Chrome,Active
DEV001468,Mobile,iOS,Firefox,Active
DEV001469,Mobile,Android,Chrome,Active
DEV001470,Mobile,iOS,Chrome,Active
DEV001471,Mobile,Android,Firefox,Active
DEV001472,Mobile,iOS,Chrome,Active
DEV001473,Mobile,Android,Chrome,Active
DEV001474,Mobile,Android,Chrome,Inactive
DEV001475,Mobile,iOS,Firefox,Active
DEV001476,Tablet,iOS,Edge,Active
DEV001477,Mobile,iOS,Safari,Active
DEV001478,Tablet,Android,Edge,Active
DEV001479,Mobile,iOS,Safari,Active
DEV001480,Mobile,iOS,Chrome,Active
DEV001481,Mobile,Android,Chrome,Active
DEV001482,Mobile,Windows,Safari,Active
DEV001483,Mobile,iOS,Chrome,Active
DEV001484,Mobile,Android,Chrome,Active
DEV001485,Laptop,iOS,Chrome,Inactive
DEV001486,Mobile,Windows,Chrome,Active
DEV001487,Mobile,Android,Chrome,Active
DEV001488,Mobile,Android,Safari,Active
DEV001489,Mobile,Android,Safari,Active
DEV001490,Mobile,Android,Safari,Active
DEV001491,Mobile,Android,Safari,Active
DEV001492,Mobile,Android,Safari,Active
DEV001493,Mobile,Android,Chrome,Active
DEV001494,Mobile,macOS,Chrome,Active
DEV001495,Mobile,Android,Chrome,Active
DEV001496,Laptop,macOS,Firefox,Active
DEV001497,Mobile,Android,Chrome,Active
DEV001498,Tablet,Android,Safari,Active
DEV001499,Mobile,Windows,Chrome,Active
DEV001500,Mobile,Android,Safari,Active
DEV001501,Mobile,Android,Edge,Active
DEV001502,Laptop,iOS,Edge,Active
DEV001503,Mobile,Android,Chrome,Active
DEV001504,Mobile,macOS,Chrome,Inactive
DEV001505,Tablet,Windows,Firefox,Active
DEV001506,Mobile,Android,Chrome,Active
DEV001507,Mobile,Android,Safari,Active
DEV001508,Laptop,iOS,Chrome,Active
DEV001509,Mobile,Android,Firefox,Active
DEV001510,Mobile,Android,Firefox,Active
DEV001511,Laptop,iOS,Safari,Active
DEV001512,Mobile,Android,Edge,Active
DEV001513,Laptop,macOS,Safari,Active
DEV001514,Laptop,Android,Edge,Inactive
DEV001515,Mobile,iOS,Chrome,Active
DEV001516,Laptop,Android,Edge,Inactive
DEV001517,Mobile,Windows,Chrome,Active
DEV001518,Mobile,Android,Chrome,Active
DEV001519,Mobile,Android,Chrome,Active
DEV001520,Mobile,Android,Edge,Active
DEV001521,Tablet,Windows,Safari,Active
DEV001522,Laptop,iOS,Chrome,Inactive
DEV001523,Mobile,Android,Chrome,Active
DEV001524,Laptop,Android,Chrome,Active
DEV001525,Laptop,iOS,Firefox,Active
DEV001526,Laptop,Android,Chrome,Active
DEV001527,Mobile,Android,Firefox,Active
DEV001528,Mobile,Windows,Safari,Active
DEV001529,Mobile,Windows,Chrome,Active
DEV001530,Mobile,macOS,Edge,Active
DEV001531,Mobile,Android,Safari,Active
DEV001532,Mobile,iOS,Edge,Active
DEV001533,Laptop,iOS,Chrome,Active
DEV001534,Mobile,Windows,Firefox,Active
DEV001535,Mobile,Android,Chrome,Active
DEV001536,Mobile,Windows,Chrome,Active
DEV001537,Mobile,Windows,Safari,Inactive
DEV001538,Mobile,Android,Chrome,Active
DEV001539,Laptop,Android,Chrome,Active
DEV001540,Mobile,Android,Chrome,Inactive
DEV001541,Tablet,Android,Chrome,Active
DEV001542,Tablet,Android,Chrome,Active
DEV001543,Laptop,Android,Chrome,Inactive
DEV001544,Mobile,Android,Safari,Active
DEV001545,Tablet,iOS,Safari,Inactive
DEV001546,Tablet,Android,Chrome,Active
DEV001547,Mobile,Android,Chrome,Inactive
DEV001548,Laptop,Android,Firefox,Active
DEV001549,Tablet,iOS,Safari,Active
DEV001550,Mobile,Android,Firefox,Inactive
DEV001551,Mobile,Android,Chrome,Active
DEV001552,Mobile,Android,Safari,Active
DEV001553,Tablet,Android,Safari,Active
DEV001554,Mobile,iOS,Firefox,Active
DEV001555,Mobile,Windows,Chrome,Active
DEV001556,Laptop,Android,Edge,Active
DEV001557,Laptop,iOS,Safari,Active
DEV001558,Mobile,Windows,Edge,Active
DEV001559,Mobile,Android,Edge,Active
DEV001560,Mobile,Windows,Chrome,Active
DEV001561,Mobile,Android,Edge,Active
DEV001562,Mobile,Android,Chrome,Inactive
DEV001563,Mobile,Windows,Edge,Active
DEV001564,Mobile,iOS,Safari,Active
DEV001565,Mobile,Windows,Chrome,Active
DEV001566,Mobile,macOS,Chrome,Active
DEV001567,Mobile,macOS,Firefox,Active
DEV001568,Mobile,Android,Safari,Active
DEV001569,Mobile,Android,Edge,Active
DEV001570,Mobile,Android,Edge,Active
DEV001571,Mobile,iOS,Chrome,Active
DEV001572,Mobile,Android,Chrome,Active
DEV001573,Laptop,Android,Safari,Active
DEV001574,Mobile,Android,Chrome,Active
DEV001575,Mobile,Windows,Firefox,Active
DEV001576,Tablet,Android,Chrome,Active
DEV001577,Mobile,Android,Firefox,Active
DEV001578,Laptop,Windows,Safari,Active
DEV001579,Mobile,Android,Edge,Active
DEV001580,Laptop,Android,Edge,Active
DEV001581,Mobile,Android,Firefox,Active
DEV001582,Mobile,Android,Chrome,Active
DEV001583,Mobile,Android,Safari,Active
DEV001584,Mobile,Android,Edge,Active
DEV001585,Tablet,Android,Chrome,Active
DEV001586,Mobile,Android,Safari,Active
DEV001587,Mobile,Android,Chrome,Active
DEV001588,Mobile,Android,Chrome,Active
DEV001589,Mobile,Android,Chrome,Active
DEV001590,Mobile,Android,Firefox,Active
DEV001591,Laptop,macOS,Safari,Active
DEV001592,Laptop,iOS,Chrome,Active
DEV001593,Mobile,macOS,Chrome,Active
DEV001594,Laptop,iOS,Chrome,Active
DEV001595,Mobile,Android,Chrome,Active
DEV001596,Mobile,Android,Chrome,Active
DEV001597,Mobile,Android,Safari,Active
DEV001598,Mobile,Android,Chrome,Active
DEV001599,Mobile,Windows,Firefox,Inactive
DEV001600,Mobile,Android,Chrome,Active
DEV001601,Laptop,Windows,Chrome,Active
DEV001602,Mobile,Windows,Edge,Active
DEV001603,Mobile,Android,Chrome,Inactive
DEV001604,Mobile,Android,Edge,Active
DEV001605,Mobile,Android,Chrome,Active
DEV001606,Mobile,iOS,Edge,Active
DEV001607,Mobile,iOS,Firefox,Active
DEV001608,Mobile,macOS,Chrome,Active
DEV001609,Laptop,iOS,Safari,Active
DEV001610,Mobile,iOS,Chrome,Active
DEV001611,Mobile,iOS,Firefox,Active
DEV001612,Laptop,macOS,Chrome,Active
DEV001613,Mobile,iOS,Safari,Active
DEV001614,Tablet,Android,Safari,Active
DEV001615,Mobile,Android,Safari,Active
DEV001616,Mobile,Windows,Edge,Active
DEV001617,Mobile,Android,Chrome,Active
DEV001618,Mobile,iOS,Chrome,Inactive
DEV001619,Mobile,Android,Chrome,Active
DEV001620,Tablet,macOS,Chrome,Active
DEV001621,Tablet,iOS,Chrome,Active
DEV001622,Mobile,iOS,Chrome,Active
DEV001623,Mobile,Android,Chrome,Active
DEV001624,Mobile,Windows,Safari,Active
DEV001625,Mobile,iOS,Chrome,Active
DEV001626,Laptop,Android,Safari,Active
DEV001627,Tablet,Android,Chrome,Active
DEV001628,Mobile,Android,Edge,Active
DEV001629,Mobile,Android,Safari,Active
DEV001630,Mobile,Android,Safari,Active
DEV001631,Mobile,Windows,Safari,Active
DEV001632,Mobile,iOS,Chrome,Active
DEV001633,Mobile,Android,Safari,Active
DEV001634,Mobile,iOS,Chrome,Inactive
DEV001635,Mobile,Android,Chrome,Active
DEV001636,Laptop,Android,Safari,Active
DEV001637,Mobile,Android,Chrome,Active
DEV001638,Laptop,Android,Chrome,Active
DEV001639,Laptop,Android,Chrome,Active
DEV001640,Mobile,Android,Chrome,Active
DEV001641,Mobile,Android,Edge,Active
DEV001642,Mobile,iOS,Chrome,Active
DEV001643,Mobile,Android,Chrome,Active
DEV001644,Mobile,macOS,Chrome,Inactive
DEV001645,Mobile,Android,Chrome,Inactive
DEV001646,Mobile,Android,Firefox,Active
DEV001647,Mobile,Android,Safari,Active
DEV001648,Mobile,Android,Safari,Active
DEV001649,Mobile,Windows,Firefox,Active
DEV001650,Mobile,Android,Chrome,Active
DEV001651,Laptop,iOS,Chrome,Active
DEV001652,Mobile,Android,Chrome,Active
DEV001653,Mobile,Android,Chrome,Active
DEV001654,Mobile,Windows,Safari,Active
DEV001655,Mobile,Windows,Edge,Active
DEV001656,Mobile,iOS,Chrome,Active
DEV001657,Laptop,Android,Edge,Active
DEV001658,Mobile,iOS,Edge,Active
DEV001659,Mobile,macOS,Firefox,Active
DEV001660,Tablet,Windows,Chrome,Active
DEV001661,Mobile,Android,Chrome,Active
DEV001662,Mobile,iOS,Chrome,Active
DEV001663,Mobile,Windows,Edge,Active
DEV001664,Tablet,iOS,Chrome,Inactive
DEV001665,Laptop,Android,Chrome,Active
DEV001666,Mobile,Android,Safari,Active
DEV001667,Mobile,Windows,Safari,Active
DEV001668,Mobile,Android,Safari,Active
DEV001669,Tablet,macOS,Firefox,Active
DEV001670,Tablet,Windows,Safari,Active
DEV001671,Mobile,iOS,Chrome,Active
DEV001672,Mobile,Windows,Chrome,Active
DEV001673,Mobile,Android,Chrome,Active
DEV001674,Laptop,Windows,Chrome,Inactive
DEV001675,Laptop,Android,Firefox,Active
DEV001676,Mobile,Windows,Chrome,Active
DEV001677,Laptop,Windows,Chrome,Active
DEV001678,Mobile,Android,Chrome,Active
DEV001679,Mobile,Windows,Firefox,Active
DEV001680,Tablet,macOS,Edge,Active
DEV001681,Mobile,Android,Safari,Active
DEV001682,Laptop,Android,Chrome,Active
DEV001683,Mobile,iOS,Chrome,Active
DEV001684,Laptop,Android,Chrome,Active
DEV001685,Laptop,macOS,Chrome,Active
DEV001686,Tablet,Windows,Chrome,Active
DEV001687,Laptop,Android,Edge,Active
DEV001688,Mobile,Android,Chrome,Active
DEV001689,Mobile,Android,Chrome,Active
DEV001690,Mobile,iOS,Edge,Active
DEV001691,Mobile,iOS,Chrome,Active
DEV001692,Mobile,iOS,Chrome,Active
DEV001693,Mobile,Android,Safari,Active
DEV001694,Tablet,Android,Firefox,Active
DEV001695,Mobile,iOS,Chrome,Inactive
DEV001696,Laptop,Android,Edge,Active
DEV001697,Mobile,Android,Edge,Active
DEV001698,Mobile,Android,Chrome,Active
DEV001699,Mobile,iOS,Edge,Active
DEV001700,Laptop,Android,Chrome,Active
DEV001701,Laptop,Android,Chrome,Active
DEV001702,Mobile,Android,Safari,Active
DEV001703,Mobile,Android,Edge,Active
DEV001704,Mobile,iOS,Chrome,Active
DEV001705,Mobile,Android,Chrome,Active
DEV001706,Mobile,Android,Chrome,Active
DEV001707,Mobile,Windows,Firefox,Active
DEV001708,Mobile,Android,Chrome,Active
DEV001709,Laptop,Android,Safari,Inactive
DEV001710,Mobile,Android,Edge,Active
DEV001711,Mobile,Android,Chrome,Active
DEV001712,Mobile,Windows,Chrome,Active
DEV001713,Mobile,Android,Chrome,Active
DEV001714,Mobile,Android,Edge,Active
DEV001715,Mobile,macOS,Chrome,Inactive
DEV001716,Mobile,Android,Chrome,Active
DEV001717,Laptop,Android,Chrome,Active
DEV001718,Mobile,Android,Safari,Active
DEV001719,Mobile,iOS,Chrome,Active
DEV001720,Mobile,Android,Chrome,Inactive
DEV001721,Laptop,macOS,Chrome,Active
DEV001722,Mobile,Windows,Chrome,Active
DEV001723,Mobile,iOS,Chrome,Active
DEV001724,Laptop,iOS,Edge,Active
DEV001725,Mobile,Windows,Safari,Active
DEV001726,Laptop,Windows,Firefox,Active
DEV001727,Mobile,iOS,Safari,Active
DEV001728,Mobile,Windows,Edge,Active
DEV001729,Mobile,Android,Chrome,Active
DEV001730,Tablet,iOS,Chrome,Inactive
DEV001731,Mobile,Android,Edge,Active
DEV001732,Mobile,Android,Chrome,Active
DEV001733,Mobile,iOS,Edge,Active
DEV001734,Laptop,Android,Safari,Active
DEV001735,Mobile,iOS,Chrome,Active
DEV001736,Mobile,Android,Firefox,Active
DEV001737,Tablet,macOS,Chrome,Active
DEV001738,Mobile,Windows,Chrome,Active
DEV001739,Mobile,iOS,Firefox,Active
DEV001740,Mobile,Android,Safari,Active
DEV001741,Mobile,iOS,Chrome,Active
DEV001742,Laptop,iOS,Chrome,Active
DEV001743,Mobile,iOS,Safari,Active
DEV001744,Mobile,Windows,Chrome,Active
DEV001745,Mobile,Windows,Chrome,Active
DEV001746,Mobile,iOS,Firefox,Active
DEV001747,Mobile,Windows,Chrome,Active
DEV001748,Mobile,Android,Safari,Inactive
DEV001749,Mobile,Android,Chrome,Active
DEV001750,Mobile,Android,Chrome,Active
DEV001751,Mobile,macOS,Safari,Inactive
DEV001752,Mobile,iOS,Chrome,Active
DEV001753,Mobile,iOS,Chrome,Active
DEV001754,Mobile,iOS,Edge,Inactive
DEV001755,Mobile,Android,Safari,Active
DEV001756,Tablet,Android,Firefox,Active
DEV001757,Mobile,macOS,Chrome,Active
DEV001758,Mobile,Android,Chrome,Active
DEV001759,Mobile,iOS,Firefox,Inactive
DEV001760,Mobile,Windows,Chrome,Active
DEV001761,Mobile,Android,Chrome,Active
DEV001762,Mobile,iOS,Edge,Active
DEV001763,Mobile,macOS,Chrome,Active
DEV001764,Mobile,Android,Safari,Active
DEV001765,Mobile,Windows,Safari,Active
DEV001766,Laptop,macOS,Chrome,Active
DEV001767,Tablet,Android,Edge,Active
DEV001768,Laptop,Android,Chrome,Active
DEV001769,Mobile,Android,Chrome,Active
DEV001770,Mobile,Android,Chrome,Active
DEV001771,Mobile,iOS,Chrome,Active
DEV001772,Mobile,Android,Safari,Active
DEV001773,Mobile,iOS,Safari,Active
DEV001774,Mobile,Windows,Chrome,Inactive
DEV001775,Laptop,Android,Chrome,Inactive
DEV001776,Mobile,Android,Chrome,Active
DEV001777,Mobile,Windows,Firefox,Active
DEV001778,Tablet,Android,Chrome,Active
DEV001779,Mobile,Android,Safari,Active
DEV001780,Mobile,Android,Safari,Active
DEV001781,Mobile,Android,Safari,Active
DEV001782,Mobile,Android,Edge,Active
DEV001783,Mobile,macOS,Chrome,Active
DEV001784,Mobile,Windows,Edge,Active
DEV001785,Mobile,Windows,Chrome,Inactive
DEV001786,Mobile,Android,Edge,Active
DEV001787,Mobile,Android,Edge,Active
DEV001788,Mobile,Android,Firefox,Active
DEV001789,Mobile,iOS,Firefox,Active
DEV001790,Mobile,Android,Chrome,Active
DEV001791,Laptop,Android,Chrome,Active
DEV001792,Mobile,macOS,Edge,Active
DEV001793,Laptop,macOS,Firefox,Active
DEV001794,Laptop,Windows,Chrome,Active
DEV001795,Mobile,Android,Chrome,Active
DEV001796,Laptop,Windows,Chrome,Active
DEV001797,Mobile,Android,Chrome,Active
DEV001798,Mobile,iOS,Edge,Active
DEV001799,Mobile,macOS,Chrome,Active
DEV001800,Mobile,Android,Chrome,Active
DEV001801,Mobile,iOS,Edge,Active
DEV001802,Mobile,Windows,Safari,Active
DEV001803,Mobile,Android,Chrome,Inactive
DEV001804,Mobile,Android,Chrome,Active
DEV001805,Tablet,iOS,Chrome,Active
DEV001806,Mobile,Android,Chrome,Active
DEV001807,Laptop,Android,Edge,Active
DEV001808,Mobile,macOS,Safari,Active
DEV001809,Mobile,Windows,Chrome,Active
DEV001810,Mobile,iOS,Chrome,Active
DEV001811,Tablet,Android,Safari,Active
DEV001812,Mobile,Android,Chrome,Active
DEV001813,Laptop,macOS,Edge,Active
DEV001814,Mobile,Android,Chrome,Active
DEV001815,Mobile,Android,Firefox,Active
DEV001816,Mobile,Android,Chrome,Active
DEV001817,Mobile,iOS,Safari,Active
DEV001818,Mobile,Android,Chrome,Active
DEV001819,Laptop,iOS,Chrome,Active
DEV001820,Mobile,Android,Chrome,Active
DEV001821,Mobile,iOS,Firefox,Active
DEV001822,Mobile,macOS,Firefox,Active
DEV001823,Mobile,iOS,Firefox,Active
DEV001824,Mobile,macOS,Chrome,Active
DEV001825,Mobile,macOS,Chrome,Inactive
DEV001826,Mobile,Android,Chrome,Active
DEV001827,Mobile,Windows,Chrome,Active
DEV001828,Mobile,iOS,Chrome,Active
DEV001829,Mobile,macOS,Chrome,Active
DEV001830,Mobile,Windows,Chrome,Active
DEV001831,Mobile,iOS,Firefox,Active
DEV001832,Mobile,iOS,Chrome,Active
DEV001833,Mobile,Windows,Safari,Inactive
DEV001834,Mobile,Android,Chrome,Active
DEV001835,Mobile,Android,Chrome,Active
DEV001836,Mobile,Windows,Safari,Active
DEV001837,Mobile,macOS,Safari,Inactive
DEV001838,Mobile,Android,Chrome,Active
DEV001839,Mobile,iOS,Edge,Active
DEV001840,Laptop,Android,Chrome,Active
DEV001841,Mobile,iOS,Edge,Active
DEV001842,Mobile,Android,Chrome,Active
DEV001843,Tablet,iOS,Chrome,Active
DEV001844,Tablet,Android,Safari,Inactive
DEV001845,Laptop,Android,Safari,Active
DEV001846,Mobile,Android,Edge,Active
DEV001847,Mobile,iOS,Firefox,Active
DEV001848,Mobile,Windows,Chrome,Active
DEV001849,Mobile,macOS,Chrome,Active
DEV001850,Mobile,Android,Chrome,Active
DEV001851,Mobile,iOS,Chrome,Active
DEV001852,Mobile,Android,Chrome,Active
DEV001853,Mobile,Android,Chrome,Active
DEV001854,Tablet,Android,Edge,Inactive
DEV001855,Mobile,Android,Edge,Inactive
DEV001856,Mobile,Android,Chrome,Active
DEV001857,Mobile,Windows,Chrome,Active
DEV001858,Laptop,iOS,Chrome,Active
DEV001859,Mobile,Windows,Chrome,Active
DEV001860,Tablet,Android,Chrome,Active
DEV001861,Mobile,Android,Chrome,Active
DEV001862,Tablet,Android,Chrome,Active
DEV001863,Mobile,Android,Chrome,Active
DEV001864,Tablet,Android,Chrome,Active
DEV001865,Mobile,Android,Chrome,Active
DEV001866,Mobile,iOS,Safari,Active
DEV001867,Mobile,iOS,Chrome,Active
DEV001868,Tablet,iOS,Chrome,Active
DEV001869,Tablet,Android,Chrome,Active
DEV001870,Mobile,iOS,Chrome,Active
DEV001871,Laptop,Windows,Safari,Active
DEV001872,Mobile,iOS,Firefox,Active
DEV001873,Mobile,Android,Safari,Active
DEV001874,Tablet,macOS,Chrome,Active
DEV001875,Mobile,Android,Chrome,Active
DEV001876,Mobile,Android,Edge,Active
DEV001877,Mobile,Android,Chrome,Inactive
DEV001878,Mobile,iOS,Edge,Active
DEV001879,Mobile,macOS,Chrome,Active
DEV001880,Mobile,Windows,Edge,Active
DEV001881,Mobile,Android,Chrome,Active
DEV001882,Mobile,iOS,Chrome,Active
DEV001883,Mobile,macOS,Chrome,Active
DEV001884,Laptop,Windows,Edge,Active
DEV001885,Mobile,Android,Edge,Active
DEV001886,Mobile,iOS,Safari,Active
DEV001887,Laptop,Windows,Chrome,Active
DEV001888,Mobile,Windows,Chrome,Active
DEV001889,Mobile,Android,Chrome,Active
DEV001890,Laptop,iOS,Edge,Active
DEV001891,Mobile,iOS,Chrome,Inactive
DEV001892,Laptop,iOS,Safari,Active
DEV001893,Mobile,Android,Safari,Active
DEV001894,Mobile,Android,Chrome,Active
DEV001895,Mobile,Android,Safari,Active
DEV001896,Mobile,Windows,Chrome,Active
DEV001897,Mobile,Android,Edge,Active
DEV001898,Mobile,Android,Firefox,Active
DEV001899,Laptop,Android,Chrome,Active
DEV001900,Mobile,Android,Edge,Active
DEV001901,Tablet,iOS,Safari,Active
DEV001902,Mobile,Android,Firefox,Active
DEV001903,Mobile,Android,Edge,Inactive
DEV001904,Mobile,Android,Edge,Inactive
DEV001905,Laptop,Android,Edge,Active
DEV001906,Mobile,iOS,Chrome,Active
DEV001907,Mobile,Android,Chrome,Active
DEV001908,Mobile,Android,Safari,Active
DEV001909,Tablet,Android,Edge,Inactive
DEV001910,Mobile,Android,Safari,Active
DEV001911,Mobile,Windows,Safari,Active
DEV001912,Mobile,iOS,Chrome,Active
DEV001913,Mobile,Android,Chrome,Active
DEV001914,Mobile,Windows,Chrome,Active
DEV001915,Mobile,Android,Chrome,Active
DEV001916,Mobile,Android,Chrome,Active
DEV001917,Tablet,Android,Chrome,Active
DEV001918,Mobile,iOS,Edge,Active
DEV001919,Mobile,Windows,Safari,Active
DEV001920,Mobile,Windows,Chrome,Active
DEV001921,Mobile,macOS,Chrome,Active
DEV001922,Laptop,macOS,Edge,Active
DEV001923,Mobile,Android,Safari,Active
DEV001924,Laptop,Android,Edge,Active
DEV001925,Laptop,iOS,Firefox,Active
DEV001926,Mobile,Android,Firefox,Active
DEV001927,Mobile,Android,Safari,Inactive
DEV001928,Laptop,iOS,Firefox,Active
DEV001929,Mobile,Windows,Chrome,Inactive
DEV001930,Laptop,iOS,Chrome,Active
DEV001931,Mobile,macOS,Chrome,Active
DEV001932,Mobile,iOS,Firefox,Active
DEV001933,Mobile,Android,Safari,Active
DEV001934,Mobile,Android,Edge,Active
DEV001935,Mobile,iOS,Safari,Active
DEV001936,Tablet,Windows,Safari,Active
DEV001937,Mobile,iOS,Safari,Active
DEV001938,Mobile,Android,Chrome,Active
DEV001939,Mobile,iOS,Chrome,Active
DEV001940,Laptop,macOS,Chrome,Inactive
DEV001941,Mobile,macOS,Chrome,Active
DEV001942,Mobile,Android,Chrome,Active
DEV001943,Mobile,Android,Chrome,Active
DEV001944,Mobile,iOS,Firefox,Active
DEV001945,Laptop,Android,Safari,Active
DEV001946,Mobile,Android,Firefox,Active
DEV001947,Laptop,Android,Chrome,Active
DEV001948,Mobile,Android,Safari,Active
DEV001949,Mobile,Android,Chrome,Active
DEV001950,Mobile,Android,Safari,Active
DEV001951,Mobile,Windows,Firefox,Active
DEV001952,Mobile,iOS,Chrome,Active
DEV001953,Mobile,Windows,Chrome,Active
DEV001954,Mobile,Windows,Safari,Inactive
DEV001955,Mobile,macOS,Edge,Active
DEV001956,Mobile,iOS,Safari,Active
DEV001957,Laptop,iOS,Edge,Active
DEV001958,Mobile,Windows,Chrome,Active
DEV001959,Mobile,Android,Chrome,Active
DEV001960,Laptop,iOS,Chrome,Active
DEV001961,Mobile,Android,Firefox,Active
DEV001962,Laptop,Android,Chrome,Inactive
DEV001963,Laptop,Android,Safari,Active
DEV001964,Mobile,Android,Edge,Active
DEV001965,Mobile,Windows,Chrome,Active
DEV001966,Laptop,iOS,Chrome,Active
DEV001967,Mobile,Android,Safari,Active
DEV001968,Mobile,Android,Safari,Active
DEV001969,Mobile,iOS,Chrome,Active
DEV001970,Mobile,Android,Chrome,Active
DEV001971,Mobile,Android,Edge,Active
DEV001972,Mobile,Android,Chrome,Active
DEV001973,Laptop,macOS,Chrome,Active
DEV001974,Mobile,Android,Safari,Active
DEV001975,Mobile,iOS,Edge,Active
DEV001976,Mobile,macOS,Firefox,Active
DEV001977,Laptop,Windows,Chrome,Inactive
DEV001978,Mobile,Android,Safari,Active
DEV001979,Mobile,iOS,Chrome,Inactive
DEV001980,Mobile,Windows,Safari,Active
DEV001981,Mobile,iOS,Chrome,Active
DEV001982,Mobile,macOS,Chrome,Active
DEV001983,Mobile,iOS,Firefox,Active
DEV001984,Mobile,Windows,Safari,Active
DEV001985,Laptop,Android,Safari,Active
DEV001986,Tablet,Android,Chrome,Active
DEV001987,Mobile,Android,Chrome,Active
DEV001988,Mobile,iOS,Edge,Active
DEV001989,Tablet,Android,Chrome,Active
DEV001990,Mobile,Windows,Edge,Active
DEV001991,Mobile,Android,Chrome,Active
DEV001992,Laptop,Android,Chrome,Active
DEV001993,Mobile,iOS,Edge,Active
DEV001994,Tablet,macOS,Firefox,Active
DEV001995,Mobile,Android,Chrome,Active
DEV001996,Mobile,Android,Chrome,Active
DEV001997,Mobile,iOS,Firefox,Active
DEV001998,Mobile,Android,Chrome,Active
DEV001999,Mobile,iOS,Chrome,Active
DEV002000,Mobile,iOS,Edge,Inactive
DEV002001,Tablet,Android,Firefox,Active
DEV002002,Laptop,Android,Chrome,Active
DEV002003,Tablet,iOS,Chrome,Active
DEV002004,Tablet,Android,Chrome,Inactive
DEV002005,Tablet,Android,Chrome,Active
DEV002006,Mobile,macOS,Safari,Active
DEV002007,Mobile,Android,Chrome,Active
DEV002008,Mobile,Windows,Safari,Active
DEV002009,Mobile,Android,Chrome,Active
DEV002010,Tablet,Windows,Chrome,Active
DEV002011,Mobile,Android,Chrome,Active
DEV002012,Mobile,iOS,Chrome,Active
DEV002013,Mobile,Android,Chrome,Active
DEV002014,Mobile,iOS,Chrome,Active
DEV002015,Mobile,Android,Chrome,Active
DEV002016,Mobile,Android,Chrome,Active
DEV002017,Mobile,Android,Safari,Active
DEV002018,Laptop,iOS,Chrome,Active
DEV002019,Mobile,Windows,Chrome,Active
DEV002020,Mobile,iOS,Safari,Active
DEV002021,Mobile,Android,Edge,Active
DEV002022,Mobile,Android,Edge,Active
DEV002023,Mobile,iOS,Edge,Active
DEV002024,Mobile,iOS,Edge,Active
DEV002025,Mobile,Android,Safari,Active
DEV002026,Mobile,iOS,Firefox,Active
DEV002027,Mobile,Windows,Safari,Active
DEV002028,Mobile,iOS,Safari,Active
DEV002029,Laptop,Android,Firefox,Active
DEV002030,Mobile,iOS,Chrome,Active
DEV002031,Mobile,Android,Firefox,Active
DEV002032,Laptop,iOS,Chrome,Active
DEV002033,Mobile,Windows,Edge,Active
DEV002034,Mobile,Android,Chrome,Active
DEV002035,Mobile,Android,Chrome,Active
DEV002036,Mobile,Android,Safari,Active
DEV002037,Mobile,Android,Edge,Active
DEV002038,Mobile,Android,Chrome,Active
DEV002039,Laptop,Android,Chrome,Active
DEV002040,Laptop,Windows,Edge,Active
DEV002041,Laptop,iOS,Chrome,Active
DEV002042,Mobile,macOS,Firefox,Active
DEV002043,Tablet,Android,Firefox,Active
DEV002044,Mobile,iOS,Firefox,Active
DEV002045,Mobile,iOS,Chrome,Active
DEV002046,Laptop,Android,Safari,Active
DEV002047,Mobile,iOS,Chrome,Active
DEV002048,Laptop,Android,Chrome,Active
DEV002049,Mobile,Windows,Edge,Active
DEV002050,Mobile,iOS,Chrome,Active
DEV002051,Mobile,iOS,Firefox,Active
DEV002052,Mobile,iOS,Chrome,Active
DEV002053,Mobile,Android,Safari,Active
DEV002054,Tablet,iOS,Chrome,Active
DEV002055,Mobile,Android,Edge,Active
DEV002056,Mobile,Android,Chrome,Active
DEV002057,Laptop,iOS,Firefox,Active
DEV002058,Mobile,iOS,Chrome,Active
DEV002059,Laptop,Android,Chrome,Active
DEV002060,Laptop,Windows,Edge,Active
DEV002061,Mobile,Android,Chrome,Active
DEV002062,Mobile,Android,Chrome,Active
DEV002063,Mobile,iOS,Edge,Active
DEV002064,Mobile,macOS,Safari,Active
DEV002065,Laptop,iOS,Safari,Inactive
DEV002066,Tablet,macOS,Safari,Active
DEV002067,Laptop,Android,Chrome,Active
DEV002068,Mobile,Android,Safari,Active
DEV002069,Mobile,macOS,Edge,Active
DEV002070,Mobile,macOS,Safari,Active
DEV002071,Mobile,macOS,Chrome,Active
DEV002072,Tablet,macOS,Edge,Active
DEV002073,Laptop,Android,Firefox,Active
DEV002074,Mobile,iOS,Chrome,Active
DEV002075,Mobile,iOS,Chrome,Active
DEV002076,Mobile,iOS,Chrome,Active
DEV002077,Mobile,Android,Firefox,Active
DEV002078,Mobile,iOS,Firefox,Active
DEV002079,Laptop,Android,Chrome,Active
DEV002080,Laptop,Android,Chrome,Inactive
DEV002081,Laptop,macOS,Edge,Active
DEV002082,Mobile,Android,Chrome,Active
DEV002083,Tablet,Android,Edge,Active
DEV002084,Tablet,Windows,Chrome,Active
DEV002085,Mobile,Android,Edge,Active
DEV002086,Mobile,Android,Chrome,Active
DEV002087,Mobile,iOS,Chrome,Active
DEV002088,Laptop,Android,Safari,Active
DEV002089,Mobile,Android,Chrome,Active
DEV002090,Mobile,Android,Firefox,Active
DEV002091,Laptop,Windows,Edge,Active
DEV002092,Laptop,Android,Firefox,Active
DEV002093,Mobile,iOS,Firefox,Active
DEV002094,Mobile,Android,Chrome,Active
DEV002095,Laptop,Android,Chrome,Inactive
DEV002096,Mobile,iOS,Safari,Active
DEV002097,Mobile,iOS,Firefox,Active
DEV002098,Tablet,macOS,Chrome,Active
DEV002099,Mobile,Android,Chrome,Active
DEV002100,Mobile,Windows,Chrome,Active
DEV002101,Mobile,Android,Chrome,Active
DEV002102,Mobile,Windows,Chrome,Active
DEV002103,Mobile,Android,Chrome,Active
DEV002104,Tablet,iOS,Chrome,Active
DEV002105,Tablet,Android,Safari,Inactive
DEV002106,Laptop,Android,Chrome,Active
DEV002107,Mobile,Windows,Chrome,Active
DEV002108,Tablet,Android,Chrome,Active
DEV002109,Mobile,iOS,Safari,Active
DEV002110,Laptop,Android,Chrome,Inactive
DEV002111,Mobile,Android,Firefox,Active
DEV002112,Mobile,Android,Chrome,Active
DEV002113,Laptop,Android,Chrome,Active
DEV002114,Mobile,Android,Chrome,Active
DEV002115,Mobile,iOS,Chrome,Active
DEV002116,Tablet,Android,Edge,Active
DEV002117,Mobile,Windows,Chrome,Active
DEV002118,Mobile,iOS,Chrome,Active
DEV002119,Mobile,Android,Firefox,Active
DEV002120,Laptop,Android,Chrome,Active
DEV002121,Mobile,Android,Firefox,Active
DEV002122,Tablet,Android,Chrome,Active
DEV002123,Mobile,macOS,Chrome,Active
DEV002124,Mobile,Android,Chrome,Inactive
DEV002125,Laptop,iOS,Chrome,Active
DEV002126,Tablet,iOS,Chrome,Active
DEV002127,Tablet,Android,Safari,Inactive
DEV002128,Mobile,Windows,Chrome,Active
DEV002129,Mobile,Android,Chrome,Active
DEV002130,Mobile,Android,Chrome,Active
DEV002131,Mobile,Windows,Chrome,Active
DEV002132,Laptop,Android,Chrome,Active
DEV002133,Mobile,Android,Chrome,Active
DEV002134,Laptop,Windows,Chrome,Active
DEV002135,Mobile,Android,Chrome,Active
DEV002136,Tablet,Android,Chrome,Inactive
DEV002137,Tablet,iOS,Chrome,Active
DEV002138,Mobile,iOS,Edge,Active
DEV002139,Mobile,iOS,Chrome,Active
DEV002140,Laptop,Android,Chrome,Active
DEV002141,Mobile,iOS,Edge,Active
DEV002142,Mobile,macOS,Firefox,Active
DEV002143,Laptop,iOS,Chrome,Active
DEV002144,Mobile,Android,Safari,Active
DEV002145,Mobile,iOS,Firefox,Active
DEV002146,Mobile,Android,Chrome,Active
DEV002147,Tablet,Android,Chrome,Active
DEV002148,Laptop,Android,Edge,Active
DEV002149,Mobile,Android,Chrome,Active
DEV002150,Mobile,Windows,Safari,Inactive
DEV002151,Mobile,Windows,Chrome,Active
DEV002152,Mobile,Android,Chrome,Active
DEV002153,Laptop,iOS,Safari,Active
DEV002154,Tablet,iOS,Safari,Active
DEV002155,Mobile,iOS,Chrome,Active
DEV002156,Mobile,macOS,Safari,Active
DEV002157,Mobile,iOS,Chrome,Active
DEV002158,Laptop,Windows,Chrome,Inactive
DEV002159,Laptop,Android,Chrome,Active
DEV002160,Mobile,iOS,Edge,Active
DEV002161,Mobile,Android,Chrome,Active
DEV002162,Mobile,iOS,Chrome,Active
DEV002163,Mobile,Windows,Chrome,Inactive
DEV002164,Tablet,Android,Chrome,Active
DEV002165,Tablet,iOS,Chrome,Active
DEV002166,Mobile,Android,Chrome,Inactive
DEV002167,Mobile,macOS,Firefox,Active
DEV002168,Mobile,Android,Chrome,Active
DEV002169,Mobile,iOS,Safari,Active
DEV002170,Mobile,iOS,Chrome,Active
DEV002171,Laptop,Windows,Firefox,Inactive
DEV002172,Mobile,Windows,Chrome,Active
DEV002173,Laptop,Windows,Chrome,Active
DEV002174,Laptop,iOS,Safari,Active
DEV002175,Tablet,Windows,Chrome,Inactive
DEV002176,Laptop,iOS,Edge,Active
DEV002177,Mobile,Android,Safari,Active
DEV002178,Mobile,Android,Firefox,Active
DEV002179,Mobile,macOS,Firefox,Inactive
DEV002180,Tablet,Windows,Safari,Inactive
DEV002181,Mobile,iOS,Edge,Active
DEV002182,Mobile,Windows,Chrome,Inactive
DEV002183,Mobile,Android,Chrome,Active
DEV002184,Laptop,iOS,Safari,Active
DEV002185,Mobile,Android,Firefox,Active
DEV002186,Mobile,macOS,Chrome,Active
DEV002187,Mobile,Android,Edge,Active
DEV002188,Laptop,Windows,Chrome,Active
DEV002189,Mobile,Android,Chrome,Active
DEV002190,Mobile,Android,Safari,Active
DEV002191,Tablet,Android,Safari,Active
DEV002192,Mobile,Windows,Firefox,Active
DEV002193,Mobile,iOS,Chrome,Active
DEV002194,Mobile,iOS,Chrome,Active
DEV002195,Tablet,iOS,Chrome,Active
DEV002196,Laptop,Android,Firefox,Active
DEV002197,Laptop,Android,Safari,Active
DEV002198,Tablet,iOS,Chrome,Active
DEV002199,Laptop,macOS,Firefox,Active
DEV002200,Mobile,iOS,Safari,Active
DEV002201,Laptop,macOS,Edge,Inactive
DEV002202,Mobile,Windows,Chrome,Active
DEV002203,Mobile,iOS,Safari,Active
DEV002204,Mobile,iOS,Chrome,Active
DEV002205,Mobile,Windows,Firefox,Active
DEV002206,Mobile,Android,Edge,Active
DEV002207,Mobile,Android,Edge,Active
DEV002208,Mobile,Windows,Chrome,Active
DEV002209,Laptop,Windows,Chrome,Inactive
DEV002210,Mobile,Windows,Chrome,Active
DEV002211,Mobile,Android,Chrome,Active
DEV002212,Mobile,Android,Chrome,Active
DEV002213,Mobile,iOS,Chrome,Active
DEV002214,Tablet,Android,Chrome,Active
DEV002215,Mobile,Android,Chrome,Active
DEV002216,Laptop,Android,Safari,Active
DEV002217,Mobile,iOS,Chrome,Active
DEV002218,Mobile,Android,Chrome,Active
DEV002219,Mobile,Android,Chrome,Active
DEV002220,Mobile,Android,Chrome,Active
DEV002221,Mobile,iOS,Safari,Inactive
DEV002222,Tablet,Android,Firefox,Active
DEV002223,Mobile,Android,Safari,Active
DEV002224,Tablet,Android,Safari,Active
DEV002225,Mobile,Android,Safari,Inactive
DEV002226,Mobile,iOS,Chrome,Active
DEV002227,Tablet,iOS,Safari,Active
DEV002228,Mobile,Windows,Chrome,Active
DEV002229,Laptop,Android,Chrome,Active
DEV002230,Mobile,Android,Chrome,Active
DEV002231,Mobile,macOS,Chrome,Active
DEV002232,Mobile,macOS,Safari,Active
DEV002233,Mobile,Android,Chrome,Active
DEV002234,Mobile,iOS,Chrome,Active
DEV002235,Mobile,macOS,Safari,Active
DEV002236,Mobile,iOS,Chrome,Active
DEV002237,Mobile,Windows,Firefox,Active
DEV002238,Mobile,iOS,Edge,Active
DEV002239,Mobile,Android,Chrome,Active
DEV002240,Mobile,Android,Firefox,Active
DEV002241,Mobile,Android,Chrome,Active
DEV002242,Mobile,macOS,Safari,Active
DEV002243,Mobile,iOS,Chrome,Active
DEV002244,Mobile,Android,Chrome,Inactive
DEV002245,Mobile,Android,Edge,Active
DEV002246,Mobile,Android,Chrome,Inactive
DEV002247,Mobile,macOS,Safari,Active
DEV002248,Mobile,macOS,Safari,Active
DEV002249,Laptop,iOS,Chrome,Active
DEV002250,Mobile,macOS,Chrome,Active
DEV002251,Mobile,Android,Chrome,Active
DEV002252,Laptop,iOS,Safari,Active
DEV002253,Mobile,iOS,Edge,Active
DEV002254,Mobile,iOS,Chrome,Active
DEV002255,Mobile,Android,Chrome,Active
DEV002256,Laptop,Android,Chrome,Active
DEV002257,Tablet,macOS,Chrome,Inactive
DEV002258,Tablet,Android,Edge,Active
DEV002259,Mobile,iOS,Chrome,Active
DEV002260,Tablet,Android,Chrome,Active
DEV002261,Mobile,Android,Safari,Active
DEV002262,Laptop,iOS,Safari,Active
DEV002263,Mobile,Android,Edge,Active
DEV002264,Tablet,Android,Chrome,Active
DEV002265,Tablet,Android,Firefox,Active
DEV002266,Mobile,Android,Chrome,Active
DEV002267,Mobile,Windows,Chrome,Active
DEV002268,Mobile,Windows,Firefox,Active
DEV002269,Laptop,Windows,Chrome,Active
DEV002270,Mobile,macOS,Edge,Active
DEV002271,Tablet,Android,Chrome,Active
DEV002272,Laptop,Android,Chrome,Active
DEV002273,Mobile,Android,Safari,Active
DEV002274,Mobile,Android,Safari,Inactive
DEV002275,Mobile,macOS,Safari,Active
DEV002276,Mobile,iOS,Safari,Active
DEV002277,Laptop,Android,Chrome,Active
DEV002278,Mobile,Android,Chrome,Active
DEV002279,Mobile,iOS,Chrome,Active
DEV002280,Mobile,Android,Firefox,Active
DEV002281,Mobile,Android,Safari,Active
DEV002282,Laptop,iOS,Chrome,Inactive
DEV002283,Mobile,Windows,Chrome,Active
DEV002284,Tablet,iOS,Edge,Active
DEV002285,Tablet,Android,Chrome,Active
DEV002286,Mobile,iOS,Edge,Active
DEV002287,Mobile,Android,Chrome,Active
DEV002288,Mobile,iOS,Chrome,Active
DEV002289,Mobile,Android,Chrome,Active
DEV002290,Mobile,Android,Chrome,Active
DEV002291,Laptop,macOS,Edge,Inactive
DEV002292,Mobile,Windows,Chrome,Active
DEV002293,Mobile,Android,Edge,Active
DEV002294,Mobile,macOS,Chrome,Active
DEV002295,Mobile,iOS,Edge,Active
DEV002296,Mobile,Android,Firefox,Active
DEV002297,Laptop,iOS,Edge,Active
DEV002298,Laptop,Android,Firefox,Active
DEV002299,Mobile,Windows,Safari,Active
DEV002300,Mobile,Windows,Chrome,Active
DEV002301,Mobile,macOS,Edge,Active
DEV002302,Mobile,Android,Chrome,Active
DEV002303,Laptop,Android,Chrome,Active
DEV002304,Mobile,Android,Chrome,Active
DEV002305,Laptop,Android,Chrome,Active
DEV002306,Tablet,Android,Edge,Active
DEV002307,Mobile,Windows,Chrome,Active
DEV002308,Mobile,iOS,Chrome,Active
DEV002309,Tablet,Android,Chrome,Active
DEV002310,Tablet,Android,Chrome,Active
DEV002311,Mobile,Android,Edge,Active
DEV002312,Tablet,Android,Chrome,Active
DEV002313,Laptop,iOS,Safari,Active
DEV002314,Laptop,macOS,Chrome,Active
DEV002315,Mobile,Android,Safari,Active
DEV002316,Mobile,Android,Chrome,Active
DEV002317,Mobile,iOS,Chrome,Active
DEV002318,Mobile,Android,Edge,Active
DEV002319,Laptop,Android,Safari,Active
DEV002320,Mobile,Windows,Safari,Active
DEV002321,Mobile,Windows,Chrome,Active
DEV002322,Tablet,Windows,Chrome,Active
DEV002323,Laptop,Android,Edge,Active
DEV002324,Mobile,iOS,Safari,Active
DEV002325,Laptop,Windows,Edge,Active
DEV002326,Laptop,iOS,Chrome,Active
DEV002327,Mobile,Android,Chrome,Active
DEV002328,Mobile,Android,Edge,Active
DEV002329,Mobile,Android,Chrome,Active
DEV002330,Tablet,iOS,Chrome,Active
DEV002331,Mobile,Android,Chrome,Active
DEV002332,Laptop,Android,Chrome,Active
DEV002333,Mobile,Windows,Chrome,Active
DEV002334,Mobile,Windows,Chrome,Inactive
DEV002335,Mobile,Windows,Safari,Active
DEV002336,Laptop,Android,Chrome,Active
DEV002337,Mobile,macOS,Safari,Active
DEV002338,Laptop,Windows,Chrome,Active
DEV002339,Mobile,iOS,Chrome,Active
DEV002340,Mobile,iOS,Chrome,Active
DEV002341,Mobile,macOS,Chrome,Active
DEV002342,Mobile,macOS,Chrome,Inactive
DEV002343,Mobile,Windows,Edge,Active
DEV002344,Mobile,iOS,Safari,Active
DEV002345,Laptop,Android,Safari,Active
DEV002346,Mobile,iOS,Chrome,Active
DEV002347,Tablet,Android,Chrome,Active
DEV002348,Mobile,Windows,Chrome,Inactive
DEV002349,Mobile,Android,Chrome,Active
DEV002350,Mobile,iOS,Firefox,Active
DEV002351,Mobile,Windows,Edge,Active
DEV002352,Tablet,Android,Chrome,Inactive
DEV002353,Laptop,iOS,Chrome,Active
DEV002354,Mobile,iOS,Edge,Active
DEV002355,Laptop,Windows,Safari,Active
DEV002356,Mobile,Android,Firefox,Active
DEV002357,Laptop,iOS,Safari,Active
DEV002358,Mobile,Android,Chrome,Active
DEV002359,Mobile,Android,Safari,Active
DEV002360,Mobile,macOS,Chrome,Active
DEV002361,Mobile,iOS,Edge,Active
DEV002362,Mobile,Android,Chrome,Active
DEV002363,Tablet,Android,Chrome,Active
DEV002364,Mobile,Android,Edge,Active
DEV002365,Laptop,Android,Firefox,Active
DEV002366,Laptop,Android,Edge,Active
DEV002367,Mobile,Android,Chrome,Active
DEV002368,Mobile,iOS,Safari,Active
DEV002369,Mobile,Windows,Safari,Active
DEV002370,Mobile,Android,Chrome,Active
DEV002371,Mobile,Android,Safari,Active
DEV002372,Mobile,macOS,Edge,Active
DEV002373,Mobile,iOS,Chrome,Active
DEV002374,Mobile,Android,Chrome,Active
DEV002375,Laptop,Android,Edge,Active
DEV002376,Laptop,Android,Chrome,Active
DEV002377,Mobile,Android,Firefox,Active
DEV002378,Mobile,Windows,Firefox,Inactive
DEV002379,Mobile,Windows,Chrome,Active
DEV002380,Tablet,iOS,Chrome,Active
DEV002381,Laptop,Android,Chrome,Active
DEV002382,Mobile,iOS,Safari,Active
DEV002383,Mobile,Android,Chrome,Active
DEV002384,Laptop,Android,Chrome,Active
DEV002385,Laptop,Android,Chrome,Active
DEV002386,Mobile,iOS,Safari,Active
DEV002387,Laptop,iOS,Chrome,Active
DEV002388,Mobile,Android,Safari,Active
DEV002389,Laptop,iOS,Firefox,Active
DEV002390,Laptop,Android,Firefox,Active
DEV002391,Mobile,Android,Chrome,Active
DEV002392,Mobile,Android,Safari,Active
DEV002393,Mobile,Windows,Chrome,Active
DEV002394,Laptop,Android,Chrome,Active
DEV002395,Tablet,Android,Chrome,Active
DEV002396,Laptop,Android,Chrome,Active
DEV002397,Mobile,iOS,Chrome,Active
DEV002398,Laptop,Android,Firefox,Inactive
DEV002399,Mobile,Android,Edge,Active
DEV002400,Laptop,iOS,Chrome,Active
DEV002401,Mobile,Android,Safari,Active
DEV002402,Tablet,Android,Firefox,Active
DEV002403,Tablet,Windows,Safari,Active
DEV002404,Mobile,Android,Safari,Active
DEV002405,Mobile,iOS,Edge,Active
DEV002406,Mobile,iOS,Edge,Active
DEV002407,Laptop,iOS,Chrome,Active
DEV002408,Mobile,iOS,Chrome,Active
DEV002409,Mobile,Windows,Chrome,Active
DEV002410,Mobile,Android,Firefox,Active
DEV002411,Mobile,macOS,Edge,Active
DEV002412,Tablet,Android,Chrome,Active
DEV002413,Mobile,iOS,Chrome,Active
DEV002414,Tablet,Android,Firefox,Active
DEV002415,Mobile,iOS,Chrome,Active
DEV002416,Mobile,Android,Chrome,Active
DEV002417,Mobile,Android,Edge,Active
DEV002418,Mobile,Windows,Chrome,Active
DEV002419,Mobile,Windows,Firefox,Active
DEV002420,Mobile,Android,Edge,Active
DEV002421,Laptop,iOS,Chrome,Active
DEV002422,Laptop,Android,Safari,Active
DEV002423,Laptop,iOS,Chrome,Active
DEV002424,Tablet,iOS,Chrome,Active
DEV002425,Mobile,Android,Edge,Active
DEV002426,Mobile,Android,Edge,Active
DEV002427,Laptop,Android,Chrome,Active
DEV002428,Mobile,iOS,Edge,Active
DEV002429,Laptop,iOS,Chrome,Inactive
DEV002430,Tablet,Android,Edge,Active
DEV002431,Mobile,iOS,Chrome,Active
DEV002432,Mobile,iOS,Chrome,Active
DEV002433,Mobile,Android,Chrome,Active
DEV002434,Mobile,Android,Safari,Active
DEV002435,Mobile,iOS,Safari,Active
DEV002436,Mobile,iOS,Chrome,Active
DEV002437,Laptop,Windows,Firefox,Inactive
DEV002438,Mobile,Android,Chrome,Active
DEV002439,Mobile,Android,Chrome,Active
DEV002440,Laptop,Android,Chrome,Active
DEV002441,Mobile,macOS,Firefox,Active
DEV002442,Mobile,iOS,Safari,Active
DEV002443,Mobile,iOS,Chrome,Active
DEV002444,Mobile,Windows,Firefox,Active
DEV002445,Laptop,iOS,Firefox,Active
DEV002446,Mobile,Android,Firefox,Active
DEV002447,Mobile,Android,Chrome,Active
DEV002448,Mobile,Android,Chrome,Active
DEV002449,Mobile,Android,Safari,Active
DEV002450,Mobile,Android,Chrome,Inactive
DEV002451,Mobile,Windows,Safari,Active
DEV002452,Mobile,Android,Chrome,Inactive
DEV002453,Tablet,iOS,Chrome,Active
DEV002454,Mobile,Android,Chrome,Active
DEV002455,Laptop,Windows,Edge,Inactive
DEV002456,Mobile,Android,Safari,Active
DEV002457,Mobile,Windows,Chrome,Active
DEV002458,Mobile,Android,Chrome,Active
DEV002459,Mobile,iOS,Chrome,Active
DEV002460,Mobile,iOS,Safari,Active
DEV002461,Laptop,Android,Firefox,Inactive
DEV002462,Mobile,iOS,Chrome,Active
DEV002463,Mobile,iOS,Edge,Inactive
DEV002464,Mobile,iOS,Edge,Active
DEV002465,Mobile,Android,Safari,Active
DEV002466,Mobile,iOS,Chrome,Active
DEV002467,Mobile,Android,Chrome,Active
DEV002468,Mobile,Windows,Safari,Active
DEV002469,Mobile,Android,Chrome,Active
DEV002470,Mobile,Android,Edge,Active
DEV002471,Mobile,iOS,Safari,Active
DEV002472,Tablet,iOS,Chrome,Active
DEV002473,Tablet,iOS,Chrome,Active
DEV002474,Mobile,Android,Edge,Active
DEV002475,Laptop,Windows,Edge,Active
DEV002476,Mobile,Android,Chrome,Active
DEV002477,Laptop,macOS,Chrome,Active
DEV002478,Mobile,Android,Chrome,Active
DEV002479,Mobile,Android,Safari,Active
DEV002480,Mobile,Android,Chrome,Active
DEV002481,Mobile,Android,Chrome,Active
DEV002482,Mobile,Android,Chrome,Active
DEV002483,Mobile,Android,Chrome,Active
DEV002484,Mobile,Android,Safari,Inactive
DEV002485,Mobile,Android,Chrome,Active
DEV002486,Mobile,Windows,Chrome,Active
DEV002487,Mobile,Android,Chrome,Active
DEV002488,Mobile,Android,Firefox,Active
DEV002489,Mobile,Android,Safari,Active
DEV002490,Mobile,Android,Safari,Active
DEV002491,Mobile,iOS,Edge,Active
DEV002492,Mobile,Android,Chrome,Active
DEV002493,Laptop,Android,Edge,Active
DEV002494,Mobile,Android,Chrome,Active
DEV002495,Tablet,Windows,Chrome,Active
DEV002496,Mobile,Android,Edge,Inactive
DEV002497,Laptop,Android,Edge,Active
DEV002498,Mobile,Android,Chrome,Active
DEV002499,Tablet,Android,Chrome,Active
DEV002500,Mobile,Android,Edge,Active
DEV002501,Mobile,Android,Chrome,Active
DEV002502,Mobile,Android,Chrome,Active
DEV002503,Laptop,Android,Firefox,Active
DEV002504,Mobile,macOS,Chrome,Active
DEV002505,Mobile,Android,Chrome,Active
DEV002506,Mobile,Android,Chrome,Active
DEV002507,Laptop,Android,Edge,Active
DEV002508,Mobile,Windows,Chrome,Active
DEV002509,Laptop,Android,Chrome,Active
DEV002510,Mobile,Android,Chrome,Active
DEV002511,Tablet,Windows,Chrome,Active
DEV002512,Laptop,iOS,Chrome,Inactive
DEV002513,Mobile,Android,Chrome,Active
DEV002514,Laptop,iOS,Chrome,Active
DEV002515,Tablet,iOS,Firefox,Active
DEV002516,Mobile,Android,Chrome,Inactive
DEV002517,Mobile,iOS,Chrome,Active
DEV002518,Tablet,Windows,Edge,Active
DEV002519,Mobile,Windows,Safari,Active
DEV002520,Mobile,iOS,Chrome,Active
DEV002521,Mobile,Android,Safari,Inactive
DEV002522,Mobile,Android,Chrome,Inactive
DEV002523,Tablet,Android,Safari,Active
DEV002524,Laptop,macOS,Edge,Active
DEV002525,Mobile,Android,Chrome,Active
DEV002526,Mobile,iOS,Chrome,Active
DEV002527,Mobile,iOS,Chrome,Active
DEV002528,Laptop,Android,Edge,Active
DEV002529,Mobile,Android,Chrome,Active
DEV002530,Mobile,Android,Safari,Active
DEV002531,Mobile,macOS,Chrome,Inactive
DEV002532,Mobile,iOS,Safari,Active
DEV002533,Mobile,Android,Chrome,Active
DEV002534,Mobile,Android,Edge,Inactive
DEV002535,Tablet,macOS,Edge,Active
DEV002536,Mobile,Android,Chrome,Active
DEV002537,Mobile,macOS,Firefox,Active
DEV002538,Mobile,macOS,Chrome,Active
DEV002539,Mobile,Android,Chrome,Active
DEV002540,Mobile,Android,Edge,Active
DEV002541,Mobile,Android,Chrome,Active
DEV002542,Mobile,iOS,Edge,Active
DEV002543,Laptop,Android,Chrome,Active
DEV002544,Laptop,macOS,Chrome,Active
DEV002545,Mobile,Windows,Chrome,Active
DEV002546,Laptop,Windows,Safari,Active
DEV002547,Mobile,macOS,Edge,Inactive
DEV002548,Mobile,Android,Edge,Active
DEV002549,Mobile,Windows,Edge,Active
DEV002550,Mobile,macOS,Chrome,Active
DEV002551,Laptop,iOS,Chrome,Active
DEV002552,Tablet,Android,Chrome,Active
DEV002553,Mobile,Android,Chrome,Active
DEV002554,Mobile,Windows,Firefox,Active
DEV002555,Tablet,Android,Chrome,Active
DEV002556,Mobile,Android,Safari,Active
DEV002557,Mobile,Android,Chrome,Active
DEV002558,Mobile,Android,Chrome,Inactive
DEV002559,Mobile,iOS,Safari,Inactive
DEV002560,Mobile,Android,Chrome,Active
DEV002561,Laptop,Android,Safari,Active
DEV002562,Mobile,Android,Edge,Active
DEV002563,Mobile,Android,Chrome,Active
DEV002564,Mobile,Android,Safari,Active
DEV002565,Mobile,iOS,Chrome,Active
DEV002566,Mobile,Android,Firefox,Active
DEV002567,Mobile,Android,Safari,Active
DEV002568,Mobile,Android,Chrome,Inactive
DEV002569,Mobile,iOS,Chrome,Active
DEV002570,Laptop,Android,Chrome,Active
DEV002571,Mobile,Android,Chrome,Active
DEV002572,Mobile,Android,Chrome,Active
DEV002573,Laptop,macOS,Firefox,Active
DEV002574,Mobile,iOS,Chrome,Active
DEV002575,Mobile,iOS,Chrome,Active
DEV002576,Mobile,Android,Chrome,Active
DEV002577,Mobile,Android,Chrome,Active
DEV002578,Mobile,iOS,Chrome,Active
DEV002579,Mobile,Android,Chrome,Active
DEV002580,Mobile,macOS,Firefox,Active
DEV002581,Mobile,Android,Chrome,Active
DEV002582,Mobile,Android,Firefox,Active
DEV002583,Mobile,iOS,Safari,Active
DEV002584,Mobile,macOS,Chrome,Active
DEV002585,Mobile,macOS,Chrome,Active
DEV002586,Laptop,iOS,Chrome,Active
DEV002587,Mobile,Windows,Edge,Active
DEV002588,Mobile,macOS,Edge,Active
DEV002589,Mobile,iOS,Safari,Active
DEV002590,Mobile,iOS,Edge,Active
DEV002591,Mobile,Android,Safari,Active
DEV002592,Mobile,Android,Chrome,Active
DEV002593,Mobile,iOS,Firefox,Active
DEV002594,Tablet,Android,Edge,Active
DEV002595,Mobile,macOS,Chrome,Active
DEV002596,Mobile,Android,Firefox,Active
DEV002597,Mobile,iOS,Safari,Active
DEV002598,Laptop,Android,Chrome,Active
DEV002599,Mobile,Android,Chrome,Active
DEV002600,Mobile,Android,Firefox,Active
DEV002601,Laptop,Android,Chrome,Active
DEV002602,Mobile,Android,Chrome,Active
DEV002603,Mobile,Android,Chrome,Active
DEV002604,Mobile,iOS,Edge,Active
DEV002605,Laptop,Windows,Chrome,Inactive
DEV002606,Mobile,iOS,Edge,Active
DEV002607,Mobile,macOS,Firefox,Active
DEV002608,Mobile,Android,Firefox,Active
DEV002609,Laptop,iOS,Edge,Inactive
DEV002610,Mobile,Android,Chrome,Active
DEV002611,Mobile,Android,Safari,Active
DEV002612,Mobile,Android,Safari,Active
DEV002613,Mobile,Android,Edge,Active
DEV002614,Mobile,macOS,Chrome,Active
DEV002615,Mobile,Android,Chrome,Active
DEV002616,Mobile,Windows,Safari,Active
DEV002617,Mobile,macOS,Firefox,Active
DEV002618,Mobile,iOS,Chrome,Active
DEV002619,Mobile,Android,Firefox,Active
DEV002620,Mobile,Windows,Chrome,Active
DEV002621,Mobile,Android,Edge,Active
DEV002622,Mobile,macOS,Safari,Active
DEV002623,Mobile,Android,Safari,Inactive
DEV002624,Mobile,Android,Edge,Active
DEV002625,Laptop,Windows,Chrome,Active
DEV002626,Laptop,iOS,Chrome,Active
DEV002627,Laptop,Windows,Firefox,Active
DEV002628,Mobile,Android,Firefox,Active
DEV002629,Laptop,macOS,Safari,Active
DEV002630,Mobile,iOS,Edge,Active
DEV002631,Laptop,Windows,Chrome,Active
DEV002632,Mobile,iOS,Edge,Inactive
DEV002633,Mobile,Android,Edge,Active
DEV002634,Mobile,Android,Firefox,Active
DEV002635,Mobile,macOS,Safari,Active
DEV002636,Laptop,Android,Firefox,Active
DEV002637,Mobile,Android,Edge,Active
DEV002638,Mobile,iOS,Chrome,Active
DEV002639,Mobile,iOS,Chrome,Active
DEV002640,Mobile,iOS,Chrome,Active
DEV002641,Mobile,iOS,Edge,Active
DEV002642,Mobile,Android,Edge,Active
DEV002643,Mobile,Android,Edge,Inactive
DEV002644,Mobile,iOS,Chrome,Active
DEV002645,Mobile,Android,Chrome,Active
DEV002646,Mobile,Android,Edge,Active
DEV002647,Mobile,macOS,Chrome,Active
DEV002648,Mobile,Windows,Safari,Active
DEV002649,Mobile,Android,Edge,Active
DEV002650,Tablet,Android,Chrome,Inactive
DEV002651,Mobile,Android,Safari,Active
DEV002652,Mobile,Android,Edge,Active
DEV002653,Mobile,Android,Chrome,Active
DEV002654,Laptop,Android,Chrome,Inactive
DEV002655,Mobile,iOS,Chrome,Active
DEV002656,Mobile,macOS,Firefox,Active
DEV002657,Mobile,Windows,Safari,Active
DEV002658,Mobile,Android,Safari,Active
DEV002659,Laptop,Android,Safari,Active
DEV002660,Laptop,Android,Safari,Active
DEV002661,Mobile,Android,Safari,Inactive
DEV002662,Mobile,iOS,Chrome,Active
DEV002663,Mobile,iOS,Chrome,Active
DEV002664,Laptop,iOS,Safari,Active
DEV002665,Tablet,iOS,Edge,Active
DEV002666,Mobile,Windows,Safari,Active
DEV002667,Mobile,macOS,Safari,Active
DEV002668,Laptop,Windows,Safari,Active
DEV002669,Mobile,Android,Safari,Active
DEV002670,Mobile,iOS,Firefox,Active
DEV002671,Laptop,Android,Safari,Active
DEV002672,Mobile,Android,Chrome,Active
DEV002673,Mobile,iOS,Edge,Active
DEV002674,Laptop,Android,Edge,Active
DEV002675,Mobile,iOS,Safari,Inactive
DEV002676,Mobile,iOS,Edge,Active
DEV002677,Laptop,Android,Firefox,Active
DEV002678,Mobile,Android,Chrome,Active
DEV002679,Mobile,iOS,Edge,Active
DEV002680,Mobile,Android,Chrome,Active
DEV002681,Laptop,Android,Edge,Active
DEV002682,Laptop,Windows,Chrome,Active
DEV002683,Tablet,Android,Chrome,Active
DEV002684,Mobile,Android,Chrome,Inactive
DEV002685,Tablet,iOS,Chrome,Active
DEV002686,Laptop,iOS,Edge,Active
DEV002687,Tablet,iOS,Safari,Active
DEV002688,Mobile,iOS,Edge,Active
DEV002689,Laptop,Windows,Chrome,Active
DEV002690,Mobile,iOS,Chrome,Active
DEV002691,Mobile,macOS,Chrome,Active
DEV002692,Mobile,Windows,Safari,Inactive
DEV002693,Mobile,iOS,Safari,Inactive
DEV002694,Laptop,Android,Firefox,Active
DEV002695,Mobile,iOS,Safari,Active
DEV002696,Mobile,iOS,Chrome,Active
DEV002697,Mobile,iOS,Chrome,Active
DEV002698,Mobile,Windows,Edge,Active
DEV002699,Mobile,Android,Chrome,Active
DEV002700,Mobile,Android,Chrome,Active
DEV002701,Tablet,Android,Edge,Active
DEV002702,Laptop,Windows,Chrome,Active
DEV002703,Mobile,Android,Chrome,Active
DEV002704,Mobile,Android,Firefox,Inactive
DEV002705,Mobile,macOS,Chrome,Active
DEV002706,Mobile,iOS,Safari,Active
DEV002707,Mobile,Android,Safari,Active
DEV002708,Mobile,Android,Chrome,Inactive
DEV002709,Mobile,iOS,Safari,Active
DEV002710,Mobile,Android,Firefox,Active
DEV002711,Tablet,Android,Edge,Active
DEV002712,Laptop,macOS,Edge,Active
DEV002713,Mobile,Android,Chrome,Active
DEV002714,Mobile,Windows,Firefox,Active
DEV002715,Laptop,iOS,Edge,Active
DEV002716,Laptop,macOS,Chrome,Inactive
DEV002717,Mobile,macOS,Chrome,Active
DEV002718,Laptop,Android,Chrome,Active
DEV002719,Mobile,Android,Chrome,Active
DEV002720,Mobile,Android,Chrome,Active
DEV002721,Mobile,iOS,Chrome,Active
DEV002722,Mobile,Windows,Safari,Active
DEV002723,Mobile,iOS,Chrome,Active
DEV002724,Mobile,Android,Firefox,Inactive
DEV002725,Laptop,iOS,Chrome,Active
DEV002726,Mobile,Android,Chrome,Active
DEV002727,Mobile,iOS,Firefox,Active
DEV002728,Mobile,macOS,Edge,Active
DEV002729,Laptop,Android,Chrome,Active
DEV002730,Mobile,Android,Edge,Active
DEV002731,Mobile,Windows,Safari,Active
DEV002732,Mobile,Android,Chrome,Active
DEV002733,Mobile,Android,Edge,Active
DEV002734,Mobile,Android,Safari,Active
DEV002735,Mobile,Windows,Edge,Active
DEV002736,Mobile,Android,Firefox,Active
DEV002737,Mobile,Android,Chrome,Active
DEV002738,Mobile,Android,Chrome,Inactive
DEV002739,Mobile,macOS,Safari,Active
DEV002740,Mobile,Windows,Edge,Active
DEV002741,Mobile,Android,Safari,Active
DEV002742,Mobile,Android,Chrome,Active
DEV002743,Mobile,Android,Chrome,Active
DEV002744,Mobile,Android,Safari,Active
DEV002745,Tablet,iOS,Edge,Active
DEV002746,Mobile,Windows,Firefox,Active
DEV002747,Mobile,macOS,Safari,Active
DEV002748,Mobile,Android,Edge,Active
DEV002749,Mobile,Android,Safari,Active
DEV002750,Mobile,Android,Safari,Active
DEV002751,Tablet,Android,Chrome,Active
DEV002752,Laptop,Windows,Chrome,Active
DEV002753,Mobile,Android,Safari,Active
DEV002754,Mobile,Android,Safari,Active
DEV002755,Tablet,Android,Chrome,Active
DEV002756,Tablet,iOS,Chrome,Inactive
DEV002757,Laptop,Android,Chrome,Active
DEV002758,Laptop,iOS,Chrome,Active
DEV002759,Mobile,Windows,Chrome,Inactive
DEV002760,Mobile,Windows,Chrome,Active
DEV002761,Mobile,Android,Safari,Active
DEV002762,Laptop,Android,Edge,Active
DEV002763,Mobile,Windows,Edge,Active
DEV002764,Mobile,macOS,Chrome,Active
DEV002765,Mobile,Android,Chrome,Active
DEV002766,Mobile,Android,Firefox,Active
DEV002767,Laptop,Windows,Chrome,Active
DEV002768,Mobile,Android,Safari,Active
DEV002769,Mobile,iOS,Chrome,Active
DEV002770,Mobile,macOS,Chrome,Active
DEV002771,Mobile,Android,Chrome,Active
DEV002772,Mobile,Android,Safari,Active
DEV002773,Laptop,iOS,Chrome,Active
DEV002774,Mobile,Android,Safari,Active
DEV002775,Laptop,Android,Chrome,Active
DEV002776,Mobile,macOS,Chrome,Inactive
DEV002777,Mobile,Android,Chrome,Active
DEV002778,Mobile,Android,Firefox,Active
DEV002779,Mobile,Android,Edge,Active
DEV002780,Mobile,iOS,Chrome,Active
DEV002781,Laptop,iOS,Safari,Active
DEV002782,Mobile,iOS,Safari,Active
DEV002783,Mobile,Android,Firefox,Active
DEV002784,Mobile,macOS,Chrome,Active
DEV002785,Laptop,Android,Edge,Active
DEV002786,Laptop,Windows,Safari,Active
DEV002787,Tablet,iOS,Chrome,Active
DEV002788,Tablet,iOS,Chrome,Active
DEV002789,Laptop,macOS,Edge,Active
DEV002790,Mobile,Android,Firefox,Active
DEV002791,Mobile,macOS,Chrome,Inactive
DEV002792,Tablet,Android,Chrome,Active
DEV002793,Mobile,Android,Chrome,Active
DEV002794,Mobile,Windows,Firefox,Active
DEV002795,Mobile,iOS,Edge,Active
DEV002796,Laptop,iOS,Chrome,Inactive
DEV002797,Laptop,macOS,Chrome,Active
DEV002798,Mobile,iOS,Chrome,Active
DEV002799,Tablet,Android,Chrome,Active
DEV002800,Mobile,macOS,Safari,Active
DEV002801,Mobile,iOS,Chrome,Active
DEV002802,Mobile,macOS,Chrome,Active
DEV002803,Mobile,Android,Chrome,Active
DEV002804,Mobile,Windows,Chrome,Active
DEV002805,Mobile,Windows,Safari,Active
DEV002806,Laptop,Android,Chrome,Active
DEV002807,Mobile,iOS,Chrome,Active
DEV002808,Mobile,Android,Chrome,Active
DEV002809,Mobile,Windows,Chrome,Active
DEV002810,Mobile,iOS,Chrome,Active
DEV002811,Mobile,iOS,Chrome,Active
DEV002812,Laptop,Android,Chrome,Active
DEV002813,Laptop,Android,Edge,Active
DEV002814,Mobile,Android,Firefox,Inactive
DEV002815,Mobile,iOS,Safari,Active
DEV002816,Tablet,macOS,Safari,Active
DEV002817,Mobile,iOS,Chrome,Active
DEV002818,Mobile,Android,Chrome,Active
DEV002819,Mobile,Android,Safari,Active
DEV002820,Mobile,macOS,Edge,Active
DEV002821,Laptop,Android,Firefox,Active
DEV002822,Laptop,Windows,Chrome,Inactive
DEV002823,Mobile,Android,Edge,Active
DEV002824,Mobile,Android,Chrome,Active
DEV002825,Mobile,iOS,Edge,Active
DEV002826,Mobile,Android,Chrome,Active
DEV002827,Mobile,Android,Chrome,Active
DEV002828,Mobile,Windows,Chrome,Active
DEV002829,Tablet,Android,Safari,Active
DEV002830,Mobile,macOS,Firefox,Active
DEV002831,Laptop,Android,Firefox,Active
DEV002832,Laptop,iOS,Edge,Active
DEV002833,Mobile,Android,Edge,Inactive
DEV002834,Mobile,iOS,Edge,Active
DEV002835,Tablet,iOS,Safari,Active
DEV002836,Mobile,Android,Safari,Active
DEV002837,Mobile,Android,Chrome,Active
DEV002838,Mobile,Android,Edge,Active
DEV002839,Mobile,iOS,Edge,Active
DEV002840,Laptop,macOS,Chrome,Active
DEV002841,Mobile,Android,Chrome,Active
DEV002842,Laptop,macOS,Chrome,Active
DEV002843,Laptop,Windows,Safari,Active
DEV002844,Laptop,Android,Safari,Active
DEV002845,Mobile,Android,Chrome,Active
DEV002846,Mobile,macOS,Chrome,Active
DEV002847,Laptop,Windows,Chrome,Active
DEV002848,Mobile,Windows,Chrome,Active
DEV002849,Mobile,iOS,Chrome,Active
DEV002850,Laptop,Android,Firefox,Active
DEV002851,Mobile,Android,Chrome,Inactive
DEV002852,Laptop,Android,Edge,Active
DEV002853,Mobile,Android,Chrome,Active
DEV002854,Mobile,Android,Safari,Active
DEV002855,Mobile,Windows,Chrome,Inactive
DEV002856,Laptop,Android,Safari,Inactive
DEV002857,Mobile,iOS,Chrome,Inactive
DEV002858,Mobile,iOS,Chrome,Inactive
DEV002859,Mobile,Android,Edge,Active
DEV002860,Mobile,iOS,Chrome,Active
DEV002861,Mobile,Android,Safari,Active
DEV002862,Tablet,Windows,Chrome,Active
DEV002863,Laptop,Windows,Chrome,Active
DEV002864,Laptop,Android,Safari,Active
DEV002865,Tablet,Android,Chrome,Active
DEV002866,Laptop,iOS,Edge,Active
DEV002867,Laptop,macOS,Chrome,Active
DEV002868,Tablet,Android,Safari,Active
DEV002869,Mobile,iOS,Safari,Inactive
DEV002870,Mobile,iOS,Safari,Active
DEV002871,Laptop,iOS,Chrome,Active
DEV002872,Mobile,iOS,Chrome,Inactive
DEV002873,Mobile,Android,Safari,Active
DEV002874,Mobile,iOS,Chrome,Inactive
DEV002875,Mobile,Android,Chrome,Active
DEV002876,Mobile,macOS,Edge,Active
DEV002877,Mobile,Android,Safari,Active
DEV002878,Mobile,Android,Firefox,Active
DEV002879,Tablet,Android,Chrome,Inactive
DEV002880,Mobile,iOS,Edge,Active
DEV002881,Laptop,Android,Safari,Active
DEV002882,Mobile,Android,Chrome,Active
DEV002883,Mobile,Android,Chrome,Active
DEV002884,Mobile,macOS,Chrome,Active
DEV002885,Mobile,Android,Chrome,Active
DEV002886,Mobile,Android,Edge,Active
DEV002887,Laptop,Android,Chrome,Active
DEV002888,Mobile,iOS,Chrome,Active
DEV002889,Mobile,Android,Edge,Active
DEV002890,Laptop,Android,Chrome,Active
DEV002891,Mobile,macOS,Chrome,Active
DEV002892,Mobile,macOS,Firefox,Active
DEV002893,Mobile,Android,Chrome,Active
DEV002894,Laptop,macOS,Chrome,Active
DEV002895,Mobile,Windows,Safari,Active
DEV002896,Mobile,Android,Firefox,Active
DEV002897,Laptop,Windows,Firefox,Active
DEV002898,Laptop,Android,Chrome,Active
DEV002899,Tablet,Windows,Edge,Active
DEV002900,Mobile,iOS,Edge,Active
DEV002901,Mobile,Android,Chrome,Active
DEV002902,Tablet,Android,Chrome,Active
DEV002903,Mobile,Android,Edge,Active
DEV002904,Mobile,macOS,Chrome,Active
DEV002905,Tablet,Android,Chrome,Inactive
DEV002906,Laptop,iOS,Safari,Active
DEV002907,Mobile,Windows,Chrome,Active
DEV002908,Tablet,Android,Chrome,Active
DEV002909,Mobile,macOS,Chrome,Active
DEV002910,Mobile,macOS,Safari,Active
DEV002911,Mobile,Android,Chrome,Active
DEV002912,Mobile,iOS,Safari,Active
DEV002913,Mobile,Android,Safari,Active
DEV002914,Mobile,Android,Chrome,Active
DEV002915,Mobile,Android,Chrome,Active
DEV002916,Mobile,Android,Chrome,Active
DEV002917,Mobile,Windows,Chrome,Active
DEV002918,Mobile,iOS,Chrome,Inactive
DEV002919,Laptop,Android,Chrome,Active
DEV002920,Mobile,Android,Firefox,Inactive
DEV002921,Mobile,iOS,Chrome,Active
DEV002922,Laptop,iOS,Chrome,Active
DEV002923,Mobile,Windows,Chrome,Active
DEV002924,Mobile,Android,Chrome,Active
DEV002925,Mobile,macOS,Safari,Active
DEV002926,Laptop,Android,Chrome,Active
DEV002927,Mobile,Android,Safari,Active
DEV002928,Mobile,Android,Chrome,Active
DEV002929,Mobile,Android,Chrome,Active
DEV002930,Mobile,Android,Chrome,Active
DEV002931,Mobile,Android,Safari,Active
DEV002932,Tablet,Windows,Edge,Active
DEV002933,Tablet,Windows,Chrome,Active
DEV002934,Mobile,Android,Safari,Active
DEV002935,Laptop,Windows,Chrome,Active
DEV002936,Mobile,Android,Firefox,Active
DEV002937,Tablet,Android,Chrome,Active
DEV002938,Mobile,Android,Firefox,Active
DEV002939,Mobile,Android,Edge,Active
DEV002940,Mobile,Windows,Chrome,Active
DEV002941,Laptop,iOS,Chrome,Active
DEV002942,Laptop,iOS,Firefox,Active
DEV002943,Tablet,iOS,Firefox,Active
DEV002944,Mobile,macOS,Safari,Active
DEV002945,Mobile,Android,Firefox,Active
DEV002946,Mobile,Android,Chrome,Active
DEV002947,Mobile,macOS,Safari,Active
DEV002948,Mobile,Android,Chrome,Active
DEV002949,Laptop,iOS,Edge,Active
DEV002950,Laptop,iOS,Chrome,Active
DEV002951,Mobile,Android,Firefox,Active
DEV002952,Mobile,Android,Chrome,Active
DEV002953,Mobile,Android,Chrome,Active
DEV002954,Mobile,Windows,Chrome,Active
DEV002955,Mobile,Android,Firefox,Active
DEV002956,Mobile,Android,Edge,Active
DEV002957,Mobile,Windows,Chrome,Inactive
DEV002958,Mobile,Android,Safari,Inactive
DEV002959,Tablet,Android,Edge,Active
DEV002960,Mobile,iOS,Edge,Inactive
DEV002961,Laptop,iOS,Chrome,Active
DEV002962,Laptop,iOS,Safari,Active
DEV002963,Laptop,Android,Chrome,Active
DEV002964,Mobile,Android,Chrome,Active
DEV002965,Tablet,macOS,Chrome,Active
DEV002966,Mobile,Android,Edge,Active
DEV002967,Mobile,Windows,Chrome,Active
DEV002968,Mobile,iOS,Edge,Inactive
DEV002969,Mobile,Android,Chrome,Active
DEV002970,Tablet,Android,Chrome,Active
DEV002971,Mobile,iOS,Firefox,Active
DEV002972,Mobile,Android,Chrome,Active
DEV002973,Mobile,iOS,Edge,Active
DEV002974,Mobile,Android,Chrome,Active
DEV002975,Laptop,iOS,Edge,Active
DEV002976,Mobile,Android,Chrome,Active
DEV002977,Mobile,Android,Chrome,Active
DEV002978,Mobile,Android,Edge,Inactive
DEV002979,Mobile,Android,Chrome,Active
DEV002980,Laptop,iOS,Safari,Active
DEV002981,Mobile,Android,Chrome,Active
DEV002982,Laptop,macOS,Safari,Active
DEV002983,Mobile,Android,Chrome,Active
DEV002984,Mobile,Android,Chrome,Active
DEV002985,Mobile,Windows,Chrome,Active
DEV002986,Mobile,Android,Chrome,Active
DEV002987,Laptop,iOS,Chrome,Active
DEV002988,Mobile,Android,Chrome,Active
DEV002989,Mobile,Android,Chrome,Active
DEV002990,Laptop,macOS,Chrome,Active
DEV002991,Mobile,macOS,Chrome,Active
DEV002992,Laptop,Android,Edge,Active
DEV002993,Mobile,macOS,Edge,Active
DEV002994,Mobile,Android,Chrome,Active
DEV002995,Mobile,Android,Chrome,Inactive
DEV002996,Mobile,macOS,Edge,Active
DEV002997,Laptop,Android,Edge,Active
DEV002998,Laptop,iOS,Chrome,Active
DEV002999,Tablet,Windows,Edge,Active
DEV003000,Mobile,Android,Chrome,Inactive
DEV003001,Mobile,Android,Chrome,Active
DEV003002,Mobile,Windows,Safari,Active
DEV003003,Tablet,iOS,Edge,Active
DEV003004,Mobile,Android,Chrome,Active
DEV003005,Mobile,Android,Chrome,Active
DEV003006,Mobile,iOS,Safari,Active
DEV003007,Mobile,Android,Chrome,Active
DEV003008,Laptop,macOS,Safari,Active
DEV003009,Mobile,iOS,Safari,Active
DEV003010,Mobile,Android,Chrome,Active
DEV003011,Laptop,iOS,Safari,Active
DEV003012,Mobile,macOS,Safari,Active
DEV003013,Mobile,iOS,Chrome,Active
DEV003014,Tablet,Android,Chrome,Active
DEV003015,Mobile,Android,Chrome,Active
DEV003016,Laptop,Android,Safari,Active
DEV003017,Mobile,Android,Chrome,Active
DEV003018,Laptop,Android,Safari,Active
DEV003019,Laptop,Android,Chrome,Active
DEV003020,Tablet,iOS,Firefox,Inactive
DEV003021,Laptop,Android,Edge,Active
DEV003022,Mobile,macOS,Edge,Active
DEV003023,Mobile,iOS,Chrome,Active
DEV003024,Laptop,Android,Safari,Active
DEV003025,Mobile,Android,Chrome,Active
DEV003026,Mobile,Android,Edge,Active
DEV003027,Mobile,iOS,Edge,Active
DEV003028,Mobile,Android,Chrome,Active
DEV003029,Tablet,Android,Safari,Inactive
DEV003030,Mobile,Android,Chrome,Active
DEV003031,Laptop,iOS,Chrome,Active
DEV003032,Mobile,iOS,Chrome,Active
DEV003033,Mobile,Windows,Firefox,Active
DEV003034,Tablet,iOS,Chrome,Inactive
DEV003035,Mobile,Windows,Chrome,Active
DEV003036,Mobile,Android,Chrome,Active
DEV003037,Mobile,iOS,Chrome,Active
DEV003038,Mobile,Android,Chrome,Active
DEV003039,Mobile,Android,Firefox,Active
DEV003040,Mobile,Android,Safari,Active
DEV003041,Mobile,Android,Firefox,Active
DEV003042,Mobile,iOS,Chrome,Active
DEV003043,Mobile,Windows,Chrome,Inactive
DEV003044,Mobile,Android,Firefox,Active
DEV003045,Mobile,iOS,Edge,Active
DEV003046,Mobile,Android,Edge,Active
DEV003047,Laptop,Android,Chrome,Active
DEV003048,Mobile,Android,Edge,Active
DEV003049,Mobile,Android,Edge,Active
DEV003050,Mobile,iOS,Chrome,Active
DEV003051,Mobile,Android,Chrome,Active
DEV003052,Mobile,Android,Firefox,Active
DEV003053,Laptop,Android,Safari,Active
DEV003054,Tablet,iOS,Safari,Active
DEV003055,Mobile,Android,Firefox,Active
DEV003056,Mobile,Android,Chrome,Active
DEV003057,Mobile,Android,Safari,Active
DEV003058,Mobile,Windows,Chrome,Active
DEV003059,Mobile,Android,Chrome,Active
DEV003060,Mobile,Android,Safari,Active
DEV003061,Tablet,iOS,Chrome,Active
DEV003062,Mobile,iOS,Safari,Active
DEV003063,Laptop,Android,Firefox,Active
DEV003064,Mobile,Windows,Chrome,Active
DEV003065,Mobile,Android,Safari,Active
DEV003066,Mobile,Windows,Safari,Active
DEV003067,Mobile,iOS,Chrome,Active
DEV003068,Mobile,Android,Chrome,Active
DEV003069,Laptop,Android,Chrome,Active
DEV003070,Mobile,Android,Chrome,Active
DEV003071,Tablet,Android,Safari,Active
DEV003072,Mobile,Android,Safari,Inactive
DEV003073,Mobile,iOS,Chrome,Active
DEV003074,Mobile,Android,Firefox,Active
DEV003075,Mobile,Windows,Edge,Active
DEV003076,Laptop,Windows,Safari,Active
DEV003077,Mobile,Android,Chrome,Active
DEV003078,Mobile,Windows,Safari,Active
DEV003079,Mobile,iOS,Safari,Active
DEV003080,Laptop,iOS,Chrome,Active
DEV003081,Mobile,macOS,Firefox,Active
DEV003082,Mobile,macOS,Chrome,Active
DEV003083,Tablet,Android,Chrome,Active
DEV003084,Mobile,Android,Edge,Inactive
DEV003085,Mobile,iOS,Chrome,Active
DEV003086,Tablet,Android,Safari,Active
DEV003087,Mobile,iOS,Chrome,Active
DEV003088,Mobile,iOS,Chrome,Active
DEV003089,Mobile,iOS,Safari,Active
DEV003090,Mobile,Android,Chrome,Active
DEV003091,Laptop,Android,Chrome,Active
DEV003092,Mobile,iOS,Firefox,Inactive
DEV003093,Mobile,iOS,Chrome,Active
DEV003094,Mobile,macOS,Safari,Inactive
DEV003095,Tablet,Android,Chrome,Active
DEV003096,Mobile,Android,Firefox,Active
DEV003097,Mobile,iOS,Chrome,Active
DEV003098,Mobile,iOS,Chrome,Active
DEV003099,Mobile,Android,Safari,Active
DEV003100,Mobile,Android,Safari,Active
DEV003101,Mobile,iOS,Edge,Active
DEV003102,Mobile,iOS,Firefox,Active
DEV003103,Mobile,Windows,Chrome,Active
DEV003104,Laptop,Android,Chrome,Inactive
DEV003105,Mobile,Windows,Chrome,Active
DEV003106,Laptop,Android,Chrome,Inactive
DEV003107,Mobile,Android,Chrome,Active
DEV003108,Laptop,Android,Edge,Active
DEV003109,Mobile,macOS,Chrome,Active
DEV003110,Laptop,Windows,Edge,Active
DEV003111,Tablet,Android,Chrome,Active
DEV003112,Mobile,Android,Chrome,Active
DEV003113,Mobile,iOS,Chrome,Active
DEV003114,Mobile,Android,Chrome,Active
DEV003115,Tablet,iOS,Chrome,Inactive
DEV003116,Laptop,Windows,Chrome,Active
DEV003117,Mobile,Android,Chrome,Active
DEV003118,Mobile,macOS,Chrome,Active
DEV003119,Mobile,iOS,Firefox,Active
DEV003120,Mobile,Android,Chrome,Active
DEV003121,Mobile,iOS,Chrome,Inactive
DEV003122,Mobile,Android,Chrome,Active
DEV003123,Mobile,macOS,Chrome,Active
DEV003124,Mobile,Android,Firefox,Active
DEV003125,Laptop,macOS,Chrome,Active
DEV003126,Laptop,Windows,Safari,Active
DEV003127,Mobile,macOS,Safari,Active
DEV003128,Mobile,Windows,Chrome,Active
DEV003129,Laptop,macOS,Safari,Active
DEV003130,Mobile,iOS,Chrome,Inactive
DEV003131,Laptop,macOS,Chrome,Active
DEV003132,Mobile,iOS,Firefox,Active
DEV003133,Laptop,iOS,Edge,Active
DEV003134,Mobile,Android,Edge,Inactive
DEV003135,Mobile,iOS,Edge,Active
DEV003136,Tablet,Android,Safari,Active
DEV003137,Mobile,macOS,Chrome,Active
DEV003138,Mobile,macOS,Chrome,Active
DEV003139,Mobile,Android,Chrome,Active
DEV003140,Tablet,iOS,Chrome,Active
DEV003141,Tablet,Android,Edge,Active
DEV003142,Laptop,Android,Chrome,Active
DEV003143,Tablet,Android,Safari,Active
DEV003144,Mobile,Android,Edge,Inactive
DEV003145,Tablet,Android,Chrome,Active
DEV003146,Mobile,macOS,Chrome,Active
DEV003147,Mobile,Windows,Firefox,Active
DEV003148,Mobile,Android,Chrome,Active
DEV003149,Mobile,Android,Chrome,Active
DEV003150,Tablet,macOS,Chrome,Active
DEV003151,Laptop,Android,Chrome,Active
DEV003152,Tablet,Windows,Safari,Active
DEV003153,Mobile,Android,Chrome,Inactive
DEV003154,Laptop,Android,Edge,Active
DEV003155,Mobile,iOS,Chrome,Active
DEV003156,Mobile,macOS,Chrome,Active
DEV003157,Laptop,Windows,Chrome,Active
DEV003158,Mobile,Android,Chrome,Active
DEV003159,Mobile,Android,Chrome,Active
DEV003160,Laptop,Windows,Firefox,Active
DEV003161,Mobile,Android,Safari,Active
DEV003162,Laptop,iOS,Chrome,Active
DEV003163,Laptop,iOS,Chrome,Inactive
DEV003164,Tablet,macOS,Edge,Active
DEV003165,Mobile,Android,Safari,Active
DEV003166,Mobile,Windows,Safari,Active
DEV003167,Mobile,Android,Firefox,Active
DEV003168,Mobile,macOS,Chrome,Active
DEV003169,Mobile,Android,Chrome,Active
DEV003170,Laptop,Android,Chrome,Active
DEV003171,Mobile,Android,Edge,Active
DEV003172,Mobile,iOS,Chrome,Inactive
DEV003173,Laptop,iOS,Safari,Active
DEV003174,Mobile,Android,Chrome,Active
DEV003175,Tablet,Android,Chrome,Active
DEV003176,Mobile,macOS,Firefox,Active
DEV003177,Mobile,iOS,Chrome,Active
DEV003178,Mobile,iOS,Chrome,Active
DEV003179,Mobile,Windows,Chrome,Active
DEV003180,Mobile,iOS,Safari,Active
DEV003181,Mobile,Android,Chrome,Active
DEV003182,Tablet,macOS,Safari,Active
DEV003183,Mobile,Android,Chrome,Active
DEV003184,Mobile,iOS,Chrome,Active
DEV003185,Mobile,Android,Chrome,Active
DEV003186,Mobile,Windows,Firefox,Active
DEV003187,Mobile,Android,Chrome,Active
DEV003188,Mobile,Android,Chrome,Active
DEV003189,Mobile,Android,Chrome,Active
DEV003190,Laptop,Android,Safari,Inactive
DEV003191,Laptop,macOS,Chrome,Active
DEV003192,Tablet,Android,Edge,Active
DEV003193,Tablet,iOS,Safari,Active
DEV003194,Laptop,iOS,Chrome,Active
DEV003195,Tablet,Android,Firefox,Active
DEV003196,Mobile,iOS,Chrome,Active
DEV003197,Mobile,Android,Safari,Active
DEV003198,Mobile,iOS,Edge,Active
DEV003199,Tablet,Android,Safari,Active
DEV003200,Mobile,Android,Chrome,Active
DEV003201,Mobile,iOS,Chrome,Active
DEV003202,Laptop,iOS,Chrome,Active
DEV003203,Mobile,Android,Chrome,Active
DEV003204,Tablet,iOS,Edge,Active
DEV003205,Mobile,Android,Chrome,Active
DEV003206,Mobile,Android,Chrome,Active
DEV003207,Mobile,Android,Chrome,Active
DEV003208,Laptop,macOS,Edge,Active
DEV003209,Mobile,Android,Chrome,Active
DEV003210,Mobile,Android,Chrome,Active
DEV003211,Mobile,Windows,Chrome,Active
DEV003212,Mobile,Android,Edge,Active
DEV003213,Tablet,Android,Chrome,Active
DEV003214,Mobile,iOS,Safari,Active
DEV003215,Mobile,Android,Chrome,Active
DEV003216,Mobile,Android,Safari,Active
DEV003217,Mobile,Android,Chrome,Active
DEV003218,Laptop,Android,Chrome,Active
DEV003219,Laptop,Android,Chrome,Active
DEV003220,Laptop,iOS,Safari,Active
DEV003221,Mobile,Android,Firefox,Active
DEV003222,Mobile,Android,Firefox,Active
DEV003223,Laptop,Android,Chrome,Active
DEV003224,Mobile,iOS,Chrome,Active
DEV003225,Mobile,Android,Chrome,Active
DEV003226,Mobile,Android,Edge,Active
DEV003227,Tablet,Windows,Firefox,Active
DEV003228,Mobile,macOS,Safari,Active
DEV003229,Tablet,Windows,Chrome,Active
DEV003230,Laptop,Android,Chrome,Active
DEV003231,Laptop,iOS,Chrome,Active
DEV003232,Mobile,Windows,Chrome,Active
DEV003233,Mobile,Android,Chrome,Active
DEV003234,Mobile,iOS,Edge,Active
DEV003235,Mobile,Android,Safari,Active
DEV003236,Mobile,Android,Chrome,Active
DEV003237,Mobile,iOS,Firefox,Active
DEV003238,Mobile,Android,Chrome,Active
DEV003239,Laptop,Android,Firefox,Active
DEV003240,Mobile,iOS,Firefox,Inactive
DEV003241,Mobile,Android,Safari,Active
DEV003242,Mobile,Android,Firefox,Active
DEV003243,Tablet,iOS,Firefox,Active
DEV003244,Mobile,Windows,Chrome,Active
DEV003245,Mobile,Android,Chrome,Active
DEV003246,Mobile,Android,Chrome,Active
DEV003247,Mobile,Android,Firefox,Active
DEV003248,Mobile,Android,Safari,Active
DEV003249,Mobile,Android,Edge,Active
DEV003250,Mobile,iOS,Chrome,Active
DEV003251,Mobile,iOS,Chrome,Active
DEV003252,Mobile,iOS,Safari,Active
DEV003253,Laptop,Android,Chrome,Active
DEV003254,Laptop,Android,Edge,Inactive
DEV003255,Mobile,iOS,Edge,Active
DEV003256,Mobile,iOS,Chrome,Active
DEV003257,Mobile,macOS,Chrome,Active
DEV003258,Mobile,Android,Chrome,Active
DEV003259,Tablet,iOS,Chrome,Active
DEV003260,Mobile,macOS,Chrome,Active
DEV003261,Mobile,Android,Chrome,Active
DEV003262,Laptop,Android,Chrome,Active
DEV003263,Mobile,macOS,Safari,Active
DEV003264,Mobile,Windows,Chrome,Active
DEV003265,Mobile,Android,Edge,Active
DEV003266,Mobile,iOS,Chrome,Active
DEV003267,Mobile,Android,Firefox,Active
DEV003268,Laptop,Android,Chrome,Active
DEV003269,Laptop,Android,Edge,Active
DEV003270,Mobile,Windows,Chrome,Inactive
DEV003271,Mobile,Android,Chrome,Inactive
DEV003272,Tablet,macOS,Firefox,Active
DEV003273,Tablet,iOS,Chrome,Active
DEV003274,Laptop,Windows,Chrome,Active
DEV003275,Mobile,iOS,Chrome,Active
DEV003276,Laptop,macOS,Chrome,Active
DEV003277,Mobile,Android,Safari,Active
DEV003278,Mobile,Android,Chrome,Active
DEV003279,Tablet,Windows,Safari,Active
DEV003280,Tablet,Android,Firefox,Inactive
DEV003281,Mobile,Android,Firefox,Active
DEV003282,Laptop,Windows,Edge,Active
DEV003283,Mobile,iOS,Chrome,Active
DEV003284,Mobile,Android,Safari,Active
DEV003285,Mobile,macOS,Chrome,Active
DEV003286,Tablet,iOS,Edge,Active
DEV003287,Mobile,Android,Edge,Active
DEV003288,Mobile,iOS,Chrome,Active
DEV003289,Tablet,Android,Chrome,Active
DEV003290,Tablet,macOS,Chrome,Active
DEV003291,Mobile,iOS,Chrome,Active
DEV003292,Mobile,iOS,Chrome,Active
DEV003293,Tablet,Android,Firefox,Active
DEV003294,Mobile,iOS,Chrome,Active
DEV003295,Laptop,Android,Chrome,Active
DEV003296,Mobile,iOS,Safari,Active
DEV003297,Mobile,iOS,Firefox,Active
DEV003298,Mobile,Android,Safari,Active
DEV003299,Mobile,Android,Chrome,Active
DEV003300,Laptop,Android,Safari,Active
DEV003301,Mobile,Android,Chrome,Active
DEV003302,Mobile,Windows,Edge,Inactive
DEV003303,Mobile,macOS,Chrome,Inactive
DEV003304,Mobile,iOS,Safari,Inactive
DEV003305,Mobile,iOS,Chrome,Active
DEV003306,Tablet,iOS,Firefox,Active
DEV003307,Mobile,Windows,Chrome,Active
DEV003308,Mobile,iOS,Chrome,Active
DEV003309,Mobile,Android,Chrome,Active
DEV003310,Tablet,Android,Chrome,Active
DEV003311,Mobile,iOS,Safari,Active
DEV003312,Tablet,Android,Edge,Active
DEV003313,Laptop,iOS,Chrome,Active
DEV003314,Mobile,iOS,Chrome,Active
DEV003315,Mobile,Windows,Chrome,Inactive
DEV003316,Mobile,Android,Chrome,Active
DEV003317,Mobile,Android,Chrome,Active
DEV003318,Mobile,iOS,Chrome,Active
DEV003319,Mobile,Android,Chrome,Active
DEV003320,Mobile,Android,Chrome,Active
DEV003321,Mobile,macOS,Chrome,Active
DEV003322,Mobile,macOS,Chrome,Active
DEV003323,Mobile,Windows,Chrome,Active
DEV003324,Mobile,Android,Firefox,Active
DEV003325,Mobile,Android,Edge,Active
DEV003326,Mobile,Android,Chrome,Active
DEV003327,Laptop,Windows,Chrome,Active
DEV003328,Laptop,macOS,Chrome,Inactive
DEV003329,Laptop,iOS,Chrome,Active
DEV003330,Mobile,Windows,Chrome,Active
DEV003331,Tablet,iOS,Safari,Active
DEV003332,Mobile,Windows,Edge,Active
DEV003333,Tablet,Android,Chrome,Inactive
DEV003334,Mobile,Android,Edge,Active
DEV003335,Mobile,iOS,Chrome,Active
DEV003336,Tablet,Android,Firefox,Active
DEV003337,Mobile,macOS,Firefox,Active
DEV003338,Mobile,Android,Chrome,Active
DEV003339,Mobile,Android,Chrome,Active
DEV003340,Mobile,iOS,Firefox,Active
DEV003341,Mobile,Android,Safari,Active
DEV003342,Tablet,Android,Edge,Inactive
DEV003343,Mobile,Android,Chrome,Active
DEV003344,Mobile,Android,Chrome,Inactive
DEV003345,Mobile,macOS,Edge,Active
DEV003346,Mobile,iOS,Chrome,Active
DEV003347,Laptop,Android,Edge,Active
DEV003348,Mobile,macOS,Edge,Active
DEV003349,Mobile,Windows,Firefox,Active
DEV003350,Mobile,Android,Safari,Active
DEV003351,Laptop,Android,Edge,Active
DEV003352,Laptop,iOS,Chrome,Active
DEV003353,Tablet,macOS,Chrome,Active
DEV003354,Mobile,Android,Chrome,Active
DEV003355,Mobile,iOS,Chrome,Inactive
DEV003356,Tablet,Android,Safari,Active
DEV003357,Mobile,iOS,Chrome,Active
DEV003358,Mobile,Android,Edge,Active
DEV003359,Mobile,Windows,Edge,Active
DEV003360,Tablet,Windows,Edge,Active
DEV003361,Mobile,Android,Firefox,Active
DEV003362,Mobile,Android,Chrome,Inactive
DEV003363,Laptop,iOS,Chrome,Active
DEV003364,Mobile,Android,Edge,Active
DEV003365,Mobile,iOS,Chrome,Active
DEV003366,Mobile,Android,Edge,Active
DEV003367,Tablet,Android,Chrome,Active
DEV003368,Mobile,Windows,Chrome,Active
DEV003369,Tablet,Android,Firefox,Active
DEV003370,Mobile,Android,Chrome,Active
DEV003371,Laptop,macOS,Chrome,Active
DEV003372,Mobile,Android,Chrome,Active
DEV003373,Mobile,Windows,Safari,Active
DEV003374,Mobile,Windows,Chrome,Active
DEV003375,Mobile,iOS,Chrome,Inactive
DEV003376,Mobile,Android,Safari,Active
DEV003377,Mobile,Android,Edge,Active
DEV003378,Mobile,iOS,Safari,Active
DEV003379,Mobile,macOS,Chrome,Active
DEV003380,Mobile,Android,Chrome,Active
DEV003381,Mobile,Android,Chrome,Active
DEV003382,Mobile,Android,Chrome,Active
DEV003383,Tablet,Android,Safari,Active
DEV003384,Mobile,Windows,Firefox,Active
DEV003385,Laptop,Windows,Safari,Active
DEV003386,Mobile,macOS,Chrome,Active
DEV003387,Tablet,iOS,Chrome,Inactive
DEV003388,Laptop,Android,Chrome,Active
DEV003389,Mobile,Android,Edge,Active
DEV003390,Mobile,Android,Edge,Active
DEV003391,Mobile,iOS,Firefox,Active
DEV003392,Mobile,Android,Firefox,Active
DEV003393,Mobile,Android,Firefox,Active
DEV003394,Mobile,macOS,Safari,Active
DEV003395,Laptop,iOS,Chrome,Active
DEV003396,Mobile,Android,Chrome,Active
DEV003397,Laptop,Android,Firefox,Active
DEV003398,Mobile,Android,Firefox,Active
DEV003399,Tablet,Android,Chrome,Active
DEV003400,Mobile,Android,Safari,Active
DEV003401,Laptop,Android,Edge,Active
DEV003402,Mobile,Android,Chrome,Active
DEV003403,Laptop,macOS,Chrome,Active
DEV003404,Tablet,Android,Edge,Active
DEV003405,Laptop,iOS,Chrome,Active
DEV003406,Laptop,iOS,Chrome,Active
DEV003407,Mobile,macOS,Chrome,Active
DEV003408,Tablet,macOS,Chrome,Active
DEV003409,Laptop,iOS,Safari,Active
DEV003410,Mobile,Android,Chrome,Inactive
DEV003411,Mobile,iOS,Chrome,Active
DEV003412,Mobile,iOS,Edge,Active
DEV003413,Laptop,Android,Edge,Active
DEV003414,Mobile,Windows,Safari,Inactive
DEV003415,Laptop,Android,Safari,Active
DEV003416,Tablet,iOS,Chrome,Active
DEV003417,Mobile,Windows,Chrome,Active
DEV003418,Mobile,Android,Edge,Active
DEV003419,Laptop,Android,Chrome,Active
DEV003420,Mobile,Android,Safari,Active
DEV003421,Mobile,Android,Edge,Active
DEV003422,Mobile,Android,Safari,Inactive
DEV003423,Laptop,iOS,Chrome,Active
DEV003424,Mobile,Android,Chrome,Active
DEV003425,Laptop,Android,Safari,Active
DEV003426,Mobile,Android,Safari,Active
DEV003427,Mobile,iOS,Safari,Active
DEV003428,Tablet,Android,Chrome,Active
DEV003429,Mobile,Android,Chrome,Active
DEV003430,Mobile,macOS,Edge,Active
DEV003431,Tablet,Android,Safari,Active
DEV003432,Laptop,iOS,Chrome,Active
DEV003433,Mobile,Windows,Safari,Active
DEV003434,Mobile,Windows,Edge,Active
DEV003435,Mobile,Windows,Safari,Inactive
DEV003436,Mobile,Android,Edge,Active
DEV003437,Mobile,iOS,Safari,Active
DEV003438,Mobile,macOS,Firefox,Active
DEV003439,Mobile,Windows,Edge,Active
DEV003440,Mobile,Android,Chrome,Active
DEV003441,Mobile,macOS,Chrome,Active
DEV003442,Mobile,Android,Chrome,Active
DEV003443,Mobile,macOS,Chrome,Active
DEV003444,Laptop,Windows,Chrome,Active
DEV003445,Mobile,Android,Chrome,Active
DEV003446,Tablet,iOS,Chrome,Active
DEV003447,Mobile,macOS,Chrome,Active
DEV003448,Tablet,Android,Safari,Active
DEV003449,Mobile,Android,Chrome,Inactive
DEV003450,Laptop,iOS,Chrome,Active
DEV003451,Mobile,Windows,Chrome,Active
DEV003452,Mobile,Android,Firefox,Active
DEV003453,Mobile,Android,Firefox,Active
DEV003454,Mobile,Android,Chrome,Active
DEV003455,Mobile,iOS,Safari,Active
DEV003456,Tablet,macOS,Chrome,Active
DEV003457,Tablet,iOS,Chrome,Inactive
DEV003458,Mobile,Windows,Safari,Active
DEV003459,Mobile,iOS,Chrome,Active
DEV003460,Mobile,Windows,Chrome,Active
DEV003461,Tablet,iOS,Chrome,Active
DEV003462,Tablet,Android,Edge,Active
DEV003463,Mobile,Android,Chrome,Active
DEV003464,Mobile,Windows,Edge,Active
DEV003465,Mobile,Android,Chrome,Active
DEV003466,Mobile,Android,Chrome,Inactive
DEV003467,Mobile,Android,Chrome,Active
DEV003468,Mobile,iOS,Chrome,Active
DEV003469,Mobile,iOS,Chrome,Active
DEV003470,Mobile,Android,Chrome,Active
DEV003471,Mobile,iOS,Chrome,Active
DEV003472,Mobile,iOS,Edge,Active
DEV003473,Mobile,Android,Safari,Active
DEV003474,Mobile,Android,Firefox,Active
DEV003475,Mobile,Android,Chrome,Active
DEV003476,Mobile,iOS,Safari,Inactive
DEV003477,Tablet,Android,Edge,Active
DEV003478,Mobile,iOS,Chrome,Active
DEV003479,Laptop,Android,Edge,Active
DEV003480,Mobile,iOS,Chrome,Active
DEV003481,Mobile,iOS,Safari,Active
DEV003482,Laptop,Android,Safari,Active
DEV003483,Mobile,Android,Chrome,Active
DEV003484,Tablet,iOS,Chrome,Active
DEV003485,Tablet,Android,Chrome,Active
DEV003486,Laptop,Android,Chrome,Active
DEV003487,Mobile,Android,Chrome,Active
DEV003488,Tablet,Android,Safari,Active
DEV003489,Mobile,iOS,Chrome,Active
DEV003490,Laptop,Android,Chrome,Inactive
DEV003491,Mobile,Windows,Edge,Active
DEV003492,Mobile,Android,Safari,Active
DEV003493,Mobile,Android,Chrome,Active
DEV003494,Mobile,Android,Safari,Active
DEV003495,Mobile,Windows,Safari,Active
DEV003496,Mobile,Windows,Chrome,Inactive
DEV003497,Mobile,Android,Chrome,Active
DEV003498,Mobile,iOS,Edge,Active
DEV003499,Mobile,Android,Chrome,Active
DEV003500,Tablet,Windows,Firefox,Active
DEV003501,Mobile,Android,Edge,Active
DEV003502,Mobile,Android,Edge,Active
DEV003503,Mobile,Android,Chrome,Active
DEV003504,Mobile,Android,Firefox,Active
DEV003505,Laptop,Android,Safari,Active
DEV003506,Tablet,iOS,Chrome,Active
DEV003507,Mobile,Windows,Edge,Active
DEV003508,Laptop,Windows,Safari,Active
DEV003509,Laptop,Android,Chrome,Active
DEV003510,Mobile,iOS,Safari,Active
DEV003511,Laptop,Android,Firefox,Inactive
DEV003512,Tablet,macOS,Firefox,Active
DEV003513,Mobile,Android,Safari,Active
DEV003514,Mobile,Android,Chrome,Active
DEV003515,Mobile,iOS,Edge,Inactive
DEV003516,Laptop,iOS,Chrome,Active
DEV003517,Mobile,Android,Firefox,Active
DEV003518,Laptop,Windows,Edge,Active
DEV003519,Tablet,Android,Edge,Inactive
DEV003520,Mobile,Android,Edge,Active
DEV003521,Laptop,Android,Edge,Active
DEV003522,Mobile,Android,Chrome,Active
DEV003523,Laptop,iOS,Chrome,Active
DEV003524,Mobile,Android,Chrome,Active
DEV003525,Mobile,macOS,Chrome,Active
DEV003526,Mobile,iOS,Edge,Active
DEV003527,Laptop,Android,Chrome,Active
DEV003528,Laptop,macOS,Chrome,Active
DEV003529,Tablet,iOS,Firefox,Active
DEV003530,Tablet,Android,Safari,Active
DEV003531,Mobile,iOS,Chrome,Active
DEV003532,Mobile,Windows,Safari,Active
DEV003533,Tablet,Android,Edge,Active
DEV003534,Mobile,iOS,Safari,Active
DEV003535,Mobile,Windows,Safari,Active
DEV003536,Tablet,Android,Chrome,Active
DEV003537,Laptop,Android,Safari,Active
DEV003538,Mobile,Android,Chrome,Active
DEV003539,Laptop,Android,Edge,Active
DEV003540,Mobile,macOS,Safari,Active
DEV003541,Mobile,Windows,Edge,Active
DEV003542,Tablet,macOS,Safari,Inactive
DEV003543,Mobile,macOS,Chrome,Active
DEV003544,Mobile,iOS,Firefox,Inactive
DEV003545,Mobile,Android,Chrome,Active
DEV003546,Mobile,Android,Chrome,Active
DEV003547,Mobile,Android,Safari,Active
DEV003548,Laptop,Windows,Chrome,Active
DEV003549,Mobile,Windows,Safari,Active
DEV003550,Laptop,Android,Chrome,Active
DEV003551,Laptop,Android,Edge,Active
DEV003552,Laptop,Android,Edge,Active
DEV003553,Mobile,iOS,Chrome,Active
DEV003554,Mobile,Android,Edge,Active
DEV003555,Mobile,iOS,Firefox,Active
DEV003556,Mobile,Android,Chrome,Active
DEV003557,Mobile,iOS,Edge,Active
DEV003558,Mobile,Windows,Edge,Inactive
DEV003559,Laptop,Android,Chrome,Active
DEV003560,Mobile,Android,Chrome,Active
DEV003561,Mobile,Android,Safari,Active
DEV003562,Mobile,Android,Chrome,Active
DEV003563,Mobile,iOS,Chrome,Active
DEV003564,Mobile,Android,Safari,Active
DEV003565,Mobile,iOS,Chrome,Active
DEV003566,Mobile,iOS,Chrome,Active
DEV003567,Mobile,Android,Edge,Active
DEV003568,Mobile,Windows,Safari,Active
DEV003569,Mobile,Android,Firefox,Active
DEV003570,Mobile,iOS,Safari,Inactive
DEV003571,Mobile,Android,Chrome,Active
DEV003572,Laptop,Android,Chrome,Active
DEV003573,Tablet,Android,Safari,Active
DEV003574,Mobile,Windows,Safari,Inactive
DEV003575,Mobile,Windows,Chrome,Inactive
DEV003576,Mobile,iOS,Safari,Active
DEV003577,Laptop,iOS,Safari,Active
DEV003578,Mobile,iOS,Chrome,Active
DEV003579,Mobile,iOS,Safari,Active
DEV003580,Laptop,iOS,Chrome,Active
DEV003581,Tablet,Android,Chrome,Active
DEV003582,Tablet,Android,Edge,Active
DEV003583,Mobile,Android,Firefox,Active
DEV003584,Mobile,iOS,Chrome,Active
DEV003585,Laptop,Android,Chrome,Active
DEV003586,Mobile,Android,Edge,Active
DEV003587,Tablet,Android,Chrome,Active
DEV003588,Mobile,Android,Chrome,Active
DEV003589,Laptop,iOS,Firefox,Inactive
DEV003590,Mobile,Windows,Chrome,Active
DEV003591,Mobile,Android,Chrome,Active
DEV003592,Mobile,Windows,Chrome,Active
DEV003593,Mobile,Android,Edge,Active
DEV003594,Tablet,Android,Edge,Active
DEV003595,Laptop,Android,Edge,Active
DEV003596,Mobile,macOS,Safari,Active
DEV003597,Mobile,macOS,Chrome,Active
DEV003598,Mobile,Windows,Firefox,Active
DEV003599,Mobile,iOS,Firefox,Active
DEV003600,Mobile,Windows,Safari,Active
DEV003601,Laptop,macOS,Chrome,Active
DEV003602,Mobile,Windows,Chrome,Active
DEV003603,Mobile,Windows,Chrome,Active
DEV003604,Mobile,Windows,Chrome,Active
DEV003605,Mobile,Android,Chrome,Active
DEV003606,Mobile,iOS,Chrome,Active
DEV003607,Laptop,macOS,Chrome,Active
DEV003608,Laptop,macOS,Chrome,Active
DEV003609,Mobile,Android,Chrome,Active
DEV003610,Mobile,iOS,Chrome,Active
DEV003611,Laptop,Windows,Firefox,Active
DEV003612,Mobile,Android,Chrome,Active
DEV003613,Mobile,Android,Edge,Active
DEV003614,Mobile,Android,Chrome,Active
DEV003615,Mobile,Android,Chrome,Active
DEV003616,Laptop,Windows,Chrome,Active
DEV003617,Mobile,Android,Chrome,Active
DEV003618,Tablet,iOS,Chrome,Active
DEV003619,Mobile,Android,Chrome,Active
DEV003620,Tablet,Windows,Safari,Active
DEV003621,Mobile,Android,Chrome,Active
DEV003622,Laptop,Windows,Firefox,Active
DEV003623,Mobile,Android,Edge,Active
DEV003624,Mobile,Android,Chrome,Inactive
DEV003625,Tablet,macOS,Chrome,Active
DEV003626,Mobile,Windows,Safari,Active
DEV003627,Tablet,Android,Safari,Active
DEV003628,Mobile,macOS,Safari,Active
DEV003629,Mobile,Windows,Edge,Active
DEV003630,Mobile,Windows,Chrome,Active
DEV003631,Tablet,iOS,Chrome,Active
DEV003632,Mobile,Android,Chrome,Active
DEV003633,Mobile,Android,Chrome,Active
DEV003634,Mobile,Windows,Chrome,Active
DEV003635,Laptop,Android,Chrome,Active
DEV003636,Mobile,iOS,Safari,Inactive
DEV003637,Mobile,Windows,Safari,Active
DEV003638,Mobile,Android,Firefox,Active
DEV003639,Mobile,iOS,Chrome,Active
DEV003640,Laptop,Android,Chrome,Active
DEV003641,Mobile,Windows,Edge,Active
DEV003642,Mobile,Windows,Chrome,Active
DEV003643,Mobile,Android,Safari,Active
DEV003644,Laptop,Android,Edge,Active
DEV003645,Mobile,iOS,Chrome,Active
DEV003646,Mobile,Android,Safari,Active
DEV003647,Laptop,macOS,Safari,Active
DEV003648,Laptop,macOS,Edge,Active
DEV003649,Mobile,Android,Chrome,Active
DEV003650,Laptop,macOS,Chrome,Active
DEV003651,Mobile,Windows,Chrome,Active
DEV003652,Mobile,Android,Firefox,Active
DEV003653,Mobile,iOS,Chrome,Active
DEV003654,Tablet,Android,Chrome,Inactive
DEV003655,Laptop,Android,Safari,Active
DEV003656,Mobile,iOS,Chrome,Active
DEV003657,Laptop,Android,Safari,Active
DEV003658,Mobile,Android,Edge,Active
DEV003659,Tablet,Android,Chrome,Active
DEV003660,Mobile,Android,Safari,Active
DEV003661,Mobile,Android,Safari,Active
DEV003662,Mobile,Android,Safari,Active
DEV003663,Mobile,iOS,Chrome,Active
DEV003664,Laptop,macOS,Safari,Active
DEV003665,Laptop,Android,Chrome,Active
DEV003666,Mobile,Windows,Edge,Active
DEV003667,Tablet,macOS,Chrome,Active
DEV003668,Mobile,Android,Edge,Active
DEV003669,Mobile,Android,Chrome,Active
DEV003670,Tablet,Android,Chrome,Active
DEV003671,Laptop,Windows,Chrome,Active
DEV003672,Mobile,iOS,Firefox,Active
DEV003673,Mobile,iOS,Firefox,Active
DEV003674,Mobile,Android,Chrome,Active
DEV003675,Laptop,macOS,Safari,Active
DEV003676,Mobile,Android,Chrome,Active
DEV003677,Mobile,Android,Chrome,Active
DEV003678,Tablet,Android,Safari,Active
DEV003679,Tablet,iOS,Chrome,Active
DEV003680,Mobile,Windows,Safari,Active
DEV003681,Mobile,Windows,Edge,Active
DEV003682,Mobile,Android,Chrome,Inactive
DEV003683,Mobile,Android,Chrome,Active
DEV003684,Mobile,Android,Chrome,Active
DEV003685,Laptop,Android,Firefox,Active
DEV003686,Mobile,Android,Chrome,Active
DEV003687,Mobile,Windows,Firefox,Active
DEV003688,Tablet,iOS,Edge,Active
DEV003689,Mobile,macOS,Chrome,Active
DEV003690,Laptop,Windows,Chrome,Active
DEV003691,Laptop,macOS,Chrome,Active
DEV003692,Mobile,Android,Chrome,Active
DEV003693,Mobile,iOS,Chrome,Active
DEV003694,Mobile,Android,Firefox,Active
DEV003695,Mobile,Android,Firefox,Active
DEV003696,Mobile,Android,Chrome,Active
DEV003697,Mobile,Android,Chrome,Active
DEV003698,Mobile,Windows,Chrome,Active
DEV003699,Mobile,Windows,Chrome,Active
DEV003700,Laptop,iOS,Chrome,Active
DEV003701,Mobile,iOS,Chrome,Active
DEV003702,Laptop,Android,Chrome,Active
DEV003703,Mobile,iOS,Edge,Active
DEV003704,Mobile,Android,Chrome,Inactive
DEV003705,Mobile,Android,Chrome,Active
DEV003706,Mobile,Android,Safari,Active
DEV003707,Mobile,Android,Chrome,Active
DEV003708,Laptop,Android,Chrome,Active
DEV003709,Mobile,Android,Chrome,Active
DEV003710,Mobile,Android,Chrome,Active
DEV003711,Mobile,Windows,Chrome,Active
DEV003712,Mobile,Windows,Chrome,Inactive
DEV003713,Mobile,iOS,Edge,Inactive
DEV003714,Mobile,Android,Chrome,Active
DEV003715,Mobile,macOS,Chrome,Active
DEV003716,Mobile,Android,Edge,Active
DEV003717,Mobile,Android,Chrome,Inactive
DEV003718,Mobile,Windows,Chrome,Active
DEV003719,Mobile,iOS,Chrome,Active
DEV003720,Mobile,Android,Chrome,Inactive
DEV003721,Mobile,Windows,Chrome,Active
DEV003722,Mobile,iOS,Chrome,Active
DEV003723,Mobile,Android,Chrome,Active
DEV003724,Mobile,Windows,Firefox,Active
DEV003725,Mobile,Android,Chrome,Active
DEV003726,Mobile,Android,Edge,Active
DEV003727,Tablet,Android,Safari,Active
DEV003728,Tablet,Android,Edge,Active
DEV003729,Mobile,Android,Chrome,Active
DEV003730,Mobile,iOS,Chrome,Active
DEV003731,Mobile,Android,Chrome,Active
DEV003732,Laptop,Android,Edge,Active
DEV003733,Laptop,iOS,Safari,Active
DEV003734,Laptop,Android,Firefox,Active
DEV003735,Laptop,Android,Chrome,Active
DEV003736,Laptop,Android,Chrome,Active
DEV003737,Mobile,Windows,Safari,Active
DEV003738,Mobile,Windows,Chrome,Active
DEV003739,Mobile,iOS,Chrome,Active
DEV003740,Laptop,Android,Chrome,Active
DEV003741,Mobile,Android,Edge,Active
DEV003742,Mobile,iOS,Chrome,Active
DEV003743,Mobile,Windows,Safari,Active
DEV003744,Laptop,Android,Chrome,Active
DEV003745,Mobile,iOS,Firefox,Active
DEV003746,Mobile,Android,Chrome,Active
DEV003747,Mobile,iOS,Chrome,Active
DEV003748,Mobile,Android,Chrome,Active
DEV003749,Mobile,Windows,Safari,Active
DEV003750,Mobile,Android,Chrome,Active
DEV003751,Mobile,Android,Chrome,Active
DEV003752,Mobile,Android,Safari,Active
DEV003753,Laptop,Windows,Safari,Active
DEV003754,Mobile,iOS,Firefox,Active
DEV003755,Mobile,iOS,Chrome,Active
DEV003756,Laptop,Windows,Safari,Active
DEV003757,Laptop,Android,Chrome,Inactive
DEV003758,Mobile,iOS,Chrome,Active
DEV003759,Mobile,iOS,Chrome,Active
DEV003760,Mobile,iOS,Safari,Active
DEV003761,Tablet,Windows,Safari,Active
DEV003762,Mobile,iOS,Edge,Active
DEV003763,Mobile,Android,Firefox,Inactive
DEV003764,Mobile,Android,Safari,Active
DEV003765,Laptop,Android,Chrome,Active
DEV003766,Mobile,Windows,Edge,Active
DEV003767,Laptop,iOS,Safari,Active
DEV003768,Mobile,Android,Chrome,Active
DEV003769,Mobile,iOS,Safari,Active
DEV003770,Mobile,Android,Chrome,Active
DEV003771,Mobile,Android,Chrome,Active
DEV003772,Mobile,iOS,Safari,Inactive
DEV003773,Mobile,Android,Edge,Active
DEV003774,Mobile,Android,Edge,Active
DEV003775,Laptop,Android,Chrome,Active
DEV003776,Mobile,iOS,Chrome,Active
DEV003777,Laptop,iOS,Chrome,Active
DEV003778,Laptop,Windows,Chrome,Active
DEV003779,Laptop,Android,Chrome,Active
DEV003780,Mobile,Android,Chrome,Active
DEV003781,Mobile,iOS,Safari,Active
DEV003782,Mobile,iOS,Chrome,Active
DEV003783,Mobile,Windows,Chrome,Inactive
DEV003784,Mobile,Android,Firefox,Active
DEV003785,Laptop,iOS,Safari,Active
DEV003786,Mobile,Android,Chrome,Active
DEV003787,Laptop,Android,Chrome,Active
DEV003788,Mobile,Android,Chrome,Active
DEV003789,Mobile,macOS,Edge,Active
DEV003790,Mobile,iOS,Firefox,Active
DEV003791,Mobile,Android,Chrome,Active
DEV003792,Mobile,iOS,Chrome,Active
DEV003793,Laptop,Android,Chrome,Active
DEV003794,Mobile,iOS,Safari,Active
DEV003795,Mobile,Android,Safari,Active
DEV003796,Mobile,iOS,Edge,Active
DEV003797,Laptop,Android,Firefox,Active
DEV003798,Mobile,Android,Chrome,Active
DEV003799,Mobile,Windows,Safari,Active
DEV003800,Mobile,iOS,Chrome,Active
DEV003801,Mobile,Android,Chrome,Active
DEV003802,Mobile,Android,Safari,Active
DEV003803,Mobile,iOS,Chrome,Active
DEV003804,Mobile,iOS,Chrome,Active
DEV003805,Mobile,Android,Chrome,Active
DEV003806,Mobile,iOS,Safari,Active
DEV003807,Mobile,Android,Chrome,Active
DEV003808,Laptop,iOS,Firefox,Active
DEV003809,Mobile,Android,Firefox,Active
DEV003810,Mobile,Windows,Chrome,Active
DEV003811,Mobile,macOS,Chrome,Active
DEV003812,Mobile,iOS,Chrome,Active
DEV003813,Mobile,iOS,Safari,Active
DEV003814,Mobile,Android,Chrome,Active
DEV003815,Mobile,iOS,Chrome,Active
DEV003816,Mobile,Android,Chrome,Active
DEV003817,Mobile,Windows,Safari,Active
DEV003818,Tablet,Windows,Chrome,Active
DEV003819,Mobile,macOS,Chrome,Active
DEV003820,Mobile,Android,Chrome,Active
DEV003821,Mobile,Android,Edge,Active
DEV003822,Mobile,Windows,Safari,Active
DEV003823,Mobile,iOS,Chrome,Active
DEV003824,Laptop,Android,Firefox,Active
DEV003825,Laptop,Android,Chrome,Active
DEV003826,Mobile,Android,Chrome,Active
DEV003827,Mobile,Android,Safari,Active
DEV003828,Mobile,Android,Firefox,Active
DEV003829,Mobile,Android,Chrome,Active
DEV003830,Mobile,Android,Chrome,Active
DEV003831,Mobile,Android,Edge,Inactive
DEV003832,Mobile,macOS,Chrome,Active
DEV003833,Mobile,iOS,Chrome,Active
DEV003834,Tablet,Windows,Chrome,Active
DEV003835,Mobile,Android,Safari,Active
DEV003836,Laptop,Windows,Chrome,Active
DEV003837,Tablet,Android,Chrome,Active
DEV003838,Mobile,Android,Firefox,Active
DEV003839,Mobile,iOS,Chrome,Active
DEV003840,Laptop,macOS,Edge,Inactive
DEV003841,Mobile,Android,Chrome,Active
DEV003842,Laptop,iOS,Safari,Active
DEV003843,Mobile,Windows,Chrome,Active
DEV003844,Tablet,iOS,Safari,Active
DEV003845,Mobile,Android,Chrome,Active
DEV003846,Mobile,Android,Chrome,Active
DEV003847,Mobile,Android,Chrome,Active
DEV003848,Mobile,Windows,Chrome,Active
DEV003849,Mobile,Android,Edge,Active
DEV003850,Laptop,Windows,Edge,Active
DEV003851,Mobile,Android,Safari,Active
DEV003852,Laptop,Android,Safari,Active
DEV003853,Mobile,macOS,Chrome,Active
DEV003854,Mobile,macOS,Firefox,Active
DEV003855,Mobile,Android,Edge,Inactive
DEV003856,Laptop,iOS,Edge,Active
DEV003857,Laptop,Android,Chrome,Active
DEV003858,Mobile,iOS,Chrome,Active
DEV003859,Mobile,Windows,Chrome,Active
DEV003860,Tablet,Android,Safari,Active
DEV003861,Laptop,Windows,Chrome,Active
DEV003862,Mobile,iOS,Chrome,Inactive
DEV003863,Mobile,Android,Chrome,Active
DEV003864,Mobile,Android,Safari,Active
DEV003865,Mobile,Windows,Firefox,Active
DEV003866,Mobile,macOS,Chrome,Active
DEV003867,Mobile,macOS,Chrome,Inactive
DEV003868,Mobile,Windows,Edge,Active
DEV003869,Mobile,macOS,Chrome,Active
DEV003870,Laptop,iOS,Safari,Inactive
DEV003871,Mobile,Android,Chrome,Active
DEV003872,Mobile,Android,Firefox,Inactive
DEV003873,Mobile,Android,Chrome,Active
DEV003874,Laptop,Android,Safari,Active
DEV003875,Mobile,iOS,Edge,Active
DEV003876,Mobile,Android,Edge,Active
DEV003877,Mobile,Android,Edge,Active
DEV003878,Mobile,macOS,Edge,Active
DEV003879,Laptop,iOS,Safari,Active
DEV003880,Mobile,macOS,Safari,Active
DEV003881,Tablet,Windows,Edge,Active
DEV003882,Laptop,Android,Chrome,Active
DEV003883,Mobile,iOS,Chrome,Active
DEV003884,Mobile,Android,Chrome,Active
DEV003885,Laptop,iOS,Chrome,Inactive
DEV003886,Mobile,Android,Firefox,Active
DEV003887,Tablet,Android,Chrome,Active
DEV003888,Mobile,iOS,Chrome,Active
DEV003889,Mobile,iOS,Safari,Active
DEV003890,Laptop,Windows,Chrome,Active
DEV003891,Mobile,Android,Chrome,Active
DEV003892,Mobile,Windows,Firefox,Inactive
DEV003893,Mobile,Windows,Chrome,Active
DEV003894,Mobile,Android,Safari,Inactive
DEV003895,Mobile,Android,Chrome,Active
DEV003896,Mobile,iOS,Chrome,Inactive
DEV003897,Mobile,Windows,Chrome,Active
DEV003898,Laptop,iOS,Chrome,Active
DEV003899,Mobile,Windows,Chrome,Inactive
DEV003900,Mobile,iOS,Chrome,Active
DEV003901,Laptop,Windows,Chrome,Active
DEV003902,Laptop,macOS,Firefox,Active
DEV003903,Mobile,Windows,Chrome,Active
DEV003904,Mobile,Android,Safari,Inactive
DEV003905,Mobile,Windows,Firefox,Active
DEV003906,Mobile,macOS,Chrome,Active
DEV003907,Tablet,iOS,Safari,Active
DEV003908,Mobile,Android,Chrome,Active
DEV003909,Mobile,macOS,Chrome,Active
DEV003910,Laptop,Android,Chrome,Active
DEV003911,Mobile,iOS,Chrome,Active
DEV003912,Laptop,iOS,Chrome,Active
DEV003913,Mobile,Android,Chrome,Active
DEV003914,Mobile,macOS,Chrome,Active
DEV003915,Mobile,iOS,Chrome,Active
DEV003916,Mobile,Android,Chrome,Active
DEV003917,Mobile,macOS,Chrome,Active
DEV003918,Laptop,macOS,Chrome,Active
DEV003919,Mobile,Android,Chrome,Active
DEV003920,Mobile,Android,Chrome,Active
DEV003921,Mobile,Android,Firefox,Active
DEV003922,Mobile,Windows,Firefox,Active
DEV003923,Mobile,macOS,Chrome,Active
DEV003924,Mobile,Android,Chrome,Active
DEV003925,Mobile,Android,Chrome,Active
DEV003926,Mobile,macOS,Safari,Active
DEV003927,Mobile,Android,Chrome,Active
DEV003928,Mobile,Android,Safari,Inactive
DEV003929,Mobile,iOS,Chrome,Active
DEV003930,Mobile,Android,Edge,Active
DEV003931,Laptop,Android,Safari,Active
DEV003932,Tablet,iOS,Edge,Active
DEV003933,Laptop,macOS,Edge,Active
DEV003934,Mobile,iOS,Chrome,Active
DEV003935,Mobile,iOS,Edge,Active
DEV003936,Mobile,Android,Chrome,Active
DEV003937,Mobile,iOS,Chrome,Active
DEV003938,Tablet,Android,Chrome,Active
DEV003939,Mobile,Android,Chrome,Active
DEV003940,Mobile,Android,Chrome,Active
DEV003941,Tablet,Android,Edge,Active
DEV003942,Tablet,Android,Chrome,Active
DEV003943,Mobile,Android,Safari,Active
DEV003944,Mobile,macOS,Firefox,Inactive
DEV003945,Mobile,iOS,Safari,Active
DEV003946,Mobile,Android,Edge,Active
DEV003947,Mobile,Windows,Chrome,Active
DEV003948,Laptop,Android,Chrome,Inactive
DEV003949,Mobile,iOS,Edge,Inactive
DEV003950,Laptop,Android,Chrome,Inactive
DEV003951,Mobile,iOS,Chrome,Active
DEV003952,Tablet,Android,Chrome,Active
DEV003953,Laptop,Android,Chrome,Active
DEV003954,Mobile,Windows,Chrome,Active
DEV003955,Tablet,Android,Safari,Active
DEV003956,Laptop,iOS,Safari,Active
DEV003957,Mobile,Windows,Safari,Active
DEV003958,Mobile,Android,Safari,Active
DEV003959,Mobile,Android,Chrome,Active
DEV003960,Laptop,Android,Chrome,Active
DEV003961,Mobile,Android,Chrome,Active
DEV003962,Mobile,Android,Chrome,Active
DEV003963,Mobile,Windows,Firefox,Active
DEV003964,Mobile,iOS,Chrome,Active
DEV003965,Tablet,iOS,Safari,Active
DEV003966,Laptop,iOS,Chrome,Active
DEV003967,Mobile,Android,Edge,Active
DEV003968,Laptop,Windows,Chrome,Active
DEV003969,Mobile,Windows,Chrome,Inactive
DEV003970,Mobile,Windows,Chrome,Active
DEV003971,Mobile,Windows,Chrome,Active
DEV003972,Mobile,Android,Firefox,Active
DEV003973,Mobile,Windows,Safari,Active
DEV003974,Mobile,macOS,Chrome,Active
DEV003975,Mobile,Android,Chrome,Inactive
DEV003976,Laptop,iOS,Firefox,Active
DEV003977,Tablet,iOS,Chrome,Active
DEV003978,Mobile,iOS,Edge,Active
DEV003979,Tablet,Android,Chrome,Active
DEV003980,Tablet,Android,Chrome,Active
DEV003981,Mobile,iOS,Firefox,Active
DEV003982,Laptop,iOS,Safari,Active
DEV003983,Mobile,Android,Chrome,Active
DEV003984,Mobile,Windows,Chrome,Active
DEV003985,Mobile,Windows,Chrome,Active
DEV003986,Mobile,Android,Chrome,Active
DEV003987,Tablet,Android,Chrome,Active
DEV003988,Mobile,Android,Firefox,Active
DEV003989,Mobile,Windows,Chrome,Active
DEV003990,Mobile,Android,Chrome,Active
DEV003991,Mobile,Android,Chrome,Active
DEV003992,Mobile,Android,Safari,Active
DEV003993,Tablet,Android,Chrome,Active
DEV003994,Laptop,Android,Edge,Active
DEV003995,Mobile,Android,Chrome,Active
DEV003996,Mobile,Android,Chrome,Active
DEV003997,Mobile,Android,Chrome,Active
DEV003998,Tablet,Windows,Chrome,Active
DEV003999,Laptop,Windows,Edge,Active
DEV004000,Tablet,Android,Chrome,Active
DEV004001,Mobile,Android,Edge,Active
DEV004002,Tablet,Android,Chrome,Active
DEV004003,Mobile,Android,Edge,Active
DEV004004,Mobile,Android,Safari,Active
DEV004005,Laptop,Windows,Edge,Inactive
DEV004006,Mobile,iOS,Chrome,Active
DEV004007,Mobile,Android,Safari,Active
DEV004008,Mobile,Android,Chrome,Active
DEV004009,Mobile,Android,Chrome,Inactive
DEV004010,Laptop,Android,Chrome,Active
DEV004011,Mobile,iOS,Chrome,Active
DEV004012,Laptop,macOS,Chrome,Active
DEV004013,Mobile,Android,Chrome,Active
DEV004014,Mobile,Android,Safari,Active
DEV004015,Tablet,macOS,Chrome,Active
DEV004016,Tablet,Android,Edge,Active
DEV004017,Mobile,iOS,Edge,Active
DEV004018,Mobile,Android,Safari,Active
DEV004019,Tablet,macOS,Safari,Active
DEV004020,Mobile,Android,Chrome,Active
DEV004021,Mobile,Windows,Chrome,Inactive
DEV004022,Mobile,Android,Chrome,Active
DEV004023,Mobile,iOS,Edge,Active
DEV004024,Mobile,iOS,Safari,Active
DEV004025,Mobile,Android,Chrome,Active
DEV004026,Mobile,Android,Chrome,Active
DEV004027,Mobile,Android,Safari,Active
DEV004028,Mobile,Android,Chrome,Inactive
DEV004029,Tablet,Android,Chrome,Active
DEV004030,Mobile,iOS,Edge,Active
DEV004031,Mobile,iOS,Chrome,Active
DEV004032,Mobile,Android,Safari,Active
DEV004033,Mobile,Android,Chrome,Active
DEV004034,Laptop,Android,Edge,Inactive
DEV004035,Mobile,Android,Chrome,Active
DEV004036,Mobile,Android,Chrome,Active
DEV004037,Mobile,iOS,Firefox,Active
DEV004038,Mobile,iOS,Chrome,Active
DEV004039,Mobile,Android,Chrome,Active
DEV004040,Laptop,Android,Firefox,Active
DEV004041,Mobile,iOS,Edge,Active
DEV004042,Mobile,Windows,Chrome,Active
DEV004043,Laptop,iOS,Chrome,Inactive
DEV004044,Mobile,Android,Firefox,Active
DEV004045,Mobile,iOS,Safari,Active
DEV004046,Mobile,Android,Chrome,Active
DEV004047,Mobile,iOS,Chrome,Inactive
DEV004048,Mobile,iOS,Chrome,Active
DEV004049,Laptop,Android,Safari,Active
DEV004050,Mobile,Android,Chrome,Active
DEV004051,Mobile,Android,Edge,Active
DEV004052,Mobile,iOS,Chrome,Active
DEV004053,Mobile,Android,Chrome,Active
DEV004054,Tablet,iOS,Chrome,Active
DEV004055,Mobile,Android,Chrome,Active
DEV004056,Tablet,Android,Chrome,Active
DEV004057,Mobile,iOS,Safari,Active
DEV004058,Mobile,Windows,Firefox,Active
DEV004059,Mobile,Android,Firefox,Active
DEV004060,Mobile,Windows,Chrome,Active
DEV004061,Mobile,iOS,Chrome,Active
DEV004062,Mobile,Android,Chrome,Active
DEV004063,Mobile,iOS,Firefox,Active
DEV004064,Mobile,Android,Safari,Active
DEV004065,Mobile,Android,Chrome,Active
DEV004066,Mobile,Windows,Chrome,Active
DEV004067,Mobile,Android,Safari,Active
DEV004068,Mobile,iOS,Firefox,Inactive
DEV004069,Mobile,Android,Firefox,Active
DEV004070,Mobile,iOS,Safari,Active
DEV004071,Mobile,iOS,Chrome,Active
DEV004072,Mobile,Android,Edge,Active
DEV004073,Mobile,Android,Chrome,Inactive
DEV004074,Tablet,iOS,Safari,Active
DEV004075,Mobile,iOS,Chrome,Active
DEV004076,Laptop,Windows,Edge,Active
DEV004077,Mobile,macOS,Safari,Active
DEV004078,Mobile,iOS,Chrome,Active
DEV004079,Mobile,iOS,Edge,Active
DEV004080,Tablet,iOS,Edge,Active
DEV004081,Mobile,Windows,Safari,Active
DEV004082,Mobile,Android,Chrome,Active
DEV004083,Mobile,Android,Edge,Active
DEV004084,Mobile,iOS,Edge,Active
DEV004085,Laptop,Android,Chrome,Active
DEV004086,Laptop,Windows,Chrome,Active
DEV004087,Mobile,macOS,Firefox,Active
DEV004088,Laptop,Android,Chrome,Active
DEV004089,Mobile,Android,Firefox,Active
DEV004090,Mobile,iOS,Chrome,Active
DEV004091,Laptop,iOS,Safari,Active
DEV004092,Tablet,Android,Safari,Active
DEV004093,Mobile,Android,Edge,Active
DEV004094,Mobile,macOS,Chrome,Active
DEV004095,Mobile,Windows,Edge,Inactive
DEV004096,Mobile,iOS,Edge,Active
DEV004097,Mobile,iOS,Edge,Active
DEV004098,Laptop,Android,Chrome,Active
DEV004099,Mobile,iOS,Chrome,Active
DEV004100,Mobile,iOS,Edge,Inactive
DEV004101,Laptop,Android,Edge,Active
DEV004102,Mobile,Windows,Chrome,Active
DEV004103,Tablet,iOS,Safari,Active
DEV004104,Mobile,Android,Safari,Active
DEV004105,Mobile,Android,Chrome,Active
DEV004106,Mobile,iOS,Chrome,Active
DEV004107,Tablet,Android,Edge,Active
DEV004108,Laptop,iOS,Edge,Active
DEV004109,Mobile,iOS,Safari,Active
DEV004110,Mobile,Android,Chrome,Active
DEV004111,Laptop,Android,Chrome,Active
DEV004112,Laptop,iOS,Chrome,Active
DEV004113,Mobile,Android,Firefox,Active
DEV004114,Mobile,macOS,Safari,Active
DEV004115,Mobile,Windows,Chrome,Active
DEV004116,Laptop,Windows,Edge,Active
DEV004117,Tablet,Windows,Edge,Active
DEV004118,Mobile,Android,Firefox,Active
DEV004119,Laptop,Windows,Chrome,Active
DEV004120,Laptop,Android,Chrome,Active
DEV004121,Laptop,iOS,Chrome,Active
DEV004122,Mobile,iOS,Edge,Active
DEV004123,Mobile,Android,Chrome,Active
DEV004124,Laptop,Android,Edge,Active
DEV004125,Mobile,Android,Edge,Active
DEV004126,Laptop,Android,Chrome,Active
DEV004127,Mobile,iOS,Chrome,Inactive
DEV004128,Mobile,Android,Chrome,Active
DEV004129,Mobile,macOS,Chrome,Active
DEV004130,Tablet,Android,Safari,Active
DEV004131,Mobile,Android,Chrome,Active
DEV004132,Laptop,macOS,Chrome,Active
DEV004133,Mobile,Android,Edge,Active
DEV004134,Laptop,iOS,Chrome,Active
DEV004135,Laptop,Android,Chrome,Active
DEV004136,Tablet,iOS,Chrome,Active
DEV004137,Mobile,iOS,Safari,Active
DEV004138,Laptop,iOS,Firefox,Active
DEV004139,Laptop,Android,Firefox,Active
DEV004140,Mobile,Windows,Chrome,Active
DEV004141,Tablet,Windows,Safari,Active
DEV004142,Tablet,Android,Chrome,Active
DEV004143,Tablet,macOS,Safari,Active
DEV004144,Laptop,Windows,Chrome,Active
DEV004145,Mobile,Android,Safari,Active
DEV004146,Laptop,macOS,Firefox,Inactive
DEV004147,Mobile,macOS,Edge,Active
DEV004148,Mobile,iOS,Chrome,Active
DEV004149,Mobile,Android,Safari,Active
DEV004150,Mobile,macOS,Edge,Active
DEV004151,Laptop,iOS,Edge,Active
DEV004152,Laptop,iOS,Safari,Active
DEV004153,Mobile,Android,Safari,Active
DEV004154,Mobile,macOS,Chrome,Active
DEV004155,Mobile,iOS,Chrome,Active
DEV004156,Tablet,Windows,Chrome,Active
DEV004157,Mobile,Android,Edge,Active
DEV004158,Mobile,iOS,Edge,Active
DEV004159,Mobile,Android,Edge,Inactive
DEV004160,Mobile,Windows,Firefox,Active
DEV004161,Laptop,Android,Edge,Active
DEV004162,Laptop,macOS,Chrome,Active
DEV004163,Mobile,iOS,Chrome,Active
DEV004164,Mobile,Android,Chrome,Active
DEV004165,Laptop,macOS,Chrome,Active
DEV004166,Mobile,macOS,Chrome,Active
DEV004167,Mobile,Windows,Edge,Active
DEV004168,Mobile,macOS,Edge,Active
DEV004169,Mobile,Android,Edge,Active
DEV004170,Laptop,Android,Safari,Active
DEV004171,Tablet,Windows,Chrome,Active
DEV004172,Mobile,Android,Safari,Active
DEV004173,Mobile,Windows,Chrome,Active
DEV004174,Mobile,Android,Chrome,Active
DEV004175,Mobile,iOS,Edge,Active
DEV004176,Mobile,Windows,Chrome,Active
DEV004177,Tablet,Android,Chrome,Active
DEV004178,Mobile,iOS,Safari,Active
DEV004179,Mobile,Android,Safari,Active
DEV004180,Mobile,Android,Chrome,Active
DEV004181,Mobile,Android,Safari,Active
DEV004182,Mobile,Android,Firefox,Active
DEV004183,Mobile,iOS,Chrome,Active
DEV004184,Tablet,Android,Chrome,Active
DEV004185,Mobile,Android,Chrome,Active
DEV004186,Laptop,iOS,Firefox,Active
DEV004187,Tablet,iOS,Chrome,Active
DEV004188,Mobile,Android,Chrome,Active
DEV004189,Tablet,Android,Safari,Active
DEV004190,Laptop,macOS,Chrome,Inactive
DEV004191,Mobile,iOS,Safari,Active
DEV004192,Laptop,Android,Edge,Active
DEV004193,Mobile,macOS,Chrome,Inactive
DEV004194,Mobile,macOS,Edge,Active
DEV004195,Tablet,Android,Chrome,Active
DEV004196,Laptop,macOS,Chrome,Active
DEV004197,Mobile,Android,Chrome,Inactive
DEV004198,Laptop,Android,Firefox,Active
DEV004199,Mobile,iOS,Safari,Active
DEV004200,Mobile,iOS,Chrome,Active
DEV004201,Mobile,Android,Safari,Active
DEV004202,Mobile,iOS,Edge,Active
DEV004203,Tablet,iOS,Chrome,Active
DEV004204,Laptop,Android,Chrome,Active
DEV004205,Mobile,Android,Chrome,Active
DEV004206,Mobile,Android,Firefox,Active
DEV004207,Mobile,iOS,Chrome,Active
DEV004208,Mobile,Windows,Safari,Active
DEV004209,Mobile,macOS,Firefox,Active
DEV004210,Mobile,Android,Safari,Active
DEV004211,Mobile,Android,Chrome,Active
DEV004212,Laptop,macOS,Safari,Inactive
DEV004213,Mobile,Android,Edge,Active
DEV004214,Mobile,iOS,Chrome,Active
DEV004215,Tablet,Android,Chrome,Active
DEV004216,Tablet,Android,Edge,Active
DEV004217,Mobile,Android,Chrome,Active
DEV004218,Mobile,Android,Chrome,Active
DEV004219,Mobile,iOS,Chrome,Active
DEV004220,Mobile,Windows,Chrome,Active
DEV004221,Mobile,Android,Edge,Active
DEV004222,Mobile,iOS,Edge,Active
DEV004223,Tablet,iOS,Chrome,Active
DEV004224,Laptop,Android,Edge,Active
DEV004225,Mobile,Android,Chrome,Active
DEV004226,Mobile,iOS,Edge,Active
DEV004227,Mobile,iOS,Safari,Active
DEV004228,Laptop,iOS,Chrome,Inactive
DEV004229,Mobile,Android,Chrome,Active
DEV004230,Mobile,Windows,Chrome,Active
DEV004231,Mobile,Android,Chrome,Active
DEV004232,Mobile,Android,Chrome,Active
DEV004233,Laptop,iOS,Chrome,Active
DEV004234,Tablet,Android,Edge,Active
DEV004235,Mobile,iOS,Chrome,Active
DEV004236,Laptop,Android,Safari,Active
DEV004237,Laptop,Android,Edge,Active
DEV004238,Mobile,Android,Chrome,Active
DEV004239,Laptop,Android,Safari,Active
DEV004240,Tablet,Android,Chrome,Active
DEV004241,Mobile,iOS,Firefox,Active
DEV004242,Mobile,Android,Chrome,Active
DEV004243,Mobile,macOS,Firefox,Active
DEV004244,Mobile,iOS,Chrome,Active
DEV004245,Laptop,Windows,Chrome,Active
DEV004246,Laptop,iOS,Safari,Active
DEV004247,Mobile,Android,Chrome,Active
DEV004248,Laptop,iOS,Chrome,Active
DEV004249,Laptop,macOS,Safari,Active
DEV004250,Laptop,Android,Chrome,Active
DEV004251,Mobile,iOS,Chrome,Active
DEV004252,Mobile,Android,Chrome,Active
DEV004253,Mobile,iOS,Firefox,Active
DEV004254,Laptop,Android,Chrome,Active
DEV004255,Tablet,Android,Chrome,Inactive
DEV004256,Mobile,macOS,Chrome,Active
DEV004257,Mobile,Android,Firefox,Active
DEV004258,Mobile,Android,Chrome,Active
DEV004259,Mobile,Android,Firefox,Active
DEV004260,Mobile,Windows,Chrome,Active
DEV004261,Laptop,iOS,Chrome,Inactive
DEV004262,Mobile,Android,Edge,Active
DEV004263,Tablet,iOS,Chrome,Active
DEV004264,Mobile,Android,Chrome,Active
DEV004265,Mobile,iOS,Edge,Active
DEV004266,Mobile,Windows,Chrome,Active
DEV004267,Laptop,Android,Safari,Active
DEV004268,Mobile,Android,Edge,Active
DEV004269,Mobile,Android,Chrome,Inactive
DEV004270,Laptop,iOS,Firefox,Active
DEV004271,Mobile,iOS,Edge,Active
DEV004272,Mobile,iOS,Chrome,Active
DEV004273,Tablet,Android,Chrome,Active
DEV004274,Mobile,Windows,Firefox,Active
DEV004275,Mobile,Android,Chrome,Active
DEV004276,Mobile,Android,Safari,Active
DEV004277,Mobile,Windows,Chrome,Active
DEV004278,Laptop,macOS,Firefox,Active
DEV004279,Laptop,Android,Edge,Active
DEV004280,Mobile,Android,Chrome,Inactive
DEV004281,Laptop,Android,Edge,Active
DEV004282,Mobile,Android,Safari,Active
DEV004283,Mobile,Android,Chrome,Active
DEV004284,Mobile,Android,Safari,Active
DEV004285,Mobile,Android,Safari,Active
DEV004286,Mobile,Windows,Edge,Active
DEV004287,Mobile,iOS,Firefox,Active
DEV004288,Laptop,Android,Safari,Active
DEV004289,Mobile,Android,Chrome,Active
DEV004290,Laptop,Windows,Chrome,Active
DEV004291,Mobile,iOS,Firefox,Active
DEV004292,Mobile,iOS,Edge,Inactive
DEV004293,Tablet,iOS,Chrome,Active
DEV004294,Mobile,Android,Chrome,Active
DEV004295,Mobile,Android,Safari,Active
DEV004296,Mobile,Android,Firefox,Active
DEV004297,Laptop,Android,Chrome,Active
DEV004298,Mobile,macOS,Edge,Active
DEV004299,Mobile,iOS,Chrome,Active
DEV004300,Mobile,Android,Safari,Active
DEV004301,Mobile,iOS,Safari,Active
DEV004302,Mobile,Android,Chrome,Active
DEV004303,Mobile,Windows,Chrome,Active
DEV004304,Tablet,Android,Chrome,Active
DEV004305,Laptop,Windows,Edge,Active
DEV004306,Tablet,Windows,Edge,Active
DEV004307,Mobile,Android,Chrome,Active
DEV004308,Mobile,Android,Safari,Inactive
DEV004309,Laptop,iOS,Chrome,Active
DEV004310,Laptop,Android,Firefox,Active
DEV004311,Mobile,Windows,Chrome,Active
DEV004312,Tablet,Android,Edge,Active
DEV004313,Mobile,iOS,Edge,Active
DEV004314,Laptop,iOS,Edge,Active
DEV004315,Mobile,Android,Chrome,Active
DEV004316,Mobile,iOS,Chrome,Active
DEV004317,Mobile,iOS,Chrome,Active
DEV004318,Mobile,Android,Chrome,Active
DEV004319,Mobile,iOS,Chrome,Active
DEV004320,Mobile,iOS,Safari,Active
DEV004321,Mobile,iOS,Chrome,Active
DEV004322,Mobile,Android,Safari,Inactive
DEV004323,Mobile,Android,Edge,Active
DEV004324,Mobile,Windows,Chrome,Inactive
DEV004325,Laptop,Windows,Edge,Inactive
DEV004326,Mobile,iOS,Chrome,Active
DEV004327,Mobile,Windows,Edge,Active
DEV004328,Mobile,Windows,Chrome,Active
DEV004329,Mobile,iOS,Chrome,Active
DEV004330,Mobile,Android,Chrome,Active
DEV004331,Mobile,macOS,Safari,Active
DEV004332,Laptop,Android,Chrome,Active
DEV004333,Laptop,iOS,Chrome,Active
DEV004334,Mobile,Android,Chrome,Inactive
DEV004335,Tablet,macOS,Chrome,Active
DEV004336,Mobile,Android,Chrome,Active
DEV004337,Mobile,macOS,Chrome,Active
DEV004338,Mobile,Windows,Firefox,Active
DEV004339,Tablet,Windows,Chrome,Active
DEV004340,Laptop,Android,Chrome,Active
DEV004341,Mobile,Windows,Chrome,Active
DEV004342,Mobile,Windows,Firefox,Active
DEV004343,Laptop,macOS,Edge,Active
DEV004344,Laptop,Windows,Safari,Active
DEV004345,Mobile,Android,Safari,Active
DEV004346,Mobile,Android,Chrome,Active
DEV004347,Mobile,Android,Chrome,Active
DEV004348,Mobile,Windows,Firefox,Active
DEV004349,Mobile,Android,Chrome,Active
DEV004350,Laptop,Android,Edge,Active
DEV004351,Laptop,Android,Safari,Active
DEV004352,Mobile,Android,Chrome,Active
DEV004353,Laptop,macOS,Firefox,Active
DEV004354,Mobile,Android,Chrome,Active
DEV004355,Mobile,iOS,Chrome,Active
DEV004356,Mobile,Windows,Chrome,Active
DEV004357,Laptop,iOS,Chrome,Active
DEV004358,Laptop,Windows,Edge,Active
DEV004359,Mobile,iOS,Chrome,Inactive
DEV004360,Mobile,Windows,Safari,Active
DEV004361,Mobile,Android,Safari,Active
DEV004362,Mobile,Android,Edge,Active
DEV004363,Laptop,Android,Chrome,Active
DEV004364,Mobile,iOS,Chrome,Active
DEV004365,Mobile,Android,Chrome,Active
DEV004366,Mobile,iOS,Chrome,Active
DEV004367,Mobile,Android,Chrome,Active
DEV004368,Tablet,macOS,Chrome,Active
DEV004369,Laptop,Windows,Chrome,Inactive
DEV004370,Laptop,Windows,Chrome,Active
DEV004371,Mobile,Windows,Safari,Active
DEV004372,Laptop,iOS,Safari,Active
DEV004373,Tablet,Android,Chrome,Active
DEV004374,Tablet,iOS,Firefox,Inactive
DEV004375,Mobile,iOS,Safari,Active
DEV004376,Mobile,Android,Firefox,Active
DEV004377,Mobile,iOS,Chrome,Active
DEV004378,Mobile,macOS,Chrome,Active
DEV004379,Mobile,Android,Chrome,Active
DEV004380,Laptop,iOS,Chrome,Active
DEV004381,Tablet,Windows,Chrome,Inactive
DEV004382,Laptop,macOS,Chrome,Active
DEV004383,Laptop,Android,Edge,Active
DEV004384,Tablet,Android,Edge,Active
DEV004385,Laptop,iOS,Chrome,Active
DEV004386,Laptop,Android,Chrome,Active
DEV004387,Mobile,iOS,Edge,Active
DEV004388,Mobile,Android,Edge,Active
DEV004389,Mobile,macOS,Chrome,Active
DEV004390,Mobile,iOS,Chrome,Active
DEV004391,Mobile,Android,Firefox,Active
DEV004392,Mobile,iOS,Chrome,Active
DEV004393,Mobile,Android,Edge,Active
DEV004394,Mobile,Android,Chrome,Active
DEV004395,Mobile,Android,Edge,Active
DEV004396,Mobile,Android,Chrome,Active
DEV004397,Mobile,Android,Safari,Active
DEV004398,Mobile,Android,Edge,Active
DEV004399,Mobile,iOS,Chrome,Active
DEV004400,Mobile,macOS,Safari,Active
DEV004401,Mobile,macOS,Firefox,Active
DEV004402,Mobile,macOS,Edge,Active
DEV004403,Mobile,Windows,Safari,Active
DEV004404,Mobile,Android,Safari,Active
DEV004405,Mobile,iOS,Chrome,Active
DEV004406,Mobile,Android,Chrome,Inactive
DEV004407,Mobile,iOS,Safari,Active
DEV004408,Mobile,iOS,Safari,Active
DEV004409,Mobile,Windows,Chrome,Active
DEV004410,Laptop,Windows,Edge,Active
DEV004411,Mobile,Windows,Chrome,Active
DEV004412,Mobile,Android,Safari,Inactive
DEV004413,Mobile,iOS,Chrome,Active
DEV004414,Tablet,Android,Edge,Active
DEV004415,Mobile,Android,Safari,Active
DEV004416,Mobile,iOS,Edge,Active
DEV004417,Mobile,Android,Chrome,Active
DEV004418,Mobile,Windows,Safari,Active
DEV004419,Laptop,Windows,Edge,Active
DEV004420,Laptop,Android,Firefox,Active
DEV004421,Laptop,Android,Edge,Active
DEV004422,Mobile,Windows,Chrome,Active
DEV004423,Mobile,macOS,Chrome,Active
DEV004424,Mobile,Android,Chrome,Inactive
DEV004425,Mobile,Android,Edge,Active
DEV004426,Laptop,Android,Safari,Inactive
DEV004427,Mobile,Windows,Chrome,Active
DEV004428,Mobile,macOS,Edge,Active
DEV004429,Mobile,Android,Chrome,Active
DEV004430,Mobile,iOS,Edge,Active
DEV004431,Mobile,Android,Chrome,Active
DEV004432,Laptop,iOS,Edge,Active
DEV004433,Mobile,Android,Safari,Active
DEV004434,Tablet,macOS,Firefox,Inactive
DEV004435,Mobile,Android,Chrome,Active
DEV004436,Mobile,iOS,Chrome,Active
DEV004437,Mobile,iOS,Chrome,Active
DEV004438,Mobile,Android,Chrome,Active
DEV004439,Mobile,Android,Chrome,Active
DEV004440,Mobile,Android,Chrome,Active
DEV004441,Mobile,iOS,Chrome,Inactive
DEV004442,Mobile,Windows,Chrome,Active
DEV004443,Laptop,Android,Chrome,Active
DEV004444,Mobile,Windows,Chrome,Active
DEV004445,Mobile,macOS,Firefox,Active
DEV004446,Mobile,macOS,Chrome,Active
DEV004447,Mobile,Android,Safari,Active
DEV004448,Mobile,Android,Edge,Inactive
DEV004449,Mobile,Android,Chrome,Active
DEV004450,Laptop,Android,Safari,Active
DEV004451,Mobile,Windows,Safari,Active
DEV004452,Mobile,Android,Chrome,Active
DEV004453,Mobile,iOS,Chrome,Active
DEV004454,Mobile,Android,Chrome,Active
DEV004455,Mobile,Android,Safari,Active
DEV004456,Mobile,iOS,Safari,Active
DEV004457,Mobile,Android,Chrome,Active
DEV004458,Mobile,Android,Chrome,Active
DEV004459,Mobile,Android,Edge,Inactive
DEV004460,Laptop,Android,Chrome,Active
DEV004461,Mobile,macOS,Safari,Active
DEV004462,Laptop,macOS,Chrome,Active
DEV004463,Mobile,Android,Chrome,Active
DEV004464,Mobile,Android,Firefox,Active
DEV004465,Mobile,iOS,Chrome,Active
DEV004466,Laptop,iOS,Edge,Active
DEV004467,Mobile,Windows,Edge,Active
DEV004468,Tablet,iOS,Edge,Active
DEV004469,Laptop,Android,Firefox,Active
DEV004470,Mobile,Android,Chrome,Active
DEV004471,Mobile,Android,Chrome,Active
DEV004472,Mobile,Windows,Safari,Active
DEV004473,Mobile,Android,Safari,Active
DEV004474,Laptop,iOS,Chrome,Active
DEV004475,Mobile,macOS,Chrome,Active
DEV004476,Mobile,iOS,Safari,Active
DEV004477,Mobile,Android,Firefox,Active
DEV004478,Laptop,Android,Safari,Active
DEV004479,Tablet,iOS,Chrome,Active
DEV004480,Mobile,iOS,Chrome,Active
DEV004481,Mobile,Android,Firefox,Active
DEV004482,Mobile,macOS,Chrome,Active
DEV004483,Mobile,iOS,Chrome,Active
DEV004484,Mobile,iOS,Firefox,Active
DEV004485,Mobile,Android,Edge,Active
DEV004486,Mobile,iOS,Safari,Active
DEV004487,Mobile,Android,Chrome,Active
DEV004488,Mobile,Android,Edge,Active
DEV004489,Mobile,iOS,Edge,Active
DEV004490,Tablet,Android,Safari,Active
DEV004491,Mobile,iOS,Chrome,Active
DEV004492,Mobile,Android,Chrome,Active
DEV004493,Mobile,iOS,Safari,Active
DEV004494,Mobile,Android,Edge,Active
DEV004495,Mobile,Android,Edge,Active
DEV004496,Mobile,iOS,Chrome,Active
DEV004497,Mobile,Windows,Edge,Active
DEV004498,Mobile,Android,Chrome,Active
DEV004499,Laptop,Android,Safari,Active
DEV004500,Tablet,iOS,Safari,Active
DEV004501,Mobile,Android,Chrome,Active
DEV004502,Mobile,iOS,Chrome,Active
DEV004503,Tablet,Android,Edge,Active
DEV004504,Mobile,Windows,Chrome,Active
DEV004505,Mobile,Android,Chrome,Active
DEV004506,Mobile,Android,Chrome,Active
DEV004507,Mobile,Android,Chrome,Active
DEV004508,Mobile,Android,Safari,Active
DEV004509,Mobile,macOS,Edge,Active
DEV004510,Mobile,iOS,Edge,Active
DEV004511,Mobile,Android,Edge,Active
DEV004512,Mobile,iOS,Firefox,Active
DEV004513,Mobile,Windows,Firefox,Active
DEV004514,Mobile,macOS,Chrome,Active
DEV004515,Laptop,iOS,Chrome,Active
DEV004516,Laptop,Windows,Chrome,Active
DEV004517,Mobile,Windows,Edge,Active
DEV004518,Mobile,iOS,Chrome,Active
DEV004519,Mobile,Android,Chrome,Active
DEV004520,Mobile,iOS,Chrome,Active
DEV004521,Mobile,Android,Safari,Active
DEV004522,Laptop,Windows,Chrome,Active
DEV004523,Mobile,Android,Chrome,Active
DEV004524,Laptop,Android,Chrome,Inactive
DEV004525,Mobile,Android,Chrome,Active
DEV004526,Tablet,Windows,Chrome,Inactive
DEV004527,Mobile,Android,Chrome,Active
DEV004528,Mobile,Windows,Chrome,Active
DEV004529,Mobile,iOS,Chrome,Active
DEV004530,Mobile,iOS,Chrome,Active
DEV004531,Mobile,Android,Chrome,Active
DEV004532,Laptop,Windows,Chrome,Active
DEV004533,Laptop,Windows,Chrome,Active
DEV004534,Mobile,Android,Edge,Active
DEV004535,Mobile,iOS,Safari,Inactive
DEV004536,Mobile,Android,Chrome,Active
DEV004537,Mobile,Android,Safari,Active
DEV004538,Mobile,Android,Chrome,Active
DEV004539,Mobile,Android,Chrome,Active
DEV004540,Mobile,Android,Safari,Active
DEV004541,Mobile,Android,Chrome,Active
DEV004542,Laptop,Android,Chrome,Active
DEV004543,Mobile,iOS,Chrome,Active
DEV004544,Mobile,macOS,Edge,Active
DEV004545,Mobile,iOS,Chrome,Active
DEV004546,Tablet,Android,Chrome,Active
DEV004547,Mobile,iOS,Safari,Inactive
DEV004548,Mobile,iOS,Edge,Active
DEV004549,Mobile,Android,Chrome,Active
DEV004550,Mobile,Android,Safari,Active
DEV004551,Mobile,Android,Chrome,Active
DEV004552,Laptop,Android,Firefox,Active
DEV004553,Mobile,Windows,Chrome,Active
DEV004554,Mobile,iOS,Chrome,Active
DEV004555,Mobile,Windows,Chrome,Active
DEV004556,Mobile,Android,Safari,Active
DEV004557,Mobile,Windows,Safari,Active
DEV004558,Mobile,iOS,Edge,Active
DEV004559,Mobile,Android,Chrome,Active
DEV004560,Mobile,Windows,Chrome,Active
DEV004561,Laptop,Android,Safari,Active
DEV004562,Laptop,Android,Edge,Inactive
DEV004563,Mobile,iOS,Chrome,Active
DEV004564,Laptop,Windows,Firefox,Active
DEV004565,Mobile,Android,Chrome,Active
DEV004566,Mobile,iOS,Edge,Active
DEV004567,Laptop,Windows,Chrome,Active
DEV004568,Tablet,macOS,Chrome,Active
DEV004569,Mobile,Windows,Safari,Active
DEV004570,Mobile,iOS,Chrome,Inactive
DEV004571,Tablet,Android,Firefox,Active
DEV004572,Mobile,Android,Edge,Active
DEV004573,Laptop,Windows,Safari,Active
DEV004574,Tablet,Android,Chrome,Active
DEV004575,Mobile,iOS,Chrome,Active
DEV004576,Mobile,Android,Chrome,Active
DEV004577,Mobile,Windows,Safari,Active
DEV004578,Mobile,macOS,Chrome,Active
DEV004579,Laptop,iOS,Chrome,Inactive
DEV004580,Tablet,iOS,Chrome,Active
DEV004581,Laptop,Windows,Chrome,Active
DEV004582,Mobile,iOS,Safari,Active
DEV004583,Mobile,Android,Chrome,Active
DEV004584,Mobile,Android,Chrome,Active
DEV004585,Mobile,Windows,Safari,Active
DEV004586,Laptop,Windows,Chrome,Active
DEV004587,Laptop,Android,Safari,Active
DEV004588,Mobile,iOS,Firefox,Active
DEV004589,Mobile,Android,Safari,Active
DEV004590,Mobile,Android,Chrome,Active
DEV004591,Laptop,macOS,Edge,Active
DEV004592,Mobile,Android,Edge,Active
DEV004593,Mobile,Windows,Chrome,Active
DEV004594,Mobile,Android,Chrome,Active
DEV004595,Mobile,Android,Edge,Active
DEV004596,Mobile,Android,Chrome,Active
DEV004597,Laptop,macOS,Chrome,Active
DEV004598,Mobile,macOS,Chrome,Inactive
DEV004599,Mobile,Windows,Edge,Active
DEV004600,Tablet,Android,Firefox,Active
DEV004601,Tablet,iOS,Firefox,Active
DEV004602,Tablet,Android,Chrome,Active
DEV004603,Laptop,Android,Safari,Active
DEV004604,Laptop,macOS,Chrome,Inactive
DEV004605,Laptop,Windows,Firefox,Active
DEV004606,Mobile,Android,Chrome,Active
DEV004607,Laptop,Android,Safari,Active
DEV004608,Mobile,Windows,Edge,Active
DEV004609,Mobile,Android,Edge,Active
DEV004610,Tablet,iOS,Chrome,Active
DEV004611,Mobile,Android,Chrome,Active
DEV004612,Mobile,iOS,Chrome,Active
DEV004613,Mobile,Android,Chrome,Active
DEV004614,Mobile,Android,Firefox,Active
DEV004615,Mobile,macOS,Firefox,Inactive
DEV004616,Tablet,iOS,Chrome,Active
DEV004617,Laptop,Android,Edge,Active
DEV004618,Mobile,Android,Chrome,Active
DEV004619,Mobile,Windows,Chrome,Active
DEV004620,Mobile,Android,Firefox,Active
DEV004621,Mobile,iOS,Edge,Active
DEV004622,Mobile,Windows,Chrome,Active
DEV004623,Laptop,Android,Chrome,Active
DEV004624,Mobile,macOS,Chrome,Active
DEV004625,Mobile,iOS,Chrome,Active
DEV004626,Mobile,Android,Chrome,Inactive
DEV004627,Mobile,macOS,Edge,Active
DEV004628,Mobile,Windows,Chrome,Active
DEV004629,Laptop,iOS,Safari,Active
DEV004630,Mobile,Android,Chrome,Active
DEV004631,Mobile,iOS,Firefox,Active
DEV004632,Mobile,Android,Chrome,Active
DEV004633,Mobile,Android,Safari,Active
DEV004634,Laptop,Android,Safari,Active
DEV004635,Tablet,Android,Chrome,Active
DEV004636,Tablet,iOS,Chrome,Active
DEV004637,Laptop,iOS,Firefox,Active
DEV004638,Tablet,Windows,Chrome,Active
DEV004639,Tablet,Android,Chrome,Active
DEV004640,Tablet,iOS,Chrome,Inactive
DEV004641,Mobile,Android,Safari,Active
DEV004642,Tablet,Android,Chrome,Active
DEV004643,Mobile,macOS,Edge,Active
DEV004644,Mobile,Android,Firefox,Active
DEV004645,Mobile,Android,Safari,Active
DEV004646,Mobile,iOS,Safari,Active
DEV004647,Mobile,iOS,Firefox,Active
DEV004648,Mobile,Android,Safari,Active
DEV004649,Mobile,macOS,Chrome,Active
DEV004650,Mobile,Android,Safari,Active
DEV004651,Mobile,Android,Safari,Active
DEV004652,Mobile,iOS,Safari,Active
DEV004653,Mobile,macOS,Safari,Active
DEV004654,Laptop,Android,Chrome,Active
DEV004655,Laptop,Android,Chrome,Active
DEV004656,Mobile,iOS,Edge,Active
DEV004657,Mobile,Android,Firefox,Active
DEV004658,Mobile,iOS,Edge,Active
DEV004659,Mobile,Android,Chrome,Active
DEV004660,Mobile,Android,Firefox,Active
DEV004661,Mobile,Android,Chrome,Active
DEV004662,Mobile,Windows,Chrome,Active
DEV004663,Laptop,Android,Chrome,Active
DEV004664,Mobile,iOS,Chrome,Active
DEV004665,Laptop,macOS,Edge,Active
DEV004666,Mobile,Android,Safari,Active
DEV004667,Laptop,iOS,Safari,Active
DEV004668,Mobile,Android,Chrome,Active
DEV004669,Laptop,macOS,Firefox,Active
DEV004670,Mobile,iOS,Chrome,Active
DEV004671,Mobile,Windows,Chrome,Active
DEV004672,Mobile,iOS,Safari,Active
DEV004673,Laptop,iOS,Firefox,Active
DEV004674,Mobile,macOS,Firefox,Active
DEV004675,Mobile,iOS,Chrome,Inactive
DEV004676,Mobile,Android,Chrome,Inactive
DEV004677,Mobile,Android,Firefox,Active
DEV004678,Mobile,macOS,Chrome,Active
DEV004679,Mobile,iOS,Edge,Active
DEV004680,Mobile,iOS,Chrome,Active
DEV004681,Mobile,Android,Chrome,Active
DEV004682,Laptop,Android,Edge,Active
DEV004683,Laptop,Windows,Safari,Active
DEV004684,Mobile,Windows,Chrome,Active
DEV004685,Mobile,iOS,Chrome,Active
DEV004686,Laptop,iOS,Chrome,Active
DEV004687,Mobile,iOS,Chrome,Active
DEV004688,Mobile,iOS,Chrome,Active
DEV004689,Mobile,iOS,Edge,Active
DEV004690,Mobile,Android,Safari,Active
DEV004691,Mobile,Windows,Edge,Active
DEV004692,Laptop,iOS,Firefox,Active
DEV004693,Mobile,Android,Safari,Active
DEV004694,Mobile,Android,Chrome,Active
DEV004695,Laptop,Android,Safari,Active
DEV004696,Laptop,iOS,Firefox,Active
DEV004697,Mobile,macOS,Safari,Active
DEV004698,Laptop,Android,Chrome,Active
DEV004699,Laptop,Windows,Chrome,Active
DEV004700,Mobile,Android,Chrome,Active
DEV004701,Laptop,Android,Chrome,Active
DEV004702,Mobile,Android,Chrome,Active
DEV004703,Mobile,macOS,Chrome,Active
DEV004704,Mobile,Android,Safari,Inactive
DEV004705,Mobile,iOS,Chrome,Active
DEV004706,Mobile,iOS,Chrome,Active
DEV004707,Mobile,Android,Chrome,Active
DEV004708,Mobile,Android,Edge,Active
DEV004709,Mobile,Windows,Edge,Inactive
DEV004710,Laptop,Android,Chrome,Active
DEV004711,Mobile,iOS,Safari,Active
DEV004712,Mobile,Android,Chrome,Active
DEV004713,Mobile,iOS,Chrome,Active
DEV004714,Mobile,macOS,Edge,Active
DEV004715,Tablet,Windows,Chrome,Inactive
DEV004716,Laptop,Android,Chrome,Active
DEV004717,Mobile,Windows,Safari,Active
DEV004718,Laptop,Android,Chrome,Active
DEV004719,Mobile,Windows,Firefox,Active
DEV004720,Mobile,Windows,Chrome,Active
DEV004721,Mobile,Windows,Chrome,Active
DEV004722,Mobile,iOS,Safari,Active
DEV004723,Mobile,Android,Safari,Active
DEV004724,Mobile,Android,Chrome,Active
DEV004725,Mobile,Android,Firefox,Active
DEV004726,Mobile,iOS,Chrome,Active
DEV004727,Mobile,iOS,Edge,Inactive
DEV004728,Tablet,Android,Chrome,Active
DEV004729,Laptop,iOS,Safari,Active
DEV004730,Tablet,Android,Chrome,Active
DEV004731,Mobile,iOS,Chrome,Active
DEV004732,Laptop,Windows,Safari,Active
DEV004733,Mobile,Android,Firefox,Active
DEV004734,Mobile,Android,Edge,Active
DEV004735,Mobile,iOS,Chrome,Active
DEV004736,Laptop,Windows,Edge,Active
DEV004737,Mobile,Android,Edge,Inactive
DEV004738,Mobile,Android,Chrome,Active
DEV004739,Mobile,iOS,Chrome,Active
DEV004740,Mobile,Android,Edge,Active
DEV004741,Laptop,Android,Safari,Active
DEV004742,Mobile,iOS,Edge,Inactive
DEV004743,Tablet,Android,Safari,Active
DEV004744,Mobile,Android,Chrome,Active
DEV004745,Mobile,Android,Chrome,Active
DEV004746,Mobile,macOS,Chrome,Active
DEV004747,Tablet,iOS,Chrome,Active
DEV004748,Mobile,Windows,Chrome,Inactive
DEV004749,Mobile,Android,Edge,Active
DEV004750,Mobile,macOS,Safari,Active
DEV004751,Mobile,Android,Chrome,Active
DEV004752,Mobile,Android,Safari,Active
DEV004753,Mobile,iOS,Edge,Active
DEV004754,Mobile,Android,Chrome,Active
DEV004755,Mobile,Android,Chrome,Active
DEV004756,Mobile,macOS,Chrome,Active
DEV004757,Mobile,Android,Chrome,Active
DEV004758,Mobile,Android,Edge,Active
DEV004759,Laptop,Android,Safari,Active
DEV004760,Mobile,Windows,Chrome,Active
DEV004761,Tablet,Android,Edge,Active
DEV004762,Mobile,iOS,Safari,Active
DEV004763,Mobile,Android,Chrome,Active
DEV004764,Mobile,iOS,Chrome,Active
DEV004765,Mobile,iOS,Chrome,Inactive
DEV004766,Mobile,Windows,Chrome,Active
DEV004767,Mobile,iOS,Safari,Inactive
DEV004768,Tablet,macOS,Edge,Active
DEV004769,Mobile,Android,Safari,Active
DEV004770,Laptop,macOS,Safari,Active
DEV004771,Mobile,Android,Edge,Inactive
DEV004772,Mobile,Windows,Chrome,Active
DEV004773,Laptop,Android,Chrome,Active
DEV004774,Mobile,iOS,Chrome,Active
DEV004775,Mobile,iOS,Edge,Active
DEV004776,Mobile,Windows,Chrome,Active
DEV004777,Mobile,Android,Firefox,Active
DEV004778,Mobile,Windows,Chrome,Active
DEV004779,Mobile,macOS,Edge,Active
DEV004780,Mobile,Windows,Chrome,Active
DEV004781,Mobile,Android,Chrome,Active
DEV004782,Laptop,Android,Safari,Active
DEV004783,Mobile,iOS,Edge,Active
DEV004784,Mobile,Android,Chrome,Active
DEV004785,Mobile,Android,Chrome,Active
DEV004786,Mobile,Android,Edge,Active
DEV004787,Laptop,macOS,Safari,Active
DEV004788,Tablet,Windows,Safari,Active
DEV004789,Mobile,Windows,Edge,Active
DEV004790,Mobile,Android,Edge,Active
DEV004791,Mobile,iOS,Chrome,Active
DEV004792,Mobile,Windows,Chrome,Active
DEV004793,Mobile,iOS,Chrome,Active
DEV004794,Mobile,Windows,Edge,Active
DEV004795,Mobile,Android,Safari,Active
DEV004796,Mobile,iOS,Chrome,Active
DEV004797,Mobile,iOS,Chrome,Active
DEV004798,Mobile,Android,Chrome,Active
DEV004799,Tablet,Android,Chrome,Inactive
DEV004800,Mobile,iOS,Safari,Active
DEV004801,Laptop,iOS,Chrome,Active
DEV004802,Mobile,iOS,Firefox,Active
DEV004803,Tablet,Android,Firefox,Active
DEV004804,Mobile,Android,Chrome,Active
DEV004805,Mobile,Android,Safari,Active
DEV004806,Laptop,Android,Edge,Active
DEV004807,Laptop,Android,Firefox,Active
DEV004808,Mobile,Android,Chrome,Active
DEV004809,Mobile,Android,Chrome,Active
DEV004810,Laptop,Android,Firefox,Active
DEV004811,Mobile,Windows,Chrome,Active
DEV004812,Laptop,Android,Chrome,Active
DEV004813,Mobile,Android,Safari,Active
DEV004814,Mobile,Windows,Safari,Active
DEV004815,Mobile,Android,Edge,Active
DEV004816,Mobile,macOS,Chrome,Active
DEV004817,Mobile,iOS,Edge,Active
DEV004818,Laptop,Windows,Chrome,Active
DEV004819,Mobile,macOS,Safari,Active
DEV004820,Mobile,iOS,Chrome,Active
DEV004821,Mobile,iOS,Chrome,Active
DEV004822,Mobile,Android,Chrome,Active
DEV004823,Mobile,iOS,Safari,Active
DEV004824,Mobile,Android,Chrome,Active
DEV004825,Laptop,Android,Safari,Active
DEV004826,Laptop,Android,Safari,Active
DEV004827,Mobile,Android,Chrome,Active
DEV004828,Mobile,Windows,Edge,Active
DEV004829,Mobile,macOS,Chrome,Inactive
DEV004830,Mobile,Android,Chrome,Inactive
DEV004831,Mobile,iOS,Chrome,Active
DEV004832,Mobile,Android,Chrome,Active
DEV004833,Mobile,Android,Chrome,Active
DEV004834,Mobile,Android,Edge,Active
DEV004835,Laptop,Android,Chrome,Active
DEV004836,Laptop,iOS,Safari,Inactive
DEV004837,Mobile,iOS,Firefox,Active
DEV004838,Mobile,Android,Edge,Active
DEV004839,Mobile,iOS,Chrome,Active
DEV004840,Mobile,Windows,Safari,Active
DEV004841,Tablet,Windows,Chrome,Inactive
DEV004842,Mobile,Android,Chrome,Active
DEV004843,Mobile,Android,Chrome,Active
DEV004844,Mobile,macOS,Chrome,Inactive
DEV004845,Mobile,Android,Chrome,Active
DEV004846,Laptop,Android,Edge,Active
DEV004847,Laptop,Android,Safari,Inactive
DEV004848,Mobile,Android,Chrome,Active
DEV004849,Laptop,iOS,Safari,Active
DEV004850,Mobile,iOS,Firefox,Inactive
DEV004851,Mobile,Android,Chrome,Active
DEV004852,Mobile,Android,Chrome,Active
DEV004853,Laptop,Android,Chrome,Active
DEV004854,Laptop,Windows,Edge,Active
DEV004855,Mobile,Windows,Edge,Active
DEV004856,Mobile,iOS,Chrome,Active
DEV004857,Mobile,macOS,Chrome,Active
DEV004858,Mobile,macOS,Safari,Inactive
DEV004859,Laptop,Android,Chrome,Active
DEV004860,Mobile,iOS,Chrome,Active
DEV004861,Laptop,Android,Safari,Active
DEV004862,Mobile,Windows,Safari,Active
DEV004863,Mobile,iOS,Chrome,Active
DEV004864,Mobile,Android,Chrome,Active
DEV004865,Mobile,Android,Safari,Active
DEV004866,Mobile,iOS,Edge,Active
DEV004867,Mobile,Windows,Chrome,Active
DEV004868,Tablet,Android,Chrome,Active
DEV004869,Mobile,Android,Chrome,Active
DEV004870,Mobile,macOS,Safari,Active
DEV004871,Mobile,Windows,Chrome,Active
DEV004872,Mobile,Android,Chrome,Active
DEV004873,Laptop,iOS,Chrome,Active
DEV004874,Mobile,macOS,Firefox,Inactive
DEV004875,Mobile,Android,Chrome,Inactive
DEV004876,Mobile,Android,Chrome,Active
DEV004877,Mobile,iOS,Chrome,Inactive
DEV004878,Mobile,Android,Edge,Inactive
DEV004879,Tablet,Windows,Chrome,Active
DEV004880,Mobile,Android,Chrome,Active
DEV004881,Mobile,Android,Chrome,Active
DEV004882,Mobile,Android,Chrome,Active
DEV004883,Tablet,iOS,Chrome,Inactive
DEV004884,Mobile,Android,Chrome,Active
DEV004885,Mobile,Android,Chrome,Active
DEV004886,Mobile,iOS,Chrome,Active
DEV004887,Laptop,macOS,Chrome,Active
DEV004888,Mobile,macOS,Safari,Inactive
DEV004889,Mobile,Android,Chrome,Active
DEV004890,Mobile,iOS,Firefox,Active
DEV004891,Mobile,macOS,Chrome,Active
DEV004892,Laptop,Android,Safari,Active
DEV004893,Laptop,Android,Chrome,Active
DEV004894,Mobile,Android,Chrome,Active
DEV004895,Laptop,iOS,Chrome,Active
DEV004896,Mobile,iOS,Chrome,Active
DEV004897,Mobile,macOS,Chrome,Active
DEV004898,Mobile,macOS,Chrome,Active
DEV004899,Mobile,Android,Edge,Active
DEV004900,Laptop,iOS,Chrome,Active
DEV004901,Mobile,Android,Edge,Active
DEV004902,Mobile,Android,Safari,Active
DEV004903,Mobile,Android,Chrome,Active
DEV004904,Mobile,Android,Chrome,Active
DEV004905,Mobile,Android,Firefox,Active
DEV004906,Mobile,Android,Chrome,Active
DEV004907,Mobile,iOS,Firefox,Active
DEV004908,Laptop,Android,Chrome,Active
DEV004909,Mobile,Android,Chrome,Active
DEV004910,Mobile,Android,Chrome,Active
DEV004911,Mobile,Android,Chrome,Active
DEV004912,Mobile,Android,Chrome,Active
DEV004913,Tablet,Android,Chrome,Active
DEV004914,Laptop,Windows,Chrome,Inactive
DEV004915,Mobile,Android,Edge,Active
DEV004916,Mobile,Windows,Safari,Active
DEV004917,Mobile,Android,Chrome,Active
DEV004918,Mobile,iOS,Chrome,Active
DEV004919,Mobile,iOS,Chrome,Active
DEV004920,Laptop,iOS,Chrome,Active
DEV004921,Mobile,macOS,Edge,Active
DEV004922,Mobile,iOS,Safari,Inactive
DEV004923,Laptop,macOS,Firefox,Active
DEV004924,Tablet,Windows,Firefox,Inactive
DEV004925,Tablet,Android,Chrome,Active
DEV004926,Mobile,Android,Firefox,Active
DEV004927,Mobile,Android,Chrome,Active
DEV004928,Mobile,iOS,Safari,Active
DEV004929,Mobile,Android,Chrome,Active
DEV004930,Mobile,Windows,Chrome,Active
DEV004931,Mobile,Android,Chrome,Active
DEV004932,Mobile,Android,Chrome,Active
DEV004933,Mobile,iOS,Edge,Active
DEV004934,Mobile,macOS,Firefox,Active
DEV004935,Tablet,macOS,Chrome,Active
DEV004936,Laptop,Android,Chrome,Active
DEV004937,Mobile,Android,Chrome,Active
DEV004938,Mobile,Android,Chrome,Active
DEV004939,Laptop,Android,Safari,Active
DEV004940,Mobile,Android,Safari,Active
DEV004941,Mobile,Android,Edge,Active
DEV004942,Tablet,iOS,Edge,Active
DEV004943,Laptop,Android,Chrome,Active
DEV004944,Laptop,Windows,Safari,Active
DEV004945,Mobile,Android,Chrome,Active
DEV004946,Laptop,iOS,Edge,Active
DEV004947,Mobile,Windows,Chrome,Active
DEV004948,Mobile,Android,Safari,Active
DEV004949,Mobile,Android,Firefox,Active
DEV004950,Laptop,iOS,Safari,Active
DEV004951,Mobile,Android,Chrome,Active
DEV004952,Mobile,macOS,Safari,Active
DEV004953,Laptop,Windows,Chrome,Active
DEV004954,Mobile,Android,Edge,Active
DEV004955,Mobile,Android,Chrome,Active
DEV004956,Mobile,iOS,Safari,Active
DEV004957,Mobile,Android,Edge,Active
DEV004958,Laptop,Android,Safari,Active
DEV004959,Mobile,Android,Safari,Active
DEV004960,Mobile,iOS,Safari,Active
DEV004961,Mobile,Android,Chrome,Active
DEV004962,Mobile,Android,Safari,Active
DEV004963,Mobile,Android,Chrome,Active
DEV004964,Mobile,Android,Edge,Active
DEV004965,Mobile,Android,Chrome,Active
DEV004966,Mobile,Android,Firefox,Active
DEV004967,Mobile,Android,Edge,Active
DEV004968,Mobile,Android,Safari,Active
DEV004969,Tablet,Android,Safari,Inactive
DEV004970,Laptop,Android,Firefox,Active
DEV004971,Laptop,iOS,Chrome,Active
DEV004972,Mobile,Windows,Chrome,Active
DEV004973,Mobile,iOS,Chrome,Active
DEV004974,Mobile,Android,Edge,Active
DEV004975,Mobile,Windows,Chrome,Active
DEV004976,Mobile,macOS,Chrome,Active
DEV004977,Tablet,Android,Edge,Active
DEV004978,Laptop,Windows,Chrome,Active
DEV004979,Tablet,iOS,Safari,Active
DEV004980,Tablet,Windows,Chrome,Active
DEV004981,Mobile,Android,Safari,Active
DEV004982,Mobile,iOS,Chrome,Active
DEV004983,Mobile,iOS,Chrome,Inactive
DEV004984,Mobile,Android,Chrome,Active
DEV004985,Laptop,Android,Safari,Active
DEV004986,Mobile,Windows,Edge,Inactive
DEV004987,Mobile,macOS,Chrome,Active
DEV004988,Tablet,macOS,Edge,Active
DEV004989,Tablet,Android,Safari,Active
DEV004990,Mobile,Android,Chrome,Active
DEV004991,Laptop,Android,Chrome,Active
DEV004992,Tablet,Windows,Firefox,Active
DEV004993,Mobile,Android,Edge,Active
DEV004994,Mobile,Android,Chrome,Active
DEV004995,Laptop,Android,Edge,Active
DEV004996,Tablet,Android,Safari,Active
DEV004997,Mobile,Windows,Firefox,Active
DEV004998,Laptop,Android,Chrome,Active
DEV004999,Mobile,Windows,Edge,Active
DEV005000,Mobile,Windows,Chrome,Active
DEV005001,Mobile,iOS,Chrome,Active
DEV005002,Mobile,Android,Safari,Active
DEV005003,Mobile,iOS,Chrome,Active
DEV005004,Mobile,Android,Firefox,Active
DEV005005,Mobile,Android,Chrome,Active
DEV005006,Mobile,iOS,Chrome,Active
DEV005007,Tablet,Windows,Safari,Active
DEV005008,Mobile,iOS,Safari,Active
DEV005009,Mobile,Android,Chrome,Inactive
DEV005010,Mobile,iOS,Safari,Inactive
DEV005011,Mobile,Android,Chrome,Active
DEV005012,Mobile,Android,Chrome,Active
DEV005013,Mobile,Android,Safari,Active
DEV005014,Laptop,Windows,Firefox,Inactive
DEV005015,Mobile,iOS,Chrome,Active
DEV005016,Laptop,Android,Chrome,Active
DEV005017,Mobile,Android,Chrome,Active
DEV005018,Mobile,Android,Safari,Active
DEV005019,Laptop,Windows,Chrome,Active
DEV005020,Mobile,Android,Chrome,Active
DEV005021,Laptop,iOS,Edge,Inactive
DEV005022,Mobile,macOS,Chrome,Active
DEV005023,Mobile,Android,Chrome,Active
DEV005024,Tablet,Windows,Chrome,Active
DEV005025,Laptop,Android,Safari,Active
DEV005026,Tablet,Android,Chrome,Active
DEV005027,Mobile,macOS,Chrome,Active
DEV005028,Mobile,Android,Safari,Active
DEV005029,Mobile,Android,Chrome,Active
DEV005030,Laptop,iOS,Chrome,Active
DEV005031,Tablet,iOS,Firefox,Active
DEV005032,Mobile,iOS,Firefox,Active
DEV005033,Mobile,Windows,Chrome,Active
DEV005034,Mobile,macOS,Edge,Active
DEV005035,Laptop,Android,Chrome,Active
DEV005036,Laptop,Android,Firefox,Active
DEV005037,Mobile,Android,Chrome,Active
DEV005038,Tablet,iOS,Edge,Active
DEV005039,Mobile,Android,Chrome,Active
DEV005040,Mobile,Android,Chrome,Active
DEV005041,Mobile,iOS,Edge,Active
DEV005042,Mobile,Android,Chrome,Active
DEV005043,Mobile,macOS,Chrome,Active
DEV005044,Mobile,macOS,Safari,Active
DEV005045,Laptop,macOS,Chrome,Active
DEV005046,Mobile,iOS,Chrome,Active
DEV005047,Laptop,iOS,Chrome,Active
DEV005048,Laptop,iOS,Chrome,Active
DEV005049,Mobile,Windows,Chrome,Active
DEV005050,Mobile,Android,Edge,Active
DEV005051,Mobile,Android,Safari,Active
DEV005052,Mobile,iOS,Chrome,Active
DEV005053,Mobile,Android,Safari,Active
DEV005054,Mobile,Android,Chrome,Active
DEV005055,Mobile,Android,Chrome,Active
DEV005056,Mobile,Android,Firefox,Active
DEV005057,Tablet,iOS,Edge,Active
DEV005058,Laptop,Windows,Chrome,Active
DEV005059,Mobile,iOS,Chrome,Active
DEV005060,Tablet,Android,Chrome,Active
DEV005061,Mobile,Android,Firefox,Inactive
DEV005062,Mobile,Android,Edge,Active
DEV005063,Laptop,macOS,Safari,Active
DEV005064,Mobile,Windows,Firefox,Active
DEV005065,Mobile,Android,Edge,Active
DEV005066,Mobile,Windows,Firefox,Active
DEV005067,Mobile,iOS,Safari,Active
DEV005068,Mobile,iOS,Chrome,Active
DEV005069,Mobile,Windows,Chrome,Active
DEV005070,Laptop,iOS,Chrome,Active
DEV005071,Mobile,iOS,Chrome,Active
DEV005072,Mobile,Android,Chrome,Active
DEV005073,Laptop,Android,Safari,Active
DEV005074,Mobile,Android,Edge,Active
DEV005075,Mobile,iOS,Chrome,Active
DEV005076,Mobile,Android,Chrome,Active
DEV005077,Mobile,Android,Safari,Active
DEV005078,Mobile,iOS,Chrome,Active
DEV005079,Laptop,iOS,Edge,Active
DEV005080,Laptop,iOS,Chrome,Active
DEV005081,Mobile,iOS,Chrome,Active
DEV005082,Tablet,Windows,Firefox,Active
DEV005083,Laptop,Android,Chrome,Active
DEV005084,Mobile,macOS,Edge,Active
DEV005085,Mobile,macOS,Chrome,Inactive
DEV005086,Laptop,Android,Chrome,Active
DEV005087,Mobile,iOS,Chrome,Active
DEV005088,Mobile,Windows,Chrome,Active
DEV005089,Laptop,Android,Edge,Active
DEV005090,Mobile,iOS,Edge,Active
DEV005091,Laptop,iOS,Chrome,Active
DEV005092,Laptop,Android,Chrome,Active
DEV005093,Mobile,Android,Safari,Active
DEV005094,Mobile,macOS,Chrome,Active
DEV005095,Mobile,Android,Firefox,Active
DEV005096,Mobile,Android,Chrome,Active
DEV005097,Mobile,Android,Chrome,Active
DEV005098,Mobile,Windows,Chrome,Active
DEV005099,Mobile,Windows,Safari,Active
DEV005100,Mobile,iOS,Chrome,Active
DEV005101,Mobile,Windows,Chrome,Active
DEV005102,Mobile,iOS,Chrome,Active
DEV005103,Mobile,Windows,Chrome,Active
DEV005104,Mobile,Android,Chrome,Active
DEV005105,Mobile,Windows,Edge,Active
DEV005106,Mobile,Android,Chrome,Active
DEV005107,Mobile,iOS,Chrome,Active
DEV005108,Laptop,macOS,Chrome,Active
DEV005109,Laptop,Windows,Chrome,Inactive
DEV005110,Laptop,Windows,Chrome,Active
DEV005111,Mobile,Windows,Chrome,Inactive
DEV005112,Mobile,Windows,Edge,Active
DEV005113,Mobile,Android,Chrome,Active
DEV005114,Laptop,macOS,Chrome,Active
DEV005115,Mobile,Windows,Safari,Active
DEV005116,Laptop,Android,Chrome,Inactive
DEV005117,Laptop,Android,Chrome,Active
DEV005118,Mobile,macOS,Chrome,Active
DEV005119,Laptop,Android,Edge,Active
DEV005120,Laptop,iOS,Edge,Active
DEV005121,Tablet,macOS,Chrome,Active
DEV005122,Tablet,macOS,Chrome,Active
DEV005123,Mobile,Windows,Chrome,Active
DEV005124,Mobile,Windows,Edge,Inactive
DEV005125,Tablet,Android,Edge,Active
DEV005126,Mobile,iOS,Chrome,Active
DEV005127,Mobile,iOS,Chrome,Active
DEV005128,Laptop,macOS,Firefox,Active
DEV005129,Mobile,Windows,Safari,Active
DEV005130,Tablet,iOS,Edge,Active
DEV005131,Laptop,iOS,Firefox,Active
DEV005132,Laptop,Android,Chrome,Active
DEV005133,Laptop,Android,Firefox,Active
DEV005134,Mobile,Android,Chrome,Active
DEV005135,Mobile,Android,Safari,Inactive
DEV005136,Mobile,Windows,Edge,Inactive
DEV005137,Mobile,Android,Chrome,Active
DEV005138,Laptop,Android,Safari,Active
DEV005139,Mobile,Android,Chrome,Active
DEV005140,Mobile,Android,Edge,Active
DEV005141,Mobile,macOS,Edge,Inactive
DEV005142,Mobile,iOS,Edge,Active
DEV005143,Tablet,Android,Safari,Active
DEV005144,Mobile,iOS,Edge,Active
DEV005145,Mobile,iOS,Safari,Active
DEV005146,Mobile,Windows,Safari,Active
DEV005147,Mobile,Android,Chrome,Active
DEV005148,Mobile,Android,Chrome,Active
DEV005149,Laptop,Android,Chrome,Active
DEV005150,Mobile,Android,Safari,Active
DEV005151,Mobile,Android,Chrome,Active
DEV005152,Mobile,Windows,Firefox,Active
DEV005153,Mobile,iOS,Firefox,Active
DEV005154,Mobile,Android,Chrome,Active
DEV005155,Mobile,iOS,Chrome,Active
DEV005156,Mobile,iOS,Safari,Active
DEV005157,Mobile,Android,Chrome,Active
DEV005158,Mobile,iOS,Edge,Active
DEV005159,Mobile,iOS,Chrome,Inactive
DEV005160,Mobile,iOS,Edge,Active
DEV005161,Laptop,Windows,Chrome,Active
DEV005162,Mobile,iOS,Safari,Active
DEV005163,Tablet,iOS,Chrome,Active
DEV005164,Mobile,Windows,Chrome,Active
DEV005165,Mobile,Android,Chrome,Inactive
DEV005166,Mobile,Android,Chrome,Inactive
DEV005167,Laptop,macOS,Chrome,Inactive
DEV005168,Mobile,macOS,Safari,Active
DEV005169,Laptop,iOS,Edge,Active
DEV005170,Mobile,iOS,Chrome,Active
DEV005171,Tablet,Android,Chrome,Active
DEV005172,Mobile,Android,Chrome,Active
DEV005173,Laptop,Android,Chrome,Active
DEV005174,Mobile,iOS,Chrome,Active
DEV005175,Mobile,Windows,Safari,Active
DEV005176,Laptop,iOS,Chrome,Active
DEV005177,Mobile,Android,Chrome,Active
DEV005178,Mobile,Android,Edge,Active
DEV005179,Mobile,Android,Edge,Inactive
DEV005180,Tablet,Android,Firefox,Active
DEV005181,Laptop,Windows,Chrome,Active
DEV005182,Mobile,Android,Chrome,Active
DEV005183,Mobile,iOS,Firefox,Active
DEV005184,Laptop,iOS,Edge,Active
DEV005185,Tablet,Android,Chrome,Active
DEV005186,Tablet,iOS,Edge,Active
DEV005187,Laptop,Android,Chrome,Active
DEV005188,Mobile,Windows,Chrome,Active
DEV005189,Laptop,Windows,Edge,Active
DEV005190,Mobile,iOS,Firefox,Active
DEV005191,Mobile,iOS,Firefox,Active
DEV005192,Mobile,iOS,Chrome,Inactive
DEV005193,Laptop,Windows,Chrome,Active
DEV005194,Tablet,Android,Chrome,Active
DEV005195,Laptop,Android,Safari,Active
DEV005196,Mobile,Android,Chrome,Active
DEV005197,Mobile,macOS,Chrome,Active
DEV005198,Mobile,iOS,Firefox,Active
DEV005199,Mobile,Android,Safari,Active
DEV005200,Mobile,Android,Chrome,Inactive
DEV005201,Mobile,iOS,Chrome,Active
DEV005202,Mobile,Android,Firefox,Active
DEV005203,Mobile,iOS,Chrome,Active
DEV005204,Tablet,Android,Chrome,Active
DEV005205,Mobile,Android,Safari,Active
DEV005206,Laptop,iOS,Edge,Active
DEV005207,Mobile,Android,Chrome,Active
DEV005208,Mobile,Android,Edge,Active
DEV005209,Mobile,Android,Chrome,Active
DEV005210,Mobile,iOS,Chrome,Active
DEV005211,Mobile,Windows,Safari,Active
DEV005212,Mobile,iOS,Edge,Active
DEV005213,Laptop,macOS,Chrome,Active
DEV005214,Mobile,Windows,Chrome,Active
DEV005215,Mobile,Windows,Chrome,Active
DEV005216,Mobile,Android,Chrome,Active
DEV005217,Mobile,Windows,Safari,Active
DEV005218,Mobile,Android,Chrome,Active
DEV005219,Mobile,Android,Safari,Active
DEV005220,Mobile,Windows,Chrome,Active
DEV005221,Mobile,Android,Firefox,Active
DEV005222,Mobile,Android,Firefox,Active
DEV005223,Laptop,iOS,Chrome,Active
DEV005224,Laptop,iOS,Chrome,Active
DEV005225,Tablet,macOS,Safari,Active
DEV005226,Tablet,Windows,Chrome,Active
DEV005227,Mobile,Android,Firefox,Active
DEV005228,Laptop,Windows,Chrome,Active
DEV005229,Tablet,Android,Chrome,Active
DEV005230,Laptop,iOS,Safari,Active
DEV005231,Mobile,Android,Edge,Active
DEV005232,Mobile,iOS,Safari,Active
DEV005233,Mobile,Android,Chrome,Active
DEV005234,Mobile,Windows,Edge,Active
DEV005235,Mobile,Android,Chrome,Active
DEV005236,Mobile,Windows,Chrome,Active
DEV005237,Mobile,iOS,Chrome,Active
DEV005238,Mobile,Android,Edge,Inactive
DEV005239,Mobile,iOS,Firefox,Active
DEV005240,Mobile,Android,Edge,Active
DEV005241,Mobile,Android,Chrome,Active
DEV005242,Mobile,macOS,Chrome,Active
DEV005243,Mobile,Windows,Chrome,Active
DEV005244,Laptop,Android,Firefox,Active
DEV005245,Mobile,Android,Chrome,Active
DEV005246,Mobile,macOS,Chrome,Active
DEV005247,Laptop,Android,Chrome,Active
DEV005248,Mobile,macOS,Edge,Active
DEV005249,Mobile,iOS,Chrome,Active
DEV005250,Laptop,Android,Chrome,Active
DEV005251,Laptop,iOS,Chrome,Active
DEV005252,Mobile,Android,Chrome,Active
DEV005253,Mobile,iOS,Safari,Inactive
DEV005254,Mobile,iOS,Chrome,Active
DEV005255,Mobile,iOS,Chrome,Active
DEV005256,Laptop,Android,Chrome,Active
DEV005257,Mobile,Android,Chrome,Active
DEV005258,Mobile,Android,Edge,Active
DEV005259,Mobile,Windows,Safari,Active
DEV005260,Mobile,iOS,Safari,Active
DEV005261,Tablet,Android,Chrome,Active
DEV005262,Mobile,Windows,Chrome,Active
DEV005263,Mobile,Android,Edge,Active
DEV005264,Tablet,iOS,Safari,Active
DEV005265,Mobile,iOS,Safari,Inactive
DEV005266,Mobile,Android,Chrome,Active
DEV005267,Mobile,Android,Safari,Active
DEV005268,Mobile,Android,Chrome,Active
DEV005269,Laptop,Android,Chrome,Active
DEV005270,Tablet,Android,Chrome,Active
DEV005271,Mobile,Android,Firefox,Active
DEV005272,Tablet,Android,Edge,Active
DEV005273,Mobile,iOS,Chrome,Active
DEV005274,Mobile,macOS,Safari,Active
DEV005275,Laptop,iOS,Safari,Active
DEV005276,Laptop,Android,Chrome,Active
DEV005277,Mobile,iOS,Firefox,Active
DEV005278,Mobile,Android,Chrome,Active
DEV005279,Mobile,Android,Chrome,Active
DEV005280,Mobile,Android,Chrome,Active
DEV005281,Mobile,macOS,Chrome,Inactive
DEV005282,Mobile,Android,Safari,Active
DEV005283,Mobile,Android,Firefox,Active
DEV005284,Mobile,Android,Firefox,Active
DEV005285,Mobile,Android,Safari,Active
DEV005286,Mobile,iOS,Safari,Active
DEV005287,Mobile,Android,Chrome,Active
DEV005288,Mobile,iOS,Chrome,Active
DEV005289,Mobile,iOS,Safari,Active
DEV005290,Tablet,Android,Safari,Active
DEV005291,Laptop,Android,Chrome,Active
DEV005292,Mobile,Windows,Chrome,Inactive
DEV005293,Tablet,Android,Chrome,Active
DEV005294,Mobile,Android,Safari,Active
DEV005295,Laptop,Android,Chrome,Active
DEV005296,Mobile,Android,Firefox,Active
DEV005297,Mobile,macOS,Edge,Active
DEV005298,Mobile,iOS,Chrome,Active
DEV005299,Mobile,iOS,Chrome,Active
DEV005300,Mobile,macOS,Edge,Active
DEV005301,Mobile,iOS,Chrome,Active
DEV005302,Mobile,Android,Chrome,Active
DEV005303,Mobile,iOS,Chrome,Active
DEV005304,Tablet,Android,Chrome,Active
DEV005305,Mobile,iOS,Chrome,Active
DEV005306,Mobile,iOS,Safari,Active
DEV005307,Mobile,iOS,Chrome,Active
DEV005308,Mobile,iOS,Chrome,Active
DEV005309,Mobile,macOS,Safari,Active
DEV005310,Laptop,macOS,Edge,Inactive
DEV005311,Mobile,Android,Chrome,Active
DEV005312,Laptop,iOS,Chrome,Active
DEV005313,Mobile,Windows,Safari,Active
DEV005314,Tablet,Windows,Chrome,Active
DEV005315,Mobile,Android,Firefox,Active
DEV005316,Mobile,iOS,Firefox,Active
DEV005317,Laptop,iOS,Chrome,Active
DEV005318,Laptop,Android,Chrome,Active
DEV005319,Laptop,iOS,Edge,Inactive
DEV005320,Mobile,Windows,Chrome,Active
DEV005321,Mobile,iOS,Edge,Active
DEV005322,Tablet,Windows,Chrome,Active
DEV005323,Laptop,Windows,Chrome,Active
DEV005324,Mobile,Android,Firefox,Active
DEV005325,Mobile,Android,Chrome,Active
DEV005326,Mobile,Android,Chrome,Active
DEV005327,Mobile,Android,Firefox,Active
DEV005328,Laptop,Android,Safari,Active
DEV005329,Mobile,macOS,Chrome,Active
DEV005330,Mobile,Android,Chrome,Inactive
DEV005331,Mobile,Android,Chrome,Active
DEV005332,Tablet,Android,Safari,Active
DEV005333,Laptop,Android,Chrome,Active
DEV005334,Laptop,Android,Chrome,Active
DEV005335,Mobile,Android,Edge,Inactive
DEV005336,Mobile,Android,Safari,Active
DEV005337,Laptop,Windows,Safari,Inactive
DEV005338,Mobile,Android,Edge,Inactive
DEV005339,Tablet,Windows,Chrome,Inactive
DEV005340,Mobile,Windows,Chrome,Active
DEV005341,Mobile,macOS,Chrome,Active
DEV005342,Mobile,Android,Chrome,Active
DEV005343,Mobile,Windows,Safari,Active
DEV005344,Mobile,Android,Chrome,Active
DEV005345,Laptop,Windows,Chrome,Active
DEV005346,Mobile,Windows,Chrome,Active
DEV005347,Mobile,iOS,Edge,Active
DEV005348,Mobile,Android,Chrome,Active
DEV005349,Mobile,macOS,Safari,Active
DEV005350,Mobile,iOS,Chrome,Active
DEV005351,Mobile,iOS,Chrome,Active
DEV005352,Mobile,Windows,Chrome,Active
DEV005353,Mobile,Android,Edge,Inactive
DEV005354,Laptop,macOS,Chrome,Active
DEV005355,Mobile,Windows,Firefox,Active
DEV005356,Laptop,Windows,Chrome,Active
DEV005357,Laptop,Android,Chrome,Active
DEV005358,Mobile,iOS,Edge,Active
DEV005359,Tablet,Android,Firefox,Active
DEV005360,Mobile,Android,Safari,Active
DEV005361,Mobile,iOS,Chrome,Active
DEV005362,Tablet,Android,Edge,Inactive
DEV005363,Mobile,Android,Chrome,Active
DEV005364,Laptop,Android,Safari,Active
DEV005365,Laptop,Android,Edge,Active
DEV005366,Mobile,iOS,Firefox,Active
DEV005367,Mobile,Android,Safari,Active
DEV005368,Laptop,Android,Safari,Active
DEV005369,Mobile,Android,Chrome,Active
DEV005370,Laptop,iOS,Chrome,Active
DEV005371,Mobile,Android,Chrome,Active
DEV005372,Mobile,Android,Chrome,Active
DEV005373,Mobile,Android,Chrome,Active
DEV005374,Laptop,Android,Chrome,Active
DEV005375,Laptop,iOS,Safari,Active
DEV005376,Mobile,iOS,Safari,Active
DEV005377,Laptop,Android,Chrome,Active
DEV005378,Mobile,iOS,Chrome,Active
DEV005379,Mobile,Android,Safari,Active
DEV005380,Mobile,iOS,Chrome,Active
DEV005381,Mobile,macOS,Chrome,Active
DEV005382,Laptop,iOS,Safari,Active
DEV005383,Mobile,Windows,Safari,Active
DEV005384,Mobile,Android,Chrome,Active
DEV005385,Mobile,Android,Firefox,Inactive
DEV005386,Mobile,macOS,Edge,Inactive
DEV005387,Mobile,iOS,Chrome,Active
DEV005388,Mobile,macOS,Edge,Active
DEV005389,Mobile,Windows,Chrome,Active
DEV005390,Mobile,Windows,Safari,Inactive
DEV005391,Laptop,Android,Edge,Active
DEV005392,Mobile,macOS,Chrome,Inactive
DEV005393,Laptop,iOS,Firefox,Active
DEV005394,Mobile,Windows,Safari,Active
DEV005395,Mobile,iOS,Chrome,Active
DEV005396,Laptop,Windows,Edge,Active
DEV005397,Laptop,Android,Chrome,Active
DEV005398,Mobile,Android,Safari,Active
DEV005399,Mobile,macOS,Chrome,Active
DEV005400,Tablet,Android,Chrome,Active
DEV005401,Mobile,Windows,Chrome,Active
DEV005402,Tablet,Android,Firefox,Active
DEV005403,Mobile,Android,Edge,Active
DEV005404,Mobile,iOS,Chrome,Active
DEV005405,Mobile,Android,Safari,Active
DEV005406,Mobile,Windows,Chrome,Active
DEV005407,Mobile,Windows,Chrome,Active
DEV005408,Tablet,Android,Chrome,Active
DEV005409,Mobile,Android,Chrome,Active
DEV005410,Laptop,Android,Chrome,Active
DEV005411,Laptop,Windows,Chrome,Active
DEV005412,Mobile,Android,Firefox,Active
DEV005413,Tablet,iOS,Safari,Active
DEV005414,Mobile,Windows,Safari,Active
DEV005415,Mobile,Android,Chrome,Active
DEV005416,Mobile,Android,Safari,Active
DEV005417,Mobile,macOS,Chrome,Active
DEV005418,Mobile,macOS,Edge,Active
DEV005419,Mobile,Windows,Chrome,Active
DEV005420,Laptop,iOS,Edge,Active
DEV005421,Mobile,Windows,Chrome,Active
DEV005422,Laptop,Android,Chrome,Active
DEV005423,Tablet,iOS,Firefox,Active
DEV005424,Mobile,Android,Chrome,Active
DEV005425,Mobile,Android,Chrome,Active
DEV005426,Mobile,iOS,Chrome,Active
DEV005427,Tablet,Android,Chrome,Active
DEV005428,Mobile,Android,Firefox,Active
DEV005429,Laptop,iOS,Chrome,Active
DEV005430,Tablet,Android,Chrome,Active
DEV005431,Laptop,iOS,Chrome,Active
DEV005432,Laptop,iOS,Chrome,Active
DEV005433,Mobile,macOS,Edge,Active
DEV005434,Laptop,Windows,Chrome,Active
DEV005435,Mobile,Android,Chrome,Active
DEV005436,Mobile,iOS,Chrome,Active
DEV005437,Mobile,Android,Safari,Active
DEV005438,Laptop,iOS,Chrome,Active
DEV005439,Mobile,Windows,Chrome,Active
DEV005440,Laptop,Android,Safari,Active
DEV005441,Laptop,Android,Safari,Active
DEV005442,Mobile,Android,Safari,Active
DEV005443,Mobile,iOS,Firefox,Active
DEV005444,Tablet,iOS,Safari,Inactive
DEV005445,Mobile,iOS,Safari,Active
DEV005446,Laptop,iOS,Chrome,Inactive
DEV005447,Mobile,Android,Chrome,Inactive
DEV005448,Tablet,Windows,Chrome,Active
DEV005449,Mobile,Windows,Chrome,Active
DEV005450,Mobile,Android,Safari,Active
DEV005451,Tablet,Android,Chrome,Active
DEV005452,Laptop,Android,Chrome,Active
DEV005453,Tablet,macOS,Edge,Active
DEV005454,Mobile,Android,Chrome,Inactive
DEV005455,Mobile,macOS,Firefox,Active
DEV005456,Mobile,Windows,Safari,Active
DEV005457,Mobile,iOS,Chrome,Active
DEV005458,Laptop,iOS,Safari,Active
DEV005459,Mobile,Windows,Chrome,Active
DEV005460,Laptop,macOS,Chrome,Active
DEV005461,Mobile,Windows,Chrome,Active
DEV005462,Mobile,iOS,Safari,Active
DEV005463,Mobile,Android,Chrome,Inactive
DEV005464,Tablet,Android,Safari,Active
DEV005465,Mobile,Android,Chrome,Inactive
DEV005466,Mobile,macOS,Chrome,Active
DEV005467,Mobile,Android,Chrome,Active
DEV005468,Laptop,Android,Safari,Active
DEV005469,Mobile,Android,Chrome,Active
DEV005470,Mobile,iOS,Safari,Active
DEV005471,Mobile,Android,Safari,Active
DEV005472,Mobile,Android,Chrome,Active
DEV005473,Mobile,Windows,Chrome,Active
DEV005474,Tablet,Android,Chrome,Inactive
DEV005475,Mobile,Android,Edge,Active
DEV005476,Laptop,Android,Chrome,Active
DEV005477,Mobile,Android,Chrome,Active
DEV005478,Mobile,Android,Chrome,Inactive
DEV005479,Mobile,macOS,Safari,Inactive
DEV005480,Mobile,iOS,Edge,Active
DEV005481,Mobile,Android,Safari,Inactive
DEV005482,Mobile,Android,Chrome,Active
DEV005483,Mobile,Android,Chrome,Active
DEV005484,Laptop,Android,Chrome,Active
DEV005485,Laptop,Android,Chrome,Inactive
DEV005486,Laptop,iOS,Chrome,Active
DEV005487,Mobile,Android,Safari,Active
DEV005488,Mobile,iOS,Chrome,Active
DEV005489,Laptop,macOS,Chrome,Active
DEV005490,Mobile,iOS,Edge,Active
DEV005491,Mobile,Windows,Edge,Inactive
DEV005492,Tablet,Windows,Safari,Active
DEV005493,Mobile,Windows,Safari,Active
DEV005494,Mobile,iOS,Chrome,Active
DEV005495,Mobile,Windows,Edge,Active
DEV005496,Tablet,Android,Safari,Active
DEV005497,Mobile,Android,Chrome,Active
DEV005498,Mobile,iOS,Chrome,Active
DEV005499,Mobile,Android,Chrome,Active
DEV005500,Mobile,macOS,Chrome,Active
DEV005501,Mobile,Android,Chrome,Active
DEV005502,Mobile,Windows,Chrome,Active
DEV005503,Mobile,Android,Edge,Active
DEV005504,Mobile,Android,Firefox,Active
DEV005505,Laptop,iOS,Chrome,Active
DEV005506,Mobile,Android,Chrome,Inactive
DEV005507,Mobile,Windows,Safari,Active
DEV005508,Tablet,Android,Safari,Inactive
DEV005509,Mobile,iOS,Edge,Active
DEV005510,Mobile,iOS,Firefox,Active
DEV005511,Mobile,Android,Safari,Active
DEV005512,Laptop,Android,Chrome,Inactive
DEV005513,Laptop,iOS,Chrome,Active
DEV005514,Mobile,macOS,Firefox,Active
DEV005515,Mobile,Windows,Safari,Active
DEV005516,Laptop,iOS,Safari,Active
DEV005517,Mobile,Android,Chrome,Active
DEV005518,Mobile,Windows,Safari,Active
DEV005519,Mobile,iOS,Safari,Active
DEV005520,Mobile,Android,Edge,Active
DEV005521,Mobile,iOS,Chrome,Active
DEV005522,Mobile,Android,Chrome,Active
DEV005523,Tablet,Android,Edge,Active
DEV005524,Mobile,Android,Chrome,Active
DEV005525,Mobile,Android,Chrome,Active
DEV005526,Mobile,Windows,Chrome,Active
DEV005527,Laptop,Android,Safari,Active
DEV005528,Mobile,iOS,Chrome,Active
DEV005529,Tablet,Windows,Chrome,Active
DEV005530,Laptop,macOS,Safari,Active
DEV005531,Tablet,Windows,Chrome,Active
DEV005532,Laptop,Windows,Chrome,Active
DEV005533,Mobile,iOS,Firefox,Active
DEV005534,Laptop,Android,Chrome,Active
DEV005535,Mobile,Android,Chrome,Active
DEV005536,Mobile,Windows,Safari,Active
DEV005537,Laptop,iOS,Edge,Active
DEV005538,Tablet,Android,Safari,Active
DEV005539,Mobile,macOS,Edge,Active
DEV005540,Laptop,Android,Chrome,Active
DEV005541,Laptop,Android,Firefox,Active
DEV005542,Mobile,Windows,Firefox,Active
DEV005543,Mobile,Windows,Chrome,Active
DEV005544,Mobile,iOS,Chrome,Active
DEV005545,Mobile,macOS,Edge,Active
DEV005546,Mobile,Android,Chrome,Active
DEV005547,Mobile,Android,Chrome,Active
DEV005548,Mobile,Android,Chrome,Inactive
DEV005549,Laptop,Android,Chrome,Inactive
DEV005550,Mobile,Android,Chrome,Active
DEV005551,Laptop,Windows,Edge,Active
DEV005552,Mobile,Windows,Edge,Active
DEV005553,Tablet,Android,Firefox,Active
DEV005554,Laptop,macOS,Chrome,Active
DEV005555,Mobile,Android,Safari,Active
DEV005556,Laptop,macOS,Safari,Active
DEV005557,Mobile,macOS,Edge,Active
DEV005558,Mobile,Android,Chrome,Active
DEV005559,Laptop,Android,Safari,Active
DEV005560,Laptop,Android,Chrome,Active
DEV005561,Laptop,iOS,Chrome,Active
DEV005562,Mobile,Android,Chrome,Active
DEV005563,Laptop,iOS,Safari,Inactive
DEV005564,Mobile,Android,Chrome,Active
DEV005565,Mobile,iOS,Edge,Active
DEV005566,Mobile,Android,Safari,Active
DEV005567,Laptop,Android,Chrome,Active
DEV005568,Mobile,Android,Chrome,Active
DEV005569,Mobile,Android,Firefox,Active
DEV005570,Mobile,Android,Chrome,Active
DEV005571,Mobile,iOS,Firefox,Active
DEV005572,Mobile,Android,Safari,Inactive
DEV005573,Laptop,macOS,Chrome,Active
DEV005574,Laptop,Android,Safari,Active
DEV005575,Mobile,iOS,Chrome,Active
DEV005576,Mobile,iOS,Chrome,Active
DEV005577,Mobile,Windows,Edge,Active
DEV005578,Mobile,Android,Edge,Active
DEV005579,Mobile,iOS,Chrome,Active
DEV005580,Mobile,Android,Chrome,Active
DEV005581,Mobile,Android,Chrome,Inactive
DEV005582,Mobile,Android,Chrome,Active
DEV005583,Mobile,Android,Chrome,Active
DEV005584,Mobile,iOS,Chrome,Active
DEV005585,Laptop,Android,Chrome,Active
DEV005586,Mobile,iOS,Safari,Active
DEV005587,Tablet,Windows,Chrome,Active
DEV005588,Tablet,Android,Chrome,Active
DEV005589,Mobile,Android,Chrome,Active
DEV005590,Mobile,Android,Chrome,Active
DEV005591,Mobile,Windows,Chrome,Active
DEV005592,Mobile,Android,Chrome,Active
DEV005593,Tablet,Windows,Chrome,Active
DEV005594,Mobile,Android,Firefox,Active
DEV005595,Mobile,macOS,Edge,Active
DEV005596,Tablet,iOS,Chrome,Active
DEV005597,Mobile,Windows,Chrome,Active
DEV005598,Laptop,iOS,Chrome,Active
DEV005599,Mobile,Android,Chrome,Active
DEV005600,Tablet,Android,Chrome,Active
DEV005601,Mobile,iOS,Chrome,Active
DEV005602,Mobile,Android,Chrome,Active
DEV005603,Mobile,macOS,Safari,Active
DEV005604,Mobile,Android,Chrome,Active
DEV005605,Laptop,Android,Firefox,Active
DEV005606,Mobile,Windows,Chrome,Active
DEV005607,Mobile,Windows,Chrome,Active
DEV005608,Mobile,Android,Edge,Active
DEV005609,Mobile,macOS,Safari,Inactive
DEV005610,Laptop,Android,Chrome,Active
DEV005611,Tablet,iOS,Chrome,Active
DEV005612,Laptop,Windows,Chrome,Active
DEV005613,Mobile,Android,Safari,Active
DEV005614,Tablet,Android,Safari,Active
DEV005615,Mobile,Android,Safari,Active
DEV005616,Tablet,Android,Chrome,Active
DEV005617,Mobile,Android,Edge,Active
DEV005618,Mobile,Android,Edge,Active
DEV005619,Laptop,Android,Edge,Active
DEV005620,Laptop,Android,Chrome,Inactive
DEV005621,Laptop,Android,Chrome,Active
DEV005622,Mobile,Android,Chrome,Active
DEV005623,Mobile,Android,Chrome,Active
DEV005624,Mobile,Android,Chrome,Active
DEV005625,Laptop,Windows,Edge,Active
DEV005626,Tablet,iOS,Edge,Active
DEV005627,Mobile,Android,Firefox,Active
DEV005628,Mobile,Android,Chrome,Active
DEV005629,Mobile,Android,Chrome,Active
DEV005630,Tablet,iOS,Edge,Active
DEV005631,Mobile,iOS,Chrome,Active
DEV005632,Mobile,Android,Chrome,Inactive
DEV005633,Tablet,iOS,Chrome,Active
DEV005634,Mobile,Android,Firefox,Active
DEV005635,Laptop,Android,Edge,Active
DEV005636,Laptop,Android,Chrome,Active
DEV005637,Tablet,iOS,Chrome,Active
DEV005638,Mobile,iOS,Chrome,Active
DEV005639,Laptop,Android,Chrome,Active
DEV005640,Mobile,iOS,Edge,Inactive
DEV005641,Laptop,Android,Chrome,Active
DEV005642,Mobile,Windows,Chrome,Active
DEV005643,Laptop,macOS,Chrome,Inactive
DEV005644,Mobile,iOS,Firefox,Active
DEV005645,Mobile,Windows,Chrome,Active
DEV005646,Mobile,Android,Edge,Active
DEV005647,Mobile,macOS,Safari,Active
DEV005648,Laptop,iOS,Edge,Active
DEV005649,Mobile,Android,Chrome,Inactive
DEV005650,Laptop,iOS,Firefox,Active
DEV005651,Mobile,Android,Chrome,Active
DEV005652,Tablet,Android,Firefox,Inactive
DEV005653,Mobile,macOS,Edge,Active
DEV005654,Mobile,Windows,Chrome,Active
DEV005655,Mobile,macOS,Chrome,Inactive
DEV005656,Mobile,Android,Edge,Active
DEV005657,Tablet,Android,Firefox,Active
DEV005658,Mobile,Android,Safari,Active
DEV005659,Mobile,Android,Chrome,Active
DEV005660,Mobile,Android,Safari,Active
DEV005661,Mobile,iOS,Chrome,Active
DEV005662,Mobile,iOS,Safari,Active
DEV005663,Mobile,Android,Chrome,Active
DEV005664,Mobile,Android,Firefox,Active
DEV005665,Mobile,Android,Edge,Active
DEV005666,Mobile,Android,Safari,Active
DEV005667,Mobile,macOS,Chrome,Active
DEV005668,Mobile,iOS,Safari,Active
DEV005669,Laptop,Android,Chrome,Active
DEV005670,Mobile,Android,Chrome,Inactive
DEV005671,Mobile,Android,Edge,Active
DEV005672,Laptop,macOS,Chrome,Active
DEV005673,Laptop,iOS,Chrome,Active
DEV005674,Mobile,Android,Chrome,Active
DEV005675,Mobile,Android,Edge,Active
DEV005676,Mobile,Android,Chrome,Inactive
DEV005677,Mobile,Android,Edge,Active
DEV005678,Mobile,Windows,Edge,Active
DEV005679,Mobile,iOS,Edge,Active
DEV005680,Mobile,Android,Safari,Active
DEV005681,Mobile,Android,Chrome,Active
DEV005682,Laptop,Android,Chrome,Active
DEV005683,Mobile,Windows,Chrome,Active
DEV005684,Laptop,Android,Chrome,Active
DEV005685,Mobile,iOS,Safari,Active
DEV005686,Laptop,Android,Chrome,Active
DEV005687,Tablet,macOS,Safari,Active
DEV005688,Mobile,Android,Chrome,Active
DEV005689,Tablet,iOS,Chrome,Active
DEV005690,Laptop,Android,Edge,Inactive
DEV005691,Mobile,iOS,Chrome,Active
DEV005692,Mobile,iOS,Chrome,Active
DEV005693,Mobile,Android,Edge,Active
DEV005694,Mobile,iOS,Edge,Active
DEV005695,Mobile,Android,Chrome,Active
DEV005696,Mobile,Android,Safari,Active
DEV005697,Mobile,Android,Safari,Active
DEV005698,Mobile,Windows,Edge,Active
DEV005699,Tablet,Android,Edge,Active
DEV005700,Mobile,Android,Firefox,Active
DEV005701,Laptop,Android,Chrome,Active
DEV005702,Mobile,iOS,Firefox,Active
DEV005703,Mobile,macOS,Chrome,Active
DEV005704,Mobile,Android,Chrome,Active
DEV005705,Mobile,macOS,Chrome,Active
DEV005706,Laptop,Windows,Edge,Active
DEV005707,Tablet,Android,Safari,Inactive
DEV005708,Mobile,Android,Firefox,Active
DEV005709,Mobile,Android,Chrome,Active
DEV005710,Mobile,Windows,Safari,Active
DEV005711,Mobile,Windows,Edge,Active
DEV005712,Laptop,Android,Chrome,Active
DEV005713,Mobile,Android,Chrome,Inactive
DEV005714,Mobile,iOS,Chrome,Active
DEV005715,Mobile,Android,Chrome,Active
DEV005716,Mobile,Android,Chrome,Active
DEV005717,Laptop,macOS,Chrome,Active
DEV005718,Tablet,Android,Edge,Active
DEV005719,Mobile,Android,Edge,Inactive
DEV005720,Mobile,Android,Safari,Active
DEV005721,Laptop,Android,Edge,Active
DEV005722,Mobile,Android,Firefox,Active
DEV005723,Mobile,Android,Edge,Active
DEV005724,Mobile,iOS,Safari,Active
DEV005725,Mobile,iOS,Firefox,Active
DEV005726,Mobile,Android,Chrome,Active
DEV005727,Laptop,iOS,Edge,Active
DEV005728,Mobile,iOS,Edge,Active
DEV005729,Mobile,iOS,Safari,Active
DEV005730,Mobile,Android,Chrome,Active
DEV005731,Laptop,iOS,Chrome,Inactive
DEV005732,Mobile,Android,Safari,Active
DEV005733,Mobile,Windows,Firefox,Active
DEV005734,Mobile,Android,Chrome,Active
DEV005735,Mobile,Windows,Chrome,Active
DEV005736,Mobile,Windows,Chrome,Active
DEV005737,Mobile,iOS,Chrome,Active
DEV005738,Mobile,Android,Chrome,Active
DEV005739,Mobile,macOS,Chrome,Inactive
DEV005740,Mobile,Windows,Safari,Active
DEV005741,Mobile,Android,Chrome,Inactive
DEV005742,Mobile,Android,Safari,Active
DEV005743,Laptop,macOS,Chrome,Active
DEV005744,Mobile,Android,Firefox,Active
DEV005745,Mobile,Android,Safari,Active
DEV005746,Mobile,Android,Firefox,Active
DEV005747,Tablet,macOS,Edge,Active
DEV005748,Tablet,Android,Safari,Inactive
DEV005749,Mobile,iOS,Edge,Active
DEV005750,Tablet,Android,Chrome,Active
DEV005751,Mobile,Windows,Chrome,Active
DEV005752,Mobile,macOS,Chrome,Active
DEV005753,Mobile,Android,Firefox,Active
DEV005754,Laptop,iOS,Edge,Active
DEV005755,Mobile,Android,Safari,Active
DEV005756,Mobile,iOS,Safari,Active
DEV005757,Mobile,Windows,Firefox,Active
DEV005758,Mobile,Android,Chrome,Inactive
DEV005759,Mobile,Android,Chrome,Active
DEV005760,Tablet,macOS,Chrome,Active
DEV005761,Laptop,Android,Chrome,Active
DEV005762,Mobile,Android,Chrome,Active
DEV005763,Mobile,Android,Chrome,Active
DEV005764,Mobile,macOS,Safari,Active
DEV005765,Laptop,Android,Safari,Active
DEV005766,Mobile,Android,Chrome,Active
DEV005767,Mobile,Android,Safari,Active
DEV005768,Mobile,macOS,Safari,Active
DEV005769,Mobile,Android,Firefox,Active
DEV005770,Mobile,macOS,Chrome,Active
DEV005771,Mobile,macOS,Chrome,Active
DEV005772,Mobile,Android,Edge,Active
DEV005773,Mobile,Android,Safari,Inactive
DEV005774,Mobile,Android,Safari,Active
DEV005775,Mobile,Android,Edge,Active
DEV005776,Mobile,Android,Edge,Active
DEV005777,Mobile,Android,Firefox,Inactive
DEV005778,Mobile,Windows,Safari,Active
DEV005779,Laptop,Android,Firefox,Active
DEV005780,Mobile,iOS,Chrome,Active
DEV005781,Laptop,Android,Chrome,Active
DEV005782,Mobile,Android,Safari,Active
DEV005783,Mobile,macOS,Firefox,Active
DEV005784,Mobile,Android,Chrome,Active
DEV005785,Mobile,Android,Firefox,Active
DEV005786,Mobile,iOS,Safari,Active
DEV005787,Tablet,iOS,Edge,Active
DEV005788,Mobile,macOS,Chrome,Active
DEV005789,Mobile,iOS,Safari,Active
DEV005790,Laptop,Android,Chrome,Active
DEV005791,Mobile,Android,Safari,Active
DEV005792,Mobile,Android,Chrome,Active
DEV005793,Laptop,iOS,Safari,Active
DEV005794,Mobile,macOS,Edge,Active
DEV005795,Tablet,Windows,Chrome,Active
DEV005796,Mobile,macOS,Edge,Inactive
DEV005797,Mobile,Android,Edge,Active
DEV005798,Mobile,macOS,Chrome,Active
DEV005799,Tablet,Android,Safari,Active
DEV005800,Mobile,Android,Chrome,Active
DEV005801,Mobile,Android,Chrome,Active
DEV005802,Mobile,iOS,Edge,Active
DEV005803,Mobile,Android,Chrome,Active
DEV005804,Mobile,Android,Chrome,Active
DEV005805,Tablet,Windows,Chrome,Active
DEV005806,Mobile,Android,Chrome,Active
DEV005807,Mobile,Windows,Chrome,Active
DEV005808,Mobile,Android,Safari,Active
DEV005809,Mobile,macOS,Safari,Active
DEV005810,Mobile,Windows,Edge,Active
DEV005811,Mobile,iOS,Safari,Active
DEV005812,Laptop,Android,Safari,Inactive
DEV005813,Laptop,macOS,Chrome,Active
DEV005814,Tablet,macOS,Chrome,Active
DEV005815,Mobile,macOS,Safari,Active
DEV005816,Mobile,Android,Edge,Active
DEV005817,Tablet,iOS,Edge,Active
DEV005818,Mobile,iOS,Firefox,Inactive
DEV005819,Laptop,Android,Edge,Active
DEV005820,Mobile,macOS,Chrome,Active
DEV005821,Mobile,Android,Firefox,Active
DEV005822,Tablet,macOS,Safari,Active
DEV005823,Mobile,Android,Safari,Active
DEV005824,Mobile,Windows,Edge,Active
DEV005825,Mobile,Android,Safari,Active
DEV005826,Mobile,Android,Chrome,Active
DEV005827,Laptop,Android,Edge,Active
DEV005828,Laptop,iOS,Chrome,Active
DEV005829,Laptop,Android,Firefox,Active
DEV005830,Mobile,Android,Chrome,Active
DEV005831,Mobile,Android,Chrome,Active
DEV005832,Mobile,Windows,Firefox,Active
DEV005833,Mobile,iOS,Chrome,Active
DEV005834,Mobile,Android,Firefox,Active
DEV005835,Mobile,Windows,Chrome,Active
DEV005836,Mobile,Android,Edge,Active
DEV005837,Mobile,iOS,Chrome,Active
DEV005838,Mobile,macOS,Chrome,Active
DEV005839,Laptop,Android,Safari,Inactive
DEV005840,Mobile,Android,Firefox,Active
DEV005841,Mobile,iOS,Firefox,Active
DEV005842,Laptop,macOS,Safari,Active
DEV005843,Mobile,iOS,Firefox,Active
DEV005844,Laptop,Android,Chrome,Active
DEV005845,Mobile,Android,Chrome,Inactive
DEV005846,Mobile,Android,Chrome,Active
DEV005847,Mobile,Android,Chrome,Active
DEV005848,Mobile,iOS,Chrome,Active
DEV005849,Mobile,Android,Chrome,Active
DEV005850,Mobile,Android,Edge,Active
DEV005851,Mobile,iOS,Chrome,Inactive
DEV005852,Mobile,Windows,Chrome,Active
DEV005853,Tablet,iOS,Chrome,Active
DEV005854,Mobile,Android,Safari,Active
DEV005855,Mobile,Windows,Chrome,Active
DEV005856,Mobile,Android,Edge,Active
DEV005857,Laptop,Android,Chrome,Active
DEV005858,Tablet,Windows,Chrome,Inactive
DEV005859,Mobile,Android,Chrome,Active
DEV005860,Tablet,Android,Chrome,Active
DEV005861,Mobile,Android,Chrome,Active
DEV005862,Laptop,Android,Chrome,Inactive
DEV005863,Laptop,iOS,Safari,Active
DEV005864,Mobile,iOS,Chrome,Active
DEV005865,Mobile,Windows,Chrome,Active
DEV005866,Mobile,Android,Safari,Active
DEV005867,Mobile,macOS,Chrome,Active
DEV005868,Mobile,iOS,Safari,Active
DEV005869,Mobile,Android,Edge,Active
DEV005870,Mobile,Android,Chrome,Active
DEV005871,Tablet,Android,Chrome,Active
DEV005872,Mobile,macOS,Chrome,Active
DEV005873,Mobile,Android,Firefox,Inactive
DEV005874,Mobile,Android,Chrome,Active
DEV005875,Tablet,Android,Chrome,Active
DEV005876,Mobile,Android,Chrome,Active
DEV005877,Mobile,Windows,Firefox,Active
DEV005878,Mobile,iOS,Chrome,Active
DEV005879,Mobile,Android,Edge,Active
DEV005880,Mobile,Android,Safari,Active
DEV005881,Mobile,iOS,Safari,Active
DEV005882,Tablet,macOS,Chrome,Inactive
DEV005883,Mobile,Android,Edge,Active
DEV005884,Laptop,Android,Firefox,Active
DEV005885,Mobile,macOS,Chrome,Inactive
DEV005886,Mobile,Android,Edge,Active
DEV005887,Mobile,Android,Edge,Active
DEV005888,Mobile,Windows,Chrome,Active
DEV005889,Mobile,iOS,Chrome,Inactive
DEV005890,Mobile,macOS,Chrome,Active
DEV005891,Tablet,Android,Edge,Inactive
DEV005892,Mobile,macOS,Chrome,Active
DEV005893,Mobile,Android,Chrome,Active
DEV005894,Mobile,Android,Chrome,Active
DEV005895,Mobile,Windows,Safari,Active
DEV005896,Mobile,iOS,Safari,Active
DEV005897,Laptop,Android,Chrome,Active
DEV005898,Mobile,Windows,Chrome,Active
DEV005899,Mobile,Android,Chrome,Active
DEV005900,Mobile,Android,Safari,Active
DEV005901,Mobile,Android,Firefox,Active
DEV005902,Laptop,Android,Chrome,Active
DEV005903,Laptop,Android,Chrome,Active
DEV005904,Mobile,Android,Chrome,Inactive
DEV005905,Mobile,Android,Chrome,Active
DEV005906,Laptop,iOS,Chrome,Active
DEV005907,Laptop,Android,Chrome,Active
DEV005908,Laptop,Android,Chrome,Active
DEV005909,Mobile,Android,Edge,Active
DEV005910,Laptop,iOS,Firefox,Active
DEV005911,Mobile,Android,Chrome,Active
DEV005912,Tablet,iOS,Chrome,Active
DEV005913,Laptop,Android,Chrome,Active
DEV005914,Mobile,Windows,Chrome,Active
DEV005915,Mobile,iOS,Chrome,Inactive
DEV005916,Mobile,Android,Safari,Inactive
DEV005917,Mobile,Windows,Chrome,Active
DEV005918,Mobile,Android,Safari,Active
DEV005919,Tablet,Android,Chrome,Active
DEV005920,Mobile,iOS,Chrome,Active
DEV005921,Mobile,macOS,Chrome,Active
DEV005922,Mobile,Android,Chrome,Active
DEV005923,Laptop,Android,Safari,Active
DEV005924,Mobile,macOS,Chrome,Active
DEV005925,Mobile,Android,Chrome,Active
DEV005926,Mobile,Android,Safari,Active
DEV005927,Mobile,Android,Chrome,Active
DEV005928,Mobile,Android,Chrome,Active
DEV005929,Laptop,Android,Safari,Active
DEV005930,Mobile,iOS,Chrome,Active
DEV005931,Laptop,Android,Chrome,Active
DEV005932,Laptop,iOS,Chrome,Inactive
DEV005933,Laptop,Android,Chrome,Active
DEV005934,Mobile,iOS,Safari,Active
DEV005935,Tablet,Android,Chrome,Active
DEV005936,Mobile,macOS,Chrome,Active
DEV005937,Tablet,iOS,Safari,Active
DEV005938,Mobile,Android,Chrome,Active
DEV005939,Mobile,iOS,Edge,Active
DEV005940,Laptop,iOS,Chrome,Active
DEV005941,Tablet,Android,Chrome,Active
DEV005942,Mobile,iOS,Chrome,Inactive
DEV005943,Mobile,iOS,Safari,Active
DEV005944,Laptop,Android,Chrome,Inactive
DEV005945,Laptop,macOS,Safari,Active
DEV005946,Mobile,Android,Chrome,Inactive
DEV005947,Mobile,Android,Chrome,Active
DEV005948,Mobile,Android,Chrome,Active
DEV005949,Laptop,Android,Chrome,Active
DEV005950,Mobile,Android,Chrome,Active
DEV005951,Mobile,iOS,Chrome,Active
DEV005952,Laptop,Windows,Firefox,Inactive
DEV005953,Tablet,Android,Chrome,Active
DEV005954,Mobile,Android,Edge,Active
DEV005955,Mobile,Android,Chrome,Active
DEV005956,Mobile,iOS,Chrome,Active
DEV005957,Mobile,iOS,Firefox,Active
DEV005958,Mobile,Android,Edge,Active
DEV005959,Mobile,Android,Chrome,Active
DEV005960,Mobile,Windows,Safari,Active
DEV005961,Mobile,macOS,Chrome,Inactive
DEV005962,Mobile,Android,Firefox,Inactive
DEV005963,Laptop,Android,Chrome,Active
DEV005964,Mobile,Android,Chrome,Active
DEV005965,Mobile,Android,Edge,Inactive
DEV005966,Mobile,macOS,Chrome,Inactive
DEV005967,Mobile,iOS,Chrome,Active
DEV005968,Mobile,Windows,Chrome,Active
DEV005969,Mobile,Windows,Chrome,Active
DEV005970,Tablet,Android,Safari,Active
DEV005971,Mobile,Android,Chrome,Active
DEV005972,Mobile,Android,Chrome,Active
DEV005973,Mobile,Android,Edge,Active
DEV005974,Mobile,Android,Chrome,Active
DEV005975,Mobile,Android,Edge,Active
DEV005976,Mobile,Android,Chrome,Active
DEV005977,Laptop,Android,Chrome,Active
DEV005978,Mobile,iOS,Edge,Active
DEV005979,Mobile,Android,Chrome,Active
DEV005980,Mobile,iOS,Safari,Active
DEV005981,Mobile,Android,Edge,Active
DEV005982,Tablet,Android,Chrome,Active
DEV005983,Mobile,macOS,Safari,Active
DEV005984,Tablet,iOS,Safari,Active
DEV005985,Mobile,Android,Chrome,Active
DEV005986,Mobile,Android,Chrome,Active
DEV005987,Mobile,iOS,Chrome,Active
DEV005988,Tablet,Android,Chrome,Active
DEV005989,Laptop,Android,Chrome,Active
DEV005990,Mobile,Windows,Chrome,Active
DEV005991,Laptop,Android,Chrome,Active
DEV005992,Mobile,Android,Edge,Active
DEV005993,Mobile,iOS,Chrome,Active
DEV005994,Mobile,iOS,Safari,Active
DEV005995,Mobile,Android,Chrome,Active
DEV005996,Mobile,macOS,Safari,Active
DEV005997,Laptop,iOS,Chrome,Inactive
DEV005998,Mobile,Android,Chrome,Inactive
DEV005999,Laptop,Android,Firefox,Active
DEV006000,Laptop,Windows,Edge,Active
DEV006001,Mobile,Android,Edge,Active
DEV006002,Laptop,Android,Chrome,Inactive
DEV006003,Mobile,Android,Chrome,Inactive
DEV006004,Mobile,Windows,Chrome,Active
DEV006005,Laptop,Android,Chrome,Active
DEV006006,Mobile,iOS,Chrome,Active
DEV006007,Mobile,Android,Firefox,Active
DEV006008,Mobile,Android,Chrome,Active
DEV006009,Mobile,iOS,Chrome,Active
DEV006010,Tablet,Android,Chrome,Active
DEV006011,Mobile,Android,Safari,Active
DEV006012,Mobile,iOS,Chrome,Active
DEV006013,Mobile,macOS,Safari,Inactive
DEV006014,Mobile,Android,Safari,Active
DEV006015,Mobile,Android,Chrome,Active
DEV006016,Laptop,Windows,Chrome,Active
DEV006017,Mobile,Android,Chrome,Active
DEV006018,Mobile,Android,Chrome,Active
DEV006019,Mobile,Android,Chrome,Active
DEV006020,Mobile,macOS,Edge,Active
DEV006021,Tablet,Android,Chrome,Active
DEV006022,Mobile,Android,Chrome,Active
DEV006023,Mobile,Android,Chrome,Active
DEV006024,Mobile,Windows,Chrome,Active
DEV006025,Laptop,Android,Edge,Active
DEV006026,Mobile,Windows,Safari,Active
DEV006027,Laptop,iOS,Firefox,Active
DEV006028,Laptop,Android,Edge,Active
DEV006029,Tablet,iOS,Safari,Inactive
DEV006030,Mobile,Android,Edge,Active
DEV006031,Mobile,Android,Chrome,Inactive
DEV006032,Tablet,Android,Firefox,Active
DEV006033,Mobile,iOS,Chrome,Active
DEV006034,Laptop,iOS,Chrome,Active
DEV006035,Laptop,Android,Chrome,Active
DEV006036,Mobile,Android,Chrome,Active
DEV006037,Tablet,iOS,Chrome,Active
DEV006038,Laptop,Android,Chrome,Active
DEV006039,Tablet,Android,Safari,Active
DEV006040,Mobile,iOS,Edge,Active
DEV006041,Tablet,macOS,Chrome,Active
DEV006042,Laptop,iOS,Chrome,Active
DEV006043,Mobile,Android,Edge,Active
DEV006044,Mobile,Android,Chrome,Active
DEV006045,Mobile,Android,Safari,Active
DEV006046,Laptop,Android,Chrome,Active
DEV006047,Mobile,Windows,Chrome,Active
DEV006048,Mobile,iOS,Firefox,Inactive
DEV006049,Mobile,iOS,Firefox,Active
DEV006050,Mobile,iOS,Safari,Active
DEV006051,Mobile,iOS,Chrome,Active
DEV006052,Mobile,Android,Edge,Inactive
DEV006053,Mobile,iOS,Safari,Active
DEV006054,Laptop,iOS,Chrome,Active
DEV006055,Laptop,Android,Firefox,Active
DEV006056,Mobile,Windows,Firefox,Active
DEV006057,Mobile,Windows,Safari,Active
DEV006058,Tablet,iOS,Edge,Active
DEV006059,Mobile,Android,Firefox,Active
DEV006060,Mobile,Windows,Chrome,Inactive
DEV006061,Mobile,Windows,Chrome,Inactive
DEV006062,Mobile,Windows,Chrome,Active
DEV006063,Mobile,macOS,Chrome,Active
DEV006064,Mobile,Windows,Chrome,Active
DEV006065,Laptop,iOS,Chrome,Active
DEV006066,Mobile,iOS,Chrome,Active
DEV006067,Mobile,Android,Edge,Active
DEV006068,Mobile,Android,Chrome,Active
DEV006069,Laptop,macOS,Safari,Active
DEV006070,Laptop,Android,Chrome,Active
DEV006071,Mobile,iOS,Safari,Active
DEV006072,Mobile,Windows,Safari,Active
DEV006073,Mobile,iOS,Chrome,Inactive
DEV006074,Mobile,Windows,Chrome,Active
DEV006075,Mobile,macOS,Safari,Active
DEV006076,Mobile,Android,Chrome,Active
DEV006077,Mobile,iOS,Safari,Active
DEV006078,Laptop,Android,Edge,Active
DEV006079,Laptop,Android,Chrome,Active
DEV006080,Mobile,Windows,Edge,Active
DEV006081,Mobile,Android,Edge,Active
DEV006082,Mobile,iOS,Chrome,Active
DEV006083,Mobile,Android,Chrome,Active
DEV006084,Mobile,Windows,Chrome,Active
DEV006085,Laptop,Android,Chrome,Active
DEV006086,Laptop,macOS,Firefox,Active
DEV006087,Mobile,macOS,Chrome,Active
DEV006088,Mobile,Android,Safari,Active
DEV006089,Mobile,Android,Safari,Active
DEV006090,Mobile,Android,Chrome,Active
DEV006091,Mobile,Android,Edge,Active
DEV006092,Mobile,Android,Chrome,Active
DEV006093,Mobile,Android,Chrome,Active
DEV006094,Laptop,iOS,Chrome,Active
DEV006095,Mobile,Android,Chrome,Active
DEV006096,Mobile,iOS,Safari,Active
DEV006097,Tablet,macOS,Chrome,Active
DEV006098,Mobile,Android,Edge,Active
DEV006099,Laptop,iOS,Chrome,Active
DEV006100,Mobile,Android,Chrome,Active
DEV006101,Laptop,iOS,Edge,Active
DEV006102,Mobile,Windows,Edge,Active
DEV006103,Mobile,Android,Safari,Active
DEV006104,Mobile,Android,Safari,Active
DEV006105,Mobile,macOS,Edge,Active
DEV006106,Tablet,Android,Chrome,Active
DEV006107,Mobile,Android,Chrome,Active
DEV006108,Mobile,Windows,Safari,Active
DEV006109,Mobile,Android,Chrome,Active
DEV006110,Mobile,Android,Edge,Active
DEV006111,Mobile,Android,Chrome,Active
DEV006112,Mobile,iOS,Chrome,Active
DEV006113,Mobile,Android,Edge,Active
DEV006114,Mobile,Android,Edge,Active
DEV006115,Tablet,iOS,Chrome,Active
DEV006116,Laptop,Android,Chrome,Active
DEV006117,Mobile,Android,Firefox,Active
DEV006118,Mobile,Windows,Chrome,Active
DEV006119,Mobile,iOS,Chrome,Active
DEV006120,Mobile,Windows,Chrome,Active
DEV006121,Mobile,macOS,Edge,Active
DEV006122,Laptop,iOS,Firefox,Active
DEV006123,Mobile,Windows,Safari,Active
DEV006124,Mobile,iOS,Chrome,Active
DEV006125,Mobile,Android,Firefox,Inactive
DEV006126,Laptop,Windows,Chrome,Active
DEV006127,Mobile,macOS,Edge,Active
DEV006128,Mobile,Android,Chrome,Active
DEV006129,Mobile,Android,Edge,Active
DEV006130,Mobile,Android,Chrome,Inactive
DEV006131,Mobile,Android,Chrome,Active
DEV006132,Mobile,macOS,Firefox,Inactive
DEV006133,Laptop,Android,Chrome,Active
DEV006134,Mobile,Android,Chrome,Active
DEV006135,Mobile,macOS,Edge,Active
DEV006136,Mobile,Android,Edge,Active
DEV006137,Mobile,Android,Chrome,Inactive
DEV006138,Laptop,iOS,Firefox,Inactive
DEV006139,Tablet,Android,Edge,Active
DEV006140,Mobile,Android,Edge,Active
DEV006141,Laptop,macOS,Safari,Active
DEV006142,Mobile,Windows,Chrome,Active
DEV006143,Mobile,Android,Edge,Active
DEV006144,Mobile,Android,Firefox,Active
DEV006145,Mobile,iOS,Safari,Active
DEV006146,Mobile,iOS,Firefox,Active
DEV006147,Laptop,Android,Chrome,Active
DEV006148,Mobile,iOS,Edge,Active
DEV006149,Mobile,macOS,Chrome,Active
DEV006150,Mobile,Android,Edge,Active
DEV006151,Mobile,Android,Safari,Active
DEV006152,Mobile,iOS,Safari,Inactive
DEV006153,Mobile,Android,Chrome,Active
DEV006154,Mobile,Windows,Chrome,Active
DEV006155,Laptop,Android,Chrome,Active
DEV006156,Mobile,Android,Chrome,Active
DEV006157,Laptop,Android,Chrome,Active
DEV006158,Tablet,Android,Safari,Active
DEV006159,Mobile,Android,Chrome,Active
DEV006160,Mobile,iOS,Chrome,Active
DEV006161,Laptop,Android,Edge,Active
DEV006162,Laptop,Android,Firefox,Active
DEV006163,Laptop,Android,Chrome,Active
DEV006164,Tablet,Windows,Safari,Active
DEV006165,Mobile,macOS,Edge,Active
DEV006166,Mobile,Windows,Safari,Active
DEV006167,Laptop,iOS,Chrome,Active
DEV006168,Mobile,Windows,Chrome,Active
DEV006169,Mobile,iOS,Chrome,Active
DEV006170,Laptop,Android,Chrome,Inactive
DEV006171,Mobile,iOS,Edge,Active
DEV006172,Mobile,iOS,Chrome,Active
DEV006173,Mobile,Windows,Safari,Active
DEV006174,Mobile,iOS,Chrome,Active
DEV006175,Tablet,Windows,Chrome,Active
DEV006176,Mobile,Android,Chrome,Active
DEV006177,Laptop,iOS,Chrome,Active
DEV006178,Mobile,Windows,Edge,Active
DEV006179,Laptop,macOS,Firefox,Active
DEV006180,Tablet,iOS,Chrome,Active
DEV006181,Mobile,Android,Chrome,Active
DEV006182,Tablet,Android,Edge,Active
DEV006183,Mobile,Android,Chrome,Active
DEV006184,Mobile,Android,Chrome,Active
DEV006185,Mobile,iOS,Safari,Active
DEV006186,Mobile,Android,Chrome,Active
DEV006187,Mobile,iOS,Chrome,Active
DEV006188,Mobile,Windows,Safari,Active
DEV006189,Mobile,Android,Chrome,Inactive
DEV006190,Mobile,iOS,Edge,Active
DEV006191,Mobile,Windows,Safari,Active
DEV006192,Mobile,macOS,Chrome,Active
DEV006193,Mobile,Android,Safari,Inactive
DEV006194,Mobile,Android,Chrome,Active
DEV006195,Mobile,Android,Safari,Active
DEV006196,Mobile,iOS,Firefox,Active
DEV006197,Tablet,Android,Chrome,Active
DEV006198,Mobile,Windows,Firefox,Active
DEV006199,Mobile,Android,Chrome,Active
DEV006200,Tablet,Android,Chrome,Active
DEV006201,Laptop,iOS,Safari,Active
DEV006202,Mobile,Android,Edge,Active
DEV006203,Mobile,iOS,Chrome,Active
DEV006204,Laptop,Android,Safari,Active
DEV006205,Mobile,Android,Safari,Active
DEV006206,Laptop,iOS,Safari,Active
DEV006207,Mobile,iOS,Chrome,Active
DEV006208,Mobile,macOS,Edge,Active
DEV006209,Mobile,iOS,Chrome,Active
DEV006210,Mobile,Windows,Edge,Active
DEV006211,Mobile,Android,Firefox,Active
DEV006212,Mobile,macOS,Firefox,Active
DEV006213,Laptop,Android,Firefox,Active
DEV006214,Laptop,iOS,Safari,Active
DEV006215,Mobile,Android,Chrome,Active
DEV006216,Mobile,Windows,Chrome,Active
DEV006217,Laptop,Windows,Chrome,Active
DEV006218,Laptop,Android,Chrome,Active
DEV006219,Mobile,iOS,Chrome,Active
DEV006220,Mobile,Android,Safari,Active
DEV006221,Mobile,Android,Chrome,Active
DEV006222,Mobile,macOS,Safari,Active
DEV006223,Mobile,iOS,Safari,Active
DEV006224,Mobile,Android,Safari,Active
DEV006225,Mobile,macOS,Chrome,Active
DEV006226,Mobile,Windows,Edge,Active
DEV006227,Mobile,Android,Edge,Active
DEV006228,Mobile,Android,Safari,Active
DEV006229,Mobile,Android,Edge,Active
DEV006230,Mobile,macOS,Edge,Active
DEV006231,Mobile,Android,Chrome,Inactive
DEV006232,Mobile,Android,Firefox,Active
DEV006233,Mobile,iOS,Edge,Active
DEV006234,Mobile,iOS,Firefox,Active
DEV006235,Mobile,Android,Chrome,Active
DEV006236,Mobile,iOS,Safari,Active
DEV006237,Mobile,Android,Safari,Active
DEV006238,Mobile,iOS,Safari,Active
DEV006239,Mobile,iOS,Firefox,Active
DEV006240,Mobile,Android,Chrome,Active
DEV006241,Mobile,Windows,Chrome,Active
DEV006242,Mobile,Windows,Chrome,Active
DEV006243,Mobile,iOS,Safari,Active
DEV006244,Mobile,macOS,Chrome,Active
DEV006245,Mobile,iOS,Edge,Active
DEV006246,Mobile,Android,Chrome,Active
DEV006247,Tablet,Android,Safari,Active
DEV006248,Mobile,macOS,Edge,Active
DEV006249,Mobile,iOS,Safari,Active
DEV006250,Tablet,iOS,Chrome,Active
DEV006251,Tablet,iOS,Safari,Active
DEV006252,Mobile,iOS,Safari,Active
DEV006253,Tablet,iOS,Safari,Active
DEV006254,Mobile,Windows,Firefox,Active
DEV006255,Mobile,iOS,Edge,Active
DEV006256,Mobile,Android,Chrome,Active
DEV006257,Mobile,Windows,Edge,Active
DEV006258,Mobile,Android,Safari,Inactive
DEV006259,Mobile,Android,Chrome,Active
DEV006260,Mobile,macOS,Chrome,Active
DEV006261,Mobile,Windows,Chrome,Active
DEV006262,Laptop,Android,Edge,Active
DEV006263,Mobile,iOS,Safari,Active
DEV006264,Laptop,macOS,Chrome,Active
DEV006265,Laptop,Windows,Chrome,Active
DEV006266,Tablet,iOS,Chrome,Active
DEV006267,Mobile,Windows,Edge,Active
DEV006268,Laptop,Android,Safari,Active
DEV006269,Mobile,Android,Chrome,Active
DEV006270,Mobile,Android,Safari,Active
DEV006271,Mobile,Android,Chrome,Active
DEV006272,Mobile,macOS,Chrome,Active
DEV006273,Laptop,Android,Safari,Active
DEV006274,Mobile,Android,Edge,Active
DEV006275,Laptop,Android,Chrome,Active
DEV006276,Laptop,Android,Edge,Inactive
DEV006277,Mobile,Android,Chrome,Active
DEV006278,Laptop,Android,Chrome,Inactive
DEV006279,Laptop,iOS,Chrome,Active
DEV006280,Laptop,Android,Firefox,Active
DEV006281,Mobile,Android,Chrome,Active
DEV006282,Laptop,macOS,Edge,Active
DEV006283,Mobile,Android,Edge,Inactive
DEV006284,Laptop,macOS,Edge,Inactive
DEV006285,Mobile,Android,Firefox,Active
DEV006286,Mobile,iOS,Safari,Active
DEV006287,Mobile,Android,Chrome,Active
DEV006288,Laptop,Android,Chrome,Inactive
DEV006289,Laptop,iOS,Safari,Active
DEV006290,Tablet,iOS,Safari,Active
DEV006291,Tablet,Android,Firefox,Active
DEV006292,Tablet,Android,Chrome,Active
DEV006293,Tablet,macOS,Chrome,Active
DEV006294,Laptop,Android,Chrome,Active
DEV006295,Laptop,iOS,Firefox,Inactive
DEV006296,Mobile,Android,Chrome,Active
DEV006297,Laptop,Android,Chrome,Active
DEV006298,Mobile,Android,Safari,Active
DEV006299,Mobile,Windows,Edge,Active
DEV006300,Mobile,Android,Chrome,Active
DEV006301,Mobile,Android,Chrome,Active
DEV006302,Mobile,Android,Firefox,Active
DEV006303,Mobile,Android,Chrome,Active
DEV006304,Mobile,Windows,Chrome,Active
DEV006305,Laptop,iOS,Safari,Active
DEV006306,Mobile,macOS,Edge,Active
DEV006307,Mobile,macOS,Chrome,Active
DEV006308,Mobile,Android,Chrome,Active
DEV006309,Mobile,Android,Chrome,Active
DEV006310,Mobile,macOS,Edge,Active
DEV006311,Mobile,Windows,Edge,Active
DEV006312,Mobile,Windows,Firefox,Active
DEV006313,Mobile,Android,Chrome,Active
DEV006314,Laptop,Android,Chrome,Active
DEV006315,Mobile,Android,Chrome,Active
DEV006316,Mobile,Android,Firefox,Active
DEV006317,Mobile,Android,Chrome,Active
DEV006318,Mobile,Windows,Chrome,Active
DEV006319,Tablet,Android,Safari,Active
DEV006320,Mobile,Android,Safari,Inactive
DEV006321,Laptop,Android,Safari,Active
DEV006322,Mobile,Windows,Chrome,Active
DEV006323,Mobile,Android,Safari,Active
DEV006324,Tablet,Android,Chrome,Active
DEV006325,Mobile,Android,Edge,Active
DEV006326,Laptop,macOS,Chrome,Active
DEV006327,Tablet,macOS,Chrome,Active
DEV006328,Mobile,Windows,Edge,Active
DEV006329,Mobile,iOS,Edge,Active
DEV006330,Mobile,Android,Chrome,Active
DEV006331,Mobile,Android,Safari,Active
DEV006332,Laptop,Android,Edge,Active
DEV006333,Laptop,Android,Chrome,Active
DEV006334,Laptop,iOS,Chrome,Active
DEV006335,Tablet,Android,Edge,Active
DEV006336,Mobile,iOS,Chrome,Active
DEV006337,Mobile,Android,Safari,Active
DEV006338,Mobile,Android,Chrome,Active
DEV006339,Mobile,Android,Chrome,Active
DEV006340,Mobile,Android,Safari,Inactive
DEV006341,Mobile,iOS,Edge,Active
DEV006342,Laptop,Android,Chrome,Active
DEV006343,Mobile,Android,Safari,Active
DEV006344,Tablet,iOS,Chrome,Active
DEV006345,Mobile,Android,Chrome,Active
DEV006346,Mobile,Android,Chrome,Active
DEV006347,Laptop,macOS,Chrome,Active
DEV006348,Mobile,iOS,Edge,Active
DEV006349,Mobile,iOS,Safari,Active
DEV006350,Mobile,Android,Chrome,Active
DEV006351,Mobile,iOS,Safari,Active
DEV006352,Mobile,iOS,Chrome,Active
DEV006353,Tablet,iOS,Chrome,Active
DEV006354,Mobile,iOS,Chrome,Active
DEV006355,Mobile,iOS,Safari,Active
DEV006356,Tablet,iOS,Safari,Active
DEV006357,Mobile,iOS,Firefox,Active
DEV006358,Laptop,Android,Chrome,Active
DEV006359,Mobile,iOS,Chrome,Active
DEV006360,Mobile,Windows,Chrome,Active
DEV006361,Mobile,macOS,Safari,Inactive
DEV006362,Mobile,Windows,Chrome,Active
DEV006363,Laptop,Android,Chrome,Active
DEV006364,Mobile,Android,Chrome,Active
DEV006365,Mobile,iOS,Safari,Active
DEV006366,Mobile,Android,Chrome,Active
DEV006367,Laptop,Windows,Chrome,Active
DEV006368,Mobile,Android,Edge,Active
DEV006369,Mobile,iOS,Chrome,Active
DEV006370,Laptop,iOS,Chrome,Active
DEV006371,Mobile,iOS,Chrome,Active
DEV006372,Mobile,Android,Chrome,Active
DEV006373,Mobile,iOS,Safari,Active
DEV006374,Mobile,Windows,Chrome,Active
DEV006375,Mobile,Android,Edge,Inactive
DEV006376,Laptop,macOS,Chrome,Active
DEV006377,Mobile,Android,Safari,Active
DEV006378,Mobile,Android,Edge,Active
DEV006379,Mobile,iOS,Chrome,Active
DEV006380,Mobile,Android,Chrome,Inactive
DEV006381,Mobile,Windows,Chrome,Inactive
DEV006382,Mobile,iOS,Chrome,Active
DEV006383,Mobile,Windows,Chrome,Active
DEV006384,Laptop,iOS,Firefox,Active
DEV006385,Mobile,Windows,Safari,Active
DEV006386,Mobile,Android,Chrome,Active
DEV006387,Mobile,Windows,Safari,Active
DEV006388,Mobile,Android,Chrome,Active
DEV006389,Mobile,Android,Safari,Active
DEV006390,Mobile,Android,Chrome,Active
DEV006391,Mobile,iOS,Chrome,Active
DEV006392,Mobile,Android,Firefox,Active
DEV006393,Mobile,macOS,Safari,Active
DEV006394,Mobile,iOS,Safari,Active
DEV006395,Mobile,Android,Safari,Active
DEV006396,Mobile,iOS,Edge,Inactive
DEV006397,Mobile,macOS,Chrome,Active
DEV006398,Tablet,Android,Chrome,Active
DEV006399,Laptop,Windows,Chrome,Active
DEV006400,Mobile,Android,Chrome,Active
DEV006401,Laptop,iOS,Safari,Active
DEV006402,Mobile,Android,Firefox,Active
DEV006403,Mobile,Android,Edge,Active
DEV006404,Tablet,Android,Edge,Active
DEV006405,Mobile,Android,Edge,Active
DEV006406,Mobile,Windows,Edge,Active
DEV006407,Mobile,Android,Edge,Active
DEV006408,Mobile,iOS,Chrome,Active
DEV006409,Mobile,macOS,Safari,Active
DEV006410,Laptop,Android,Chrome,Active
DEV006411,Mobile,Android,Chrome,Inactive
DEV006412,Mobile,Windows,Chrome,Active
DEV006413,Mobile,Android,Safari,Active
DEV006414,Mobile,Windows,Chrome,Active
DEV006415,Mobile,Android,Firefox,Active
DEV006416,Tablet,Android,Safari,Active
DEV006417,Mobile,iOS,Safari,Active
DEV006418,Mobile,iOS,Edge,Active
DEV006419,Mobile,Android,Chrome,Active
DEV006420,Laptop,Windows,Safari,Active
DEV006421,Tablet,Windows,Safari,Active
DEV006422,Laptop,Android,Chrome,Active
DEV006423,Laptop,Windows,Chrome,Active
DEV006424,Mobile,Windows,Edge,Active
DEV006425,Mobile,Android,Edge,Active
DEV006426,Mobile,macOS,Edge,Active
DEV006427,Mobile,Android,Chrome,Active
DEV006428,Mobile,Windows,Chrome,Active
DEV006429,Mobile,Android,Chrome,Active
DEV006430,Mobile,Windows,Chrome,Active
DEV006431,Laptop,iOS,Chrome,Active
DEV006432,Mobile,iOS,Safari,Active
DEV006433,Laptop,Android,Chrome,Active
DEV006434,Mobile,Android,Edge,Active
DEV006435,Mobile,iOS,Edge,Active
DEV006436,Laptop,Android,Chrome,Inactive
DEV006437,Mobile,iOS,Edge,Active
DEV006438,Tablet,iOS,Chrome,Active
DEV006439,Mobile,Windows,Safari,Active
DEV006440,Mobile,Android,Chrome,Active
DEV006441,Tablet,Windows,Chrome,Active
DEV006442,Mobile,Android,Chrome,Active
DEV006443,Mobile,Android,Chrome,Inactive
DEV006444,Mobile,macOS,Chrome,Active
DEV006445,Mobile,Windows,Chrome,Inactive
DEV006446,Mobile,iOS,Edge,Active
DEV006447,Mobile,Android,Chrome,Active
DEV006448,Mobile,iOS,Edge,Active
DEV006449,Mobile,Windows,Safari,Active
DEV006450,Mobile,iOS,Chrome,Active
DEV006451,Laptop,Windows,Safari,Active
DEV006452,Mobile,Android,Firefox,Active
DEV006453,Mobile,Android,Chrome,Inactive
DEV006454,Mobile,Android,Safari,Active
DEV006455,Mobile,Android,Firefox,Active
DEV006456,Mobile,macOS,Chrome,Active
DEV006457,Mobile,iOS,Edge,Active
DEV006458,Mobile,Android,Chrome,Active
DEV006459,Mobile,Android,Chrome,Active
DEV006460,Laptop,Windows,Chrome,Active
DEV006461,Mobile,Android,Chrome,Active
DEV006462,Mobile,macOS,Chrome,Active
DEV006463,Mobile,iOS,Edge,Active
DEV006464,Mobile,Android,Safari,Inactive
DEV006465,Mobile,Windows,Chrome,Active
DEV006466,Mobile,macOS,Chrome,Inactive
DEV006467,Mobile,iOS,Chrome,Inactive
DEV006468,Mobile,Windows,Chrome,Active
DEV006469,Mobile,iOS,Chrome,Active
DEV006470,Mobile,Android,Chrome,Active
DEV006471,Laptop,macOS,Edge,Active
DEV006472,Mobile,Android,Firefox,Active
DEV006473,Laptop,macOS,Chrome,Active
DEV006474,Mobile,Android,Chrome,Active
DEV006475,Mobile,macOS,Firefox,Active
DEV006476,Mobile,Android,Chrome,Active
DEV006477,Mobile,Android,Chrome,Active
DEV006478,Mobile,macOS,Chrome,Active
DEV006479,Mobile,iOS,Chrome,Active
DEV006480,Mobile,Windows,Chrome,Active
DEV006481,Tablet,Android,Chrome,Inactive
DEV006482,Mobile,Android,Edge,Active
DEV006483,Mobile,iOS,Edge,Active
DEV006484,Laptop,Android,Safari,Active
DEV006485,Mobile,Android,Chrome,Inactive
DEV006486,Mobile,Android,Chrome,Active
DEV006487,Laptop,Android,Firefox,Active
DEV006488,Mobile,Windows,Chrome,Active
DEV006489,Mobile,Android,Safari,Active
DEV006490,Mobile,Windows,Edge,Active
DEV006491,Laptop,Android,Firefox,Active
DEV006492,Mobile,Android,Chrome,Active
DEV006493,Mobile,Android,Edge,Inactive
DEV006494,Mobile,iOS,Chrome,Active
DEV006495,Laptop,Android,Edge,Active
DEV006496,Mobile,Windows,Chrome,Active
DEV006497,Mobile,Android,Edge,Active
DEV006498,Mobile,Android,Firefox,Active
DEV006499,Tablet,Android,Chrome,Active
DEV006500,Mobile,Windows,Chrome,Active
DEV006501,Mobile,Windows,Chrome,Active
DEV006502,Laptop,Android,Chrome,Active
DEV006503,Laptop,iOS,Chrome,Active
DEV006504,Mobile,Android,Safari,Active
DEV006505,Mobile,Android,Chrome,Active
DEV006506,Mobile,iOS,Safari,Active
DEV006507,Mobile,iOS,Chrome,Active
DEV006508,Tablet,Android,Edge,Active
DEV006509,Mobile,Android,Chrome,Active
DEV006510,Laptop,iOS,Chrome,Active
DEV006511,Mobile,Android,Chrome,Active
DEV006512,Mobile,iOS,Chrome,Active
DEV006513,Mobile,iOS,Chrome,Active
DEV006514,Mobile,Android,Chrome,Active
DEV006515,Mobile,iOS,Edge,Inactive
DEV006516,Mobile,iOS,Firefox,Active
DEV006517,Tablet,Android,Firefox,Active
DEV006518,Mobile,Android,Chrome,Active
DEV006519,Mobile,Windows,Firefox,Active
DEV006520,Laptop,macOS,Chrome,Active
DEV006521,Mobile,Android,Chrome,Inactive
DEV006522,Mobile,Android,Chrome,Active
DEV006523,Mobile,Android,Firefox,Active
DEV006524,Mobile,Android,Chrome,Active
DEV006525,Laptop,Windows,Chrome,Active
DEV006526,Tablet,Android,Chrome,Active
DEV006527,Laptop,iOS,Chrome,Active
DEV006528,Mobile,Android,Edge,Active
DEV006529,Mobile,Android,Edge,Active
DEV006530,Mobile,iOS,Chrome,Active
DEV006531,Mobile,Android,Chrome,Active
DEV006532,Mobile,Android,Safari,Active
DEV006533,Mobile,iOS,Safari,Active
DEV006534,Laptop,iOS,Chrome,Active
DEV006535,Laptop,iOS,Chrome,Active
DEV006536,Laptop,iOS,Chrome,Active
DEV006537,Mobile,Android,Safari,Active
DEV006538,Mobile,Android,Chrome,Inactive
DEV006539,Mobile,Android,Edge,Active
DEV006540,Mobile,Android,Chrome,Active
DEV006541,Tablet,iOS,Safari,Inactive
DEV006542,Mobile,macOS,Firefox,Active
DEV006543,Mobile,Android,Edge,Active
DEV006544,Mobile,iOS,Chrome,Active
DEV006545,Tablet,macOS,Safari,Active
DEV006546,Mobile,Android,Edge,Active
DEV006547,Tablet,Android,Chrome,Active
DEV006548,Mobile,Windows,Edge,Active
DEV006549,Mobile,iOS,Safari,Inactive
DEV006550,Mobile,iOS,Chrome,Active
DEV006551,Laptop,Android,Chrome,Active
DEV006552,Mobile,Android,Chrome,Active
DEV006553,Mobile,Android,Chrome,Active
DEV006554,Mobile,iOS,Safari,Active
DEV006555,Mobile,Android,Chrome,Active
DEV006556,Laptop,Android,Chrome,Active
DEV006557,Tablet,Android,Chrome,Active
DEV006558,Mobile,macOS,Chrome,Active
DEV006559,Mobile,iOS,Chrome,Active
DEV006560,Mobile,Android,Safari,Active
DEV006561,Mobile,macOS,Edge,Inactive
DEV006562,Mobile,macOS,Chrome,Active
DEV006563,Mobile,Windows,Edge,Active
DEV006564,Laptop,iOS,Chrome,Active
DEV006565,Mobile,Android,Chrome,Active
DEV006566,Mobile,Android,Chrome,Active
DEV006567,Laptop,Android,Edge,Active
DEV006568,Mobile,macOS,Safari,Active
DEV006569,Tablet,Android,Chrome,Active
DEV006570,Mobile,Android,Chrome,Active
DEV006571,Mobile,iOS,Chrome,Inactive
DEV006572,Laptop,Android,Edge,Active
DEV006573,Laptop,iOS,Chrome,Active
DEV006574,Mobile,iOS,Chrome,Active
DEV006575,Mobile,Android,Safari,Active
DEV006576,Mobile,iOS,Firefox,Active
DEV006577,Mobile,iOS,Chrome,Active
DEV006578,Mobile,Android,Chrome,Active
DEV006579,Mobile,iOS,Chrome,Inactive
DEV006580,Laptop,macOS,Firefox,Active
DEV006581,Mobile,Android,Safari,Inactive
DEV006582,Mobile,iOS,Chrome,Active
DEV006583,Laptop,Android,Safari,Inactive
DEV006584,Mobile,iOS,Safari,Active
DEV006585,Mobile,iOS,Chrome,Active
DEV006586,Laptop,Windows,Chrome,Active
DEV006587,Mobile,iOS,Firefox,Active
DEV006588,Mobile,macOS,Chrome,Active
DEV006589,Mobile,iOS,Safari,Active
DEV006590,Mobile,Android,Safari,Active
DEV006591,Tablet,Windows,Chrome,Active
DEV006592,Mobile,Android,Firefox,Active
DEV006593,Mobile,iOS,Chrome,Inactive
DEV006594,Mobile,Android,Edge,Active
DEV006595,Tablet,iOS,Chrome,Active
DEV006596,Mobile,Windows,Edge,Active
DEV006597,Tablet,Android,Chrome,Active
DEV006598,Tablet,Android,Chrome,Active
DEV006599,Mobile,iOS,Edge,Active
DEV006600,Mobile,Android,Edge,Active
DEV006601,Mobile,Android,Chrome,Inactive
DEV006602,Laptop,Android,Chrome,Active
DEV006603,Mobile,iOS,Chrome,Active
DEV006604,Mobile,Android,Chrome,Active
DEV006605,Laptop,Android,Safari,Active
DEV006606,Mobile,Windows,Chrome,Active
DEV006607,Mobile,Windows,Chrome,Active
DEV006608,Laptop,Android,Firefox,Active
DEV006609,Laptop,iOS,Firefox,Active
DEV006610,Laptop,Windows,Safari,Active
DEV006611,Mobile,Android,Chrome,Active
DEV006612,Mobile,Android,Safari,Active
DEV006613,Mobile,Android,Chrome,Active
DEV006614,Mobile,iOS,Safari,Active
DEV006615,Laptop,Android,Firefox,Active
DEV006616,Tablet,Android,Edge,Active
DEV006617,Tablet,Android,Safari,Active
DEV006618,Tablet,Android,Chrome,Active
DEV006619,Mobile,Android,Chrome,Active
DEV006620,Mobile,iOS,Chrome,Active
DEV006621,Mobile,iOS,Safari,Inactive
DEV006622,Mobile,macOS,Chrome,Active
DEV006623,Mobile,Android,Edge,Active
DEV006624,Laptop,Android,Chrome,Active
DEV006625,Mobile,Android,Safari,Active
DEV006626,Mobile,iOS,Firefox,Active
DEV006627,Tablet,macOS,Edge,Active
DEV006628,Mobile,Android,Chrome,Active
DEV006629,Tablet,Android,Chrome,Active
DEV006630,Laptop,iOS,Chrome,Active
DEV006631,Laptop,Android,Chrome,Active
DEV006632,Mobile,Android,Chrome,Inactive
DEV006633,Tablet,iOS,Chrome,Active
DEV006634,Mobile,Android,Edge,Active
DEV006635,Mobile,Windows,Edge,Active
DEV006636,Mobile,macOS,Edge,Active
DEV006637,Mobile,iOS,Chrome,Active
DEV006638,Laptop,Windows,Safari,Inactive
DEV006639,Mobile,Android,Safari,Active
DEV006640,Mobile,Android,Safari,Active
DEV006641,Mobile,macOS,Chrome,Active
DEV006642,Mobile,Android,Chrome,Inactive
DEV006643,Mobile,iOS,Chrome,Active
DEV006644,Mobile,iOS,Chrome,Active
DEV006645,Laptop,iOS,Safari,Active
DEV006646,Mobile,iOS,Chrome,Active
DEV006647,Laptop,Android,Chrome,Active
DEV006648,Mobile,Android,Chrome,Active
DEV006649,Mobile,iOS,Chrome,Active
DEV006650,Mobile,iOS,Chrome,Active
DEV006651,Mobile,Android,Edge,Active
DEV006652,Tablet,iOS,Chrome,Active
DEV006653,Mobile,Android,Chrome,Active
DEV006654,Mobile,Android,Chrome,Active
DEV006655,Mobile,Windows,Safari,Active
DEV006656,Mobile,Android,Chrome,Active
DEV006657,Mobile,Windows,Safari,Active
DEV006658,Mobile,Android,Safari,Active
DEV006659,Mobile,macOS,Safari,Active
DEV006660,Mobile,Android,Firefox,Active
DEV006661,Mobile,Android,Chrome,Active
DEV006662,Tablet,iOS,Edge,Active
DEV006663,Mobile,Android,Chrome,Active
DEV006664,Mobile,iOS,Chrome,Active
DEV006665,Mobile,iOS,Chrome,Active
DEV006666,Laptop,Windows,Edge,Active
DEV006667,Laptop,Android,Safari,Active
DEV006668,Mobile,Android,Chrome,Inactive
DEV006669,Mobile,iOS,Chrome,Active
DEV006670,Mobile,Android,Firefox,Active
DEV006671,Laptop,Android,Safari,Active
DEV006672,Tablet,Android,Firefox,Active
DEV006673,Mobile,iOS,Chrome,Active
DEV006674,Mobile,iOS,Chrome,Active
DEV006675,Laptop,iOS,Safari,Active
DEV006676,Mobile,Android,Chrome,Inactive
DEV006677,Laptop,Android,Chrome,Active
DEV006678,Mobile,Windows,Chrome,Active
DEV006679,Mobile,Windows,Chrome,Active
DEV006680,Laptop,macOS,Chrome,Active
DEV006681,Laptop,Android,Chrome,Active
DEV006682,Mobile,iOS,Chrome,Active
DEV006683,Mobile,Android,Chrome,Active
DEV006684,Mobile,iOS,Safari,Active
DEV006685,Mobile,iOS,Firefox,Active
DEV006686,Mobile,macOS,Chrome,Active
DEV006687,Mobile,Windows,Edge,Active
DEV006688,Mobile,iOS,Chrome,Active
DEV006689,Mobile,Android,Chrome,Active
DEV006690,Tablet,Android,Safari,Active
DEV006691,Mobile,Android,Chrome,Active
DEV006692,Mobile,Windows,Safari,Active
DEV006693,Mobile,Android,Chrome,Active
DEV006694,Mobile,macOS,Chrome,Active
DEV006695,Mobile,Android,Edge,Active
DEV006696,Laptop,Windows,Chrome,Active
DEV006697,Mobile,iOS,Firefox,Active
DEV006698,Mobile,Windows,Safari,Active
DEV006699,Laptop,Android,Safari,Active
DEV006700,Mobile,macOS,Edge,Active
DEV006701,Mobile,Android,Safari,Active
DEV006702,Mobile,Android,Chrome,Active
DEV006703,Laptop,iOS,Chrome,Active
DEV006704,Laptop,Android,Chrome,Active
DEV006705,Mobile,Android,Firefox,Active
DEV006706,Mobile,macOS,Safari,Active
DEV006707,Mobile,Android,Chrome,Active
DEV006708,Mobile,Android,Edge,Active
DEV006709,Mobile,iOS,Safari,Active
DEV006710,Laptop,Windows,Chrome,Active
DEV006711,Mobile,Android,Safari,Active
DEV006712,Mobile,iOS,Chrome,Active
DEV006713,Mobile,Android,Chrome,Active
DEV006714,Laptop,Android,Chrome,Inactive
DEV006715,Mobile,Android,Edge,Active
DEV006716,Laptop,Android,Chrome,Active
DEV006717,Mobile,Windows,Edge,Active
DEV006718,Mobile,macOS,Safari,Active
DEV006719,Laptop,iOS,Safari,Active
DEV006720,Mobile,Windows,Firefox,Active
DEV006721,Tablet,Android,Chrome,Active
DEV006722,Mobile,Android,Chrome,Active
DEV006723,Tablet,iOS,Firefox,Active
DEV006724,Mobile,Windows,Chrome,Active
DEV006725,Mobile,Android,Chrome,Active
DEV006726,Mobile,Android,Safari,Active
DEV006727,Laptop,Android,Chrome,Active
DEV006728,Laptop,Android,Chrome,Active
DEV006729,Mobile,Android,Chrome,Active
DEV006730,Mobile,Windows,Chrome,Active
DEV006731,Mobile,macOS,Chrome,Active
DEV006732,Tablet,Android,Safari,Active
DEV006733,Laptop,iOS,Safari,Active
DEV006734,Mobile,Android,Edge,Active
DEV006735,Laptop,Windows,Firefox,Active
DEV006736,Laptop,macOS,Chrome,Active
DEV006737,Mobile,Android,Chrome,Inactive
DEV006738,Mobile,Android,Edge,Active
DEV006739,Mobile,Android,Edge,Active
DEV006740,Mobile,Android,Safari,Active
DEV006741,Laptop,iOS,Safari,Active
DEV006742,Mobile,macOS,Chrome,Active
DEV006743,Mobile,Android,Chrome,Inactive
DEV006744,Laptop,iOS,Edge,Active
DEV006745,Mobile,Android,Chrome,Active
DEV006746,Laptop,iOS,Chrome,Active
DEV006747,Mobile,Windows,Firefox,Active
DEV006748,Mobile,Android,Safari,Active
DEV006749,Mobile,Android,Chrome,Active
DEV006750,Mobile,Android,Chrome,Active
DEV006751,Mobile,Android,Chrome,Active
DEV006752,Laptop,Android,Chrome,Active
DEV006753,Mobile,Android,Chrome,Active
DEV006754,Mobile,Windows,Chrome,Active
DEV006755,Laptop,iOS,Edge,Active
DEV006756,Mobile,Android,Edge,Active
DEV006757,Mobile,Android,Edge,Active
DEV006758,Mobile,macOS,Chrome,Active
DEV006759,Mobile,Android,Chrome,Active
DEV006760,Mobile,iOS,Chrome,Active
DEV006761,Tablet,Android,Chrome,Active
DEV006762,Mobile,Android,Chrome,Active
DEV006763,Tablet,Android,Edge,Active
DEV006764,Mobile,Android,Chrome,Active
DEV006765,Mobile,Windows,Chrome,Active
DEV006766,Mobile,Android,Chrome,Active
DEV006767,Laptop,Android,Chrome,Active
DEV006768,Mobile,Android,Safari,Active
DEV006769,Mobile,iOS,Chrome,Active
DEV006770,Laptop,Android,Safari,Active
DEV006771,Mobile,Windows,Safari,Active
DEV006772,Mobile,Windows,Safari,Inactive
DEV006773,Laptop,Android,Chrome,Active
DEV006774,Mobile,iOS,Chrome,Active
DEV006775,Mobile,Android,Chrome,Active
DEV006776,Tablet,Android,Edge,Active
DEV006777,Mobile,Windows,Chrome,Active
DEV006778,Mobile,Windows,Edge,Active
DEV006779,Mobile,iOS,Chrome,Active
DEV006780,Mobile,Android,Edge,Active
DEV006781,Mobile,Android,Edge,Active
DEV006782,Tablet,Android,Safari,Active
DEV006783,Mobile,iOS,Safari,Inactive
DEV006784,Mobile,Android,Chrome,Inactive
DEV006785,Laptop,Android,Safari,Active
DEV006786,Mobile,Android,Chrome,Active
DEV006787,Tablet,Android,Safari,Active
DEV006788,Mobile,Android,Chrome,Active
DEV006789,Mobile,iOS,Safari,Active
DEV006790,Mobile,macOS,Edge,Active
DEV006791,Mobile,Android,Chrome,Active
DEV006792,Mobile,macOS,Safari,Active
DEV006793,Laptop,macOS,Safari,Active
DEV006794,Mobile,Android,Chrome,Active
DEV006795,Mobile,iOS,Chrome,Active
DEV006796,Mobile,Android,Chrome,Active
DEV006797,Laptop,Android,Chrome,Active
DEV006798,Mobile,Android,Chrome,Active
DEV006799,Tablet,Android,Edge,Active
DEV006800,Laptop,Android,Safari,Active
DEV006801,Laptop,iOS,Chrome,Active
DEV006802,Mobile,Windows,Chrome,Active
DEV006803,Mobile,Android,Safari,Active
DEV006804,Mobile,iOS,Edge,Active
DEV006805,Mobile,iOS,Safari,Active
DEV006806,Mobile,Android,Safari,Active
DEV006807,Mobile,Android,Chrome,Active
DEV006808,Laptop,Android,Chrome,Active
DEV006809,Mobile,Android,Chrome,Active
DEV006810,Mobile,Windows,Chrome,Active
DEV006811,Tablet,Android,Firefox,Inactive
DEV006812,Mobile,Android,Edge,Active
DEV006813,Mobile,Android,Safari,Active
DEV006814,Mobile,Android,Chrome,Active
DEV006815,Mobile,Android,Safari,Active
DEV006816,Mobile,Android,Chrome,Active
DEV006817,Mobile,Android,Chrome,Inactive
DEV006818,Laptop,iOS,Edge,Active
DEV006819,Mobile,Android,Firefox,Active
DEV006820,Tablet,iOS,Chrome,Active
DEV006821,Mobile,Android,Chrome,Active
DEV006822,Mobile,iOS,Edge,Active
DEV006823,Mobile,Android,Edge,Active
DEV006824,Mobile,Android,Chrome,Active
DEV006825,Laptop,Android,Chrome,Active
DEV006826,Mobile,Windows,Chrome,Active
DEV006827,Laptop,Android,Firefox,Active
DEV006828,Mobile,iOS,Safari,Active
DEV006829,Tablet,Android,Chrome,Active
DEV006830,Laptop,Android,Chrome,Active
DEV006831,Mobile,Windows,Safari,Active
DEV006832,Mobile,Windows,Chrome,Active
DEV006833,Mobile,macOS,Safari,Active
DEV006834,Mobile,iOS,Safari,Active
DEV006835,Mobile,Android,Chrome,Active
DEV006836,Mobile,Windows,Chrome,Active
DEV006837,Mobile,macOS,Firefox,Active
DEV006838,Mobile,Android,Chrome,Active
DEV006839,Mobile,iOS,Safari,Active
DEV006840,Mobile,Android,Firefox,Active
DEV006841,Tablet,Android,Chrome,Inactive
DEV006842,Mobile,iOS,Chrome,Active
DEV006843,Mobile,Windows,Chrome,Active
DEV006844,Tablet,iOS,Chrome,Inactive
DEV006845,Laptop,Android,Edge,Active
DEV006846,Laptop,Windows,Chrome,Active
DEV006847,Tablet,macOS,Firefox,Active
DEV006848,Laptop,Windows,Firefox,Active
DEV006849,Mobile,Windows,Edge,Active
DEV006850,Laptop,Android,Chrome,Active
DEV006851,Mobile,Android,Safari,Active
DEV006852,Mobile,Android,Safari,Active
DEV006853,Mobile,iOS,Safari,Inactive
DEV006854,Mobile,iOS,Firefox,Active
DEV006855,Mobile,Android,Edge,Active
DEV006856,Mobile,iOS,Chrome,Active
DEV006857,Mobile,macOS,Safari,Active
DEV006858,Mobile,Windows,Safari,Active
DEV006859,Mobile,Android,Chrome,Active
DEV006860,Mobile,iOS,Edge,Active
DEV006861,Mobile,Android,Edge,Active
DEV006862,Mobile,Android,Chrome,Active
DEV006863,Mobile,Android,Chrome,Active
DEV006864,Mobile,iOS,Firefox,Active
DEV006865,Mobile,Android,Edge,Active
DEV006866,Laptop,iOS,Chrome,Inactive
DEV006867,Laptop,macOS,Edge,Active
DEV006868,Mobile,macOS,Chrome,Active
DEV006869,Mobile,iOS,Edge,Active
DEV006870,Mobile,iOS,Chrome,Active
DEV006871,Tablet,iOS,Chrome,Active
DEV006872,Mobile,Android,Chrome,Active
DEV006873,Tablet,Android,Chrome,Active
DEV006874,Laptop,Android,Firefox,Active
DEV006875,Laptop,macOS,Firefox,Active
DEV006876,Laptop,iOS,Chrome,Active
DEV006877,Mobile,Android,Chrome,Active
DEV006878,Mobile,iOS,Chrome,Active
DEV006879,Laptop,Android,Firefox,Active
DEV006880,Tablet,Windows,Chrome,Active
DEV006881,Laptop,Android,Safari,Active
DEV006882,Laptop,Android,Chrome,Inactive
DEV006883,Mobile,Android,Chrome,Active
DEV006884,Mobile,iOS,Edge,Active
DEV006885,Laptop,Windows,Edge,Active
DEV006886,Mobile,Android,Chrome,Active
DEV006887,Mobile,Windows,Edge,Active
DEV006888,Mobile,Android,Chrome,Active
DEV006889,Tablet,Windows,Chrome,Active
DEV006890,Mobile,Android,Chrome,Active
DEV006891,Mobile,iOS,Edge,Active
DEV006892,Laptop,Android,Chrome,Active
DEV006893,Mobile,Windows,Safari,Active
DEV006894,Mobile,iOS,Chrome,Active
DEV006895,Mobile,Android,Safari,Active
DEV006896,Mobile,iOS,Edge,Active
DEV006897,Mobile,macOS,Edge,Active
DEV006898,Mobile,Android,Edge,Active
DEV006899,Mobile,Android,Chrome,Active
DEV006900,Mobile,Android,Chrome,Active
DEV006901,Mobile,Android,Chrome,Active
DEV006902,Mobile,macOS,Chrome,Inactive
DEV006903,Mobile,iOS,Firefox,Active
DEV006904,Mobile,Windows,Chrome,Inactive
DEV006905,Mobile,macOS,Safari,Active
DEV006906,Mobile,Windows,Edge,Active
DEV006907,Mobile,Android,Chrome,Inactive
DEV006908,Mobile,Android,Firefox,Active
DEV006909,Mobile,Android,Safari,Inactive
DEV006910,Laptop,Windows,Chrome,Active
DEV006911,Mobile,Android,Edge,Active
DEV006912,Mobile,iOS,Edge,Active
DEV006913,Tablet,Android,Safari,Active
DEV006914,Laptop,macOS,Edge,Active
DEV006915,Tablet,iOS,Safari,Active
DEV006916,Mobile,iOS,Chrome,Active
DEV006917,Laptop,macOS,Chrome,Active
DEV006918,Mobile,Android,Safari,Active
DEV006919,Mobile,iOS,Safari,Active
DEV006920,Mobile,Windows,Edge,Active
DEV006921,Mobile,Android,Safari,Active
DEV006922,Mobile,Android,Edge,Active
DEV006923,Tablet,iOS,Chrome,Active
DEV006924,Mobile,iOS,Chrome,Active
DEV006925,Laptop,Android,Chrome,Active
DEV006926,Mobile,Windows,Edge,Active
DEV006927,Tablet,macOS,Chrome,Active
DEV006928,Tablet,macOS,Edge,Inactive
DEV006929,Mobile,Windows,Edge,Active
DEV006930,Mobile,Android,Firefox,Active
DEV006931,Mobile,iOS,Firefox,Active
DEV006932,Mobile,Android,Chrome,Active
DEV006933,Tablet,iOS,Chrome,Active
DEV006934,Mobile,Android,Chrome,Active
DEV006935,Mobile,Windows,Firefox,Active
DEV006936,Mobile,iOS,Safari,Active
DEV006937,Mobile,Android,Chrome,Active
DEV006938,Mobile,Android,Safari,Active
DEV006939,Mobile,Android,Chrome,Active
DEV006940,Mobile,Android,Chrome,Inactive
DEV006941,Mobile,Android,Chrome,Active
DEV006942,Laptop,iOS,Firefox,Inactive
DEV006943,Mobile,Android,Safari,Active
DEV006944,Mobile,Android,Safari,Active
DEV006945,Mobile,Android,Chrome,Active
DEV006946,Mobile,iOS,Chrome,Active
DEV006947,Mobile,macOS,Chrome,Active
DEV006948,Mobile,Android,Edge,Inactive
DEV006949,Tablet,macOS,Safari,Active
DEV006950,Mobile,iOS,Safari,Active
DEV006951,Laptop,Android,Chrome,Active
DEV006952,Mobile,iOS,Safari,Active
DEV006953,Mobile,Android,Chrome,Active
DEV006954,Mobile,macOS,Edge,Active
DEV006955,Mobile,Android,Chrome,Active
DEV006956,Tablet,iOS,Chrome,Active
DEV006957,Mobile,Android,Safari,Active
DEV006958,Laptop,Android,Firefox,Active
DEV006959,Laptop,Android,Chrome,Active
DEV006960,Laptop,Android,Firefox,Active
DEV006961,Mobile,iOS,Chrome,Active
DEV006962,Mobile,Android,Chrome,Active
DEV006963,Tablet,iOS,Chrome,Active
DEV006964,Mobile,Windows,Safari,Active
DEV006965,Mobile,iOS,Firefox,Active
DEV006966,Laptop,Android,Chrome,Inactive
DEV006967,Mobile,Android,Chrome,Active
DEV006968,Mobile,Android,Chrome,Active
DEV006969,Mobile,iOS,Chrome,Active
DEV006970,Mobile,iOS,Edge,Active
DEV006971,Mobile,Android,Chrome,Active
DEV006972,Mobile,Android,Chrome,Active
DEV006973,Mobile,Android,Chrome,Active
DEV006974,Mobile,Android,Safari,Active
DEV006975,Laptop,iOS,Safari,Active
DEV006976,Mobile,Android,Chrome,Active
DEV006977,Mobile,macOS,Firefox,Inactive
DEV006978,Mobile,Android,Chrome,Active
DEV006979,Tablet,iOS,Chrome,Inactive
DEV006980,Mobile,Android,Chrome,Active
DEV006981,Mobile,Android,Safari,Active
DEV006982,Mobile,iOS,Chrome,Active
DEV006983,Mobile,iOS,Firefox,Active
DEV006984,Mobile,iOS,Chrome,Active
DEV006985,Mobile,Android,Chrome,Active
DEV006986,Tablet,Android,Chrome,Active
DEV006987,Mobile,Android,Chrome,Active
DEV006988,Mobile,iOS,Edge,Active
DEV006989,Mobile,Android,Chrome,Active
DEV006990,Mobile,iOS,Chrome,Active
DEV006991,Mobile,Windows,Chrome,Active
DEV006992,Mobile,Android,Chrome,Active
DEV006993,Mobile,Windows,Chrome,Inactive
DEV006994,Mobile,macOS,Firefox,Active
DEV006995,Laptop,Android,Edge,Active
DEV006996,Mobile,Windows,Chrome,Active
DEV006997,Mobile,iOS,Chrome,Active
DEV006998,Mobile,iOS,Edge,Active
DEV006999,Mobile,macOS,Firefox,Active
DEV007000,Laptop,Android,Chrome,Active
DEV007001,Tablet,Windows,Chrome,Inactive
DEV007002,Laptop,iOS,Chrome,Active
DEV007003,Mobile,iOS,Chrome,Active
DEV007004,Mobile,Android,Safari,Active
DEV007005,Mobile,Android,Chrome,Active
DEV007006,Mobile,macOS,Safari,Active
DEV007007,Laptop,Android,Chrome,Active
DEV007008,Mobile,Windows,Safari,Active
DEV007009,Laptop,Android,Chrome,Active
DEV007010,Mobile,Windows,Chrome,Active
DEV007011,Tablet,Android,Chrome,Active
DEV007012,Mobile,iOS,Firefox,Active
DEV007013,Mobile,macOS,Safari,Active
DEV007014,Laptop,Android,Chrome,Active
DEV007015,Mobile,Android,Chrome,Active
DEV007016,Mobile,macOS,Firefox,Active
DEV007017,Mobile,Windows,Chrome,Active
DEV007018,Mobile,iOS,Chrome,Active
DEV007019,Mobile,Android,Chrome,Inactive
DEV007020,Mobile,Android,Chrome,Active
DEV007021,Mobile,iOS,Chrome,Active
DEV007022,Mobile,macOS,Firefox,Active
DEV007023,Mobile,Android,Safari,Active
DEV007024,Mobile,Windows,Chrome,Inactive
DEV007025,Mobile,Android,Chrome,Active
DEV007026,Laptop,Windows,Chrome,Active
DEV007027,Laptop,Android,Chrome,Active
DEV007028,Mobile,Android,Edge,Active
DEV007029,Mobile,Android,Chrome,Active
DEV007030,Mobile,macOS,Edge,Active
DEV007031,Mobile,Android,Chrome,Active
DEV007032,Laptop,macOS,Safari,Active
DEV007033,Mobile,iOS,Chrome,Active
DEV007034,Mobile,Android,Chrome,Active
DEV007035,Mobile,Windows,Chrome,Active
DEV007036,Mobile,Android,Chrome,Active
DEV007037,Mobile,Windows,Chrome,Active
DEV007038,Mobile,iOS,Chrome,Active
DEV007039,Mobile,iOS,Edge,Active
DEV007040,Mobile,Windows,Safari,Active
DEV007041,Laptop,iOS,Firefox,Active
DEV007042,Mobile,iOS,Safari,Active
DEV007043,Laptop,iOS,Firefox,Active
DEV007044,Mobile,Android,Chrome,Active
DEV007045,Laptop,Android,Edge,Active
DEV007046,Mobile,Windows,Chrome,Active
DEV007047,Laptop,Windows,Safari,Active
DEV007048,Mobile,Android,Safari,Active
DEV007049,Mobile,iOS,Chrome,Active
DEV007050,Mobile,iOS,Safari,Inactive
DEV007051,Laptop,Android,Safari,Active
DEV007052,Mobile,macOS,Firefox,Active
DEV007053,Mobile,Android,Chrome,Active
DEV007054,Mobile,Android,Safari,Active
DEV007055,Mobile,Android,Chrome,Active
DEV007056,Laptop,Windows,Chrome,Active
DEV007057,Laptop,Android,Chrome,Active
DEV007058,Mobile,macOS,Chrome,Inactive
DEV007059,Mobile,Android,Chrome,Active
DEV007060,Mobile,Android,Edge,Active
DEV007061,Mobile,Android,Safari,Active
DEV007062,Mobile,Windows,Safari,Active
DEV007063,Mobile,Android,Safari,Active
DEV007064,Mobile,macOS,Safari,Active
DEV007065,Laptop,iOS,Edge,Active
DEV007066,Mobile,Windows,Chrome,Active
DEV007067,Mobile,Android,Firefox,Inactive
DEV007068,Tablet,macOS,Chrome,Active
DEV007069,Mobile,Android,Chrome,Active
DEV007070,Mobile,Android,Chrome,Active
DEV007071,Mobile,Android,Firefox,Active
DEV007072,Mobile,macOS,Safari,Active
DEV007073,Tablet,Android,Chrome,Active
DEV007074,Mobile,Android,Edge,Active
DEV007075,Mobile,iOS,Firefox,Active
DEV007076,Laptop,Windows,Chrome,Active
DEV007077,Laptop,Android,Safari,Inactive
DEV007078,Laptop,Android,Chrome,Active
DEV007079,Mobile,Windows,Chrome,Active
DEV007080,Mobile,Android,Chrome,Active
DEV007081,Mobile,Android,Chrome,Active
DEV007082,Laptop,macOS,Chrome,Active
DEV007083,Mobile,Android,Chrome,Active
DEV007084,Laptop,iOS,Firefox,Active
DEV007085,Mobile,macOS,Chrome,Inactive
DEV007086,Mobile,Android,Chrome,Active
DEV007087,Mobile,Android,Chrome,Active
DEV007088,Mobile,Android,Chrome,Active
DEV007089,Mobile,iOS,Chrome,Active
DEV007090,Mobile,Android,Chrome,Active
DEV007091,Mobile,iOS,Chrome,Inactive
DEV007092,Mobile,Android,Edge,Active
DEV007093,Mobile,Android,Edge,Active
DEV007094,Mobile,Android,Chrome,Active
DEV007095,Mobile,Windows,Chrome,Active
DEV007096,Mobile,iOS,Chrome,Active
DEV007097,Mobile,Android,Firefox,Active
DEV007098,Mobile,macOS,Chrome,Active
DEV007099,Mobile,iOS,Edge,Active
DEV007100,Mobile,macOS,Safari,Active
DEV007101,Mobile,Android,Chrome,Active
DEV007102,Laptop,Android,Chrome,Active
DEV007103,Mobile,Android,Chrome,Active
DEV007104,Mobile,iOS,Chrome,Active
DEV007105,Mobile,Windows,Edge,Active
DEV007106,Mobile,Android,Chrome,Active
DEV007107,Mobile,iOS,Edge,Active
DEV007108,Mobile,Android,Chrome,Active
DEV007109,Mobile,Android,Safari,Active
DEV007110,Mobile,iOS,Safari,Active
DEV007111,Mobile,Android,Chrome,Inactive
DEV007112,Mobile,Windows,Edge,Active
DEV007113,Tablet,Android,Chrome,Active
DEV007114,Mobile,macOS,Edge,Active
DEV007115,Mobile,Windows,Firefox,Active
DEV007116,Mobile,iOS,Safari,Active
DEV007117,Mobile,Android,Chrome,Active
DEV007118,Mobile,iOS,Safari,Active
DEV007119,Laptop,Windows,Edge,Active
DEV007120,Mobile,Android,Chrome,Active
DEV007121,Mobile,Android,Safari,Active
DEV007122,Mobile,iOS,Chrome,Active
DEV007123,Mobile,iOS,Safari,Active
DEV007124,Mobile,Windows,Safari,Active
DEV007125,Mobile,macOS,Safari,Active
DEV007126,Mobile,Android,Edge,Active
DEV007127,Mobile,Windows,Chrome,Active
DEV007128,Mobile,Android,Safari,Active
DEV007129,Laptop,Android,Chrome,Active
DEV007130,Mobile,Android,Firefox,Active
DEV007131,Laptop,Windows,Safari,Active
DEV007132,Mobile,Windows,Chrome,Active
DEV007133,Mobile,iOS,Firefox,Active
DEV007134,Laptop,Windows,Edge,Inactive
DEV007135,Tablet,iOS,Chrome,Active
DEV007136,Mobile,iOS,Chrome,Active
DEV007137,Mobile,Windows,Chrome,Active
DEV007138,Laptop,iOS,Chrome,Active
DEV007139,Mobile,macOS,Chrome,Active
DEV007140,Laptop,Android,Chrome,Active
DEV007141,Mobile,Android,Edge,Active
DEV007142,Mobile,Android,Safari,Active
DEV007143,Mobile,Android,Safari,Inactive
DEV007144,Mobile,Android,Chrome,Active
DEV007145,Tablet,iOS,Chrome,Active
DEV007146,Tablet,Android,Chrome,Active
DEV007147,Laptop,Android,Chrome,Active
DEV007148,Tablet,iOS,Chrome,Active
DEV007149,Mobile,macOS,Chrome,Active
DEV007150,Mobile,Android,Chrome,Active
DEV007151,Laptop,Android,Safari,Active
DEV007152,Mobile,Android,Chrome,Active
DEV007153,Mobile,iOS,Chrome,Active
DEV007154,Mobile,iOS,Safari,Active
DEV007155,Mobile,Android,Chrome,Active
DEV007156,Mobile,Windows,Chrome,Active
DEV007157,Mobile,Android,Chrome,Active
DEV007158,Mobile,macOS,Chrome,Active
DEV007159,Tablet,iOS,Chrome,Active
DEV007160,Mobile,Android,Edge,Active
DEV007161,Mobile,Windows,Chrome,Active
DEV007162,Mobile,Android,Chrome,Active
DEV007163,Tablet,Android,Chrome,Active
DEV007164,Mobile,Android,Firefox,Active
DEV007165,Mobile,Android,Chrome,Active
DEV007166,Mobile,iOS,Safari,Active
DEV007167,Mobile,Android,Chrome,Active
DEV007168,Mobile,iOS,Safari,Active
DEV007169,Laptop,macOS,Chrome,Active
DEV007170,Laptop,Android,Safari,Active
DEV007171,Laptop,macOS,Safari,Active
DEV007172,Laptop,Android,Chrome,Active
DEV007173,Mobile,Android,Chrome,Active
DEV007174,Laptop,iOS,Chrome,Active
DEV007175,Mobile,macOS,Chrome,Active
DEV007176,Mobile,iOS,Safari,Active
DEV007177,Mobile,Android,Firefox,Active
DEV007178,Mobile,Windows,Safari,Active
DEV007179,Laptop,Windows,Chrome,Active
DEV007180,Tablet,Android,Edge,Active
DEV007181,Mobile,Windows,Chrome,Active
DEV007182,Laptop,Android,Safari,Active
DEV007183,Mobile,macOS,Safari,Inactive
DEV007184,Mobile,iOS,Chrome,Inactive
DEV007185,Mobile,Android,Chrome,Inactive
DEV007186,Laptop,macOS,Safari,Active
DEV007187,Tablet,Android,Chrome,Active
DEV007188,Mobile,Android,Chrome,Inactive
DEV007189,Laptop,iOS,Chrome,Active
DEV007190,Mobile,Android,Chrome,Active
DEV007191,Mobile,Android,Chrome,Active
DEV007192,Mobile,macOS,Edge,Active
DEV007193,Mobile,Android,Safari,Active
DEV007194,Mobile,iOS,Firefox,Active
DEV007195,Mobile,iOS,Chrome,Active
DEV007196,Laptop,iOS,Chrome,Active
DEV007197,Mobile,macOS,Chrome,Inactive
DEV007198,Mobile,macOS,Chrome,Active
DEV007199,Tablet,iOS,Chrome,Active
DEV007200,Mobile,macOS,Edge,Active
DEV007201,Mobile,macOS,Firefox,Active
DEV007202,Mobile,Android,Chrome,Active
DEV007203,Mobile,iOS,Chrome,Active
DEV007204,Mobile,iOS,Safari,Active
DEV007205,Tablet,Windows,Chrome,Active
DEV007206,Mobile,iOS,Safari,Active
DEV007207,Mobile,iOS,Edge,Active
DEV007208,Mobile,Android,Chrome,Active
DEV007209,Tablet,Android,Chrome,Active
DEV007210,Mobile,iOS,Edge,Active
DEV007211,Tablet,Android,Chrome,Active
DEV007212,Mobile,Android,Firefox,Active
DEV007213,Mobile,Windows,Chrome,Active
DEV007214,Mobile,Android,Chrome,Active
DEV007215,Mobile,Android,Firefox,Active
DEV007216,Mobile,Android,Edge,Active
DEV007217,Mobile,iOS,Chrome,Active
DEV007218,Laptop,Android,Chrome,Active
DEV007219,Mobile,Android,Chrome,Active
DEV007220,Tablet,Android,Chrome,Active
DEV007221,Laptop,Android,Chrome,Active
DEV007222,Mobile,Android,Chrome,Active
DEV007223,Mobile,Android,Chrome,Active
DEV007224,Laptop,Windows,Edge,Active
DEV007225,Mobile,iOS,Firefox,Active
DEV007226,Laptop,macOS,Chrome,Active
DEV007227,Laptop,Android,Chrome,Active
DEV007228,Mobile,iOS,Firefox,Active
DEV007229,Tablet,Android,Edge,Active
DEV007230,Mobile,macOS,Chrome,Active
DEV007231,Mobile,Android,Safari,Active
DEV007232,Mobile,Android,Chrome,Inactive
DEV007233,Mobile,Android,Chrome,Inactive
DEV007234,Mobile,Android,Firefox,Active
DEV007235,Laptop,iOS,Edge,Active
DEV007236,Mobile,Android,Edge,Active
DEV007237,Mobile,iOS,Chrome,Active
DEV007238,Mobile,Android,Safari,Inactive
DEV007239,Mobile,Android,Edge,Active
DEV007240,Mobile,Android,Chrome,Active
DEV007241,Mobile,Android,Edge,Active
DEV007242,Mobile,Android,Chrome,Active
DEV007243,Mobile,Android,Chrome,Inactive
DEV007244,Mobile,Android,Chrome,Active
DEV007245,Mobile,iOS,Chrome,Active
DEV007246,Tablet,Windows,Firefox,Active
DEV007247,Mobile,Windows,Chrome,Inactive
DEV007248,Laptop,iOS,Firefox,Active
DEV007249,Mobile,macOS,Chrome,Active
DEV007250,Mobile,Android,Safari,Inactive
DEV007251,Mobile,iOS,Edge,Active
DEV007252,Mobile,Android,Chrome,Active
DEV007253,Mobile,macOS,Firefox,Active
DEV007254,Tablet,Windows,Chrome,Inactive
DEV007255,Tablet,Android,Safari,Active
DEV007256,Mobile,Android,Chrome,Inactive
DEV007257,Laptop,Android,Chrome,Active
DEV007258,Mobile,macOS,Chrome,Active
DEV007259,Mobile,macOS,Edge,Active
DEV007260,Mobile,Android,Chrome,Active
DEV007261,Laptop,Android,Safari,Active
DEV007262,Mobile,iOS,Chrome,Active
DEV007263,Mobile,Android,Chrome,Active
DEV007264,Laptop,iOS,Chrome,Active
DEV007265,Laptop,Windows,Safari,Inactive
DEV007266,Mobile,iOS,Chrome,Active
DEV007267,Mobile,Android,Chrome,Active
DEV007268,Mobile,Android,Chrome,Active
DEV007269,Mobile,Windows,Firefox,Active
DEV007270,Mobile,macOS,Edge,Active
DEV007271,Tablet,Android,Chrome,Active
DEV007272,Mobile,Android,Safari,Active
DEV007273,Tablet,Android,Chrome,Active
DEV007274,Mobile,Android,Chrome,Inactive
DEV007275,Mobile,iOS,Chrome,Active
DEV007276,Mobile,Windows,Safari,Active
DEV007277,Mobile,Android,Edge,Active
DEV007278,Mobile,macOS,Edge,Active
DEV007279,Laptop,macOS,Firefox,Active
DEV007280,Mobile,Android,Edge,Active
DEV007281,Mobile,iOS,Chrome,Active
DEV007282,Mobile,Android,Chrome,Inactive
DEV007283,Mobile,Android,Chrome,Active
DEV007284,Mobile,iOS,Chrome,Active
DEV007285,Tablet,iOS,Safari,Active
DEV007286,Mobile,iOS,Firefox,Active
DEV007287,Mobile,Android,Safari,Active
DEV007288,Mobile,macOS,Chrome,Active
DEV007289,Mobile,Windows,Safari,Active
DEV007290,Tablet,iOS,Firefox,Inactive
DEV007291,Mobile,Android,Safari,Inactive
DEV007292,Mobile,iOS,Firefox,Active
DEV007293,Mobile,Android,Chrome,Active
DEV007294,Tablet,Windows,Safari,Inactive
DEV007295,Mobile,Windows,Chrome,Active
DEV007296,Mobile,iOS,Edge,Active
DEV007297,Mobile,Android,Chrome,Active
DEV007298,Mobile,Android,Chrome,Active
DEV007299,Mobile,Android,Firefox,Active
DEV007300,Tablet,Windows,Chrome,Active
DEV007301,Mobile,Android,Edge,Active
DEV007302,Mobile,Android,Safari,Active
DEV007303,Laptop,Android,Edge,Active
DEV007304,Mobile,Android,Firefox,Active
DEV007305,Mobile,iOS,Safari,Inactive
DEV007306,Mobile,iOS,Edge,Inactive
DEV007307,Mobile,Android,Chrome,Active
DEV007308,Mobile,Android,Firefox,Active
DEV007309,Mobile,Android,Safari,Active
DEV007310,Laptop,Android,Edge,Active
DEV007311,Mobile,Android,Safari,Active
DEV007312,Tablet,Android,Firefox,Inactive
DEV007313,Mobile,Android,Edge,Inactive
DEV007314,Mobile,Android,Chrome,Active
DEV007315,Mobile,Android,Chrome,Active
DEV007316,Mobile,macOS,Edge,Active
DEV007317,Mobile,macOS,Chrome,Active
DEV007318,Mobile,Android,Chrome,Active
DEV007319,Mobile,Windows,Chrome,Inactive
DEV007320,Mobile,Android,Edge,Active
DEV007321,Mobile,Windows,Firefox,Active
DEV007322,Laptop,iOS,Edge,Active
DEV007323,Mobile,Android,Firefox,Active
DEV007324,Mobile,Android,Chrome,Active
DEV007325,Mobile,macOS,Chrome,Active
DEV007326,Tablet,Windows,Chrome,Active
DEV007327,Mobile,Android,Firefox,Active
DEV007328,Tablet,Android,Safari,Active
DEV007329,Mobile,Android,Chrome,Inactive
DEV007330,Mobile,iOS,Safari,Active
DEV007331,Mobile,Windows,Edge,Inactive
DEV007332,Mobile,Android,Chrome,Active
DEV007333,Mobile,Windows,Safari,Active
DEV007334,Mobile,Android,Edge,Active
DEV007335,Mobile,Android,Edge,Active
DEV007336,Mobile,iOS,Edge,Active
DEV007337,Mobile,macOS,Chrome,Active
DEV007338,Laptop,Android,Chrome,Active
DEV007339,Mobile,Android,Safari,Active
DEV007340,Tablet,Android,Chrome,Active
DEV007341,Mobile,iOS,Safari,Active
DEV007342,Laptop,iOS,Firefox,Inactive
DEV007343,Mobile,Android,Firefox,Active
DEV007344,Mobile,Android,Safari,Active
DEV007345,Tablet,Android,Edge,Active
DEV007346,Mobile,Windows,Edge,Active
DEV007347,Laptop,Android,Edge,Active
DEV007348,Mobile,Windows,Chrome,Active
DEV007349,Mobile,Android,Safari,Active
DEV007350,Mobile,iOS,Safari,Active
DEV007351,Mobile,iOS,Firefox,Active
DEV007352,Laptop,macOS,Firefox,Active
DEV007353,Mobile,Android,Chrome,Inactive
DEV007354,Mobile,Windows,Safari,Active
DEV007355,Mobile,Windows,Chrome,Active
DEV007356,Laptop,iOS,Safari,Active
DEV007357,Mobile,Android,Chrome,Active
DEV007358,Mobile,Android,Edge,Active
DEV007359,Mobile,iOS,Firefox,Active
DEV007360,Laptop,macOS,Chrome,Active
DEV007361,Mobile,Windows,Chrome,Inactive
DEV007362,Mobile,Android,Edge,Active
DEV007363,Laptop,Android,Edge,Active
DEV007364,Mobile,Windows,Edge,Active
DEV007365,Laptop,Windows,Firefox,Active
DEV007366,Tablet,iOS,Chrome,Active
DEV007367,Mobile,Android,Chrome,Active
DEV007368,Mobile,iOS,Safari,Active
DEV007369,Laptop,macOS,Chrome,Active
DEV007370,Mobile,iOS,Chrome,Active
DEV007371,Laptop,Android,Chrome,Active
DEV007372,Tablet,Android,Chrome,Active
DEV007373,Mobile,Android,Chrome,Active
DEV007374,Mobile,macOS,Chrome,Active
DEV007375,Mobile,macOS,Firefox,Active
DEV007376,Mobile,Android,Safari,Active
DEV007377,Mobile,Android,Safari,Active
DEV007378,Mobile,Android,Chrome,Active
DEV007379,Laptop,macOS,Edge,Active
DEV007380,Laptop,Android,Chrome,Active
DEV007381,Mobile,iOS,Safari,Active
DEV007382,Mobile,iOS,Safari,Active
DEV007383,Mobile,iOS,Chrome,Active
DEV007384,Mobile,Windows,Chrome,Active
DEV007385,Mobile,Windows,Chrome,Active
DEV007386,Mobile,macOS,Firefox,Active
DEV007387,Laptop,Android,Safari,Active
DEV007388,Mobile,Android,Safari,Active
DEV007389,Laptop,Android,Chrome,Active
DEV007390,Mobile,Android,Edge,Active
DEV007391,Mobile,iOS,Chrome,Active
DEV007392,Tablet,Android,Edge,Active
DEV007393,Mobile,Android,Edge,Active
DEV007394,Tablet,iOS,Chrome,Active
DEV007395,Tablet,Windows,Chrome,Active
DEV007396,Laptop,Android,Chrome,Active
DEV007397,Mobile,macOS,Firefox,Active
DEV007398,Mobile,macOS,Chrome,Active
DEV007399,Mobile,macOS,Chrome,Active
DEV007400,Mobile,Android,Chrome,Active
DEV007401,Mobile,iOS,Safari,Active
DEV007402,Mobile,Windows,Safari,Active
DEV007403,Tablet,macOS,Chrome,Active
DEV007404,Mobile,Android,Chrome,Active
DEV007405,Mobile,iOS,Chrome,Active
DEV007406,Mobile,Windows,Chrome,Active
DEV007407,Mobile,Android,Chrome,Active
DEV007408,Mobile,iOS,Chrome,Active
DEV007409,Mobile,iOS,Chrome,Active
DEV007410,Mobile,iOS,Edge,Active
DEV007411,Mobile,Windows,Edge,Active
DEV007412,Mobile,iOS,Chrome,Active
DEV007413,Mobile,iOS,Edge,Active
DEV007414,Mobile,macOS,Safari,Active
DEV007415,Mobile,Windows,Edge,Active
DEV007416,Tablet,Android,Edge,Active
DEV007417,Mobile,Android,Chrome,Active
DEV007418,Mobile,iOS,Chrome,Active
DEV007419,Laptop,Android,Chrome,Inactive
DEV007420,Mobile,Android,Edge,Active
DEV007421,Mobile,iOS,Firefox,Active
DEV007422,Mobile,Android,Safari,Active
DEV007423,Mobile,Android,Chrome,Active
DEV007424,Mobile,Android,Safari,Active
DEV007425,Mobile,Android,Chrome,Active
DEV007426,Laptop,Android,Chrome,Active
DEV007427,Tablet,Windows,Safari,Active
DEV007428,Mobile,Android,Safari,Active
DEV007429,Mobile,Android,Edge,Active
DEV007430,Mobile,Android,Chrome,Active
DEV007431,Mobile,Android,Chrome,Active
DEV007432,Laptop,Android,Safari,Active
DEV007433,Mobile,iOS,Edge,Inactive
DEV007434,Mobile,Windows,Chrome,Active
DEV007435,Mobile,iOS,Chrome,Active
DEV007436,Mobile,Android,Safari,Active
DEV007437,Mobile,Android,Chrome,Active
DEV007438,Laptop,Android,Chrome,Active
DEV007439,Mobile,iOS,Safari,Active
DEV007440,Tablet,macOS,Chrome,Active
DEV007441,Laptop,Windows,Chrome,Active
DEV007442,Laptop,iOS,Safari,Active
DEV007443,Tablet,iOS,Chrome,Active
DEV007444,Mobile,Android,Firefox,Active
DEV007445,Mobile,Android,Safari,Active
DEV007446,Laptop,Android,Edge,Active
DEV007447,Laptop,iOS,Chrome,Active
DEV007448,Mobile,Android,Edge,Active
DEV007449,Mobile,iOS,Chrome,Active
DEV007450,Mobile,Android,Chrome,Active
DEV007451,Mobile,Android,Chrome,Active
DEV007452,Laptop,Android,Chrome,Active
DEV007453,Laptop,iOS,Firefox,Active
DEV007454,Mobile,iOS,Chrome,Active
DEV007455,Mobile,Android,Chrome,Active
DEV007456,Mobile,Android,Chrome,Active
DEV007457,Mobile,Android,Chrome,Active
DEV007458,Laptop,Android,Edge,Active
DEV007459,Mobile,Windows,Chrome,Active
DEV007460,Laptop,Windows,Safari,Active
DEV007461,Mobile,Windows,Chrome,Active
DEV007462,Mobile,iOS,Safari,Active
DEV007463,Mobile,Android,Chrome,Active
DEV007464,Mobile,iOS,Chrome,Active
DEV007465,Mobile,iOS,Chrome,Active
DEV007466,Laptop,iOS,Chrome,Active
DEV007467,Mobile,macOS,Firefox,Active
DEV007468,Laptop,Android,Chrome,Active
DEV007469,Mobile,Windows,Safari,Active
DEV007470,Mobile,Android,Chrome,Inactive
DEV007471,Mobile,Android,Firefox,Active
DEV007472,Laptop,Windows,Edge,Active
DEV007473,Laptop,iOS,Chrome,Active
DEV007474,Tablet,Android,Safari,Active
DEV007475,Mobile,Android,Edge,Active
DEV007476,Mobile,iOS,Chrome,Active
DEV007477,Laptop,Android,Edge,Active
DEV007478,Tablet,iOS,Safari,Active
DEV007479,Mobile,Windows,Edge,Active
DEV007480,Tablet,Android,Chrome,Active
DEV007481,Laptop,Android,Firefox,Active
DEV007482,Mobile,macOS,Edge,Active
DEV007483,Mobile,Android,Safari,Active
DEV007484,Mobile,Android,Edge,Active
DEV007485,Mobile,Android,Chrome,Active
DEV007486,Mobile,Android,Edge,Active
DEV007487,Mobile,Android,Firefox,Active
DEV007488,Mobile,iOS,Chrome,Active
DEV007489,Tablet,Android,Chrome,Active
DEV007490,Mobile,Android,Chrome,Active
DEV007491,Mobile,macOS,Chrome,Active
DEV007492,Tablet,Android,Firefox,Inactive
DEV007493,Laptop,iOS,Firefox,Inactive
DEV007494,Mobile,Android,Edge,Active
DEV007495,Mobile,macOS,Chrome,Active
DEV007496,Mobile,Windows,Edge,Active
DEV007497,Laptop,macOS,Chrome,Active
DEV007498,Mobile,Windows,Chrome,Active
DEV007499,Mobile,Android,Safari,Active
DEV007500,Mobile,Android,Firefox,Active
DEV007501,Mobile,Android,Chrome,Active
DEV007502,Mobile,Android,Edge,Active
DEV007503,Mobile,iOS,Chrome,Active
DEV007504,Mobile,iOS,Edge,Active
DEV007505,Mobile,Windows,Chrome,Active
DEV007506,Laptop,macOS,Chrome,Active
DEV007507,Laptop,Windows,Firefox,Active
DEV007508,Mobile,Android,Safari,Active
DEV007509,Mobile,Android,Firefox,Inactive
DEV007510,Laptop,Android,Chrome,Active
DEV007511,Mobile,iOS,Chrome,Active
DEV007512,Mobile,iOS,Chrome,Active
DEV007513,Mobile,Windows,Chrome,Active
DEV007514,Mobile,Android,Safari,Active
DEV007515,Mobile,Android,Chrome,Active
DEV007516,Mobile,Android,Safari,Active
DEV007517,Tablet,Android,Edge,Active
DEV007518,Mobile,Android,Chrome,Active
DEV007519,Mobile,Android,Edge,Active
DEV007520,Laptop,iOS,Edge,Inactive
DEV007521,Mobile,Android,Chrome,Active
DEV007522,Tablet,macOS,Firefox,Active
DEV007523,Mobile,iOS,Edge,Active
DEV007524,Mobile,macOS,Chrome,Active
DEV007525,Laptop,Windows,Safari,Active
DEV007526,Mobile,iOS,Chrome,Active
DEV007527,Mobile,Android,Chrome,Active
DEV007528,Mobile,iOS,Chrome,Active
DEV007529,Mobile,Windows,Safari,Active
DEV007530,Mobile,Android,Chrome,Active
DEV007531,Mobile,iOS,Safari,Active
DEV007532,Laptop,Android,Safari,Inactive
DEV007533,Mobile,macOS,Chrome,Active
DEV007534,Laptop,Windows,Edge,Active
DEV007535,Mobile,iOS,Chrome,Active
DEV007536,Mobile,iOS,Safari,Active
DEV007537,Mobile,iOS,Chrome,Active
DEV007538,Laptop,iOS,Safari,Active
DEV007539,Mobile,Android,Safari,Active
DEV007540,Laptop,Android,Safari,Active
DEV007541,Laptop,Android,Safari,Active
DEV007542,Mobile,Android,Chrome,Active
DEV007543,Laptop,Android,Chrome,Active
DEV007544,Mobile,iOS,Edge,Active
DEV007545,Mobile,macOS,Safari,Active
DEV007546,Mobile,iOS,Edge,Active
DEV007547,Mobile,macOS,Chrome,Active
DEV007548,Mobile,iOS,Chrome,Active
DEV007549,Laptop,Android,Chrome,Active
DEV007550,Mobile,Windows,Safari,Active
DEV007551,Mobile,Android,Chrome,Active
DEV007552,Laptop,Android,Safari,Active
DEV007553,Mobile,Android,Chrome,Active
DEV007554,Mobile,iOS,Safari,Active
DEV007555,Mobile,Android,Chrome,Active
DEV007556,Mobile,iOS,Edge,Active
DEV007557,Mobile,Android,Chrome,Active
DEV007558,Mobile,Android,Chrome,Active
DEV007559,Laptop,Windows,Safari,Active
DEV007560,Mobile,Android,Chrome,Active
DEV007561,Laptop,Windows,Chrome,Active
DEV007562,Tablet,Android,Firefox,Active
DEV007563,Mobile,Android,Firefox,Active
DEV007564,Mobile,Windows,Edge,Inactive
DEV007565,Laptop,iOS,Chrome,Active
DEV007566,Laptop,macOS,Safari,Inactive
DEV007567,Mobile,iOS,Chrome,Active
DEV007568,Laptop,macOS,Chrome,Active
DEV007569,Laptop,Android,Edge,Active
DEV007570,Mobile,iOS,Chrome,Active
DEV007571,Laptop,Windows,Chrome,Active
DEV007572,Mobile,macOS,Edge,Active
DEV007573,Mobile,Android,Chrome,Active
DEV007574,Mobile,Android,Safari,Active
DEV007575,Mobile,Android,Chrome,Active
DEV007576,Laptop,macOS,Safari,Active
DEV007577,Laptop,Android,Chrome,Active
DEV007578,Laptop,iOS,Chrome,Active
DEV007579,Laptop,iOS,Chrome,Active
DEV007580,Laptop,iOS,Chrome,Active
DEV007581,Mobile,Android,Safari,Active
DEV007582,Laptop,iOS,Safari,Active
DEV007583,Mobile,Android,Safari,Inactive
DEV007584,Mobile,iOS,Edge,Active
DEV007585,Mobile,Android,Chrome,Active
DEV007586,Mobile,Android,Edge,Active
DEV007587,Mobile,Android,Safari,Active
DEV007588,Mobile,Android,Safari,Active
DEV007589,Tablet,iOS,Chrome,Active
DEV007590,Mobile,iOS,Chrome,Active
DEV007591,Mobile,Android,Chrome,Inactive
DEV007592,Mobile,Windows,Firefox,Active
DEV007593,Mobile,Android,Chrome,Active
DEV007594,Tablet,iOS,Safari,Active
DEV007595,Tablet,iOS,Firefox,Active
DEV007596,Mobile,iOS,Edge,Active
DEV007597,Mobile,iOS,Firefox,Inactive
DEV007598,Mobile,iOS,Firefox,Active
DEV007599,Mobile,Android,Chrome,Active
DEV007600,Mobile,iOS,Safari,Active
DEV007601,Mobile,Android,Edge,Active
DEV007602,Mobile,Android,Chrome,Active
DEV007603,Mobile,macOS,Chrome,Active
DEV007604,Mobile,Android,Safari,Inactive
DEV007605,Mobile,macOS,Safari,Active
DEV007606,Mobile,iOS,Firefox,Active
DEV007607,Mobile,Windows,Chrome,Active
DEV007608,Mobile,Android,Firefox,Inactive
DEV007609,Laptop,iOS,Safari,Inactive
DEV007610,Tablet,Windows,Edge,Inactive
DEV007611,Mobile,Android,Firefox,Active
DEV007612,Mobile,Android,Safari,Active
DEV007613,Mobile,Windows,Chrome,Active
DEV007614,Tablet,macOS,Chrome,Active
DEV007615,Laptop,Windows,Chrome,Active
DEV007616,Mobile,Android,Safari,Active
DEV007617,Laptop,Android,Chrome,Active
DEV007618,Tablet,Windows,Chrome,Active
DEV007619,Mobile,macOS,Chrome,Inactive
DEV007620,Mobile,macOS,Firefox,Active
DEV007621,Mobile,Android,Chrome,Active
DEV007622,Mobile,Windows,Safari,Active
DEV007623,Laptop,Android,Chrome,Active
DEV007624,Mobile,Android,Chrome,Active
DEV007625,Mobile,macOS,Chrome,Active
DEV007626,Mobile,iOS,Chrome,Active
DEV007627,Laptop,Windows,Chrome,Active
DEV007628,Mobile,macOS,Safari,Active
DEV007629,Mobile,Android,Safari,Active
DEV007630,Mobile,iOS,Firefox,Inactive
DEV007631,Mobile,Android,Chrome,Inactive
DEV007632,Mobile,Android,Chrome,Active
DEV007633,Mobile,iOS,Safari,Active
DEV007634,Mobile,iOS,Firefox,Inactive
DEV007635,Tablet,Android,Safari,Active
DEV007636,Laptop,Android,Safari,Active
DEV007637,Mobile,Windows,Chrome,Active
DEV007638,Laptop,iOS,Chrome,Active
DEV007639,Mobile,Android,Chrome,Active
DEV007640,Mobile,iOS,Safari,Inactive
DEV007641,Mobile,Android,Safari,Inactive
DEV007642,Laptop,Android,Chrome,Active
DEV007643,Laptop,Android,Safari,Active
DEV007644,Mobile,Android,Chrome,Active
DEV007645,Mobile,Windows,Chrome,Active
DEV007646,Mobile,macOS,Chrome,Inactive
DEV007647,Mobile,macOS,Chrome,Active
DEV007648,Mobile,iOS,Chrome,Active
DEV007649,Mobile,Android,Edge,Active
DEV007650,Laptop,Windows,Chrome,Active
DEV007651,Mobile,iOS,Edge,Active
DEV007652,Laptop,Windows,Chrome,Active
DEV007653,Mobile,Android,Chrome,Active
DEV007654,Mobile,Android,Chrome,Active
DEV007655,Mobile,macOS,Chrome,Inactive
DEV007656,Mobile,macOS,Firefox,Active
DEV007657,Mobile,iOS,Edge,Active
DEV007658,Mobile,Android,Chrome,Active
DEV007659,Mobile,Android,Chrome,Active
DEV007660,Mobile,Android,Chrome,Active
DEV007661,Tablet,Android,Safari,Active
DEV007662,Mobile,macOS,Chrome,Active
DEV007663,Tablet,Android,Chrome,Active
DEV007664,Laptop,Android,Chrome,Active
DEV007665,Mobile,iOS,Chrome,Active
DEV007666,Laptop,macOS,Chrome,Active
DEV007667,Mobile,Android,Chrome,Active
DEV007668,Mobile,Windows,Chrome,Active
DEV007669,Tablet,Android,Safari,Active
DEV007670,Mobile,Android,Chrome,Active
DEV007671,Mobile,Android,Firefox,Active
DEV007672,Laptop,Android,Chrome,Active
DEV007673,Mobile,iOS,Firefox,Active
DEV007674,Laptop,Android,Firefox,Active
DEV007675,Laptop,macOS,Safari,Active
DEV007676,Mobile,Windows,Edge,Active
DEV007677,Mobile,Android,Edge,Active
DEV007678,Mobile,Android,Firefox,Active
DEV007679,Mobile,Android,Chrome,Inactive
DEV007680,Laptop,macOS,Safari,Active
DEV007681,Laptop,Android,Edge,Active
DEV007682,Tablet,Android,Chrome,Active
DEV007683,Mobile,iOS,Chrome,Active
DEV007684,Mobile,Android,Chrome,Active
DEV007685,Mobile,Android,Safari,Active
DEV007686,Mobile,iOS,Safari,Inactive
DEV007687,Mobile,Windows,Chrome,Active
DEV007688,Laptop,Android,Safari,Inactive
DEV007689,Laptop,Windows,Chrome,Active
DEV007690,Mobile,iOS,Chrome,Active
DEV007691,Mobile,Android,Safari,Inactive
DEV007692,Laptop,iOS,Edge,Active
DEV007693,Mobile,Android,Chrome,Inactive
DEV007694,Mobile,Android,Edge,Active
DEV007695,Mobile,iOS,Edge,Active
DEV007696,Laptop,macOS,Chrome,Active
DEV007697,Laptop,Android,Safari,Active
DEV007698,Mobile,Android,Chrome,Active
DEV007699,Mobile,Android,Edge,Inactive
DEV007700,Mobile,Windows,Chrome,Active
DEV007701,Mobile,Android,Chrome,Active
DEV007702,Mobile,Android,Chrome,Active
DEV007703,Laptop,Windows,Edge,Active
DEV007704,Mobile,Android,Safari,Active
DEV007705,Tablet,Windows,Chrome,Active
DEV007706,Mobile,Android,Chrome,Active
DEV007707,Laptop,Windows,Safari,Active
DEV007708,Laptop,Android,Safari,Active
DEV007709,Mobile,Android,Safari,Active
DEV007710,Mobile,iOS,Firefox,Inactive
DEV007711,Mobile,Android,Safari,Active
DEV007712,Mobile,iOS,Firefox,Inactive
DEV007713,Mobile,Windows,Chrome,Active
DEV007714,Mobile,Windows,Chrome,Active
DEV007715,Mobile,Android,Chrome,Active
DEV007716,Mobile,Android,Edge,Active
DEV007717,Mobile,iOS,Chrome,Active
DEV007718,Mobile,Android,Chrome,Active
DEV007719,Laptop,iOS,Safari,Active
DEV007720,Laptop,Android,Chrome,Inactive
DEV007721,Mobile,iOS,Firefox,Active
DEV007722,Mobile,macOS,Safari,Active
DEV007723,Mobile,Windows,Chrome,Inactive
DEV007724,Mobile,macOS,Firefox,Active
DEV007725,Mobile,iOS,Firefox,Active
DEV007726,Mobile,iOS,Chrome,Active
DEV007727,Mobile,macOS,Safari,Active
DEV007728,Laptop,Android,Chrome,Inactive
DEV007729,Mobile,Android,Chrome,Active
DEV007730,Mobile,macOS,Chrome,Active
DEV007731,Mobile,Android,Chrome,Active
DEV007732,Mobile,Android,Chrome,Inactive
DEV007733,Mobile,iOS,Safari,Active
DEV007734,Laptop,iOS,Chrome,Active
DEV007735,Mobile,iOS,Chrome,Active
DEV007736,Mobile,Android,Chrome,Active
DEV007737,Mobile,iOS,Chrome,Active
DEV007738,Mobile,Android,Edge,Active
DEV007739,Mobile,Android,Safari,Active
DEV007740,Mobile,Android,Edge,Active
DEV007741,Mobile,Android,Edge,Active
DEV007742,Laptop,iOS,Chrome,Active
DEV007743,Mobile,Android,Chrome,Active
DEV007744,Laptop,iOS,Chrome,Active
DEV007745,Mobile,macOS,Chrome,Active
DEV007746,Mobile,Android,Chrome,Active
DEV007747,Mobile,macOS,Chrome,Active
DEV007748,Tablet,iOS,Chrome,Active
DEV007749,Mobile,iOS,Chrome,Active
DEV007750,Mobile,Android,Edge,Active
DEV007751,Laptop,Windows,Edge,Active
DEV007752,Tablet,iOS,Chrome,Active
DEV007753,Mobile,Windows,Safari,Active
DEV007754,Mobile,Android,Chrome,Active
DEV007755,Mobile,iOS,Chrome,Active
DEV007756,Mobile,Windows,Edge,Active
DEV007757,Laptop,Android,Edge,Active
DEV007758,Mobile,iOS,Safari,Active
DEV007759,Laptop,Android,Chrome,Active
DEV007760,Mobile,iOS,Chrome,Inactive
DEV007761,Mobile,Android,Safari,Active
DEV007762,Mobile,iOS,Edge,Active
DEV007763,Laptop,Android,Safari,Active
DEV007764,Laptop,iOS,Firefox,Active
DEV007765,Mobile,Windows,Chrome,Active
DEV007766,Tablet,Android,Chrome,Active
DEV007767,Mobile,iOS,Safari,Active
DEV007768,Mobile,Android,Chrome,Inactive
DEV007769,Mobile,iOS,Chrome,Active
DEV007770,Mobile,iOS,Chrome,Inactive
DEV007771,Laptop,iOS,Chrome,Active
DEV007772,Laptop,iOS,Chrome,Active
DEV007773,Mobile,Android,Safari,Active
DEV007774,Mobile,iOS,Safari,Active
DEV007775,Tablet,macOS,Chrome,Active
DEV007776,Mobile,Android,Safari,Active
DEV007777,Mobile,Android,Chrome,Active
DEV007778,Laptop,Android,Safari,Active
DEV007779,Mobile,Windows,Chrome,Active
DEV007780,Tablet,iOS,Chrome,Active
DEV007781,Laptop,Windows,Edge,Active
DEV007782,Mobile,Android,Edge,Active
DEV007783,Mobile,Android,Chrome,Active
DEV007784,Mobile,Android,Safari,Active
DEV007785,Mobile,iOS,Chrome,Active
DEV007786,Laptop,Android,Chrome,Active
DEV007787,Mobile,Android,Safari,Active
DEV007788,Laptop,Android,Chrome,Active
DEV007789,Mobile,iOS,Edge,Active
DEV007790,Mobile,Android,Chrome,Active
DEV007791,Mobile,Windows,Edge,Active
DEV007792,Laptop,iOS,Edge,Active
DEV007793,Laptop,Android,Edge,Active
DEV007794,Mobile,iOS,Chrome,Active
DEV007795,Laptop,iOS,Edge,Active
DEV007796,Tablet,Windows,Safari,Active
DEV007797,Mobile,Android,Chrome,Active
DEV007798,Mobile,macOS,Chrome,Active
DEV007799,Mobile,Android,Safari,Active
DEV007800,Laptop,Android,Chrome,Active
DEV007801,Mobile,Windows,Chrome,Active
DEV007802,Tablet,iOS,Chrome,Active
DEV007803,Mobile,Android,Chrome,Active
DEV007804,Mobile,Android,Safari,Active
DEV007805,Laptop,Android,Edge,Active
DEV007806,Mobile,Android,Chrome,Active
DEV007807,Mobile,Android,Safari,Inactive
DEV007808,Mobile,iOS,Safari,Active
DEV007809,Mobile,Android,Edge,Active
DEV007810,Mobile,iOS,Safari,Active
DEV007811,Mobile,Android,Edge,Active
DEV007812,Mobile,Android,Chrome,Active
DEV007813,Mobile,Windows,Chrome,Active
DEV007814,Mobile,macOS,Edge,Active
DEV007815,Mobile,Android,Edge,Active
DEV007816,Mobile,Android,Edge,Inactive
DEV007817,Laptop,Android,Chrome,Active
DEV007818,Mobile,Android,Chrome,Active
DEV007819,Mobile,Android,Chrome,Active
DEV007820,Mobile,Android,Firefox,Active
DEV007821,Mobile,iOS,Firefox,Active
DEV007822,Mobile,Windows,Safari,Active
DEV007823,Laptop,Android,Chrome,Active
DEV007824,Mobile,Android,Firefox,Inactive
DEV007825,Tablet,Windows,Firefox,Active
DEV007826,Laptop,Android,Chrome,Inactive
DEV007827,Mobile,Android,Chrome,Active
DEV007828,Mobile,Android,Safari,Active
DEV007829,Mobile,Android,Edge,Active
DEV007830,Mobile,iOS,Edge,Active
DEV007831,Mobile,Android,Edge,Active
DEV007832,Tablet,Windows,Edge,Active
DEV007833,Laptop,iOS,Chrome,Active
DEV007834,Laptop,Android,Chrome,Active
DEV007835,Mobile,Android,Edge,Active
DEV007836,Laptop,Android,Chrome,Active
DEV007837,Mobile,Windows,Edge,Active
DEV007838,Mobile,Android,Edge,Active
DEV007839,Mobile,Windows,Chrome,Active
DEV007840,Mobile,iOS,Chrome,Active
DEV007841,Mobile,iOS,Chrome,Active
DEV007842,Mobile,iOS,Safari,Active
DEV007843,Mobile,Windows,Chrome,Active
DEV007844,Mobile,iOS,Safari,Active
DEV007845,Mobile,Windows,Chrome,Inactive
DEV007846,Mobile,Windows,Chrome,Active
DEV007847,Tablet,macOS,Chrome,Active
DEV007848,Mobile,Android,Chrome,Active
DEV007849,Mobile,Android,Chrome,Active
DEV007850,Mobile,Android,Safari,Active
DEV007851,Mobile,Android,Chrome,Active
DEV007852,Mobile,Windows,Chrome,Active
DEV007853,Mobile,Android,Chrome,Inactive
DEV007854,Mobile,Android,Chrome,Active
DEV007855,Tablet,Android,Chrome,Active
DEV007856,Mobile,Android,Chrome,Active
DEV007857,Tablet,Android,Edge,Active
DEV007858,Mobile,Android,Safari,Active
DEV007859,Mobile,iOS,Chrome,Active
DEV007860,Mobile,Windows,Safari,Active
DEV007861,Laptop,iOS,Chrome,Active
DEV007862,Mobile,macOS,Edge,Active
DEV007863,Mobile,Android,Safari,Active
DEV007864,Tablet,Android,Chrome,Active
DEV007865,Laptop,Android,Edge,Active
DEV007866,Mobile,Android,Safari,Inactive
DEV007867,Laptop,Android,Safari,Active
DEV007868,Tablet,Windows,Edge,Active
DEV007869,Laptop,Windows,Chrome,Active
DEV007870,Mobile,Android,Chrome,Inactive
DEV007871,Laptop,Windows,Chrome,Active
DEV007872,Laptop,Android,Firefox,Active
DEV007873,Laptop,iOS,Chrome,Active
DEV007874,Tablet,iOS,Chrome,Active
DEV007875,Laptop,Android,Safari,Active
DEV007876,Mobile,Android,Firefox,Active
DEV007877,Mobile,Android,Edge,Active
DEV007878,Mobile,Windows,Chrome,Inactive
DEV007879,Laptop,iOS,Chrome,Active
DEV007880,Tablet,Android,Chrome,Inactive
DEV007881,Mobile,Android,Edge,Active
DEV007882,Tablet,macOS,Chrome,Active
DEV007883,Mobile,Windows,Firefox,Active
DEV007884,Tablet,Android,Chrome,Active
DEV007885,Mobile,Android,Edge,Active
DEV007886,Laptop,Windows,Safari,Active
DEV007887,Laptop,Android,Chrome,Active
DEV007888,Mobile,Windows,Edge,Active
DEV007889,Mobile,Android,Chrome,Active
DEV007890,Mobile,Android,Chrome,Active
DEV007891,Laptop,iOS,Edge,Active
DEV007892,Laptop,Android,Firefox,Active
DEV007893,Mobile,Windows,Chrome,Active
DEV007894,Mobile,Android,Safari,Active
DEV007895,Tablet,Android,Edge,Active
DEV007896,Mobile,macOS,Chrome,Active
DEV007897,Mobile,Android,Safari,Active
DEV007898,Mobile,Android,Chrome,Active
DEV007899,Mobile,Android,Chrome,Active
DEV007900,Mobile,Windows,Chrome,Active
DEV007901,Mobile,Android,Edge,Inactive
DEV007902,Laptop,Android,Chrome,Active
DEV007903,Laptop,Android,Chrome,Active
DEV007904,Tablet,iOS,Edge,Active
DEV007905,Laptop,Android,Chrome,Active
DEV007906,Mobile,Windows,Chrome,Active
DEV007907,Laptop,Android,Chrome,Inactive
DEV007908,Tablet,Windows,Chrome,Active
DEV007909,Mobile,Android,Edge,Active
DEV007910,Mobile,Windows,Chrome,Active
DEV007911,Mobile,macOS,Firefox,Active
DEV007912,Mobile,Windows,Safari,Active
DEV007913,Tablet,Android,Safari,Active
DEV007914,Laptop,Android,Firefox,Inactive
DEV007915,Mobile,Windows,Safari,Active
DEV007916,Mobile,iOS,Chrome,Active
DEV007917,Mobile,macOS,Safari,Active
DEV007918,Mobile,iOS,Safari,Active
DEV007919,Mobile,iOS,Edge,Active
DEV007920,Mobile,iOS,Edge,Active
DEV007921,Laptop,macOS,Safari,Inactive
DEV007922,Mobile,macOS,Edge,Active
DEV007923,Laptop,iOS,Safari,Active
DEV007924,Mobile,Windows,Chrome,Active
DEV007925,Mobile,Android,Chrome,Active
DEV007926,Mobile,Android,Chrome,Active
DEV007927,Tablet,Android,Safari,Inactive
DEV007928,Tablet,iOS,Edge,Active
DEV007929,Mobile,Windows,Edge,Active
DEV007930,Mobile,Android,Firefox,Active
DEV007931,Mobile,macOS,Chrome,Active
DEV007932,Mobile,Android,Safari,Active
DEV007933,Mobile,Android,Chrome,Active
DEV007934,Mobile,Android,Chrome,Active
DEV007935,Mobile,iOS,Chrome,Active
DEV007936,Tablet,Android,Safari,Active
DEV007937,Mobile,Android,Chrome,Active
DEV007938,Tablet,Android,Safari,Active
DEV007939,Mobile,iOS,Chrome,Active
DEV007940,Mobile,iOS,Edge,Active
DEV007941,Laptop,macOS,Chrome,Active
DEV007942,Mobile,Android,Safari,Active
DEV007943,Laptop,Android,Chrome,Active
DEV007944,Mobile,iOS,Chrome,Active
DEV007945,Mobile,macOS,Chrome,Active
DEV007946,Tablet,Windows,Safari,Active
DEV007947,Mobile,Android,Chrome,Active
DEV007948,Mobile,Windows,Safari,Active
DEV007949,Laptop,macOS,Safari,Active
DEV007950,Laptop,iOS,Chrome,Inactive
DEV007951,Mobile,Android,Chrome,Active
DEV007952,Mobile,iOS,Firefox,Inactive
DEV007953,Mobile,Android,Safari,Active
DEV007954,Mobile,Windows,Chrome,Active
DEV007955,Tablet,Android,Safari,Active
DEV007956,Mobile,Android,Safari,Active
DEV007957,Mobile,Android,Edge,Active
DEV007958,Mobile,iOS,Chrome,Active
DEV007959,Mobile,Android,Safari,Active
DEV007960,Mobile,Android,Chrome,Active
DEV007961,Mobile,macOS,Chrome,Active
DEV007962,Mobile,Android,Edge,Active
DEV007963,Mobile,Windows,Safari,Active
DEV007964,Tablet,iOS,Chrome,Active
DEV007965,Mobile,Windows,Chrome,Active
DEV007966,Mobile,iOS,Chrome,Active
DEV007967,Mobile,macOS,Chrome,Active
DEV007968,Mobile,Android,Safari,Active
DEV007969,Mobile,macOS,Chrome,Inactive
DEV007970,Mobile,Android,Firefox,Inactive
DEV007971,Mobile,macOS,Chrome,Active
DEV007972,Mobile,iOS,Edge,Active
DEV007973,Mobile,Windows,Chrome,Active
DEV007974,Mobile,iOS,Edge,Active
DEV007975,Mobile,Android,Safari,Active
DEV007976,Laptop,Android,Safari,Active
DEV007977,Mobile,Android,Edge,Active
DEV007978,Mobile,macOS,Safari,Active
DEV007979,Tablet,Windows,Safari,Active
DEV007980,Mobile,macOS,Safari,Inactive
DEV007981,Mobile,Android,Edge,Active
DEV007982,Mobile,Android,Edge,Active
DEV007983,Mobile,Windows,Firefox,Active
DEV007984,Mobile,Android,Chrome,Active
DEV007985,Laptop,Android,Chrome,Active
DEV007986,Mobile,macOS,Chrome,Active
DEV007987,Mobile,Android,Safari,Active
DEV007988,Mobile,Windows,Edge,Active
DEV007989,Mobile,Android,Chrome,Active
DEV007990,Laptop,iOS,Safari,Inactive
DEV007991,Laptop,Android,Safari,Active
DEV007992,Mobile,Android,Safari,Inactive
DEV007993,Tablet,Windows,Edge,Active
DEV007994,Laptop,Android,Chrome,Active
DEV007995,Mobile,Windows,Firefox,Active
DEV007996,Mobile,Android,Safari,Active
DEV007997,Laptop,Android,Chrome,Active
DEV007998,Tablet,iOS,Chrome,Active
DEV007999,Mobile,Android,Edge,Inactive
DEV008000,Tablet,Windows,Edge,Active
DEV008001,Tablet,iOS,Firefox,Active
DEV008002,Tablet,iOS,Edge,Inactive
DEV008003,Mobile,Android,Chrome,Active
DEV008004,Mobile,iOS,Chrome,Active
DEV008005,Mobile,Android,Chrome,Active
DEV008006,Mobile,Android,Chrome,Active
DEV008007,Laptop,macOS,Safari,Inactive
DEV008008,Mobile,iOS,Edge,Inactive
DEV008009,Mobile,Windows,Chrome,Inactive
DEV008010,Laptop,Android,Chrome,Active
DEV008011,Laptop,Android,Chrome,Active
DEV008012,Mobile,Android,Chrome,Active
DEV008013,Tablet,iOS,Chrome,Inactive
DEV008014,Laptop,Android,Firefox,Active
DEV008015,Laptop,Windows,Safari,Active
DEV008016,Mobile,Windows,Edge,Active
DEV008017,Mobile,Android,Edge,Active
DEV008018,Mobile,iOS,Safari,Active
DEV008019,Tablet,Android,Chrome,Active
DEV008020,Laptop,Android,Chrome,Inactive
DEV008021,Mobile,Android,Chrome,Active
DEV008022,Mobile,Android,Chrome,Active
DEV008023,Mobile,Android,Chrome,Active
DEV008024,Mobile,Windows,Chrome,Active
DEV008025,Mobile,Android,Edge,Active
DEV008026,Mobile,Windows,Firefox,Active
DEV008027,Mobile,Android,Chrome,Active
DEV008028,Mobile,macOS,Chrome,Active
DEV008029,Laptop,iOS,Chrome,Active
DEV008030,Tablet,Android,Chrome,Active
DEV008031,Mobile,Android,Safari,Active
DEV008032,Mobile,macOS,Chrome,Active
DEV008033,Mobile,Windows,Safari,Active
DEV008034,Mobile,Android,Chrome,Active
DEV008035,Tablet,Android,Chrome,Active
DEV008036,Mobile,iOS,Chrome,Active
DEV008037,Mobile,macOS,Edge,Active
DEV008038,Mobile,Android,Edge,Active
DEV008039,Mobile,macOS,Chrome,Inactive
DEV008040,Mobile,Android,Safari,Active
DEV008041,Laptop,Android,Edge,Active
DEV008042,Tablet,Android,Chrome,Inactive
DEV008043,Mobile,Android,Edge,Inactive
DEV008044,Mobile,macOS,Chrome,Inactive
DEV008045,Mobile,Android,Chrome,Active
DEV008046,Mobile,Windows,Safari,Active
DEV008047,Mobile,Android,Chrome,Active
DEV008048,Laptop,Windows,Edge,Active
DEV008049,Mobile,iOS,Chrome,Active
DEV008050,Mobile,Android,Chrome,Active
DEV008051,Mobile,Android,Chrome,Active
DEV008052,Mobile,Android,Chrome,Active
DEV008053,Laptop,Windows,Safari,Active
DEV008054,Mobile,Windows,Firefox,Active
DEV008055,Mobile,iOS,Chrome,Inactive
DEV008056,Mobile,iOS,Safari,Inactive
DEV008057,Tablet,Windows,Edge,Active
DEV008058,Tablet,Android,Chrome,Active
DEV008059,Mobile,Windows,Chrome,Active
DEV008060,Mobile,iOS,Chrome,Active
DEV008061,Mobile,Android,Chrome,Active
DEV008062,Mobile,Windows,Chrome,Active
DEV008063,Mobile,Android,Chrome,Active
DEV008064,Mobile,Android,Chrome,Active
DEV008065,Mobile,Android,Safari,Active
DEV008066,Mobile,Android,Chrome,Active
DEV008067,Mobile,Android,Chrome,Active
DEV008068,Laptop,iOS,Chrome,Active
DEV008069,Mobile,Android,Firefox,Active
DEV008070,Mobile,Android,Edge,Active
DEV008071,Laptop,Android,Chrome,Inactive
DEV008072,Mobile,iOS,Chrome,Active
DEV008073,Mobile,Android,Chrome,Active
DEV008074,Mobile,iOS,Firefox,Active
DEV008075,Mobile,Android,Edge,Active
DEV008076,Mobile,Android,Chrome,Active
DEV008077,Mobile,Windows,Chrome,Active
DEV008078,Laptop,iOS,Chrome,Inactive
DEV008079,Mobile,Windows,Safari,Active
DEV008080,Mobile,Android,Chrome,Active
DEV008081,Mobile,macOS,Edge,Active
DEV008082,Tablet,Windows,Edge,Active
DEV008083,Mobile,iOS,Firefox,Active
DEV008084,Mobile,iOS,Chrome,Active
DEV008085,Mobile,Android,Chrome,Active
DEV008086,Tablet,Android,Safari,Active
DEV008087,Mobile,Android,Edge,Active
DEV008088,Mobile,Android,Chrome,Active
DEV008089,Mobile,Windows,Chrome,Active
DEV008090,Mobile,Android,Chrome,Inactive
DEV008091,Tablet,iOS,Chrome,Inactive
DEV008092,Mobile,Android,Chrome,Active
DEV008093,Mobile,iOS,Chrome,Active
DEV008094,Mobile,iOS,Chrome,Active
DEV008095,Mobile,Android,Chrome,Inactive
DEV008096,Laptop,Windows,Chrome,Active
DEV008097,Tablet,Android,Chrome,Active
DEV008098,Laptop,Android,Chrome,Active
DEV008099,Laptop,iOS,Chrome,Inactive
DEV008100,Laptop,Android,Edge,Inactive
DEV008101,Mobile,Android,Edge,Active
DEV008102,Mobile,iOS,Edge,Active
DEV008103,Laptop,iOS,Edge,Active
DEV008104,Mobile,Android,Safari,Active
DEV008105,Laptop,iOS,Chrome,Active
DEV008106,Mobile,Android,Chrome,Active
DEV008107,Mobile,Android,Chrome,Active
DEV008108,Tablet,Android,Chrome,Active
DEV008109,Laptop,iOS,Chrome,Active
DEV008110,Mobile,Windows,Chrome,Active
DEV008111,Mobile,Android,Firefox,Active
DEV008112,Mobile,iOS,Safari,Active
DEV008113,Tablet,Android,Firefox,Active
DEV008114,Mobile,Android,Safari,Active
DEV008115,Mobile,iOS,Chrome,Active
DEV008116,Mobile,iOS,Chrome,Active
DEV008117,Tablet,Android,Chrome,Active
DEV008118,Mobile,Android,Chrome,Active
DEV008119,Mobile,Android,Edge,Active
DEV008120,Mobile,Android,Safari,Inactive
DEV008121,Mobile,macOS,Firefox,Active
DEV008122,Mobile,Android,Chrome,Inactive
DEV008123,Laptop,iOS,Chrome,Active
DEV008124,Mobile,Windows,Firefox,Active
DEV008125,Mobile,Windows,Edge,Active
DEV008126,Mobile,iOS,Chrome,Active
DEV008127,Laptop,Android,Chrome,Active
DEV008128,Tablet,iOS,Safari,Active
DEV008129,Mobile,Android,Chrome,Active
DEV008130,Mobile,iOS,Chrome,Active
DEV008131,Mobile,Windows,Chrome,Active
DEV008132,Mobile,Android,Safari,Active
DEV008133,Mobile,iOS,Edge,Active
DEV008134,Mobile,Windows,Chrome,Inactive
DEV008135,Laptop,Android,Chrome,Active
DEV008136,Laptop,macOS,Edge,Active
DEV008137,Mobile,iOS,Safari,Active
DEV008138,Laptop,iOS,Edge,Active
DEV008139,Mobile,macOS,Edge,Inactive
DEV008140,Mobile,Android,Firefox,Inactive
DEV008141,Laptop,Android,Chrome,Active
DEV008142,Mobile,Android,Chrome,Active
DEV008143,Mobile,iOS,Edge,Active
DEV008144,Mobile,Android,Chrome,Active
DEV008145,Mobile,iOS,Edge,Inactive
DEV008146,Mobile,Windows,Firefox,Active
DEV008147,Tablet,iOS,Chrome,Active
DEV008148,Laptop,iOS,Chrome,Active
DEV008149,Laptop,iOS,Chrome,Active
DEV008150,Mobile,Android,Chrome,Active
DEV008151,Tablet,Windows,Safari,Active
DEV008152,Laptop,Android,Chrome,Active
DEV008153,Mobile,iOS,Chrome,Active
DEV008154,Mobile,Android,Edge,Active
DEV008155,Laptop,iOS,Chrome,Inactive
DEV008156,Laptop,iOS,Chrome,Inactive
DEV008157,Laptop,iOS,Safari,Active
DEV008158,Laptop,iOS,Safari,Active
DEV008159,Mobile,Android,Chrome,Active
DEV008160,Laptop,Android,Chrome,Active
DEV008161,Mobile,Android,Chrome,Active
DEV008162,Mobile,Android,Edge,Active
DEV008163,Laptop,Android,Safari,Active
DEV008164,Laptop,iOS,Firefox,Active
DEV008165,Mobile,iOS,Safari,Active
DEV008166,Mobile,iOS,Chrome,Active
DEV008167,Laptop,Android,Safari,Active
DEV008168,Mobile,Android,Chrome,Active
DEV008169,Mobile,macOS,Safari,Active
DEV008170,Laptop,Android,Edge,Inactive
DEV008171,Laptop,Android,Chrome,Active
DEV008172,Mobile,Android,Edge,Active
DEV008173,Laptop,iOS,Safari,Active
DEV008174,Mobile,Android,Chrome,Inactive
DEV008175,Mobile,Android,Firefox,Active
DEV008176,Mobile,Android,Safari,Active
DEV008177,Tablet,Android,Safari,Inactive
DEV008178,Mobile,Android,Edge,Active
DEV008179,Laptop,Windows,Chrome,Active
DEV008180,Mobile,iOS,Safari,Active
DEV008181,Mobile,Android,Chrome,Active
DEV008182,Laptop,Android,Chrome,Active
DEV008183,Mobile,iOS,Chrome,Active
DEV008184,Mobile,iOS,Chrome,Active
DEV008185,Mobile,Windows,Edge,Active
DEV008186,Mobile,Android,Chrome,Active
DEV008187,Laptop,Android,Firefox,Active
DEV008188,Mobile,macOS,Chrome,Active
DEV008189,Laptop,Android,Safari,Active
DEV008190,Mobile,Android,Edge,Active
DEV008191,Mobile,Windows,Chrome,Active
DEV008192,Laptop,Windows,Chrome,Active
DEV008193,Mobile,iOS,Chrome,Active
DEV008194,Mobile,Android,Chrome,Active
DEV008195,Mobile,Android,Firefox,Inactive
DEV008196,Mobile,iOS,Chrome,Active
DEV008197,Mobile,Windows,Firefox,Active
DEV008198,Mobile,macOS,Chrome,Active
DEV008199,Laptop,Android,Chrome,Active
DEV008200,Mobile,Android,Chrome,Active
DEV008201,Mobile,Android,Chrome,Active
DEV008202,Mobile,Android,Safari,Active
DEV008203,Mobile,macOS,Chrome,Active
DEV008204,Mobile,iOS,Firefox,Active
DEV008205,Mobile,Android,Chrome,Active
DEV008206,Tablet,Android,Chrome,Active
DEV008207,Laptop,Android,Safari,Active
DEV008208,Mobile,iOS,Chrome,Inactive
DEV008209,Tablet,iOS,Edge,Inactive
DEV008210,Mobile,iOS,Chrome,Inactive
DEV008211,Laptop,Windows,Safari,Active
DEV008212,Mobile,iOS,Safari,Active
DEV008213,Mobile,Windows,Edge,Inactive
DEV008214,Tablet,iOS,Safari,Active
DEV008215,Mobile,Android,Safari,Active
DEV008216,Laptop,Android,Chrome,Inactive
DEV008217,Mobile,Android,Chrome,Active
DEV008218,Laptop,iOS,Safari,Active
DEV008219,Mobile,iOS,Chrome,Inactive
DEV008220,Mobile,Android,Chrome,Active
DEV008221,Tablet,Windows,Chrome,Active
DEV008222,Mobile,Android,Chrome,Active
DEV008223,Laptop,Windows,Chrome,Active
DEV008224,Laptop,Android,Chrome,Active
DEV008225,Mobile,iOS,Chrome,Active
DEV008226,Mobile,Windows,Safari,Active
DEV008227,Mobile,Android,Chrome,Active
DEV008228,Mobile,Android,Safari,Active
DEV008229,Mobile,Android,Chrome,Active
DEV008230,Laptop,Android,Firefox,Active
DEV008231,Tablet,Android,Firefox,Active
DEV008232,Mobile,macOS,Chrome,Active
DEV008233,Mobile,Android,Safari,Active
DEV008234,Laptop,Android,Chrome,Active
DEV008235,Mobile,Android,Chrome,Active
DEV008236,Mobile,Windows,Safari,Active
DEV008237,Mobile,Android,Safari,Active
DEV008238,Laptop,Android,Chrome,Active
DEV008239,Mobile,macOS,Chrome,Active
DEV008240,Mobile,Windows,Edge,Active
DEV008241,Mobile,Android,Safari,Active
DEV008242,Mobile,Android,Chrome,Active
DEV008243,Mobile,iOS,Chrome,Active
DEV008244,Mobile,Android,Chrome,Active
DEV008245,Mobile,Windows,Firefox,Active
DEV008246,Mobile,Android,Chrome,Active
DEV008247,Mobile,iOS,Chrome,Active
DEV008248,Mobile,Windows,Safari,Active
DEV008249,Mobile,iOS,Edge,Active
DEV008250,Mobile,macOS,Chrome,Active
DEV008251,Mobile,iOS,Chrome,Active
DEV008252,Tablet,Windows,Chrome,Active
DEV008253,Laptop,Android,Chrome,Active
DEV008254,Tablet,Android,Edge,Active
DEV008255,Mobile,Windows,Chrome,Active
DEV008256,Laptop,Windows,Edge,Inactive
DEV008257,Mobile,Windows,Chrome,Active
DEV008258,Laptop,Android,Chrome,Active
DEV008259,Tablet,Android,Chrome,Active
DEV008260,Mobile,macOS,Edge,Active
DEV008261,Mobile,iOS,Chrome,Active
DEV008262,Mobile,Android,Chrome,Active
DEV008263,Laptop,Windows,Edge,Active
DEV008264,Laptop,Android,Chrome,Active
DEV008265,Laptop,Android,Edge,Active
DEV008266,Mobile,iOS,Edge,Active
DEV008267,Mobile,Windows,Chrome,Active
DEV008268,Laptop,iOS,Chrome,Inactive
DEV008269,Mobile,iOS,Edge,Active
DEV008270,Mobile,iOS,Firefox,Active
DEV008271,Mobile,Android,Firefox,Active
DEV008272,Mobile,Android,Edge,Active
DEV008273,Mobile,Android,Safari,Active
DEV008274,Mobile,Android,Edge,Active
DEV008275,Laptop,Windows,Chrome,Active
DEV008276,Mobile,macOS,Firefox,Active
DEV008277,Tablet,macOS,Chrome,Active
DEV008278,Mobile,Android,Edge,Active
DEV008279,Tablet,Android,Safari,Active
DEV008280,Mobile,Android,Chrome,Active
DEV008281,Mobile,iOS,Chrome,Active
DEV008282,Mobile,Android,Chrome,Active
DEV008283,Laptop,Android,Edge,Active
DEV008284,Laptop,iOS,Edge,Active
DEV008285,Mobile,iOS,Safari,Active
DEV008286,Mobile,macOS,Firefox,Active
DEV008287,Mobile,Android,Chrome,Active
DEV008288,Tablet,iOS,Chrome,Active
DEV008289,Tablet,iOS,Safari,Active
DEV008290,Mobile,Android,Safari,Active
DEV008291,Tablet,Windows,Firefox,Active
DEV008292,Laptop,Windows,Chrome,Active
DEV008293,Mobile,Android,Chrome,Active
DEV008294,Tablet,iOS,Firefox,Active
DEV008295,Mobile,iOS,Chrome,Active
DEV008296,Laptop,Windows,Safari,Active
DEV008297,Mobile,iOS,Firefox,Active
DEV008298,Mobile,Android,Firefox,Active
DEV008299,Mobile,Android,Firefox,Active
DEV008300,Mobile,Android,Firefox,Inactive
DEV008301,Mobile,iOS,Edge,Active
DEV008302,Mobile,Android,Firefox,Active
DEV008303,Mobile,Windows,Chrome,Active
DEV008304,Mobile,Android,Chrome,Active
DEV008305,Mobile,Android,Chrome,Active
DEV008306,Mobile,iOS,Safari,Active
DEV008307,Mobile,Android,Chrome,Active
DEV008308,Mobile,iOS,Safari,Inactive
DEV008309,Mobile,Android,Chrome,Active
DEV008310,Mobile,Windows,Safari,Active
DEV008311,Laptop,Android,Chrome,Active
DEV008312,Laptop,iOS,Chrome,Active
DEV008313,Mobile,Android,Edge,Active
DEV008314,Mobile,Android,Chrome,Active
DEV008315,Mobile,macOS,Safari,Active
DEV008316,Mobile,Android,Edge,Active
DEV008317,Tablet,Android,Chrome,Active
DEV008318,Mobile,Android,Safari,Inactive
DEV008319,Mobile,Android,Safari,Active
DEV008320,Mobile,macOS,Edge,Active
DEV008321,Mobile,iOS,Safari,Active
DEV008322,Tablet,Android,Edge,Active
DEV008323,Mobile,Android,Safari,Active
DEV008324,Mobile,iOS,Chrome,Active
DEV008325,Mobile,Android,Firefox,Active
DEV008326,Mobile,Android,Chrome,Active
DEV008327,Mobile,Android,Edge,Active
DEV008328,Mobile,macOS,Chrome,Active
DEV008329,Laptop,Android,Chrome,Active
DEV008330,Mobile,macOS,Chrome,Active
DEV008331,Mobile,Android,Chrome,Inactive
DEV008332,Tablet,Android,Chrome,Active
DEV008333,Mobile,Android,Chrome,Active
DEV008334,Mobile,iOS,Safari,Inactive
DEV008335,Mobile,Android,Chrome,Active
DEV008336,Mobile,Android,Chrome,Active
DEV008337,Mobile,Android,Chrome,Active
DEV008338,Mobile,Android,Edge,Active
DEV008339,Mobile,Windows,Edge,Active
DEV008340,Mobile,Android,Chrome,Active
DEV008341,Mobile,Android,Chrome,Active
DEV008342,Laptop,macOS,Chrome,Active
DEV008343,Mobile,Android,Safari,Active
DEV008344,Mobile,Android,Chrome,Active
DEV008345,Laptop,Android,Edge,Active
DEV008346,Tablet,Android,Chrome,Active
DEV008347,Mobile,iOS,Firefox,Active
DEV008348,Mobile,Android,Chrome,Active
DEV008349,Laptop,macOS,Chrome,Active
DEV008350,Laptop,macOS,Safari,Active
DEV008351,Laptop,Android,Edge,Active
DEV008352,Laptop,iOS,Chrome,Active
DEV008353,Laptop,Android,Chrome,Active
DEV008354,Mobile,Android,Safari,Inactive
DEV008355,Mobile,iOS,Chrome,Active
DEV008356,Mobile,iOS,Safari,Active
DEV008357,Mobile,Android,Chrome,Active
DEV008358,Mobile,iOS,Chrome,Active
DEV008359,Laptop,iOS,Edge,Active
DEV008360,Laptop,Windows,Chrome,Active
DEV008361,Tablet,Android,Chrome,Active
DEV008362,Mobile,Android,Chrome,Active
DEV008363,Tablet,Android,Firefox,Active
DEV008364,Mobile,iOS,Chrome,Active
DEV008365,Laptop,Android,Safari,Active
DEV008366,Mobile,Android,Edge,Active
DEV008367,Tablet,iOS,Chrome,Active
DEV008368,Mobile,Android,Chrome,Active
DEV008369,Mobile,Android,Chrome,Active
DEV008370,Laptop,Windows,Safari,Active
DEV008371,Laptop,macOS,Chrome,Active
DEV008372,Laptop,iOS,Chrome,Active
DEV008373,Mobile,Android,Chrome,Active
DEV008374,Mobile,Android,Safari,Active
DEV008375,Mobile,iOS,Chrome,Active
DEV008376,Laptop,Android,Edge,Active
DEV008377,Mobile,Android,Chrome,Active
DEV008378,Mobile,iOS,Edge,Inactive
DEV008379,Tablet,iOS,Firefox,Active
DEV008380,Mobile,Android,Edge,Active
DEV008381,Mobile,iOS,Edge,Active
DEV008382,Mobile,Android,Chrome,Active
DEV008383,Mobile,Android,Firefox,Active
DEV008384,Mobile,iOS,Edge,Active
DEV008385,Mobile,Android,Safari,Active
DEV008386,Mobile,Android,Firefox,Active
DEV008387,Laptop,macOS,Chrome,Active
DEV008388,Mobile,Android,Chrome,Active
DEV008389,Mobile,Android,Safari,Active
DEV008390,Mobile,Android,Firefox,Active
DEV008391,Mobile,Android,Chrome,Active
DEV008392,Mobile,Windows,Firefox,Active
DEV008393,Mobile,Android,Chrome,Active
DEV008394,Mobile,Windows,Chrome,Active
DEV008395,Tablet,Android,Chrome,Active
DEV008396,Mobile,Android,Chrome,Active
DEV008397,Laptop,macOS,Chrome,Active
DEV008398,Laptop,iOS,Chrome,Active
DEV008399,Tablet,Android,Chrome,Active
DEV008400,Mobile,Android,Safari,Active
DEV008401,Mobile,iOS,Safari,Inactive
DEV008402,Mobile,iOS,Chrome,Inactive
DEV008403,Mobile,Windows,Chrome,Active
DEV008404,Mobile,Android,Safari,Active
DEV008405,Tablet,Android,Chrome,Active
DEV008406,Mobile,Android,Chrome,Active
DEV008407,Mobile,iOS,Chrome,Active
DEV008408,Mobile,Android,Safari,Active
DEV008409,Mobile,macOS,Safari,Active
DEV008410,Mobile,Android,Firefox,Active
DEV008411,Mobile,Android,Chrome,Active
DEV008412,Mobile,Android,Edge,Active
DEV008413,Mobile,Android,Chrome,Active
DEV008414,Mobile,Windows,Edge,Active
DEV008415,Laptop,Windows,Chrome,Active
DEV008416,Mobile,Windows,Chrome,Active
DEV008417,Mobile,iOS,Chrome,Active
DEV008418,Mobile,Android,Chrome,Active
DEV008419,Tablet,iOS,Edge,Active
DEV008420,Mobile,Android,Chrome,Inactive
DEV008421,Mobile,iOS,Chrome,Active
DEV008422,Mobile,iOS,Chrome,Active
DEV008423,Mobile,Windows,Edge,Active
DEV008424,Mobile,macOS,Chrome,Active
DEV008425,Mobile,Android,Safari,Active
DEV008426,Mobile,Android,Edge,Active
DEV008427,Mobile,macOS,Chrome,Active
DEV008428,Mobile,Windows,Firefox,Active
DEV008429,Tablet,Android,Chrome,Active
DEV008430,Mobile,Windows,Chrome,Active
DEV008431,Mobile,Android,Chrome,Inactive
DEV008432,Mobile,Android,Chrome,Inactive
DEV008433,Mobile,Android,Chrome,Active
DEV008434,Laptop,Android,Chrome,Active
DEV008435,Laptop,iOS,Firefox,Active
DEV008436,Mobile,iOS,Chrome,Active
DEV008437,Mobile,macOS,Chrome,Active
DEV008438,Tablet,iOS,Safari,Active
DEV008439,Mobile,Android,Chrome,Active
DEV008440,Mobile,Android,Chrome,Active
DEV008441,Mobile,iOS,Chrome,Active
DEV008442,Mobile,Android,Chrome,Active
DEV008443,Laptop,iOS,Chrome,Active
DEV008444,Mobile,macOS,Chrome,Active
DEV008445,Mobile,iOS,Chrome,Active
DEV008446,Mobile,Android,Safari,Active
DEV008447,Mobile,iOS,Chrome,Active
DEV008448,Laptop,iOS,Safari,Active
DEV008449,Mobile,Windows,Chrome,Active
DEV008450,Mobile,Android,Edge,Active
DEV008451,Mobile,Android,Chrome,Active
DEV008452,Mobile,Windows,Safari,Active
DEV008453,Laptop,iOS,Safari,Active
DEV008454,Mobile,Android,Chrome,Active
DEV008455,Laptop,macOS,Edge,Active
DEV008456,Mobile,Android,Edge,Active
DEV008457,Mobile,macOS,Chrome,Active
DEV008458,Laptop,Android,Edge,Active
DEV008459,Laptop,Android,Chrome,Active
DEV008460,Mobile,iOS,Chrome,Active
DEV008461,Mobile,Windows,Chrome,Active
DEV008462,Laptop,Android,Firefox,Active
DEV008463,Mobile,Android,Chrome,Active
DEV008464,Mobile,Android,Firefox,Active
DEV008465,Mobile,Android,Chrome,Active
DEV008466,Mobile,iOS,Chrome,Active
DEV008467,Mobile,iOS,Safari,Inactive
DEV008468,Mobile,Android,Chrome,Active
DEV008469,Mobile,macOS,Safari,Active
DEV008470,Laptop,iOS,Firefox,Active
DEV008471,Laptop,Android,Chrome,Active
DEV008472,Mobile,macOS,Chrome,Active
DEV008473,Mobile,Android,Chrome,Active
DEV008474,Laptop,iOS,Chrome,Active
DEV008475,Mobile,iOS,Chrome,Active
DEV008476,Laptop,Android,Edge,Active
DEV008477,Tablet,Android,Firefox,Active
DEV008478,Mobile,Android,Firefox,Active
DEV008479,Tablet,iOS,Safari,Active
DEV008480,Mobile,Android,Safari,Active
DEV008481,Mobile,Android,Edge,Active
DEV008482,Tablet,iOS,Safari,Active
DEV008483,Mobile,iOS,Chrome,Active
DEV008484,Mobile,Windows,Chrome,Active
DEV008485,Mobile,Android,Chrome,Active
DEV008486,Mobile,Android,Chrome,Active
DEV008487,Mobile,iOS,Chrome,Active
DEV008488,Laptop,Windows,Chrome,Inactive
DEV008489,Mobile,iOS,Chrome,Active
DEV008490,Mobile,Android,Chrome,Active
DEV008491,Laptop,macOS,Chrome,Active
DEV008492,Laptop,Android,Chrome,Active
DEV008493,Mobile,iOS,Chrome,Active
DEV008494,Mobile,iOS,Edge,Active
DEV008495,Mobile,Android,Chrome,Active
DEV008496,Mobile,iOS,Edge,Active
DEV008497,Mobile,iOS,Chrome,Active
DEV008498,Tablet,Android,Chrome,Inactive
DEV008499,Mobile,iOS,Chrome,Active
DEV008500,Mobile,Android,Chrome,Active
DEV008501,Mobile,macOS,Safari,Active
DEV008502,Laptop,Android,Chrome,Inactive
DEV008503,Mobile,Android,Safari,Active
DEV008504,Laptop,Android,Chrome,Active
DEV008505,Laptop,Android,Chrome,Active
DEV008506,Mobile,Android,Chrome,Active
DEV008507,Mobile,macOS,Chrome,Active
DEV008508,Mobile,Android,Edge,Active
DEV008509,Laptop,iOS,Safari,Active
DEV008510,Mobile,Android,Chrome,Active
DEV008511,Mobile,Android,Edge,Active
DEV008512,Tablet,Android,Firefox,Active
DEV008513,Mobile,iOS,Edge,Active
DEV008514,Mobile,Android,Chrome,Active
DEV008515,Tablet,Android,Safari,Active
DEV008516,Laptop,macOS,Safari,Active
DEV008517,Mobile,Android,Safari,Active
DEV008518,Mobile,iOS,Chrome,Inactive
DEV008519,Tablet,iOS,Edge,Active
DEV008520,Mobile,macOS,Safari,Active
DEV008521,Mobile,Android,Firefox,Active
DEV008522,Mobile,iOS,Chrome,Active
DEV008523,Mobile,Android,Chrome,Inactive
DEV008524,Mobile,iOS,Firefox,Active
DEV008525,Tablet,Android,Chrome,Active
DEV008526,Laptop,Windows,Safari,Active
DEV008527,Mobile,Android,Safari,Active
DEV008528,Tablet,macOS,Chrome,Active
DEV008529,Mobile,Android,Safari,Active
DEV008530,Tablet,iOS,Edge,Active
DEV008531,Laptop,Android,Chrome,Inactive
DEV008532,Mobile,Windows,Chrome,Active
DEV008533,Laptop,iOS,Edge,Active
DEV008534,Mobile,macOS,Chrome,Active
DEV008535,Mobile,Android,Chrome,Active
DEV008536,Mobile,macOS,Chrome,Active
DEV008537,Mobile,Android,Chrome,Inactive
DEV008538,Laptop,iOS,Safari,Active
DEV008539,Laptop,Android,Firefox,Active
DEV008540,Mobile,Android,Chrome,Active
DEV008541,Mobile,Android,Chrome,Inactive
DEV008542,Mobile,iOS,Edge,Active
DEV008543,Tablet,iOS,Chrome,Active
DEV008544,Laptop,Android,Chrome,Active
DEV008545,Laptop,Android,Chrome,Active
DEV008546,Mobile,Android,Safari,Active
DEV008547,Mobile,macOS,Safari,Active
DEV008548,Mobile,iOS,Safari,Active
DEV008549,Mobile,iOS,Chrome,Active
DEV008550,Laptop,Windows,Edge,Active
DEV008551,Mobile,Android,Safari,Active
DEV008552,Mobile,Android,Chrome,Active
DEV008553,Mobile,Android,Chrome,Active
DEV008554,Laptop,Android,Chrome,Active
DEV008555,Mobile,Windows,Chrome,Active
DEV008556,Tablet,macOS,Chrome,Active
DEV008557,Mobile,iOS,Safari,Active
DEV008558,Laptop,Android,Safari,Active
DEV008559,Laptop,iOS,Safari,Active
DEV008560,Mobile,Android,Chrome,Active
DEV008561,Mobile,Android,Safari,Active
DEV008562,Laptop,macOS,Chrome,Active
DEV008563,Tablet,Android,Chrome,Inactive
DEV008564,Tablet,iOS,Edge,Active
DEV008565,Mobile,Android,Safari,Active
DEV008566,Mobile,Android,Chrome,Inactive
DEV008567,Mobile,Windows,Chrome,Active
DEV008568,Mobile,iOS,Chrome,Active
DEV008569,Mobile,Android,Edge,Active
DEV008570,Laptop,Android,Chrome,Active
DEV008571,Mobile,Android,Chrome,Active
DEV008572,Mobile,Windows,Chrome,Active
DEV008573,Mobile,Android,Safari,Active
DEV008574,Laptop,Android,Safari,Active
DEV008575,Mobile,Windows,Chrome,Inactive
DEV008576,Laptop,iOS,Chrome,Active
DEV008577,Mobile,iOS,Chrome,Active
DEV008578,Tablet,macOS,Safari,Active
DEV008579,Mobile,Android,Safari,Active
DEV008580,Mobile,Android,Safari,Active
DEV008581,Mobile,Android,Chrome,Active
DEV008582,Laptop,Android,Edge,Active
DEV008583,Tablet,Android,Chrome,Inactive
DEV008584,Mobile,iOS,Firefox,Active
DEV008585,Mobile,Android,Safari,Active
DEV008586,Mobile,macOS,Chrome,Active
DEV008587,Mobile,Android,Firefox,Active
DEV008588,Mobile,Android,Chrome,Inactive
DEV008589,Mobile,Android,Chrome,Active
DEV008590,Mobile,iOS,Safari,Active
DEV008591,Laptop,macOS,Chrome,Active
DEV008592,Mobile,Windows,Edge,Active
DEV008593,Laptop,Android,Edge,Active
DEV008594,Mobile,Windows,Chrome,Inactive
DEV008595,Mobile,Windows,Chrome,Active
DEV008596,Mobile,macOS,Chrome,Active
DEV008597,Mobile,Android,Edge,Active
DEV008598,Laptop,Windows,Chrome,Active
DEV008599,Mobile,iOS,Chrome,Active
DEV008600,Mobile,iOS,Chrome,Active
DEV008601,Laptop,Windows,Firefox,Active
DEV008602,Mobile,Windows,Safari,Inactive
DEV008603,Mobile,Android,Firefox,Active
DEV008604,Mobile,macOS,Safari,Active
DEV008605,Mobile,Windows,Chrome,Active
DEV008606,Mobile,Windows,Chrome,Active
DEV008607,Mobile,Android,Safari,Active
DEV008608,Mobile,Android,Chrome,Active
DEV008609,Mobile,Android,Chrome,Inactive
DEV008610,Laptop,Android,Chrome,Active
DEV008611,Mobile,Android,Chrome,Active
DEV008612,Mobile,Android,Safari,Active
DEV008613,Laptop,macOS,Edge,Active
DEV008614,Laptop,Android,Safari,Active
DEV008615,Mobile,Android,Chrome,Active
DEV008616,Laptop,macOS,Edge,Active
DEV008617,Mobile,Windows,Safari,Active
DEV008618,Mobile,Android,Safari,Active
DEV008619,Mobile,Windows,Edge,Active
DEV008620,Mobile,Android,Chrome,Active
DEV008621,Mobile,Android,Firefox,Active
DEV008622,Laptop,Android,Chrome,Active
DEV008623,Laptop,Android,Safari,Active
DEV008624,Mobile,Android,Edge,Active
DEV008625,Mobile,Windows,Safari,Active
DEV008626,Mobile,iOS,Chrome,Active
DEV008627,Tablet,iOS,Firefox,Active
DEV008628,Laptop,Windows,Safari,Active
DEV008629,Laptop,Android,Edge,Active
DEV008630,Mobile,iOS,Chrome,Active
DEV008631,Mobile,Android,Chrome,Active
DEV008632,Mobile,Windows,Chrome,Active
DEV008633,Mobile,Android,Chrome,Active
DEV008634,Mobile,Android,Chrome,Active
DEV008635,Mobile,Windows,Chrome,Active
DEV008636,Mobile,Android,Safari,Active
DEV008637,Mobile,Android,Chrome,Active
DEV008638,Tablet,Android,Firefox,Active
DEV008639,Laptop,macOS,Safari,Active
DEV008640,Tablet,Android,Chrome,Active
DEV008641,Mobile,Android,Chrome,Active
DEV008642,Mobile,macOS,Chrome,Active
DEV008643,Mobile,macOS,Chrome,Active
DEV008644,Tablet,Android,Safari,Active
DEV008645,Mobile,Android,Safari,Active
DEV008646,Mobile,Android,Chrome,Active
DEV008647,Mobile,iOS,Chrome,Active
DEV008648,Mobile,macOS,Chrome,Active
DEV008649,Mobile,Android,Edge,Active
DEV008650,Mobile,iOS,Chrome,Active
DEV008651,Mobile,macOS,Chrome,Active
DEV008652,Mobile,Windows,Chrome,Active
DEV008653,Mobile,Android,Chrome,Active
DEV008654,Mobile,macOS,Chrome,Active
DEV008655,Laptop,Windows,Firefox,Active
DEV008656,Laptop,Windows,Chrome,Active
DEV008657,Mobile,Android,Firefox,Active
DEV008658,Mobile,iOS,Chrome,Active
DEV008659,Mobile,Android,Chrome,Inactive
DEV008660,Mobile,Android,Chrome,Active
DEV008661,Tablet,Android,Chrome,Active
DEV008662,Laptop,Android,Safari,Active
DEV008663,Mobile,iOS,Chrome,Active
DEV008664,Mobile,iOS,Chrome,Active
DEV008665,Mobile,Android,Chrome,Active
DEV008666,Mobile,iOS,Chrome,Active
DEV008667,Laptop,Android,Chrome,Active
DEV008668,Tablet,Android,Safari,Active
DEV008669,Mobile,Android,Firefox,Active
DEV008670,Mobile,Android,Safari,Active
DEV008671,Mobile,Android,Chrome,Active
DEV008672,Mobile,Windows,Chrome,Active
DEV008673,Mobile,Android,Firefox,Active
DEV008674,Laptop,Android,Safari,Active
DEV008675,Mobile,Android,Chrome,Active
DEV008676,Mobile,iOS,Safari,Active
DEV008677,Mobile,iOS,Firefox,Active
DEV008678,Mobile,Windows,Chrome,Active
DEV008679,Mobile,Android,Chrome,Active
DEV008680,Mobile,Windows,Chrome,Active
DEV008681,Mobile,Android,Chrome,Active
DEV008682,Mobile,Android,Chrome,Active
DEV008683,Mobile,Android,Chrome,Inactive
DEV008684,Tablet,Windows,Chrome,Active
DEV008685,Mobile,iOS,Safari,Active
DEV008686,Mobile,iOS,Chrome,Active
DEV008687,Mobile,Windows,Edge,Active
DEV008688,Mobile,Windows,Chrome,Active
DEV008689,Mobile,iOS,Chrome,Active
DEV008690,Mobile,Windows,Safari,Active
DEV008691,Mobile,Android,Safari,Active
DEV008692,Mobile,Windows,Safari,Active
DEV008693,Tablet,iOS,Safari,Active
DEV008694,Mobile,macOS,Safari,Active
DEV008695,Mobile,Android,Safari,Active
DEV008696,Laptop,Windows,Chrome,Active
DEV008697,Mobile,Android,Edge,Active
DEV008698,Mobile,iOS,Chrome,Active
DEV008699,Mobile,Android,Safari,Inactive
DEV008700,Mobile,iOS,Chrome,Active
DEV008701,Tablet,Windows,Chrome,Active
DEV008702,Mobile,Android,Safari,Active
DEV008703,Laptop,iOS,Safari,Inactive
DEV008704,Mobile,Android,Safari,Active
DEV008705,Mobile,Android,Chrome,Active
DEV008706,Mobile,Windows,Safari,Active
DEV008707,Mobile,Android,Chrome,Active
DEV008708,Mobile,iOS,Chrome,Active
DEV008709,Mobile,Android,Safari,Inactive
DEV008710,Mobile,iOS,Chrome,Active
DEV008711,Mobile,Android,Firefox,Active
DEV008712,Mobile,iOS,Chrome,Active
DEV008713,Laptop,Android,Chrome,Active
DEV008714,Laptop,Windows,Firefox,Active
DEV008715,Mobile,macOS,Firefox,Active
DEV008716,Laptop,Android,Safari,Inactive
DEV008717,Mobile,Windows,Chrome,Active
DEV008718,Mobile,Windows,Safari,Active
DEV008719,Laptop,Android,Edge,Active
DEV008720,Mobile,iOS,Chrome,Active
DEV008721,Mobile,Android,Chrome,Active
DEV008722,Mobile,iOS,Chrome,Active
DEV008723,Tablet,Android,Edge,Active
DEV008724,Mobile,Windows,Chrome,Active
DEV008725,Laptop,Android,Chrome,Active
DEV008726,Mobile,iOS,Edge,Active
DEV008727,Mobile,Android,Edge,Active
DEV008728,Mobile,iOS,Chrome,Active
DEV008729,Laptop,Android,Chrome,Inactive
DEV008730,Laptop,iOS,Chrome,Active
DEV008731,Mobile,Windows,Chrome,Active
DEV008732,Mobile,Android,Chrome,Active
DEV008733,Mobile,iOS,Firefox,Active
DEV008734,Mobile,Windows,Chrome,Active
DEV008735,Mobile,Windows,Firefox,Active
DEV008736,Mobile,Android,Edge,Active
DEV008737,Mobile,Android,Chrome,Active
DEV008738,Mobile,Android,Chrome,Active
DEV008739,Mobile,Android,Chrome,Active
DEV008740,Mobile,Android,Chrome,Active
DEV008741,Laptop,Android,Chrome,Active
DEV008742,Mobile,Android,Edge,Active
DEV008743,Mobile,Android,Safari,Active
DEV008744,Laptop,Android,Chrome,Active
DEV008745,Mobile,Android,Safari,Active
DEV008746,Mobile,Android,Firefox,Active
DEV008747,Mobile,iOS,Edge,Active
DEV008748,Mobile,iOS,Safari,Active
DEV008749,Mobile,iOS,Edge,Active
DEV008750,Mobile,iOS,Safari,Active
DEV008751,Tablet,macOS,Firefox,Active
DEV008752,Mobile,Android,Chrome,Active
DEV008753,Mobile,Android,Chrome,Active
DEV008754,Mobile,Android,Edge,Inactive
DEV008755,Mobile,Android,Chrome,Active
DEV008756,Mobile,Windows,Safari,Active
DEV008757,Mobile,Android,Chrome,Active
DEV008758,Mobile,Android,Safari,Active
DEV008759,Mobile,Android,Firefox,Active
DEV008760,Mobile,Windows,Chrome,Active
DEV008761,Mobile,Windows,Edge,Active
DEV008762,Mobile,Android,Firefox,Active
DEV008763,Laptop,iOS,Chrome,Active
DEV008764,Mobile,iOS,Safari,Active
DEV008765,Mobile,macOS,Chrome,Active
DEV008766,Mobile,iOS,Chrome,Active
DEV008767,Mobile,Windows,Safari,Inactive
DEV008768,Mobile,Android,Edge,Active
DEV008769,Mobile,iOS,Safari,Inactive
DEV008770,Laptop,iOS,Chrome,Active
DEV008771,Laptop,Android,Chrome,Active
DEV008772,Mobile,macOS,Edge,Inactive
DEV008773,Laptop,macOS,Chrome,Active
DEV008774,Mobile,Android,Safari,Active
DEV008775,Mobile,Windows,Safari,Active
DEV008776,Mobile,Windows,Safari,Inactive
DEV008777,Laptop,Windows,Firefox,Active
DEV008778,Mobile,iOS,Chrome,Active
DEV008779,Tablet,Android,Chrome,Inactive
DEV008780,Laptop,macOS,Firefox,Active
DEV008781,Tablet,Android,Firefox,Active
DEV008782,Mobile,macOS,Edge,Active
DEV008783,Mobile,iOS,Chrome,Active
DEV008784,Mobile,Windows,Edge,Active
DEV008785,Mobile,Android,Edge,Active
DEV008786,Mobile,Android,Chrome,Active
DEV008787,Mobile,Windows,Firefox,Active
DEV008788,Laptop,Android,Safari,Active
DEV008789,Mobile,Android,Chrome,Active
DEV008790,Mobile,Android,Edge,Active
DEV008791,Laptop,iOS,Chrome,Active
DEV008792,Laptop,Android,Chrome,Active
DEV008793,Tablet,Android,Chrome,Active
DEV008794,Mobile,Android,Edge,Active
DEV008795,Mobile,Windows,Edge,Active
DEV008796,Mobile,Android,Firefox,Active
DEV008797,Mobile,Android,Firefox,Active
DEV008798,Mobile,iOS,Firefox,Active
DEV008799,Mobile,Android,Edge,Active
DEV008800,Mobile,iOS,Chrome,Active
DEV008801,Mobile,Android,Firefox,Active
DEV008802,Mobile,Android,Chrome,Inactive
DEV008803,Mobile,Android,Chrome,Active
DEV008804,Mobile,iOS,Chrome,Active
DEV008805,Mobile,macOS,Chrome,Active
DEV008806,Mobile,iOS,Chrome,Active
DEV008807,Mobile,Windows,Chrome,Active
DEV008808,Mobile,Android,Chrome,Active
DEV008809,Mobile,Android,Chrome,Active
DEV008810,Mobile,Android,Edge,Active
DEV008811,Laptop,iOS,Edge,Active
DEV008812,Mobile,Android,Chrome,Active
DEV008813,Mobile,iOS,Chrome,Active
DEV008814,Mobile,Android,Chrome,Active
DEV008815,Mobile,Windows,Chrome,Active
DEV008816,Mobile,iOS,Edge,Active
DEV008817,Laptop,Windows,Chrome,Active
DEV008818,Mobile,iOS,Safari,Active
DEV008819,Laptop,Android,Chrome,Active
DEV008820,Mobile,Android,Chrome,Inactive
DEV008821,Mobile,Android,Edge,Active
DEV008822,Laptop,Android,Chrome,Active
DEV008823,Tablet,Windows,Edge,Active
DEV008824,Laptop,iOS,Chrome,Active
DEV008825,Tablet,Android,Chrome,Active
DEV008826,Laptop,Android,Chrome,Active
DEV008827,Mobile,Android,Firefox,Active
DEV008828,Mobile,iOS,Safari,Active
DEV008829,Mobile,Android,Chrome,Active
DEV008830,Mobile,iOS,Edge,Active
DEV008831,Tablet,iOS,Chrome,Active
DEV008832,Mobile,iOS,Chrome,Active
DEV008833,Tablet,Android,Chrome,Active
DEV008834,Laptop,Android,Chrome,Active
DEV008835,Mobile,Android,Edge,Active
DEV008836,Mobile,Android,Chrome,Active
DEV008837,Mobile,Android,Chrome,Active
DEV008838,Mobile,Android,Chrome,Active
DEV008839,Mobile,macOS,Chrome,Active
DEV008840,Mobile,iOS,Safari,Active
DEV008841,Mobile,iOS,Edge,Active
DEV008842,Mobile,Windows,Chrome,Inactive
DEV008843,Mobile,Windows,Chrome,Active
DEV008844,Mobile,Windows,Chrome,Active
DEV008845,Mobile,Android,Firefox,Active
DEV008846,Mobile,iOS,Chrome,Active
DEV008847,Mobile,Android,Edge,Active
DEV008848,Mobile,macOS,Firefox,Active
DEV008849,Mobile,Android,Chrome,Active
DEV008850,Mobile,iOS,Chrome,Active
DEV008851,Mobile,Windows,Chrome,Active
DEV008852,Laptop,iOS,Safari,Active
DEV008853,Tablet,Windows,Edge,Inactive
DEV008854,Mobile,macOS,Chrome,Active
DEV008855,Mobile,iOS,Chrome,Active
DEV008856,Mobile,Windows,Chrome,Active
DEV008857,Mobile,Android,Safari,Active
DEV008858,Mobile,iOS,Edge,Active
DEV008859,Laptop,iOS,Chrome,Active
DEV008860,Mobile,iOS,Safari,Active
DEV008861,Mobile,Windows,Chrome,Active
DEV008862,Mobile,Android,Safari,Inactive
DEV008863,Mobile,Android,Chrome,Active
DEV008864,Mobile,macOS,Chrome,Active
DEV008865,Mobile,Android,Edge,Active
DEV008866,Mobile,Android,Safari,Active
DEV008867,Mobile,Android,Chrome,Active
DEV008868,Mobile,Windows,Safari,Active
DEV008869,Mobile,Android,Chrome,Active
DEV008870,Mobile,Windows,Firefox,Active
DEV008871,Mobile,iOS,Chrome,Inactive
DEV008872,Laptop,Android,Chrome,Active
DEV008873,Mobile,Android,Firefox,Active
DEV008874,Laptop,Android,Chrome,Active
DEV008875,Mobile,Android,Chrome,Active
DEV008876,Mobile,Windows,Chrome,Active
DEV008877,Mobile,Android,Chrome,Active
DEV008878,Laptop,Android,Chrome,Active
DEV008879,Tablet,Windows,Chrome,Active
DEV008880,Mobile,Android,Chrome,Active
DEV008881,Laptop,Android,Safari,Active
DEV008882,Laptop,Windows,Chrome,Active
DEV008883,Laptop,macOS,Safari,Active
DEV008884,Mobile,macOS,Chrome,Active
DEV008885,Mobile,Android,Chrome,Active
DEV008886,Mobile,Android,Chrome,Active
DEV008887,Mobile,Android,Safari,Active
DEV008888,Tablet,Android,Safari,Active
DEV008889,Laptop,macOS,Chrome,Active
DEV008890,Mobile,Windows,Edge,Active
DEV008891,Mobile,iOS,Safari,Active
DEV008892,Mobile,Windows,Chrome,Active
DEV008893,Mobile,Android,Chrome,Active
DEV008894,Mobile,Android,Safari,Active
DEV008895,Mobile,Android,Firefox,Active
DEV008896,Laptop,iOS,Safari,Active
DEV008897,Mobile,iOS,Safari,Active
DEV008898,Mobile,Android,Edge,Active
DEV008899,Mobile,iOS,Chrome,Active
DEV008900,Mobile,Android,Edge,Active
DEV008901,Mobile,Android,Chrome,Active
DEV008902,Mobile,iOS,Firefox,Active
DEV008903,Laptop,macOS,Safari,Active
DEV008904,Laptop,Android,Chrome,Inactive
DEV008905,Mobile,Android,Chrome,Active
DEV008906,Mobile,macOS,Chrome,Active
DEV008907,Mobile,Android,Safari,Active
DEV008908,Tablet,Windows,Safari,Active
DEV008909,Mobile,iOS,Safari,Active
DEV008910,Mobile,iOS,Chrome,Active
DEV008911,Mobile,iOS,Chrome,Active
DEV008912,Mobile,Android,Safari,Active
DEV008913,Mobile,Android,Safari,Active
DEV008914,Mobile,Android,Firefox,Active
DEV008915,Mobile,iOS,Chrome,Active
DEV008916,Mobile,Windows,Chrome,Active
DEV008917,Mobile,iOS,Chrome,Inactive
DEV008918,Mobile,macOS,Chrome,Inactive
DEV008919,Mobile,Android,Chrome,Active
DEV008920,Tablet,Windows,Safari,Active
DEV008921,Mobile,iOS,Chrome,Active
DEV008922,Mobile,iOS,Chrome,Active
DEV008923,Laptop,Android,Safari,Active
DEV008924,Tablet,Android,Chrome,Active
DEV008925,Mobile,Android,Chrome,Inactive
DEV008926,Mobile,Windows,Chrome,Active
DEV008927,Tablet,Android,Firefox,Active
DEV008928,Mobile,Android,Safari,Active
DEV008929,Mobile,iOS,Safari,Active
DEV008930,Mobile,iOS,Chrome,Active
DEV008931,Mobile,Windows,Chrome,Active
DEV008932,Mobile,Android,Firefox,Inactive
DEV008933,Laptop,Android,Chrome,Inactive
DEV008934,Mobile,Android,Chrome,Active
DEV008935,Mobile,Windows,Safari,Active
DEV008936,Laptop,Android,Safari,Active
DEV008937,Mobile,Android,Firefox,Active
DEV008938,Mobile,Android,Chrome,Active
DEV008939,Mobile,iOS,Edge,Active
DEV008940,Mobile,iOS,Safari,Active
DEV008941,Mobile,iOS,Chrome,Active
DEV008942,Mobile,macOS,Safari,Inactive
DEV008943,Mobile,macOS,Chrome,Active
DEV008944,Mobile,macOS,Firefox,Active
DEV008945,Mobile,Android,Chrome,Active
DEV008946,Mobile,iOS,Firefox,Active
DEV008947,Mobile,iOS,Chrome,Inactive
DEV008948,Mobile,Android,Chrome,Inactive
DEV008949,Mobile,Android,Chrome,Active
DEV008950,Mobile,Windows,Chrome,Active
DEV008951,Mobile,iOS,Edge,Active
DEV008952,Mobile,Android,Chrome,Active
DEV008953,Mobile,Windows,Chrome,Active
DEV008954,Mobile,Windows,Chrome,Active
DEV008955,Laptop,Android,Firefox,Active
DEV008956,Mobile,Windows,Safari,Active
DEV008957,Mobile,macOS,Chrome,Active
DEV008958,Tablet,Android,Edge,Active
DEV008959,Mobile,iOS,Chrome,Active
DEV008960,Mobile,Android,Chrome,Active
DEV008961,Mobile,Android,Firefox,Inactive
DEV008962,Mobile,macOS,Chrome,Active
DEV008963,Mobile,Android,Safari,Active
DEV008964,Mobile,macOS,Safari,Active
DEV008965,Mobile,Android,Chrome,Active
DEV008966,Mobile,iOS,Edge,Active
DEV008967,Mobile,iOS,Edge,Active
DEV008968,Tablet,iOS,Chrome,Active
DEV008969,Mobile,macOS,Safari,Active
DEV008970,Tablet,Windows,Safari,Active
DEV008971,Mobile,Windows,Edge,Active
DEV008972,Mobile,Android,Chrome,Inactive
DEV008973,Mobile,iOS,Edge,Active
DEV008974,Tablet,Windows,Safari,Active
DEV008975,Mobile,Android,Chrome,Active
DEV008976,Mobile,iOS,Edge,Active
DEV008977,Mobile,iOS,Chrome,Inactive
DEV008978,Tablet,Android,Chrome,Active
DEV008979,Mobile,Android,Chrome,Active
DEV008980,Mobile,Android,Chrome,Active
DEV008981,Mobile,macOS,Edge,Active
DEV008982,Mobile,Android,Chrome,Active
DEV008983,Mobile,Android,Chrome,Active
DEV008984,Laptop,iOS,Chrome,Active
DEV008985,Laptop,Android,Edge,Active
DEV008986,Mobile,Android,Chrome,Active
DEV008987,Laptop,macOS,Edge,Active
DEV008988,Mobile,macOS,Firefox,Active
DEV008989,Tablet,Android,Safari,Active
DEV008990,Mobile,iOS,Chrome,Active
DEV008991,Laptop,macOS,Firefox,Active
DEV008992,Mobile,Android,Chrome,Active
DEV008993,Laptop,iOS,Chrome,Active
DEV008994,Mobile,iOS,Chrome,Active
DEV008995,Laptop,Android,Chrome,Active
DEV008996,Laptop,Android,Chrome,Active
DEV008997,Mobile,Android,Chrome,Active
DEV008998,Mobile,Android,Chrome,Active
DEV008999,Mobile,Android,Firefox,Active
DEV009000,Mobile,Windows,Safari,Active
DEV009001,Tablet,macOS,Chrome,Active
DEV009002,Mobile,Android,Firefox,Active
DEV009003,Mobile,Android,Safari,Active
DEV009004,Mobile,Android,Safari,Active
DEV009005,Mobile,macOS,Safari,Active
DEV009006,Mobile,macOS,Safari,Active
DEV009007,Mobile,Android,Chrome,Active
DEV009008,Laptop,iOS,Chrome,Active
DEV009009,Mobile,macOS,Chrome,Active
DEV009010,Tablet,Windows,Safari,Active
DEV009011,Mobile,Android,Safari,Active
DEV009012,Tablet,iOS,Edge,Active
DEV009013,Mobile,Windows,Safari,Active
DEV009014,Tablet,iOS,Safari,Active
DEV009015,Laptop,Android,Chrome,Active
DEV009016,Mobile,Windows,Safari,Active
DEV009017,Mobile,macOS,Chrome,Active
DEV009018,Laptop,Android,Safari,Active
DEV009019,Mobile,Android,Chrome,Active
DEV009020,Tablet,iOS,Chrome,Active
DEV009021,Mobile,Windows,Edge,Active
DEV009022,Mobile,Android,Safari,Active
DEV009023,Mobile,Android,Edge,Active
DEV009024,Laptop,Android,Chrome,Active
DEV009025,Tablet,macOS,Safari,Active
DEV009026,Mobile,Android,Firefox,Active
DEV009027,Tablet,Android,Edge,Inactive
DEV009028,Mobile,Android,Chrome,Active
DEV009029,Mobile,Android,Chrome,Inactive
DEV009030,Mobile,Android,Edge,Inactive
DEV009031,Mobile,Windows,Chrome,Active
DEV009032,Tablet,Android,Chrome,Active
DEV009033,Laptop,macOS,Safari,Active
DEV009034,Mobile,Android,Safari,Active
DEV009035,Mobile,iOS,Chrome,Active
DEV009036,Mobile,Android,Edge,Inactive
DEV009037,Mobile,Android,Chrome,Active
DEV009038,Mobile,Android,Chrome,Inactive
DEV009039,Laptop,iOS,Chrome,Active
DEV009040,Mobile,iOS,Edge,Active
DEV009041,Mobile,Android,Firefox,Active
DEV009042,Mobile,Android,Edge,Active
DEV009043,Mobile,Android,Chrome,Active
DEV009044,Laptop,Android,Chrome,Active
DEV009045,Mobile,Android,Chrome,Active
DEV009046,Laptop,macOS,Safari,Active
DEV009047,Laptop,macOS,Chrome,Active
DEV009048,Laptop,Android,Chrome,Active
DEV009049,Laptop,macOS,Chrome,Active
DEV009050,Mobile,iOS,Chrome,Inactive
DEV009051,Mobile,Android,Edge,Active
DEV009052,Mobile,Android,Safari,Active
DEV009053,Mobile,iOS,Safari,Inactive
DEV009054,Mobile,Windows,Firefox,Inactive
DEV009055,Laptop,Android,Safari,Inactive
DEV009056,Mobile,Android,Safari,Active
DEV009057,Mobile,Android,Edge,Active
DEV009058,Mobile,iOS,Safari,Active
DEV009059,Laptop,iOS,Chrome,Active
DEV009060,Mobile,iOS,Chrome,Active
DEV009061,Mobile,iOS,Safari,Active
DEV009062,Mobile,Android,Chrome,Active
DEV009063,Mobile,Android,Edge,Active
DEV009064,Tablet,Android,Chrome,Active
DEV009065,Laptop,Android,Chrome,Active
DEV009066,Mobile,Windows,Edge,Active
DEV009067,Mobile,Android,Edge,Active
DEV009068,Mobile,iOS,Chrome,Active
DEV009069,Mobile,iOS,Chrome,Active
DEV009070,Mobile,macOS,Safari,Active
DEV009071,Laptop,iOS,Chrome,Active
DEV009072,Laptop,Android,Edge,Active
DEV009073,Mobile,iOS,Edge,Active
DEV009074,Mobile,macOS,Chrome,Active
DEV009075,Mobile,Android,Safari,Active
DEV009076,Laptop,iOS,Chrome,Active
DEV009077,Laptop,macOS,Chrome,Active
DEV009078,Mobile,Android,Safari,Active
DEV009079,Tablet,Android,Safari,Active
DEV009080,Mobile,Android,Edge,Active
DEV009081,Mobile,iOS,Chrome,Active
DEV009082,Laptop,macOS,Chrome,Inactive
DEV009083,Laptop,Windows,Chrome,Active
DEV009084,Mobile,iOS,Edge,Active
DEV009085,Mobile,iOS,Chrome,Active
DEV009086,Mobile,iOS,Edge,Active
DEV009087,Mobile,Android,Edge,Active
DEV009088,Mobile,Android,Edge,Active
DEV009089,Mobile,Windows,Firefox,Active
DEV009090,Laptop,Android,Chrome,Active
DEV009091,Mobile,Windows,Chrome,Inactive
DEV009092,Mobile,iOS,Edge,Active
DEV009093,Laptop,Android,Edge,Active
DEV009094,Mobile,iOS,Chrome,Active
DEV009095,Mobile,Android,Firefox,Active
DEV009096,Mobile,macOS,Edge,Active
DEV009097,Tablet,iOS,Chrome,Active
DEV009098,Mobile,Android,Chrome,Active
DEV009099,Mobile,macOS,Firefox,Active
DEV009100,Laptop,Android,Chrome,Active
DEV009101,Mobile,Android,Safari,Active
DEV009102,Mobile,Windows,Chrome,Active
DEV009103,Laptop,macOS,Safari,Active
DEV009104,Mobile,Windows,Chrome,Active
DEV009105,Mobile,Android,Chrome,Inactive
DEV009106,Mobile,Windows,Safari,Active
DEV009107,Laptop,Android,Chrome,Active
DEV009108,Mobile,iOS,Chrome,Active
DEV009109,Mobile,iOS,Edge,Active
DEV009110,Mobile,Windows,Edge,Active
DEV009111,Mobile,Android,Firefox,Active
DEV009112,Tablet,Android,Edge,Active
DEV009113,Laptop,Windows,Safari,Active
DEV009114,Mobile,iOS,Edge,Active
DEV009115,Tablet,Android,Chrome,Active
DEV009116,Mobile,macOS,Safari,Active
DEV009117,Laptop,Android,Chrome,Inactive
DEV009118,Tablet,Android,Edge,Inactive
DEV009119,Mobile,Android,Safari,Inactive
DEV009120,Mobile,Windows,Chrome,Active
DEV009121,Mobile,Windows,Chrome,Inactive
DEV009122,Mobile,macOS,Firefox,Active
DEV009123,Mobile,iOS,Edge,Active
DEV009124,Mobile,Android,Chrome,Inactive
DEV009125,Mobile,Android,Firefox,Active
DEV009126,Mobile,Windows,Firefox,Active
DEV009127,Mobile,Android,Edge,Active
DEV009128,Mobile,Windows,Chrome,Active
DEV009129,Mobile,macOS,Safari,Active
DEV009130,Mobile,macOS,Chrome,Active
DEV009131,Mobile,macOS,Chrome,Active
DEV009132,Laptop,Windows,Chrome,Active
DEV009133,Mobile,iOS,Firefox,Active
DEV009134,Mobile,Windows,Chrome,Active
DEV009135,Mobile,Windows,Edge,Inactive
DEV009136,Laptop,Windows,Edge,Active
DEV009137,Mobile,Windows,Chrome,Active
DEV009138,Mobile,iOS,Chrome,Active
DEV009139,Mobile,Android,Chrome,Active
DEV009140,Mobile,iOS,Chrome,Inactive
DEV009141,Mobile,Android,Safari,Active
DEV009142,Laptop,macOS,Chrome,Active
DEV009143,Mobile,iOS,Chrome,Active
DEV009144,Mobile,Android,Chrome,Active
DEV009145,Laptop,Windows,Safari,Inactive
DEV009146,Mobile,macOS,Edge,Active
DEV009147,Mobile,Windows,Chrome,Active
DEV009148,Mobile,iOS,Chrome,Active
DEV009149,Mobile,Android,Safari,Active
DEV009150,Mobile,Android,Chrome,Active
DEV009151,Laptop,Android,Chrome,Active
DEV009152,Mobile,Android,Chrome,Inactive
DEV009153,Mobile,iOS,Chrome,Inactive
DEV009154,Mobile,Android,Edge,Inactive
DEV009155,Mobile,iOS,Chrome,Active
DEV009156,Mobile,Android,Chrome,Active
DEV009157,Mobile,Android,Edge,Inactive
DEV009158,Mobile,Android,Chrome,Active
DEV009159,Mobile,Windows,Chrome,Inactive
DEV009160,Mobile,Windows,Chrome,Active
DEV009161,Mobile,macOS,Chrome,Active
DEV009162,Mobile,iOS,Safari,Active
DEV009163,Laptop,Windows,Chrome,Active
DEV009164,Mobile,Android,Chrome,Active
DEV009165,Mobile,Android,Chrome,Inactive
DEV009166,Mobile,Android,Chrome,Active
DEV009167,Mobile,Android,Safari,Active
DEV009168,Mobile,iOS,Firefox,Active
DEV009169,Tablet,Android,Edge,Active
DEV009170,Tablet,iOS,Chrome,Inactive
DEV009171,Mobile,Android,Safari,Active
DEV009172,Mobile,macOS,Safari,Active
DEV009173,Tablet,Android,Edge,Active
DEV009174,Mobile,Android,Safari,Active
DEV009175,Laptop,iOS,Firefox,Active
DEV009176,Mobile,Android,Chrome,Active
DEV009177,Mobile,iOS,Firefox,Active
DEV009178,Mobile,macOS,Chrome,Active
DEV009179,Mobile,Android,Chrome,Active
DEV009180,Mobile,macOS,Safari,Active
DEV009181,Mobile,Android,Safari,Active
DEV009182,Tablet,iOS,Chrome,Active
DEV009183,Mobile,Android,Chrome,Active
DEV009184,Mobile,iOS,Chrome,Active
DEV009185,Mobile,iOS,Chrome,Active
DEV009186,Mobile,macOS,Chrome,Active
DEV009187,Mobile,Android,Chrome,Active
DEV009188,Mobile,macOS,Edge,Active
DEV009189,Mobile,Android,Safari,Active
DEV009190,Mobile,macOS,Chrome,Active
DEV009191,Mobile,macOS,Chrome,Inactive
DEV009192,Mobile,Android,Edge,Active
DEV009193,Mobile,Android,Chrome,Active
DEV009194,Mobile,Android,Firefox,Active
DEV009195,Mobile,Android,Edge,Active
DEV009196,Tablet,Windows,Chrome,Active
DEV009197,Mobile,Android,Edge,Inactive
DEV009198,Mobile,iOS,Chrome,Active
DEV009199,Mobile,Android,Chrome,Active
DEV009200,Mobile,Android,Chrome,Active
DEV009201,Mobile,Windows,Chrome,Active
DEV009202,Laptop,Windows,Chrome,Active
DEV009203,Mobile,Android,Safari,Active
DEV009204,Laptop,macOS,Safari,Active
DEV009205,Mobile,iOS,Chrome,Active
DEV009206,Mobile,iOS,Edge,Active
DEV009207,Mobile,iOS,Edge,Active
DEV009208,Laptop,Android,Safari,Active
DEV009209,Mobile,Windows,Firefox,Active
DEV009210,Mobile,macOS,Chrome,Active
DEV009211,Mobile,Windows,Chrome,Active
DEV009212,Mobile,iOS,Safari,Active
DEV009213,Mobile,Android,Chrome,Active
DEV009214,Laptop,Windows,Chrome,Inactive
DEV009215,Mobile,macOS,Chrome,Active
DEV009216,Mobile,Android,Chrome,Active
DEV009217,Mobile,iOS,Edge,Active
DEV009218,Mobile,Android,Safari,Active
DEV009219,Tablet,Android,Firefox,Active
DEV009220,Tablet,iOS,Safari,Active
DEV009221,Laptop,Android,Chrome,Active
DEV009222,Laptop,macOS,Safari,Active
DEV009223,Mobile,Android,Chrome,Active
DEV009224,Mobile,Android,Safari,Active
DEV009225,Mobile,Android,Chrome,Active
DEV009226,Mobile,macOS,Safari,Active
DEV009227,Mobile,macOS,Chrome,Active
DEV009228,Laptop,Windows,Chrome,Active
DEV009229,Mobile,Android,Edge,Active
DEV009230,Laptop,Android,Chrome,Active
DEV009231,Laptop,Android,Firefox,Inactive
DEV009232,Mobile,Android,Edge,Active
DEV009233,Laptop,Android,Chrome,Active
DEV009234,Mobile,iOS,Chrome,Active
DEV009235,Laptop,iOS,Chrome,Active
DEV009236,Mobile,Android,Edge,Active
DEV009237,Mobile,Android,Chrome,Active
DEV009238,Mobile,Android,Safari,Active
DEV009239,Mobile,Windows,Chrome,Active
DEV009240,Mobile,iOS,Firefox,Active
DEV009241,Mobile,Android,Chrome,Inactive
DEV009242,Mobile,Android,Chrome,Active
DEV009243,Mobile,iOS,Chrome,Active
DEV009244,Mobile,Android,Chrome,Active
DEV009245,Laptop,Android,Chrome,Active
DEV009246,Laptop,Windows,Chrome,Active
DEV009247,Mobile,iOS,Chrome,Active
DEV009248,Mobile,Windows,Chrome,Active
DEV009249,Mobile,Android,Chrome,Active
DEV009250,Mobile,iOS,Firefox,Active
DEV009251,Mobile,Android,Chrome,Active
DEV009252,Mobile,Android,Chrome,Active
DEV009253,Mobile,Android,Firefox,Active
DEV009254,Mobile,iOS,Safari,Active
DEV009255,Mobile,Windows,Chrome,Inactive
DEV009256,Mobile,Android,Chrome,Active
DEV009257,Mobile,Android,Firefox,Active
DEV009258,Laptop,Windows,Edge,Active
DEV009259,Laptop,macOS,Chrome,Active
DEV009260,Mobile,Android,Chrome,Active
DEV009261,Mobile,Android,Chrome,Active
DEV009262,Mobile,Android,Safari,Active
DEV009263,Mobile,Windows,Edge,Active
DEV009264,Laptop,Android,Safari,Active
DEV009265,Mobile,Windows,Chrome,Active
DEV009266,Mobile,Android,Chrome,Active
DEV009267,Mobile,Android,Firefox,Inactive
DEV009268,Mobile,Android,Chrome,Active
DEV009269,Mobile,Android,Chrome,Active
DEV009270,Laptop,Android,Chrome,Active
DEV009271,Mobile,Android,Firefox,Active
DEV009272,Mobile,macOS,Chrome,Active
DEV009273,Mobile,iOS,Safari,Active
DEV009274,Mobile,iOS,Chrome,Active
DEV009275,Mobile,Android,Chrome,Active
DEV009276,Mobile,iOS,Safari,Active
DEV009277,Mobile,Android,Edge,Active
DEV009278,Mobile,iOS,Chrome,Active
DEV009279,Mobile,macOS,Chrome,Active
DEV009280,Mobile,Android,Chrome,Active
DEV009281,Mobile,iOS,Safari,Active
DEV009282,Mobile,Windows,Chrome,Active
DEV009283,Mobile,Android,Edge,Active
DEV009284,Laptop,Android,Edge,Active
DEV009285,Mobile,iOS,Safari,Inactive
DEV009286,Mobile,Android,Chrome,Active
DEV009287,Mobile,Windows,Chrome,Active
DEV009288,Mobile,Windows,Chrome,Active
DEV009289,Tablet,iOS,Chrome,Inactive
DEV009290,Mobile,Windows,Chrome,Active
DEV009291,Mobile,iOS,Chrome,Active
DEV009292,Laptop,Windows,Chrome,Active
DEV009293,Mobile,Android,Chrome,Active
DEV009294,Mobile,Android,Chrome,Active
DEV009295,Mobile,Android,Edge,Active
DEV009296,Mobile,Windows,Chrome,Inactive
DEV009297,Laptop,Android,Edge,Active
DEV009298,Laptop,Android,Edge,Active
DEV009299,Mobile,iOS,Chrome,Active
DEV009300,Tablet,Android,Chrome,Active
DEV009301,Laptop,Windows,Chrome,Active
DEV009302,Mobile,Android,Safari,Inactive
DEV009303,Mobile,iOS,Chrome,Active
DEV009304,Mobile,iOS,Edge,Active
DEV009305,Mobile,Android,Edge,Active
DEV009306,Mobile,iOS,Chrome,Active
DEV009307,Mobile,Android,Chrome,Active
DEV009308,Mobile,Android,Edge,Active
DEV009309,Mobile,macOS,Safari,Active
DEV009310,Mobile,macOS,Safari,Active
DEV009311,Mobile,Android,Chrome,Active
DEV009312,Mobile,iOS,Chrome,Active
DEV009313,Mobile,Android,Edge,Active
DEV009314,Mobile,Android,Edge,Active
DEV009315,Mobile,Android,Safari,Active
DEV009316,Mobile,Windows,Chrome,Active
DEV009317,Laptop,Windows,Chrome,Active
DEV009318,Laptop,Android,Safari,Active
DEV009319,Laptop,Android,Chrome,Inactive
DEV009320,Laptop,Android,Edge,Inactive
DEV009321,Mobile,Android,Chrome,Active
DEV009322,Mobile,iOS,Firefox,Active
DEV009323,Mobile,Windows,Chrome,Active
DEV009324,Mobile,Android,Firefox,Active
DEV009325,Mobile,iOS,Firefox,Active
DEV009326,Laptop,Android,Edge,Active
DEV009327,Mobile,iOS,Firefox,Active
DEV009328,Laptop,macOS,Safari,Active
DEV009329,Mobile,Android,Edge,Active
DEV009330,Laptop,Android,Chrome,Active
DEV009331,Mobile,Android,Chrome,Active
DEV009332,Laptop,iOS,Edge,Active
DEV009333,Mobile,iOS,Safari,Active
DEV009334,Mobile,iOS,Chrome,Active
DEV009335,Mobile,Windows,Safari,Active
DEV009336,Tablet,Windows,Chrome,Active
DEV009337,Mobile,Android,Chrome,Active
DEV009338,Mobile,Android,Chrome,Active
DEV009339,Tablet,iOS,Safari,Active
DEV009340,Mobile,iOS,Edge,Active
DEV009341,Laptop,iOS,Chrome,Active
DEV009342,Laptop,Android,Chrome,Active
DEV009343,Laptop,Windows,Chrome,Active
DEV009344,Mobile,Android,Firefox,Active
DEV009345,Mobile,Android,Chrome,Active
DEV009346,Mobile,Android,Edge,Active
DEV009347,Mobile,Android,Chrome,Active
DEV009348,Mobile,Windows,Chrome,Active
DEV009349,Mobile,Android,Chrome,Active
DEV009350,Mobile,macOS,Safari,Active
DEV009351,Mobile,macOS,Chrome,Active
DEV009352,Mobile,macOS,Chrome,Active
DEV009353,Laptop,macOS,Safari,Active
DEV009354,Mobile,macOS,Safari,Active
DEV009355,Mobile,Android,Safari,Active
DEV009356,Mobile,Android,Chrome,Active
DEV009357,Mobile,iOS,Edge,Active
DEV009358,Mobile,iOS,Safari,Active
DEV009359,Mobile,macOS,Safari,Inactive
DEV009360,Tablet,iOS,Chrome,Active
DEV009361,Mobile,iOS,Chrome,Inactive
DEV009362,Laptop,Android,Edge,Active
DEV009363,Mobile,iOS,Edge,Active
DEV009364,Mobile,Android,Firefox,Active
DEV009365,Mobile,Android,Safari,Active
DEV009366,Mobile,Android,Firefox,Active
DEV009367,Mobile,Android,Chrome,Active
DEV009368,Laptop,Android,Edge,Active
DEV009369,Mobile,iOS,Chrome,Active
DEV009370,Laptop,Android,Edge,Active
DEV009371,Mobile,Windows,Chrome,Active
DEV009372,Mobile,iOS,Chrome,Active
DEV009373,Mobile,Android,Chrome,Active
DEV009374,Mobile,Windows,Chrome,Active
DEV009375,Laptop,iOS,Chrome,Active
DEV009376,Mobile,iOS,Chrome,Active
DEV009377,Mobile,Android,Chrome,Active
DEV009378,Laptop,Android,Safari,Active
DEV009379,Mobile,macOS,Chrome,Active
DEV009380,Mobile,iOS,Edge,Active
DEV009381,Mobile,Android,Chrome,Active
DEV009382,Mobile,iOS,Firefox,Active
DEV009383,Laptop,Android,Chrome,Active
DEV009384,Mobile,Android,Safari,Active
DEV009385,Laptop,Android,Chrome,Inactive
DEV009386,Mobile,Windows,Chrome,Active
DEV009387,Mobile,iOS,Chrome,Active
DEV009388,Mobile,Android,Firefox,Active
DEV009389,Tablet,iOS,Chrome,Active
DEV009390,Mobile,iOS,Chrome,Inactive
DEV009391,Mobile,iOS,Safari,Active
DEV009392,Mobile,Windows,Chrome,Active
DEV009393,Mobile,Android,Safari,Active
DEV009394,Mobile,Windows,Chrome,Active
DEV009395,Mobile,Android,Chrome,Active
DEV009396,Tablet,Windows,Safari,Active
DEV009397,Laptop,iOS,Edge,Inactive
DEV009398,Laptop,iOS,Chrome,Active
DEV009399,Mobile,iOS,Chrome,Active
DEV009400,Tablet,iOS,Chrome,Active
DEV009401,Laptop,Android,Safari,Active
DEV009402,Laptop,Android,Chrome,Active
DEV009403,Mobile,Android,Firefox,Active
DEV009404,Mobile,Android,Chrome,Active
DEV009405,Mobile,Android,Chrome,Active
DEV009406,Tablet,macOS,Chrome,Active
DEV009407,Laptop,Android,Chrome,Active
DEV009408,Laptop,Android,Safari,Active
DEV009409,Mobile,Android,Edge,Active
DEV009410,Laptop,Android,Chrome,Active
DEV009411,Laptop,Android,Chrome,Inactive
DEV009412,Mobile,Android,Chrome,Active
DEV009413,Mobile,Windows,Chrome,Active
DEV009414,Laptop,macOS,Chrome,Active
DEV009415,Laptop,Android,Chrome,Inactive
DEV009416,Mobile,iOS,Edge,Active
DEV009417,Tablet,Android,Chrome,Active
DEV009418,Mobile,Windows,Chrome,Active
DEV009419,Mobile,macOS,Chrome,Inactive
DEV009420,Mobile,macOS,Chrome,Active
DEV009421,Mobile,Android,Firefox,Active
DEV009422,Mobile,iOS,Chrome,Active
DEV009423,Laptop,Android,Chrome,Active
DEV009424,Mobile,Android,Chrome,Inactive
DEV009425,Laptop,iOS,Chrome,Active
DEV009426,Tablet,Android,Edge,Active
DEV009427,Mobile,Windows,Chrome,Active
DEV009428,Mobile,iOS,Chrome,Active
DEV009429,Mobile,Android,Edge,Active
DEV009430,Mobile,Android,Safari,Active
DEV009431,Mobile,Android,Edge,Inactive
DEV009432,Tablet,iOS,Firefox,Active
DEV009433,Mobile,iOS,Chrome,Active
DEV009434,Mobile,Android,Chrome,Active
DEV009435,Mobile,iOS,Firefox,Active
DEV009436,Mobile,Android,Chrome,Active
DEV009437,Mobile,iOS,Chrome,Active
DEV009438,Laptop,Android,Safari,Active
DEV009439,Mobile,Android,Chrome,Active
DEV009440,Laptop,iOS,Chrome,Active
DEV009441,Mobile,Android,Chrome,Active
DEV009442,Mobile,iOS,Safari,Active
DEV009443,Mobile,iOS,Safari,Active
DEV009444,Tablet,macOS,Chrome,Active
DEV009445,Mobile,iOS,Safari,Active
DEV009446,Laptop,Android,Edge,Active
DEV009447,Mobile,iOS,Safari,Active
DEV009448,Mobile,Android,Safari,Active
DEV009449,Mobile,iOS,Chrome,Active
DEV009450,Mobile,Android,Chrome,Active
DEV009451,Mobile,Android,Chrome,Active
DEV009452,Mobile,Windows,Chrome,Inactive
DEV009453,Tablet,Android,Safari,Active
DEV009454,Mobile,Android,Chrome,Active
DEV009455,Tablet,iOS,Safari,Inactive
DEV009456,Mobile,iOS,Chrome,Active
DEV009457,Tablet,Windows,Chrome,Active
DEV009458,Mobile,iOS,Edge,Active
DEV009459,Mobile,Android,Chrome,Active
DEV009460,Mobile,Windows,Chrome,Active
DEV009461,Mobile,Android,Chrome,Active
DEV009462,Mobile,iOS,Chrome,Active
DEV009463,Laptop,Android,Chrome,Active
DEV009464,Mobile,Android,Chrome,Active
DEV009465,Laptop,Android,Chrome,Active
DEV009466,Mobile,Windows,Chrome,Active
DEV009467,Mobile,Windows,Chrome,Active
DEV009468,Mobile,Android,Chrome,Inactive
DEV009469,Mobile,iOS,Chrome,Active
DEV009470,Tablet,macOS,Chrome,Active
DEV009471,Laptop,Windows,Chrome,Inactive
DEV009472,Mobile,Windows,Edge,Active
DEV009473,Laptop,Android,Chrome,Active
DEV009474,Mobile,macOS,Chrome,Active
DEV009475,Mobile,Android,Chrome,Active
DEV009476,Laptop,Android,Firefox,Active
DEV009477,Mobile,iOS,Edge,Active
DEV009478,Mobile,iOS,Firefox,Active
DEV009479,Mobile,iOS,Chrome,Active
DEV009480,Mobile,Android,Safari,Active
DEV009481,Mobile,Android,Safari,Active
DEV009482,Mobile,Windows,Safari,Inactive
DEV009483,Mobile,Android,Chrome,Active
DEV009484,Laptop,Windows,Firefox,Active
DEV009485,Mobile,Windows,Safari,Active
DEV009486,Tablet,iOS,Chrome,Active
DEV009487,Laptop,Android,Chrome,Active
DEV009488,Mobile,Android,Chrome,Active
DEV009489,Mobile,iOS,Safari,Active
DEV009490,Laptop,iOS,Chrome,Active
DEV009491,Mobile,Android,Chrome,Active
DEV009492,Mobile,Windows,Chrome,Active
DEV009493,Mobile,Windows,Edge,Active
DEV009494,Mobile,Android,Chrome,Inactive
DEV009495,Mobile,Android,Chrome,Active
DEV009496,Mobile,iOS,Safari,Active
DEV009497,Mobile,Android,Firefox,Active
DEV009498,Laptop,Android,Chrome,Active
DEV009499,Mobile,Android,Chrome,Active
DEV009500,Mobile,macOS,Chrome,Active
DEV009501,Mobile,Android,Chrome,Active
DEV009502,Mobile,iOS,Safari,Active
DEV009503,Mobile,iOS,Chrome,Active
DEV009504,Mobile,iOS,Chrome,Active
DEV009505,Mobile,Windows,Chrome,Inactive
DEV009506,Mobile,iOS,Chrome,Active
DEV009507,Mobile,Windows,Safari,Inactive
DEV009508,Mobile,Android,Edge,Active
DEV009509,Mobile,Android,Firefox,Active
DEV009510,Mobile,Android,Firefox,Active
DEV009511,Mobile,iOS,Chrome,Active
DEV009512,Mobile,iOS,Safari,Active
DEV009513,Mobile,macOS,Chrome,Active
DEV009514,Laptop,Windows,Chrome,Active
DEV009515,Mobile,Android,Edge,Active
DEV009516,Mobile,iOS,Chrome,Active
DEV009517,Mobile,iOS,Safari,Active
DEV009518,Laptop,iOS,Edge,Active
DEV009519,Mobile,Android,Edge,Inactive
DEV009520,Mobile,iOS,Edge,Inactive
DEV009521,Mobile,macOS,Chrome,Active
DEV009522,Laptop,macOS,Firefox,Inactive
DEV009523,Mobile,Android,Chrome,Inactive
DEV009524,Mobile,iOS,Safari,Active
DEV009525,Mobile,Android,Firefox,Active
DEV009526,Mobile,Windows,Chrome,Active
DEV009527,Mobile,Android,Chrome,Active
DEV009528,Mobile,Android,Safari,Active
DEV009529,Mobile,Windows,Safari,Active
DEV009530,Mobile,Android,Chrome,Active
DEV009531,Mobile,Android,Edge,Active
DEV009532,Tablet,Windows,Chrome,Active
DEV009533,Mobile,Android,Safari,Active
DEV009534,Mobile,Android,Safari,Active
DEV009535,Mobile,Windows,Safari,Inactive
DEV009536,Mobile,iOS,Chrome,Active
DEV009537,Mobile,Android,Safari,Active
DEV009538,Mobile,macOS,Safari,Active
DEV009539,Mobile,Android,Safari,Active
DEV009540,Mobile,iOS,Safari,Active
DEV009541,Mobile,Android,Chrome,Active
DEV009542,Mobile,Android,Chrome,Active
DEV009543,Mobile,iOS,Chrome,Active
DEV009544,Tablet,Android,Firefox,Active
DEV009545,Laptop,Android,Chrome,Active
DEV009546,Mobile,Windows,Safari,Inactive
DEV009547,Mobile,iOS,Safari,Active
DEV009548,Mobile,Android,Firefox,Active
DEV009549,Mobile,macOS,Edge,Active
DEV009550,Mobile,Android,Firefox,Active
DEV009551,Tablet,Windows,Safari,Active
DEV009552,Tablet,Android,Safari,Active
DEV009553,Laptop,Android,Chrome,Active
DEV009554,Mobile,Android,Edge,Inactive
DEV009555,Mobile,macOS,Chrome,Active
DEV009556,Laptop,Android,Edge,Inactive
DEV009557,Laptop,iOS,Chrome,Active
DEV009558,Tablet,Android,Chrome,Active
DEV009559,Mobile,Android,Chrome,Active
DEV009560,Mobile,Windows,Edge,Active
DEV009561,Mobile,macOS,Safari,Active
DEV009562,Laptop,Windows,Safari,Active
DEV009563,Mobile,macOS,Chrome,Active
DEV009564,Mobile,macOS,Chrome,Active
DEV009565,Mobile,Windows,Chrome,Active
DEV009566,Tablet,Android,Chrome,Active
DEV009567,Mobile,iOS,Chrome,Active
DEV009568,Laptop,Android,Chrome,Active
DEV009569,Mobile,macOS,Edge,Active
DEV009570,Mobile,iOS,Edge,Active
DEV009571,Laptop,Windows,Safari,Active
DEV009572,Mobile,macOS,Chrome,Active
DEV009573,Mobile,Android,Chrome,Active
DEV009574,Mobile,iOS,Safari,Active
DEV009575,Laptop,Android,Firefox,Active
DEV009576,Mobile,macOS,Edge,Active
DEV009577,Tablet,Android,Chrome,Active
DEV009578,Laptop,iOS,Chrome,Active
DEV009579,Mobile,Android,Chrome,Active
DEV009580,Laptop,Android,Chrome,Active
DEV009581,Mobile,Android,Safari,Active
DEV009582,Mobile,Android,Chrome,Active
DEV009583,Mobile,Android,Safari,Active
DEV009584,Mobile,macOS,Chrome,Active
DEV009585,Mobile,macOS,Safari,Active
DEV009586,Mobile,Android,Chrome,Active
DEV009587,Mobile,iOS,Chrome,Inactive
DEV009588,Mobile,Android,Chrome,Active
DEV009589,Mobile,Windows,Chrome,Active
DEV009590,Laptop,iOS,Chrome,Active
DEV009591,Mobile,iOS,Chrome,Active
DEV009592,Tablet,Android,Firefox,Active
DEV009593,Laptop,Android,Chrome,Active
DEV009594,Mobile,macOS,Chrome,Active
DEV009595,Mobile,Windows,Safari,Active
DEV009596,Mobile,Android,Chrome,Active
DEV009597,Mobile,macOS,Safari,Active
DEV009598,Tablet,Android,Chrome,Active
DEV009599,Mobile,macOS,Safari,Active
DEV009600,Tablet,Windows,Chrome,Active
DEV009601,Mobile,Android,Chrome,Inactive
DEV009602,Laptop,Android,Safari,Inactive
DEV009603,Mobile,Windows,Safari,Inactive
DEV009604,Mobile,macOS,Chrome,Inactive
DEV009605,Mobile,iOS,Chrome,Inactive
DEV009606,Mobile,Android,Safari,Active
DEV009607,Mobile,Android,Edge,Active
DEV009608,Mobile,Android,Edge,Active
DEV009609,Mobile,Android,Chrome,Active
DEV009610,Mobile,iOS,Firefox,Active
DEV009611,Mobile,Windows,Chrome,Inactive
DEV009612,Mobile,iOS,Chrome,Active
DEV009613,Mobile,Android,Safari,Active
DEV009614,Mobile,Windows,Chrome,Active
DEV009615,Mobile,macOS,Edge,Inactive
DEV009616,Mobile,Android,Edge,Active
DEV009617,Mobile,Android,Firefox,Inactive
DEV009618,Mobile,iOS,Firefox,Active
DEV009619,Tablet,Windows,Safari,Inactive
DEV009620,Mobile,iOS,Safari,Active
DEV009621,Tablet,Android,Chrome,Active
DEV009622,Laptop,iOS,Safari,Active
DEV009623,Mobile,Android,Chrome,Active
DEV009624,Mobile,iOS,Chrome,Active
DEV009625,Mobile,Android,Chrome,Inactive
DEV009626,Mobile,Android,Edge,Active
DEV009627,Mobile,iOS,Firefox,Active
DEV009628,Mobile,iOS,Chrome,Active
DEV009629,Mobile,Android,Chrome,Active
DEV009630,Laptop,iOS,Firefox,Active
DEV009631,Mobile,Windows,Safari,Active
DEV009632,Laptop,Android,Chrome,Active
DEV009633,Mobile,Android,Chrome,Inactive
DEV009634,Mobile,Android,Chrome,Active
DEV009635,Mobile,Android,Chrome,Inactive
DEV009636,Mobile,Android,Safari,Active
DEV009637,Mobile,Windows,Firefox,Active
DEV009638,Mobile,Windows,Safari,Active
DEV009639,Mobile,Android,Chrome,Active
DEV009640,Laptop,Android,Chrome,Inactive
DEV009641,Mobile,Windows,Chrome,Active
DEV009642,Mobile,iOS,Edge,Active
DEV009643,Tablet,Android,Safari,Active
DEV009644,Tablet,iOS,Chrome,Active
DEV009645,Tablet,Android,Safari,Active
DEV009646,Mobile,Android,Chrome,Active
DEV009647,Mobile,iOS,Chrome,Active
DEV009648,Mobile,Android,Chrome,Inactive
DEV009649,Mobile,Android,Edge,Active
DEV009650,Tablet,macOS,Chrome,Active
DEV009651,Mobile,Windows,Firefox,Active
DEV009652,Laptop,Windows,Edge,Active
DEV009653,Mobile,Android,Chrome,Inactive
DEV009654,Mobile,Android,Safari,Active
DEV009655,Mobile,Android,Chrome,Active
DEV009656,Laptop,Android,Edge,Active
DEV009657,Mobile,Android,Safari,Active
DEV009658,Mobile,Android,Safari,Active
DEV009659,Mobile,iOS,Edge,Inactive
DEV009660,Mobile,Android,Safari,Active
DEV009661,Mobile,iOS,Chrome,Active
DEV009662,Laptop,Android,Edge,Active
DEV009663,Mobile,iOS,Chrome,Active
DEV009664,Mobile,iOS,Safari,Active
DEV009665,Mobile,Android,Safari,Active
DEV009666,Mobile,Android,Chrome,Inactive
DEV009667,Mobile,Android,Chrome,Active
DEV009668,Mobile,Android,Chrome,Active
DEV009669,Mobile,iOS,Chrome,Active
DEV009670,Mobile,Android,Edge,Active
DEV009671,Mobile,Android,Chrome,Active
DEV009672,Mobile,iOS,Chrome,Inactive
DEV009673,Laptop,Android,Chrome,Active
DEV009674,Mobile,iOS,Firefox,Active
DEV009675,Tablet,Android,Chrome,Active
DEV009676,Mobile,Android,Safari,Active
DEV009677,Tablet,iOS,Safari,Active
DEV009678,Mobile,Windows,Chrome,Active
DEV009679,Mobile,iOS,Chrome,Active
DEV009680,Tablet,Windows,Chrome,Active
DEV009681,Mobile,iOS,Chrome,Inactive
DEV009682,Mobile,Android,Safari,Active
DEV009683,Mobile,Android,Edge,Active
DEV009684,Laptop,Android,Chrome,Active
DEV009685,Mobile,iOS,Edge,Active
DEV009686,Mobile,macOS,Chrome,Active
DEV009687,Laptop,Android,Chrome,Active
DEV009688,Mobile,iOS,Chrome,Active
DEV009689,Mobile,Android,Edge,Active
DEV009690,Laptop,iOS,Chrome,Active
DEV009691,Mobile,Android,Chrome,Active
DEV009692,Mobile,iOS,Chrome,Active
DEV009693,Mobile,macOS,Safari,Active
DEV009694,Laptop,Android,Chrome,Active
DEV009695,Mobile,Android,Chrome,Active
DEV009696,Mobile,Android,Safari,Active
DEV009697,Mobile,iOS,Chrome,Active
DEV009698,Mobile,Android,Chrome,Active
DEV009699,Mobile,Windows,Chrome,Active
DEV009700,Mobile,iOS,Chrome,Active
DEV009701,Mobile,iOS,Chrome,Active
DEV009702,Mobile,Android,Edge,Active
DEV009703,Mobile,Windows,Chrome,Active
DEV009704,Laptop,Android,Chrome,Active
DEV009705,Mobile,Android,Firefox,Active
DEV009706,Mobile,Windows,Chrome,Active
DEV009707,Mobile,Android,Chrome,Active
DEV009708,Mobile,macOS,Safari,Active
DEV009709,Mobile,Android,Edge,Active
DEV009710,Mobile,iOS,Edge,Active
DEV009711,Mobile,Android,Chrome,Active
DEV009712,Mobile,Android,Safari,Active
DEV009713,Mobile,Windows,Chrome,Active
DEV009714,Tablet,Android,Chrome,Active
DEV009715,Mobile,Windows,Chrome,Inactive
DEV009716,Mobile,Android,Chrome,Active
DEV009717,Mobile,iOS,Chrome,Active
DEV009718,Mobile,iOS,Safari,Active
DEV009719,Mobile,Android,Edge,Inactive
DEV009720,Mobile,Android,Edge,Active
DEV009721,Mobile,macOS,Safari,Active
DEV009722,Mobile,Android,Firefox,Active
DEV009723,Mobile,Android,Edge,Active
DEV009724,Mobile,Android,Chrome,Active
DEV009725,Mobile,Android,Edge,Active
DEV009726,Mobile,macOS,Chrome,Active
DEV009727,Laptop,iOS,Chrome,Inactive
DEV009728,Mobile,iOS,Safari,Active
DEV009729,Mobile,Android,Safari,Active
DEV009730,Mobile,Android,Chrome,Inactive
DEV009731,Mobile,Android,Chrome,Active
DEV009732,Tablet,iOS,Chrome,Active
DEV009733,Mobile,Android,Firefox,Active
DEV009734,Mobile,macOS,Chrome,Active
DEV009735,Mobile,iOS,Chrome,Active
DEV009736,Mobile,iOS,Chrome,Active
DEV009737,Mobile,iOS,Safari,Inactive
DEV009738,Mobile,Android,Chrome,Active
DEV009739,Mobile,Android,Safari,Active
DEV009740,Mobile,iOS,Edge,Active
DEV009741,Mobile,Android,Chrome,Active
DEV009742,Mobile,Android,Chrome,Active
DEV009743,Tablet,iOS,Firefox,Active
DEV009744,Mobile,Android,Safari,Active
DEV009745,Mobile,Android,Chrome,Inactive
DEV009746,Mobile,iOS,Chrome,Active
DEV009747,Mobile,Windows,Edge,Inactive
DEV009748,Mobile,iOS,Chrome,Active
DEV009749,Mobile,Android,Chrome,Active
DEV009750,Mobile,Android,Safari,Active
DEV009751,Mobile,Android,Chrome,Inactive
DEV009752,Mobile,Android,Safari,Inactive
DEV009753,Laptop,iOS,Chrome,Active
DEV009754,Mobile,Android,Firefox,Active
DEV009755,Mobile,Android,Chrome,Active
DEV009756,Tablet,Android,Chrome,Inactive
DEV009757,Mobile,iOS,Safari,Active
DEV009758,Laptop,Android,Firefox,Inactive
DEV009759,Mobile,iOS,Firefox,Active
DEV009760,Mobile,Android,Firefox,Active
DEV009761,Mobile,macOS,Chrome,Active
DEV009762,Mobile,Android,Chrome,Active
DEV009763,Mobile,Android,Chrome,Active
DEV009764,Mobile,Android,Chrome,Active
DEV009765,Mobile,iOS,Edge,Active
DEV009766,Tablet,Android,Safari,Active
DEV009767,Tablet,Android,Chrome,Inactive
DEV009768,Mobile,Android,Chrome,Active
DEV009769,Mobile,Android,Firefox,Active
DEV009770,Mobile,iOS,Chrome,Active
DEV009771,Laptop,iOS,Safari,Inactive
DEV009772,Tablet,Windows,Chrome,Active
DEV009773,Mobile,iOS,Chrome,Active
DEV009774,Tablet,Android,Chrome,Active
DEV009775,Laptop,iOS,Chrome,Active
DEV009776,Tablet,macOS,Safari,Inactive
DEV009777,Mobile,iOS,Chrome,Inactive
DEV009778,Mobile,Android,Edge,Active
DEV009779,Tablet,Android,Safari,Active
DEV009780,Mobile,Android,Safari,Active
DEV009781,Mobile,iOS,Firefox,Active
DEV009782,Mobile,Android,Chrome,Inactive
DEV009783,Mobile,Windows,Safari,Inactive
DEV009784,Mobile,Android,Chrome,Active
DEV009785,Laptop,Android,Safari,Active
DEV009786,Mobile,Android,Chrome,Active
DEV009787,Mobile,Android,Edge,Active
DEV009788,Mobile,iOS,Safari,Active
DEV009789,Laptop,Android,Chrome,Inactive
DEV009790,Mobile,Windows,Chrome,Active
DEV009791,Mobile,iOS,Firefox,Inactive
DEV009792,Laptop,iOS,Safari,Active
DEV009793,Mobile,iOS,Edge,Active
DEV009794,Mobile,Android,Edge,Active
DEV009795,Mobile,iOS,Chrome,Active
DEV009796,Laptop,macOS,Chrome,Active
DEV009797,Mobile,iOS,Chrome,Active
DEV009798,Laptop,iOS,Firefox,Active
DEV009799,Laptop,Windows,Safari,Active
DEV009800,Mobile,Android,Firefox,Active
DEV009801,Mobile,Android,Chrome,Active
DEV009802,Laptop,iOS,Chrome,Active
DEV009803,Laptop,Android,Safari,Active
DEV009804,Mobile,macOS,Safari,Active
DEV009805,Tablet,iOS,Edge,Active
DEV009806,Mobile,macOS,Safari,Active
DEV009807,Mobile,Windows,Safari,Active
DEV009808,Mobile,macOS,Chrome,Active
DEV009809,Laptop,iOS,Chrome,Active
DEV009810,Mobile,Windows,Chrome,Active
DEV009811,Mobile,Android,Chrome,Active
DEV009812,Mobile,Android,Chrome,Active
DEV009813,Mobile,Android,Safari,Active
DEV009814,Laptop,iOS,Edge,Active
DEV009815,Mobile,macOS,Edge,Inactive
DEV009816,Mobile,Android,Edge,Active
DEV009817,Tablet,macOS,Safari,Active
DEV009818,Mobile,Android,Edge,Active
DEV009819,Mobile,Android,Safari,Active
DEV009820,Mobile,iOS,Edge,Active
DEV009821,Mobile,iOS,Firefox,Active
DEV009822,Mobile,Android,Firefox,Active
DEV009823,Tablet,Android,Firefox,Active
DEV009824,Tablet,Android,Safari,Active
DEV009825,Mobile,Android,Edge,Active
DEV009826,Laptop,iOS,Chrome,Active
DEV009827,Laptop,Android,Chrome,Active
DEV009828,Mobile,Android,Safari,Active
DEV009829,Tablet,Android,Firefox,Active
DEV009830,Mobile,Windows,Edge,Active
DEV009831,Mobile,Android,Chrome,Active
DEV009832,Mobile,iOS,Chrome,Inactive
DEV009833,Laptop,Android,Safari,Active
DEV009834,Mobile,iOS,Edge,Active
DEV009835,Laptop,iOS,Chrome,Inactive
DEV009836,Mobile,Android,Edge,Inactive
DEV009837,Mobile,iOS,Chrome,Active
DEV009838,Mobile,iOS,Chrome,Active
DEV009839,Tablet,Android,Chrome,Active
DEV009840,Mobile,macOS,Firefox,Active
DEV009841,Laptop,iOS,Edge,Active
DEV009842,Tablet,Android,Chrome,Active
DEV009843,Mobile,iOS,Edge,Active
DEV009844,Mobile,Android,Edge,Active
DEV009845,Mobile,Android,Chrome,Active
DEV009846,Tablet,Android,Chrome,Active
DEV009847,Mobile,Android,Chrome,Active
DEV009848,Mobile,Android,Chrome,Active
DEV009849,Mobile,iOS,Chrome,Active
DEV009850,Mobile,Android,Firefox,Active
DEV009851,Laptop,Android,Firefox,Inactive
DEV009852,Tablet,Android,Safari,Active
DEV009853,Mobile,Android,Chrome,Inactive
DEV009854,Mobile,Android,Edge,Active
DEV009855,Mobile,Windows,Chrome,Active
DEV009856,Mobile,Android,Edge,Active
DEV009857,Tablet,iOS,Safari,Active
DEV009858,Mobile,Android,Edge,Active
DEV009859,Mobile,iOS,Firefox,Active
DEV009860,Laptop,iOS,Chrome,Active
DEV009861,Mobile,Windows,Chrome,Active
DEV009862,Mobile,Windows,Chrome,Active
DEV009863,Mobile,macOS,Chrome,Active
DEV009864,Mobile,Windows,Chrome,Active
DEV009865,Mobile,Android,Firefox,Active
DEV009866,Mobile,iOS,Edge,Inactive
DEV009867,Laptop,Android,Firefox,Inactive
DEV009868,Mobile,macOS,Chrome,Active
DEV009869,Laptop,Android,Chrome,Inactive
DEV009870,Mobile,iOS,Chrome,Active
DEV009871,Tablet,Android,Chrome,Active
DEV009872,Mobile,iOS,Chrome,Active
DEV009873,Mobile,Android,Safari,Active
DEV009874,Mobile,Android,Safari,Active
DEV009875,Mobile,Windows,Chrome,Active
DEV009876,Mobile,Windows,Safari,Active
DEV009877,Mobile,Android,Edge,Active
DEV009878,Mobile,Android,Chrome,Active
DEV009879,Mobile,Android,Chrome,Active
DEV009880,Laptop,Windows,Safari,Active
DEV009881,Mobile,Android,Firefox,Active
DEV009882,Mobile,macOS,Edge,Active
DEV009883,Mobile,iOS,Safari,Inactive
DEV009884,Mobile,iOS,Safari,Active
DEV009885,Mobile,Android,Chrome,Active
DEV009886,Mobile,iOS,Edge,Inactive
DEV009887,Mobile,Android,Edge,Active
DEV009888,Mobile,Android,Edge,Active
DEV009889,Tablet,Windows,Chrome,Active
DEV009890,Mobile,Windows,Chrome,Active
DEV009891,Mobile,iOS,Firefox,Active
DEV009892,Mobile,Windows,Safari,Active
DEV009893,Mobile,Windows,Edge,Active
DEV009894,Mobile,iOS,Chrome,Active
DEV009895,Tablet,Windows,Chrome,Active
DEV009896,Mobile,Android,Edge,Active
DEV009897,Laptop,iOS,Safari,Active
DEV009898,Mobile,iOS,Safari,Active
DEV009899,Laptop,iOS,Chrome,Active
DEV009900,Mobile,Android,Safari,Active
DEV009901,Tablet,Windows,Chrome,Active
DEV009902,Laptop,Android,Chrome,Active
DEV009903,Mobile,iOS,Safari,Active
DEV009904,Tablet,Windows,Safari,Active
DEV009905,Mobile,iOS,Chrome,Inactive
DEV009906,Mobile,iOS,Chrome,Inactive
DEV009907,Laptop,Android,Safari,Active
DEV009908,Mobile,iOS,Chrome,Active
DEV009909,Laptop,Windows,Safari,Active
DEV009910,Mobile,macOS,Chrome,Active
DEV009911,Laptop,Android,Safari,Inactive
DEV009912,Laptop,iOS,Chrome,Active
DEV009913,Mobile,Android,Chrome,Active
DEV009914,Mobile,iOS,Safari,Active
DEV009915,Mobile,Windows,Chrome,Active
DEV009916,Laptop,Windows,Chrome,Active
DEV009917,Mobile,macOS,Chrome,Active
DEV009918,Tablet,iOS,Safari,Active
DEV009919,Mobile,Windows,Chrome,Inactive
DEV009920,Tablet,Android,Chrome,Active
DEV009921,Mobile,Android,Chrome,Active
DEV009922,Mobile,Android,Chrome,Active
DEV009923,Mobile,Android,Safari,Active
DEV009924,Mobile,Android,Chrome,Active
DEV009925,Mobile,iOS,Firefox,Active
DEV009926,Mobile,Android,Safari,Inactive
DEV009927,Mobile,Android,Edge,Inactive
DEV009928,Mobile,Android,Chrome,Active
DEV009929,Mobile,Android,Safari,Active
DEV009930,Laptop,Android,Edge,Active
DEV009931,Mobile,Android,Chrome,Active
DEV009932,Laptop,iOS,Edge,Inactive
DEV009933,Laptop,iOS,Chrome,Active
DEV009934,Mobile,macOS,Chrome,Active
DEV009935,Tablet,Android,Chrome,Active
DEV009936,Laptop,Android,Firefox,Active
DEV009937,Mobile,macOS,Safari,Active
DEV009938,Mobile,macOS,Chrome,Active
DEV009939,Laptop,macOS,Chrome,Active
DEV009940,Mobile,Android,Chrome,Active
DEV009941,Mobile,Android,Edge,Inactive
DEV009942,Mobile,iOS,Chrome,Active
DEV009943,Laptop,Windows,Chrome,Inactive
DEV009944,Mobile,iOS,Chrome,Active
DEV009945,Tablet,iOS,Chrome,Active
DEV009946,Mobile,iOS,Safari,Active
DEV009947,Laptop,macOS,Chrome,Active
DEV009948,Mobile,Windows,Chrome,Active
DEV009949,Mobile,macOS,Firefox,Inactive
DEV009950,Mobile,Windows,Chrome,Active
DEV009951,Mobile,Android,Chrome,Active
DEV009952,Mobile,iOS,Firefox,Active
DEV009953,Mobile,Android,Chrome,Active
DEV009954,Mobile,Android,Chrome,Inactive
DEV009955,Mobile,Android,Edge,Inactive
DEV009956,Mobile,Android,Firefox,Active
DEV009957,Mobile,iOS,Chrome,Active
DEV009958,Mobile,Android,Safari,Active
DEV009959,Mobile,iOS,Firefox,Active
DEV009960,Laptop,iOS,Chrome,Active
DEV009961,Mobile,Android,Edge,Active
DEV009962,Mobile,iOS,Chrome,Inactive
DEV009963,Laptop,Android,Safari,Active
DEV009964,Mobile,Android,Chrome,Active
DEV009965,Mobile,Android,Firefox,Active
DEV009966,Mobile,Android,Edge,Inactive
DEV009967,Mobile,Windows,Safari,Active
DEV009968,Laptop,Windows,Safari,Active
DEV009969,Mobile,iOS,Chrome,Active
DEV009970,Mobile,Android,Safari,Active
DEV009971,Mobile,Android,Edge,Active
DEV009972,Laptop,iOS,Chrome,Active
DEV009973,Mobile,iOS,Chrome,Active
DEV009974,Tablet,Android,Safari,Active
DEV009975,Tablet,Android,Safari,Active
DEV009976,Mobile,Android,Chrome,Active
DEV009977,Mobile,iOS,Safari,Active
DEV009978,Mobile,Android,Chrome,Active
DEV009979,Mobile,macOS,Chrome,Active
DEV009980,Laptop,iOS,Chrome,Active
DEV009981,Mobile,Android,Chrome,Active
DEV009982,Mobile,Windows,Edge,Active
DEV009983,Laptop,Android,Safari,Active
DEV009984,Mobile,Windows,Chrome,Active
DEV009985,Mobile,Android,Edge,Active
DEV009986,Mobile,Windows,Edge,Active
DEV009987,Mobile,Android,Safari,Inactive
DEV009988,Mobile,Windows,Chrome,Active
DEV009989,Mobile,iOS,Chrome,Active
DEV009990,Mobile,Android,Chrome,Active
DEV009991,Mobile,Android,Edge,Active
DEV009992,Mobile,Android,Safari,Active
DEV009993,Mobile,Windows,Chrome,Active
DEV009994,Mobile,Windows,Chrome,Active
DEV009995,Mobile,Android,Chrome,Active
DEV009996,Mobile,iOS,Safari,Active
DEV009997,Mobile,Windows,Firefox,Active
DEV009998,Tablet,Android,Edge,Active
DEV009999,Mobile,Windows,Chrome,Active
DEV010000,Mobile,Android,Edge,Active
DEV010001,Mobile,iOS,Chrome,Inactive
DEV010002,Mobile,iOS,Safari,Active
DEV010003,Laptop,Android,Edge,Active
DEV010004,Mobile,Android,Chrome,Active
DEV010005,Mobile,Android,Chrome,Active
DEV010006,Mobile,Android,Chrome,Active
DEV010007,Mobile,macOS,Chrome,Active
DEV010008,Mobile,Windows,Chrome,Active
DEV010009,Mobile,iOS,Chrome,Active
DEV010010,Mobile,Android,Edge,Active
DEV010011,Mobile,Android,Edge,Active
DEV010012,Mobile,Android,Chrome,Inactive
DEV010013,Mobile,Windows,Chrome,Active
DEV010014,Laptop,Windows,Firefox,Active
DEV010015,Mobile,Android,Safari,Active
DEV010016,Laptop,iOS,Safari,Active
DEV010017,Mobile,Android,Chrome,Active
DEV010018,Mobile,Windows,Chrome,Active
DEV010019,Mobile,Android,Chrome,Active
DEV010020,Mobile,Android,Edge,Active
DEV010021,Mobile,Android,Chrome,Active
DEV010022,Mobile,Android,Edge,Active
DEV010023,Mobile,iOS,Edge,Active
DEV010024,Mobile,Android,Chrome,Active
DEV010025,Mobile,Android,Chrome,Active
DEV010026,Mobile,iOS,Chrome,Active
DEV010027,Laptop,Windows,Chrome,Active
DEV010028,Mobile,Windows,Chrome,Active
DEV010029,Mobile,Android,Chrome,Active
DEV010030,Mobile,Android,Chrome,Active
DEV010031,Laptop,macOS,Chrome,Inactive
DEV010032,Mobile,iOS,Chrome,Inactive
DEV010033,Mobile,Android,Edge,Active
DEV010034,Mobile,Android,Safari,Active
DEV010035,Mobile,macOS,Chrome,Active
DEV010036,Mobile,iOS,Edge,Active
DEV010037,Mobile,Windows,Chrome,Active
DEV010038,Mobile,Android,Chrome,Active
DEV010039,Mobile,Android,Chrome,Active
DEV010040,Tablet,macOS,Edge,Active
DEV010041,Tablet,Android,Chrome,Active
DEV010042,Mobile,Windows,Safari,Active
DEV010043,Laptop,Windows,Chrome,Active
DEV010044,Mobile,Android,Firefox,Active
DEV010045,Mobile,iOS,Chrome,Active
DEV010046,Tablet,iOS,Edge,Active
DEV010047,Mobile,Android,Chrome,Active
DEV010048,Mobile,Android,Chrome,Active
DEV010049,Tablet,iOS,Safari,Active
DEV010050,Mobile,Android,Safari,Active
DEV010051,Laptop,Android,Safari,Active
DEV010052,Mobile,Windows,Edge,Active
DEV010053,Tablet,Windows,Chrome,Active
DEV010054,Laptop,macOS,Chrome,Active
DEV010055,Laptop,iOS,Chrome,Active
DEV010056,Mobile,Android,Chrome,Active
DEV010057,Mobile,Android,Safari,Inactive
DEV010058,Tablet,iOS,Chrome,Active
DEV010059,Mobile,Windows,Safari,Active
DEV010060,Mobile,Windows,Firefox,Active
DEV010061,Laptop,Android,Edge,Active
DEV010062,Tablet,Windows,Chrome,Inactive
DEV010063,Mobile,iOS,Chrome,Inactive
DEV010064,Mobile,Android,Firefox,Active
DEV010065,Mobile,Android,Safari,Active
DEV010066,Laptop,Android,Edge,Active
DEV010067,Mobile,iOS,Chrome,Active
DEV010068,Mobile,Android,Chrome,Active
DEV010069,Mobile,Android,Safari,Active
DEV010070,Mobile,Windows,Chrome,Active
DEV010071,Mobile,Android,Chrome,Active
DEV010072,Laptop,Android,Firefox,Active
DEV010073,Mobile,Windows,Chrome,Active
DEV010074,Mobile,Android,Edge,Active
DEV010075,Mobile,Android,Firefox,Active
DEV010076,Tablet,Windows,Chrome,Active
DEV010077,Mobile,Android,Chrome,Active
DEV010078,Mobile,iOS,Chrome,Active
DEV010079,Mobile,Windows,Firefox,Active
DEV010080,Laptop,macOS,Firefox,Active
DEV010081,Mobile,macOS,Edge,Active
DEV010082,Laptop,Android,Chrome,Active
DEV010083,Laptop,iOS,Chrome,Active
DEV010084,Mobile,Android,Edge,Active
DEV010085,Mobile,Android,Chrome,Active
DEV010086,Mobile,iOS,Chrome,Inactive
DEV010087,Tablet,iOS,Chrome,Active
DEV010088,Mobile,Android,Chrome,Active
DEV010089,Mobile,Windows,Safari,Active
DEV010090,Mobile,Android,Safari,Active
DEV010091,Mobile,iOS,Chrome,Active
DEV010092,Mobile,iOS,Chrome,Inactive
DEV010093,Mobile,Android,Chrome,Inactive
DEV010094,Tablet,macOS,Edge,Active
DEV010095,Mobile,Windows,Firefox,Active
DEV010096,Mobile,Windows,Safari,Active
DEV010097,Mobile,iOS,Chrome,Active
DEV010098,Mobile,Windows,Chrome,Active
DEV010099,Laptop,macOS,Edge,Active
DEV010100,Laptop,iOS,Chrome,Active
DEV010101,Mobile,Android,Chrome,Active
DEV010102,Mobile,iOS,Firefox,Active
DEV010103,Laptop,Android,Chrome,Active
DEV010104,Mobile,Windows,Firefox,Active
DEV010105,Mobile,macOS,Chrome,Active
DEV010106,Mobile,Android,Safari,Active
DEV010107,Mobile,Android,Safari,Active
DEV010108,Tablet,macOS,Chrome,Active
DEV010109,Mobile,Android,Safari,Active
DEV010110,Mobile,Android,Chrome,Active
DEV010111,Mobile,iOS,Chrome,Active
DEV010112,Laptop,Android,Chrome,Active
DEV010113,Mobile,iOS,Safari,Inactive
DEV010114,Mobile,Windows,Safari,Active
DEV010115,Mobile,iOS,Edge,Active
DEV010116,Mobile,Android,Chrome,Active
DEV010117,Mobile,Android,Chrome,Active
DEV010118,Laptop,Android,Chrome,Active
DEV010119,Mobile,Android,Safari,Active
DEV010120,Laptop,Android,Firefox,Active
DEV010121,Tablet,Windows,Safari,Active
DEV010122,Mobile,Android,Firefox,Active
DEV010123,Mobile,iOS,Safari,Active
DEV010124,Mobile,Android,Edge,Active
DEV010125,Tablet,iOS,Chrome,Active
DEV010126,Mobile,Android,Chrome,Active
DEV010127,Mobile,Android,Edge,Active
DEV010128,Tablet,iOS,Chrome,Active
DEV010129,Tablet,Android,Chrome,Active
DEV010130,Mobile,iOS,Firefox,Active
DEV010131,Mobile,iOS,Safari,Active
DEV010132,Laptop,Android,Chrome,Active
DEV010133,Mobile,iOS,Edge,Active
DEV010134,Mobile,Windows,Firefox,Active
DEV010135,Mobile,iOS,Chrome,Active
DEV010136,Mobile,Android,Edge,Active
DEV010137,Mobile,iOS,Chrome,Active
DEV010138,Mobile,Android,Firefox,Active
DEV010139,Mobile,Android,Safari,Active
DEV010140,Mobile,macOS,Chrome,Active
DEV010141,Tablet,iOS,Chrome,Active
DEV010142,Mobile,Android,Chrome,Active
DEV010143,Mobile,Windows,Chrome,Active
DEV010144,Mobile,Android,Firefox,Active
DEV010145,Tablet,macOS,Chrome,Active
DEV010146,Mobile,Android,Safari,Active
DEV010147,Mobile,Android,Chrome,Active
DEV010148,Mobile,iOS,Chrome,Active
DEV010149,Mobile,Android,Chrome,Active
DEV010150,Mobile,Android,Chrome,Active
DEV010151,Mobile,Android,Safari,Active
DEV010152,Tablet,Android,Chrome,Active
DEV010153,Mobile,Android,Chrome,Active
DEV010154,Mobile,iOS,Safari,Active
DEV010155,Mobile,iOS,Safari,Inactive
DEV010156,Mobile,Android,Chrome,Active
DEV010157,Mobile,Android,Chrome,Active
DEV010158,Mobile,Android,Chrome,Active
DEV010159,Mobile,macOS,Chrome,Active
DEV010160,Mobile,Android,Chrome,Active
DEV010161,Mobile,iOS,Chrome,Active
DEV010162,Mobile,Android,Chrome,Active
DEV010163,Laptop,Android,Chrome,Active
DEV010164,Mobile,Android,Edge,Active
DEV010165,Mobile,Android,Safari,Inactive
DEV010166,Mobile,Android,Firefox,Active
DEV010167,Mobile,Windows,Chrome,Active
DEV010168,Mobile,macOS,Chrome,Active
DEV010169,Tablet,Android,Chrome,Active
DEV010170,Mobile,Android,Chrome,Inactive
DEV010171,Mobile,macOS,Chrome,Active
DEV010172,Laptop,iOS,Safari,Active
DEV010173,Laptop,iOS,Chrome,Active
DEV010174,Mobile,macOS,Chrome,Active
DEV010175,Mobile,Android,Safari,Active
DEV010176,Laptop,Windows,Chrome,Active
DEV010177,Laptop,Android,Chrome,Active
DEV010178,Tablet,Android,Chrome,Active
DEV010179,Mobile,Android,Safari,Active
DEV010180,Mobile,iOS,Chrome,Active
DEV010181,Mobile,Android,Chrome,Active
DEV010182,Mobile,iOS,Safari,Active
DEV010183,Mobile,Android,Safari,Active
DEV010184,Mobile,iOS,Chrome,Active
DEV010185,Mobile,Android,Chrome,Active
DEV010186,Mobile,iOS,Chrome,Active
DEV010187,Laptop,Android,Chrome,Inactive
DEV010188,Mobile,macOS,Chrome,Active
DEV010189,Mobile,iOS,Chrome,Active
DEV010190,Mobile,Android,Firefox,Active
DEV010191,Mobile,Android,Chrome,Active
DEV010192,Mobile,Android,Chrome,Active
DEV010193,Mobile,Windows,Chrome,Active
DEV010194,Mobile,Android,Chrome,Active
DEV010195,Mobile,Android,Edge,Active
DEV010196,Mobile,macOS,Safari,Inactive
DEV010197,Laptop,Windows,Chrome,Active
DEV010198,Laptop,Android,Chrome,Active
DEV010199,Mobile,Android,Chrome,Active
DEV010200,Laptop,macOS,Chrome,Active
DEV010201,Mobile,Android,Chrome,Active
DEV010202,Mobile,macOS,Edge,Active
DEV010203,Mobile,macOS,Safari,Active
DEV010204,Mobile,iOS,Firefox,Active
DEV010205,Mobile,Windows,Chrome,Active
DEV010206,Mobile,Android,Safari,Active
DEV010207,Mobile,Android,Firefox,Active
DEV010208,Mobile,Android,Safari,Active
DEV010209,Laptop,Android,Chrome,Active
DEV010210,Mobile,Android,Firefox,Active
DEV010211,Laptop,Android,Chrome,Active
DEV010212,Mobile,Android,Chrome,Active
DEV010213,Mobile,iOS,Firefox,Active
DEV010214,Mobile,Android,Chrome,Active
DEV010215,Mobile,Android,Safari,Active
DEV010216,Mobile,Android,Safari,Active
DEV010217,Laptop,iOS,Chrome,Active
DEV010218,Mobile,Windows,Firefox,Active
DEV010219,Mobile,Android,Firefox,Active
DEV010220,Laptop,Android,Chrome,Active
DEV010221,Mobile,Android,Safari,Active
DEV010222,Laptop,Android,Edge,Active
DEV010223,Mobile,Android,Chrome,Active
DEV010224,Laptop,Android,Safari,Active
DEV010225,Mobile,Android,Edge,Inactive
DEV010226,Mobile,Android,Chrome,Active
DEV010227,Laptop,Android,Safari,Active
DEV010228,Tablet,iOS,Chrome,Active
DEV010229,Mobile,iOS,Chrome,Active
DEV010230,Mobile,iOS,Chrome,Active
DEV010231,Mobile,iOS,Firefox,Active
DEV010232,Mobile,iOS,Safari,Active
DEV010233,Mobile,iOS,Edge,Active
DEV010234,Mobile,Android,Firefox,Inactive
DEV010235,Mobile,macOS,Chrome,Active
DEV010236,Mobile,Windows,Firefox,Active
DEV010237,Mobile,Windows,Chrome,Active
DEV010238,Mobile,macOS,Chrome,Active
DEV010239,Tablet,Android,Chrome,Inactive
DEV010240,Mobile,Android,Safari,Active
DEV010241,Mobile,iOS,Chrome,Active
DEV010242,Tablet,iOS,Chrome,Active
DEV010243,Mobile,Android,Chrome,Active
DEV010244,Mobile,iOS,Chrome,Active
DEV010245,Laptop,Android,Chrome,Inactive
DEV010246,Laptop,Android,Safari,Active
DEV010247,Mobile,iOS,Chrome,Active
DEV010248,Mobile,iOS,Chrome,Active
DEV010249,Mobile,iOS,Chrome,Active
DEV010250,Mobile,macOS,Chrome,Active
DEV010251,Mobile,Windows,Chrome,Active
DEV010252,Mobile,Android,Chrome,Active
DEV010253,Laptop,Windows,Firefox,Active
DEV010254,Mobile,Android,Safari,Active
DEV010255,Mobile,iOS,Edge,Active
DEV010256,Mobile,iOS,Chrome,Inactive
DEV010257,Mobile,Android,Safari,Active
DEV010258,Mobile,macOS,Edge,Active
DEV010259,Mobile,Android,Chrome,Active
DEV010260,Mobile,macOS,Chrome,Active
DEV010261,Mobile,Android,Safari,Active
DEV010262,Mobile,Android,Edge,Inactive
DEV010263,Mobile,Android,Chrome,Active
DEV010264,Mobile,macOS,Chrome,Active
DEV010265,Mobile,Android,Edge,Active
DEV010266,Laptop,iOS,Chrome,Active
DEV010267,Tablet,Android,Chrome,Active
DEV010268,Laptop,Android,Chrome,Inactive
DEV010269,Mobile,Android,Chrome,Inactive
DEV010270,Mobile,Android,Edge,Active
DEV010271,Mobile,Android,Chrome,Active
DEV010272,Mobile,Android,Chrome,Active
DEV010273,Mobile,iOS,Chrome,Active
DEV010274,Mobile,iOS,Firefox,Active
DEV010275,Mobile,iOS,Chrome,Active
DEV010276,Laptop,Android,Chrome,Active
DEV010277,Mobile,Android,Safari,Active
DEV010278,Tablet,iOS,Chrome,Active
DEV010279,Mobile,iOS,Chrome,Inactive
DEV010280,Mobile,Android,Firefox,Inactive
DEV010281,Laptop,Android,Safari,Active
DEV010282,Mobile,iOS,Chrome,Active
DEV010283,Mobile,Android,Chrome,Active
DEV010284,Mobile,iOS,Chrome,Active
DEV010285,Mobile,iOS,Chrome,Active
DEV010286,Tablet,Android,Safari,Active
DEV010287,Laptop,iOS,Safari,Active
DEV010288,Mobile,iOS,Safari,Active
DEV010289,Mobile,Android,Firefox,Active
DEV010290,Mobile,macOS,Chrome,Active
DEV010291,Laptop,Android,Edge,Active
DEV010292,Mobile,Android,Safari,Active
DEV010293,Laptop,macOS,Safari,Active
DEV010294,Tablet,iOS,Chrome,Active
DEV010295,Mobile,macOS,Chrome,Active
DEV010296,Mobile,Android,Chrome,Active
DEV010297,Mobile,Android,Firefox,Active
DEV010298,Mobile,Android,Chrome,Active
DEV010299,Tablet,Android,Chrome,Active
DEV010300,Laptop,Android,Chrome,Active
DEV010301,Mobile,Android,Edge,Active
DEV010302,Mobile,Android,Chrome,Active
DEV010303,Mobile,iOS,Edge,Active
DEV010304,Laptop,Windows,Chrome,Inactive
DEV010305,Mobile,Windows,Chrome,Active
DEV010306,Mobile,Android,Safari,Active
DEV010307,Mobile,Android,Firefox,Active
DEV010308,Mobile,Android,Chrome,Active
DEV010309,Mobile,iOS,Safari,Active
DEV010310,Mobile,Android,Chrome,Inactive
DEV010311,Tablet,Android,Chrome,Inactive
DEV010312,Mobile,Android,Safari,Active
DEV010313,Mobile,iOS,Chrome,Active
DEV010314,Mobile,Windows,Chrome,Active
DEV010315,Tablet,macOS,Chrome,Active
DEV010316,Mobile,Windows,Chrome,Active
DEV010317,Laptop,macOS,Firefox,Active
DEV010318,Mobile,iOS,Chrome,Active
DEV010319,Mobile,macOS,Chrome,Active
DEV010320,Laptop,macOS,Chrome,Active
DEV010321,Mobile,iOS,Chrome,Active
DEV010322,Mobile,iOS,Chrome,Active
DEV010323,Mobile,Android,Edge,Active
DEV010324,Laptop,Android,Edge,Active
DEV010325,Mobile,Android,Firefox,Active
DEV010326,Laptop,macOS,Safari,Active
DEV010327,Mobile,Android,Chrome,Active
DEV010328,Laptop,iOS,Chrome,Inactive
DEV010329,Laptop,Android,Chrome,Active
DEV010330,Mobile,Android,Chrome,Active
DEV010331,Mobile,iOS,Chrome,Active
DEV010332,Mobile,Android,Chrome,Active
DEV010333,Mobile,Android,Edge,Active
DEV010334,Mobile,Android,Edge,Active
DEV010335,Tablet,Windows,Chrome,Active
DEV010336,Mobile,macOS,Chrome,Inactive
DEV010337,Mobile,Windows,Chrome,Active
DEV010338,Laptop,Android,Firefox,Active
DEV010339,Tablet,Android,Chrome,Active
DEV010340,Tablet,Android,Chrome,Inactive
DEV010341,Mobile,iOS,Safari,Active
DEV010342,Mobile,Android,Safari,Active
DEV010343,Mobile,iOS,Chrome,Inactive
DEV010344,Mobile,iOS,Chrome,Active
DEV010345,Laptop,Android,Edge,Active
DEV010346,Mobile,Android,Chrome,Active
DEV010347,Mobile,iOS,Firefox,Active
DEV010348,Tablet,Android,Chrome,Active
DEV010349,Mobile,Android,Firefox,Active
DEV010350,Mobile,Android,Firefox,Inactive
DEV010351,Mobile,iOS,Safari,Inactive
DEV010352,Laptop,iOS,Chrome,Active
DEV010353,Mobile,iOS,Firefox,Active
DEV010354,Mobile,Windows,Chrome,Active
DEV010355,Mobile,Android,Edge,Active
DEV010356,Mobile,Android,Chrome,Active
DEV010357,Mobile,Android,Firefox,Active
DEV010358,Mobile,Android,Chrome,Active
DEV010359,Laptop,iOS,Edge,Active
DEV010360,Mobile,Android,Firefox,Active
DEV010361,Mobile,Windows,Safari,Active
DEV010362,Tablet,Android,Chrome,Active
DEV010363,Mobile,iOS,Chrome,Active
DEV010364,Tablet,Windows,Safari,Active
DEV010365,Mobile,Android,Firefox,Active
DEV010366,Mobile,iOS,Chrome,Active
DEV010367,Mobile,Windows,Chrome,Inactive
DEV010368,Laptop,Android,Edge,Active
DEV010369,Tablet,macOS,Edge,Active
DEV010370,Laptop,Android,Chrome,Active
DEV010371,Mobile,Android,Chrome,Active
DEV010372,Mobile,iOS,Firefox,Active
DEV010373,Mobile,Android,Chrome,Active
DEV010374,Mobile,Android,Chrome,Active
DEV010375,Mobile,iOS,Safari,Active
DEV010376,Mobile,iOS,Chrome,Active
DEV010377,Laptop,iOS,Chrome,Active
DEV010378,Mobile,Windows,Chrome,Active
DEV010379,Mobile,iOS,Chrome,Active
DEV010380,Laptop,iOS,Chrome,Active
DEV010381,Laptop,Windows,Chrome,Active
DEV010382,Laptop,Android,Chrome,Inactive
DEV010383,Tablet,Windows,Chrome,Active
DEV010384,Mobile,Android,Chrome,Active
DEV010385,Laptop,iOS,Chrome,Active
DEV010386,Laptop,Android,Chrome,Active
DEV010387,Mobile,Android,Edge,Active
DEV010388,Mobile,Android,Edge,Active
DEV010389,Mobile,Android,Safari,Active
DEV010390,Mobile,Android,Edge,Active
DEV010391,Mobile,macOS,Edge,Active
DEV010392,Mobile,Android,Safari,Active
DEV010393,Mobile,Android,Firefox,Active
DEV010394,Mobile,Android,Chrome,Active
DEV010395,Laptop,Android,Chrome,Active
DEV010396,Tablet,Windows,Safari,Active
DEV010397,Laptop,iOS,Safari,Active
DEV010398,Mobile,Android,Chrome,Inactive
DEV010399,Laptop,Android,Chrome,Active
DEV010400,Laptop,iOS,Safari,Active
DEV010401,Mobile,iOS,Firefox,Active
DEV010402,Tablet,Android,Safari,Inactive
DEV010403,Mobile,Windows,Firefox,Inactive
DEV010404,Mobile,Android,Safari,Active
DEV010405,Mobile,macOS,Chrome,Active
DEV010406,Mobile,iOS,Firefox,Active
DEV010407,Mobile,Android,Chrome,Active
DEV010408,Mobile,iOS,Chrome,Inactive
DEV010409,Mobile,Android,Firefox,Active
DEV010410,Mobile,Android,Safari,Active
DEV010411,Mobile,Windows,Edge,Active
DEV010412,Mobile,iOS,Chrome,Inactive
DEV010413,Mobile,Windows,Chrome,Active
DEV010414,Mobile,Android,Safari,Active
DEV010415,Mobile,Windows,Safari,Active
DEV010416,Mobile,Android,Safari,Active
DEV010417,Mobile,iOS,Edge,Active
DEV010418,Mobile,Android,Chrome,Active
DEV010419,Laptop,iOS,Firefox,Active
DEV010420,Tablet,iOS,Chrome,Active
DEV010421,Mobile,Android,Chrome,Active
DEV010422,Laptop,iOS,Chrome,Active
DEV010423,Tablet,macOS,Chrome,Active
DEV010424,Mobile,Android,Chrome,Inactive
DEV010425,Mobile,Android,Edge,Active
DEV010426,Mobile,Android,Chrome,Active
DEV010427,Mobile,Windows,Chrome,Active
DEV010428,Laptop,iOS,Chrome,Active
DEV010429,Mobile,Android,Chrome,Inactive
DEV010430,Mobile,Android,Chrome,Active
DEV010431,Mobile,Windows,Safari,Active
DEV010432,Tablet,Android,Chrome,Active
DEV010433,Laptop,Android,Chrome,Active
DEV010434,Tablet,iOS,Chrome,Active
DEV010435,Mobile,Android,Chrome,Active
DEV010436,Mobile,Android,Edge,Active
DEV010437,Mobile,Android,Edge,Active
DEV010438,Tablet,iOS,Chrome,Active
DEV010439,Laptop,iOS,Chrome,Active
DEV010440,Mobile,Windows,Edge,Active
DEV010441,Tablet,Android,Chrome,Active
DEV010442,Mobile,Android,Chrome,Active
DEV010443,Laptop,iOS,Firefox,Active
DEV010444,Mobile,Windows,Chrome,Active
DEV010445,Tablet,Android,Firefox,Inactive
DEV010446,Mobile,iOS,Chrome,Inactive
DEV010447,Laptop,Android,Chrome,Active
DEV010448,Tablet,Android,Chrome,Active
DEV010449,Mobile,iOS,Chrome,Active
DEV010450,Tablet,Android,Chrome,Active
DEV010451,Mobile,Android,Edge,Active
DEV010452,Mobile,iOS,Chrome,Active
DEV010453,Mobile,Android,Chrome,Active
DEV010454,Mobile,Android,Edge,Active
DEV010455,Laptop,Android,Safari,Active
DEV010456,Mobile,Android,Chrome,Active
DEV010457,Mobile,Android,Firefox,Active
DEV010458,Mobile,Android,Chrome,Active
DEV010459,Mobile,Android,Chrome,Inactive
DEV010460,Mobile,Android,Chrome,Active
DEV010461,Laptop,Windows,Safari,Active
DEV010462,Mobile,Windows,Chrome,Active
DEV010463,Mobile,Windows,Edge,Active
DEV010464,Tablet,Android,Safari,Active
DEV010465,Mobile,Android,Edge,Active
DEV010466,Mobile,Android,Chrome,Active
DEV010467,Mobile,iOS,Chrome,Active
DEV010468,Mobile,Windows,Chrome,Active
DEV010469,Mobile,iOS,Edge,Active
DEV010470,Mobile,Windows,Chrome,Active
DEV010471,Mobile,macOS,Safari,Active
DEV010472,Mobile,iOS,Edge,Active
DEV010473,Mobile,Android,Safari,Active
DEV010474,Mobile,macOS,Chrome,Active
DEV010475,Laptop,Android,Chrome,Active
DEV010476,Mobile,Android,Chrome,Active
DEV010477,Mobile,Windows,Edge,Inactive
DEV010478,Laptop,Android,Chrome,Active
DEV010479,Mobile,Android,Chrome,Active
DEV010480,Laptop,Android,Chrome,Active
DEV010481,Mobile,Android,Chrome,Active
DEV010482,Mobile,Android,Chrome,Active
DEV010483,Tablet,Android,Chrome,Active
DEV010484,Mobile,Android,Chrome,Active
DEV010485,Mobile,iOS,Chrome,Active
DEV010486,Mobile,Android,Chrome,Active
DEV010487,Mobile,Android,Chrome,Active
DEV010488,Tablet,Android,Chrome,Active
DEV010489,Mobile,Windows,Safari,Active
DEV010490,Mobile,Android,Chrome,Active
DEV010491,Mobile,Android,Chrome,Active
DEV010492,Tablet,Android,Firefox,Active
DEV010493,Mobile,Android,Chrome,Active
DEV010494,Laptop,macOS,Chrome,Active
DEV010495,Mobile,macOS,Safari,Active
DEV010496,Mobile,Windows,Chrome,Active
DEV010497,Mobile,iOS,Chrome,Active
DEV010498,Mobile,Android,Edge,Active
DEV010499,Mobile,iOS,Chrome,Active
DEV010500,Mobile,iOS,Chrome,Active
DEV010501,Mobile,Android,Chrome,Active
DEV010502,Laptop,Android,Chrome,Active
DEV010503,Mobile,iOS,Firefox,Inactive
DEV010504,Mobile,iOS,Safari,Active
DEV010505,Mobile,iOS,Chrome,Active
DEV010506,Mobile,Android,Chrome,Active
DEV010507,Laptop,Android,Safari,Active
DEV010508,Mobile,Android,Chrome,Active
DEV010509,Laptop,Android,Safari,Active
DEV010510,Mobile,Android,Edge,Active
DEV010511,Mobile,Android,Chrome,Active
DEV010512,Laptop,Windows,Chrome,Active
DEV010513,Laptop,Windows,Chrome,Active
DEV010514,Mobile,macOS,Safari,Active
DEV010515,Mobile,macOS,Chrome,Active
DEV010516,Mobile,iOS,Safari,Active
DEV010517,Mobile,Android,Chrome,Active
DEV010518,Mobile,Windows,Chrome,Active
DEV010519,Mobile,iOS,Edge,Active
DEV010520,Mobile,macOS,Firefox,Active
DEV010521,Mobile,Android,Chrome,Inactive
DEV010522,Mobile,macOS,Chrome,Active
DEV010523,Mobile,iOS,Firefox,Active
DEV010524,Mobile,Android,Edge,Active
DEV010525,Laptop,iOS,Chrome,Active
DEV010526,Tablet,Android,Chrome,Active
DEV010527,Mobile,iOS,Chrome,Active
DEV010528,Laptop,Windows,Safari,Active
DEV010529,Mobile,Android,Safari,Active
DEV010530,Mobile,macOS,Edge,Active
DEV010531,Mobile,Android,Edge,Active
DEV010532,Mobile,iOS,Chrome,Active
DEV010533,Mobile,Android,Safari,Active
DEV010534,Mobile,Android,Chrome,Inactive
DEV010535,Mobile,Android,Chrome,Active
DEV010536,Mobile,Android,Edge,Active
DEV010537,Laptop,iOS,Chrome,Active
DEV010538,Tablet,Windows,Edge,Active
DEV010539,Mobile,iOS,Chrome,Inactive
DEV010540,Mobile,Windows,Chrome,Inactive
DEV010541,Mobile,Android,Chrome,Active
DEV010542,Mobile,Android,Chrome,Active
DEV010543,Mobile,Android,Chrome,Active
DEV010544,Mobile,Windows,Chrome,Active
DEV010545,Mobile,Windows,Edge,Active
DEV010546,Mobile,Android,Chrome,Active
DEV010547,Mobile,macOS,Chrome,Active
DEV010548,Mobile,Android,Chrome,Active
DEV010549,Mobile,Windows,Chrome,Active
DEV010550,Mobile,Android,Edge,Active
DEV010551,Mobile,macOS,Safari,Active
DEV010552,Mobile,macOS,Edge,Active
DEV010553,Mobile,Android,Chrome,Active
DEV010554,Mobile,Android,Safari,Inactive
DEV010555,Tablet,iOS,Chrome,Active
DEV010556,Laptop,Windows,Chrome,Inactive
DEV010557,Mobile,iOS,Chrome,Active
DEV010558,Mobile,Android,Safari,Active
DEV010559,Mobile,iOS,Chrome,Active
DEV010560,Mobile,Android,Edge,Active
DEV010561,Mobile,Android,Edge,Active
DEV010562,Tablet,Android,Chrome,Active
DEV010563,Laptop,Android,Chrome,Active
DEV010564,Mobile,Android,Chrome,Active
DEV010565,Mobile,Android,Chrome,Active
DEV010566,Mobile,Android,Chrome,Active
DEV010567,Mobile,Android,Edge,Active
DEV010568,Laptop,Android,Firefox,Active
DEV010569,Laptop,iOS,Chrome,Inactive
DEV010570,Laptop,macOS,Chrome,Active
DEV010571,Mobile,macOS,Chrome,Active
DEV010572,Laptop,Android,Chrome,Active
DEV010573,Laptop,Android,Chrome,Active
DEV010574,Mobile,Android,Chrome,Active
DEV010575,Tablet,Windows,Chrome,Active
DEV010576,Mobile,iOS,Safari,Active
DEV010577,Mobile,Android,Chrome,Active
DEV010578,Mobile,Android,Chrome,Active
DEV010579,Mobile,Android,Edge,Active
DEV010580,Laptop,macOS,Chrome,Inactive
DEV010581,Mobile,macOS,Chrome,Active
DEV010582,Mobile,iOS,Edge,Active
DEV010583,Mobile,macOS,Chrome,Active
DEV010584,Mobile,iOS,Chrome,Inactive
DEV010585,Mobile,Android,Edge,Active
DEV010586,Mobile,macOS,Chrome,Active
DEV010587,Mobile,Android,Chrome,Active
DEV010588,Mobile,Android,Safari,Active
DEV010589,Tablet,Android,Chrome,Inactive
DEV010590,Mobile,Windows,Safari,Inactive
DEV010591,Laptop,Windows,Chrome,Inactive
DEV010592,Mobile,macOS,Firefox,Active
DEV010593,Tablet,Windows,Safari,Active
DEV010594,Laptop,Android,Edge,Active
DEV010595,Tablet,iOS,Chrome,Active
DEV010596,Tablet,iOS,Chrome,Active
DEV010597,Mobile,iOS,Chrome,Active
DEV010598,Mobile,Windows,Chrome,Active
DEV010599,Laptop,Android,Chrome,Active
DEV010600,Tablet,Android,Firefox,Active
DEV010601,Laptop,Android,Firefox,Active
DEV010602,Tablet,Android,Edge,Active
DEV010603,Tablet,macOS,Chrome,Active
DEV010604,Mobile,iOS,Edge,Active
DEV010605,Mobile,Android,Edge,Active
DEV010606,Mobile,macOS,Safari,Inactive
DEV010607,Mobile,iOS,Chrome,Active
DEV010608,Mobile,iOS,Chrome,Active
DEV010609,Mobile,Android,Firefox,Active
DEV010610,Mobile,iOS,Chrome,Active
DEV010611,Mobile,macOS,Chrome,Active
DEV010612,Mobile,Windows,Chrome,Active
DEV010613,Mobile,iOS,Edge,Active
DEV010614,Mobile,macOS,Edge,Active
DEV010615,Laptop,Android,Chrome,Inactive
DEV010616,Mobile,iOS,Chrome,Active
DEV010617,Mobile,Android,Chrome,Active
DEV010618,Laptop,macOS,Chrome,Active
DEV010619,Mobile,Android,Firefox,Active
DEV010620,Tablet,macOS,Edge,Active
DEV010621,Mobile,iOS,Chrome,Active
DEV010622,Mobile,Android,Firefox,Active
DEV010623,Tablet,iOS,Chrome,Active
DEV010624,Mobile,Android,Edge,Active
DEV010625,Mobile,Android,Firefox,Active
DEV010626,Mobile,Android,Chrome,Active
DEV010627,Mobile,Android,Chrome,Active
DEV010628,Mobile,Android,Chrome,Active
DEV010629,Mobile,iOS,Chrome,Active
DEV010630,Mobile,Android,Chrome,Active
DEV010631,Mobile,Windows,Chrome,Active
DEV010632,Mobile,iOS,Safari,Active
DEV010633,Mobile,iOS,Chrome,Active
DEV010634,Mobile,macOS,Safari,Active
DEV010635,Mobile,Android,Chrome,Active
DEV010636,Mobile,iOS,Chrome,Active
DEV010637,Mobile,Windows,Edge,Active
DEV010638,Mobile,Android,Edge,Active
DEV010639,Mobile,Android,Chrome,Active
DEV010640,Mobile,Android,Chrome,Active
DEV010641,Mobile,Android,Chrome,Active
DEV010642,Mobile,Android,Edge,Active
DEV010643,Mobile,iOS,Firefox,Active
DEV010644,Mobile,iOS,Chrome,Active
DEV010645,Mobile,Windows,Safari,Active
DEV010646,Laptop,Android,Edge,Active
DEV010647,Mobile,Android,Safari,Active
DEV010648,Mobile,iOS,Chrome,Active
DEV010649,Mobile,Android,Safari,Active
DEV010650,Laptop,iOS,Chrome,Active
DEV010651,Mobile,macOS,Firefox,Active
DEV010652,Mobile,iOS,Chrome,Active
DEV010653,Mobile,Windows,Chrome,Active
DEV010654,Mobile,Android,Safari,Active
DEV010655,Laptop,iOS,Chrome,Inactive
DEV010656,Mobile,Windows,Safari,Active
DEV010657,Mobile,Windows,Chrome,Active
DEV010658,Mobile,Android,Chrome,Active
DEV010659,Mobile,macOS,Firefox,Active
DEV010660,Mobile,Android,Safari,Active
DEV010661,Laptop,Android,Firefox,Active
DEV010662,Mobile,iOS,Safari,Inactive
DEV010663,Laptop,Android,Safari,Active
DEV010664,Mobile,Windows,Chrome,Active
DEV010665,Mobile,macOS,Edge,Active
DEV010666,Mobile,Windows,Chrome,Active
DEV010667,Laptop,Android,Chrome,Active
DEV010668,Mobile,Android,Chrome,Active
DEV010669,Mobile,iOS,Chrome,Active
DEV010670,Mobile,Android,Chrome,Active
DEV010671,Mobile,Android,Chrome,Active
DEV010672,Mobile,iOS,Edge,Active
DEV010673,Tablet,iOS,Chrome,Active
DEV010674,Mobile,Android,Chrome,Active
DEV010675,Mobile,Android,Chrome,Active
DEV010676,Laptop,Android,Chrome,Inactive
DEV010677,Laptop,Windows,Edge,Active
DEV010678,Mobile,Android,Safari,Active
DEV010679,Mobile,Android,Edge,Active
DEV010680,Laptop,Android,Edge,Active
DEV010681,Mobile,Android,Safari,Active
DEV010682,Mobile,macOS,Safari,Active
DEV010683,Tablet,Android,Chrome,Active
DEV010684,Mobile,Android,Chrome,Active
DEV010685,Mobile,iOS,Edge,Active
DEV010686,Mobile,Android,Firefox,Active
DEV010687,Mobile,Windows,Edge,Inactive
DEV010688,Tablet,Android,Chrome,Active
DEV010689,Mobile,iOS,Firefox,Inactive
DEV010690,Mobile,Android,Chrome,Active
DEV010691,Mobile,Android,Chrome,Active
DEV010692,Laptop,Android,Chrome,Active
DEV010693,Mobile,macOS,Chrome,Active
DEV010694,Mobile,macOS,Safari,Active
DEV010695,Mobile,Windows,Safari,Inactive
DEV010696,Laptop,Android,Edge,Active
DEV010697,Tablet,macOS,Edge,Active
DEV010698,Mobile,macOS,Edge,Active
DEV010699,Laptop,Android,Chrome,Active
DEV010700,Tablet,iOS,Firefox,Active
DEV010701,Mobile,Android,Chrome,Active
DEV010702,Mobile,iOS,Chrome,Inactive
DEV010703,Laptop,iOS,Chrome,Active
DEV010704,Mobile,Android,Edge,Active
DEV010705,Tablet,iOS,Safari,Active
DEV010706,Mobile,Windows,Safari,Active
DEV010707,Mobile,Windows,Safari,Active
DEV010708,Tablet,Android,Safari,Active
DEV010709,Mobile,Android,Chrome,Active
DEV010710,Mobile,Android,Chrome,Active
DEV010711,Mobile,Android,Chrome,Active
DEV010712,Mobile,macOS,Chrome,Active
DEV010713,Mobile,iOS,Firefox,Active
DEV010714,Mobile,Android,Chrome,Active
DEV010715,Mobile,iOS,Chrome,Active
DEV010716,Mobile,Android,Chrome,Active
DEV010717,Laptop,Android,Edge,Active
DEV010718,Mobile,Android,Edge,Inactive
DEV010719,Tablet,Windows,Edge,Active
DEV010720,Mobile,Android,Chrome,Active
DEV010721,Mobile,Android,Safari,Active
DEV010722,Mobile,Android,Chrome,Active
DEV010723,Laptop,Windows,Edge,Inactive
DEV010724,Laptop,Android,Chrome,Inactive
DEV010725,Laptop,macOS,Edge,Active
DEV010726,Laptop,Android,Safari,Active
DEV010727,Mobile,macOS,Chrome,Inactive
DEV010728,Mobile,Android,Safari,Active
DEV010729,Mobile,macOS,Firefox,Active
DEV010730,Tablet,iOS,Firefox,Active
DEV010731,Mobile,Android,Chrome,Inactive
DEV010732,Mobile,Android,Edge,Active
DEV010733,Mobile,Android,Chrome,Active
DEV010734,Laptop,Android,Chrome,Active
DEV010735,Mobile,Android,Chrome,Active
DEV010736,Mobile,Android,Chrome,Inactive
DEV010737,Mobile,Windows,Chrome,Active
DEV010738,Mobile,Android,Chrome,Active
DEV010739,Mobile,Android,Chrome,Active
DEV010740,Mobile,macOS,Firefox,Inactive
DEV010741,Mobile,Android,Safari,Active
DEV010742,Mobile,Windows,Edge,Active
DEV010743,Laptop,Windows,Chrome,Active
DEV010744,Tablet,iOS,Chrome,Active
DEV010745,Mobile,iOS,Chrome,Active
DEV010746,Mobile,Android,Chrome,Active
DEV010747,Mobile,Android,Firefox,Active
DEV010748,Mobile,Android,Chrome,Active
DEV010749,Mobile,iOS,Safari,Active
DEV010750,Mobile,Android,Edge,Active
DEV010751,Mobile,Windows,Chrome,Active
DEV010752,Mobile,iOS,Safari,Active
DEV010753,Mobile,iOS,Chrome,Active
DEV010754,Mobile,iOS,Edge,Active
DEV010755,Mobile,iOS,Safari,Active
DEV010756,Mobile,Windows,Firefox,Active
DEV010757,Mobile,Android,Chrome,Active
DEV010758,Mobile,Android,Chrome,Active
DEV010759,Mobile,Windows,Chrome,Active
DEV010760,Mobile,iOS,Edge,Active
DEV010761,Mobile,macOS,Chrome,Active
DEV010762,Mobile,Android,Chrome,Active
DEV010763,Mobile,Android,Chrome,Active
DEV010764,Laptop,macOS,Chrome,Active
DEV010765,Mobile,Android,Chrome,Active
DEV010766,Laptop,iOS,Edge,Active
DEV010767,Mobile,iOS,Firefox,Inactive
DEV010768,Mobile,Android,Chrome,Active
DEV010769,Laptop,iOS,Safari,Active
DEV010770,Mobile,Android,Edge,Active
DEV010771,Mobile,Android,Edge,Active
DEV010772,Mobile,iOS,Safari,Active
DEV010773,Mobile,Android,Chrome,Active
DEV010774,Mobile,iOS,Firefox,Active
DEV010775,Laptop,iOS,Chrome,Active
DEV010776,Mobile,Android,Firefox,Active
DEV010777,Mobile,Android,Safari,Active
DEV010778,Mobile,Android,Safari,Active
DEV010779,Mobile,Android,Chrome,Active
DEV010780,Mobile,Android,Chrome,Active
DEV010781,Laptop,iOS,Firefox,Active
DEV010782,Mobile,iOS,Chrome,Active
DEV010783,Mobile,Android,Chrome,Active
DEV010784,Mobile,iOS,Chrome,Active
DEV010785,Tablet,Windows,Safari,Active
DEV010786,Mobile,Android,Chrome,Active
DEV010787,Mobile,Windows,Edge,Inactive
DEV010788,Mobile,macOS,Chrome,Inactive
DEV010789,Tablet,iOS,Edge,Inactive
DEV010790,Tablet,macOS,Chrome,Active
DEV010791,Laptop,iOS,Firefox,Active
DEV010792,Mobile,Android,Chrome,Active
DEV010793,Laptop,Windows,Chrome,Active
DEV010794,Mobile,iOS,Chrome,Active
DEV010795,Laptop,iOS,Safari,Active
DEV010796,Laptop,iOS,Chrome,Active
DEV010797,Mobile,Android,Chrome,Active
DEV010798,Laptop,Android,Chrome,Active
DEV010799,Mobile,Android,Chrome,Active
DEV010800,Mobile,macOS,Chrome,Active
DEV010801,Mobile,Android,Chrome,Active
DEV010802,Tablet,Android,Chrome,Active
DEV010803,Mobile,Android,Chrome,Active
DEV010804,Tablet,macOS,Edge,Active
DEV010805,Tablet,Android,Chrome,Active
DEV010806,Mobile,Android,Edge,Active
DEV010807,Mobile,Android,Edge,Active
DEV010808,Mobile,Android,Chrome,Active
DEV010809,Mobile,Android,Safari,Active
DEV010810,Laptop,Android,Safari,Active
DEV010811,Mobile,iOS,Firefox,Active
DEV010812,Laptop,Android,Chrome,Active
DEV010813,Laptop,macOS,Chrome,Active
DEV010814,Mobile,Android,Chrome,Active
DEV010815,Laptop,Android,Firefox,Active
DEV010816,Mobile,Windows,Safari,Active
DEV010817,Mobile,Android,Chrome,Inactive
DEV010818,Laptop,Windows,Chrome,Active
DEV010819,Tablet,iOS,Safari,Active
DEV010820,Laptop,Android,Chrome,Active
DEV010821,Mobile,iOS,Chrome,Active
DEV010822,Mobile,macOS,Firefox,Inactive
DEV010823,Mobile,iOS,Edge,Active
DEV010824,Mobile,Windows,Safari,Active
DEV010825,Tablet,Android,Chrome,Active
DEV010826,Laptop,macOS,Chrome,Active
DEV010827,Laptop,iOS,Safari,Active
DEV010828,Mobile,Android,Chrome,Active
DEV010829,Mobile,iOS,Safari,Inactive
DEV010830,Mobile,Android,Safari,Active
DEV010831,Tablet,Android,Safari,Active
DEV010832,Laptop,iOS,Chrome,Active
DEV010833,Mobile,Android,Chrome,Active
DEV010834,Laptop,Android,Chrome,Active
DEV010835,Tablet,Android,Edge,Active
DEV010836,Mobile,Android,Firefox,Active
DEV010837,Laptop,Windows,Chrome,Active
DEV010838,Laptop,Windows,Safari,Active
DEV010839,Mobile,macOS,Safari,Active
DEV010840,Tablet,Android,Chrome,Active
DEV010841,Mobile,iOS,Chrome,Inactive
DEV010842,Mobile,Android,Chrome,Active
DEV010843,Laptop,iOS,Chrome,Active
DEV010844,Mobile,macOS,Chrome,Active
DEV010845,Mobile,iOS,Safari,Active
DEV010846,Mobile,macOS,Chrome,Active
DEV010847,Tablet,Android,Chrome,Active
DEV010848,Mobile,iOS,Chrome,Active
DEV010849,Laptop,Android,Chrome,Active
DEV010850,Laptop,Windows,Chrome,Active
DEV010851,Mobile,Windows,Edge,Active
DEV010852,Laptop,Android,Chrome,Active
DEV010853,Mobile,Android,Chrome,Active
DEV010854,Tablet,Android,Safari,Active
DEV010855,Mobile,Windows,Chrome,Active
DEV010856,Mobile,Windows,Chrome,Active
DEV010857,Laptop,Android,Edge,Active
DEV010858,Mobile,Android,Safari,Active
DEV010859,Mobile,macOS,Chrome,Active
DEV010860,Mobile,Android,Safari,Active
DEV010861,Mobile,macOS,Chrome,Active
DEV010862,Tablet,Android,Safari,Inactive
DEV010863,Mobile,Android,Chrome,Active
DEV010864,Mobile,Android,Edge,Active
DEV010865,Mobile,Android,Chrome,Active
DEV010866,Mobile,Android,Chrome,Active
DEV010867,Mobile,iOS,Chrome,Active
DEV010868,Laptop,iOS,Chrome,Active
DEV010869,Mobile,Android,Chrome,Active
DEV010870,Mobile,iOS,Edge,Active
DEV010871,Mobile,iOS,Safari,Active
DEV010872,Mobile,Android,Edge,Active
DEV010873,Mobile,Android,Chrome,Inactive
DEV010874,Mobile,Android,Firefox,Active
DEV010875,Laptop,Windows,Chrome,Active
DEV010876,Laptop,Android,Chrome,Active
DEV010877,Mobile,Android,Chrome,Active
DEV010878,Laptop,Android,Chrome,Active
DEV010879,Laptop,iOS,Chrome,Active
DEV010880,Laptop,iOS,Safari,Active
DEV010881,Laptop,Android,Chrome,Inactive
DEV010882,Mobile,Android,Edge,Active
DEV010883,Tablet,Windows,Chrome,Active
DEV010884,Laptop,macOS,Chrome,Active
DEV010885,Mobile,macOS,Chrome,Active
DEV010886,Tablet,macOS,Chrome,Active
DEV010887,Tablet,macOS,Chrome,Active
DEV010888,Tablet,iOS,Chrome,Active
DEV010889,Mobile,iOS,Chrome,Active
DEV010890,Mobile,iOS,Edge,Active
DEV010891,Mobile,Android,Chrome,Active
DEV010892,Laptop,Android,Chrome,Active
DEV010893,Mobile,iOS,Chrome,Active
DEV010894,Laptop,macOS,Edge,Active
DEV010895,Tablet,Android,Edge,Active
DEV010896,Mobile,Android,Chrome,Inactive
DEV010897,Mobile,Android,Chrome,Inactive
DEV010898,Mobile,Android,Chrome,Inactive
DEV010899,Laptop,iOS,Chrome,Active
DEV010900,Mobile,iOS,Chrome,Active
DEV010901,Laptop,iOS,Chrome,Active
DEV010902,Laptop,Windows,Chrome,Active
DEV010903,Mobile,Android,Chrome,Active
DEV010904,Mobile,Android,Chrome,Active
DEV010905,Mobile,Android,Chrome,Active
DEV010906,Tablet,Windows,Safari,Active
DEV010907,Mobile,Android,Edge,Active
DEV010908,Mobile,Android,Chrome,Active
DEV010909,Laptop,iOS,Chrome,Active
DEV010910,Mobile,macOS,Safari,Active
DEV010911,Tablet,Android,Chrome,Active
DEV010912,Laptop,iOS,Chrome,Active
DEV010913,Mobile,iOS,Safari,Active
DEV010914,Mobile,Android,Chrome,Active
DEV010915,Mobile,macOS,Safari,Active
DEV010916,Mobile,Android,Edge,Active
DEV010917,Mobile,iOS,Chrome,Active
DEV010918,Tablet,Android,Safari,Active
DEV010919,Laptop,Android,Safari,Active
DEV010920,Mobile,Android,Chrome,Active
DEV010921,Mobile,Android,Chrome,Active
DEV010922,Mobile,iOS,Safari,Active
DEV010923,Laptop,iOS,Chrome,Active
DEV010924,Mobile,iOS,Chrome,Active
DEV010925,Mobile,iOS,Edge,Active
DEV010926,Mobile,Android,Chrome,Active
DEV010927,Laptop,Android,Chrome,Active
DEV010928,Tablet,Android,Safari,Active
DEV010929,Mobile,Android,Chrome,Active
DEV010930,Mobile,macOS,Chrome,Active
DEV010931,Mobile,Android,Safari,Active
DEV010932,Mobile,Windows,Edge,Active
DEV010933,Mobile,Windows,Safari,Active
DEV010934,Mobile,Android,Safari,Active
DEV010935,Mobile,macOS,Chrome,Active
DEV010936,Tablet,iOS,Edge,Active
DEV010937,Laptop,iOS,Chrome,Inactive
DEV010938,Mobile,Android,Safari,Inactive
DEV010939,Tablet,Android,Chrome,Active
DEV010940,Laptop,iOS,Chrome,Active
DEV010941,Mobile,Android,Edge,Active
DEV010942,Mobile,Windows,Chrome,Active
DEV010943,Mobile,Android,Chrome,Active
DEV010944,Laptop,iOS,Edge,Active
DEV010945,Tablet,Android,Chrome,Active
DEV010946,Mobile,Android,Chrome,Active
DEV010947,Tablet,iOS,Chrome,Active
DEV010948,Mobile,Android,Chrome,Active
DEV010949,Tablet,Android,Chrome,Active
DEV010950,Laptop,Android,Chrome,Active
DEV010951,Mobile,Android,Chrome,Active
DEV010952,Mobile,iOS,Safari,Active
DEV010953,Laptop,Android,Edge,Active
DEV010954,Laptop,Android,Safari,Inactive
DEV010955,Mobile,iOS,Safari,Active
DEV010956,Laptop,Android,Edge,Active
DEV010957,Laptop,Android,Safari,Active
DEV010958,Mobile,Android,Safari,Active
DEV010959,Laptop,iOS,Chrome,Inactive
DEV010960,Mobile,iOS,Chrome,Active
DEV010961,Mobile,Android,Chrome,Active
DEV010962,Mobile,Android,Safari,Inactive
DEV010963,Mobile,iOS,Edge,Active
DEV010964,Mobile,macOS,Edge,Active
DEV010965,Mobile,Android,Chrome,Active
DEV010966,Mobile,Windows,Edge,Active
DEV010967,Mobile,Windows,Safari,Active
DEV010968,Tablet,Android,Chrome,Inactive
DEV010969,Mobile,iOS,Chrome,Active
DEV010970,Tablet,Android,Chrome,Active
DEV010971,Mobile,iOS,Safari,Active
DEV010972,Mobile,Windows,Firefox,Active
DEV010973,Mobile,Android,Edge,Active
DEV010974,Tablet,Android,Chrome,Active
DEV010975,Mobile,Android,Chrome,Active
DEV010976,Mobile,Android,Chrome,Active
DEV010977,Mobile,iOS,Chrome,Active
DEV010978,Laptop,Android,Chrome,Active
DEV010979,Laptop,Windows,Firefox,Active
DEV010980,Mobile,Android,Chrome,Active
DEV010981,Laptop,Android,Chrome,Active
DEV010982,Mobile,Android,Chrome,Active
DEV010983,Mobile,Android,Chrome,Active
DEV010984,Laptop,Android,Chrome,Active
DEV010985,Mobile,macOS,Safari,Active
DEV010986,Laptop,Windows,Chrome,Active
DEV010987,Mobile,iOS,Chrome,Active
DEV010988,Mobile,Android,Safari,Active
DEV010989,Mobile,iOS,Firefox,Active
DEV010990,Mobile,Android,Chrome,Inactive
DEV010991,Mobile,iOS,Edge,Active
DEV010992,Mobile,Android,Firefox,Active
DEV010993,Mobile,iOS,Edge,Inactive
DEV010994,Mobile,iOS,Safari,Active
DEV010995,Mobile,iOS,Safari,Active
DEV010996,Laptop,iOS,Chrome,Active
DEV010997,Mobile,Android,Chrome,Active
DEV010998,Mobile,macOS,Chrome,Active
DEV010999,Mobile,Windows,Chrome,Active
DEV011000,Mobile,Windows,Safari,Active
DEV011001,Laptop,Android,Safari,Active
DEV011002,Mobile,Windows,Chrome,Active
DEV011003,Laptop,Android,Safari,Inactive
DEV011004,Tablet,Android,Safari,Active
DEV011005,Laptop,Windows,Edge,Active
DEV011006,Mobile,iOS,Chrome,Active
DEV011007,Laptop,iOS,Chrome,Active
DEV011008,Mobile,Android,Firefox,Active
DEV011009,Laptop,Android,Edge,Active
DEV011010,Mobile,iOS,Chrome,Active
DEV011011,Mobile,macOS,Firefox,Active
DEV011012,Laptop,iOS,Chrome,Active
DEV011013,Tablet,Android,Chrome,Active
DEV011014,Laptop,Android,Chrome,Active
DEV011015,Tablet,iOS,Chrome,Active
DEV011016,Laptop,Android,Edge,Active
DEV011017,Tablet,iOS,Chrome,Active
DEV011018,Laptop,Android,Chrome,Active
DEV011019,Mobile,Windows,Chrome,Active
DEV011020,Mobile,iOS,Chrome,Active
DEV011021,Mobile,iOS,Safari,Inactive
DEV011022,Mobile,iOS,Chrome,Active
DEV011023,Mobile,Android,Chrome,Inactive
DEV011024,Mobile,Windows,Firefox,Inactive
DEV011025,Mobile,Android,Chrome,Active
DEV011026,Mobile,macOS,Chrome,Active
DEV011027,Mobile,Windows,Chrome,Active
DEV011028,Mobile,iOS,Edge,Active
DEV011029,Laptop,Android,Chrome,Active
DEV011030,Laptop,Android,Chrome,Active
DEV011031,Mobile,iOS,Chrome,Active
DEV011032,Laptop,Windows,Safari,Active
DEV011033,Mobile,Android,Safari,Active
DEV011034,Mobile,Android,Edge,Active
DEV011035,Laptop,Windows,Firefox,Active
DEV011036,Mobile,macOS,Chrome,Active
DEV011037,Laptop,Android,Chrome,Active
DEV011038,Mobile,iOS,Chrome,Active
DEV011039,Tablet,iOS,Edge,Active
DEV011040,Laptop,Windows,Safari,Active
DEV011041,Mobile,iOS,Chrome,Active
DEV011042,Mobile,Android,Edge,Active
DEV011043,Mobile,macOS,Chrome,Inactive
DEV011044,Laptop,Android,Edge,Active
DEV011045,Mobile,Windows,Edge,Inactive
DEV011046,Laptop,Windows,Safari,Active
DEV011047,Mobile,Android,Safari,Inactive
DEV011048,Laptop,iOS,Chrome,Active
DEV011049,Mobile,Android,Firefox,Active
DEV011050,Tablet,Android,Chrome,Active
DEV011051,Mobile,iOS,Safari,Active
DEV011052,Mobile,Android,Chrome,Active
DEV011053,Laptop,Android,Safari,Active
DEV011054,Laptop,Android,Safari,Active
DEV011055,Laptop,iOS,Chrome,Active
DEV011056,Tablet,Android,Edge,Active
DEV011057,Mobile,Windows,Edge,Inactive
DEV011058,Mobile,Windows,Chrome,Active
DEV011059,Tablet,Android,Chrome,Active
DEV011060,Mobile,Android,Chrome,Active
DEV011061,Mobile,Android,Edge,Active
DEV011062,Mobile,Android,Edge,Active
DEV011063,Mobile,macOS,Safari,Active
DEV011064,Mobile,Windows,Chrome,Active
DEV011065,Mobile,Android,Chrome,Active
DEV011066,Mobile,Windows,Edge,Active
DEV011067,Mobile,iOS,Chrome,Active
DEV011068,Tablet,iOS,Chrome,Active
DEV011069,Mobile,Android,Edge,Inactive
DEV011070,Mobile,Android,Safari,Active
DEV011071,Mobile,Android,Firefox,Active
DEV011072,Mobile,Android,Edge,Active
DEV011073,Laptop,iOS,Chrome,Active
DEV011074,Mobile,Android,Chrome,Active
DEV011075,Laptop,Windows,Safari,Active
DEV011076,Tablet,Windows,Safari,Inactive
DEV011077,Laptop,iOS,Safari,Active
DEV011078,Mobile,Android,Chrome,Active
DEV011079,Mobile,iOS,Firefox,Active
DEV011080,Mobile,macOS,Edge,Inactive
DEV011081,Mobile,Android,Safari,Inactive
DEV011082,Laptop,Android,Safari,Active
DEV011083,Mobile,Android,Edge,Active
DEV011084,Mobile,Windows,Firefox,Inactive
DEV011085,Mobile,Android,Firefox,Active
DEV011086,Mobile,Android,Chrome,Active
DEV011087,Mobile,Windows,Chrome,Active
DEV011088,Tablet,iOS,Chrome,Active
DEV011089,Mobile,Android,Safari,Inactive
DEV011090,Mobile,Android,Edge,Active
DEV011091,Tablet,Android,Firefox,Active
DEV011092,Laptop,Android,Chrome,Active
DEV011093,Mobile,iOS,Edge,Active
DEV011094,Mobile,iOS,Chrome,Active
DEV011095,Mobile,Android,Chrome,Active
DEV011096,Mobile,Android,Chrome,Active
DEV011097,Mobile,Android,Firefox,Inactive
DEV011098,Mobile,Windows,Edge,Inactive
DEV011099,Laptop,Android,Safari,Active
DEV011100,Mobile,Android,Chrome,Active
DEV011101,Mobile,iOS,Chrome,Active
DEV011102,Laptop,Android,Edge,Active
DEV011103,Mobile,iOS,Safari,Active
DEV011104,Mobile,iOS,Firefox,Active
DEV011105,Mobile,Android,Firefox,Active
DEV011106,Tablet,iOS,Chrome,Active
DEV011107,Tablet,Android,Edge,Active
DEV011108,Mobile,Android,Safari,Active
DEV011109,Laptop,Android,Edge,Active
DEV011110,Tablet,Windows,Edge,Active
DEV011111,Tablet,Android,Chrome,Active
DEV011112,Laptop,iOS,Chrome,Active
DEV011113,Mobile,Android,Chrome,Active
DEV011114,Mobile,Android,Chrome,Active
DEV011115,Mobile,Android,Safari,Active
DEV011116,Mobile,iOS,Edge,Active
DEV011117,Mobile,Android,Safari,Active
DEV011118,Mobile,Windows,Chrome,Inactive
DEV011119,Mobile,iOS,Firefox,Active
DEV011120,Laptop,iOS,Safari,Active
DEV011121,Mobile,Android,Edge,Active
DEV011122,Mobile,Android,Chrome,Active
DEV011123,Laptop,Android,Edge,Active
DEV011124,Mobile,iOS,Safari,Inactive
DEV011125,Laptop,Android,Safari,Active
DEV011126,Mobile,iOS,Chrome,Active
DEV011127,Mobile,Android,Chrome,Active
DEV011128,Tablet,Android,Safari,Active
DEV011129,Mobile,Android,Chrome,Active
DEV011130,Mobile,iOS,Chrome,Active
DEV011131,Mobile,macOS,Chrome,Active
DEV011132,Laptop,Android,Safari,Active
DEV011133,Mobile,Android,Chrome,Active
DEV011134,Mobile,Windows,Chrome,Active
DEV011135,Mobile,iOS,Firefox,Inactive
DEV011136,Tablet,iOS,Chrome,Active
DEV011137,Laptop,Android,Chrome,Active
DEV011138,Mobile,Android,Edge,Active
DEV011139,Mobile,iOS,Firefox,Active
DEV011140,Laptop,iOS,Firefox,Active
DEV011141,Mobile,Android,Edge,Active
DEV011142,Mobile,iOS,Firefox,Active
DEV011143,Laptop,Android,Edge,Active
DEV011144,Mobile,Android,Chrome,Active
DEV011145,Mobile,macOS,Safari,Active
DEV011146,Mobile,Android,Chrome,Active
DEV011147,Laptop,Android,Chrome,Active
DEV011148,Tablet,Android,Chrome,Active
DEV011149,Laptop,Windows,Safari,Inactive
DEV011150,Mobile,Android,Chrome,Active
DEV011151,Mobile,Android,Firefox,Active
DEV011152,Mobile,Android,Chrome,Active
DEV011153,Mobile,iOS,Chrome,Active
DEV011154,Mobile,Android,Edge,Active
DEV011155,Mobile,macOS,Safari,Active
DEV011156,Laptop,Android,Chrome,Active
DEV011157,Mobile,Android,Chrome,Active
DEV011158,Mobile,Windows,Safari,Active
DEV011159,Mobile,Windows,Safari,Active
DEV011160,Mobile,iOS,Edge,Active
DEV011161,Mobile,Android,Edge,Active
DEV011162,Mobile,Android,Safari,Active
DEV011163,Mobile,Android,Chrome,Active
DEV011164,Mobile,Android,Chrome,Active
DEV011165,Laptop,Android,Chrome,Active
DEV011166,Laptop,iOS,Chrome,Active
DEV011167,Laptop,macOS,Firefox,Active
DEV011168,Mobile,Android,Firefox,Active
DEV011169,Laptop,Windows,Safari,Active
DEV011170,Tablet,Android,Safari,Active
DEV011171,Mobile,iOS,Firefox,Active
DEV011172,Mobile,Android,Edge,Active
DEV011173,Mobile,macOS,Safari,Active
DEV011174,Mobile,Android,Safari,Active
DEV011175,Laptop,iOS,Firefox,Active
DEV011176,Mobile,iOS,Firefox,Active
DEV011177,Mobile,Android,Chrome,Active
DEV011178,Mobile,macOS,Chrome,Active
DEV011179,Laptop,Android,Chrome,Active
DEV011180,Laptop,Android,Firefox,Active
DEV011181,Laptop,Android,Chrome,Active
DEV011182,Mobile,Windows,Chrome,Active
DEV011183,Tablet,Android,Chrome,Active
DEV011184,Laptop,iOS,Edge,Active
DEV011185,Tablet,iOS,Safari,Active
DEV011186,Mobile,iOS,Edge,Active
DEV011187,Tablet,iOS,Edge,Active
DEV011188,Laptop,Windows,Safari,Active
DEV011189,Tablet,iOS,Chrome,Inactive
DEV011190,Tablet,Android,Chrome,Active
DEV011191,Mobile,Windows,Chrome,Active
DEV011192,Mobile,Android,Safari,Active
DEV011193,Mobile,iOS,Chrome,Active
DEV011194,Mobile,macOS,Firefox,Active
DEV011195,Laptop,iOS,Safari,Active
DEV011196,Laptop,macOS,Chrome,Active
DEV011197,Laptop,macOS,Chrome,Active
DEV011198,Mobile,macOS,Chrome,Active
DEV011199,Laptop,Android,Safari,Active
DEV011200,Laptop,iOS,Chrome,Active
DEV011201,Mobile,Android,Safari,Active
DEV011202,Mobile,macOS,Chrome,Active
DEV011203,Mobile,Android,Chrome,Active
DEV011204,Mobile,Android,Chrome,Active
DEV011205,Tablet,Windows,Chrome,Active
DEV011206,Laptop,Android,Safari,Active
DEV011207,Laptop,Android,Chrome,Active
DEV011208,Mobile,Android,Firefox,Active
DEV011209,Mobile,Windows,Chrome,Active
DEV011210,Mobile,Android,Chrome,Active
DEV011211,Mobile,Windows,Firefox,Active
DEV011212,Mobile,Windows,Safari,Inactive
DEV011213,Mobile,Android,Chrome,Inactive
DEV011214,Tablet,Windows,Edge,Active
DEV011215,Mobile,macOS,Chrome,Active
DEV011216,Mobile,iOS,Chrome,Active
DEV011217,Laptop,Android,Firefox,Active
DEV011218,Mobile,macOS,Chrome,Active
DEV011219,Laptop,Windows,Firefox,Active
DEV011220,Mobile,Android,Chrome,Active
DEV011221,Mobile,Android,Edge,Active
DEV011222,Mobile,Windows,Chrome,Active
DEV011223,Tablet,Android,Chrome,Active
DEV011224,Mobile,iOS,Chrome,Active
DEV011225,Mobile,Android,Chrome,Inactive
DEV011226,Mobile,Android,Chrome,Inactive
DEV011227,Laptop,Windows,Edge,Active
DEV011228,Mobile,Android,Safari,Active
DEV011229,Laptop,Windows,Firefox,Active
DEV011230,Mobile,macOS,Safari,Active
DEV011231,Laptop,Windows,Chrome,Active
DEV011232,Tablet,Android,Safari,Active
DEV011233,Mobile,Android,Safari,Active
DEV011234,Mobile,Android,Edge,Active
DEV011235,Mobile,macOS,Chrome,Active
DEV011236,Mobile,Android,Chrome,Active
DEV011237,Mobile,Windows,Edge,Active
DEV011238,Tablet,Android,Chrome,Active
DEV011239,Laptop,iOS,Chrome,Inactive
DEV011240,Mobile,Windows,Edge,Active
DEV011241,Laptop,iOS,Chrome,Inactive
DEV011242,Mobile,Windows,Edge,Active
DEV011243,Mobile,iOS,Edge,Active
DEV011244,Mobile,Windows,Chrome,Active
DEV011245,Mobile,macOS,Chrome,Active
DEV011246,Laptop,iOS,Chrome,Active
DEV011247,Mobile,Windows,Chrome,Active
DEV011248,Laptop,macOS,Firefox,Active
DEV011249,Mobile,Android,Chrome,Active
DEV011250,Mobile,iOS,Chrome,Active
DEV011251,Mobile,iOS,Chrome,Active
DEV011252,Mobile,Android,Chrome,Active
DEV011253,Laptop,Windows,Chrome,Active
DEV011254,Tablet,Windows,Chrome,Active
DEV011255,Laptop,Android,Chrome,Active
DEV011256,Mobile,Android,Firefox,Active
DEV011257,Mobile,iOS,Safari,Active
DEV011258,Laptop,Android,Safari,Active
DEV011259,Mobile,Android,Safari,Active
DEV011260,Mobile,Android,Chrome,Active
DEV011261,Mobile,Android,Edge,Active
DEV011262,Mobile,Android,Safari,Active
DEV011263,Mobile,macOS,Chrome,Active
DEV011264,Tablet,Android,Firefox,Active
DEV011265,Mobile,Android,Chrome,Active
DEV011266,Mobile,Android,Safari,Active
DEV011267,Tablet,Windows,Chrome,Active
DEV011268,Mobile,Android,Chrome,Active
DEV011269,Mobile,Android,Chrome,Active
DEV011270,Tablet,Android,Firefox,Active
DEV011271,Mobile,iOS,Firefox,Active
DEV011272,Mobile,iOS,Firefox,Inactive
DEV011273,Mobile,Android,Chrome,Active
DEV011274,Laptop,iOS,Chrome,Active
DEV011275,Mobile,Android,Safari,Active
DEV011276,Laptop,Android,Chrome,Active
DEV011277,Tablet,iOS,Edge,Active
DEV011278,Mobile,iOS,Chrome,Active
DEV011279,Mobile,iOS,Safari,Active
DEV011280,Mobile,Android,Safari,Active
DEV011281,Laptop,iOS,Chrome,Active
DEV011282,Laptop,Android,Safari,Active
DEV011283,Laptop,Windows,Chrome,Active
DEV011284,Mobile,Windows,Safari,Active
DEV011285,Mobile,iOS,Edge,Active
DEV011286,Mobile,iOS,Chrome,Active
DEV011287,Tablet,Android,Chrome,Active
DEV011288,Mobile,macOS,Chrome,Active
DEV011289,Tablet,iOS,Chrome,Inactive
DEV011290,Mobile,Android,Chrome,Active
DEV011291,Mobile,macOS,Chrome,Active
DEV011292,Mobile,Android,Safari,Active
DEV011293,Tablet,Android,Chrome,Active
DEV011294,Mobile,Windows,Safari,Active
DEV011295,Mobile,macOS,Safari,Active
DEV011296,Mobile,iOS,Chrome,Active
DEV011297,Mobile,Android,Chrome,Active
DEV011298,Mobile,iOS,Firefox,Inactive
DEV011299,Tablet,Android,Firefox,Active
DEV011300,Tablet,Android,Chrome,Active
DEV011301,Mobile,macOS,Chrome,Active
DEV011302,Tablet,iOS,Safari,Active
DEV011303,Tablet,iOS,Edge,Active
DEV011304,Mobile,Android,Chrome,Active
DEV011305,Mobile,Android,Safari,Active
DEV011306,Mobile,iOS,Chrome,Active
DEV011307,Mobile,iOS,Edge,Active
DEV011308,Mobile,Android,Firefox,Active
DEV011309,Mobile,macOS,Chrome,Active
DEV011310,Laptop,iOS,Chrome,Active
DEV011311,Mobile,Android,Safari,Active
DEV011312,Mobile,Android,Edge,Active
DEV011313,Mobile,iOS,Firefox,Inactive
DEV011314,Tablet,Android,Chrome,Inactive
DEV011315,Mobile,iOS,Safari,Active
DEV011316,Mobile,iOS,Chrome,Active
DEV011317,Mobile,iOS,Safari,Active
DEV011318,Mobile,Android,Firefox,Active
DEV011319,Mobile,Android,Edge,Active
DEV011320,Mobile,Android,Safari,Active
DEV011321,Mobile,macOS,Edge,Active
DEV011322,Laptop,iOS,Edge,Active
DEV011323,Mobile,Android,Chrome,Inactive
DEV011324,Mobile,macOS,Chrome,Active
DEV011325,Mobile,macOS,Chrome,Active
DEV011326,Mobile,iOS,Chrome,Active
DEV011327,Mobile,Android,Chrome,Active
DEV011328,Tablet,iOS,Chrome,Active
DEV011329,Laptop,Android,Safari,Active
DEV011330,Laptop,Windows,Safari,Active
DEV011331,Mobile,iOS,Chrome,Active
DEV011332,Laptop,Windows,Chrome,Active
DEV011333,Mobile,macOS,Firefox,Active
DEV011334,Mobile,Android,Firefox,Active
DEV011335,Mobile,Android,Chrome,Active
DEV011336,Mobile,Android,Chrome,Active
DEV011337,Mobile,Android,Chrome,Active
DEV011338,Tablet,Android,Safari,Active
DEV011339,Mobile,Android,Chrome,Active
DEV011340,Mobile,Windows,Edge,Inactive
DEV011341,Mobile,macOS,Chrome,Active
DEV011342,Mobile,Android,Chrome,Active
DEV011343,Mobile,iOS,Chrome,Active
DEV011344,Mobile,Android,Firefox,Active
DEV011345,Laptop,Windows,Chrome,Active
DEV011346,Laptop,Android,Safari,Active
DEV011347,Laptop,Android,Edge,Active
DEV011348,Mobile,Android,Chrome,Active
DEV011349,Mobile,Android,Chrome,Active
DEV011350,Mobile,iOS,Chrome,Active
DEV011351,Mobile,iOS,Edge,Active
DEV011352,Mobile,macOS,Edge,Active
DEV011353,Mobile,iOS,Chrome,Active
DEV011354,Mobile,Android,Chrome,Active
DEV011355,Tablet,Windows,Chrome,Active
DEV011356,Mobile,iOS,Chrome,Active
DEV011357,Mobile,Android,Chrome,Active
DEV011358,Mobile,Windows,Chrome,Active
DEV011359,Mobile,Android,Safari,Active
DEV011360,Mobile,Android,Edge,Active
DEV011361,Mobile,Android,Edge,Active
DEV011362,Mobile,Windows,Safari,Active
DEV011363,Mobile,iOS,Edge,Active
DEV011364,Mobile,Android,Edge,Active
DEV011365,Mobile,Android,Safari,Active
DEV011366,Mobile,Android,Safari,Active
DEV011367,Mobile,Android,Chrome,Inactive
DEV011368,Mobile,Android,Edge,Active
DEV011369,Mobile,Android,Chrome,Inactive
DEV011370,Mobile,iOS,Safari,Active
DEV011371,Tablet,Android,Chrome,Active
DEV011372,Laptop,iOS,Safari,Active
DEV011373,Laptop,macOS,Edge,Active
DEV011374,Tablet,Windows,Safari,Active
DEV011375,Mobile,iOS,Chrome,Active
DEV011376,Mobile,Android,Safari,Active
DEV011377,Tablet,Windows,Safari,Active
DEV011378,Laptop,Android,Chrome,Active
DEV011379,Mobile,Android,Chrome,Active
DEV011380,Laptop,macOS,Edge,Active
DEV011381,Mobile,Android,Chrome,Active
DEV011382,Laptop,Android,Safari,Active
DEV011383,Mobile,Android,Firefox,Active
DEV011384,Laptop,Android,Chrome,Active
DEV011385,Mobile,Windows,Chrome,Active
DEV011386,Laptop,iOS,Chrome,Inactive
DEV011387,Laptop,Android,Safari,Active
DEV011388,Mobile,iOS,Safari,Active
DEV011389,Mobile,iOS,Chrome,Inactive
DEV011390,Laptop,Android,Chrome,Active
DEV011391,Mobile,Android,Safari,Active
DEV011392,Mobile,Android,Chrome,Active
DEV011393,Mobile,Android,Chrome,Active
DEV011394,Mobile,Windows,Chrome,Active
DEV011395,Mobile,iOS,Edge,Active
DEV011396,Mobile,Windows,Chrome,Active
DEV011397,Mobile,Android,Chrome,Active
DEV011398,Mobile,macOS,Safari,Active
DEV011399,Laptop,iOS,Chrome,Active
DEV011400,Mobile,Windows,Chrome,Active
DEV011401,Mobile,macOS,Edge,Active
DEV011402,Mobile,iOS,Edge,Active
DEV011403,Mobile,Android,Edge,Active
DEV011404,Mobile,Android,Chrome,Active
DEV011405,Mobile,Android,Chrome,Active
DEV011406,Mobile,Android,Chrome,Active
DEV011407,Tablet,Android,Firefox,Active
DEV011408,Mobile,Windows,Chrome,Inactive
DEV011409,Mobile,Android,Chrome,Active
DEV011410,Mobile,Android,Chrome,Active
DEV011411,Laptop,Android,Edge,Active
DEV011412,Laptop,Android,Chrome,Active
DEV011413,Mobile,Android,Chrome,Active
DEV011414,Mobile,Windows,Chrome,Active
DEV011415,Mobile,Windows,Edge,Active
DEV011416,Mobile,Android,Chrome,Active
DEV011417,Mobile,macOS,Safari,Active
DEV011418,Mobile,iOS,Safari,Active
DEV011419,Laptop,Android,Chrome,Active
DEV011420,Laptop,Android,Chrome,Active
DEV011421,Mobile,Android,Chrome,Active
DEV011422,Mobile,Android,Safari,Active
DEV011423,Mobile,Android,Safari,Active
DEV011424,Mobile,Android,Chrome,Active
DEV011425,Laptop,Android,Safari,Active
DEV011426,Mobile,Android,Chrome,Active
DEV011427,Laptop,Android,Edge,Active
DEV011428,Mobile,iOS,Firefox,Active
DEV011429,Mobile,macOS,Edge,Active
DEV011430,Mobile,Windows,Edge,Active
DEV011431,Mobile,Windows,Safari,Active
DEV011432,Laptop,Android,Firefox,Active
DEV011433,Mobile,macOS,Chrome,Active
DEV011434,Mobile,iOS,Chrome,Active
DEV011435,Mobile,iOS,Chrome,Active
DEV011436,Mobile,Android,Chrome,Active
DEV011437,Mobile,iOS,Chrome,Active
DEV011438,Mobile,Android,Chrome,Active
DEV011439,Laptop,Android,Chrome,Inactive
DEV011440,Mobile,Windows,Chrome,Active
DEV011441,Mobile,macOS,Chrome,Inactive
DEV011442,Mobile,Android,Safari,Active
DEV011443,Mobile,iOS,Chrome,Inactive
DEV011444,Mobile,Windows,Safari,Active
DEV011445,Tablet,Windows,Safari,Active
DEV011446,Mobile,Android,Chrome,Active
DEV011447,Mobile,iOS,Firefox,Active
DEV011448,Mobile,Windows,Chrome,Active
DEV011449,Tablet,Android,Chrome,Active
DEV011450,Mobile,iOS,Chrome,Active
DEV011451,Mobile,macOS,Edge,Active
DEV011452,Mobile,iOS,Chrome,Active
DEV011453,Mobile,Android,Chrome,Active
DEV011454,Mobile,Windows,Safari,Active
DEV011455,Mobile,Android,Safari,Active
DEV011456,Laptop,Android,Edge,Active
DEV011457,Tablet,Android,Safari,Active
DEV011458,Laptop,Android,Firefox,Active
DEV011459,Mobile,iOS,Safari,Active
DEV011460,Mobile,Android,Chrome,Active
DEV011461,Laptop,Android,Firefox,Active
DEV011462,Mobile,Android,Chrome,Active
DEV011463,Mobile,Android,Chrome,Active
DEV011464,Mobile,Android,Edge,Active
DEV011465,Mobile,Windows,Chrome,Active
DEV011466,Mobile,Android,Edge,Active
DEV011467,Mobile,iOS,Safari,Active
DEV011468,Mobile,iOS,Chrome,Active
DEV011469,Mobile,Android,Firefox,Active
DEV011470,Laptop,Android,Edge,Active
DEV011471,Tablet,iOS,Safari,Active
DEV011472,Mobile,Android,Safari,Active
DEV011473,Mobile,Windows,Edge,Inactive
DEV011474,Mobile,iOS,Chrome,Active
DEV011475,Mobile,Android,Chrome,Active
DEV011476,Mobile,Android,Firefox,Active
DEV011477,Mobile,iOS,Safari,Active
DEV011478,Laptop,Android,Safari,Active
DEV011479,Tablet,Windows,Chrome,Inactive
DEV011480,Laptop,iOS,Safari,Active
DEV011481,Mobile,Android,Edge,Active
DEV011482,Mobile,Android,Edge,Active
DEV011483,Laptop,iOS,Edge,Active
DEV011484,Mobile,iOS,Chrome,Active
DEV011485,Mobile,Android,Chrome,Active
DEV011486,Mobile,Android,Firefox,Active
DEV011487,Mobile,Android,Edge,Active
DEV011488,Mobile,Android,Chrome,Active
DEV011489,Mobile,Android,Chrome,Active
DEV011490,Mobile,Windows,Chrome,Active
DEV011491,Mobile,Android,Edge,Active
DEV011492,Mobile,Android,Chrome,Active
DEV011493,Tablet,Android,Safari,Inactive
DEV011494,Laptop,iOS,Chrome,Active
DEV011495,Tablet,iOS,Edge,Active
DEV011496,Mobile,Android,Chrome,Active
DEV011497,Laptop,Android,Chrome,Active
DEV011498,Mobile,Android,Chrome,Active
DEV011499,Mobile,Android,Firefox,Active
DEV011500,Mobile,Android,Safari,Active
DEV011501,Mobile,Android,Firefox,Active
DEV011502,Tablet,Windows,Chrome,Active
DEV011503,Mobile,Windows,Chrome,Active
DEV011504,Mobile,macOS,Chrome,Active
DEV011505,Mobile,macOS,Safari,Inactive
DEV011506,Mobile,Windows,Edge,Active
DEV011507,Tablet,Android,Firefox,Active
DEV011508,Mobile,Android,Chrome,Inactive
DEV011509,Laptop,Android,Chrome,Active
DEV011510,Tablet,Android,Chrome,Active
DEV011511,Laptop,Android,Chrome,Active
DEV011512,Laptop,Android,Chrome,Active
DEV011513,Mobile,Android,Chrome,Active
DEV011514,Mobile,Android,Safari,Active
DEV011515,Mobile,Android,Safari,Active
DEV011516,Laptop,iOS,Safari,Active
DEV011517,Mobile,Android,Chrome,Inactive
DEV011518,Mobile,Android,Chrome,Inactive
DEV011519,Mobile,Windows,Firefox,Active
DEV011520,Mobile,Android,Safari,Active
DEV011521,Mobile,macOS,Chrome,Active
DEV011522,Mobile,Windows,Chrome,Active
DEV011523,Mobile,Android,Chrome,Active
DEV011524,Laptop,Android,Chrome,Active
DEV011525,Mobile,iOS,Safari,Active
DEV011526,Laptop,Android,Chrome,Active
DEV011527,Mobile,Android,Safari,Active
DEV011528,Mobile,Android,Chrome,Active
DEV011529,Mobile,Android,Chrome,Active
DEV011530,Mobile,iOS,Firefox,Active
DEV011531,Tablet,macOS,Safari,Active
DEV011532,Laptop,Windows,Firefox,Active
DEV011533,Mobile,Android,Safari,Active
DEV011534,Mobile,Windows,Chrome,Active
DEV011535,Mobile,Android,Chrome,Active
DEV011536,Mobile,iOS,Chrome,Inactive
DEV011537,Mobile,iOS,Edge,Active
DEV011538,Mobile,iOS,Edge,Active
DEV011539,Tablet,Android,Safari,Active
DEV011540,Mobile,Android,Chrome,Active
DEV011541,Mobile,iOS,Firefox,Active
DEV011542,Mobile,Android,Chrome,Active
DEV011543,Mobile,iOS,Chrome,Active
DEV011544,Mobile,iOS,Edge,Inactive
DEV011545,Laptop,iOS,Firefox,Active
DEV011546,Laptop,Android,Chrome,Active
DEV011547,Laptop,iOS,Chrome,Active
DEV011548,Mobile,Android,Chrome,Active
DEV011549,Mobile,Android,Edge,Active
DEV011550,Tablet,Android,Chrome,Active
DEV011551,Mobile,Android,Chrome,Active
DEV011552,Mobile,Android,Chrome,Active
DEV011553,Mobile,iOS,Firefox,Active
DEV011554,Laptop,Windows,Chrome,Active
DEV011555,Mobile,macOS,Firefox,Active
DEV011556,Mobile,iOS,Edge,Active
DEV011557,Tablet,Android,Edge,Active
DEV011558,Laptop,Windows,Firefox,Inactive
DEV011559,Mobile,Android,Chrome,Active
DEV011560,Mobile,Android,Edge,Active
DEV011561,Mobile,iOS,Chrome,Active
DEV011562,Mobile,Android,Edge,Active
DEV011563,Mobile,Android,Chrome,Active
DEV011564,Mobile,iOS,Edge,Active
DEV011565,Mobile,Android,Firefox,Active
DEV011566,Tablet,iOS,Chrome,Active
DEV011567,Mobile,Windows,Chrome,Active
DEV011568,Mobile,Android,Safari,Active
DEV011569,Mobile,Android,Chrome,Active
DEV011570,Mobile,macOS,Chrome,Active
DEV011571,Mobile,iOS,Chrome,Active
DEV011572,Laptop,Windows,Chrome,Active
DEV011573,Laptop,Android,Safari,Active
DEV011574,Tablet,iOS,Edge,Inactive
DEV011575,Mobile,Windows,Chrome,Active
DEV011576,Laptop,Android,Chrome,Active
DEV011577,Mobile,iOS,Safari,Active
DEV011578,Mobile,iOS,Chrome,Active
DEV011579,Mobile,iOS,Chrome,Active
DEV011580,Mobile,Android,Chrome,Active
DEV011581,Mobile,Windows,Chrome,Active
DEV011582,Laptop,Windows,Edge,Active
DEV011583,Mobile,iOS,Chrome,Active
DEV011584,Mobile,iOS,Chrome,Active
DEV011585,Mobile,iOS,Chrome,Inactive
DEV011586,Mobile,Android,Chrome,Active
DEV011587,Mobile,Android,Safari,Active
DEV011588,Mobile,Android,Safari,Active
DEV011589,Tablet,iOS,Firefox,Active
DEV011590,Tablet,iOS,Safari,Active
DEV011591,Mobile,Android,Chrome,Active
DEV011592,Mobile,iOS,Safari,Active
DEV011593,Laptop,Android,Chrome,Inactive
DEV011594,Mobile,Android,Safari,Active
DEV011595,Tablet,Android,Firefox,Active
DEV011596,Mobile,Windows,Chrome,Active
DEV011597,Mobile,Android,Safari,Active
DEV011598,Mobile,iOS,Firefox,Active
DEV011599,Tablet,Android,Chrome,Active
DEV011600,Tablet,Android,Firefox,Active
DEV011601,Laptop,Android,Edge,Active
DEV011602,Mobile,Android,Chrome,Active
DEV011603,Mobile,Android,Chrome,Active
DEV011604,Mobile,Android,Chrome,Active
DEV011605,Mobile,Android,Chrome,Active
DEV011606,Mobile,iOS,Edge,Active
DEV011607,Mobile,iOS,Chrome,Active
DEV011608,Tablet,Android,Chrome,Active
DEV011609,Laptop,Android,Safari,Active
DEV011610,Mobile,Windows,Safari,Active
DEV011611,Mobile,Android,Edge,Active
DEV011612,Tablet,Android,Chrome,Active
DEV011613,Mobile,Windows,Safari,Active
DEV011614,Mobile,Android,Chrome,Active
DEV011615,Mobile,Android,Chrome,Inactive
DEV011616,Mobile,Android,Safari,Active
DEV011617,Tablet,Android,Chrome,Active
DEV011618,Mobile,Android,Safari,Active
DEV011619,Tablet,Android,Chrome,Active
DEV011620,Mobile,Android,Chrome,Active
DEV011621,Mobile,Android,Edge,Inactive
DEV011622,Mobile,Android,Chrome,Active
DEV011623,Mobile,iOS,Safari,Active
DEV011624,Mobile,iOS,Chrome,Active
DEV011625,Laptop,iOS,Safari,Active
DEV011626,Mobile,macOS,Chrome,Active
DEV011627,Mobile,Android,Chrome,Inactive
DEV011628,Mobile,Android,Firefox,Active
DEV011629,Tablet,iOS,Chrome,Active
DEV011630,Mobile,Android,Chrome,Active
DEV011631,Mobile,Android,Chrome,Active
DEV011632,Mobile,macOS,Chrome,Active
DEV011633,Mobile,macOS,Chrome,Active
DEV011634,Mobile,Android,Chrome,Active
DEV011635,Mobile,iOS,Edge,Active
DEV011636,Mobile,Windows,Edge,Active
DEV011637,Mobile,macOS,Chrome,Active
DEV011638,Tablet,iOS,Chrome,Active
DEV011639,Mobile,iOS,Safari,Active
DEV011640,Mobile,Android,Firefox,Active
DEV011641,Mobile,Android,Edge,Active
DEV011642,Laptop,Android,Chrome,Inactive
DEV011643,Mobile,Android,Chrome,Active
DEV011644,Tablet,Windows,Edge,Active
DEV011645,Mobile,Android,Edge,Active
DEV011646,Tablet,Android,Safari,Active
DEV011647,Mobile,iOS,Firefox,Active
DEV011648,Mobile,Windows,Edge,Active
DEV011649,Mobile,Windows,Chrome,Inactive
DEV011650,Mobile,Android,Edge,Active
DEV011651,Mobile,macOS,Chrome,Active
DEV011652,Laptop,iOS,Chrome,Active
DEV011653,Mobile,macOS,Chrome,Active
DEV011654,Laptop,Android,Chrome,Active
DEV011655,Mobile,Android,Chrome,Active
DEV011656,Mobile,macOS,Edge,Active
DEV011657,Mobile,Android,Chrome,Active
DEV011658,Laptop,iOS,Safari,Active
DEV011659,Laptop,iOS,Chrome,Active
DEV011660,Mobile,Android,Firefox,Active
DEV011661,Mobile,Android,Chrome,Active
DEV011662,Laptop,macOS,Chrome,Active
DEV011663,Mobile,macOS,Chrome,Active
DEV011664,Tablet,Windows,Chrome,Active
DEV011665,Mobile,Android,Edge,Active
DEV011666,Laptop,Android,Edge,Active
DEV011667,Mobile,iOS,Chrome,Active
DEV011668,Laptop,Android,Chrome,Active
DEV011669,Mobile,Android,Safari,Active
DEV011670,Mobile,Android,Chrome,Active
DEV011671,Mobile,Android,Edge,Active
DEV011672,Mobile,Windows,Edge,Active
DEV011673,Mobile,iOS,Chrome,Active
DEV011674,Mobile,Android,Chrome,Active
DEV011675,Mobile,Android,Edge,Inactive
DEV011676,Laptop,Android,Chrome,Active
DEV011677,Mobile,Android,Chrome,Active
DEV011678,Mobile,Android,Chrome,Active
DEV011679,Laptop,Windows,Safari,Active
DEV011680,Laptop,macOS,Chrome,Active
DEV011681,Mobile,Android,Safari,Inactive
DEV011682,Tablet,iOS,Chrome,Active
DEV011683,Mobile,iOS,Chrome,Active
DEV011684,Laptop,Android,Chrome,Active
DEV011685,Mobile,Windows,Safari,Active
DEV011686,Mobile,iOS,Safari,Inactive
DEV011687,Mobile,Windows,Safari,Active
DEV011688,Tablet,Android,Safari,Active
DEV011689,Mobile,iOS,Chrome,Active
DEV011690,Mobile,iOS,Safari,Active
DEV011691,Mobile,macOS,Safari,Active
DEV011692,Mobile,Android,Chrome,Active
DEV011693,Mobile,Android,Safari,Active
DEV011694,Mobile,Windows,Chrome,Inactive
DEV011695,Mobile,iOS,Chrome,Active
DEV011696,Laptop,macOS,Safari,Inactive
DEV011697,Mobile,iOS,Edge,Active
DEV011698,Mobile,iOS,Chrome,Inactive
DEV011699,Laptop,Windows,Chrome,Active
DEV011700,Mobile,Windows,Chrome,Active
DEV011701,Tablet,Android,Safari,Inactive
DEV011702,Mobile,Android,Chrome,Active
DEV011703,Tablet,macOS,Chrome,Active
DEV011704,Laptop,Windows,Chrome,Inactive
DEV011705,Mobile,iOS,Chrome,Active
DEV011706,Mobile,iOS,Chrome,Inactive
DEV011707,Mobile,Android,Safari,Active
DEV011708,Laptop,Android,Edge,Active
DEV011709,Mobile,Android,Edge,Active
DEV011710,Laptop,Android,Edge,Active
DEV011711,Mobile,Android,Chrome,Active
DEV011712,Mobile,Windows,Safari,Active
DEV011713,Mobile,iOS,Chrome,Active
DEV011714,Mobile,iOS,Chrome,Active
DEV011715,Mobile,Android,Chrome,Active
DEV011716,Mobile,iOS,Safari,Active
DEV011717,Mobile,Android,Safari,Active
DEV011718,Mobile,Android,Safari,Active
DEV011719,Mobile,iOS,Firefox,Active
DEV011720,Mobile,Windows,Chrome,Active
DEV011721,Mobile,Android,Chrome,Active
DEV011722,Mobile,Android,Safari,Active
DEV011723,Tablet,macOS,Chrome,Active
DEV011724,Mobile,iOS,Chrome,Inactive
DEV011725,Mobile,iOS,Chrome,Active
DEV011726,Laptop,Windows,Chrome,Active
DEV011727,Mobile,Android,Chrome,Active
DEV011728,Laptop,iOS,Chrome,Active
DEV011729,Mobile,iOS,Safari,Active
DEV011730,Mobile,Android,Chrome,Active
DEV011731,Mobile,Android,Chrome,Active
DEV011732,Mobile,Android,Safari,Inactive
DEV011733,Laptop,Android,Safari,Active
DEV011734,Mobile,iOS,Edge,Active
DEV011735,Mobile,iOS,Chrome,Active
DEV011736,Laptop,macOS,Edge,Active
DEV011737,Mobile,macOS,Edge,Active
DEV011738,Mobile,iOS,Edge,Active
DEV011739,Tablet,Android,Chrome,Inactive
DEV011740,Laptop,Android,Edge,Active
DEV011741,Mobile,Android,Chrome,Active
DEV011742,Laptop,Android,Chrome,Active
DEV011743,Laptop,Windows,Chrome,Active
DEV011744,Laptop,iOS,Chrome,Active
DEV011745,Mobile,Android,Chrome,Active
DEV011746,Laptop,Android,Chrome,Active
DEV011747,Mobile,Android,Safari,Active
DEV011748,Mobile,macOS,Chrome,Active
DEV011749,Mobile,Windows,Chrome,Active
DEV011750,Laptop,Android,Edge,Inactive
DEV011751,Mobile,Android,Chrome,Active
DEV011752,Laptop,macOS,Chrome,Active
DEV011753,Mobile,macOS,Safari,Active
DEV011754,Laptop,Android,Safari,Active
DEV011755,Laptop,macOS,Chrome,Active
DEV011756,Mobile,iOS,Firefox,Active
DEV011757,Laptop,iOS,Chrome,Active
DEV011758,Mobile,Android,Chrome,Inactive
DEV011759,Mobile,Android,Safari,Active
DEV011760,Mobile,Android,Safari,Active
DEV011761,Laptop,Android,Chrome,Active
DEV011762,Mobile,iOS,Firefox,Inactive
DEV011763,Mobile,Android,Safari,Active
DEV011764,Laptop,iOS,Chrome,Active
DEV011765,Laptop,Android,Edge,Active
DEV011766,Mobile,Android,Chrome,Active
DEV011767,Laptop,iOS,Edge,Active
DEV011768,Mobile,Android,Firefox,Active
DEV011769,Mobile,iOS,Chrome,Active
DEV011770,Mobile,iOS,Edge,Active
DEV011771,Mobile,Windows,Chrome,Active
DEV011772,Tablet,macOS,Firefox,Active
DEV011773,Mobile,Android,Chrome,Active
DEV011774,Tablet,Android,Firefox,Active
DEV011775,Mobile,macOS,Firefox,Active
DEV011776,Mobile,Android,Chrome,Active
DEV011777,Laptop,iOS,Chrome,Active
DEV011778,Mobile,Windows,Firefox,Active
DEV011779,Mobile,iOS,Safari,Active
DEV011780,Tablet,iOS,Firefox,Active
DEV011781,Mobile,Android,Edge,Active
DEV011782,Mobile,Windows,Safari,Active
DEV011783,Mobile,macOS,Chrome,Active
DEV011784,Mobile,Windows,Safari,Active
DEV011785,Laptop,Android,Chrome,Active
DEV011786,Mobile,Android,Chrome,Active
DEV011787,Mobile,Android,Chrome,Active
DEV011788,Mobile,iOS,Chrome,Active
DEV011789,Laptop,iOS,Firefox,Active
DEV011790,Mobile,Android,Safari,Active
DEV011791,Mobile,iOS,Safari,Active
DEV011792,Mobile,Android,Chrome,Active
DEV011793,Laptop,Windows,Chrome,Active
DEV011794,Laptop,iOS,Chrome,Active
DEV011795,Mobile,iOS,Safari,Active
DEV011796,Mobile,iOS,Chrome,Active
DEV011797,Laptop,Windows,Chrome,Active
DEV011798,Mobile,Windows,Safari,Active
DEV011799,Mobile,Android,Chrome,Active
DEV011800,Laptop,Android,Chrome,Inactive
DEV011801,Mobile,Android,Safari,Active
DEV011802,Mobile,iOS,Safari,Active
DEV011803,Mobile,Windows,Edge,Active
DEV011804,Mobile,Android,Chrome,Inactive
DEV011805,Mobile,Android,Chrome,Active
DEV011806,Mobile,iOS,Safari,Active
DEV011807,Mobile,Android,Chrome,Active
DEV011808,Laptop,iOS,Chrome,Active
DEV011809,Mobile,iOS,Chrome,Active
DEV011810,Tablet,iOS,Chrome,Active
DEV011811,Mobile,iOS,Chrome,Active
DEV011812,Laptop,iOS,Chrome,Active
DEV011813,Laptop,iOS,Chrome,Active
DEV011814,Mobile,iOS,Chrome,Active
DEV011815,Laptop,Android,Chrome,Inactive
DEV011816,Mobile,iOS,Chrome,Active
DEV011817,Mobile,Windows,Firefox,Active
DEV011818,Tablet,iOS,Firefox,Active
DEV011819,Mobile,Windows,Chrome,Active
DEV011820,Mobile,Android,Edge,Active
DEV011821,Mobile,macOS,Edge,Active
DEV011822,Mobile,iOS,Chrome,Active
DEV011823,Mobile,Android,Chrome,Active
DEV011824,Mobile,Android,Chrome,Active
DEV011825,Tablet,Android,Edge,Inactive
DEV011826,Mobile,Android,Edge,Active
DEV011827,Mobile,Android,Chrome,Active
DEV011828,Mobile,iOS,Edge,Active
DEV011829,Mobile,Android,Edge,Active
DEV011830,Mobile,Android,Chrome,Active
DEV011831,Mobile,Android,Firefox,Active
DEV011832,Mobile,Android,Chrome,Inactive
DEV011833,Mobile,Android,Edge,Active
DEV011834,Tablet,iOS,Safari,Active
DEV011835,Laptop,Android,Chrome,Active
DEV011836,Tablet,Android,Safari,Inactive
DEV011837,Mobile,Android,Edge,Active
DEV011838,Mobile,Windows,Safari,Active
DEV011839,Mobile,Android,Chrome,Active
DEV011840,Laptop,Windows,Chrome,Active
DEV011841,Mobile,macOS,Chrome,Active
DEV011842,Mobile,iOS,Chrome,Inactive
DEV011843,Laptop,macOS,Chrome,Active
DEV011844,Mobile,Android,Chrome,Active
DEV011845,Mobile,Android,Chrome,Active
DEV011846,Laptop,Android,Chrome,Active
DEV011847,Mobile,Android,Safari,Active
DEV011848,Mobile,macOS,Edge,Active
DEV011849,Mobile,Android,Safari,Active
DEV011850,Laptop,Android,Firefox,Active
DEV011851,Laptop,Android,Edge,Active
DEV011852,Laptop,iOS,Chrome,Active
DEV011853,Tablet,iOS,Safari,Active
DEV011854,Laptop,Android,Edge,Active
DEV011855,Laptop,iOS,Edge,Active
DEV011856,Mobile,Android,Chrome,Active
DEV011857,Mobile,iOS,Firefox,Active
DEV011858,Tablet,Android,Chrome,Active
DEV011859,Mobile,Android,Firefox,Active
DEV011860,Mobile,iOS,Edge,Active
DEV011861,Mobile,Android,Chrome,Active
DEV011862,Mobile,Android,Chrome,Inactive
DEV011863,Mobile,macOS,Firefox,Active
DEV011864,Mobile,Windows,Edge,Active
DEV011865,Mobile,iOS,Chrome,Active
DEV011866,Laptop,Android,Edge,Active
DEV011867,Mobile,Android,Chrome,Active
DEV011868,Mobile,Windows,Edge,Active
DEV011869,Mobile,Android,Chrome,Active
DEV011870,Mobile,iOS,Firefox,Active
DEV011871,Mobile,Windows,Chrome,Active
DEV011872,Mobile,Android,Chrome,Active
DEV011873,Mobile,Android,Chrome,Active
DEV011874,Laptop,Windows,Chrome,Inactive
DEV011875,Mobile,iOS,Safari,Active
DEV011876,Tablet,Android,Chrome,Active
DEV011877,Mobile,Android,Firefox,Active
DEV011878,Mobile,Android,Edge,Active
DEV011879,Mobile,Android,Firefox,Active
DEV011880,Mobile,Android,Chrome,Active
DEV011881,Mobile,iOS,Chrome,Active
DEV011882,Mobile,Windows,Edge,Active
DEV011883,Mobile,iOS,Chrome,Active
DEV011884,Mobile,macOS,Chrome,Active
DEV011885,Mobile,Android,Chrome,Active
DEV011886,Mobile,iOS,Firefox,Active
DEV011887,Mobile,Windows,Chrome,Active
DEV011888,Mobile,iOS,Edge,Active
DEV011889,Mobile,Android,Firefox,Active
DEV011890,Laptop,iOS,Chrome,Active
DEV011891,Mobile,iOS,Safari,Active
DEV011892,Mobile,iOS,Safari,Active
DEV011893,Mobile,Android,Chrome,Active
DEV011894,Mobile,Windows,Chrome,Active
DEV011895,Mobile,iOS,Chrome,Active
DEV011896,Laptop,Android,Chrome,Active
DEV011897,Mobile,iOS,Safari,Inactive
DEV011898,Mobile,macOS,Edge,Active
DEV011899,Mobile,Windows,Safari,Inactive
DEV011900,Laptop,Android,Chrome,Active
DEV011901,Mobile,Android,Chrome,Active
DEV011902,Mobile,Android,Firefox,Active
DEV011903,Mobile,Android,Firefox,Active
DEV011904,Mobile,Android,Edge,Active
DEV011905,Mobile,iOS,Safari,Active
DEV011906,Mobile,Android,Safari,Active
DEV011907,Mobile,iOS,Firefox,Active
DEV011908,Mobile,Windows,Safari,Active
DEV011909,Mobile,Windows,Edge,Active
DEV011910,Mobile,Android,Edge,Active
DEV011911,Mobile,Android,Chrome,Active
DEV011912,Mobile,iOS,Edge,Active
DEV011913,Mobile,Android,Chrome,Active
DEV011914,Mobile,macOS,Chrome,Active
DEV011915,Mobile,macOS,Chrome,Inactive
DEV011916,Mobile,macOS,Edge,Active
DEV011917,Mobile,Android,Chrome,Active
DEV011918,Laptop,Windows,Safari,Active
DEV011919,Mobile,Android,Edge,Active
DEV011920,Laptop,Windows,Safari,Active
DEV011921,Mobile,iOS,Chrome,Active
DEV011922,Mobile,Android,Edge,Active
DEV011923,Mobile,Windows,Chrome,Active
DEV011924,Laptop,iOS,Safari,Active
DEV011925,Mobile,Android,Chrome,Active
DEV011926,Mobile,Android,Safari,Active
DEV011927,Mobile,Android,Edge,Active
DEV011928,Laptop,iOS,Chrome,Active
DEV011929,Mobile,Windows,Chrome,Active
DEV011930,Mobile,Android,Safari,Active
DEV011931,Laptop,Android,Chrome,Active
DEV011932,Mobile,Windows,Chrome,Active
DEV011933,Mobile,iOS,Chrome,Active
DEV011934,Mobile,Android,Safari,Inactive
DEV011935,Mobile,Android,Firefox,Inactive
DEV011936,Mobile,Android,Chrome,Active
DEV011937,Mobile,Windows,Edge,Active
DEV011938,Mobile,iOS,Chrome,Active
DEV011939,Mobile,Android,Edge,Active
DEV011940,Mobile,iOS,Chrome,Active
DEV011941,Mobile,Android,Edge,Active
DEV011942,Mobile,Android,Chrome,Active
DEV011943,Mobile,Android,Chrome,Inactive
DEV011944,Mobile,macOS,Chrome,Inactive
DEV011945,Mobile,iOS,Firefox,Active
DEV011946,Mobile,Android,Edge,Active
DEV011947,Tablet,Android,Chrome,Active
DEV011948,Mobile,Windows,Chrome,Active
DEV011949,Laptop,iOS,Chrome,Active
DEV011950,Mobile,iOS,Chrome,Active
DEV011951,Mobile,Android,Chrome,Active
DEV011952,Laptop,iOS,Edge,Active
DEV011953,Mobile,macOS,Chrome,Active
DEV011954,Tablet,macOS,Chrome,Active
DEV011955,Mobile,Android,Chrome,Active
DEV011956,Mobile,Android,Firefox,Active
DEV011957,Laptop,Android,Edge,Active
DEV011958,Tablet,iOS,Firefox,Active
DEV011959,Mobile,macOS,Chrome,Active
DEV011960,Mobile,Android,Safari,Active
DEV011961,Mobile,Android,Chrome,Active
DEV011962,Mobile,iOS,Chrome,Active
DEV011963,Mobile,iOS,Chrome,Active
DEV011964,Mobile,Android,Firefox,Active
DEV011965,Mobile,iOS,Firefox,Active
DEV011966,Mobile,iOS,Edge,Inactive
DEV011967,Mobile,Android,Chrome,Active
DEV011968,Mobile,Android,Chrome,Active
DEV011969,Mobile,iOS,Chrome,Inactive
DEV011970,Mobile,Android,Chrome,Active
DEV011971,Laptop,Android,Edge,Active
DEV011972,Tablet,Android,Safari,Active
DEV011973,Mobile,iOS,Chrome,Active
DEV011974,Tablet,Android,Firefox,Active
DEV011975,Mobile,iOS,Chrome,Active
DEV011976,Tablet,iOS,Safari,Active
DEV011977,Mobile,Android,Chrome,Active
DEV011978,Laptop,Android,Chrome,Active
DEV011979,Mobile,iOS,Safari,Active
DEV011980,Mobile,Android,Chrome,Inactive
DEV011981,Mobile,macOS,Firefox,Active
DEV011982,Mobile,Windows,Edge,Active
DEV011983,Mobile,Android,Chrome,Active
DEV011984,Mobile,Android,Chrome,Inactive
DEV011985,Mobile,Android,Chrome,Active
DEV011986,Mobile,Windows,Edge,Active
DEV011987,Mobile,Android,Chrome,Active
DEV011988,Mobile,Android,Firefox,Active
DEV011989,Mobile,Windows,Safari,Active
DEV011990,Laptop,iOS,Edge,Active
DEV011991,Mobile,macOS,Firefox,Active
DEV011992,Mobile,macOS,Chrome,Active
DEV011993,Mobile,Android,Safari,Active
DEV011994,Tablet,Windows,Safari,Active
DEV011995,Mobile,Windows,Chrome,Active
DEV011996,Mobile,Android,Chrome,Active
DEV011997,Mobile,Android,Chrome,Active
DEV011998,Mobile,Android,Chrome,Active
DEV011999,Tablet,macOS,Chrome,Active
DEV012000,Mobile,iOS,Safari,Active
