loan_id,customer_id,institution_id,loan_type,loan_amount,outstanding_amount,interest_rate,loan_status,start_date,end_date
LOAN000001,CUS008900,INS000003,Auto,470404.39,235813.7,9.51,Active,2023-06-28,2025-06-28
LOAN000002,CUS009596,INS000004,Personal,258921.31,91494.74,13.253,Active,2025-08-06,2029-08-06
LOAN000003,CUS004324,INS000003,Personal,680357.36,269369.04,10.96,Active,2022-10-15,2024-10-15
LOAN000004,CUS003386,INS000003,Personal,143914.6,2411.1,12.796,Active,2026-03-29,2030-03-29
LOAN000005,CUS005047,INS000004,Auto,272688.31,40374.93,11.587,Active,2022-12-30,2023-12-30
LOAN000006,CUS001759,INS000005,Personal,406442.11,98883.37,16.78,Active,2025-05-09,2028-05-09
LOAN000007,CUS001835,INS000001,Home,71317.26,52913.97,13.611,Active,2023-07-23,2025-07-23
LOAN000008,CUS000249,INS000004,Auto,98542.73,44364.12,8.172,Active,2025-04-01,2029-04-01
LOAN000009,CUS004104,INS000001,Personal,542784.79,32797.14,16.667,Closed,2023-02-13,2027-02-13
LOAN000010,CUS002218,INS000002,Education,400814.32,341802.85,11.028,Active,2026-05-01,2029-05-01
LOAN000011,CUS006955,INS000003,Personal,546181.55,81696.97,12.675,Defaulted,2025-04-21,2029-04-21
LOAN000012,CUS007074,INS000003,Home,54402.58,13743.89,7.772,Active,2026-07-20,2027-07-20
LOAN000013,CUS000161,INS000003,Personal,843683.43,797716.4,9.717,Active,2026-05-24,2027-05-24
LOAN000014,CUS007649,INS000004,Home,185406.66,79771.29,8.501,Active,2022-11-09,2027-11-09
LOAN000015,CUS006954,INS000005,Auto,77092.19,35251.17,16.458,Active,2022-11-15,2025-11-15
LOAN000016,CUS005761,INS000005,Personal,165857.71,145862.89,15.568,Active,2022-02-23,2024-02-23
LOAN000017,CUS009320,INS000002,Home,157714.97,1590.43,11.133,Active,2023-03-16,2027-03-16
LOAN000018,CUS007360,INS000003,Personal,111118.8,6801.01,11.131,Closed,2025-05-03,2026-05-03
LOAN000019,CUS000246,INS000003,Personal,367521.33,185636.45,10.281,Active,2023-07-22,2026-07-22
LOAN000020,CUS004874,INS000003,Personal,198626.41,52012.19,7.514,Active,2024-05-08,2026-05-08
LOAN000021,CUS000010,INS000005,Home,309180.64,98954.6,11.005,Active,2021-11-08,2026-11-08
LOAN000022,CUS006611,INS000005,Education,573348.38,424406.74,14.047,Active,2023-12-26,2024-12-26
LOAN000023,CUS007643,INS000004,Personal,255947.35,6191.58,13.441,Active,2025-05-14,2030-05-14
LOAN000024,CUS000484,INS000005,Home,344859.68,12800.57,16.988,Active,2025-09-06,2028-09-06
LOAN000025,CUS004671,INS000001,Personal,427385.02,367333.09,9.609,Active,2022-01-11,2024-01-11
LOAN000026,CUS009393,INS000001,Auto,169802.88,40182.66,10.2,Active,2023-01-13,2028-01-13
LOAN000027,CUS009109,INS000005,Personal,56111.94,46338.81,7.794,Active,2021-11-12,2024-11-12
LOAN000028,CUS003507,INS000005,Personal,66440.32,59583.6,16.442,Closed,2025-02-15,2028-02-15
LOAN000029,CUS002959,INS000003,Personal,65274.7,9931.13,12.205,Active,2022-11-18,2025-11-18
LOAN000030,CUS000764,INS000005,Personal,60893.77,5118.63,12.333,Active,2023-11-04,2025-11-04
LOAN000031,CUS008902,INS000001,Home,58960.23,41322.1,12.745,Active,2023-03-30,2026-03-30
LOAN000032,CUS003245,INS000005,Home,59148.19,52215.24,17.86,Active,2025-12-05,2026-12-05
LOAN000033,CUS002398,INS000001,Personal,143329.79,105436.2,8.848,Active,2022-03-02,2024-03-02
LOAN000034,CUS008963,INS000004,Home,55077.67,24064.61,16.166,Active,2025-01-07,2027-01-07
LOAN000035,CUS003463,INS000005,Personal,457043.35,27802.86,8.442,Active,2022-05-09,2026-05-09
LOAN000036,CUS002057,INS000004,Home,50000.0,6594.7,17.914,Active,2022-02-12,2023-02-12
LOAN000037,CUS002632,INS000004,Auto,50000.0,41141.4,13.036,Closed,2024-02-20,2025-02-20
LOAN000038,CUS008157,INS000003,Personal,187569.0,18302.47,10.213,Active,2022-02-06,2026-02-06
LOAN000039,CUS006762,INS000004,Personal,141205.46,11196.17,9.963,Active,2026-04-25,2028-04-25
LOAN000040,CUS000736,INS000002,Home,50000.0,1142.06,16.136,Active,2023-01-26,2025-01-26
LOAN000041,CUS009592,INS000002,Auto,375091.54,118615.31,12.511,Active,2022-04-16,2027-04-16
LOAN000042,CUS002963,INS000001,Auto,348546.48,159786.07,8.684,Active,2026-04-19,2029-04-19
LOAN000043,CUS002332,INS000003,Personal,441622.56,116447.61,12.014,Active,2024-02-21,2028-02-21
LOAN000044,CUS002433,INS000004,Personal,191094.49,92630.42,13.739,Active,2023-01-19,2026-01-19
LOAN000045,CUS003277,INS000002,Personal,492283.27,415580.73,12.952,Closed,2025-03-10,2027-03-10
LOAN000046,CUS003189,INS000005,Personal,253111.52,103693.0,17.493,Active,2022-09-08,2027-09-08
LOAN000047,CUS003325,INS000003,Personal,827791.9,217850.24,13.317,Active,2023-05-16,2027-05-16
LOAN000048,CUS009975,INS000004,Education,148694.57,87179.82,11.764,Active,2022-06-28,2027-06-28
LOAN000049,CUS006990,INS000003,Personal,393406.65,2048.94,16.176,Closed,2024-09-19,2025-09-19
LOAN000050,CUS006244,INS000002,Home,179200.48,67549.61,15.925,Active,2022-03-04,2026-03-04
LOAN000051,CUS009578,INS000003,Personal,151351.57,50530.66,12.427,Active,2025-07-08,2026-07-08
LOAN000052,CUS008101,INS000002,Education,224274.29,48312.13,9.806,Active,2026-02-07,2030-02-07
LOAN000053,CUS002549,INS000002,Auto,75723.45,36291.17,8.971,Closed,2021-08-28,2022-08-28
LOAN000054,CUS005308,INS000003,Auto,143904.47,13902.81,7.912,Active,2024-07-12,2027-07-12
LOAN000055,CUS006286,INS000004,Home,454976.79,225823.47,9.604,Active,2025-01-12,2029-01-12
LOAN000056,CUS008280,INS000004,Auto,115535.38,78760.14,10.824,Closed,2023-05-11,2027-05-11
LOAN000057,CUS002565,INS000001,Auto,73369.18,69447.15,11.074,Active,2023-07-18,2028-07-18
LOAN000058,CUS009395,INS000004,Education,149541.14,22075.46,15.176,Closed,2022-12-15,2024-12-15
LOAN000059,CUS002183,INS000004,Personal,223846.2,21195.09,14.616,Active,2023-05-28,2026-05-28
LOAN000060,CUS005075,INS000001,Auto,50000.0,41757.98,11.639,Closed,2025-12-17,2028-12-17
LOAN000061,CUS005401,INS000004,Personal,279647.37,117292.63,8.679,Active,2024-03-17,2027-03-17
LOAN000062,CUS006480,INS000004,Home,232030.64,69037.05,10.021,Active,2026-07-09,2028-07-09
LOAN000063,CUS003526,INS000004,Personal,133228.98,116691.98,14.683,Active,2024-06-11,2029-06-11
LOAN000064,CUS000866,INS000005,Personal,104381.33,22061.56,13.65,Defaulted,2026-07-17,2029-07-17
LOAN000065,CUS001049,INS000003,Auto,50000.0,42309.53,14.546,Active,2023-02-23,2028-02-23
LOAN000066,CUS002556,INS000001,Personal,179912.14,140270.04,11.322,Active,2025-12-24,2026-12-24
LOAN000067,CUS001860,INS000001,Personal,527816.69,237426.49,8.453,Closed,2025-04-13,2028-04-13
LOAN000068,CUS009580,INS000005,Auto,168331.68,20437.0,10.846,Closed,2026-01-09,2030-01-09
LOAN000069,CUS003424,INS000002,Personal,202494.87,98640.95,8.423,Defaulted,2021-10-20,2024-10-20
LOAN000070,CUS002953,INS000004,Personal,165748.26,84816.81,9.63,Active,2024-03-14,2028-03-14
LOAN000071,CUS005525,INS000001,Home,199038.22,42794.73,9.705,Active,2025-08-27,2026-08-27
LOAN000072,CUS008026,INS000003,Personal,277090.38,80484.25,16.457,Active,2022-04-12,2025-04-12
LOAN000073,CUS006583,INS000004,Education,87425.04,19314.19,12.997,Active,2021-11-12,2024-11-12
LOAN000074,CUS005232,INS000003,Home,411554.34,287637.72,15.157,Active,2022-09-11,2024-09-11
LOAN000075,CUS001193,INS000005,Education,101444.92,90977.3,9.148,Active,2025-04-03,2029-04-03
LOAN000076,CUS003073,INS000005,Personal,132194.94,74887.36,11.652,Closed,2022-06-27,2026-06-27
LOAN000077,CUS004164,INS000004,Personal,50000.0,42605.63,15.736,Active,2023-09-30,2024-09-30
LOAN000078,CUS008307,INS000001,Personal,378560.44,255924.47,11.647,Active,2023-03-02,2024-03-02
LOAN000079,CUS000858,INS000004,Home,227176.14,23326.96,13.789,Active,2021-11-02,2024-11-02
LOAN000080,CUS000290,INS000004,Personal,78537.98,40408.56,8.468,Active,2025-08-15,2030-08-15
LOAN000081,CUS003812,INS000003,Auto,79993.0,36455.72,16.172,Defaulted,2025-05-15,2027-05-15
LOAN000082,CUS005214,INS000001,Personal,317963.59,98196.92,15.473,Closed,2023-02-03,2024-02-03
LOAN000083,CUS005940,INS000002,Home,117734.03,26293.43,11.578,Active,2026-01-13,2030-01-13
LOAN000084,CUS004643,INS000001,Personal,484327.41,362531.12,17.787,Active,2023-12-03,2024-12-03
LOAN000085,CUS008732,INS000001,Personal,100192.88,88488.24,12.104,Active,2026-04-22,2029-04-22
LOAN000086,CUS004123,INS000003,Auto,130361.23,111896.25,13.899,Closed,2026-07-21,2031-07-21
LOAN000087,CUS005608,INS000003,Personal,206838.71,2916.45,12.878,Closed,2022-05-21,2027-05-21
LOAN000088,CUS009486,INS000001,Auto,161144.41,132535.24,10.439,Active,2023-04-19,2024-04-19
LOAN000089,CUS005850,INS000004,Personal,88251.07,53368.69,12.201,Active,2025-05-15,2027-05-15
LOAN000090,CUS007125,INS000002,Home,198234.49,102007.3,12.771,Active,2023-04-10,2027-04-10
LOAN000091,CUS006314,INS000003,Home,82497.44,10679.17,11.466,Active,2022-11-07,2025-11-07
LOAN000092,CUS008159,INS000005,Personal,217392.26,180752.96,10.605,Active,2023-07-30,2028-07-30
LOAN000093,CUS001107,INS000001,Personal,224795.79,1097.7,15.261,Active,2024-02-20,2025-02-20
LOAN000094,CUS004733,INS000005,Personal,232435.09,53915.23,9.154,Closed,2023-12-27,2024-12-27
LOAN000095,CUS001866,INS000003,Personal,334833.13,132349.04,15.019,Active,2023-08-04,2028-08-04
LOAN000096,CUS008269,INS000001,Auto,81561.56,5351.34,16.933,Active,2023-04-01,2025-04-01
LOAN000097,CUS008264,INS000005,Home,77653.35,64206.63,16.717,Active,2024-02-17,2029-02-17
LOAN000098,CUS009582,INS000004,Home,388728.99,117208.45,11.65,Active,2024-06-15,2027-06-15
LOAN000099,CUS002302,INS000001,Personal,70681.07,12285.34,9.806,Defaulted,2022-08-13,2023-08-13
LOAN000100,CUS001524,INS000001,Education,120048.25,5507.08,16.53,Closed,2023-10-06,2027-10-06
LOAN000101,CUS004910,INS000001,Personal,212787.89,116798.86,12.212,Closed,2025-05-20,2028-05-20
LOAN000102,CUS006712,INS000005,Personal,90681.66,16677.7,11.027,Defaulted,2026-08-01,2029-08-01
LOAN000103,CUS004356,INS000001,Auto,354371.66,143718.2,16.95,Active,2024-10-20,2026-10-20
LOAN000104,CUS007784,INS000001,Education,181665.66,35244.31,8.705,Active,2022-11-08,2026-11-08
LOAN000105,CUS002093,INS000001,Personal,54162.57,24472.07,9.432,Active,2021-12-04,2025-12-04
LOAN000106,CUS008270,INS000003,Home,309008.52,211744.76,12.227,Closed,2022-03-20,2023-03-20
LOAN000107,CUS002381,INS000002,Personal,156271.05,115445.42,12.141,Active,2025-04-26,2026-04-26
LOAN000108,CUS009247,INS000005,Auto,447740.78,260244.81,8.939,Active,2022-04-29,2023-04-29
LOAN000109,CUS005454,INS000004,Personal,425047.07,194482.11,10.535,Active,2022-07-17,2026-07-17
LOAN000110,CUS004664,INS000003,Personal,103470.46,85721.48,11.359,Active,2021-10-13,2022-10-13
LOAN000111,CUS002414,INS000003,Auto,283586.96,125356.96,15.137,Active,2023-12-04,2024-12-04
LOAN000112,CUS005532,INS000003,Education,466504.22,214059.66,17.893,Active,2024-02-21,2025-02-21
LOAN000113,CUS003441,INS000003,Auto,413032.85,323222.23,17.532,Active,2021-10-14,2022-10-14
LOAN000114,CUS004139,INS000003,Home,96120.16,40575.49,14.522,Defaulted,2022-05-07,2026-05-07
LOAN000115,CUS004481,INS000004,Home,294731.28,41722.11,10.667,Closed,2023-05-23,2026-05-23
LOAN000116,CUS000398,INS000003,Personal,50000.0,36598.78,13.322,Active,2022-07-28,2024-07-28
LOAN000117,CUS004503,INS000001,Personal,50416.91,8546.2,11.866,Active,2026-04-28,2029-04-28
LOAN000118,CUS005334,INS000001,Home,141609.11,125944.73,7.622,Defaulted,2024-09-14,2028-09-14
LOAN000119,CUS002911,INS000001,Personal,169002.28,13803.01,10.976,Active,2025-05-01,2028-05-01
LOAN000120,CUS005054,INS000002,Personal,170781.45,9311.94,11.416,Active,2025-02-08,2027-02-08
LOAN000121,CUS004717,INS000004,Home,95896.13,49374.74,9.352,Active,2022-03-27,2024-03-27
LOAN000122,CUS000931,INS000002,Personal,72919.08,46806.37,7.826,Active,2025-10-20,2026-10-20
LOAN000123,CUS003538,INS000001,Personal,379286.3,250837.0,12.227,Closed,2025-10-29,2026-10-29
LOAN000124,CUS001223,INS000004,Home,209827.34,27721.25,7.565,Closed,2025-07-02,2029-07-02
LOAN000125,CUS002734,INS000005,Personal,99788.84,24666.24,16.832,Closed,2025-11-01,2026-11-01
LOAN000126,CUS003941,INS000003,Personal,377218.51,121654.4,8.674,Active,2022-08-16,2025-08-16
LOAN000127,CUS005631,INS000001,Personal,261289.94,54624.38,15.061,Closed,2022-01-05,2025-01-05
LOAN000128,CUS005447,INS000004,Home,461301.09,185719.41,13.037,Active,2024-07-15,2026-07-15
LOAN000129,CUS007921,INS000001,Personal,94095.21,6973.17,16.667,Closed,2024-12-31,2029-12-31
LOAN000130,CUS009669,INS000001,Personal,129799.94,51227.43,10.406,Active,2023-11-12,2028-11-12
LOAN000131,CUS000024,INS000001,Education,488442.27,148118.5,16.171,Active,2026-08-05,2029-08-05
LOAN000132,CUS008878,INS000004,Education,483263.09,261184.99,17.375,Active,2026-05-12,2030-05-12
LOAN000133,CUS005133,INS000002,Personal,180253.13,41943.55,11.014,Active,2026-04-19,2029-04-19
LOAN000134,CUS004121,INS000002,Personal,130444.47,102826.17,7.838,Active,2021-12-31,2024-12-31
LOAN000135,CUS002277,INS000005,Personal,137665.94,98190.84,16.394,Active,2026-08-03,2030-08-03
LOAN000136,CUS007995,INS000004,Home,183899.62,1603.15,9.876,Closed,2025-08-20,2029-08-20
LOAN000137,CUS005565,INS000003,Personal,132262.45,10973.32,12.674,Closed,2025-06-30,2030-06-30
LOAN000138,CUS009174,INS000003,Home,78798.75,12014.07,13.45,Active,2024-11-20,2027-11-20
LOAN000139,CUS003707,INS000005,Education,50000.0,35900.46,15.303,Closed,2022-08-18,2024-08-18
LOAN000140,CUS000301,INS000005,Auto,137883.02,100312.78,11.988,Active,2021-11-23,2025-11-23
LOAN000141,CUS005512,INS000001,Personal,78442.34,13740.06,14.871,Active,2022-12-08,2023-12-08
LOAN000142,CUS008281,INS000003,Personal,80489.31,41964.97,13.775,Active,2021-08-21,2025-08-21
LOAN000143,CUS007198,INS000005,Personal,275132.69,79361.69,10.691,Active,2024-01-30,2029-01-30
LOAN000144,CUS003271,INS000004,Personal,186460.2,165085.5,11.896,Closed,2026-06-22,2029-06-22
LOAN000145,CUS003922,INS000005,Personal,74811.62,47270.12,14.142,Closed,2022-11-22,2027-11-22
LOAN000146,CUS003465,INS000002,Auto,146045.45,62024.8,15.577,Active,2025-03-06,2030-03-06
LOAN000147,CUS001422,INS000001,Education,132419.95,28813.42,9.863,Active,2026-04-27,2030-04-27
LOAN000148,CUS001166,INS000002,Home,284339.03,185257.47,8.172,Closed,2024-10-14,2025-10-14
LOAN000149,CUS001181,INS000002,Education,72724.28,18682.56,15.135,Closed,2022-06-11,2024-06-11
LOAN000150,CUS001467,INS000005,Education,839868.44,792594.11,9.582,Active,2023-11-23,2028-11-23
LOAN000151,CUS005440,INS000003,Personal,186812.77,150499.93,16.79,Active,2025-02-01,2029-02-01
LOAN000152,CUS006717,INS000004,Personal,72558.13,33898.92,11.449,Active,2024-06-28,2029-06-28
LOAN000153,CUS006017,INS000005,Personal,477798.34,366941.08,15.568,Active,2023-01-28,2024-01-28
LOAN000154,CUS000482,INS000004,Education,78812.77,35578.16,10.33,Active,2021-11-07,2022-11-07
LOAN000155,CUS003789,INS000003,Home,52333.56,28522.53,13.93,Active,2024-08-25,2025-08-25
LOAN000156,CUS006621,INS000004,Auto,96373.95,70775.85,9.739,Active,2024-08-26,2026-08-26
LOAN000157,CUS003684,INS000004,Education,53123.8,45182.18,12.037,Closed,2025-12-04,2028-12-04
LOAN000158,CUS001295,INS000003,Personal,360389.02,11061.4,15.074,Active,2025-10-10,2026-10-10
LOAN000159,CUS003177,INS000001,Personal,204195.3,83550.79,15.964,Active,2026-03-03,2028-03-03
LOAN000160,CUS001167,INS000005,Personal,50000.0,40660.06,14.015,Closed,2024-08-15,2027-08-15
LOAN000161,CUS003414,INS000002,Home,50000.0,16058.22,13.673,Active,2024-08-05,2027-08-05
LOAN000162,CUS004436,INS000001,Personal,50000.0,16410.34,9.637,Closed,2025-11-08,2029-11-08
LOAN000163,CUS003018,INS000004,Personal,146515.71,66742.42,7.605,Defaulted,2026-01-27,2030-01-27
LOAN000164,CUS009617,INS000001,Auto,145172.37,102053.59,9.706,Active,2026-01-30,2030-01-30
LOAN000165,CUS002880,INS000003,Auto,264924.75,165027.5,9.482,Closed,2023-12-19,2024-12-19
LOAN000166,CUS007445,INS000003,Personal,382244.39,351262.07,15.66,Active,2022-12-23,2027-12-23
LOAN000167,CUS008205,INS000001,Home,91327.48,5054.44,7.796,Defaulted,2022-02-12,2026-02-12
LOAN000168,CUS009509,INS000005,Personal,242226.07,123947.63,12.736,Active,2024-10-28,2026-10-28
LOAN000169,CUS005998,INS000001,Home,71073.75,23580.53,11.042,Active,2023-07-03,2028-07-03
LOAN000170,CUS005420,INS000005,Personal,1037389.91,395383.23,9.985,Active,2024-08-25,2028-08-25
LOAN000171,CUS005955,INS000002,Home,200526.49,164393.58,15.321,Closed,2024-08-26,2026-08-26
LOAN000172,CUS002110,INS000004,Personal,207777.95,166474.62,10.2,Active,2024-02-29,2028-02-29
LOAN000173,CUS008485,INS000001,Home,50000.0,45588.28,10.231,Active,2021-11-06,2023-11-06
LOAN000174,CUS008493,INS000002,Auto,97485.11,80370.25,16.154,Active,2026-05-28,2030-05-28
LOAN000175,CUS009589,INS000004,Home,655142.6,27494.3,12.329,Active,2023-06-24,2028-06-24
LOAN000176,CUS001815,INS000002,Home,50000.0,19959.08,14.677,Closed,2021-12-29,2024-12-29
LOAN000177,CUS002803,INS000004,Auto,1405941.52,415198.43,17.953,Active,2022-05-20,2023-05-20
LOAN000178,CUS009406,INS000004,Personal,1017112.12,123514.88,14.933,Active,2025-07-27,2028-07-27
LOAN000179,CUS005567,INS000003,Personal,214243.34,158978.04,13.923,Active,2026-04-15,2027-04-15
LOAN000180,CUS000659,INS000001,Education,512929.6,182885.7,11.291,Active,2022-12-05,2027-12-05
LOAN000181,CUS003270,INS000002,Education,180992.78,109807.13,10.048,Closed,2024-09-26,2025-09-26
LOAN000182,CUS008922,INS000005,Auto,318574.61,274571.62,9.023,Active,2025-01-15,2026-01-15
LOAN000183,CUS007972,INS000005,Personal,274052.4,12364.38,14.619,Active,2024-12-10,2025-12-10
LOAN000184,CUS000390,INS000002,Auto,142713.04,16894.53,17.61,Active,2023-07-25,2026-07-25
LOAN000185,CUS002761,INS000004,Personal,77572.42,35726.96,13.207,Active,2021-10-28,2024-10-28
LOAN000186,CUS008028,INS000002,Personal,143364.04,11768.73,11.92,Active,2022-02-26,2024-02-26
LOAN000187,CUS009517,INS000003,Personal,83684.05,55549.47,17.525,Active,2026-04-14,2029-04-14
LOAN000188,CUS004194,INS000003,Personal,90731.17,58604.51,10.442,Active,2022-06-27,2024-06-27
LOAN000189,CUS008460,INS000001,Personal,454183.39,300555.84,10.718,Active,2023-11-08,2026-11-08
LOAN000190,CUS006299,INS000005,Personal,89339.02,36379.14,15.229,Active,2024-05-18,2028-05-18
LOAN000191,CUS000995,INS000005,Home,141141.99,98302.5,11.518,Active,2022-10-23,2026-10-23
LOAN000192,CUS006238,INS000002,Auto,324546.35,54929.2,13.961,Active,2022-11-30,2026-11-30
LOAN000193,CUS005162,INS000005,Auto,75240.78,47113.05,13.947,Closed,2024-03-17,2029-03-17
LOAN000194,CUS005276,INS000003,Personal,141686.58,79244.92,11.256,Active,2025-08-11,2028-08-11
LOAN000195,CUS002925,INS000004,Personal,54164.48,179.18,12.53,Active,2022-01-13,2026-01-13
LOAN000196,CUS000466,INS000002,Home,456985.94,121229.62,17.972,Active,2026-06-03,2028-06-03
LOAN000197,CUS002634,INS000004,Personal,111719.48,83226.57,17.162,Active,2023-09-18,2028-09-18
LOAN000198,CUS001437,INS000005,Personal,94947.31,76452.3,8.299,Active,2026-05-25,2031-05-25
LOAN000199,CUS008940,INS000003,Auto,127442.01,50414.9,10.944,Defaulted,2021-09-24,2023-09-24
LOAN000200,CUS009869,INS000003,Home,79691.75,8154.83,16.03,Active,2025-01-13,2026-01-13
LOAN000201,CUS004554,INS000005,Personal,141109.28,128949.84,8.181,Active,2025-03-12,2026-03-12
LOAN000202,CUS005516,INS000001,Education,428307.49,12272.46,14.703,Active,2025-09-26,2028-09-26
LOAN000203,CUS004818,INS000004,Home,287281.28,159444.7,14.257,Active,2021-12-28,2025-12-28
LOAN000204,CUS001028,INS000002,Home,105282.34,76591.16,12.209,Active,2021-09-17,2022-09-17
LOAN000205,CUS007624,INS000003,Education,50000.0,23893.0,9.969,Active,2024-01-02,2025-01-02
LOAN000206,CUS007203,INS000001,Home,237817.68,81833.14,7.86,Closed,2022-11-17,2023-11-17
LOAN000207,CUS003240,INS000004,Personal,103222.21,50655.4,7.893,Active,2021-11-17,2026-11-17
LOAN000208,CUS001023,INS000003,Education,1394489.83,335882.99,17.57,Defaulted,2024-11-23,2029-11-23
LOAN000209,CUS000685,INS000003,Auto,122089.19,3296.06,16.991,Defaulted,2023-06-23,2024-06-23
LOAN000210,CUS004294,INS000005,Auto,589090.4,489944.56,11.819,Defaulted,2025-11-20,2027-11-20
LOAN000211,CUS003701,INS000004,Personal,50000.0,19191.19,15.163,Closed,2021-12-02,2022-12-02
LOAN000212,CUS004315,INS000005,Education,262419.49,220162.96,16.909,Closed,2025-03-16,2029-03-16
LOAN000213,CUS009496,INS000002,Personal,262025.48,72682.18,13.343,Active,2024-04-05,2029-04-05
LOAN000214,CUS000113,INS000005,Personal,212504.95,39302.51,8.016,Active,2026-03-08,2029-03-08
LOAN000215,CUS006661,INS000005,Education,79265.39,74842.7,16.092,Closed,2021-10-25,2024-10-25
LOAN000216,CUS009396,INS000002,Home,167617.18,125897.09,15.146,Active,2021-12-25,2025-12-25
LOAN000217,CUS006082,INS000001,Education,101774.23,75521.08,16.166,Active,2026-04-16,2030-04-16
LOAN000218,CUS004453,INS000002,Home,113399.76,56634.18,16.769,Active,2021-12-04,2026-12-04
LOAN000219,CUS008030,INS000001,Personal,208716.23,43528.88,10.645,Active,2026-06-27,2029-06-27
LOAN000220,CUS008535,INS000001,Personal,153631.56,8959.55,16.395,Active,2023-01-27,2028-01-27
LOAN000221,CUS009826,INS000003,Home,110863.83,22155.8,17.507,Closed,2025-11-02,2030-11-02
LOAN000222,CUS005740,INS000004,Home,336674.73,289017.05,16.579,Active,2023-06-08,2025-06-08
LOAN000223,CUS002940,INS000003,Education,511423.76,463791.23,17.84,Active,2025-03-31,2030-03-31
LOAN000224,CUS000215,INS000003,Education,67312.32,32144.01,14.169,Active,2022-01-28,2027-01-28
LOAN000225,CUS001583,INS000004,Auto,91628.89,53816.45,11.776,Active,2023-04-28,2028-04-28
LOAN000226,CUS003043,INS000004,Home,82244.55,71498.18,10.836,Active,2025-05-21,2027-05-21
LOAN000227,CUS003811,INS000003,Personal,259930.7,44710.54,17.07,Active,2022-08-15,2024-08-15
LOAN000228,CUS000951,INS000004,Personal,768919.84,593490.28,9.465,Active,2024-10-21,2026-10-21
LOAN000229,CUS000547,INS000005,Personal,351531.87,328646.96,12.513,Active,2024-07-16,2027-07-16
LOAN000230,CUS000614,INS000003,Personal,717551.11,673005.97,9.985,Active,2025-03-05,2028-03-05
LOAN000231,CUS000717,INS000002,Home,304322.55,260050.24,16.971,Active,2024-01-13,2026-01-13
LOAN000232,CUS009471,INS000001,Personal,54543.09,32234.33,13.45,Defaulted,2022-12-24,2024-12-24
LOAN000233,CUS001036,INS000001,Personal,98586.58,57112.25,16.219,Active,2025-06-01,2026-06-01
LOAN000234,CUS005986,INS000005,Home,174548.2,118240.52,10.402,Active,2022-04-20,2023-04-20
LOAN000235,CUS000823,INS000002,Personal,126621.83,116409.46,17.669,Closed,2022-07-22,2023-07-22
LOAN000236,CUS002071,INS000005,Home,73952.52,53563.68,16.263,Active,2021-11-14,2024-11-14
LOAN000237,CUS006387,INS000005,Personal,63673.42,26054.14,12.354,Closed,2026-06-26,2029-06-26
LOAN000238,CUS007632,INS000002,Education,68772.67,17993.54,17.728,Active,2023-04-15,2026-04-15
LOAN000239,CUS007256,INS000004,Personal,200285.33,7022.7,14.209,Active,2026-05-12,2029-05-12
LOAN000240,CUS003802,INS000004,Personal,95123.97,70024.71,9.724,Active,2025-01-04,2027-01-04
LOAN000241,CUS000102,INS000001,Personal,130373.78,101711.74,8.413,Active,2025-04-25,2028-04-25
LOAN000242,CUS000391,INS000001,Home,131170.63,58212.93,8.402,Closed,2024-11-16,2029-11-16
LOAN000243,CUS002890,INS000003,Auto,1615004.23,18747.65,10.49,Active,2021-08-11,2024-08-11
LOAN000244,CUS009736,INS000002,Home,69194.73,19892.36,14.548,Closed,2026-04-28,2029-04-28
LOAN000245,CUS008727,INS000001,Auto,333778.84,186611.92,8.066,Active,2022-06-30,2024-06-30
LOAN000246,CUS006457,INS000004,Personal,219538.51,196947.71,12.492,Active,2023-09-15,2027-09-15
LOAN000247,CUS003078,INS000001,Home,50000.0,40849.95,14.15,Defaulted,2024-10-17,2028-10-17
LOAN000248,CUS004784,INS000002,Education,100091.77,40692.09,11.004,Closed,2025-06-26,2027-06-26
LOAN000249,CUS009568,INS000001,Personal,258529.55,160000.17,8.119,Active,2025-02-06,2028-02-06
LOAN000250,CUS004498,INS000003,Home,170094.53,98085.24,8.132,Active,2021-12-10,2026-12-10
LOAN000251,CUS009024,INS000001,Home,305807.87,175328.71,15.914,Active,2025-05-11,2026-05-11
LOAN000252,CUS001546,INS000001,Personal,175463.97,116747.38,10.185,Active,2023-03-26,2028-03-26
LOAN000253,CUS005134,INS000002,Education,98208.44,31286.2,16.326,Defaulted,2023-01-18,2028-01-18
LOAN000254,CUS009161,INS000002,Personal,431689.0,101687.11,10.912,Active,2026-06-05,2029-06-05
LOAN000255,CUS001952,INS000002,Personal,163131.67,104494.37,17.316,Active,2023-02-05,2028-02-05
LOAN000256,CUS002795,INS000003,Personal,79751.2,75570.89,17.95,Closed,2022-01-31,2026-01-31
LOAN000257,CUS006685,INS000003,Home,255764.34,106485.59,15.876,Active,2024-05-16,2027-05-16
LOAN000258,CUS004957,INS000001,Education,140366.03,74264.34,13.785,Active,2023-12-06,2027-12-06
LOAN000259,CUS005301,INS000005,Personal,109082.19,83552.49,7.869,Active,2023-01-09,2024-01-09
LOAN000260,CUS003217,INS000001,Auto,124510.34,96932.51,13.499,Active,2022-10-20,2026-10-20
LOAN000261,CUS009786,INS000001,Education,130149.64,84860.85,8.037,Active,2025-12-28,2028-12-28
LOAN000262,CUS002644,INS000002,Personal,386011.43,281115.57,16.805,Active,2023-06-25,2025-06-25
LOAN000263,CUS001252,INS000003,Auto,57220.31,9180.69,9.921,Active,2025-02-20,2028-02-20
LOAN000264,CUS005869,INS000005,Personal,88216.77,5510.32,14.24,Active,2024-11-16,2026-11-16
LOAN000265,CUS004021,INS000005,Personal,572631.24,146771.03,12.477,Active,2021-09-10,2022-09-10
LOAN000266,CUS000286,INS000005,Auto,250998.41,67706.43,13.259,Active,2026-03-14,2029-03-14
LOAN000267,CUS005349,INS000002,Auto,285188.68,252235.73,11.615,Active,2022-06-11,2025-06-11
LOAN000268,CUS004003,INS000002,Personal,134902.75,5551.53,10.201,Active,2026-07-31,2028-07-31
LOAN000269,CUS008527,INS000001,Personal,251053.1,28954.04,7.968,Active,2022-06-28,2024-06-28
LOAN000270,CUS008802,INS000001,Education,643488.15,210894.31,13.004,Closed,2026-08-05,2029-08-05
LOAN000271,CUS007361,INS000002,Auto,142414.08,121465.27,8.006,Active,2026-03-19,2027-03-19
LOAN000272,CUS003454,INS000002,Personal,110713.71,9348.81,17.167,Defaulted,2025-03-24,2030-03-24
LOAN000273,CUS004261,INS000001,Personal,209775.35,61029.27,16.171,Defaulted,2026-08-07,2027-08-07
LOAN000274,CUS000883,INS000003,Personal,156969.09,97708.9,17.47,Active,2023-08-07,2027-08-07
LOAN000275,CUS006413,INS000002,Personal,51113.78,18109.81,14.072,Active,2026-01-25,2029-01-25
LOAN000276,CUS006757,INS000002,Home,97300.61,58906.8,16.805,Active,2025-02-09,2028-02-09
LOAN000277,CUS007331,INS000002,Personal,299862.16,149090.06,8.455,Closed,2025-08-07,2030-08-07
LOAN000278,CUS001865,INS000004,Personal,411177.79,313781.16,11.118,Closed,2024-08-01,2026-08-01
LOAN000279,CUS002154,INS000004,Auto,175335.66,9331.18,16.325,Active,2024-09-21,2025-09-21
LOAN000280,CUS008246,INS000005,Personal,551957.82,415932.78,8.821,Active,2024-07-13,2026-07-13
LOAN000281,CUS000992,INS000003,Auto,159977.92,149522.19,11.112,Closed,2022-12-15,2026-12-15
LOAN000282,CUS009250,INS000005,Personal,55786.08,10265.75,11.478,Defaulted,2023-12-12,2024-12-12
LOAN000283,CUS006062,INS000001,Education,431384.78,250819.1,14.659,Active,2022-09-06,2027-09-06
LOAN000284,CUS002870,INS000002,Auto,166145.46,79383.68,9.939,Active,2021-11-06,2024-11-06
LOAN000285,CUS001836,INS000002,Education,233521.38,209116.53,15.005,Active,2023-05-06,2026-05-06
LOAN000286,CUS001469,INS000001,Education,55637.35,13411.31,9.117,Active,2024-02-23,2029-02-23
LOAN000287,CUS004631,INS000003,Personal,159679.53,119640.57,13.184,Active,2023-10-09,2027-10-09
LOAN000288,CUS002437,INS000003,Personal,180107.31,102735.01,14.013,Active,2022-06-16,2027-06-16
LOAN000289,CUS005237,INS000001,Auto,146674.84,23205.86,12.01,Active,2022-08-23,2023-08-23
LOAN000290,CUS002469,INS000005,Personal,296511.97,81597.22,9.936,Closed,2025-09-02,2029-09-02
LOAN000291,CUS006471,INS000003,Education,231884.44,64209.4,17.331,Active,2025-08-13,2027-08-13
LOAN000292,CUS001299,INS000004,Personal,57427.12,5684.67,10.485,Defaulted,2023-06-30,2028-06-30
LOAN000293,CUS006100,INS000004,Auto,175791.0,134039.07,16.656,Active,2024-01-26,2025-01-26
LOAN000294,CUS007376,INS000005,Auto,50016.42,45779.66,14.791,Closed,2026-03-15,2030-03-15
LOAN000295,CUS007020,INS000005,Home,248382.98,136232.02,14.314,Defaulted,2024-01-30,2025-01-30
LOAN000296,CUS006269,INS000005,Personal,93669.79,278.54,17.623,Active,2025-08-16,2028-08-16
LOAN000297,CUS002253,INS000001,Education,148311.16,1317.73,9.426,Active,2025-09-26,2026-09-26
LOAN000298,CUS006707,INS000002,Education,202545.42,25387.52,12.224,Active,2024-04-06,2027-04-06
LOAN000299,CUS000179,INS000005,Home,473049.53,176804.58,16.564,Active,2021-11-16,2023-11-16
LOAN000300,CUS002230,INS000003,Personal,158318.7,125842.88,15.691,Active,2024-07-12,2027-07-12
LOAN000301,CUS004799,INS000005,Home,230844.9,22498.82,9.335,Active,2024-11-02,2027-11-02
LOAN000302,CUS009700,INS000004,Personal,159711.07,64718.03,9.981,Active,2025-07-25,2028-07-25
LOAN000303,CUS008595,INS000002,Personal,195761.9,120124.64,10.19,Closed,2023-05-21,2025-05-21
LOAN000304,CUS008696,INS000004,Auto,316924.0,121347.31,11.423,Active,2026-01-27,2031-01-27
LOAN000305,CUS005012,INS000005,Auto,161373.62,84790.57,13.829,Defaulted,2021-10-31,2023-10-31
LOAN000306,CUS007481,INS000001,Personal,337004.4,33684.65,12.416,Closed,2024-03-08,2029-03-08
LOAN000307,CUS003661,INS000001,Home,198447.02,109617.99,15.085,Active,2025-09-20,2027-09-20
LOAN000308,CUS000208,INS000003,Home,70229.92,5310.33,13.693,Active,2025-01-07,2026-01-07
LOAN000309,CUS003344,INS000004,Home,523545.48,43472.73,16.106,Closed,2024-05-03,2029-05-03
LOAN000310,CUS003421,INS000004,Home,259591.08,120970.61,16.657,Active,2021-12-08,2022-12-08
LOAN000311,CUS000572,INS000002,Home,50000.0,1939.57,15.296,Closed,2026-02-04,2027-02-04
LOAN000312,CUS006165,INS000002,Home,131873.23,79328.75,15.87,Active,2021-09-25,2024-09-25
LOAN000313,CUS003770,INS000004,Auto,1038121.23,837319.6,8.77,Active,2023-05-03,2025-05-03
LOAN000314,CUS000469,INS000001,Home,292401.3,216309.61,15.357,Active,2021-12-11,2026-12-11
LOAN000315,CUS006433,INS000002,Home,316542.03,90904.11,11.058,Active,2026-05-22,2030-05-22
LOAN000316,CUS009487,INS000002,Personal,391353.86,240598.48,14.276,Active,2021-10-30,2023-10-30
LOAN000317,CUS008111,INS000004,Home,50203.07,24160.64,11.3,Active,2022-01-21,2024-01-21
LOAN000318,CUS001996,INS000001,Auto,67782.95,52507.79,7.977,Active,2024-03-07,2026-03-07
LOAN000319,CUS008612,INS000005,Education,143160.23,126851.41,7.507,Active,2024-05-16,2029-05-16
LOAN000320,CUS006394,INS000001,Personal,176816.3,34194.37,14.598,Active,2022-08-08,2027-08-08
LOAN000321,CUS000126,INS000004,Personal,133731.18,2660.89,12.222,Active,2025-12-28,2027-12-28
LOAN000322,CUS005502,INS000001,Auto,282334.69,160678.05,11.612,Active,2025-03-21,2026-03-21
LOAN000323,CUS007079,INS000002,Education,284029.33,231786.86,16.657,Active,2023-02-24,2024-02-24
LOAN000324,CUS003241,INS000004,Personal,451706.3,373600.9,9.499,Closed,2022-07-22,2024-07-22
LOAN000325,CUS008268,INS000003,Personal,908907.64,521237.71,11.032,Active,2023-01-21,2027-01-21
LOAN000326,CUS004277,INS000005,Personal,52677.26,44899.47,14.985,Active,2025-02-22,2028-02-22
LOAN000327,CUS004576,INS000002,Personal,251951.82,5896.72,13.453,Active,2022-02-07,2024-02-07
LOAN000328,CUS002791,INS000004,Auto,185095.1,141696.49,10.179,Closed,2024-12-03,2026-12-03
LOAN000329,CUS002786,INS000003,Education,245968.13,84229.08,11.233,Closed,2021-12-23,2024-12-23
LOAN000330,CUS008260,INS000005,Auto,90420.61,12747.69,14.51,Active,2026-03-03,2027-03-03
LOAN000331,CUS008622,INS000004,Personal,262539.07,12503.98,16.073,Active,2021-11-27,2026-11-27
LOAN000332,CUS003061,INS000003,Education,144876.2,128157.26,11.258,Active,2025-07-22,2026-07-22
LOAN000333,CUS002653,INS000002,Personal,164383.35,14562.19,16.998,Active,2025-03-27,2027-03-27
LOAN000334,CUS006084,INS000004,Personal,50000.0,4835.88,11.644,Active,2026-02-24,2030-02-24
LOAN000335,CUS002626,INS000002,Personal,81556.64,26197.05,13.572,Active,2021-10-07,2024-10-07
LOAN000336,CUS009822,INS000003,Home,50000.0,8844.21,15.483,Active,2025-11-02,2026-11-02
LOAN000337,CUS009076,INS000001,Personal,411609.35,117330.67,16.474,Active,2024-03-08,2025-03-08
LOAN000338,CUS005753,INS000001,Auto,78299.49,38769.9,10.386,Active,2025-07-14,2027-07-14
LOAN000339,CUS004366,INS000005,Auto,217377.23,44648.28,12.95,Closed,2026-03-22,2028-03-22
LOAN000340,CUS007645,INS000001,Education,396773.86,266489.44,15.453,Active,2024-04-21,2026-04-21
LOAN000341,CUS005624,INS000002,Personal,147596.69,52180.15,14.026,Defaulted,2024-02-10,2028-02-10
LOAN000342,CUS009762,INS000003,Home,99067.39,12364.57,16.48,Defaulted,2023-08-18,2028-08-18
LOAN000343,CUS007455,INS000005,Home,106285.24,89283.03,9.452,Active,2022-10-02,2023-10-02
LOAN000344,CUS009218,INS000003,Personal,232433.16,98423.81,16.745,Active,2024-12-28,2027-12-28
LOAN000345,CUS005520,INS000001,Education,92470.19,19000.27,13.564,Closed,2026-04-16,2028-04-16
LOAN000346,CUS007743,INS000005,Education,158848.57,93328.04,17.767,Closed,2024-01-01,2028-01-01
LOAN000347,CUS000329,INS000002,Auto,265560.52,152107.33,8.107,Active,2023-08-21,2028-08-21
LOAN000348,CUS005002,INS000005,Education,50000.0,27030.48,14.256,Active,2024-06-14,2029-06-14
LOAN000349,CUS000421,INS000002,Personal,50000.0,17857.52,7.812,Active,2022-07-05,2027-07-05
LOAN000350,CUS004232,INS000003,Personal,147503.05,56045.07,10.945,Closed,2021-12-27,2025-12-27
LOAN000351,CUS007446,INS000001,Auto,106911.99,14146.58,7.695,Closed,2021-11-29,2025-11-29
LOAN000352,CUS004686,INS000004,Personal,80459.27,37246.93,7.516,Active,2023-03-27,2027-03-27
LOAN000353,CUS003136,INS000003,Personal,211870.16,159532.48,13.902,Active,2023-01-25,2024-01-25
LOAN000354,CUS009019,INS000004,Auto,119731.18,25337.89,11.168,Active,2024-03-03,2029-03-03
LOAN000355,CUS004196,INS000005,Personal,82822.56,51875.26,11.502,Active,2025-01-06,2030-01-06
LOAN000356,CUS004388,INS000002,Auto,102063.22,42796.85,10.733,Active,2026-06-19,2029-06-19
LOAN000357,CUS003052,INS000003,Personal,299098.16,67090.68,17.779,Active,2023-12-11,2025-12-11
LOAN000358,CUS008188,INS000002,Personal,473461.84,15.56,9.303,Active,2025-10-09,2029-10-09
LOAN000359,CUS002588,INS000001,Home,188346.16,107110.37,10.77,Active,2024-09-18,2027-09-18
LOAN000360,CUS001894,INS000002,Personal,152707.82,18937.33,9.784,Active,2026-04-25,2029-04-25
LOAN000361,CUS004397,INS000002,Personal,187247.34,49104.48,13.669,Active,2023-12-06,2026-12-06
LOAN000362,CUS002841,INS000001,Personal,79060.48,57054.52,14.616,Active,2023-03-31,2025-03-31
LOAN000363,CUS002509,INS000002,Personal,176972.41,77585.78,15.486,Active,2024-09-09,2028-09-09
LOAN000364,CUS000921,INS000003,Auto,155858.06,65201.56,12.334,Active,2024-11-27,2029-11-27
LOAN000365,CUS008544,INS000003,Auto,113710.5,49675.73,14.879,Active,2022-03-01,2023-03-01
LOAN000366,CUS004378,INS000003,Home,205842.72,131062.98,15.89,Defaulted,2024-07-16,2025-07-16
LOAN000367,CUS007685,INS000005,Auto,446134.2,353952.28,14.147,Closed,2025-08-26,2026-08-26
LOAN000368,CUS005496,INS000003,Education,779295.13,314973.13,13.267,Active,2024-05-18,2029-05-18
LOAN000369,CUS004065,INS000002,Auto,59027.54,31731.54,16.606,Active,2021-08-19,2023-08-19
LOAN000370,CUS004767,INS000005,Education,78495.41,71995.56,14.132,Active,2021-12-12,2023-12-12
LOAN000371,CUS002611,INS000005,Personal,344109.41,117074.64,13.066,Active,2025-05-11,2029-05-11
LOAN000372,CUS008074,INS000003,Personal,166353.01,132922.21,13.615,Active,2024-03-15,2027-03-15
LOAN000373,CUS005586,INS000003,Home,135735.67,89935.17,11.293,Active,2023-06-10,2026-06-10
LOAN000374,CUS006540,INS000004,Personal,249925.92,120673.45,13.323,Active,2026-04-06,2030-04-06
LOAN000375,CUS003035,INS000003,Home,170352.83,36206.56,11.895,Active,2024-06-01,2027-06-01
LOAN000376,CUS003779,INS000001,Education,53481.44,45469.1,17.085,Active,2022-12-18,2027-12-18
LOAN000377,CUS002650,INS000005,Personal,65303.48,24606.36,17.301,Active,2023-01-20,2028-01-20
LOAN000378,CUS003730,INS000001,Home,167585.65,132723.28,12.482,Active,2026-07-13,2028-07-13
LOAN000379,CUS003347,INS000001,Auto,641434.15,238841.47,14.926,Active,2021-08-31,2022-08-31
LOAN000380,CUS001689,INS000005,Home,63250.11,36543.16,14.263,Active,2022-11-27,2024-11-27
LOAN000381,CUS009251,INS000003,Education,108739.12,33190.78,15.027,Defaulted,2024-08-30,2028-08-30
LOAN000382,CUS006275,INS000001,Personal,83017.25,55753.05,13.394,Closed,2023-05-26,2024-05-26
LOAN000383,CUS003299,INS000004,Personal,338297.08,81567.23,14.631,Active,2025-05-13,2028-05-13
LOAN000384,CUS000886,INS000002,Personal,244918.65,10588.35,13.578,Active,2025-09-16,2028-09-16
LOAN000385,CUS006396,INS000002,Personal,196948.98,51516.47,14.994,Active,2026-01-18,2027-01-18
LOAN000386,CUS000846,INS000005,Personal,181619.73,99958.36,17.118,Active,2022-06-09,2027-06-09
LOAN000387,CUS007397,INS000001,Auto,138238.77,18068.23,13.336,Closed,2022-02-07,2025-02-07
LOAN000388,CUS008048,INS000004,Home,407534.26,24273.27,15.726,Active,2024-11-08,2028-11-08
LOAN000389,CUS000336,INS000002,Education,137988.93,38542.73,11.259,Active,2022-01-11,2026-01-11
LOAN000390,CUS001414,INS000005,Personal,314514.62,35638.18,9.129,Active,2022-09-09,2027-09-09
LOAN000391,CUS005489,INS000005,Auto,265052.71,217921.56,16.842,Active,2024-10-27,2027-10-27
LOAN000392,CUS004118,INS000002,Personal,56700.48,48399.06,14.946,Closed,2022-07-16,2023-07-16
LOAN000393,CUS009612,INS000005,Personal,393442.07,162335.03,9.441,Active,2026-04-15,2028-04-15
LOAN000394,CUS004709,INS000004,Home,246705.67,5136.96,11.23,Closed,2025-06-23,2030-06-23
LOAN000395,CUS001649,INS000002,Home,90941.16,67716.99,11.39,Active,2023-09-08,2024-09-08
LOAN000396,CUS007248,INS000002,Personal,603264.94,354082.65,9.204,Closed,2022-01-25,2026-01-25
LOAN000397,CUS007419,INS000001,Home,532766.21,97764.64,8.375,Active,2026-07-11,2030-07-11
LOAN000398,CUS009798,INS000001,Home,62773.85,55058.83,10.648,Active,2024-06-09,2027-06-09
LOAN000399,CUS007631,INS000004,Education,129542.16,43855.98,13.716,Closed,2026-02-10,2028-02-10
LOAN000400,CUS004546,INS000003,Auto,66979.68,33152.45,12.475,Active,2022-04-22,2023-04-22
LOAN000401,CUS007835,INS000003,Home,167778.64,10480.82,12.767,Active,2024-02-06,2027-02-06
LOAN000402,CUS006972,INS000003,Personal,317209.67,161626.34,10.648,Active,2026-03-04,2030-03-04
LOAN000403,CUS002035,INS000005,Education,53590.92,29725.33,15.31,Active,2023-04-02,2026-04-02
LOAN000404,CUS002229,INS000004,Personal,248621.1,64553.72,15.92,Active,2024-09-14,2025-09-14
LOAN000405,CUS008058,INS000005,Personal,381537.91,261622.61,16.427,Active,2021-08-16,2026-08-16
LOAN000406,CUS006819,INS000003,Auto,136111.77,84672.26,13.669,Closed,2023-08-17,2025-08-17
LOAN000407,CUS002421,INS000004,Auto,75253.09,27230.56,17.0,Active,2025-01-06,2026-01-06
LOAN000408,CUS001605,INS000005,Auto,437298.89,181399.31,8.953,Active,2026-02-10,2031-02-10
LOAN000409,CUS007482,INS000005,Home,124323.56,56705.45,13.983,Active,2024-06-09,2025-06-09
LOAN000410,CUS009527,INS000003,Home,318284.98,35368.41,13.398,Active,2026-05-15,2027-05-15
LOAN000411,CUS006787,INS000001,Personal,147671.46,100459.26,12.157,Active,2024-02-20,2027-02-20
LOAN000412,CUS007340,INS000005,Auto,153691.82,8411.81,13.261,Active,2023-01-24,2027-01-24
LOAN000413,CUS006092,INS000001,Home,75124.45,26733.15,8.188,Active,2026-04-11,2028-04-11
LOAN000414,CUS001650,INS000004,Auto,89942.07,35387.21,14.976,Defaulted,2025-09-13,2026-09-13
LOAN000415,CUS004689,INS000001,Personal,172631.85,48795.81,12.347,Active,2024-06-02,2027-06-02
LOAN000416,CUS009447,INS000004,Personal,220779.41,29432.09,16.171,Active,2026-01-18,2031-01-18
LOAN000417,CUS001304,INS000005,Personal,193969.4,144066.34,15.443,Active,2025-03-24,2027-03-24
LOAN000418,CUS002628,INS000003,Personal,118096.25,65057.82,15.458,Closed,2024-01-01,2026-01-01
LOAN000419,CUS004825,INS000005,Personal,861431.4,66626.25,10.591,Active,2025-10-23,2026-10-23
LOAN000420,CUS001267,INS000003,Personal,192081.22,177439.83,14.317,Active,2021-09-08,2022-09-08
LOAN000421,CUS005984,INS000004,Personal,284714.84,139339.44,15.908,Active,2025-07-10,2026-07-10
LOAN000422,CUS008786,INS000001,Personal,317387.97,259082.32,13.409,Active,2022-04-26,2027-04-26
LOAN000423,CUS000310,INS000005,Education,81426.38,20717.17,8.972,Closed,2025-08-23,2026-08-23
LOAN000424,CUS004884,INS000005,Personal,609075.23,455257.78,15.337,Closed,2023-03-05,2028-03-05
LOAN000425,CUS000777,INS000002,Personal,105723.6,75676.75,16.293,Active,2022-05-03,2023-05-03
LOAN000426,CUS007059,INS000005,Education,54118.36,10857.82,8.726,Active,2025-09-20,2029-09-20
LOAN000427,CUS005327,INS000004,Personal,60040.68,4371.01,12.357,Closed,2024-04-08,2028-04-08
LOAN000428,CUS005670,INS000001,Personal,71852.55,3559.67,9.29,Active,2023-05-15,2027-05-15
LOAN000429,CUS007214,INS000002,Personal,85226.34,47959.18,13.471,Active,2022-08-20,2026-08-20
LOAN000430,CUS001149,INS000002,Personal,177330.08,4099.18,17.504,Closed,2022-09-26,2025-09-26
LOAN000431,CUS002651,INS000001,Home,343878.72,168412.14,7.709,Active,2024-05-22,2026-05-22
LOAN000432,CUS007891,INS000003,Education,128252.57,6328.59,9.549,Active,2026-01-31,2029-01-31
LOAN000433,CUS004782,INS000005,Personal,157919.16,41468.87,11.323,Active,2023-07-23,2027-07-23
LOAN000434,CUS006372,INS000002,Auto,388679.11,357549.43,8.578,Active,2026-05-26,2030-05-26
LOAN000435,CUS002839,INS000001,Personal,116912.02,75097.44,9.862,Active,2026-06-30,2029-06-30
LOAN000436,CUS008092,INS000003,Personal,220600.66,101136.01,14.936,Active,2026-08-04,2027-08-04
LOAN000437,CUS001543,INS000003,Personal,292724.31,5710.15,7.625,Active,2024-05-28,2027-05-28
LOAN000438,CUS000800,INS000003,Personal,427751.99,147140.63,9.763,Defaulted,2023-02-15,2025-02-15
LOAN000439,CUS000842,INS000005,Personal,91916.58,7712.15,12.022,Active,2023-05-21,2026-05-21
LOAN000440,CUS006383,INS000004,Home,385654.78,278302.54,11.942,Active,2024-02-27,2027-02-27
LOAN000441,CUS008421,INS000001,Personal,160988.54,83545.27,15.465,Defaulted,2023-06-14,2028-06-14
LOAN000442,CUS009468,INS000002,Auto,50000.0,22676.65,7.858,Active,2022-12-19,2027-12-19
LOAN000443,CUS006805,INS000003,Education,97186.32,91017.45,8.827,Active,2023-02-14,2026-02-14
LOAN000444,CUS004559,INS000002,Education,78752.94,53863.37,9.614,Active,2025-06-17,2028-06-17
LOAN000445,CUS008088,INS000002,Personal,149436.26,112920.63,11.805,Active,2022-01-13,2027-01-13
LOAN000446,CUS006494,INS000005,Home,191808.53,130938.81,14.062,Active,2022-05-09,2026-05-09
LOAN000447,CUS008986,INS000005,Personal,306098.68,181261.17,9.192,Active,2026-01-05,2027-01-05
LOAN000448,CUS005249,INS000004,Education,303622.64,205434.14,13.412,Closed,2025-06-15,2029-06-15
LOAN000449,CUS008967,INS000005,Auto,167020.38,1059.18,15.322,Closed,2024-01-29,2028-01-29
LOAN000450,CUS006145,INS000004,Auto,50000.0,45489.97,17.28,Active,2024-02-09,2029-02-09
LOAN000451,CUS002116,INS000005,Home,80917.06,27076.77,12.971,Active,2023-06-01,2028-06-01
LOAN000452,CUS009788,INS000004,Home,239131.28,209061.67,9.727,Active,2025-02-23,2030-02-23
LOAN000453,CUS001428,INS000003,Personal,119029.48,25061.61,8.61,Active,2025-06-07,2026-06-07
LOAN000454,CUS003126,INS000002,Personal,72592.0,5906.99,11.573,Active,2023-06-26,2027-06-26
LOAN000455,CUS007134,INS000003,Personal,50000.0,42927.44,17.097,Closed,2025-03-31,2026-03-31
LOAN000456,CUS001748,INS000003,Auto,206049.3,156906.0,12.089,Closed,2022-01-07,2024-01-07
LOAN000457,CUS009732,INS000004,Auto,177776.21,120361.16,15.062,Active,2024-09-21,2025-09-21
LOAN000458,CUS000569,INS000004,Home,343613.79,145923.19,17.885,Active,2026-05-10,2029-05-10
LOAN000459,CUS003832,INS000002,Home,527946.75,175935.91,16.648,Closed,2022-11-29,2025-11-29
LOAN000460,CUS001089,INS000004,Personal,73907.0,67820.82,16.879,Closed,2026-03-04,2031-03-04
LOAN000461,CUS001269,INS000001,Personal,430120.61,68649.18,17.546,Active,2024-01-15,2027-01-15
LOAN000462,CUS000415,INS000001,Auto,50000.0,29444.73,15.142,Active,2025-03-10,2027-03-10
LOAN000463,CUS004944,INS000002,Education,256646.19,158554.49,17.993,Active,2023-09-08,2026-09-08
LOAN000464,CUS009129,INS000004,Personal,518097.57,31234.84,9.592,Active,2023-05-23,2024-05-23
LOAN000465,CUS007013,INS000005,Home,68305.67,17254.05,11.477,Active,2026-06-28,2031-06-28
LOAN000466,CUS002642,INS000003,Personal,238144.83,36902.03,14.786,Active,2026-02-02,2030-02-02
LOAN000467,CUS006027,INS000001,Personal,96384.9,4954.1,12.851,Active,2022-02-10,2026-02-10
LOAN000468,CUS006251,INS000004,Personal,101964.71,57081.89,13.45,Active,2024-12-26,2028-12-26
LOAN000469,CUS006161,INS000003,Auto,321365.35,185012.82,15.109,Active,2025-11-14,2030-11-14
LOAN000470,CUS003436,INS000003,Home,175259.5,29986.69,9.789,Active,2024-07-21,2028-07-21
LOAN000471,CUS007653,INS000004,Education,62291.06,39253.96,13.109,Active,2023-05-24,2028-05-24
LOAN000472,CUS005902,INS000001,Auto,266352.6,70701.94,9.64,Closed,2024-03-08,2028-03-08
LOAN000473,CUS002602,INS000003,Education,285827.54,250654.4,15.631,Active,2023-05-11,2027-05-11
LOAN000474,CUS007769,INS000004,Personal,329261.0,117216.61,15.63,Active,2026-07-13,2028-07-13
LOAN000475,CUS008100,INS000003,Personal,99377.91,12944.57,14.997,Active,2026-04-07,2029-04-07
LOAN000476,CUS007878,INS000002,Education,56713.61,42460.66,12.716,Defaulted,2023-06-25,2024-06-25
LOAN000477,CUS005092,INS000002,Education,160903.84,83107.4,13.153,Active,2022-09-30,2024-09-30
LOAN000478,CUS002232,INS000004,Home,78506.22,65577.72,15.815,Active,2021-12-22,2025-12-22
LOAN000479,CUS007562,INS000003,Personal,326977.1,200839.32,15.71,Active,2022-01-06,2025-01-06
LOAN000480,CUS000216,INS000003,Personal,245115.86,216446.98,17.943,Active,2022-03-28,2027-03-28
LOAN000481,CUS006695,INS000002,Personal,194370.63,121438.34,14.517,Defaulted,2022-08-31,2026-08-31
LOAN000482,CUS008129,INS000004,Auto,536075.58,505598.27,17.088,Active,2026-01-17,2030-01-17
LOAN000483,CUS000509,INS000005,Home,186790.2,86774.22,11.113,Active,2022-11-30,2026-11-30
LOAN000484,CUS008068,INS000004,Personal,515179.83,477195.94,17.218,Active,2025-01-03,2026-01-03
LOAN000485,CUS004871,INS000005,Home,581800.16,73889.08,17.018,Active,2024-06-18,2025-06-18
LOAN000486,CUS003641,INS000003,Personal,234652.58,100304.16,17.286,Active,2025-12-20,2030-12-20
LOAN000487,CUS006786,INS000001,Auto,225461.63,19843.57,14.175,Active,2024-04-24,2029-04-24
LOAN000488,CUS009413,INS000005,Home,188968.35,39729.28,10.369,Active,2021-11-16,2024-11-16
LOAN000489,CUS003568,INS000005,Home,116520.83,6998.02,11.427,Closed,2025-03-09,2026-03-09
LOAN000490,CUS002001,INS000004,Personal,86254.36,70905.3,9.56,Defaulted,2026-06-04,2028-06-04
LOAN000491,CUS001691,INS000001,Personal,227403.97,212318.66,17.08,Closed,2021-12-13,2026-12-13
LOAN000492,CUS003434,INS000001,Personal,664523.16,433903.74,10.21,Active,2022-11-17,2024-11-17
LOAN000493,CUS005920,INS000003,Auto,146697.86,35757.26,8.346,Active,2026-06-03,2027-06-03
LOAN000494,CUS002486,INS000005,Personal,305789.47,189633.24,8.684,Closed,2023-01-06,2024-01-06
LOAN000495,CUS001984,INS000001,Home,513971.49,414020.46,11.706,Active,2024-10-09,2027-10-09
LOAN000496,CUS007616,INS000005,Personal,155590.88,62541.71,16.568,Active,2023-03-14,2028-03-14
LOAN000497,CUS002924,INS000001,Home,102662.04,5369.7,16.496,Active,2026-03-27,2029-03-27
LOAN000498,CUS004354,INS000005,Education,228513.82,187198.93,12.52,Active,2023-07-18,2026-07-18
LOAN000499,CUS001045,INS000003,Personal,269835.0,5936.9,17.204,Active,2025-02-09,2028-02-09
LOAN000500,CUS002212,INS000002,Personal,835634.43,429399.54,12.273,Closed,2025-06-03,2026-06-03
LOAN000501,CUS004304,INS000002,Home,219448.73,119301.65,15.01,Active,2026-06-26,2031-06-26
LOAN000502,CUS005829,INS000003,Personal,50000.0,2539.56,14.703,Active,2022-11-02,2023-11-02
LOAN000503,CUS006564,INS000001,Home,51239.97,21573.96,14.255,Closed,2023-12-05,2027-12-05
LOAN000504,CUS001845,INS000005,Home,225833.33,180716.7,10.045,Active,2024-08-10,2026-08-10
LOAN000505,CUS002836,INS000001,Personal,258466.94,210486.39,17.501,Active,2023-04-24,2024-04-24
LOAN000506,CUS008840,INS000001,Home,1554651.62,596563.68,15.597,Closed,2023-08-06,2025-08-06
LOAN000507,CUS002176,INS000005,Education,92090.86,22811.18,9.199,Active,2023-10-18,2027-10-18
LOAN000508,CUS005395,INS000003,Home,194861.34,60954.93,9.931,Active,2024-07-14,2028-07-14
LOAN000509,CUS008808,INS000005,Personal,50000.0,1537.28,13.708,Defaulted,2022-07-19,2026-07-19
LOAN000510,CUS009856,INS000005,Education,134439.62,13457.77,17.628,Active,2024-09-20,2026-09-20
LOAN000511,CUS007349,INS000004,Auto,585585.13,49590.77,7.801,Active,2025-09-26,2026-09-26
LOAN000512,CUS008116,INS000002,Personal,218422.49,64836.51,14.292,Active,2024-08-24,2026-08-24
LOAN000513,CUS005901,INS000002,Auto,50000.0,32275.91,16.744,Active,2023-02-07,2025-02-07
LOAN000514,CUS003774,INS000003,Personal,51052.14,40715.44,10.501,Active,2021-11-16,2022-11-16
LOAN000515,CUS001187,INS000001,Home,208993.12,42293.63,8.878,Active,2026-03-29,2030-03-29
LOAN000516,CUS001011,INS000001,Home,123201.67,87884.64,17.157,Defaulted,2024-06-25,2026-06-25
LOAN000517,CUS008339,INS000002,Personal,136176.29,96013.33,15.661,Active,2024-08-06,2025-08-06
LOAN000518,CUS002769,INS000001,Education,59144.7,36115.79,17.479,Closed,2024-02-27,2027-02-27
LOAN000519,CUS007121,INS000005,Auto,361459.57,71866.99,12.789,Active,2025-06-18,2030-06-18
LOAN000520,CUS004015,INS000004,Personal,231654.57,212655.88,9.261,Closed,2022-03-31,2027-03-31
LOAN000521,CUS005304,INS000004,Auto,735610.38,265102.47,12.43,Closed,2023-04-13,2024-04-13
LOAN000522,CUS001640,INS000003,Personal,173104.55,43071.34,9.632,Active,2023-12-11,2025-12-11
LOAN000523,CUS005684,INS000003,Personal,50000.0,26867.21,16.682,Active,2024-09-11,2025-09-11
LOAN000524,CUS006959,INS000003,Auto,50000.0,1963.69,17.638,Closed,2026-04-10,2028-04-10
LOAN000525,CUS000809,INS000001,Auto,525244.85,14695.32,14.4,Closed,2026-06-28,2030-06-28
LOAN000526,CUS005399,INS000002,Personal,314189.8,22477.75,7.524,Active,2022-06-07,2025-06-07
LOAN000527,CUS001658,INS000003,Auto,218037.17,95734.94,15.476,Closed,2026-04-13,2031-04-13
LOAN000528,CUS000801,INS000003,Home,281143.12,45152.2,11.552,Active,2024-03-10,2027-03-10
LOAN000529,CUS001249,INS000005,Education,138087.18,97568.53,14.034,Defaulted,2026-05-18,2031-05-18
LOAN000530,CUS004989,INS000001,Personal,207968.94,183993.07,7.794,Active,2025-08-07,2030-08-07
LOAN000531,CUS007732,INS000004,Home,81650.72,73122.09,15.401,Active,2023-11-08,2024-11-08
LOAN000532,CUS003830,INS000003,Home,87687.14,1317.65,14.464,Active,2022-01-18,2026-01-18
LOAN000533,CUS000769,INS000005,Personal,190651.19,36686.75,14.942,Active,2022-10-15,2026-10-15
LOAN000534,CUS009880,INS000002,Personal,79482.81,27187.22,15.356,Active,2025-09-27,2026-09-27
LOAN000535,CUS001251,INS000004,Home,558235.69,345192.94,10.917,Closed,2025-07-24,2027-07-24
LOAN000536,CUS008735,INS000003,Home,50000.0,41558.92,14.525,Active,2022-06-25,2026-06-25
LOAN000537,CUS007425,INS000002,Home,1278912.99,1171241.71,9.221,Active,2025-01-24,2027-01-24
LOAN000538,CUS006068,INS000005,Personal,308354.37,38472.2,12.189,Closed,2026-08-04,2029-08-04
LOAN000539,CUS007008,INS000005,Personal,65422.02,10285.37,8.311,Closed,2021-09-15,2024-09-15
LOAN000540,CUS000379,INS000002,Personal,104366.43,568.82,14.276,Active,2023-05-30,2025-05-30
LOAN000541,CUS006384,INS000003,Personal,409091.42,320683.97,17.208,Closed,2023-05-08,2025-05-08
LOAN000542,CUS009411,INS000002,Home,366083.93,295991.83,16.093,Active,2025-02-16,2028-02-16
LOAN000543,CUS008791,INS000003,Personal,150069.15,134393.25,8.823,Active,2026-07-13,2030-07-13
LOAN000544,CUS002090,INS000002,Auto,188442.12,46999.45,12.385,Closed,2025-12-15,2027-12-15
LOAN000545,CUS005827,INS000003,Personal,180715.28,92763.14,7.903,Active,2023-08-11,2027-08-11
LOAN000546,CUS000881,INS000004,Auto,119094.64,64896.57,7.664,Closed,2022-08-04,2026-08-04
LOAN000547,CUS002383,INS000004,Personal,106807.34,86288.68,8.487,Active,2024-07-11,2026-07-11
LOAN000548,CUS009848,INS000005,Education,92225.96,44649.41,16.534,Active,2023-11-30,2026-11-30
LOAN000549,CUS006834,INS000005,Personal,212594.75,86525.64,15.013,Active,2024-02-04,2028-02-04
LOAN000550,CUS000144,INS000004,Auto,339890.73,103102.05,17.097,Closed,2026-07-01,2028-07-01
LOAN000551,CUS008305,INS000003,Personal,141982.13,116269.91,17.045,Active,2025-03-06,2027-03-06
LOAN000552,CUS002675,INS000003,Auto,430457.8,33789.38,13.148,Active,2022-10-05,2027-10-05
LOAN000553,CUS007385,INS000004,Personal,79964.62,7132.49,11.499,Closed,2021-10-16,2022-10-16
LOAN000554,CUS003919,INS000004,Personal,381245.66,281446.63,12.442,Closed,2025-04-16,2029-04-16
LOAN000555,CUS006724,INS000002,Personal,115704.42,104390.9,9.779,Closed,2025-08-25,2030-08-25
LOAN000556,CUS006664,INS000001,Personal,109354.33,73655.31,17.698,Active,2023-07-12,2024-07-12
LOAN000557,CUS007316,INS000002,Personal,181548.17,46169.34,16.806,Closed,2026-06-15,2027-06-15
LOAN000558,CUS009422,INS000001,Auto,298435.54,72540.46,11.011,Active,2025-07-31,2030-07-31
LOAN000559,CUS005128,INS000004,Education,101922.81,48945.29,12.595,Active,2023-01-01,2028-01-01
LOAN000560,CUS004860,INS000003,Auto,103484.93,57503.36,12.082,Active,2022-11-02,2023-11-02
LOAN000561,CUS007165,INS000005,Home,448452.0,74468.94,14.619,Active,2026-04-25,2029-04-25
LOAN000562,CUS002188,INS000004,Personal,463846.9,329386.14,13.676,Closed,2026-01-06,2030-01-06
LOAN000563,CUS003964,INS000001,Personal,286637.09,45613.32,12.483,Active,2024-10-31,2028-10-31
LOAN000564,CUS009645,INS000005,Personal,281934.86,198113.0,12.622,Active,2025-04-06,2029-04-06
LOAN000565,CUS008641,INS000001,Personal,381619.54,239769.24,10.344,Active,2023-04-21,2028-04-21
LOAN000566,CUS003250,INS000005,Auto,125759.93,83920.53,11.612,Active,2023-10-01,2027-10-01
LOAN000567,CUS002778,INS000003,Personal,178399.87,163014.17,17.728,Active,2021-09-08,2022-09-08
LOAN000568,CUS000960,INS000001,Personal,141664.35,128701.75,16.318,Active,2022-11-03,2024-11-03
LOAN000569,CUS004040,INS000003,Education,392564.22,355634.62,17.798,Active,2023-12-29,2027-12-29
LOAN000570,CUS000485,INS000001,Personal,635150.26,313532.48,11.605,Closed,2025-07-03,2028-07-03
LOAN000571,CUS006727,INS000004,Auto,195239.54,32659.42,10.351,Active,2026-05-19,2027-05-19
LOAN000572,CUS003464,INS000004,Personal,165599.4,155567.37,16.645,Active,2022-11-24,2026-11-24
LOAN000573,CUS007399,INS000002,Home,201055.99,41745.88,14.101,Active,2022-12-07,2026-12-07
LOAN000574,CUS001452,INS000001,Education,198195.81,11473.58,12.58,Active,2023-05-21,2027-05-21
LOAN000575,CUS007219,INS000005,Personal,139951.35,43191.08,15.621,Active,2022-08-26,2026-08-26
LOAN000576,CUS006221,INS000004,Auto,158791.33,69304.09,15.301,Active,2024-09-15,2029-09-15
LOAN000577,CUS004377,INS000002,Personal,1017249.21,619573.05,14.903,Closed,2023-07-06,2026-07-06
LOAN000578,CUS006980,INS000001,Home,345566.64,59631.26,7.806,Active,2026-06-10,2027-06-10
LOAN000579,CUS005861,INS000004,Home,156685.3,29171.33,8.153,Active,2024-12-06,2028-12-06
LOAN000580,CUS003114,INS000003,Home,123018.7,82570.0,12.461,Active,2024-12-11,2028-12-11
LOAN000581,CUS002727,INS000001,Personal,63710.37,11801.51,16.444,Defaulted,2026-06-21,2029-06-21
LOAN000582,CUS002978,INS000005,Auto,50000.0,23453.85,15.248,Closed,2023-11-09,2027-11-09
LOAN000583,CUS004044,INS000003,Auto,345585.1,246386.8,17.726,Active,2023-08-10,2026-08-10
LOAN000584,CUS000799,INS000003,Home,286623.44,138073.32,16.532,Active,2023-10-05,2027-10-05
LOAN000585,CUS008661,INS000002,Education,176439.46,50421.83,15.853,Active,2024-10-25,2029-10-25
LOAN000586,CUS003829,INS000005,Personal,223543.15,81885.45,16.167,Closed,2024-09-14,2026-09-14
LOAN000587,CUS006768,INS000001,Home,102292.85,45221.91,13.964,Active,2022-01-08,2024-01-08
LOAN000588,CUS009522,INS000004,Personal,328649.33,201679.86,17.627,Defaulted,2024-04-15,2028-04-15
LOAN000589,CUS003932,INS000005,Auto,171703.31,75260.16,11.598,Closed,2024-12-09,2025-12-09
LOAN000590,CUS006219,INS000004,Personal,67547.48,25431.78,9.363,Active,2024-06-17,2029-06-17
LOAN000591,CUS009336,INS000002,Personal,702618.55,524762.36,13.557,Active,2025-11-26,2028-11-26
LOAN000592,CUS002088,INS000004,Home,146378.89,40680.1,17.224,Closed,2022-06-17,2027-06-17
LOAN000593,CUS006194,INS000005,Personal,60528.04,2017.44,12.249,Closed,2021-10-02,2022-10-02
LOAN000594,CUS006045,INS000004,Home,110443.61,97964.66,9.747,Active,2026-01-25,2028-01-25
LOAN000595,CUS007587,INS000001,Auto,490405.13,353524.89,13.441,Active,2024-07-15,2025-07-15
LOAN000596,CUS007555,INS000003,Home,50000.0,42727.8,15.884,Active,2023-03-21,2025-03-21
LOAN000597,CUS005457,INS000005,Personal,632597.32,418037.54,15.862,Closed,2025-04-05,2026-04-05
LOAN000598,CUS004905,INS000003,Personal,650186.41,104403.39,15.803,Active,2023-09-28,2027-09-28
LOAN000599,CUS007107,INS000004,Auto,96118.34,48785.42,13.53,Active,2024-03-10,2029-03-10
LOAN000600,CUS008265,INS000003,Education,205170.33,17241.69,10.959,Active,2022-12-30,2027-12-30
LOAN000601,CUS004765,INS000005,Auto,262138.73,215810.16,16.05,Active,2025-12-26,2028-12-26
LOAN000602,CUS008255,INS000004,Education,176414.2,99077.9,15.419,Active,2022-03-07,2025-03-07
LOAN000603,CUS007565,INS000004,Home,320814.59,301775.66,14.273,Active,2025-11-14,2030-11-14
LOAN000604,CUS004438,INS000005,Personal,267927.65,131296.33,16.655,Active,2023-11-15,2025-11-15
LOAN000605,CUS009427,INS000004,Education,185047.96,53650.94,12.359,Active,2024-05-23,2028-05-23
LOAN000606,CUS007919,INS000002,Personal,160152.23,113580.2,9.093,Active,2022-01-25,2025-01-25
LOAN000607,CUS005067,INS000005,Personal,237780.89,167613.65,13.65,Closed,2021-11-10,2022-11-10
LOAN000608,CUS002069,INS000004,Auto,139472.44,33026.34,11.744,Active,2025-01-26,2029-01-26
LOAN000609,CUS004955,INS000005,Personal,206530.22,169353.19,9.952,Closed,2022-01-24,2025-01-24
LOAN000610,CUS001661,INS000002,Auto,50000.0,22013.83,13.78,Active,2022-09-12,2025-09-12
LOAN000611,CUS001514,INS000005,Education,125246.93,49837.19,12.308,Closed,2023-07-03,2027-07-03
LOAN000612,CUS002921,INS000003,Personal,127968.03,6264.22,9.279,Closed,2022-12-18,2024-12-18
LOAN000613,CUS002598,INS000001,Personal,153781.03,19174.36,14.52,Active,2025-04-27,2026-04-27
LOAN000614,CUS001298,INS000003,Home,111467.27,90002.13,9.367,Active,2024-08-25,2027-08-25
LOAN000615,CUS008818,INS000001,Auto,55353.82,16288.08,17.573,Closed,2023-06-05,2027-06-05
LOAN000616,CUS006861,INS000002,Personal,50000.0,7365.97,9.96,Active,2024-12-07,2027-12-07
LOAN000617,CUS002971,INS000003,Home,93869.43,19129.8,14.425,Active,2021-11-02,2024-11-02
LOAN000618,CUS006149,INS000001,Personal,336622.25,73224.21,14.602,Defaulted,2022-12-29,2026-12-29
LOAN000619,CUS007874,INS000003,Auto,141655.91,111462.71,11.226,Active,2024-11-12,2026-11-12
LOAN000620,CUS005426,INS000004,Personal,196318.58,45860.24,13.554,Active,2023-05-12,2028-05-12
LOAN000621,CUS006048,INS000002,Personal,50000.0,21543.64,10.203,Closed,2023-11-12,2026-11-12
LOAN000622,CUS008016,INS000005,Auto,479565.18,363264.13,12.378,Active,2023-08-22,2024-08-22
LOAN000623,CUS000164,INS000001,Personal,87013.52,78245.11,8.198,Active,2023-05-09,2027-05-09
LOAN000624,CUS000371,INS000002,Home,587731.32,269741.26,10.254,Active,2023-02-07,2026-02-07
LOAN000625,CUS000268,INS000001,Auto,314193.26,24217.22,11.237,Active,2022-12-08,2024-12-08
LOAN000626,CUS007001,INS000005,Education,180189.52,6638.69,8.047,Active,2022-11-29,2025-11-29
LOAN000627,CUS007920,INS000004,Education,50000.0,46472.15,9.612,Active,2022-05-16,2024-05-16
LOAN000628,CUS002608,INS000003,Personal,122185.09,50305.37,13.656,Active,2023-11-26,2028-11-26
LOAN000629,CUS005994,INS000001,Auto,132203.06,101988.43,11.469,Active,2023-05-18,2026-05-18
LOAN000630,CUS000885,INS000001,Personal,174120.56,13382.44,13.178,Defaulted,2022-10-06,2025-10-06
LOAN000631,CUS004997,INS000004,Education,98719.4,25245.05,13.493,Closed,2023-10-04,2027-10-04
LOAN000632,CUS002614,INS000004,Auto,93089.3,11986.36,11.388,Active,2025-11-25,2029-11-25
LOAN000633,CUS001734,INS000005,Personal,89521.89,71007.54,16.01,Active,2026-02-09,2030-02-09
LOAN000634,CUS005843,INS000003,Education,76887.99,56418.92,10.057,Active,2024-05-15,2027-05-15
LOAN000635,CUS002721,INS000002,Auto,168641.45,56805.12,13.624,Active,2025-09-15,2029-09-15
LOAN000636,CUS009085,INS000003,Auto,64535.27,56067.61,8.342,Active,2024-07-01,2025-07-01
LOAN000637,CUS001095,INS000003,Auto,72284.87,6684.83,9.812,Active,2023-02-28,2028-02-28
LOAN000638,CUS007167,INS000004,Personal,447163.76,421194.39,8.145,Active,2026-06-13,2030-06-13
LOAN000639,CUS006055,INS000004,Personal,90720.85,44591.59,9.72,Active,2021-12-26,2022-12-26
LOAN000640,CUS003974,INS000001,Personal,169861.46,137651.7,12.337,Closed,2021-10-19,2024-10-19
LOAN000641,CUS005659,INS000003,Personal,558465.87,268373.4,13.281,Closed,2024-12-15,2025-12-15
LOAN000642,CUS008468,INS000005,Personal,331514.52,230128.39,9.825,Active,2023-12-26,2028-12-26
LOAN000643,CUS006363,INS000003,Home,333807.59,59473.67,17.581,Active,2024-10-20,2025-10-20
LOAN000644,CUS003553,INS000005,Auto,178130.82,128797.1,16.069,Active,2022-06-16,2026-06-16
LOAN000645,CUS005478,INS000003,Auto,159982.44,95408.39,15.051,Closed,2023-01-09,2025-01-09
LOAN000646,CUS002999,INS000002,Education,367809.62,108568.24,15.824,Active,2022-09-06,2027-09-06
LOAN000647,CUS000022,INS000005,Auto,61253.7,52441.25,16.729,Closed,2024-11-13,2029-11-13
LOAN000648,CUS002571,INS000001,Auto,118057.88,65055.02,11.107,Active,2022-09-11,2025-09-11
LOAN000649,CUS007724,INS000005,Personal,79297.58,50655.82,11.902,Active,2024-08-20,2026-08-20
LOAN000650,CUS002115,INS000002,Education,183972.4,106586.14,15.638,Active,2022-12-06,2023-12-06
LOAN000651,CUS001544,INS000003,Personal,118876.15,77882.19,14.888,Active,2024-11-04,2025-11-04
LOAN000652,CUS001139,INS000004,Personal,184615.37,151689.76,10.388,Active,2025-06-19,2027-06-19
LOAN000653,CUS000410,INS000004,Home,273232.96,57926.54,13.369,Active,2023-12-02,2024-12-02
LOAN000654,CUS000964,INS000005,Education,380046.86,74644.17,8.731,Closed,2023-10-16,2028-10-16
LOAN000655,CUS007069,INS000005,Home,225219.27,35525.45,10.012,Active,2021-12-07,2026-12-07
LOAN000656,CUS009785,INS000004,Personal,177259.0,58261.29,12.678,Active,2022-07-31,2026-07-31
LOAN000657,CUS006773,INS000002,Home,75533.08,24767.76,11.775,Active,2022-01-09,2027-01-09
LOAN000658,CUS006852,INS000004,Personal,57340.49,38927.05,14.891,Active,2025-06-24,2026-06-24
LOAN000659,CUS003609,INS000002,Personal,223782.42,132920.52,12.641,Closed,2025-06-25,2029-06-25
LOAN000660,CUS005849,INS000003,Personal,69674.84,56899.66,10.072,Active,2022-12-07,2026-12-07
LOAN000661,CUS004153,INS000003,Education,567778.73,285835.9,13.539,Active,2025-05-19,2030-05-19
LOAN000662,CUS005751,INS000003,Personal,216010.29,48078.18,8.767,Active,2022-09-12,2024-09-12
LOAN000663,CUS006086,INS000002,Personal,106828.44,19871.15,17.942,Closed,2026-08-01,2029-08-01
LOAN000664,CUS004362,INS000005,Home,74208.34,32021.77,15.89,Defaulted,2023-05-26,2026-05-26
LOAN000665,CUS005937,INS000004,Home,180416.18,137016.3,9.107,Active,2022-08-01,2026-08-01
LOAN000666,CUS008811,INS000003,Personal,580232.96,338633.35,15.113,Active,2021-09-11,2026-09-11
LOAN000667,CUS008175,INS000005,Auto,140339.61,77519.01,13.419,Closed,2025-08-23,2026-08-23
LOAN000668,CUS002065,INS000001,Personal,99034.61,17714.18,15.17,Active,2025-09-14,2028-09-14
LOAN000669,CUS006947,INS000004,Home,567304.54,446296.2,11.041,Active,2023-08-16,2028-08-16
LOAN000670,CUS005013,INS000002,Personal,134950.62,100269.31,10.262,Active,2025-01-02,2028-01-02
LOAN000671,CUS000442,INS000005,Home,50000.0,44573.07,11.845,Closed,2023-11-02,2028-11-02
LOAN000672,CUS006039,INS000002,Auto,331491.6,31533.97,15.944,Active,2025-10-14,2030-10-14
LOAN000673,CUS003531,INS000004,Auto,61692.06,45859.25,17.464,Closed,2022-10-26,2026-10-26
LOAN000674,CUS007686,INS000002,Auto,50704.19,32151.01,17.704,Active,2026-02-24,2031-02-24
LOAN000675,CUS009895,INS000002,Home,89310.39,58558.52,15.451,Closed,2023-05-05,2024-05-05
LOAN000676,CUS004017,INS000002,Education,91084.39,63390.31,17.075,Active,2022-05-13,2023-05-13
LOAN000677,CUS006380,INS000001,Home,203735.12,156455.44,8.652,Closed,2024-07-23,2025-07-23
LOAN000678,CUS005024,INS000005,Education,100568.49,59109.25,13.187,Active,2023-02-01,2024-02-01
LOAN000679,CUS005667,INS000004,Auto,50000.0,22099.34,8.713,Active,2025-06-01,2028-06-01
LOAN000680,CUS004168,INS000003,Personal,295361.54,182212.02,15.265,Active,2025-02-19,2030-02-19
LOAN000681,CUS008594,INS000001,Home,101211.2,91620.69,11.524,Active,2024-10-17,2029-10-17
LOAN000682,CUS000355,INS000002,Education,114910.49,47555.85,17.724,Active,2023-11-10,2025-11-10
LOAN000683,CUS009241,INS000004,Home,115170.86,99600.58,17.163,Active,2023-01-05,2028-01-05
LOAN000684,CUS006715,INS000005,Personal,105644.55,99024.24,8.289,Active,2024-06-01,2028-06-01
LOAN000685,CUS002840,INS000005,Education,197876.48,70736.77,8.258,Active,2022-05-13,2025-05-13
LOAN000686,CUS009500,INS000005,Home,127050.25,22699.54,14.104,Closed,2021-10-31,2026-10-31
LOAN000687,CUS009290,INS000001,Home,95929.85,61649.32,14.775,Active,2024-04-07,2028-04-07
LOAN000688,CUS001818,INS000005,Education,290716.78,66821.02,13.005,Active,2026-01-02,2029-01-02
LOAN000689,CUS008431,INS000005,Education,274563.96,78057.73,9.979,Active,2022-09-05,2025-09-05
LOAN000690,CUS002665,INS000004,Personal,100842.92,52996.48,10.098,Active,2022-07-23,2025-07-23
LOAN000691,CUS003967,INS000003,Personal,143189.92,69767.74,8.343,Active,2024-10-26,2025-10-26
LOAN000692,CUS007435,INS000003,Personal,154746.24,102145.17,17.936,Active,2021-09-13,2025-09-13
LOAN000693,CUS005613,INS000002,Personal,386425.08,310850.21,12.694,Active,2025-10-20,2029-10-20
LOAN000694,CUS008341,INS000002,Personal,293328.9,260167.74,14.501,Active,2023-07-16,2025-07-16
LOAN000695,CUS006657,INS000004,Home,50000.0,224.36,15.838,Active,2025-05-05,2030-05-05
LOAN000696,CUS009650,INS000004,Home,84420.46,30020.75,12.179,Closed,2024-11-14,2029-11-14
LOAN000697,CUS009986,INS000001,Personal,198978.47,120803.31,17.883,Active,2024-11-20,2026-11-20
LOAN000698,CUS003882,INS000003,Education,551526.59,497837.87,13.128,Closed,2025-07-02,2030-07-02
LOAN000699,CUS003823,INS000004,Personal,340038.43,124830.51,11.58,Active,2023-10-29,2025-10-29
LOAN000700,CUS000891,INS000002,Auto,233197.86,71704.54,9.146,Active,2025-06-30,2030-06-30
LOAN000701,CUS003726,INS000001,Personal,75470.08,55214.18,11.407,Closed,2024-07-26,2025-07-26
LOAN000702,CUS002483,INS000002,Home,142272.93,91472.11,12.01,Active,2023-08-05,2026-08-05
LOAN000703,CUS009128,INS000005,Education,483417.73,22662.83,16.143,Active,2023-05-16,2024-05-16
LOAN000704,CUS001191,INS000005,Home,139211.27,69815.59,14.42,Active,2026-03-19,2031-03-19
LOAN000705,CUS006725,INS000001,Auto,75010.77,48475.0,15.789,Active,2022-07-01,2024-07-01
LOAN000706,CUS006064,INS000005,Auto,295633.56,46490.68,11.816,Active,2023-07-05,2026-07-05
LOAN000707,CUS009197,INS000005,Home,142643.93,78498.19,9.891,Active,2024-09-08,2029-09-08
LOAN000708,CUS001669,INS000003,Education,116427.74,6073.36,7.973,Defaulted,2025-09-01,2028-09-01
LOAN000709,CUS005636,INS000001,Personal,250341.86,80412.59,16.608,Active,2023-04-29,2025-04-29
LOAN000710,CUS000330,INS000002,Personal,97253.42,35.95,11.72,Active,2025-03-26,2028-03-26
LOAN000711,CUS008854,INS000003,Auto,398453.31,231884.21,10.397,Active,2022-07-28,2024-07-28
LOAN000712,CUS004382,INS000004,Auto,65095.57,15648.78,12.865,Active,2024-11-30,2025-11-30
LOAN000713,CUS002215,INS000005,Home,394410.02,349098.3,14.091,Active,2022-08-16,2024-08-16
LOAN000714,CUS007751,INS000004,Home,131082.0,687.47,12.335,Closed,2022-10-27,2023-10-27
LOAN000715,CUS008388,INS000005,Personal,53023.87,44726.05,9.472,Active,2025-12-09,2026-12-09
LOAN000716,CUS005265,INS000004,Auto,302976.36,271103.29,15.761,Active,2021-09-17,2024-09-17
LOAN000717,CUS004683,INS000001,Personal,357739.48,7858.15,8.15,Active,2023-03-12,2024-03-12
LOAN000718,CUS009344,INS000005,Home,50000.0,20259.16,10.387,Active,2024-10-28,2025-10-28
LOAN000719,CUS004023,INS000005,Home,115293.77,98954.06,12.837,Closed,2023-01-03,2027-01-03
LOAN000720,CUS008490,INS000002,Home,127243.59,94706.51,8.309,Closed,2023-10-30,2026-10-30
LOAN000721,CUS007596,INS000005,Education,121945.1,7745.76,11.291,Active,2024-04-23,2028-04-23
LOAN000722,CUS007314,INS000002,Auto,123913.42,109118.27,16.065,Active,2023-07-22,2027-07-22
LOAN000723,CUS008334,INS000005,Auto,307093.3,40348.12,9.36,Active,2023-12-05,2027-12-05
LOAN000724,CUS002986,INS000003,Personal,72571.86,65086.93,16.7,Active,2025-10-08,2027-10-08
LOAN000725,CUS007454,INS000004,Home,90007.83,58057.17,10.696,Closed,2025-06-18,2027-06-18
LOAN000726,CUS009400,INS000003,Personal,161033.24,20517.17,14.499,Closed,2021-12-29,2022-12-29
LOAN000727,CUS004113,INS000001,Education,538382.74,352104.96,12.857,Active,2026-02-04,2029-02-04
LOAN000728,CUS004422,INS000001,Auto,50000.0,44244.98,17.675,Defaulted,2025-12-04,2026-12-04
LOAN000729,CUS009601,INS000005,Home,69958.11,41143.53,11.839,Active,2024-04-21,2026-04-21
LOAN000730,CUS007414,INS000003,Personal,638972.71,45817.47,9.861,Active,2022-02-23,2024-02-23
LOAN000731,CUS008770,INS000005,Personal,257934.99,52801.62,10.764,Closed,2024-04-30,2027-04-30
LOAN000732,CUS008361,INS000005,Personal,217967.93,100318.95,15.624,Defaulted,2022-08-05,2027-08-05
LOAN000733,CUS005342,INS000005,Personal,139869.59,54239.91,14.89,Active,2024-05-10,2025-05-10
LOAN000734,CUS001959,INS000004,Personal,50000.0,23351.25,13.928,Active,2022-09-10,2024-09-10
LOAN000735,CUS008602,INS000004,Education,195187.84,91189.49,16.237,Active,2025-01-26,2029-01-26
LOAN000736,CUS002599,INS000002,Personal,69673.89,39034.96,15.108,Active,2024-06-13,2029-06-13
LOAN000737,CUS007489,INS000001,Education,502720.94,422528.89,8.146,Active,2025-09-18,2029-09-18
LOAN000738,CUS003280,INS000002,Personal,294503.42,237133.75,9.641,Active,2023-05-14,2026-05-14
LOAN000739,CUS001254,INS000004,Personal,380857.08,231499.09,13.006,Active,2025-11-08,2028-11-08
LOAN000740,CUS006978,INS000003,Auto,140947.47,107309.52,10.282,Active,2025-07-26,2028-07-26
LOAN000741,CUS002781,INS000001,Education,50000.0,8356.08,14.759,Active,2022-09-04,2026-09-04
LOAN000742,CUS001519,INS000004,Auto,1532773.93,162069.81,11.193,Active,2025-12-15,2028-12-15
LOAN000743,CUS007321,INS000003,Auto,74532.66,37049.0,13.242,Defaulted,2021-09-21,2026-09-21
LOAN000744,CUS000038,INS000005,Personal,378936.79,234549.25,17.143,Active,2022-01-25,2026-01-25
LOAN000745,CUS007518,INS000004,Auto,201139.51,58239.23,8.885,Active,2023-09-28,2025-09-28
LOAN000746,CUS002801,INS000005,Personal,50000.0,43923.48,10.989,Closed,2026-04-11,2030-04-11
LOAN000747,CUS009551,INS000002,Education,50000.0,5095.12,15.523,Active,2023-12-21,2027-12-21
LOAN000748,CUS004372,INS000004,Education,52262.79,13138.37,8.09,Active,2021-11-02,2024-11-02
LOAN000749,CUS000845,INS000005,Personal,64547.97,59075.42,12.385,Active,2024-03-31,2029-03-31
LOAN000750,CUS000491,INS000001,Personal,368466.92,270182.27,11.596,Active,2023-08-24,2026-08-24
LOAN000751,CUS007208,INS000001,Home,576172.32,109767.78,16.009,Active,2022-08-04,2025-08-04
LOAN000752,CUS009951,INS000001,Personal,84073.26,29466.81,9.076,Closed,2022-03-17,2027-03-17
LOAN000753,CUS000657,INS000001,Auto,325680.94,224720.44,17.925,Active,2024-01-19,2025-01-19
LOAN000754,CUS001473,INS000003,Home,50000.0,43604.44,17.017,Active,2024-04-29,2026-04-29
LOAN000755,CUS009081,INS000003,Personal,179967.37,43288.19,10.97,Active,2025-12-16,2028-12-16
LOAN000756,CUS005784,INS000003,Education,68407.12,61696.15,11.554,Active,2022-08-15,2023-08-15
LOAN000757,CUS007437,INS000003,Personal,220090.22,129808.16,9.35,Defaulted,2023-01-22,2024-01-22
LOAN000758,CUS005104,INS000003,Auto,120822.21,45715.88,14.537,Active,2022-03-10,2027-03-10
LOAN000759,CUS008843,INS000001,Auto,354001.89,319629.5,14.346,Active,2024-03-30,2029-03-30
LOAN000760,CUS008634,INS000002,Home,113463.02,99955.22,11.152,Active,2026-06-10,2030-06-10
LOAN000761,CUS006949,INS000005,Personal,100306.54,38740.03,17.521,Active,2021-12-08,2023-12-08
LOAN000762,CUS004129,INS000001,Personal,207918.1,71325.72,15.491,Active,2023-09-09,2028-09-09
LOAN000763,CUS002534,INS000004,Home,444217.69,413885.39,16.547,Active,2024-03-13,2025-03-13
LOAN000764,CUS003947,INS000003,Auto,136207.5,107282.53,10.836,Active,2022-02-18,2025-02-18
LOAN000765,CUS003255,INS000005,Personal,50000.0,21792.89,8.345,Closed,2024-10-19,2026-10-19
LOAN000766,CUS004942,INS000002,Education,92919.62,57809.04,14.172,Defaulted,2024-08-28,2029-08-28
LOAN000767,CUS001113,INS000002,Home,226023.4,67071.69,10.295,Active,2024-07-06,2027-07-06
LOAN000768,CUS009069,INS000005,Personal,117295.79,106982.99,12.389,Active,2023-12-01,2024-12-01
LOAN000769,CUS005835,INS000003,Education,254893.24,88191.01,16.243,Active,2022-09-09,2025-09-09
LOAN000770,CUS001554,INS000003,Auto,326888.51,43838.23,15.258,Closed,2026-06-20,2027-06-20
LOAN000771,CUS009559,INS000005,Personal,106480.84,88211.67,13.377,Closed,2026-02-21,2031-02-21
LOAN000772,CUS004654,INS000001,Education,288755.04,161036.93,16.86,Active,2025-01-30,2026-01-30
LOAN000773,CUS000830,INS000001,Home,50000.0,34371.76,10.959,Active,2025-09-09,2026-09-09
LOAN000774,CUS005091,INS000005,Personal,211881.61,179100.29,17.93,Active,2024-03-29,2025-03-29
LOAN000775,CUS003962,INS000005,Personal,269095.08,194506.91,8.177,Active,2026-07-17,2029-07-17
LOAN000776,CUS009875,INS000001,Auto,204070.62,123701.5,9.582,Closed,2026-03-06,2029-03-06
LOAN000777,CUS006567,INS000001,Home,785149.54,328237.04,13.673,Active,2025-12-14,2028-12-14
LOAN000778,CUS002488,INS000001,Education,175542.23,136198.38,12.202,Active,2026-04-30,2029-04-30
LOAN000779,CUS001946,INS000001,Personal,297150.39,47116.69,15.542,Active,2024-04-08,2028-04-08
LOAN000780,CUS002404,INS000002,Personal,115499.47,102161.86,13.417,Closed,2022-10-20,2023-10-20
LOAN000781,CUS009110,INS000001,Auto,303432.76,195479.42,9.984,Closed,2022-12-13,2025-12-13
LOAN000782,CUS002265,INS000003,Home,262113.96,88716.52,12.598,Closed,2023-04-16,2025-04-16
LOAN000783,CUS007948,INS000004,Personal,263046.95,230830.0,12.541,Active,2024-05-10,2029-05-10
LOAN000784,CUS007918,INS000004,Home,934664.24,605539.31,7.644,Active,2024-02-28,2027-02-28
LOAN000785,CUS008185,INS000001,Education,104183.48,27023.51,14.777,Active,2025-09-29,2028-09-29
LOAN000786,CUS004640,INS000005,Personal,113426.47,56491.38,16.615,Active,2024-05-23,2029-05-23
LOAN000787,CUS009041,INS000002,Personal,50000.0,16012.55,16.565,Closed,2023-07-09,2026-07-09
LOAN000788,CUS000861,INS000001,Personal,78731.41,34692.95,17.67,Active,2024-06-29,2025-06-29
LOAN000789,CUS002954,INS000004,Home,89526.51,36475.84,13.416,Active,2025-02-22,2028-02-22
LOAN000790,CUS002030,INS000001,Auto,254150.4,113897.09,7.815,Closed,2023-10-27,2026-10-27
LOAN000791,CUS002108,INS000004,Education,56786.38,29047.42,12.681,Active,2026-06-03,2029-06-03
LOAN000792,CUS009309,INS000004,Personal,328430.74,17702.53,17.041,Closed,2025-09-07,2028-09-07
LOAN000793,CUS006199,INS000002,Personal,136223.65,69993.49,9.31,Active,2021-08-31,2025-08-31
LOAN000794,CUS008502,INS000004,Home,57971.27,23076.54,15.726,Active,2024-09-11,2025-09-11
LOAN000795,CUS000354,INS000004,Home,131734.85,107985.12,8.341,Active,2025-11-26,2027-11-26
LOAN000796,CUS000825,INS000001,Personal,458200.88,194483.62,16.165,Active,2021-10-09,2023-10-09
LOAN000797,CUS001313,INS000002,Personal,97598.23,56808.59,14.49,Active,2022-01-27,2024-01-27
LOAN000798,CUS008865,INS000002,Personal,78557.32,72393.19,17.666,Active,2022-11-10,2027-11-10
LOAN000799,CUS009464,INS000001,Personal,368226.72,61294.16,14.255,Closed,2026-03-10,2031-03-10
LOAN000800,CUS008617,INS000001,Personal,218117.43,95002.49,8.589,Active,2022-03-16,2025-03-16
LOAN000801,CUS000101,INS000004,Auto,123236.31,21282.19,17.284,Active,2025-05-17,2029-05-17
LOAN000802,CUS006928,INS000005,Personal,89450.04,33327.77,11.144,Active,2024-06-22,2025-06-22
LOAN000803,CUS009143,INS000001,Auto,328877.32,83789.95,11.14,Closed,2024-11-10,2026-11-10
LOAN000804,CUS008406,INS000004,Education,69870.6,50681.78,14.636,Defaulted,2021-12-06,2025-12-06
LOAN000805,CUS008999,INS000003,Personal,121861.76,46766.05,15.948,Active,2023-11-30,2024-11-30
LOAN000806,CUS006692,INS000002,Personal,242677.54,6797.73,10.838,Active,2023-10-19,2028-10-19
LOAN000807,CUS000708,INS000003,Personal,254930.98,233902.5,16.106,Defaulted,2022-08-30,2026-08-30
LOAN000808,CUS003786,INS000001,Auto,72622.12,41653.73,15.24,Active,2025-02-22,2026-02-22
LOAN000809,CUS007829,INS000005,Personal,50000.0,429.67,12.476,Closed,2024-10-13,2026-10-13
LOAN000810,CUS000512,INS000004,Personal,371740.06,245567.66,16.935,Active,2026-07-15,2029-07-15
LOAN000811,CUS006425,INS000003,Auto,121560.81,38895.55,13.551,Active,2026-04-25,2027-04-25
LOAN000812,CUS005106,INS000003,Personal,232709.77,23605.95,16.123,Active,2023-04-26,2025-04-26
LOAN000813,CUS005124,INS000002,Personal,69890.85,7158.84,12.502,Active,2023-06-27,2028-06-27
LOAN000814,CUS008204,INS000001,Personal,62001.05,10962.23,13.626,Closed,2022-07-14,2025-07-14
LOAN000815,CUS006040,INS000005,Personal,263956.87,178055.91,13.495,Active,2026-01-31,2028-01-31
LOAN000816,CUS009694,INS000003,Personal,127383.32,10889.2,10.808,Active,2022-12-19,2023-12-19
LOAN000817,CUS005826,INS000003,Personal,202360.02,50080.35,14.447,Active,2024-09-18,2028-09-18
LOAN000818,CUS006998,INS000002,Home,415096.96,27659.12,15.136,Active,2021-09-02,2024-09-02
LOAN000819,CUS003041,INS000005,Auto,87467.89,75920.6,10.033,Active,2025-02-12,2028-02-12
LOAN000820,CUS006660,INS000004,Auto,197454.7,26582.28,16.342,Active,2021-10-24,2022-10-24
LOAN000821,CUS001619,INS000002,Personal,349217.98,189813.45,17.26,Active,2025-06-02,2030-06-02
LOAN000822,CUS006675,INS000003,Auto,50000.0,41601.77,12.754,Active,2023-08-03,2026-08-03
LOAN000823,CUS009865,INS000003,Education,127446.37,45260.5,11.844,Active,2024-08-19,2026-08-19
LOAN000824,CUS002442,INS000002,Home,303413.46,213869.69,16.495,Closed,2026-03-01,2031-03-01
LOAN000825,CUS006280,INS000003,Home,122963.65,114555.02,10.006,Active,2026-03-09,2030-03-09
LOAN000826,CUS003479,INS000005,Personal,386242.84,160682.5,15.652,Active,2024-02-08,2029-02-08
LOAN000827,CUS000692,INS000005,Home,250537.32,11038.77,10.966,Active,2026-03-04,2031-03-04
LOAN000828,CUS000192,INS000005,Home,71611.72,39937.34,11.386,Active,2022-07-29,2023-07-29
LOAN000829,CUS009672,INS000004,Auto,388785.1,299208.3,14.144,Active,2025-03-22,2026-03-22
LOAN000830,CUS007319,INS000002,Home,230679.93,27619.83,11.675,Active,2024-06-05,2028-06-05
LOAN000831,CUS006453,INS000002,Personal,189154.44,92657.71,11.306,Active,2024-10-02,2025-10-02
LOAN000832,CUS006806,INS000004,Auto,486451.27,351912.37,11.748,Active,2023-01-18,2028-01-18
LOAN000833,CUS002359,INS000005,Home,101274.44,73685.26,12.295,Closed,2022-05-30,2024-05-30
LOAN000834,CUS006031,INS000005,Auto,113694.66,79853.03,14.747,Active,2024-04-22,2029-04-22
LOAN000835,CUS000700,INS000002,Education,234493.87,169688.51,15.122,Closed,2025-07-21,2029-07-21
LOAN000836,CUS005962,INS000001,Education,125289.0,61858.38,10.996,Active,2022-02-01,2023-02-01
LOAN000837,CUS006726,INS000003,Home,116977.8,91050.66,8.064,Active,2023-06-14,2024-06-14
LOAN000838,CUS005675,INS000002,Personal,106854.92,60678.54,12.247,Active,2022-01-08,2027-01-08
LOAN000839,CUS000539,INS000002,Auto,197226.11,178611.04,9.445,Active,2024-12-19,2026-12-19
LOAN000840,CUS009675,INS000003,Personal,102199.97,28448.81,11.966,Active,2023-11-25,2025-11-25
LOAN000841,CUS001535,INS000005,Auto,182512.96,145143.18,11.355,Active,2022-06-28,2026-06-28
LOAN000842,CUS008845,INS000001,Auto,112688.83,65540.12,8.305,Closed,2026-03-15,2031-03-15
LOAN000843,CUS004297,INS000005,Auto,52647.53,38091.35,7.986,Active,2025-07-30,2030-07-30
LOAN000844,CUS008698,INS000003,Auto,442377.71,181015.07,15.192,Defaulted,2024-12-21,2027-12-21
LOAN000845,CUS001228,INS000001,Personal,91884.83,62056.1,8.116,Active,2026-07-10,2028-07-10
LOAN000846,CUS001110,INS000003,Personal,128791.01,94331.89,16.488,Active,2025-03-10,2027-03-10
LOAN000847,CUS001924,INS000003,Home,125193.57,79713.68,11.191,Active,2022-07-08,2023-07-08
LOAN000848,CUS004386,INS000001,Personal,151309.56,90864.02,14.312,Active,2025-08-05,2029-08-05
LOAN000849,CUS003123,INS000004,Personal,214539.27,173003.45,15.744,Active,2025-05-14,2030-05-14
LOAN000850,CUS001078,INS000005,Personal,156433.64,139559.55,16.148,Active,2023-04-15,2025-04-15
LOAN000851,CUS000403,INS000001,Personal,128390.51,109434.76,8.965,Closed,2022-08-12,2026-08-12
LOAN000852,CUS008853,INS000001,Personal,50692.9,3987.7,12.098,Closed,2026-03-15,2028-03-15
LOAN000853,CUS002011,INS000005,Personal,118103.5,63839.61,12.784,Active,2021-10-01,2022-10-01
LOAN000854,CUS009637,INS000001,Personal,119166.65,12227.47,10.555,Closed,2026-06-26,2029-06-26
LOAN000855,CUS009376,INS000005,Education,358430.48,221466.77,8.778,Active,2022-05-16,2024-05-16
LOAN000856,CUS009322,INS000005,Personal,57205.12,9529.71,16.355,Active,2024-04-10,2027-04-10
LOAN000857,CUS006826,INS000001,Home,246812.82,153186.23,11.274,Closed,2022-05-05,2027-05-05
LOAN000858,CUS009457,INS000001,Home,100758.77,86319.98,10.72,Defaulted,2022-04-29,2026-04-29
LOAN000859,CUS000152,INS000001,Personal,187576.17,81779.62,14.856,Active,2024-01-10,2025-01-10
LOAN000860,CUS004891,INS000005,Personal,734123.65,668219.23,8.822,Active,2021-08-18,2025-08-18
LOAN000861,CUS008757,INS000005,Personal,486663.83,250622.05,12.95,Active,2025-12-05,2028-12-05
LOAN000862,CUS004287,INS000005,Education,211134.94,136083.11,16.551,Closed,2022-12-04,2023-12-04
LOAN000863,CUS005490,INS000005,Education,107380.17,93921.81,12.715,Closed,2022-03-17,2026-03-17
LOAN000864,CUS008398,INS000002,Personal,61285.55,39859.77,17.439,Closed,2024-02-08,2028-02-08
LOAN000865,CUS008682,INS000003,Education,130962.74,21330.63,11.401,Defaulted,2021-12-12,2023-12-12
LOAN000866,CUS004982,INS000003,Auto,549589.95,39513.15,17.606,Active,2022-12-18,2024-12-18
LOAN000867,CUS008660,INS000004,Personal,340606.29,111763.7,7.938,Closed,2025-12-25,2030-12-25
LOAN000868,CUS002852,INS000002,Home,166523.05,72530.62,16.263,Closed,2022-08-28,2027-08-28
LOAN000869,CUS006214,INS000004,Education,209675.65,40501.8,14.51,Closed,2025-07-04,2028-07-04
LOAN000870,CUS007939,INS000001,Education,96773.08,18048.67,9.409,Active,2023-05-05,2028-05-05
LOAN000871,CUS005903,INS000001,Personal,215410.14,75905.76,8.296,Active,2024-08-25,2027-08-25
LOAN000872,CUS002891,INS000005,Education,137741.71,120617.03,8.215,Active,2021-12-31,2022-12-31
LOAN000873,CUS008675,INS000004,Home,143184.89,74616.86,14.631,Active,2024-01-19,2026-01-19
LOAN000874,CUS009915,INS000003,Personal,158063.64,37755.51,11.445,Closed,2026-04-21,2030-04-21
LOAN000875,CUS008160,INS000001,Personal,70536.4,44592.34,17.279,Active,2025-12-19,2028-12-19
LOAN000876,CUS008491,INS000001,Auto,233503.24,59748.7,10.963,Active,2024-03-31,2028-03-31
LOAN000877,CUS003821,INS000005,Auto,133957.18,19912.52,17.086,Active,2024-01-29,2025-01-29
LOAN000878,CUS006599,INS000004,Education,205517.11,16648.69,17.491,Active,2023-09-09,2024-09-09
LOAN000879,CUS001566,INS000001,Home,285924.65,181010.31,13.249,Active,2023-05-25,2025-05-25
LOAN000880,CUS003427,INS000002,Personal,60198.9,36975.04,12.031,Defaulted,2025-07-03,2029-07-03
LOAN000881,CUS007782,INS000002,Personal,67302.66,47659.12,11.839,Active,2025-02-24,2029-02-24
LOAN000882,CUS002750,INS000003,Personal,140914.93,8330.02,10.255,Active,2023-06-18,2026-06-18
LOAN000883,CUS005629,INS000005,Auto,617272.53,294177.0,9.783,Active,2026-02-27,2028-02-27
LOAN000884,CUS008684,INS000003,Personal,124559.09,6541.94,9.008,Active,2022-04-25,2026-04-25
LOAN000885,CUS007088,INS000005,Personal,103066.38,16741.41,13.619,Active,2026-05-20,2027-05-20
LOAN000886,CUS005859,INS000003,Home,50000.0,27367.99,17.151,Active,2024-05-29,2029-05-29
LOAN000887,CUS004666,INS000002,Home,102774.59,88019.6,9.829,Active,2023-08-01,2024-08-01
LOAN000888,CUS007000,INS000004,Personal,442953.64,86164.4,11.464,Defaulted,2024-04-16,2025-04-16
LOAN000889,CUS006320,INS000002,Education,273643.19,257153.0,15.389,Closed,2022-06-30,2024-06-30
LOAN000890,CUS008717,INS000004,Personal,116500.51,76155.86,8.877,Active,2025-04-15,2026-04-15
LOAN000891,CUS003673,INS000005,Personal,702428.26,582159.56,14.659,Active,2025-03-07,2027-03-07
LOAN000892,CUS006358,INS000004,Personal,310336.01,201253.59,11.436,Active,2023-05-16,2027-05-16
LOAN000893,CUS007564,INS000005,Education,54196.39,41668.29,13.075,Active,2023-09-17,2024-09-17
LOAN000894,CUS001806,INS000002,Personal,119111.13,13585.82,10.258,Active,2021-10-30,2022-10-30
LOAN000895,CUS002566,INS000003,Personal,106189.99,62029.29,16.757,Active,2025-11-29,2028-11-29
LOAN000896,CUS001549,INS000005,Auto,105667.43,34776.57,11.875,Active,2021-12-10,2024-12-10
LOAN000897,CUS000186,INS000004,Personal,306943.27,137733.45,17.116,Active,2025-06-24,2028-06-24
LOAN000898,CUS002885,INS000001,Personal,50000.0,42808.11,9.965,Active,2025-10-22,2028-10-22
LOAN000899,CUS006052,INS000001,Home,107238.69,43761.49,14.644,Closed,2023-05-12,2028-05-12
LOAN000900,CUS003952,INS000004,Personal,200302.7,113960.81,8.653,Active,2023-05-20,2027-05-20
LOAN000901,CUS007801,INS000003,Education,96904.31,78461.68,9.109,Active,2024-04-28,2027-04-28
LOAN000902,CUS009489,INS000001,Personal,64827.03,13305.2,12.481,Active,2026-03-02,2027-03-02
LOAN000903,CUS009618,INS000004,Personal,50000.0,31947.69,9.664,Active,2022-02-14,2025-02-14
LOAN000904,CUS004877,INS000001,Education,334517.78,103648.32,16.098,Active,2023-12-13,2028-12-13
LOAN000905,CUS003437,INS000005,Home,86378.46,29796.83,17.556,Closed,2023-10-10,2028-10-10
LOAN000906,CUS004437,INS000001,Education,147730.43,6672.79,11.44,Active,2024-02-03,2028-02-03
LOAN000907,CUS001884,INS000001,Personal,208732.73,80065.55,15.568,Active,2021-10-13,2026-10-13
LOAN000908,CUS004174,INS000003,Education,239881.61,194141.54,17.886,Active,2024-02-10,2027-02-10
LOAN000909,CUS009643,INS000002,Personal,131845.34,41883.73,9.649,Active,2023-02-02,2024-02-02
LOAN000910,CUS003211,INS000005,Personal,112828.32,104262.29,11.395,Active,2022-05-12,2027-05-12
LOAN000911,CUS003070,INS000005,Personal,109354.98,41818.18,12.69,Active,2023-03-25,2027-03-25
LOAN000912,CUS005569,INS000002,Personal,111719.67,26250.97,14.894,Closed,2023-11-09,2024-11-09
LOAN000913,CUS005159,INS000004,Home,88433.38,83549.56,16.711,Active,2024-02-18,2028-02-18
LOAN000914,CUS007713,INS000004,Personal,222190.79,168215.67,11.91,Active,2022-12-29,2024-12-29
LOAN000915,CUS009257,INS000003,Auto,135428.37,6394.51,14.469,Active,2025-01-12,2029-01-12
LOAN000916,CUS006756,INS000004,Personal,365651.75,292978.81,15.509,Defaulted,2026-08-06,2030-08-06
LOAN000917,CUS003117,INS000003,Auto,354597.29,117643.02,11.172,Active,2022-01-02,2025-01-02
LOAN000918,CUS008193,INS000003,Personal,279491.01,82959.84,17.182,Active,2025-01-02,2027-01-02
LOAN000919,CUS008018,INS000002,Home,472192.65,185350.09,12.584,Active,2025-02-27,2026-02-27
LOAN000920,CUS005749,INS000005,Personal,148153.94,8604.66,11.504,Closed,2025-02-01,2030-02-01
LOAN000921,CUS008242,INS000004,Home,177646.94,61292.75,11.896,Active,2025-01-18,2026-01-18
LOAN000922,CUS008448,INS000005,Personal,115373.62,75624.39,11.972,Defaulted,2025-05-02,2030-05-02
LOAN000923,CUS002079,INS000005,Personal,74344.15,14935.17,10.676,Active,2024-07-15,2025-07-15
LOAN000924,CUS006614,INS000001,Personal,567006.62,429838.18,14.315,Active,2022-08-07,2026-08-07
LOAN000925,CUS005016,INS000003,Personal,91934.99,72175.55,17.228,Active,2022-05-28,2025-05-28
LOAN000926,CUS005155,INS000002,Auto,248705.74,61105.99,12.458,Closed,2022-08-13,2024-08-13
LOAN000927,CUS007755,INS000003,Home,96568.87,43622.25,13.782,Closed,2026-08-05,2029-08-05
LOAN000928,CUS000031,INS000003,Personal,840750.72,323859.48,12.708,Active,2022-06-10,2027-06-10
LOAN000929,CUS009331,INS000002,Personal,228720.3,204203.65,16.339,Active,2025-08-09,2028-08-09
LOAN000930,CUS009800,INS000002,Home,81047.31,64022.54,9.935,Active,2025-12-23,2026-12-23
LOAN000931,CUS009415,INS000005,Personal,167089.76,119699.11,12.584,Active,2022-06-05,2025-06-05
LOAN000932,CUS003341,INS000004,Personal,176135.44,118678.3,13.282,Defaulted,2023-02-01,2026-02-01
LOAN000933,CUS000230,INS000004,Personal,833764.68,9323.71,13.516,Active,2022-10-14,2025-10-14
LOAN000934,CUS002206,INS000005,Personal,230700.19,91556.12,16.864,Active,2025-10-22,2028-10-22
LOAN000935,CUS006899,INS000002,Education,50000.0,45744.72,17.277,Defaulted,2024-09-25,2026-09-25
LOAN000936,CUS005375,INS000001,Auto,65775.67,14392.36,14.19,Active,2025-12-20,2030-12-20
LOAN000937,CUS004815,INS000001,Personal,71611.06,10248.84,15.726,Active,2024-05-23,2028-05-23
LOAN000938,CUS006432,INS000004,Auto,314713.17,282794.63,13.283,Active,2026-04-21,2029-04-21
LOAN000939,CUS000210,INS000004,Education,50000.0,18595.73,11.393,Active,2026-08-02,2029-08-02
LOAN000940,CUS002348,INS000001,Home,434095.75,142052.8,17.422,Closed,2025-11-06,2030-11-06
LOAN000941,CUS005112,INS000002,Personal,543236.18,356840.14,12.584,Active,2026-07-12,2029-07-12
LOAN000942,CUS004724,INS000005,Personal,205141.04,122635.16,16.752,Active,2023-08-22,2024-08-22
LOAN000943,CUS004191,INS000005,Education,258656.27,10248.08,8.859,Defaulted,2024-09-14,2027-09-14
LOAN000944,CUS003320,INS000002,Personal,141660.2,49605.52,14.444,Closed,2023-10-01,2024-10-01
LOAN000945,CUS004849,INS000005,Education,334501.26,86108.98,14.815,Active,2026-03-04,2030-03-04
LOAN000946,CUS005717,INS000005,Education,127321.15,109457.73,15.544,Closed,2026-03-16,2030-03-16
LOAN000947,CUS004020,INS000001,Personal,618495.95,18880.96,16.511,Active,2025-09-05,2027-09-05
LOAN000948,CUS004749,INS000004,Personal,50000.0,32009.11,8.582,Active,2025-06-04,2030-06-04
LOAN000949,CUS006940,INS000002,Home,175055.16,121060.13,11.811,Closed,2022-03-29,2024-03-29
LOAN000950,CUS008226,INS000005,Personal,78186.29,8581.91,10.708,Active,2022-03-29,2027-03-29
LOAN000951,CUS000384,INS000004,Personal,59285.1,24729.96,12.619,Active,2022-05-30,2027-05-30
LOAN000952,CUS002118,INS000002,Personal,173027.96,7449.31,12.328,Closed,2024-10-19,2027-10-19
LOAN000953,CUS001266,INS000004,Home,99621.36,47787.89,8.984,Closed,2022-08-12,2027-08-12
LOAN000954,CUS003735,INS000003,Home,59881.43,15582.17,8.035,Active,2025-06-09,2026-06-09
LOAN000955,CUS009591,INS000001,Personal,474559.28,446694.0,8.079,Active,2024-12-29,2029-12-29
LOAN000956,CUS003695,INS000002,Education,110529.38,79854.03,12.446,Active,2026-05-27,2028-05-27
LOAN000957,CUS005819,INS000003,Auto,50000.0,30002.75,12.365,Active,2021-10-24,2024-10-24
LOAN000958,CUS007608,INS000001,Personal,275067.39,252570.48,16.39,Active,2025-09-30,2030-09-30
LOAN000959,CUS000688,INS000001,Personal,322878.39,185238.85,7.85,Active,2022-10-15,2026-10-15
LOAN000960,CUS007803,INS000002,Auto,409808.0,382827.94,12.254,Active,2024-08-05,2027-08-05
LOAN000961,CUS009043,INS000001,Home,516802.21,273960.14,9.462,Active,2024-09-10,2027-09-10
LOAN000962,CUS008598,INS000002,Personal,347483.36,304734.97,11.587,Defaulted,2023-02-01,2025-02-01
LOAN000963,CUS002695,INS000002,Auto,281555.02,121232.34,17.386,Active,2023-02-28,2024-02-28
LOAN000964,CUS003215,INS000005,Education,151251.6,61909.02,8.365,Active,2026-04-11,2031-04-11
LOAN000965,CUS008674,INS000001,Auto,73716.97,23790.8,8.19,Active,2024-01-11,2026-01-11
LOAN000966,CUS004237,INS000002,Personal,386244.73,221716.48,14.126,Closed,2024-11-07,2028-11-07
LOAN000967,CUS008726,INS000004,Personal,50000.0,26454.85,9.857,Active,2023-08-17,2028-08-17
LOAN000968,CUS003971,INS000002,Auto,128264.04,3715.93,12.139,Defaulted,2025-02-04,2029-02-04
LOAN000969,CUS009075,INS000003,Education,50587.07,13168.91,13.699,Active,2024-08-26,2028-08-26
LOAN000970,CUS006175,INS000003,Auto,112475.5,34012.89,13.032,Active,2024-01-07,2025-01-07
LOAN000971,CUS009688,INS000001,Personal,117924.48,7393.17,9.312,Active,2023-07-08,2026-07-08
LOAN000972,CUS006050,INS000002,Home,440017.79,69785.74,12.651,Defaulted,2023-06-04,2028-06-04
LOAN000973,CUS002575,INS000002,Personal,288583.97,225780.63,14.036,Active,2023-06-29,2026-06-29
LOAN000974,CUS000060,INS000002,Personal,97281.33,37439.81,17.782,Active,2022-09-19,2027-09-19
LOAN000975,CUS009571,INS000001,Education,50000.0,23508.82,15.796,Closed,2022-05-14,2026-05-14
LOAN000976,CUS005146,INS000004,Home,118994.0,90727.75,10.186,Closed,2021-08-16,2023-08-16
LOAN000977,CUS001751,INS000001,Education,75310.83,70347.16,14.206,Active,2023-01-18,2025-01-18
LOAN000978,CUS002354,INS000003,Personal,50000.0,30111.61,15.02,Active,2022-02-23,2027-02-23
LOAN000979,CUS008214,INS000005,Auto,50000.0,12544.7,7.696,Active,2022-01-20,2027-01-20
LOAN000980,CUS009605,INS000005,Personal,98445.0,19141.75,15.118,Closed,2023-01-09,2028-01-09
LOAN000981,CUS006578,INS000004,Personal,164623.39,10684.66,14.636,Active,2021-10-31,2024-10-31
LOAN000982,CUS009999,INS000004,Personal,179109.05,78816.43,10.481,Defaulted,2026-07-17,2031-07-17
LOAN000983,CUS000296,INS000005,Home,50000.0,44825.5,11.78,Defaulted,2025-06-27,2030-06-27
LOAN000984,CUS009583,INS000001,Auto,337172.42,208624.85,12.088,Active,2022-08-20,2024-08-20
LOAN000985,CUS001063,INS000004,Auto,121528.11,24687.13,14.973,Active,2023-09-04,2028-09-04
LOAN000986,CUS004459,INS000005,Home,199739.94,103630.69,8.488,Active,2025-09-19,2028-09-19
LOAN000987,CUS004974,INS000003,Auto,108456.52,31882.73,17.121,Closed,2022-12-07,2027-12-07
LOAN000988,CUS003970,INS000005,Auto,250674.5,78016.67,7.619,Active,2023-02-12,2026-02-12
LOAN000989,CUS005575,INS000003,Personal,287468.9,57978.23,11.828,Active,2025-02-04,2030-02-04
LOAN000990,CUS009718,INS000003,Home,233075.33,157783.69,8.091,Active,2026-05-25,2031-05-25
LOAN000991,CUS006764,INS000004,Education,617541.3,252553.9,10.48,Active,2024-07-11,2026-07-11
LOAN000992,CUS001376,INS000002,Auto,158007.53,79490.26,8.121,Defaulted,2024-02-09,2029-02-09
LOAN000993,CUS006184,INS000001,Auto,172713.14,75609.67,13.085,Active,2026-03-08,2030-03-08
LOAN000994,CUS000971,INS000004,Education,199161.63,108462.99,16.954,Active,2025-01-24,2026-01-24
LOAN000995,CUS009818,INS000004,Personal,344140.99,214824.85,10.501,Active,2025-02-11,2030-02-11
LOAN000996,CUS008081,INS000002,Home,135163.64,55390.15,17.667,Defaulted,2023-06-07,2027-06-07
LOAN000997,CUS007102,INS000002,Personal,275662.87,186845.3,12.128,Active,2023-01-28,2027-01-28
LOAN000998,CUS008171,INS000003,Auto,126686.29,78273.08,16.45,Active,2024-05-04,2028-05-04
LOAN000999,CUS007678,INS000005,Education,200184.67,170486.94,14.381,Active,2026-08-05,2027-08-05
LOAN001000,CUS001809,INS000002,Personal,139406.13,77073.4,9.649,Active,2026-02-10,2028-02-10
LOAN001001,CUS005892,INS000002,Personal,201824.85,7268.95,13.557,Active,2024-04-05,2029-04-05
LOAN001002,CUS000834,INS000001,Home,314796.59,198783.37,15.885,Defaulted,2023-11-13,2025-11-13
LOAN001003,CUS008198,INS000001,Education,369613.25,233732.2,9.926,Active,2026-05-21,2029-05-21
LOAN001004,CUS009616,INS000001,Personal,91127.62,38480.23,13.36,Closed,2025-06-23,2026-06-23
LOAN001005,CUS001196,INS000001,Personal,278177.72,87770.22,15.117,Active,2022-06-04,2027-06-04
LOAN001006,CUS007697,INS000003,Auto,101628.58,64722.65,9.156,Closed,2025-05-29,2027-05-29
LOAN001007,CUS008534,INS000003,Education,235499.91,58599.93,13.665,Active,2025-06-01,2030-06-01
LOAN001008,CUS003358,INS000005,Education,128930.43,76881.1,14.085,Active,2021-10-23,2026-10-23
LOAN001009,CUS005579,INS000004,Personal,55611.27,22905.95,8.839,Closed,2025-01-02,2028-01-02
LOAN001010,CUS003839,INS000001,Home,173739.0,123637.46,13.243,Closed,2024-06-05,2026-06-05
LOAN001011,CUS000773,INS000004,Home,50000.0,28772.92,12.33,Active,2023-05-24,2025-05-24
LOAN001012,CUS005860,INS000002,Home,96300.11,75326.23,13.475,Active,2023-06-13,2024-06-13
LOAN001013,CUS009238,INS000002,Personal,154915.64,36657.7,14.861,Active,2024-03-07,2025-03-07
LOAN001014,CUS009370,INS000001,Auto,149493.38,73232.18,14.288,Closed,2021-10-27,2022-10-27
LOAN001015,CUS008984,INS000002,Personal,50000.0,42547.06,13.164,Closed,2023-03-10,2028-03-10
LOAN001016,CUS003326,INS000001,Auto,130266.79,59806.47,13.097,Active,2025-07-07,2028-07-07
LOAN001017,CUS008640,INS000005,Personal,80658.31,35643.08,15.793,Active,2023-10-07,2028-10-07
LOAN001018,CUS002473,INS000004,Home,152722.51,91891.94,16.507,Active,2024-10-07,2026-10-07
LOAN001019,CUS008065,INS000001,Auto,105582.74,4805.05,13.801,Active,2025-10-28,2030-10-28
LOAN001020,CUS009408,INS000005,Personal,187482.74,5020.17,10.732,Closed,2026-04-14,2030-04-14
LOAN001021,CUS004120,INS000005,Personal,210573.52,56314.13,7.546,Active,2024-01-05,2026-01-05
LOAN001022,CUS002256,INS000004,Personal,240298.67,125114.24,13.737,Active,2021-08-23,2023-08-23
LOAN001023,CUS002190,INS000005,Auto,272550.16,76479.53,17.073,Active,2022-11-11,2026-11-11
LOAN001024,CUS008888,INS000001,Personal,213972.28,111423.2,12.085,Active,2021-12-02,2026-12-02
LOAN001025,CUS008303,INS000003,Education,115144.45,27583.22,13.668,Active,2022-03-05,2027-03-05
LOAN001026,CUS001662,INS000003,Personal,122535.49,51386.51,16.756,Active,2023-07-11,2028-07-11
LOAN001027,CUS009301,INS000002,Education,115517.42,73920.04,13.492,Active,2026-01-27,2027-01-27
LOAN001028,CUS002635,INS000001,Home,161883.4,62027.29,12.231,Active,2021-08-24,2026-08-24
LOAN001029,CUS005841,INS000005,Personal,208799.72,92090.38,10.616,Active,2021-12-08,2025-12-08
LOAN001030,CUS008573,INS000002,Personal,70609.93,483.79,8.445,Closed,2025-09-28,2027-09-28
LOAN001031,CUS007665,INS000005,Personal,50000.0,17252.52,11.296,Active,2023-11-30,2028-11-30
LOAN001032,CUS000125,INS000001,Personal,418983.11,149146.64,16.665,Closed,2021-11-24,2024-11-24
LOAN001033,CUS002538,INS000003,Personal,69619.55,13961.18,8.307,Active,2023-01-23,2026-01-23
LOAN001034,CUS004693,INS000002,Personal,50000.0,23401.85,9.091,Active,2025-03-16,2028-03-16
LOAN001035,CUS005910,INS000001,Personal,350677.65,330452.64,7.961,Active,2026-07-14,2031-07-14
LOAN001036,CUS004628,INS000002,Home,55652.01,7095.09,12.619,Active,2022-11-12,2026-11-12
LOAN001037,CUS008067,INS000005,Education,134886.37,69348.41,14.416,Active,2026-02-14,2029-02-14
LOAN001038,CUS007560,INS000005,Education,161862.39,24262.54,17.217,Active,2026-05-05,2030-05-05
LOAN001039,CUS004852,INS000002,Education,833567.72,410063.72,17.305,Active,2022-03-21,2023-03-21
LOAN001040,CUS006750,INS000002,Education,177691.24,80764.71,17.84,Closed,2022-11-25,2025-11-25
LOAN001041,CUS002877,INS000005,Personal,229207.4,78047.23,17.724,Active,2025-06-15,2029-06-15
LOAN001042,CUS005642,INS000004,Personal,173225.67,87215.59,14.868,Active,2026-02-20,2031-02-20
LOAN001043,CUS007100,INS000002,Home,50000.0,4875.25,13.351,Active,2022-09-08,2023-09-08
LOAN001044,CUS005573,INS000001,Home,154026.3,22264.38,14.276,Active,2021-11-04,2023-11-04
LOAN001045,CUS002043,INS000005,Personal,301856.72,138765.14,7.926,Active,2026-04-23,2030-04-23
LOAN001046,CUS006079,INS000002,Personal,92356.35,3995.39,11.548,Closed,2022-04-26,2027-04-26
LOAN001047,CUS004064,INS000002,Education,129417.96,105109.48,11.68,Active,2026-01-13,2028-01-13
LOAN001048,CUS008443,INS000002,Personal,68776.16,44734.36,13.201,Closed,2025-10-16,2028-10-16
LOAN001049,CUS002629,INS000004,Education,456646.01,151390.23,11.062,Closed,2024-06-19,2025-06-19
LOAN001050,CUS009544,INS000001,Personal,228406.63,81254.43,10.839,Closed,2021-11-22,2022-11-22
LOAN001051,CUS007664,INS000005,Personal,556374.52,376929.98,17.504,Active,2022-09-16,2024-09-16
LOAN001052,CUS009057,INS000005,Auto,52214.12,15360.91,10.244,Active,2025-03-22,2030-03-22
LOAN001053,CUS000450,INS000002,Personal,73600.95,28055.07,12.05,Closed,2025-11-20,2030-11-20
LOAN001054,CUS007705,INS000005,Home,242660.9,52966.07,10.687,Active,2023-07-28,2026-07-28
LOAN001055,CUS007460,INS000003,Auto,954133.68,905787.35,11.754,Closed,2026-04-11,2027-04-11
LOAN001056,CUS003892,INS000003,Education,139252.08,89540.39,10.649,Defaulted,2024-09-19,2028-09-19
LOAN001057,CUS003884,INS000004,Education,144517.34,59197.42,15.397,Closed,2025-12-09,2026-12-09
LOAN001058,CUS008497,INS000002,Auto,62866.91,57614.15,14.181,Active,2025-04-30,2029-04-30
LOAN001059,CUS002916,INS000003,Education,187024.13,103679.94,15.89,Closed,2026-03-20,2028-03-20
LOAN001060,CUS001236,INS000005,Education,311245.95,62878.69,12.284,Active,2023-02-14,2024-02-14
LOAN001061,CUS006122,INS000001,Auto,422779.78,295627.28,17.253,Active,2022-07-20,2023-07-20
LOAN001062,CUS009836,INS000005,Personal,137965.01,89850.45,9.43,Active,2024-12-17,2025-12-17
LOAN001063,CUS007506,INS000005,Home,77724.7,23484.59,15.081,Active,2021-08-26,2023-08-26
LOAN001064,CUS007341,INS000004,Personal,161993.09,52994.03,12.564,Closed,2023-10-20,2025-10-20
LOAN001065,CUS000270,INS000004,Education,162191.34,119048.93,8.722,Active,2024-04-14,2029-04-14
LOAN001066,CUS006368,INS000002,Education,491481.67,403804.39,13.428,Active,2021-10-11,2023-10-11
LOAN001067,CUS002238,INS000004,Education,572920.29,33961.04,17.871,Closed,2026-07-21,2028-07-21
LOAN001068,CUS004054,INS000005,Home,106108.51,46435.63,15.303,Active,2022-10-31,2025-10-31
LOAN001069,CUS001678,INS000002,Education,655147.43,428114.45,7.947,Active,2024-11-11,2027-11-11
LOAN001070,CUS008643,INS000001,Home,505793.98,375905.86,15.687,Active,2025-11-26,2030-11-26
LOAN001071,CUS008202,INS000004,Personal,151094.94,112274.71,8.029,Active,2022-08-24,2027-08-24
LOAN001072,CUS009886,INS000002,Personal,375735.52,327508.42,12.796,Active,2024-11-06,2026-11-06
LOAN001073,CUS007393,INS000002,Home,73752.66,66580.58,8.265,Active,2024-10-23,2027-10-23
LOAN001074,CUS004263,INS000002,Personal,65108.74,7948.17,11.246,Active,2024-03-10,2029-03-10
LOAN001075,CUS008084,INS000003,Home,557510.73,299258.96,15.896,Active,2022-12-22,2026-12-22
LOAN001076,CUS001170,INS000005,Personal,174219.22,67318.49,15.385,Active,2021-12-31,2025-12-31
LOAN001077,CUS007126,INS000003,Personal,168491.63,79294.57,11.22,Closed,2025-11-29,2027-11-29
LOAN001078,CUS007497,INS000005,Personal,166545.02,149593.39,10.62,Active,2024-06-22,2027-06-22
LOAN001079,CUS000400,INS000002,Education,76874.25,47420.99,13.619,Active,2023-11-18,2027-11-18
LOAN001080,CUS001789,INS000005,Personal,57848.25,44014.07,16.408,Active,2023-07-30,2026-07-30
LOAN001081,CUS002194,INS000004,Personal,69654.43,34934.46,10.64,Active,2022-08-22,2023-08-22
LOAN001082,CUS005362,INS000004,Personal,329126.49,107328.39,9.167,Active,2023-09-04,2028-09-04
LOAN001083,CUS009565,INS000002,Education,354086.53,310063.01,16.994,Active,2023-09-21,2025-09-21
LOAN001084,CUS002173,INS000002,Education,595366.69,195911.58,11.439,Closed,2022-12-14,2025-12-14
LOAN001085,CUS005078,INS000001,Personal,50000.0,784.67,14.529,Active,2025-12-28,2027-12-28
LOAN001086,CUS008933,INS000001,Personal,137269.25,8605.39,10.138,Active,2024-04-30,2028-04-30
LOAN001087,CUS000567,INS000003,Personal,316350.35,81942.43,9.486,Defaulted,2022-09-10,2026-09-10
LOAN001088,CUS000068,INS000002,Auto,108040.47,88108.92,14.387,Closed,2022-12-10,2024-12-10
LOAN001089,CUS007178,INS000005,Home,150289.22,33873.43,11.432,Active,2022-03-25,2027-03-25
LOAN001090,CUS004370,INS000001,Personal,172560.82,153198.34,9.208,Closed,2023-07-28,2027-07-28
LOAN001091,CUS000154,INS000001,Education,99713.11,69897.74,8.664,Closed,2023-09-21,2025-09-21
LOAN001092,CUS004446,INS000005,Personal,91618.24,8984.92,10.029,Closed,2023-11-11,2028-11-11
LOAN001093,CUS002228,INS000001,Education,263004.65,132374.19,10.685,Active,2025-06-08,2030-06-08
LOAN001094,CUS006855,INS000001,Personal,61892.95,4538.15,12.391,Active,2026-01-29,2027-01-29
LOAN001095,CUS008758,INS000001,Personal,136085.89,41846.5,16.376,Active,2023-07-30,2024-07-30
LOAN001096,CUS005464,INS000003,Auto,134271.04,29609.08,14.029,Active,2022-11-18,2023-11-18
LOAN001097,CUS000188,INS000001,Personal,264478.41,149776.96,8.589,Active,2026-03-17,2027-03-17
LOAN001098,CUS001492,INS000002,Personal,360149.08,207050.04,15.796,Active,2026-07-28,2029-07-28
LOAN001099,CUS008227,INS000002,Education,161725.42,21781.62,7.643,Closed,2024-11-26,2025-11-26
LOAN001100,CUS005748,INS000005,Auto,73090.33,54523.37,10.661,Closed,2025-06-12,2030-06-12
LOAN001101,CUS005273,INS000002,Personal,65658.8,30813.55,13.054,Active,2023-10-04,2027-10-04
LOAN001102,CUS009153,INS000002,Education,262944.02,212856.73,15.193,Active,2022-10-23,2024-10-23
LOAN001103,CUS006681,INS000004,Home,82245.64,46416.4,8.664,Active,2025-06-30,2030-06-30
LOAN001104,CUS006782,INS000003,Personal,63395.1,29191.7,8.757,Active,2025-09-21,2027-09-21
LOAN001105,CUS008046,INS000001,Personal,50000.0,30594.65,17.462,Active,2025-07-15,2029-07-15
LOAN001106,CUS008053,INS000003,Home,194356.49,144214.95,16.081,Active,2021-08-30,2024-08-30
LOAN001107,CUS004176,INS000001,Personal,87155.34,24221.87,8.697,Active,2022-11-06,2026-11-06
LOAN001108,CUS003828,INS000004,Personal,55448.74,11051.5,14.156,Closed,2023-05-17,2028-05-17
LOAN001109,CUS001311,INS000001,Personal,189497.83,165238.33,17.439,Active,2024-10-31,2028-10-31
LOAN001110,CUS006770,INS000001,Personal,313512.65,43683.76,15.451,Active,2023-08-12,2028-08-12
LOAN001111,CUS004539,INS000003,Education,168920.71,142643.44,9.467,Active,2023-06-25,2026-06-25
LOAN001112,CUS008988,INS000001,Personal,65298.14,40182.26,17.482,Active,2022-10-29,2024-10-29
LOAN001113,CUS007969,INS000003,Personal,53332.8,21781.77,17.815,Active,2024-12-21,2027-12-21
LOAN001114,CUS006271,INS000005,Education,65171.13,21148.15,14.197,Closed,2023-10-18,2024-10-18
LOAN001115,CUS009286,INS000003,Personal,448482.71,278459.15,15.313,Active,2024-08-30,2027-08-30
LOAN001116,CUS007247,INS000001,Home,448141.96,241181.97,10.506,Active,2025-04-22,2030-04-22
LOAN001117,CUS009324,INS000003,Education,108638.12,42604.72,15.257,Active,2022-03-20,2023-03-20
LOAN001118,CUS000319,INS000002,Personal,284070.66,83360.3,10.764,Active,2024-10-24,2028-10-24
LOAN001119,CUS004331,INS000004,Personal,612400.38,99579.61,7.995,Active,2023-03-01,2024-03-01
LOAN001120,CUS006210,INS000005,Auto,149342.82,137442.11,14.936,Active,2024-01-21,2028-01-21
LOAN001121,CUS001876,INS000005,Auto,141290.87,124458.66,12.203,Closed,2022-06-24,2025-06-24
LOAN001122,CUS009266,INS000001,Personal,180347.23,97620.39,8.065,Active,2026-06-28,2028-06-28
LOAN001123,CUS009845,INS000004,Auto,223527.33,40430.64,8.657,Active,2026-01-30,2027-01-30
LOAN001124,CUS002851,INS000003,Home,164657.74,38446.03,10.061,Active,2022-06-23,2024-06-23
LOAN001125,CUS003689,INS000001,Personal,284447.95,72275.74,9.403,Active,2024-02-08,2025-02-08
LOAN001126,CUS008782,INS000002,Personal,97008.38,29867.7,16.32,Active,2022-02-09,2026-02-09
LOAN001127,CUS005203,INS000001,Education,145557.91,118354.11,11.417,Active,2023-07-02,2028-07-02
LOAN001128,CUS008308,INS000004,Home,472661.81,67636.58,8.368,Active,2021-09-01,2024-09-01
LOAN001129,CUS004580,INS000003,Auto,160742.99,73773.07,12.633,Active,2025-07-06,2029-07-06
LOAN001130,CUS001839,INS000003,Personal,53034.2,10740.12,9.234,Active,2022-06-07,2026-06-07
LOAN001131,CUS006213,INS000004,Home,56953.06,12873.63,8.919,Active,2024-09-24,2025-09-24
LOAN001132,CUS005158,INS000005,Home,339881.12,204505.2,12.972,Active,2025-03-31,2028-03-31
LOAN001133,CUS003564,INS000002,Personal,156207.26,115106.83,9.811,Active,2024-03-17,2028-03-17
LOAN001134,CUS001248,INS000002,Home,74144.3,49785.5,9.947,Active,2025-07-24,2027-07-24
LOAN001135,CUS003785,INS000003,Home,293158.04,207601.08,13.202,Closed,2021-08-14,2024-08-14
LOAN001136,CUS005607,INS000001,Home,141419.94,46494.79,17.904,Active,2023-07-21,2025-07-21
LOAN001137,CUS004298,INS000004,Home,1758027.01,1055937.85,17.845,Active,2023-05-29,2028-05-29
LOAN001138,CUS009575,INS000004,Personal,107027.89,26936.31,17.953,Active,2025-09-12,2030-09-12
LOAN001139,CUS004781,INS000005,Auto,325656.92,284581.12,8.17,Closed,2024-05-11,2026-05-11
LOAN001140,CUS004425,INS000003,Personal,140242.06,129537.57,16.752,Active,2025-12-22,2027-12-22
LOAN001141,CUS000348,INS000001,Personal,284414.83,210965.57,13.333,Active,2024-09-22,2029-09-22
LOAN001142,CUS006593,INS000005,Auto,157659.0,43241.86,16.911,Active,2024-03-20,2029-03-20
LOAN001143,CUS001596,INS000005,Auto,50000.0,35707.76,16.788,Active,2025-07-29,2027-07-29
LOAN001144,CUS001237,INS000001,Personal,50000.0,30578.9,14.455,Active,2022-09-28,2024-09-28
LOAN001145,CUS005033,INS000004,Personal,259782.34,234432.48,8.632,Active,2023-07-06,2025-07-06
LOAN001146,CUS006878,INS000004,Auto,86652.46,5489.44,17.51,Closed,2023-03-14,2024-03-14
LOAN001147,CUS005121,INS000001,Auto,112679.82,3168.44,15.288,Active,2025-12-19,2030-12-19
LOAN001148,CUS007146,INS000002,Home,328549.07,3873.96,13.778,Closed,2024-05-04,2026-05-04
LOAN001149,CUS005931,INS000003,Education,494766.42,401983.74,13.707,Closed,2025-06-03,2028-06-03
LOAN001150,CUS004516,INS000001,Personal,137762.75,90594.55,15.176,Active,2025-06-26,2029-06-26
LOAN001151,CUS003486,INS000003,Home,323949.42,208236.24,13.832,Active,2023-05-08,2026-05-08
LOAN001152,CUS008796,INS000004,Auto,74249.23,53658.98,10.806,Active,2025-06-30,2029-06-30
LOAN001153,CUS002399,INS000005,Personal,246807.97,228164.83,13.977,Active,2025-03-31,2030-03-31
LOAN001154,CUS001502,INS000002,Education,114067.49,58268.24,17.864,Active,2024-05-26,2026-05-26
LOAN001155,CUS002365,INS000003,Home,87237.19,29820.18,13.605,Closed,2023-01-04,2027-01-04
LOAN001156,CUS009433,INS000005,Home,130139.13,27402.27,9.989,Active,2023-04-12,2026-04-12
LOAN001157,CUS005369,INS000004,Auto,193001.55,11543.81,14.007,Active,2023-05-11,2025-05-11
LOAN001158,CUS008451,INS000001,Personal,78834.78,30014.8,17.677,Active,2026-02-22,2028-02-22
LOAN001159,CUS005633,INS000002,Personal,109005.1,57000.64,16.411,Active,2024-05-23,2027-05-23
LOAN001160,CUS009338,INS000004,Personal,119048.2,82577.64,9.859,Active,2026-07-27,2031-07-27
LOAN001161,CUS002656,INS000004,Personal,328595.09,304906.96,13.203,Closed,2025-04-22,2029-04-22
LOAN001162,CUS005223,INS000001,Personal,71840.17,47118.34,10.02,Active,2026-07-15,2030-07-15
LOAN001163,CUS008470,INS000004,Personal,50000.0,16345.23,14.165,Defaulted,2023-12-05,2028-12-05
LOAN001164,CUS005877,INS000005,Personal,86608.28,68.52,11.5,Active,2025-09-14,2028-09-14
LOAN001165,CUS005410,INS000005,Personal,106238.12,100234.31,10.625,Active,2025-04-22,2026-04-22
LOAN001166,CUS005138,INS000001,Home,1448390.86,1153001.41,10.384,Closed,2022-02-10,2023-02-10
LOAN001167,CUS005918,INS000002,Personal,339221.59,80824.66,10.877,Active,2023-08-19,2026-08-19
LOAN001168,CUS006323,INS000005,Personal,139184.0,111062.45,16.063,Active,2022-11-15,2023-11-15
LOAN001169,CUS007311,INS000005,Personal,332264.28,169905.79,16.328,Active,2022-09-28,2025-09-28
LOAN001170,CUS002025,INS000004,Personal,66305.88,60240.59,16.736,Active,2022-11-18,2024-11-18
LOAN001171,CUS001697,INS000004,Personal,177535.76,167227.83,8.478,Closed,2024-12-16,2029-12-16
LOAN001172,CUS008440,INS000002,Education,238635.47,86133.6,9.055,Active,2024-02-15,2028-02-15
LOAN001173,CUS007278,INS000004,Personal,208258.76,41366.86,9.242,Active,2024-01-04,2027-01-04
LOAN001174,CUS007821,INS000005,Auto,80582.52,57286.32,12.908,Active,2022-08-12,2027-08-12
LOAN001175,CUS000608,INS000001,Auto,71027.32,15852.37,10.08,Active,2023-05-24,2024-05-24
LOAN001176,CUS009581,INS000005,Home,180308.56,20226.01,15.523,Active,2022-08-25,2023-08-25
LOAN001177,CUS001116,INS000004,Home,187308.74,54124.84,17.009,Active,2021-12-01,2022-12-01
LOAN001178,CUS007702,INS000003,Personal,57159.74,31459.69,16.03,Active,2026-06-26,2029-06-26
LOAN001179,CUS001960,INS000005,Auto,51415.96,31002.19,11.756,Active,2022-10-13,2027-10-13
LOAN001180,CUS004018,INS000003,Home,50000.0,16286.98,12.297,Active,2025-09-27,2026-09-27
LOAN001181,CUS009474,INS000005,Home,88398.79,63293.96,7.927,Active,2023-09-16,2025-09-16
LOAN001182,CUS003956,INS000001,Education,473848.92,70305.93,8.562,Closed,2025-05-02,2028-05-02
LOAN001183,CUS009094,INS000002,Education,116080.49,50085.04,14.168,Active,2024-11-28,2029-11-28
LOAN001184,CUS003820,INS000003,Home,84091.11,72095.0,8.917,Closed,2024-06-16,2026-06-16
LOAN001185,CUS009355,INS000003,Home,139183.86,73674.35,14.29,Active,2022-01-31,2023-01-31
LOAN001186,CUS002063,INS000001,Personal,265864.77,191756.12,10.566,Active,2023-02-09,2027-02-09
LOAN001187,CUS009230,INS000002,Auto,241200.09,221612.65,17.093,Active,2021-09-04,2022-09-04
LOAN001188,CUS003022,INS000004,Personal,188287.84,30485.73,12.926,Closed,2023-04-11,2025-04-11
LOAN001189,CUS005578,INS000004,Home,359889.76,238165.61,12.225,Active,2024-10-16,2025-10-16
LOAN001190,CUS001301,INS000005,Home,265713.31,213770.69,9.586,Active,2024-05-08,2025-05-08
LOAN001191,CUS007796,INS000003,Home,50000.0,1281.82,17.384,Active,2024-10-13,2027-10-13
LOAN001192,CUS009087,INS000001,Personal,248210.05,34013.89,16.37,Active,2024-09-29,2027-09-29
LOAN001193,CUS006760,INS000005,Personal,540044.92,431097.3,11.393,Active,2023-03-13,2027-03-13
LOAN001194,CUS009223,INS000003,Personal,494276.78,396704.76,13.525,Active,2025-09-14,2029-09-14
LOAN001195,CUS005270,INS000003,Personal,154365.9,113267.56,12.768,Active,2022-07-12,2024-07-12
LOAN001196,CUS006196,INS000001,Education,169755.26,20027.13,17.353,Active,2024-12-13,2026-12-13
LOAN001197,CUS001350,INS000001,Auto,59877.24,8237.42,17.005,Active,2023-05-06,2024-05-06
LOAN001198,CUS007110,INS000001,Home,360635.89,157446.1,8.878,Active,2023-08-21,2024-08-21
LOAN001199,CUS004463,INS000001,Education,217397.36,99336.85,17.125,Active,2022-01-18,2027-01-18
LOAN001200,CUS005640,INS000004,Personal,167077.72,18512.78,9.575,Active,2023-10-01,2027-10-01
LOAN001201,CUS006582,INS000004,Auto,165047.36,147396.56,17.151,Closed,2022-02-03,2025-02-03
LOAN001202,CUS006863,INS000005,Education,55240.69,32325.05,17.073,Active,2022-06-09,2026-06-09
LOAN001203,CUS004500,INS000001,Personal,169063.43,47942.25,9.294,Closed,2026-02-26,2028-02-26
LOAN001204,CUS007041,INS000003,Personal,829159.23,730434.06,14.514,Defaulted,2023-06-15,2027-06-15
LOAN001205,CUS000715,INS000003,Education,59605.41,46163.37,10.508,Active,2023-04-20,2027-04-20
LOAN001206,CUS004775,INS000004,Home,285250.37,259150.99,9.284,Active,2022-01-05,2023-01-05
LOAN001207,CUS007844,INS000001,Home,142992.11,26615.43,14.671,Active,2024-10-01,2026-10-01
LOAN001208,CUS002807,INS000004,Home,88197.88,58251.25,14.762,Active,2022-02-26,2023-02-26
LOAN001209,CUS004100,INS000004,Home,1164745.93,1009110.09,10.919,Active,2023-03-28,2025-03-28
LOAN001210,CUS003315,INS000001,Home,140029.33,129385.67,13.855,Closed,2025-09-05,2028-09-05
LOAN001211,CUS002067,INS000001,Home,135248.02,98452.66,10.304,Active,2024-08-08,2027-08-08
LOAN001212,CUS001383,INS000002,Auto,151476.69,54126.33,14.755,Active,2025-01-12,2028-01-12
LOAN001213,CUS007625,INS000003,Personal,146291.25,19772.21,15.528,Active,2023-05-19,2028-05-19
LOAN001214,CUS001339,INS000004,Personal,83288.87,76072.52,11.633,Active,2023-12-29,2024-12-29
LOAN001215,CUS006489,INS000004,Personal,100221.05,38880.91,10.396,Active,2025-03-10,2029-03-10
LOAN001216,CUS007104,INS000002,Personal,564063.95,40292.7,9.074,Active,2024-10-13,2027-10-13
LOAN001217,CUS006010,INS000005,Home,647095.19,187147.32,17.762,Active,2026-07-27,2028-07-27
LOAN001218,CUS008507,INS000002,Auto,50000.0,19281.06,14.793,Active,2022-10-05,2025-10-05
LOAN001219,CUS006093,INS000002,Education,419651.57,301198.76,10.515,Active,2024-02-28,2026-02-28
LOAN001220,CUS001841,INS000004,Personal,87368.56,28889.79,9.814,Active,2022-03-12,2026-03-12
LOAN001221,CUS002119,INS000003,Home,211593.14,132406.58,15.596,Active,2023-05-01,2027-05-01
LOAN001222,CUS007968,INS000005,Auto,299042.37,22796.54,14.989,Closed,2023-07-19,2028-07-19
LOAN001223,CUS008232,INS000002,Education,249408.08,19184.72,11.044,Active,2021-11-17,2023-11-17
LOAN001224,CUS007877,INS000003,Personal,216330.34,38635.06,15.569,Active,2022-01-24,2024-01-24
LOAN001225,CUS004257,INS000004,Home,191873.93,55032.41,13.312,Active,2026-02-18,2030-02-18
LOAN001226,CUS006824,INS000004,Auto,95151.64,83577.8,14.572,Closed,2022-01-16,2027-01-16
LOAN001227,CUS002184,INS000003,Auto,327414.64,28082.24,7.548,Active,2024-06-10,2029-06-10
LOAN001228,CUS009776,INS000003,Home,82544.74,3504.01,8.597,Active,2023-01-02,2028-01-02
LOAN001229,CUS002733,INS000001,Education,50000.0,6520.37,16.879,Active,2023-06-18,2025-06-18
LOAN001230,CUS002883,INS000002,Personal,319763.23,149644.15,9.855,Active,2025-11-07,2026-11-07
LOAN001231,CUS007869,INS000002,Auto,239323.32,180633.53,9.17,Closed,2022-01-16,2023-01-16
LOAN001232,CUS003021,INS000002,Home,393644.8,366206.64,9.214,Active,2024-10-26,2029-10-26
LOAN001233,CUS008151,INS000003,Personal,558676.38,156880.71,16.766,Active,2022-08-10,2025-08-10
LOAN001234,CUS002869,INS000002,Personal,101503.88,55591.94,17.136,Active,2025-01-30,2029-01-30
LOAN001235,CUS002220,INS000005,Home,71700.88,44280.56,11.707,Active,2025-08-11,2027-08-11
LOAN001236,CUS003966,INS000005,Education,459765.92,396271.38,14.633,Closed,2026-06-11,2030-06-11
LOAN001237,CUS004402,INS000003,Education,152344.4,105608.64,16.08,Active,2026-04-14,2030-04-14
LOAN001238,CUS000055,INS000003,Auto,260568.24,33485.57,17.867,Active,2023-12-03,2024-12-03
LOAN001239,CUS004420,INS000005,Personal,238949.0,146854.49,15.279,Active,2025-06-20,2029-06-20
LOAN001240,CUS001973,INS000002,Personal,1174075.3,677393.79,17.412,Closed,2022-04-29,2025-04-29
LOAN001241,CUS006351,INS000002,Home,139000.13,49081.59,14.332,Active,2024-07-18,2026-07-18
LOAN001242,CUS000475,INS000003,Education,289567.51,97204.56,7.843,Active,2023-10-31,2024-10-31
LOAN001243,CUS001683,INS000003,Home,50000.0,42530.28,14.283,Active,2023-09-30,2026-09-30
LOAN001244,CUS002163,INS000003,Personal,156676.95,16834.72,13.349,Active,2023-11-29,2028-11-29
LOAN001245,CUS004501,INS000002,Auto,199587.39,81642.18,13.656,Active,2025-01-02,2030-01-02
LOAN001246,CUS000549,INS000001,Personal,50000.0,36351.68,7.956,Active,2022-02-01,2023-02-01
LOAN001247,CUS007576,INS000002,Personal,431177.7,299162.5,10.134,Active,2025-07-04,2027-07-04
LOAN001248,CUS001824,INS000005,Education,248539.59,42503.54,11.616,Active,2026-02-18,2030-02-18
LOAN001249,CUS006373,INS000001,Home,137870.36,63906.83,17.294,Active,2025-12-25,2027-12-25
LOAN001250,CUS009141,INS000001,Education,337256.43,280638.34,12.783,Closed,2024-09-30,2029-09-30
LOAN001251,CUS001943,INS000005,Personal,395688.4,38080.68,9.056,Active,2024-03-31,2029-03-31
LOAN001252,CUS004406,INS000004,Personal,211088.3,11339.54,14.347,Active,2023-09-16,2025-09-16
LOAN001253,CUS005191,INS000005,Auto,101550.62,28437.49,9.603,Active,2022-04-24,2025-04-24
LOAN001254,CUS008141,INS000004,Personal,405776.12,83368.42,16.648,Closed,2022-05-12,2025-05-12
LOAN001255,CUS002114,INS000002,Personal,91405.2,77275.04,15.125,Closed,2025-07-13,2030-07-13
LOAN001256,CUS006991,INS000004,Personal,528649.58,149651.27,9.777,Closed,2025-09-10,2026-09-10
LOAN001257,CUS002240,INS000003,Auto,389242.51,140221.63,14.363,Active,2022-09-23,2027-09-23
LOAN001258,CUS003954,INS000003,Personal,335067.05,91698.36,16.484,Active,2023-03-02,2028-03-02
LOAN001259,CUS001927,INS000005,Personal,519597.28,76505.33,14.528,Active,2023-06-30,2027-06-30
LOAN001260,CUS008750,INS000001,Auto,116805.71,30961.43,11.346,Closed,2024-08-17,2027-08-17
LOAN001261,CUS001125,INS000005,Personal,99329.39,441.69,17.555,Defaulted,2026-05-29,2030-05-29
LOAN001262,CUS006609,INS000002,Education,244831.83,171882.72,7.574,Active,2026-01-04,2031-01-04
LOAN001263,CUS005048,INS000003,Personal,173414.03,147603.93,8.289,Active,2025-02-08,2029-02-08
LOAN001264,CUS006780,INS000004,Education,660328.18,181477.38,10.604,Active,2024-05-06,2028-05-06
LOAN001265,CUS009010,INS000002,Education,492136.59,25070.4,11.221,Active,2023-01-25,2027-01-25
LOAN001266,CUS007888,INS000001,Personal,50000.0,9237.25,14.161,Active,2024-07-30,2029-07-30
LOAN001267,CUS009653,INS000001,Education,117164.81,11833.55,11.438,Active,2023-01-20,2025-01-20
LOAN001268,CUS007859,INS000003,Personal,71534.82,41604.58,15.338,Active,2021-08-29,2024-08-29
LOAN001269,CUS005623,INS000002,Personal,200439.96,148332.18,10.224,Closed,2025-10-18,2030-10-18
LOAN001270,CUS007436,INS000001,Auto,166572.84,97477.03,9.059,Active,2022-06-08,2025-06-08
LOAN001271,CUS006288,INS000001,Home,913725.4,258652.08,14.027,Active,2023-10-13,2025-10-13
LOAN001272,CUS005355,INS000001,Personal,884784.59,577456.29,9.697,Active,2025-12-17,2028-12-17
LOAN001273,CUS008737,INS000004,Personal,128599.47,96049.37,11.068,Active,2025-12-19,2028-12-19
LOAN001274,CUS001074,INS000003,Personal,181577.46,41444.17,8.537,Active,2022-04-22,2027-04-22
LOAN001275,CUS003803,INS000004,Personal,98352.07,84830.02,16.822,Active,2025-12-20,2029-12-20
LOAN001276,CUS002410,INS000005,Personal,73900.87,258.41,8.935,Active,2022-01-06,2023-01-06
LOAN001277,CUS002073,INS000003,Personal,150446.06,58979.19,16.021,Active,2025-05-21,2027-05-21
LOAN001278,CUS001387,INS000001,Auto,451673.33,71103.15,9.213,Active,2025-02-20,2027-02-20
LOAN001279,CUS005019,INS000004,Home,292593.01,204718.26,12.486,Active,2021-12-05,2026-12-05
LOAN001280,CUS006976,INS000001,Auto,1222775.79,911020.36,12.364,Active,2024-11-16,2025-11-16
LOAN001281,CUS002931,INS000004,Home,595661.04,221564.54,13.503,Active,2023-02-20,2025-02-20
LOAN001282,CUS005660,INS000002,Personal,104775.8,84911.71,8.42,Closed,2025-12-29,2026-12-29
LOAN001283,CUS008627,INS000001,Personal,50000.0,3083.22,13.478,Active,2026-06-28,2029-06-28
LOAN001284,CUS008730,INS000003,Education,120610.62,21532.9,7.919,Active,2026-05-07,2028-05-07
LOAN001285,CUS009797,INS000004,Home,158661.57,80923.35,17.798,Active,2026-04-04,2030-04-04
LOAN001286,CUS003627,INS000003,Education,900153.55,598280.59,15.226,Closed,2026-03-11,2030-03-11
LOAN001287,CUS004613,INS000001,Personal,50000.0,46730.16,15.427,Closed,2023-12-13,2024-12-13
LOAN001288,CUS007111,INS000001,Auto,725004.64,513006.98,9.96,Active,2023-05-12,2027-05-12
LOAN001289,CUS003306,INS000003,Personal,70788.52,11778.9,15.291,Closed,2026-04-21,2027-04-21
LOAN001290,CUS000039,INS000001,Education,153750.61,32513.49,8.341,Closed,2023-10-29,2026-10-29
LOAN001291,CUS007953,INS000001,Education,99369.31,36064.21,10.201,Defaulted,2021-12-18,2025-12-18
LOAN001292,CUS002861,INS000004,Personal,776660.13,737811.82,7.952,Active,2024-06-10,2026-06-10
LOAN001293,CUS000884,INS000003,Personal,56843.64,43143.09,10.817,Active,2025-03-31,2029-03-31
LOAN001294,CUS006486,INS000004,Auto,148967.5,9924.88,8.644,Active,2026-07-22,2027-07-22
LOAN001295,CUS007075,INS000004,Education,50000.0,43105.53,9.189,Active,2023-09-18,2027-09-18
LOAN001296,CUS000660,INS000003,Personal,434012.01,254885.02,12.656,Active,2022-06-07,2027-06-07
LOAN001297,CUS000041,INS000004,Home,392058.96,349230.85,9.889,Active,2024-03-07,2028-03-07
LOAN001298,CUS001833,INS000002,Home,67229.48,12429.05,8.893,Active,2023-06-18,2026-06-18
LOAN001299,CUS000277,INS000005,Personal,224603.17,199713.17,8.528,Active,2024-08-29,2027-08-29
LOAN001300,CUS002711,INS000004,Education,169553.99,87221.8,10.661,Active,2023-04-17,2025-04-17
LOAN001301,CUS009222,INS000003,Education,581760.01,524345.53,8.059,Active,2022-01-07,2027-01-07
LOAN001302,CUS003999,INS000001,Auto,179677.37,108762.82,11.578,Active,2025-11-26,2027-11-26
LOAN001303,CUS007586,INS000004,Personal,184751.94,23393.08,12.057,Active,2023-08-24,2024-08-24
LOAN001304,CUS002539,INS000004,Home,186092.15,166505.41,10.221,Active,2024-06-18,2025-06-18
LOAN001305,CUS009563,INS000005,Home,101496.47,11350.46,11.734,Active,2024-09-04,2029-09-04
LOAN001306,CUS003581,INS000005,Personal,305815.84,246197.66,8.365,Closed,2022-12-12,2026-12-12
LOAN001307,CUS000033,INS000004,Auto,189280.87,67520.8,8.76,Active,2025-07-27,2029-07-27
LOAN001308,CUS003800,INS000002,Home,167872.77,36006.08,14.343,Defaulted,2023-03-31,2025-03-31
LOAN001309,CUS002735,INS000004,Home,134805.74,90478.89,9.284,Active,2021-09-24,2026-09-24
LOAN001310,CUS000638,INS000005,Personal,183887.87,168774.04,9.557,Active,2026-01-27,2028-01-27
LOAN001311,CUS007886,INS000005,Education,50000.0,4223.99,15.427,Active,2025-10-16,2030-10-16
LOAN001312,CUS004476,INS000002,Personal,97207.4,81372.5,10.906,Active,2023-09-05,2024-09-05
LOAN001313,CUS006623,INS000005,Personal,478839.63,395747.11,12.655,Active,2024-12-05,2029-12-05
LOAN001314,CUS001032,INS000002,Auto,50000.0,9606.79,17.681,Active,2024-04-16,2025-04-16
LOAN001315,CUS002127,INS000003,Personal,56033.42,38306.24,12.785,Active,2023-10-11,2025-10-11
LOAN001316,CUS005539,INS000003,Personal,50000.0,24169.42,11.631,Active,2023-01-06,2025-01-06
LOAN001317,CUS000723,INS000002,Personal,344423.32,246317.21,11.907,Active,2025-03-01,2026-03-01
LOAN001318,CUS007068,INS000003,Auto,199921.18,47655.43,13.416,Active,2026-07-13,2029-07-13
LOAN001319,CUS007109,INS000001,Personal,110782.47,37924.98,14.884,Active,2021-08-31,2023-08-31
LOAN001320,CUS008769,INS000005,Auto,91369.48,31160.93,14.437,Active,2024-04-09,2025-04-09
LOAN001321,CUS008609,INS000005,Home,156304.29,94303.27,14.385,Closed,2023-12-11,2024-12-11
LOAN001322,CUS004154,INS000002,Education,383030.69,157515.74,10.936,Active,2024-05-11,2025-05-11
LOAN001323,CUS004509,INS000002,Education,172070.79,152700.48,17.815,Active,2023-09-02,2024-09-02
LOAN001324,CUS006391,INS000005,Home,247284.55,182209.61,10.841,Active,2025-08-05,2029-08-05
LOAN001325,CUS006369,INS000002,Education,229082.09,131504.84,12.219,Active,2025-03-12,2028-03-12
LOAN001326,CUS008300,INS000001,Personal,474384.92,240663.41,8.055,Active,2022-11-09,2026-11-09
LOAN001327,CUS007288,INS000005,Personal,253164.85,52610.15,17.822,Active,2023-11-05,2027-11-05
LOAN001328,CUS004458,INS000004,Home,279416.18,109319.16,13.923,Active,2024-12-24,2026-12-24
LOAN001329,CUS004398,INS000004,Education,201543.44,62864.76,11.557,Active,2022-08-11,2027-08-11
LOAN001330,CUS006576,INS000001,Home,56456.88,46471.87,16.1,Active,2023-09-15,2027-09-15
LOAN001331,CUS007486,INS000001,Personal,57858.14,6091.28,8.061,Active,2024-10-20,2029-10-20
LOAN001332,CUS005775,INS000003,Auto,249646.13,162788.35,16.247,Defaulted,2021-10-21,2023-10-21
LOAN001333,CUS002407,INS000001,Auto,218335.4,105998.5,9.858,Active,2026-01-15,2031-01-15
LOAN001334,CUS008495,INS000004,Personal,296410.89,58015.1,15.657,Active,2026-07-28,2028-07-28
LOAN001335,CUS001111,INS000001,Auto,111117.4,20201.71,11.904,Defaulted,2026-05-22,2031-05-22
LOAN001336,CUS000914,INS000001,Auto,281890.09,48431.33,15.969,Active,2022-11-14,2026-11-14
LOAN001337,CUS007333,INS000001,Personal,77686.65,53935.25,8.342,Active,2022-03-10,2024-03-10
LOAN001338,CUS002460,INS000002,Personal,54349.38,1230.93,10.79,Active,2026-04-14,2027-04-14
LOAN001339,CUS000518,INS000005,Home,318342.78,230417.26,12.718,Active,2024-02-19,2028-02-19
LOAN001340,CUS007442,INS000004,Education,75329.43,5656.6,12.409,Active,2022-11-28,2027-11-28
LOAN001341,CUS005477,INS000002,Auto,2727070.1,29159.62,11.133,Active,2024-04-18,2027-04-18
LOAN001342,CUS003361,INS000005,Personal,465867.29,172717.37,10.755,Active,2023-05-10,2027-05-10
LOAN001343,CUS006647,INS000004,Personal,50000.0,1441.48,11.244,Active,2022-05-29,2025-05-29
LOAN001344,CUS005351,INS000002,Personal,159545.44,148095.72,8.857,Closed,2023-05-01,2028-05-01
LOAN001345,CUS006996,INS000003,Auto,263662.03,134831.03,13.765,Active,2025-09-24,2027-09-24
LOAN001346,CUS000092,INS000001,Personal,297133.37,43902.52,8.38,Defaulted,2024-06-29,2026-06-29
LOAN001347,CUS009349,INS000005,Personal,129301.56,112629.0,15.909,Active,2023-09-30,2028-09-30
LOAN001348,CUS004393,INS000004,Auto,355513.91,205520.27,14.883,Active,2021-09-08,2023-09-08
LOAN001349,CUS009661,INS000003,Personal,172844.54,43148.82,10.755,Closed,2026-01-05,2028-01-05
LOAN001350,CUS008434,INS000005,Auto,76548.01,3720.03,8.734,Active,2023-12-03,2024-12-03
LOAN001351,CUS004587,INS000001,Personal,235946.01,203665.33,15.25,Active,2023-07-11,2025-07-11
LOAN001352,CUS006929,INS000002,Personal,292896.96,277173.28,17.539,Active,2025-05-10,2026-05-10
LOAN001353,CUS007800,INS000004,Home,127578.28,101424.5,14.69,Active,2023-06-18,2026-06-18
LOAN001354,CUS001906,INS000005,Home,124618.5,104665.87,9.244,Active,2023-06-04,2024-06-04
LOAN001355,CUS009380,INS000001,Home,152366.33,100857.09,9.634,Active,2024-01-31,2026-01-31
LOAN001356,CUS005733,INS000003,Auto,232788.16,16898.07,12.497,Active,2023-01-24,2025-01-24
LOAN001357,CUS005867,INS000004,Auto,75811.66,41321.17,14.973,Active,2026-04-23,2030-04-23
LOAN001358,CUS008646,INS000003,Education,238607.89,106571.21,11.961,Active,2024-05-09,2029-05-09
LOAN001359,CUS007272,INS000001,Personal,50964.23,18733.4,16.062,Active,2022-02-04,2023-02-04
LOAN001360,CUS003809,INS000003,Auto,254126.06,90507.07,8.128,Active,2023-07-31,2024-07-31
LOAN001361,CUS004873,INS000004,Personal,167563.93,15003.69,13.78,Closed,2024-08-28,2026-08-28
LOAN001362,CUS003420,INS000002,Personal,214188.8,76591.68,17.981,Closed,2026-02-13,2031-02-13
LOAN001363,CUS003937,INS000003,Personal,404587.49,179238.21,11.188,Closed,2026-07-15,2027-07-15
LOAN001364,CUS001654,INS000004,Home,50417.06,33680.39,11.538,Active,2026-07-13,2028-07-13
LOAN001365,CUS000040,INS000002,Auto,69212.07,55143.97,7.593,Active,2024-07-24,2029-07-24
LOAN001366,CUS005459,INS000004,Personal,1091140.3,490254.54,16.695,Active,2025-05-25,2027-05-25
LOAN001367,CUS007805,INS000002,Auto,139185.28,50186.3,9.506,Active,2024-12-19,2025-12-19
LOAN001368,CUS001094,INS000002,Personal,138541.36,20931.72,13.229,Closed,2021-09-17,2022-09-17
LOAN001369,CUS000900,INS000003,Personal,216989.22,99746.62,13.976,Active,2024-06-24,2027-06-24
LOAN001370,CUS002893,INS000001,Personal,194591.27,52544.93,10.68,Active,2024-06-20,2025-06-20
LOAN001371,CUS002878,INS000004,Education,99699.65,43481.48,14.142,Closed,2022-05-05,2023-05-05
LOAN001372,CUS003984,INS000002,Home,311681.6,211224.05,9.819,Closed,2026-01-29,2031-01-29
LOAN001373,CUS003969,INS000003,Personal,145474.66,126399.34,11.612,Active,2023-09-21,2024-09-21
LOAN001374,CUS004562,INS000005,Personal,233595.48,208049.66,11.498,Active,2023-12-25,2028-12-25
LOAN001375,CUS004885,INS000004,Auto,80155.44,11604.51,15.289,Active,2024-08-14,2025-08-14
LOAN001376,CUS002765,INS000004,Personal,253062.28,15688.97,7.94,Active,2024-04-14,2026-04-14
LOAN001377,CUS008944,INS000001,Personal,141432.59,9991.52,11.226,Defaulted,2022-02-13,2027-02-13
LOAN001378,CUS001041,INS000003,Personal,258102.45,235898.27,13.228,Active,2023-06-27,2025-06-27
LOAN001379,CUS006648,INS000002,Home,172842.68,106021.5,10.606,Active,2022-06-23,2025-06-23
LOAN001380,CUS009962,INS000003,Personal,298869.81,177404.32,9.868,Active,2023-11-16,2025-11-16
LOAN001381,CUS000555,INS000005,Home,131559.18,122760.28,13.974,Closed,2023-03-06,2024-03-06
LOAN001382,CUS004283,INS000005,Home,769608.3,25385.7,15.032,Active,2024-02-19,2025-02-19
LOAN001383,CUS002759,INS000004,Home,313268.44,49617.44,15.281,Active,2025-05-03,2027-05-03
LOAN001384,CUS002192,INS000004,Auto,200902.71,31581.85,16.304,Active,2023-08-12,2028-08-12
LOAN001385,CUS003990,INS000001,Home,219773.86,52469.53,17.169,Active,2021-11-23,2023-11-23
LOAN001386,CUS002097,INS000001,Personal,50000.0,163.1,8.808,Closed,2024-02-06,2026-02-06
LOAN001387,CUS000447,INS000003,Education,337757.64,247379.02,7.705,Closed,2022-11-20,2026-11-20
LOAN001388,CUS000404,INS000005,Home,175168.06,131045.67,9.036,Active,2023-09-02,2026-09-02
LOAN001389,CUS001562,INS000002,Personal,82982.21,42256.87,10.673,Closed,2025-04-30,2030-04-30
LOAN001390,CUS005266,INS000004,Personal,111234.88,43848.15,15.742,Active,2025-08-08,2027-08-08
LOAN001391,CUS002573,INS000001,Auto,125683.08,74147.07,17.182,Closed,2022-11-09,2026-11-09
LOAN001392,CUS009738,INS000002,Personal,165339.98,11440.3,8.179,Active,2023-01-30,2028-01-30
LOAN001393,CUS004409,INS000005,Personal,175009.68,14033.04,8.309,Active,2022-12-01,2025-12-01
LOAN001394,CUS007418,INS000005,Personal,94205.36,71716.83,7.617,Active,2024-10-15,2029-10-15
LOAN001395,CUS006211,INS000004,Home,159196.26,140887.98,13.026,Closed,2022-11-17,2026-11-17
LOAN001396,CUS006327,INS000004,Personal,239950.32,9208.25,10.455,Active,2026-07-15,2031-07-15
LOAN001397,CUS004094,INS000001,Personal,471975.77,118900.69,14.054,Active,2025-03-21,2027-03-21
LOAN001398,CUS007309,INS000002,Education,273474.1,237950.73,14.835,Active,2021-08-12,2022-08-12
LOAN001399,CUS000059,INS000004,Personal,244195.03,220075.35,10.771,Active,2026-04-15,2030-04-15
LOAN001400,CUS002244,INS000005,Personal,196704.37,68648.32,16.858,Active,2024-07-10,2026-07-10
LOAN001401,CUS008539,INS000003,Personal,121835.38,46188.68,17.663,Closed,2021-11-30,2026-11-30
LOAN001402,CUS005182,INS000003,Personal,134542.83,32909.62,12.483,Active,2023-04-16,2026-04-16
LOAN001403,CUS005385,INS000003,Personal,55877.14,22432.3,16.743,Active,2022-07-13,2025-07-13
LOAN001404,CUS000948,INS000004,Auto,176143.33,41359.88,10.708,Active,2026-07-17,2028-07-17
LOAN001405,CUS004219,INS000001,Auto,364820.32,39996.42,11.178,Active,2021-11-15,2025-11-15
LOAN001406,CUS005995,INS000002,Personal,360711.41,199488.31,8.721,Closed,2021-12-20,2022-12-20
LOAN001407,CUS003115,INS000005,Education,158470.35,98780.92,12.19,Active,2024-08-16,2026-08-16
LOAN001408,CUS009357,INS000003,Personal,83215.17,64836.57,9.568,Active,2025-04-07,2028-04-07
LOAN001409,CUS002554,INS000002,Personal,280081.42,151331.88,8.654,Active,2024-04-08,2026-04-08
LOAN001410,CUS005852,INS000005,Auto,379537.79,133388.16,8.619,Closed,2022-12-03,2025-12-03
LOAN001411,CUS005017,INS000004,Personal,546795.75,244780.83,16.018,Active,2024-04-19,2027-04-19
LOAN001412,CUS006485,INS000001,Personal,51776.4,12712.96,16.838,Closed,2023-09-30,2026-09-30
LOAN001413,CUS009348,INS000005,Personal,271816.47,210728.76,17.567,Active,2025-11-10,2029-11-10
LOAN001414,CUS004245,INS000005,Personal,443268.44,67074.74,10.576,Closed,2021-10-08,2026-10-08
LOAN001415,CUS008834,INS000003,Home,50000.0,37977.15,16.659,Active,2023-04-05,2028-04-05
LOAN001416,CUS003642,INS000003,Home,121186.08,3613.42,12.519,Active,2022-01-22,2027-01-22
LOAN001417,CUS006285,INS000004,Auto,97517.22,16717.93,16.178,Closed,2021-10-12,2022-10-12
LOAN001418,CUS008024,INS000002,Home,365801.96,29549.02,14.46,Defaulted,2026-05-08,2029-05-08
LOAN001419,CUS008317,INS000004,Personal,373548.78,78687.88,14.502,Closed,2022-11-27,2026-11-27
LOAN001420,CUS009854,INS000002,Personal,383752.3,354812.53,12.096,Closed,2023-12-05,2025-12-05
LOAN001421,CUS009687,INS000005,Personal,585548.01,13142.94,7.616,Active,2023-08-22,2024-08-22
LOAN001422,CUS003230,INS000005,Home,184224.39,83888.87,16.806,Active,2022-07-25,2026-07-25
LOAN001423,CUS000176,INS000002,Auto,50000.0,24802.4,10.287,Active,2022-11-22,2026-11-22
LOAN001424,CUS001091,INS000005,Personal,204383.57,95171.94,12.353,Active,2026-05-24,2029-05-24
LOAN001425,CUS000503,INS000005,Personal,128511.81,62158.11,17.817,Active,2025-05-10,2029-05-10
LOAN001426,CUS001870,INS000001,Auto,494606.75,377033.16,15.539,Active,2022-09-17,2024-09-17
LOAN001427,CUS009841,INS000002,Auto,212906.39,118033.33,8.306,Closed,2024-04-23,2029-04-23
LOAN001428,CUS003091,INS000005,Auto,328134.3,186363.81,17.956,Active,2024-04-03,2028-04-03
LOAN001429,CUS007597,INS000004,Auto,126565.54,61349.64,17.807,Closed,2024-01-25,2027-01-25
LOAN001430,CUS000462,INS000002,Personal,110291.23,3887.61,14.472,Active,2025-06-13,2027-06-13
LOAN001431,CUS009252,INS000005,Personal,50000.0,13030.78,15.377,Active,2022-07-08,2025-07-08
LOAN001432,CUS006188,INS000002,Auto,51527.35,12474.88,11.952,Active,2023-03-01,2027-03-01
LOAN001433,CUS006173,INS000002,Home,315832.29,68853.94,16.048,Closed,2022-01-01,2027-01-01
LOAN001434,CUS009401,INS000003,Home,137366.09,30944.1,9.899,Closed,2025-10-08,2027-10-08
LOAN001435,CUS002290,INS000003,Education,80338.09,2299.59,10.77,Active,2025-01-14,2027-01-14
LOAN001436,CUS005946,INS000001,Education,151851.32,4570.63,15.001,Active,2021-09-21,2023-09-21
LOAN001437,CUS007317,INS000003,Education,104393.52,98903.23,8.099,Active,2025-08-07,2028-08-07
LOAN001438,CUS003948,INS000001,Personal,50000.0,28031.5,7.974,Closed,2022-04-07,2024-04-07
LOAN001439,CUS003000,INS000004,Home,61040.98,28698.51,17.56,Active,2025-09-03,2030-09-03
LOAN001440,CUS003340,INS000005,Personal,91969.85,18696.08,8.306,Active,2025-04-11,2029-04-11
LOAN001441,CUS005638,INS000005,Personal,343025.62,321857.13,15.114,Active,2023-05-06,2025-05-06
LOAN001442,CUS005379,INS000003,Personal,139588.76,13379.97,8.428,Closed,2022-01-29,2025-01-29
LOAN001443,CUS007547,INS000001,Home,50000.0,38077.83,10.357,Active,2024-07-23,2029-07-23
LOAN001444,CUS003880,INS000005,Home,70544.81,58289.29,13.104,Active,2025-02-09,2028-02-09
LOAN001445,CUS005552,INS000005,Home,681965.81,381499.01,15.237,Active,2025-11-02,2027-11-02
LOAN001446,CUS002180,INS000003,Personal,83842.35,40538.64,11.247,Active,2023-11-29,2026-11-29
LOAN001447,CUS006746,INS000005,Personal,675115.22,315045.29,11.748,Active,2023-01-21,2028-01-21
LOAN001448,CUS000239,INS000005,Personal,109573.79,87543.16,8.091,Active,2024-08-14,2029-08-14
LOAN001449,CUS007295,INS000002,Personal,50000.0,45682.08,16.443,Active,2025-03-13,2027-03-13
LOAN001450,CUS001744,INS000001,Home,109384.77,101184.16,14.414,Closed,2023-07-05,2024-07-05
LOAN001451,CUS005942,INS000001,Education,659731.14,12017.78,8.486,Active,2022-02-28,2027-02-28
LOAN001452,CUS008329,INS000002,Personal,93846.81,86044.67,9.261,Closed,2021-08-09,2022-08-09
LOAN001453,CUS008047,INS000002,Education,181615.85,140513.37,10.347,Active,2021-11-15,2023-11-15
LOAN001454,CUS002805,INS000001,Home,110847.8,17079.81,7.706,Active,2021-10-23,2025-10-23
LOAN001455,CUS001918,INS000003,Education,1229397.23,329909.96,10.243,Active,2023-11-28,2024-11-28
LOAN001456,CUS009705,INS000002,Personal,138397.35,104998.98,17.253,Active,2025-08-04,2027-08-04
LOAN001457,CUS003728,INS000003,Home,65100.8,10340.65,11.459,Active,2025-10-16,2030-10-16
LOAN001458,CUS007132,INS000001,Auto,188834.38,64587.44,12.622,Active,2023-12-28,2024-12-28
LOAN001459,CUS005763,INS000004,Home,216428.54,59521.52,16.804,Closed,2023-10-24,2026-10-24
LOAN001460,CUS005704,INS000005,Personal,170131.63,28915.67,10.935,Active,2023-03-15,2028-03-15
LOAN001461,CUS002536,INS000005,Personal,215135.99,120843.99,15.825,Active,2022-04-14,2026-04-14
LOAN001462,CUS007883,INS000002,Personal,103632.43,36490.99,8.535,Defaulted,2025-05-11,2028-05-11
LOAN001463,CUS008826,INS000003,Auto,107824.57,3315.47,9.589,Active,2023-05-25,2027-05-25
LOAN001464,CUS005498,INS000003,Auto,286513.8,114709.19,8.353,Active,2026-04-07,2027-04-07
LOAN001465,CUS007689,INS000003,Auto,92198.57,77068.26,15.136,Closed,2025-05-06,2026-05-06
LOAN001466,CUS007988,INS000005,Personal,66912.71,43091.98,8.102,Active,2022-12-28,2027-12-28
LOAN001467,CUS008044,INS000004,Home,156300.35,16820.89,11.754,Defaulted,2023-01-21,2028-01-21
LOAN001468,CUS008338,INS000001,Personal,226043.74,128128.31,16.663,Closed,2022-12-21,2024-12-21
LOAN001469,CUS006324,INS000004,Home,105044.28,685.57,13.353,Active,2023-06-23,2024-06-23
LOAN001470,CUS005874,INS000005,Home,242040.96,3288.53,13.562,Active,2025-06-28,2027-06-28
LOAN001471,CUS001577,INS000002,Personal,141133.96,15655.32,8.512,Active,2021-09-10,2024-09-10
LOAN001472,CUS006790,INS000002,Auto,90030.62,67480.94,10.537,Active,2026-06-22,2027-06-22
LOAN001473,CUS004994,INS000005,Education,615746.34,132854.79,9.211,Active,2024-12-13,2029-12-13
LOAN001474,CUS006864,INS000004,Home,277287.04,116632.08,12.702,Active,2024-09-25,2026-09-25
LOAN001475,CUS006243,INS000004,Home,128708.82,14254.79,15.354,Active,2022-03-10,2025-03-10
LOAN001476,CUS009210,INS000003,Personal,203339.88,148330.73,9.992,Active,2025-04-06,2026-04-06
LOAN001477,CUS006170,INS000002,Education,260190.85,222185.8,16.314,Active,2025-01-26,2029-01-26
LOAN001478,CUS009987,INS000004,Auto,285385.27,238026.4,10.49,Closed,2024-09-23,2028-09-23
LOAN001479,CUS005306,INS000004,Home,377246.28,84231.48,12.304,Active,2022-04-07,2026-04-07
LOAN001480,CUS000598,INS000005,Personal,175243.05,40078.1,7.716,Active,2026-03-20,2028-03-20
LOAN001481,CUS009469,INS000005,Education,55224.7,51434.61,9.069,Active,2022-11-23,2024-11-23
LOAN001482,CUS009058,INS000001,Home,366917.44,258675.84,16.644,Active,2026-07-25,2030-07-25
LOAN001483,CUS004181,INS000001,Personal,383581.09,11067.32,12.013,Active,2024-11-15,2025-11-15
LOAN001484,CUS007348,INS000005,Home,50000.0,23856.43,7.86,Closed,2023-07-02,2024-07-02
LOAN001485,CUS002426,INS000005,Personal,82554.51,49548.54,13.387,Closed,2025-05-06,2029-05-06
LOAN001486,CUS007534,INS000005,Auto,340637.03,63193.13,10.288,Active,2026-03-22,2031-03-22
LOAN001487,CUS009507,INS000002,Home,808164.14,209806.37,14.594,Active,2023-12-12,2026-12-12
LOAN001488,CUS000878,INS000002,Education,571687.09,527346.44,10.492,Active,2022-10-12,2027-10-12
LOAN001489,CUS001852,INS000001,Auto,228661.67,180800.03,14.873,Active,2022-11-20,2027-11-20
LOAN001490,CUS009576,INS000001,Home,573537.79,6359.3,13.046,Active,2025-01-29,2029-01-29
LOAN001491,CUS004394,INS000002,Auto,1040294.02,569981.43,8.541,Active,2026-04-18,2031-04-18
LOAN001492,CUS003042,INS000002,Personal,1686258.69,654778.16,10.106,Closed,2026-07-25,2031-07-25
LOAN001493,CUS007479,INS000002,Personal,69603.57,36403.15,16.061,Closed,2021-12-18,2025-12-18
LOAN001494,CUS003897,INS000001,Auto,1497445.5,1113841.64,13.4,Active,2024-06-23,2025-06-23
LOAN001495,CUS008390,INS000003,Personal,54299.12,3643.41,12.998,Active,2021-12-19,2023-12-19
LOAN001496,CUS000008,INS000003,Personal,60078.3,42020.36,8.528,Active,2025-08-29,2029-08-29
LOAN001497,CUS004538,INS000005,Personal,178867.65,129887.05,14.321,Closed,2021-10-25,2023-10-25
LOAN001498,CUS003425,INS000003,Personal,126358.15,74438.44,14.4,Defaulted,2025-06-21,2027-06-21
LOAN001499,CUS001265,INS000001,Auto,217628.63,69379.21,15.737,Active,2022-08-03,2027-08-03
LOAN001500,CUS000034,INS000001,Personal,241414.77,106206.51,11.853,Active,2024-11-09,2025-11-09
LOAN001501,CUS009924,INS000003,Personal,351132.62,152752.78,16.031,Active,2022-08-20,2027-08-20
LOAN001502,CUS006689,INS000001,Home,300172.96,49385.78,12.834,Active,2021-09-09,2025-09-09
LOAN001503,CUS003293,INS000002,Personal,88191.3,29739.62,14.65,Active,2024-02-25,2028-02-25
LOAN001504,CUS003875,INS000004,Auto,845973.92,539963.08,10.742,Active,2024-12-12,2027-12-12
LOAN001505,CUS006133,INS000002,Personal,117255.22,13783.64,7.586,Active,2021-09-11,2026-09-11
LOAN001506,CUS003928,INS000001,Personal,188061.83,120390.67,10.219,Closed,2024-04-03,2029-04-03
LOAN001507,CUS001926,INS000005,Auto,414070.13,343313.01,8.419,Defaulted,2022-04-27,2023-04-27
LOAN001508,CUS005086,INS000001,Education,194745.54,111619.55,10.599,Active,2025-11-23,2029-11-23
LOAN001509,CUS005280,INS000004,Home,122602.42,67601.96,7.611,Active,2022-06-17,2027-06-17
LOAN001510,CUS002285,INS000005,Auto,66816.0,44888.17,13.527,Active,2023-02-24,2025-02-24
LOAN001511,CUS004978,INS000005,Personal,50000.0,18447.47,8.97,Active,2022-06-26,2025-06-26
LOAN001512,CUS003716,INS000003,Home,98092.28,88439.89,7.966,Active,2025-09-26,2026-09-26
LOAN001513,CUS004189,INS000002,Personal,109077.72,65828.31,13.451,Active,2021-08-26,2026-08-26
LOAN001514,CUS004603,INS000001,Personal,248217.96,224776.74,14.577,Active,2025-11-01,2027-11-01
LOAN001515,CUS008233,INS000005,Auto,355430.5,224514.41,12.371,Closed,2022-02-16,2024-02-16
LOAN001516,CUS003426,INS000001,Personal,50000.0,14099.55,10.157,Active,2024-05-09,2029-05-09
LOAN001517,CUS007911,INS000002,Home,66908.55,4413.45,12.778,Closed,2022-01-27,2026-01-27
LOAN001518,CUS008373,INS000005,Personal,158734.94,18866.5,13.882,Active,2022-12-26,2023-12-26
LOAN001519,CUS001050,INS000001,Home,50000.0,4519.73,10.724,Active,2026-05-18,2031-05-18
LOAN001520,CUS008947,INS000003,Personal,156802.74,20451.02,8.655,Closed,2022-06-05,2025-06-05
LOAN001521,CUS007261,INS000002,Home,62615.63,23182.89,16.595,Active,2022-08-23,2023-08-23
LOAN001522,CUS005470,INS000002,Auto,220896.77,180269.88,12.156,Active,2025-02-15,2026-02-15
LOAN001523,CUS007525,INS000003,Auto,314305.14,80711.26,17.072,Active,2024-02-16,2025-02-16
LOAN001524,CUS004337,INS000003,Personal,271229.58,164072.89,16.743,Active,2025-12-12,2028-12-12
LOAN001525,CUS001468,INS000002,Home,172682.39,114823.61,10.953,Active,2022-11-27,2026-11-27
LOAN001526,CUS001180,INS000001,Home,221950.42,149459.23,9.517,Closed,2022-06-09,2025-06-09
LOAN001527,CUS006388,INS000002,Education,409414.76,384951.3,9.887,Active,2024-01-14,2027-01-14
LOAN001528,CUS000826,INS000005,Education,218611.67,39054.4,15.15,Active,2022-11-28,2027-11-28
LOAN001529,CUS000684,INS000002,Education,511669.01,238101.63,10.532,Active,2023-03-30,2026-03-30
LOAN001530,CUS006332,INS000005,Education,373864.1,79589.64,15.098,Active,2024-01-12,2028-01-12
LOAN001531,CUS004617,INS000002,Personal,665082.24,504440.39,14.834,Active,2022-09-02,2024-09-02
LOAN001532,CUS003074,INS000003,Home,125028.11,18417.25,13.684,Active,2024-05-17,2026-05-17
LOAN001533,CUS007788,INS000001,Auto,160118.1,49740.01,13.934,Active,2026-02-28,2029-02-28
LOAN001534,CUS003284,INS000004,Home,259281.66,221768.68,17.92,Active,2023-05-22,2028-05-22
LOAN001535,CUS001463,INS000003,Auto,81817.12,30757.54,13.298,Active,2025-11-09,2026-11-09
LOAN001536,CUS009351,INS000002,Education,488739.49,133514.28,12.079,Defaulted,2022-05-01,2026-05-01
LOAN001537,CUS008766,INS000001,Personal,58815.41,21404.34,10.07,Closed,2025-12-30,2028-12-30
LOAN001538,CUS000852,INS000005,Home,137271.52,56090.56,17.31,Closed,2022-01-25,2024-01-25
LOAN001539,CUS001500,INS000004,Personal,416307.98,109270.32,16.49,Active,2022-11-06,2026-11-06
LOAN001540,CUS005382,INS000004,Personal,450238.62,200104.15,7.648,Active,2026-04-30,2029-04-30
LOAN001541,CUS003667,INS000002,Personal,195676.01,34869.33,12.592,Active,2024-05-16,2025-05-16
LOAN001542,CUS006305,INS000002,Personal,396981.67,372593.15,12.193,Active,2021-09-22,2024-09-22
LOAN001543,CUS009070,INS000001,Personal,111347.21,54651.39,16.934,Active,2025-03-13,2027-03-13
LOAN001544,CUS004239,INS000003,Education,50000.0,41456.16,8.039,Active,2021-11-04,2024-11-04
LOAN001545,CUS006636,INS000005,Personal,205949.87,61236.94,16.709,Active,2025-07-17,2028-07-17
LOAN001546,CUS006662,INS000005,Auto,81431.67,66123.57,12.311,Closed,2023-03-13,2028-03-13
LOAN001547,CUS008571,INS000002,Education,145888.52,46539.08,8.92,Active,2023-10-15,2026-10-15
LOAN001548,CUS007965,INS000003,Home,165213.89,27296.91,8.342,Active,2021-08-23,2023-08-23
LOAN001549,CUS007839,INS000005,Personal,644509.45,329441.06,17.258,Defaulted,2026-02-22,2029-02-22
LOAN001550,CUS009051,INS000001,Auto,495682.65,440276.14,7.879,Active,2024-12-30,2028-12-30
LOAN001551,CUS001396,INS000003,Personal,250755.65,113107.97,16.13,Active,2022-01-19,2024-01-19
LOAN001552,CUS001634,INS000002,Home,287035.3,209259.09,13.83,Active,2024-09-06,2028-09-06
LOAN001553,CUS003859,INS000005,Home,111133.26,54506.74,7.858,Active,2021-11-22,2024-11-22
LOAN001554,CUS007764,INS000003,Personal,80103.07,67356.63,15.252,Active,2024-09-04,2026-09-04
LOAN001555,CUS004616,INS000003,Auto,100439.9,26377.84,8.302,Active,2024-11-16,2029-11-16
LOAN001556,CUS008372,INS000005,Personal,307103.92,259728.54,15.953,Active,2025-08-03,2030-08-03
LOAN001557,CUS006297,INS000004,Personal,224882.96,47797.71,15.493,Active,2024-07-12,2025-07-12
LOAN001558,CUS000267,INS000004,Personal,181095.1,119919.36,8.46,Active,2022-10-21,2025-10-21
LOAN001559,CUS004907,INS000001,Education,88507.41,36760.77,8.233,Active,2026-02-17,2028-02-17
LOAN001560,CUS008555,INS000004,Personal,50000.0,34854.39,8.058,Active,2026-06-28,2030-06-28
LOAN001561,CUS004088,INS000005,Personal,60517.38,52628.42,11.738,Active,2024-09-30,2026-09-30
LOAN001562,CUS002296,INS000003,Home,160773.88,2388.79,7.517,Active,2025-05-18,2026-05-18
LOAN001563,CUS005658,INS000001,Auto,50000.0,12054.84,10.526,Active,2022-08-02,2027-08-02
LOAN001564,CUS008168,INS000003,Auto,131596.86,99033.53,11.203,Active,2023-05-18,2024-05-18
LOAN001565,CUS002161,INS000004,Personal,551176.2,180504.66,14.991,Closed,2023-07-08,2025-07-08
LOAN001566,CUS006903,INS000005,Education,132584.14,32658.36,11.275,Active,2024-06-21,2026-06-21
LOAN001567,CUS000182,INS000003,Personal,323237.84,52546.07,13.305,Active,2022-03-22,2023-03-22
LOAN001568,CUS002976,INS000004,Education,100717.74,66783.54,11.213,Closed,2025-07-07,2028-07-07
LOAN001569,CUS004718,INS000004,Auto,226853.53,80712.26,10.276,Active,2021-10-26,2025-10-26
LOAN001570,CUS009799,INS000004,Auto,123770.06,107588.64,17.085,Active,2024-02-21,2026-02-21
LOAN001571,CUS006904,INS000002,Personal,179783.77,133026.22,10.334,Closed,2022-01-02,2027-01-02
LOAN001572,CUS003737,INS000005,Education,244263.89,117306.61,16.526,Defaulted,2024-01-13,2028-01-13
LOAN001573,CUS004556,INS000001,Personal,134778.68,25436.03,16.362,Active,2024-09-15,2027-09-15
LOAN001574,CUS008563,INS000001,Home,160615.11,8122.58,14.451,Active,2024-06-12,2028-06-12
LOAN001575,CUS003831,INS000001,Education,253133.09,57338.48,13.35,Active,2023-02-06,2024-02-06
LOAN001576,CUS009008,INS000004,Personal,582629.31,518607.91,17.105,Active,2022-10-31,2025-10-31
LOAN001577,CUS009698,INS000005,Personal,66112.83,59815.03,7.552,Active,2023-01-17,2027-01-17
LOAN001578,CUS005323,INS000004,Personal,168438.51,155912.12,12.347,Active,2026-03-17,2030-03-17
LOAN001579,CUS007183,INS000004,Personal,71962.4,20336.84,13.735,Closed,2024-10-06,2027-10-06
LOAN001580,CUS009297,INS000003,Personal,285338.33,164073.96,9.695,Active,2022-09-05,2024-09-05
LOAN001581,CUS007185,INS000004,Personal,650073.05,488061.8,11.89,Active,2022-01-18,2024-01-18
LOAN001582,CUS009626,INS000001,Home,285058.41,53804.73,15.729,Active,2024-04-03,2029-04-03
LOAN001583,CUS001529,INS000002,Education,159176.63,51675.67,17.679,Defaulted,2022-04-14,2023-04-14
LOAN001584,CUS008396,INS000002,Personal,266977.34,147409.97,16.807,Active,2022-04-10,2023-04-10
LOAN001585,CUS003536,INS000003,Personal,326010.08,5251.14,8.989,Closed,2026-04-26,2031-04-26
LOAN001586,CUS001215,INS000001,Education,374701.36,203972.11,10.802,Closed,2025-07-18,2026-07-18
LOAN001587,CUS008164,INS000005,Personal,148635.59,7953.95,15.642,Active,2025-05-19,2030-05-19
LOAN001588,CUS008082,INS000003,Education,201126.06,65461.06,13.48,Active,2025-06-06,2028-06-06
LOAN001589,CUS006952,INS000003,Home,129237.91,98760.19,16.557,Active,2025-06-27,2028-06-27
LOAN001590,CUS005809,INS000004,Personal,177001.96,78426.85,15.764,Closed,2025-07-29,2026-07-29
LOAN001591,CUS003546,INS000005,Home,173684.93,162543.85,14.56,Active,2024-03-28,2029-03-28
LOAN001592,CUS000654,INS000005,Education,139562.75,100462.84,11.148,Active,2025-04-10,2026-04-10
LOAN001593,CUS009480,INS000001,Home,64256.54,37337.59,13.091,Active,2022-06-22,2027-06-22
LOAN001594,CUS004289,INS000004,Education,96864.87,22722.48,8.176,Active,2024-06-25,2029-06-25
LOAN001595,CUS004517,INS000003,Personal,1311581.17,108034.06,15.744,Active,2023-08-03,2027-08-03
LOAN001596,CUS002950,INS000002,Home,201186.15,178519.41,15.044,Closed,2022-11-06,2027-11-06
LOAN001597,CUS007430,INS000002,Personal,51781.36,1465.58,11.309,Active,2025-10-28,2028-10-28
LOAN001598,CUS008135,INS000002,Personal,116375.62,75252.11,16.651,Active,2022-04-18,2027-04-18
LOAN001599,CUS009536,INS000001,Auto,288539.39,106096.8,14.673,Active,2021-08-15,2026-08-15
LOAN001600,CUS005424,INS000002,Education,50000.0,45489.9,15.236,Closed,2022-08-26,2024-08-26
LOAN001601,CUS007900,INS000002,Personal,145277.97,56047.48,12.57,Active,2022-01-02,2023-01-02
LOAN001602,CUS004171,INS000001,Personal,246161.59,125113.53,13.508,Closed,2025-04-27,2030-04-27
LOAN001603,CUS002547,INS000001,Home,87534.42,59647.89,14.875,Active,2024-10-07,2029-10-07
LOAN001604,CUS003066,INS000002,Personal,67415.9,34352.34,8.076,Active,2021-11-25,2025-11-25
LOAN001605,CUS009939,INS000005,Education,358030.32,247969.42,14.973,Active,2023-12-27,2028-12-27
LOAN001606,CUS001668,INS000005,Personal,97480.6,621.3,13.575,Active,2025-07-18,2029-07-18
LOAN001607,CUS000816,INS000004,Home,74454.95,53626.44,7.576,Active,2023-09-26,2026-09-26
LOAN001608,CUS009611,INS000002,Personal,174083.81,119447.31,14.402,Active,2024-07-24,2029-07-24
LOAN001609,CUS005195,INS000004,Personal,127015.18,78221.86,16.767,Closed,2022-09-01,2025-09-01
LOAN001610,CUS006616,INS000005,Auto,310734.16,31186.01,13.94,Closed,2023-04-23,2028-04-23
LOAN001611,CUS007606,INS000005,Personal,313792.72,66173.02,10.554,Closed,2022-03-18,2026-03-18
LOAN001612,CUS009511,INS000005,Home,208000.34,156399.7,10.03,Active,2026-03-16,2029-03-16
LOAN001613,CUS002197,INS000002,Personal,119576.92,79355.13,10.758,Closed,2024-06-24,2027-06-24
LOAN001614,CUS005404,INS000004,Education,221387.13,6387.79,14.928,Active,2022-12-10,2025-12-10
LOAN001615,CUS002024,INS000005,Personal,88124.21,15080.43,12.794,Active,2024-09-16,2026-09-16
LOAN001616,CUS005700,INS000004,Home,144529.11,15249.64,14.005,Active,2023-09-19,2025-09-19
LOAN001617,CUS003401,INS000002,Auto,189732.97,56617.34,14.391,Closed,2022-02-03,2026-02-03
LOAN001618,CUS003130,INS000004,Personal,1179433.08,49367.19,13.967,Active,2024-11-15,2026-11-15
LOAN001619,CUS006309,INS000004,Education,50000.0,22760.3,10.385,Active,2024-06-23,2029-06-23
LOAN001620,CUS006620,INS000003,Personal,155881.37,33012.3,8.806,Active,2024-10-10,2028-10-10
LOAN001621,CUS009903,INS000002,Home,772665.6,75901.43,10.144,Active,2023-06-26,2028-06-26
LOAN001622,CUS008804,INS000002,Auto,119801.93,57889.66,7.987,Active,2023-12-23,2024-12-23
LOAN001623,CUS006488,INS000004,Personal,199738.8,30370.31,16.217,Closed,2021-12-09,2024-12-09
LOAN001624,CUS000342,INS000004,Personal,130334.24,82940.74,16.096,Active,2025-07-09,2030-07-09
LOAN001625,CUS004931,INS000002,Personal,241168.46,70973.91,17.269,Active,2021-10-28,2025-10-28
LOAN001626,CUS008989,INS000003,Personal,50000.0,23939.83,8.27,Active,2021-09-30,2023-09-30
LOAN001627,CUS009860,INS000001,Personal,50000.0,32135.46,17.012,Active,2024-01-19,2029-01-19
LOAN001628,CUS005453,INS000002,Home,272444.69,179751.15,11.802,Active,2021-12-17,2022-12-17
LOAN001629,CUS003365,INS000001,Education,390743.85,20875.07,12.304,Active,2024-06-19,2028-06-19
LOAN001630,CUS003318,INS000005,Education,367129.98,194031.77,12.318,Active,2026-01-12,2030-01-12
LOAN001631,CUS001140,INS000004,Personal,81626.79,42892.84,17.745,Closed,2024-01-19,2027-01-19
LOAN001632,CUS000157,INS000004,Personal,275798.32,238065.16,7.661,Active,2023-11-01,2024-11-01
LOAN001633,CUS002729,INS000002,Auto,1139660.43,451710.33,13.853,Active,2025-12-07,2030-12-07
LOAN001634,CUS005776,INS000001,Personal,278420.5,125931.06,10.233,Closed,2023-08-02,2025-08-02
LOAN001635,CUS005939,INS000002,Home,105276.27,37742.41,17.897,Active,2022-05-10,2027-05-10
LOAN001636,CUS001374,INS000003,Home,84099.18,8223.9,14.03,Closed,2022-01-30,2025-01-30
LOAN001637,CUS003902,INS000002,Home,130429.45,114215.14,7.676,Defaulted,2023-03-15,2024-03-15
LOAN001638,CUS003163,INS000003,Personal,129757.19,45848.29,14.794,Active,2023-01-12,2028-01-12
LOAN001639,CUS002385,INS000003,Personal,167188.73,122042.36,12.823,Active,2022-06-24,2027-06-24
LOAN001640,CUS001717,INS000003,Personal,59629.91,41559.21,16.955,Active,2025-11-29,2029-11-29
LOAN001641,CUS003860,INS000002,Personal,120368.09,90714.08,15.673,Active,2026-07-02,2029-07-02
LOAN001642,CUS003147,INS000004,Auto,50000.0,16841.1,15.146,Closed,2022-08-07,2023-08-07
LOAN001643,CUS005845,INS000003,Home,204651.73,142442.27,9.782,Closed,2022-07-28,2025-07-28
LOAN001644,CUS007391,INS000002,Auto,84789.27,39080.48,16.285,Defaulted,2025-08-16,2030-08-16
LOAN001645,CUS005643,INS000001,Education,213366.91,86793.83,17.771,Active,2025-08-28,2030-08-28
LOAN001646,CUS000255,INS000001,Personal,101747.09,40984.58,13.732,Active,2025-12-01,2026-12-01
LOAN001647,CUS002548,INS000003,Personal,115901.84,31902.12,9.338,Active,2024-05-23,2025-05-23
LOAN001648,CUS008951,INS000002,Auto,116543.01,23740.26,14.282,Active,2022-10-02,2025-10-02
LOAN001649,CUS002981,INS000003,Education,104759.57,10750.99,15.075,Defaulted,2021-09-19,2024-09-19
LOAN001650,CUS005653,INS000003,Personal,95665.62,87280.4,9.194,Closed,2023-10-29,2024-10-29
LOAN001651,CUS000018,INS000005,Auto,253397.24,56190.81,9.855,Active,2023-09-15,2024-09-15
LOAN001652,CUS009562,INS000002,Personal,122992.68,71542.64,12.434,Closed,2021-08-18,2026-08-18
LOAN001653,CUS000084,INS000005,Home,226917.47,187154.87,15.972,Active,2024-12-02,2025-12-02
LOAN001654,CUS007112,INS000003,Personal,1692953.61,1139689.76,16.42,Active,2023-12-23,2024-12-23
LOAN001655,CUS004923,INS000004,Auto,115360.35,42948.29,15.211,Active,2022-12-11,2027-12-11
LOAN001656,CUS005300,INS000003,Auto,176835.78,135556.55,7.741,Active,2024-11-28,2029-11-28
LOAN001657,CUS001367,INS000001,Personal,672373.9,53811.76,13.209,Closed,2021-08-25,2025-08-25
LOAN001658,CUS001336,INS000001,Home,236109.62,202779.98,9.825,Active,2023-08-28,2027-08-28
LOAN001659,CUS001859,INS000005,Personal,257811.37,235862.57,16.655,Closed,2022-11-13,2026-11-13
LOAN001660,CUS006385,INS000003,Personal,100842.0,80363.64,14.799,Active,2023-12-15,2028-12-15
LOAN001661,CUS009237,INS000002,Education,254602.55,29460.27,17.213,Active,2025-09-01,2027-09-01
LOAN001662,CUS002286,INS000004,Education,312166.58,159760.08,15.822,Active,2021-12-21,2026-12-21
LOAN001663,CUS009428,INS000004,Personal,209119.42,77374.69,13.191,Closed,2021-12-31,2022-12-31
LOAN001664,CUS004803,INS000001,Personal,75248.59,45640.3,13.977,Active,2026-06-29,2027-06-29
LOAN001665,CUS005010,INS000004,Auto,113411.27,45506.52,8.218,Closed,2026-07-01,2029-07-01
LOAN001666,CUS004645,INS000003,Personal,136726.5,97151.9,14.068,Active,2022-07-09,2025-07-09
LOAN001667,CUS003430,INS000001,Education,333741.96,100882.26,8.095,Active,2022-06-05,2026-06-05
LOAN001668,CUS000618,INS000002,Personal,166407.46,142782.48,12.887,Active,2025-05-10,2026-05-10
LOAN001669,CUS004773,INS000003,Personal,244742.94,158435.13,16.551,Active,2025-09-27,2028-09-27
LOAN001670,CUS006469,INS000005,Personal,55188.88,6414.64,9.886,Active,2026-07-11,2031-07-11
LOAN001671,CUS002780,INS000004,Personal,325102.96,243525.64,12.576,Active,2022-12-09,2025-12-09
LOAN001672,CUS001738,INS000005,Auto,197697.24,75274.68,8.319,Active,2023-12-12,2025-12-12
LOAN001673,CUS005736,INS000002,Personal,56437.53,13772.19,10.585,Active,2024-08-26,2028-08-26
LOAN001674,CUS008143,INS000002,Home,184497.54,41212.42,16.802,Active,2025-01-23,2028-01-23
LOAN001675,CUS000895,INS000001,Education,166309.01,4869.88,8.707,Closed,2023-07-03,2026-07-03
LOAN001676,CUS001407,INS000005,Auto,107197.22,31414.73,11.837,Active,2024-10-22,2026-10-22
LOAN001677,CUS002603,INS000005,Education,50000.0,20779.72,9.787,Active,2023-03-27,2024-03-27
LOAN001678,CUS009171,INS000004,Education,80823.69,49556.59,17.167,Active,2022-11-17,2027-11-17
LOAN001679,CUS006225,INS000005,Personal,403840.12,208797.77,14.483,Active,2025-10-04,2028-10-04
LOAN001680,CUS006849,INS000004,Personal,481838.61,259382.14,13.022,Active,2023-11-05,2028-11-05
LOAN001681,CUS008010,INS000004,Education,112922.59,10987.62,15.42,Active,2023-01-25,2026-01-25
LOAN001682,CUS000247,INS000004,Auto,137942.04,19097.56,12.568,Active,2021-10-12,2023-10-12
LOAN001683,CUS005097,INS000003,Education,85498.51,50693.75,13.754,Closed,2023-01-01,2026-01-01
LOAN001684,CUS006581,INS000005,Auto,100313.07,62577.35,14.809,Active,2025-07-30,2026-07-30
LOAN001685,CUS004188,INS000002,Education,158620.44,111823.75,12.222,Active,2022-03-01,2024-03-01
LOAN001686,CUS004314,INS000003,Personal,299308.43,272824.2,11.746,Closed,2025-04-05,2028-04-05
LOAN001687,CUS008199,INS000001,Home,111753.57,4785.73,8.536,Active,2024-08-23,2027-08-23
LOAN001688,CUS003529,INS000004,Education,501041.73,207838.85,17.905,Active,2024-11-01,2028-11-01
LOAN001689,CUS007017,INS000002,Personal,318813.28,221115.79,11.902,Active,2024-10-27,2028-10-27
LOAN001690,CUS002207,INS000002,Home,207304.74,176128.01,13.858,Closed,2021-12-01,2022-12-01
LOAN001691,CUS003461,INS000002,Personal,1024209.25,632526.51,8.486,Active,2022-02-11,2025-02-11
LOAN001692,CUS007522,INS000002,Education,111116.37,81686.26,14.038,Closed,2023-09-04,2027-09-04
LOAN001693,CUS006047,INS000005,Personal,78725.94,32000.84,15.045,Active,2025-02-12,2030-02-12
LOAN001694,CUS005187,INS000003,Personal,249427.77,225038.51,15.379,Active,2023-08-29,2025-08-29
LOAN001695,CUS004728,INS000004,Personal,119804.64,62581.87,16.668,Active,2025-11-20,2030-11-20
LOAN001696,CUS007124,INS000001,Education,99242.16,33673.82,11.791,Active,2022-04-18,2027-04-18
LOAN001697,CUS008761,INS000003,Personal,93974.25,10300.97,11.247,Active,2022-12-05,2025-12-05
LOAN001698,CUS000687,INS000005,Auto,160201.92,123787.37,12.577,Active,2025-11-03,2030-11-03
LOAN001699,CUS000451,INS000003,Auto,75306.16,37096.82,15.858,Active,2026-06-10,2031-06-10
LOAN001700,CUS006735,INS000001,Personal,114501.58,9893.44,13.469,Active,2022-10-12,2025-10-12
LOAN001701,CUS004474,INS000004,Personal,83124.79,58979.55,17.301,Closed,2023-01-21,2025-01-21
LOAN001702,CUS000841,INS000005,Education,84170.85,3913.44,13.138,Active,2023-07-26,2026-07-26
LOAN001703,CUS000996,INS000002,Auto,53423.31,16376.61,9.387,Defaulted,2025-01-03,2030-01-03
LOAN001704,CUS003065,INS000005,Personal,187948.77,48606.73,17.266,Active,2025-07-07,2028-07-07
LOAN001705,CUS003669,INS000005,Home,207659.92,195313.63,13.588,Closed,2025-10-08,2027-10-08
LOAN001706,CUS001129,INS000004,Home,132924.26,68501.26,13.483,Active,2022-06-23,2024-06-23
LOAN001707,CUS008923,INS000004,Personal,70653.1,27728.3,13.646,Defaulted,2023-07-10,2027-07-10
LOAN001708,CUS004161,INS000001,Auto,1408485.46,509052.35,11.685,Active,2023-03-02,2024-03-02
LOAN001709,CUS001620,INS000002,Personal,95584.95,58485.89,17.654,Active,2024-06-24,2028-06-24
LOAN001710,CUS009499,INS000001,Personal,239573.35,12616.94,8.245,Active,2021-12-10,2026-12-10
LOAN001711,CUS001294,INS000002,Personal,119877.6,85559.48,11.186,Active,2025-06-23,2028-06-23
LOAN001712,CUS001205,INS000003,Home,50000.0,15802.73,13.217,Active,2025-06-30,2026-06-30
LOAN001713,CUS007145,INS000002,Personal,118811.47,12950.54,13.069,Active,2021-11-30,2025-11-30
LOAN001714,CUS001651,INS000004,Personal,216922.49,193244.43,13.374,Active,2022-08-30,2023-08-30
LOAN001715,CUS001712,INS000004,Home,146154.94,92863.53,16.158,Active,2021-10-03,2024-10-03
LOAN001716,CUS002990,INS000002,Personal,237725.84,125179.93,8.795,Active,2024-06-22,2026-06-22
LOAN001717,CUS008277,INS000001,Personal,167076.69,73213.87,17.116,Active,2023-05-05,2026-05-05
LOAN001718,CUS001644,INS000001,Auto,202941.3,162141.54,13.855,Closed,2024-08-05,2029-08-05
LOAN001719,CUS000029,INS000004,Personal,522686.72,345346.52,7.606,Active,2023-07-10,2027-07-10
LOAN001720,CUS001338,INS000001,Home,50000.0,42803.72,11.652,Active,2025-07-29,2026-07-29
LOAN001721,CUS000321,INS000002,Home,50559.61,1231.21,9.4,Active,2024-01-01,2029-01-01
LOAN001722,CUS002961,INS000002,Auto,91169.27,86137.6,11.773,Active,2023-03-13,2027-03-13
LOAN001723,CUS003355,INS000001,Education,50000.0,7904.08,15.031,Active,2025-02-25,2027-02-25
LOAN001724,CUS001260,INS000001,Education,164864.58,59097.11,10.501,Closed,2024-01-20,2026-01-20
LOAN001725,CUS003778,INS000002,Home,145534.05,74971.42,10.226,Closed,2024-08-12,2029-08-12
LOAN001726,CUS005546,INS000001,Personal,294358.68,254356.0,11.566,Active,2022-10-07,2026-10-07
LOAN001727,CUS009368,INS000003,Personal,86496.61,42039.32,8.904,Active,2023-04-25,2027-04-25
LOAN001728,CUS005594,INS000003,Education,50000.0,13037.38,17.805,Active,2022-05-06,2023-05-06
LOAN001729,CUS005820,INS000001,Auto,753485.17,127444.07,14.445,Active,2024-06-19,2027-06-19
LOAN001730,CUS009180,INS000005,Home,74162.69,55862.58,17.912,Active,2023-07-01,2025-07-01
LOAN001731,CUS007339,INS000002,Home,108651.69,53368.3,12.727,Closed,2022-12-09,2026-12-09
LOAN001732,CUS007310,INS000002,Education,50000.0,43499.79,17.126,Active,2025-05-19,2026-05-19
LOAN001733,CUS008671,INS000003,Personal,50000.0,11104.0,15.306,Active,2022-10-18,2024-10-18
LOAN001734,CUS008312,INS000003,Auto,339020.22,16147.35,17.023,Active,2025-09-07,2029-09-07
LOAN001735,CUS003637,INS000001,Education,495231.1,45049.95,15.743,Closed,2026-05-30,2030-05-30
LOAN001736,CUS002914,INS000005,Personal,123978.79,115224.97,7.98,Active,2025-05-16,2027-05-16
LOAN001737,CUS008152,INS000004,Auto,138715.05,43061.74,11.562,Active,2026-03-24,2029-03-24
LOAN001738,CUS008149,INS000001,Personal,50000.0,21638.17,12.656,Active,2024-07-02,2029-07-02
LOAN001739,CUS004096,INS000002,Personal,424710.91,142311.72,13.623,Active,2025-10-26,2027-10-26
LOAN001740,CUS004622,INS000001,Personal,57852.64,40500.72,14.542,Closed,2023-07-10,2024-07-10
LOAN001741,CUS005004,INS000004,Education,75316.48,70150.79,7.662,Active,2022-04-26,2027-04-26
LOAN001742,CUS002820,INS000001,Home,94134.3,82506.25,10.046,Defaulted,2024-11-05,2027-11-05
LOAN001743,CUS007021,INS000005,Home,239087.94,67450.04,17.248,Active,2026-02-07,2031-02-07
LOAN001744,CUS000993,INS000004,Personal,141573.87,131501.38,12.943,Active,2022-04-23,2026-04-23
LOAN001745,CUS006073,INS000002,Personal,177451.77,73660.82,15.137,Active,2026-03-05,2027-03-05
LOAN001746,CUS003062,INS000002,Auto,71656.3,30440.52,8.697,Active,2021-08-15,2025-08-15
LOAN001747,CUS001106,INS000005,Home,56718.49,28868.68,9.272,Active,2023-11-12,2025-11-12
LOAN001748,CUS003853,INS000001,Personal,420379.7,98065.66,12.557,Active,2023-07-23,2027-07-23
LOAN001749,CUS000982,INS000004,Home,230315.82,84607.95,15.994,Closed,2023-10-19,2025-10-19
LOAN001750,CUS003745,INS000002,Personal,312573.1,245893.89,15.072,Active,2024-07-02,2025-07-02
LOAN001751,CUS004452,INS000002,Personal,105398.37,89848.19,10.593,Active,2023-01-16,2028-01-16
LOAN001752,CUS009684,INS000004,Home,86898.31,81789.42,14.908,Active,2024-08-31,2026-08-31
LOAN001753,CUS002821,INS000005,Auto,50000.0,44697.57,11.549,Active,2025-05-27,2028-05-27
LOAN001754,CUS005174,INS000001,Home,169017.32,26268.87,12.409,Active,2024-01-26,2026-01-26
LOAN001755,CUS007485,INS000002,Personal,167045.92,63689.06,7.718,Active,2026-04-14,2027-04-14
LOAN001756,CUS005591,INS000002,Personal,410381.85,99116.75,8.199,Active,2021-09-15,2023-09-15
LOAN001757,CUS002708,INS000003,Personal,149840.9,92224.27,12.375,Active,2026-04-01,2027-04-01
LOAN001758,CUS003002,INS000005,Home,80671.84,70641.87,15.236,Active,2026-02-21,2029-02-21
LOAN001759,CUS005461,INS000001,Home,158976.76,22313.39,7.872,Active,2024-01-18,2025-01-18
LOAN001760,CUS008874,INS000003,Personal,249635.54,95536.69,17.101,Active,2023-12-27,2026-12-27
LOAN001761,CUS002471,INS000001,Education,308446.95,31795.35,17.767,Closed,2026-05-13,2030-05-13
LOAN001762,CUS001686,INS000002,Education,273445.81,143264.15,12.594,Active,2022-02-09,2023-02-09
LOAN001763,CUS008713,INS000001,Personal,159482.92,107105.83,14.616,Active,2025-04-20,2028-04-20
LOAN001764,CUS005025,INS000004,Auto,113328.28,95764.02,13.869,Active,2025-08-17,2029-08-17
LOAN001765,CUS003945,INS000004,Personal,209676.09,103417.57,10.438,Active,2025-12-05,2028-12-05
LOAN001766,CUS001372,INS000005,Personal,62342.03,20996.55,12.329,Closed,2022-09-10,2024-09-10
LOAN001767,CUS000856,INS000004,Auto,187706.38,139523.74,10.011,Active,2022-11-24,2023-11-24
LOAN001768,CUS003503,INS000001,Education,50000.0,45919.92,16.407,Active,2021-08-26,2025-08-26
LOAN001769,CUS008180,INS000004,Personal,454136.13,264173.86,8.217,Active,2022-05-24,2023-05-24
LOAN001770,CUS007659,INS000005,Home,159457.48,149701.2,12.867,Active,2025-05-04,2027-05-04
LOAN001771,CUS004107,INS000003,Personal,133941.46,102790.98,8.536,Active,2023-01-10,2026-01-10
LOAN001772,CUS009219,INS000003,Home,124034.37,116834.06,8.188,Active,2022-12-02,2025-12-02
LOAN001773,CUS005046,INS000005,Personal,69142.54,55847.64,10.08,Active,2025-11-07,2027-11-07
LOAN001774,CUS007285,INS000003,Personal,466198.47,284853.8,13.304,Active,2023-01-17,2026-01-17
LOAN001775,CUS002636,INS000003,Auto,153579.08,47014.65,15.072,Active,2021-12-26,2024-12-26
LOAN001776,CUS005732,INS000003,Auto,172174.12,71428.19,11.305,Active,2021-08-13,2024-08-13
LOAN001777,CUS001732,INS000002,Personal,140747.91,91955.34,11.234,Active,2023-10-25,2028-10-25
LOAN001778,CUS008611,INS000001,Personal,712421.54,14730.25,15.922,Active,2023-03-27,2024-03-27
LOAN001779,CUS007467,INS000002,Auto,158099.97,53519.43,14.969,Active,2026-05-18,2030-05-18
LOAN001780,CUS009448,INS000002,Personal,99293.18,92189.26,17.113,Active,2022-07-23,2024-07-23
LOAN001781,CUS008549,INS000005,Home,161720.52,27146.54,16.39,Active,2022-04-27,2023-04-27
LOAN001782,CUS008014,INS000003,Auto,107717.78,90500.39,9.328,Closed,2024-11-14,2028-11-14
LOAN001783,CUS001915,INS000003,Auto,329344.32,259340.04,17.263,Active,2025-05-06,2030-05-06
LOAN001784,CUS005588,INS000005,Auto,50000.0,41704.23,16.017,Closed,2025-10-02,2030-10-02
LOAN001785,CUS006901,INS000003,Personal,148137.05,3865.33,10.263,Active,2022-07-23,2026-07-23
LOAN001786,CUS002604,INS000004,Education,244079.53,129776.13,14.116,Active,2022-04-11,2024-04-11
LOAN001787,CUS002674,INS000004,Home,849199.23,568930.59,9.973,Active,2024-04-08,2028-04-08
LOAN001788,CUS006804,INS000001,Home,95737.72,72760.36,14.617,Closed,2023-10-03,2024-10-03
LOAN001789,CUS005551,INS000005,Home,131715.08,64292.66,14.909,Active,2022-01-19,2026-01-19
LOAN001790,CUS002610,INS000001,Personal,197703.87,141129.48,17.976,Active,2025-05-29,2027-05-29
LOAN001791,CUS009514,INS000001,Personal,434083.85,409591.2,15.9,Closed,2022-06-20,2024-06-20
LOAN001792,CUS004345,INS000003,Personal,104521.68,90654.51,7.584,Active,2022-09-03,2027-09-03
LOAN001793,CUS007284,INS000001,Personal,103301.33,95092.02,16.356,Active,2024-06-30,2025-06-30
LOAN001794,CUS000477,INS000004,Auto,50000.0,27159.86,10.882,Closed,2025-10-18,2027-10-18
LOAN001795,CUS008850,INS000001,Personal,50000.0,33229.26,13.433,Active,2023-12-16,2028-12-16
LOAN001796,CUS001356,INS000004,Education,179979.41,96856.97,10.242,Defaulted,2026-01-15,2030-01-15
LOAN001797,CUS008760,INS000001,Personal,95484.17,70067.43,8.636,Closed,2022-07-27,2023-07-27
LOAN001798,CUS000731,INS000005,Personal,378168.82,220163.15,9.241,Closed,2024-05-21,2025-05-21
LOAN001799,CUS000017,INS000004,Home,73763.1,25284.45,11.712,Active,2024-02-02,2027-02-02
LOAN001800,CUS001559,INS000001,Personal,541023.84,83356.95,17.995,Closed,2024-06-19,2029-06-19
LOAN001801,CUS003773,INS000001,Auto,120201.11,59525.5,14.477,Closed,2025-03-31,2030-03-31
LOAN001802,CUS006708,INS000005,Auto,309830.32,40591.29,17.648,Defaulted,2022-07-17,2025-07-17
LOAN001803,CUS008915,INS000004,Personal,132246.89,121299.93,8.15,Active,2022-09-05,2026-09-05
LOAN001804,CUS007509,INS000003,Personal,64001.73,25342.54,12.418,Active,2024-02-02,2025-02-02
LOAN001805,CUS001495,INS000004,Home,134125.27,26584.87,13.576,Active,2022-08-21,2027-08-21
LOAN001806,CUS001084,INS000002,Education,50000.0,44010.26,11.175,Closed,2026-07-16,2030-07-16
LOAN001807,CUS004056,INS000002,Personal,185783.3,52175.6,9.809,Active,2023-11-05,2025-11-05
LOAN001808,CUS004577,INS000002,Home,243699.21,201074.84,12.258,Active,2026-04-19,2030-04-19
LOAN001809,CUS002267,INS000003,Personal,249305.57,136880.45,16.216,Active,2023-10-24,2025-10-24
LOAN001810,CUS009193,INS000005,Education,1117775.5,721219.06,11.774,Active,2025-06-15,2026-06-15
LOAN001811,CUS007736,INS000004,Home,127785.87,78215.29,15.348,Defaulted,2025-05-13,2027-05-13
LOAN001812,CUS005991,INS000001,Personal,446296.67,57585.23,17.713,Active,2021-08-15,2024-08-15
LOAN001813,CUS006585,INS000005,Home,90702.21,43485.52,12.673,Active,2025-01-16,2028-01-16
LOAN001814,CUS009463,INS000002,Personal,95758.62,26404.04,10.49,Active,2024-06-11,2026-06-11
LOAN001815,CUS008492,INS000005,Personal,125598.0,48937.09,10.637,Closed,2021-12-17,2026-12-17
LOAN001816,CUS009809,INS000001,Personal,115463.16,51249.17,11.333,Active,2023-02-15,2024-02-15
LOAN001817,CUS007058,INS000005,Auto,453132.16,107695.07,13.754,Active,2024-06-07,2028-06-07
LOAN001818,CUS009412,INS000001,Personal,391685.88,252294.35,17.468,Active,2023-11-19,2027-11-19
LOAN001819,CUS001247,INS000003,Education,139716.4,45901.09,9.839,Active,2025-12-06,2026-12-06
LOAN001820,CUS000375,INS000001,Education,85903.08,47204.62,9.318,Active,2025-03-23,2028-03-23
LOAN001821,CUS005679,INS000001,Personal,188985.25,153006.73,17.769,Active,2022-02-06,2025-02-06
LOAN001822,CUS001580,INS000005,Personal,306621.51,66818.39,8.04,Active,2021-12-05,2025-12-05
LOAN001823,CUS008229,INS000001,Auto,70735.74,17267.15,17.626,Active,2023-03-14,2024-03-14
LOAN001824,CUS009615,INS000004,Home,158101.03,82976.84,15.542,Active,2024-07-21,2025-07-21
LOAN001825,CUS009950,INS000001,Personal,50000.0,34699.36,9.978,Active,2023-02-21,2027-02-21
LOAN001826,CUS003598,INS000001,Personal,123092.24,84931.76,10.776,Active,2024-08-06,2029-08-06
LOAN001827,CUS001557,INS000003,Personal,144775.24,81230.29,7.749,Defaulted,2026-06-13,2028-06-13
LOAN001828,CUS001614,INS000004,Education,273306.78,34679.07,13.669,Closed,2024-03-11,2028-03-11
LOAN001829,CUS000972,INS000005,Personal,322906.65,268172.89,16.935,Closed,2022-09-16,2023-09-16
LOAN001830,CUS007080,INS000002,Education,50000.0,43053.83,8.105,Active,2025-01-10,2029-01-10
LOAN001831,CUS003886,INS000003,Personal,298871.26,218191.45,9.537,Closed,2024-06-28,2027-06-28
LOAN001832,CUS009152,INS000002,Education,226386.81,99694.07,14.088,Active,2024-08-22,2025-08-22
LOAN001833,CUS003917,INS000001,Personal,279268.72,137498.13,12.583,Active,2023-04-05,2028-04-05
LOAN001834,CUS007996,INS000002,Home,300134.15,19445.87,15.259,Active,2023-09-23,2025-09-23
LOAN001835,CUS007056,INS000004,Personal,99969.71,88415.11,13.617,Active,2024-11-27,2029-11-27
LOAN001836,CUS002376,INS000005,Personal,86429.32,72777.72,9.319,Active,2022-03-07,2024-03-07
LOAN001837,CUS003588,INS000005,Auto,100955.02,82743.19,16.095,Active,2024-06-30,2026-06-30
LOAN001838,CUS001630,INS000004,Home,71725.37,38033.63,8.362,Defaulted,2025-03-25,2026-03-25
LOAN001839,CUS007714,INS000002,Personal,159141.9,70939.22,16.955,Active,2025-01-13,2029-01-13
LOAN001840,CUS004857,INS000002,Education,439259.16,248028.22,11.455,Active,2024-05-10,2026-05-10
LOAN001841,CUS008893,INS000004,Personal,567738.5,50621.34,14.279,Active,2021-11-15,2022-11-15
LOAN001842,CUS006814,INS000004,Personal,295498.93,102086.44,15.864,Active,2024-02-24,2025-02-24
LOAN001843,CUS004413,INS000002,Education,64708.64,11824.39,9.29,Active,2022-10-29,2026-10-29
LOAN001844,CUS008925,INS000003,Auto,151261.05,116292.89,10.143,Closed,2023-03-10,2027-03-10
LOAN001845,CUS002370,INS000003,Education,271130.38,49491.15,14.635,Active,2025-08-04,2029-08-04
LOAN001846,CUS007657,INS000004,Auto,50000.0,47114.03,10.391,Active,2024-06-01,2027-06-01
LOAN001847,CUS004869,INS000003,Personal,52524.29,36653.71,9.567,Active,2023-01-28,2025-01-28
LOAN001848,CUS009704,INS000002,Education,239536.52,6927.0,9.689,Active,2023-02-27,2025-02-27
LOAN001849,CUS007494,INS000004,Personal,91865.41,48525.56,12.736,Active,2025-07-30,2029-07-30
LOAN001850,CUS007433,INS000003,Personal,252846.27,61610.72,10.443,Active,2026-03-24,2031-03-24
LOAN001851,CUS003874,INS000002,Auto,253421.2,110420.29,11.434,Active,2021-11-02,2024-11-02
LOAN001852,CUS006166,INS000004,Personal,127655.08,27469.9,12.738,Active,2023-05-05,2025-05-05
LOAN001853,CUS007909,INS000003,Personal,85186.79,78764.8,8.486,Closed,2024-11-16,2028-11-16
LOAN001854,CUS005559,INS000005,Personal,254928.44,104847.85,14.841,Active,2026-08-05,2030-08-05
LOAN001855,CUS008326,INS000001,Personal,102567.93,89275.84,12.352,Active,2022-03-28,2027-03-28
LOAN001856,CUS009120,INS000005,Auto,128340.3,37982.04,17.594,Closed,2026-03-16,2028-03-16
LOAN001857,CUS004385,INS000003,Personal,113134.46,35411.86,14.299,Defaulted,2021-11-11,2022-11-11
LOAN001858,CUS008559,INS000001,Education,372291.61,168752.75,9.35,Active,2025-06-02,2028-06-02
LOAN001859,CUS008429,INS000001,Education,180366.7,136636.19,15.97,Active,2024-02-26,2027-02-26
LOAN001860,CUS004965,INS000001,Personal,149943.73,139232.95,11.615,Closed,2022-12-27,2026-12-27
LOAN001861,CUS001733,INS000005,Home,202096.06,133878.54,16.215,Active,2023-12-02,2026-12-02
LOAN001862,CUS005157,INS000004,Auto,158569.38,104111.44,12.614,Active,2024-11-20,2026-11-20
LOAN001863,CUS006335,INS000005,Personal,614223.75,40509.86,13.452,Active,2022-08-19,2025-08-19
LOAN001864,CUS001212,INS000003,Home,63105.92,9117.69,15.842,Closed,2021-11-01,2025-11-01
LOAN001865,CUS006241,INS000003,Personal,224318.21,5102.77,7.905,Active,2023-10-01,2024-10-01
LOAN001866,CUS002047,INS000005,Home,468236.39,231594.72,9.158,Active,2023-09-25,2027-09-25
LOAN001867,CUS000897,INS000001,Home,86275.57,41657.43,7.558,Active,2026-01-21,2031-01-21
LOAN001868,CUS007669,INS000001,Education,295571.07,131026.5,15.234,Active,2021-11-09,2025-11-09
LOAN001869,CUS006992,INS000001,Personal,63786.46,20737.73,7.805,Closed,2026-04-18,2031-04-18
LOAN001870,CUS002239,INS000002,Personal,182555.61,60201.64,13.443,Active,2021-10-21,2023-10-21
LOAN001871,CUS005693,INS000005,Home,439248.7,411272.71,17.376,Defaulted,2026-02-25,2030-02-25
LOAN001872,CUS002053,INS000001,Personal,84771.84,7381.98,11.029,Active,2026-04-28,2031-04-28
LOAN001873,CUS002858,INS000001,Home,123726.56,82875.31,11.814,Active,2023-08-19,2026-08-19
LOAN001874,CUS006938,INS000001,Education,50000.0,45009.95,15.535,Active,2022-02-06,2023-02-06
LOAN001875,CUS005251,INS000004,Education,226031.55,134084.45,13.097,Active,2025-08-10,2028-08-10
LOAN001876,CUS002467,INS000001,Personal,196716.12,152188.99,15.201,Active,2022-09-18,2027-09-18
LOAN001877,CUS009740,INS000004,Auto,260653.73,41453.69,14.483,Active,2023-11-30,2024-11-30
LOAN001878,CUS008075,INS000005,Education,108400.9,33806.82,11.619,Active,2023-04-07,2025-04-07
LOAN001879,CUS002058,INS000002,Personal,187108.72,46468.65,7.646,Closed,2025-08-19,2030-08-19
LOAN001880,CUS006223,INS000004,Auto,117644.88,82345.14,15.968,Active,2024-10-12,2028-10-12
LOAN001881,CUS001638,INS000004,Personal,143578.62,109133.35,15.447,Closed,2022-08-14,2024-08-14
LOAN001882,CUS004662,INS000002,Personal,475388.43,449311.14,10.449,Closed,2022-09-12,2025-09-12
LOAN001883,CUS001371,INS000004,Auto,126381.6,69359.62,11.203,Active,2026-03-29,2030-03-29
LOAN001884,CUS007117,INS000001,Home,239167.89,139588.93,10.824,Active,2026-07-17,2030-07-17
LOAN001885,CUS003356,INS000004,Home,291453.5,201616.2,11.726,Active,2024-04-19,2026-04-19
LOAN001886,CUS003118,INS000004,Personal,332359.77,293750.08,17.03,Active,2024-02-20,2027-02-20
LOAN001887,CUS007144,INS000003,Auto,95682.8,74121.67,16.963,Active,2024-08-27,2026-08-27
LOAN001888,CUS000739,INS000004,Home,360701.68,159089.58,17.852,Active,2021-12-09,2022-12-09
LOAN001889,CUS008570,INS000002,Personal,145084.67,116764.6,11.837,Active,2025-07-27,2030-07-27
LOAN001890,CUS006126,INS000001,Auto,155268.89,53608.35,16.014,Active,2023-03-08,2024-03-08
LOAN001891,CUS001555,INS000001,Personal,369437.78,107305.46,11.81,Active,2022-04-26,2026-04-26
LOAN001892,CUS006200,INS000005,Home,50000.0,33835.21,17.065,Active,2021-10-29,2024-10-29
LOAN001893,CUS005341,INS000005,Personal,152322.11,107440.06,16.246,Active,2024-05-25,2029-05-25
LOAN001894,CUS005765,INS000003,Auto,154946.81,94287.56,10.023,Active,2023-12-29,2024-12-29
LOAN001895,CUS001143,INS000001,Auto,291146.99,198188.59,12.356,Active,2024-10-08,2026-10-08
LOAN001896,CUS004722,INS000003,Education,50000.0,37313.62,9.708,Active,2026-06-30,2027-06-30
LOAN001897,CUS007750,INS000004,Home,130765.44,70902.78,12.389,Defaulted,2024-12-04,2028-12-04
LOAN001898,CUS006234,INS000001,Education,96565.43,9151.82,15.453,Active,2023-06-13,2027-06-13
LOAN001899,CUS009542,INS000003,Auto,57501.18,37449.65,8.775,Active,2024-09-25,2029-09-25
LOAN001900,CUS003679,INS000003,Personal,247803.39,184643.44,9.232,Active,2026-01-10,2027-01-10
LOAN001901,CUS002927,INS000004,Auto,190806.76,89771.05,16.158,Active,2025-10-09,2028-10-09
LOAN001902,CUS007296,INS000003,Personal,50767.06,6240.53,8.368,Active,2021-10-11,2022-10-11
LOAN001903,CUS002879,INS000002,Personal,141390.63,10777.5,11.738,Active,2024-09-28,2028-09-28
LOAN001904,CUS001622,INS000001,Personal,176619.67,10803.56,17.376,Active,2026-07-05,2031-07-05
LOAN001905,CUS004253,INS000001,Personal,126447.48,48544.57,11.369,Closed,2023-12-25,2027-12-25
LOAN001906,CUS007885,INS000004,Personal,186484.42,53617.84,9.163,Active,2025-02-16,2026-02-16
LOAN001907,CUS003740,INS000001,Home,97929.42,67874.55,15.541,Closed,2023-05-03,2025-05-03
LOAN001908,CUS006493,INS000002,Personal,406685.21,304021.55,16.954,Active,2022-01-17,2023-01-17
LOAN001909,CUS006103,INS000002,Auto,50000.0,46324.42,12.491,Active,2025-10-07,2029-10-07
LOAN001910,CUS004521,INS000001,Home,352563.7,301915.79,8.047,Active,2026-06-22,2027-06-22
LOAN001911,CUS000813,INS000001,Auto,328845.94,37127.14,16.228,Active,2025-07-19,2026-07-19
LOAN001912,CUS006315,INS000003,Home,105053.94,72123.05,11.606,Active,2023-06-21,2025-06-21
LOAN001913,CUS000357,INS000004,Education,64093.53,38309.2,17.076,Closed,2024-10-04,2029-10-04
LOAN001914,CUS000461,INS000001,Personal,276415.26,118375.47,8.452,Active,2025-03-15,2029-03-15
LOAN001915,CUS009730,INS000003,Auto,89770.19,20518.69,8.835,Active,2024-03-17,2029-03-17
LOAN001916,CUS002798,INS000004,Home,169669.46,135204.54,17.637,Active,2024-03-13,2025-03-13
LOAN001917,CUS006150,INS000001,Education,497261.97,369301.38,11.408,Active,2023-03-07,2026-03-07
LOAN001918,CUS003186,INS000003,Home,212954.67,3902.05,16.987,Active,2023-08-27,2027-08-27
LOAN001919,CUS009689,INS000005,Education,267298.33,68405.7,14.247,Defaulted,2025-07-24,2030-07-24
LOAN001920,CUS005100,INS000002,Personal,640922.74,417939.34,13.369,Active,2023-12-28,2025-12-28
LOAN001921,CUS006874,INS000004,Auto,107406.1,90576.95,16.63,Closed,2025-10-08,2030-10-08
LOAN001922,CUS004435,INS000002,Education,336203.61,34108.6,13.25,Closed,2024-01-12,2029-01-12
LOAN001923,CUS000479,INS000005,Personal,50000.0,15230.61,15.577,Active,2026-07-16,2030-07-16
LOAN001924,CUS009772,INS000001,Personal,138425.86,59080.49,9.175,Active,2024-12-05,2029-12-05
LOAN001925,CUS008244,INS000004,Auto,207838.1,181795.23,17.086,Active,2025-04-20,2028-04-20
LOAN001926,CUS006282,INS000005,Education,50000.0,1235.05,8.078,Active,2023-09-11,2026-09-11
LOAN001927,CUS009211,INS000004,Auto,95697.46,41726.6,16.145,Closed,2025-03-01,2027-03-01
LOAN001928,CUS001065,INS000001,Personal,139006.47,85704.26,13.782,Active,2024-10-04,2027-10-04
LOAN001929,CUS003125,INS000001,Home,205979.6,107227.51,9.191,Closed,2024-05-11,2028-05-11
LOAN001930,CUS002004,INS000001,Personal,129970.59,18889.72,13.665,Defaulted,2023-08-18,2027-08-18
LOAN001931,CUS008476,INS000001,Personal,91387.6,73094.19,17.755,Active,2021-08-23,2023-08-23
LOAN001932,CUS000870,INS000004,Auto,102394.54,62977.02,9.443,Active,2024-01-24,2028-01-24
LOAN001933,CUS002384,INS000005,Personal,3327131.95,1870523.08,14.701,Active,2024-02-24,2027-02-24
LOAN001934,CUS003032,INS000004,Personal,362935.86,338770.31,8.758,Active,2021-12-15,2025-12-15
LOAN001935,CUS003489,INS000001,Personal,180440.36,101593.51,10.723,Defaulted,2024-03-10,2028-03-10
LOAN001936,CUS001556,INS000005,Education,305150.51,14562.72,10.299,Active,2023-08-02,2028-08-02
LOAN001937,CUS005692,INS000005,Auto,210514.97,77104.39,15.078,Closed,2026-04-17,2027-04-17
LOAN001938,CUS008525,INS000002,Education,349247.11,260984.32,9.161,Active,2023-09-21,2027-09-21
LOAN001939,CUS003996,INS000004,Home,50000.0,16415.01,16.42,Active,2022-07-22,2024-07-22
LOAN001940,CUS003903,INS000005,Auto,113510.72,8240.16,8.375,Active,2023-01-12,2027-01-12
LOAN001941,CUS009681,INS000003,Home,71930.47,6322.17,8.953,Active,2022-10-28,2027-10-28
LOAN001942,CUS004460,INS000004,Home,213383.79,96979.21,15.767,Closed,2022-02-02,2027-02-02
LOAN001943,CUS003570,INS000004,Personal,55848.76,4393.0,11.712,Active,2022-03-19,2026-03-19
LOAN001944,CUS002662,INS000002,Education,900903.68,396339.53,17.925,Active,2021-11-25,2023-11-25
LOAN001945,CUS002408,INS000001,Personal,242210.36,140936.01,9.966,Active,2026-07-23,2028-07-23
LOAN001946,CUS003772,INS000002,Home,153729.68,5874.49,12.503,Closed,2025-10-22,2028-10-22
LOAN001947,CUS009311,INS000003,Education,50000.0,15720.19,13.971,Active,2024-12-20,2027-12-20
LOAN001948,CUS002272,INS000003,Auto,289545.35,39279.42,14.794,Active,2025-09-18,2026-09-18
LOAN001949,CUS006136,INS000005,Home,186846.23,40000.06,9.551,Active,2023-04-19,2025-04-19
LOAN001950,CUS009112,INS000003,Personal,54373.89,13610.34,13.932,Active,2022-09-24,2025-09-24
LOAN001951,CUS005414,INS000002,Home,81177.36,64106.77,10.028,Active,2025-10-22,2028-10-22
LOAN001952,CUS008032,INS000005,Personal,51394.18,23925.98,12.926,Active,2022-09-26,2025-09-26
LOAN001953,CUS008881,INS000002,Personal,165141.54,50514.14,14.696,Defaulted,2025-02-10,2028-02-10
LOAN001954,CUS008876,INS000003,Personal,223849.94,32559.19,14.113,Active,2025-12-09,2029-12-09
LOAN001955,CUS002691,INS000004,Personal,80750.39,41355.29,13.392,Active,2026-03-14,2027-03-14
LOAN001956,CUS007108,INS000004,Personal,50000.0,22112.84,17.796,Active,2025-05-06,2027-05-06
LOAN001957,CUS004052,INS000002,Auto,363196.41,147633.03,14.492,Defaulted,2022-01-27,2025-01-27
LOAN001958,CUS001674,INS000005,Auto,66278.01,19270.53,12.542,Active,2023-09-05,2027-09-05
LOAN001959,CUS009963,INS000001,Home,112362.64,82192.71,17.754,Active,2024-06-22,2027-06-22
LOAN001960,CUS001723,INS000005,Personal,232076.97,136232.89,8.316,Active,2025-11-02,2030-11-02
LOAN001961,CUS006180,INS000001,Personal,50000.0,43431.99,10.84,Defaulted,2022-06-23,2025-06-23
LOAN001962,CUS000790,INS000001,Education,102175.09,32032.21,10.085,Active,2023-11-10,2027-11-10
LOAN001963,CUS006206,INS000002,Auto,55144.85,28381.0,9.755,Closed,2024-01-16,2027-01-16
LOAN001964,CUS008795,INS000005,Personal,106586.72,13074.29,14.105,Active,2025-06-12,2030-06-12
LOAN001965,CUS008745,INS000001,Home,190950.6,149613.69,7.898,Active,2026-01-24,2031-01-24
LOAN001966,CUS006985,INS000003,Education,163306.88,67498.94,9.752,Closed,2025-05-05,2030-05-05
LOAN001967,CUS001639,INS000001,Auto,50000.0,42756.01,9.615,Active,2025-04-21,2029-04-21
LOAN001968,CUS006658,INS000004,Personal,462563.68,350141.45,15.141,Active,2025-10-10,2026-10-10
LOAN001969,CUS005626,INS000003,Personal,69914.9,61872.37,10.519,Active,2025-05-29,2028-05-29
LOAN001970,CUS009040,INS000003,Education,173278.8,102719.42,13.162,Active,2025-01-19,2030-01-19
LOAN001971,CUS000762,INS000003,Home,50000.0,30101.08,8.347,Active,2024-03-03,2029-03-03
LOAN001972,CUS007281,INS000005,Personal,135232.22,12958.25,15.24,Active,2021-08-30,2024-08-30
LOAN001973,CUS001563,INS000005,Home,262303.33,5188.64,12.306,Active,2026-08-05,2031-08-05
LOAN001974,CUS001922,INS000004,Auto,151587.75,32596.11,16.189,Active,2023-04-11,2026-04-11
LOAN001975,CUS003089,INS000001,Home,59135.6,3355.15,16.491,Closed,2023-04-14,2026-04-14
LOAN001976,CUS000892,INS000005,Personal,182855.47,158221.83,10.134,Active,2021-09-07,2022-09-07
LOAN001977,CUS002247,INS000002,Home,329827.3,114423.79,7.967,Active,2022-05-28,2023-05-28
LOAN001978,CUS004241,INS000002,Auto,204887.89,34358.96,14.166,Active,2023-08-29,2026-08-29
LOAN001979,CUS008393,INS000003,Home,323712.66,127337.79,13.266,Active,2022-12-14,2024-12-14
LOAN001980,CUS004060,INS000005,Personal,232492.82,101189.97,9.573,Active,2023-10-11,2025-10-11
LOAN001981,CUS004482,INS000005,Personal,74745.59,16984.18,12.589,Active,2024-09-19,2027-09-19
LOAN001982,CUS006744,INS000004,Personal,898422.93,675837.76,10.381,Closed,2024-12-25,2027-12-25
LOAN001983,CUS008394,INS000002,Personal,784009.6,81262.56,9.324,Active,2025-01-12,2029-01-12
LOAN001984,CUS002685,INS000003,Auto,300138.06,234428.97,10.076,Active,2021-12-31,2025-12-31
LOAN001985,CUS003346,INS000002,Education,195959.21,169437.5,10.401,Active,2026-02-07,2028-02-07
LOAN001986,CUS006619,INS000002,Auto,299926.99,41245.95,15.114,Active,2024-02-11,2025-02-11
LOAN001987,CUS005305,INS000002,Personal,608379.01,3580.54,15.4,Active,2025-07-28,2029-07-28
LOAN001988,CUS005814,INS000002,Home,50000.0,28925.42,17.865,Defaulted,2023-03-27,2024-03-27
LOAN001989,CUS004889,INS000005,Personal,50000.0,25648.09,10.836,Active,2022-01-14,2024-01-14
LOAN001990,CUS005875,INS000002,Auto,170405.42,70325.25,10.41,Active,2023-06-14,2028-06-14
LOAN001991,CUS002445,INS000004,Personal,149519.96,54805.96,14.581,Closed,2022-04-26,2026-04-26
LOAN001992,CUS008409,INS000002,Personal,290062.16,119756.07,16.66,Active,2021-12-01,2024-12-01
LOAN001993,CUS000147,INS000004,Home,138062.96,26750.54,15.94,Closed,2025-04-13,2028-04-13
LOAN001994,CUS001359,INS000005,Home,1553160.39,598961.29,10.785,Active,2023-05-30,2027-05-30
LOAN001995,CUS007627,INS000005,Personal,84860.6,73526.92,8.974,Active,2026-06-25,2029-06-25
LOAN001996,CUS006531,INS000002,Education,703365.3,173716.89,10.056,Closed,2024-01-26,2028-01-26
LOAN001997,CUS009228,INS000004,Education,1064357.13,850535.81,10.031,Closed,2023-07-15,2027-07-15
LOAN001998,CUS000392,INS000005,Personal,555152.71,75990.77,11.99,Active,2021-10-31,2022-10-31
LOAN001999,CUS003638,INS000005,Personal,213477.49,106362.2,11.816,Active,2021-10-31,2025-10-31
LOAN002000,CUS008990,INS000005,Personal,62208.15,46080.69,7.841,Active,2023-02-06,2027-02-06
LOAN002001,CUS009005,INS000005,Personal,109905.82,22066.22,13.673,Active,2021-08-27,2024-08-27
LOAN002002,CUS000308,INS000004,Personal,63755.71,30374.61,8.835,Closed,2023-09-22,2025-09-22
LOAN002003,CUS006633,INS000002,Personal,179208.3,125974.51,17.029,Active,2024-12-20,2027-12-20
LOAN002004,CUS007483,INS000003,Education,158446.41,26608.72,15.823,Closed,2025-10-24,2027-10-24
LOAN002005,CUS000344,INS000004,Personal,152235.71,93777.7,7.829,Closed,2021-09-09,2024-09-09
LOAN002006,CUS005980,INS000001,Personal,165494.34,83997.96,13.679,Active,2024-11-15,2025-11-15
LOAN002007,CUS009823,INS000002,Personal,154763.9,37240.49,13.845,Closed,2021-12-10,2026-12-10
LOAN002008,CUS004830,INS000002,Personal,280579.76,54677.08,14.032,Active,2022-11-13,2027-11-13
LOAN002009,CUS001327,INS000003,Auto,157654.32,149234.72,13.494,Active,2022-10-25,2024-10-25
LOAN002010,CUS003950,INS000002,Education,152082.78,68369.66,9.744,Active,2026-01-11,2028-01-11
LOAN002011,CUS000349,INS000002,Personal,538992.13,396143.95,14.284,Active,2021-10-08,2024-10-08
LOAN002012,CUS001052,INS000005,Personal,194259.22,126895.66,16.504,Active,2024-08-02,2029-08-02
LOAN002013,CUS009976,INS000001,Education,1155509.72,606010.54,10.489,Closed,2026-07-24,2031-07-24
LOAN002014,CUS002827,INS000003,Auto,189023.9,174485.68,17.977,Active,2022-10-19,2024-10-19
LOAN002015,CUS008064,INS000002,Personal,63151.31,8225.99,10.08,Closed,2026-03-10,2030-03-10
LOAN002016,CUS005832,INS000004,Home,438086.62,389678.11,17.952,Active,2025-07-29,2026-07-29
LOAN002017,CUS004880,INS000002,Auto,76142.52,41484.93,11.111,Active,2023-01-11,2026-01-11
LOAN002018,CUS006875,INS000002,Personal,56431.16,53048.57,11.729,Closed,2022-05-07,2025-05-07
LOAN002019,CUS002263,INS000005,Personal,153928.09,52385.72,17.244,Defaulted,2022-10-16,2026-10-16
LOAN002020,CUS000776,INS000001,Auto,213779.99,23645.56,10.896,Active,2022-09-24,2023-09-24
LOAN002021,CUS000961,INS000004,Home,56951.42,11951.52,14.061,Active,2024-09-10,2029-09-10
LOAN002022,CUS006720,INS000004,Personal,152551.5,54439.27,9.07,Closed,2022-01-21,2024-01-21
LOAN002023,CUS007971,INS000002,Personal,148587.08,108861.89,12.554,Active,2025-09-26,2027-09-26
LOAN002024,CUS002148,INS000005,Education,53386.7,11707.11,8.518,Active,2024-12-08,2026-12-08
LOAN002025,CUS008228,INS000005,Auto,94635.54,84490.4,14.179,Active,2025-07-16,2028-07-16
LOAN002026,CUS004983,INS000003,Education,1282971.21,459333.99,16.476,Closed,2022-12-15,2023-12-15
LOAN002027,CUS006484,INS000004,Home,84971.64,47739.01,11.643,Active,2024-09-13,2026-09-13
LOAN002028,CUS009240,INS000001,Home,124157.0,8841.74,12.207,Closed,2022-09-15,2026-09-15
LOAN002029,CUS003450,INS000005,Auto,231261.64,117451.87,12.729,Closed,2026-02-07,2029-02-07
LOAN002030,CUS009584,INS000003,Personal,256884.7,187429.66,13.819,Closed,2024-04-18,2027-04-18
LOAN002031,CUS001964,INS000005,Personal,463784.49,285743.33,9.194,Active,2026-02-25,2031-02-25
LOAN002032,CUS001386,INS000005,Personal,118152.65,74636.39,7.651,Active,2023-07-16,2024-07-16
LOAN002033,CUS008438,INS000005,Personal,50000.0,27936.25,10.25,Active,2024-08-03,2029-08-03
LOAN002034,CUS006518,INS000001,Personal,271290.13,256559.94,12.873,Defaulted,2022-06-18,2024-06-18
LOAN002035,CUS007975,INS000003,Personal,378941.06,143849.24,14.257,Active,2022-07-19,2026-07-19
LOAN002036,CUS003666,INS000004,Personal,78009.27,36162.92,9.946,Active,2022-09-30,2025-09-30
LOAN002037,CUS006061,INS000003,Personal,110556.97,48552.0,9.603,Closed,2022-01-11,2025-01-11
LOAN002038,CUS000793,INS000004,Auto,534737.42,130116.22,15.821,Active,2022-01-31,2026-01-31
LOAN002039,CUS001573,INS000001,Education,93428.74,33905.87,7.635,Active,2025-10-28,2028-10-28
LOAN002040,CUS008576,INS000001,Home,93617.15,47280.8,16.157,Active,2026-06-06,2030-06-06
LOAN002041,CUS006556,INS000003,Education,102279.81,62418.43,10.574,Active,2022-12-04,2026-12-04
LOAN002042,CUS004598,INS000005,Auto,180286.65,61419.77,17.936,Active,2022-12-01,2023-12-01
LOAN002043,CUS008292,INS000003,Education,155140.17,63371.39,8.297,Active,2023-11-13,2027-11-13
LOAN002044,CUS002078,INS000001,Education,196179.83,103369.51,10.932,Active,2023-11-08,2026-11-08
LOAN002045,CUS008903,INS000004,Personal,1049986.05,948142.36,9.363,Closed,2022-08-03,2026-08-03
LOAN002046,CUS005568,INS000005,Personal,183148.77,100906.95,16.453,Active,2025-05-27,2028-05-27
LOAN002047,CUS009066,INS000005,Home,95279.24,41947.34,14.129,Active,2023-11-01,2024-11-01
LOAN002048,CUS003082,INS000003,Auto,101258.41,38178.31,9.948,Closed,2022-11-01,2027-11-01
LOAN002049,CUS000540,INS000004,Education,539820.82,512733.68,17.043,Active,2022-11-24,2023-11-24
LOAN002050,CUS009835,INS000001,Personal,176474.95,166903.72,11.118,Closed,2026-07-20,2031-07-20
LOAN002051,CUS001705,INS000001,Personal,79686.45,68518.18,11.185,Active,2022-04-13,2024-04-13
LOAN002052,CUS005082,INS000002,Personal,135920.63,13888.89,11.175,Active,2021-11-27,2024-11-27
LOAN002053,CUS006778,INS000001,Auto,233715.2,66999.35,15.878,Active,2022-02-06,2023-02-06
LOAN002054,CUS007581,INS000002,Personal,339817.23,187661.4,12.52,Active,2024-12-24,2025-12-24
LOAN002055,CUS003594,INS000003,Personal,342808.48,238095.28,15.467,Closed,2026-05-24,2031-05-24
LOAN002056,CUS006785,INS000004,Auto,77192.08,62972.02,11.048,Active,2025-07-01,2028-07-01
LOAN002057,CUS008926,INS000002,Personal,50000.0,21969.7,13.741,Active,2025-03-22,2030-03-22
LOAN002058,CUS009133,INS000001,Personal,50000.0,43013.45,9.391,Active,2024-08-03,2027-08-03
LOAN002059,CUS003659,INS000005,Personal,302500.28,262221.28,10.539,Active,2025-07-21,2028-07-21
LOAN002060,CUS004679,INS000004,Auto,53536.71,4384.22,16.367,Closed,2024-03-31,2027-03-31
LOAN002061,CUS005460,INS000002,Personal,50000.0,46699.82,8.521,Active,2023-05-27,2027-05-27
LOAN002062,CUS006860,INS000001,Home,128808.38,114933.14,14.215,Active,2023-07-27,2028-07-27
LOAN002063,CUS009667,INS000001,Personal,160855.95,74412.66,14.925,Active,2026-02-08,2031-02-08
LOAN002064,CUS005973,INS000004,Personal,307169.04,70282.45,13.411,Active,2022-12-27,2027-12-27
LOAN002065,CUS006651,INS000001,Personal,194973.65,58386.22,9.304,Closed,2023-10-24,2026-10-24
LOAN002066,CUS004426,INS000005,Home,214940.81,40828.66,13.709,Active,2022-03-08,2026-03-08
LOAN002067,CUS005476,INS000003,Personal,153201.72,133419.99,9.247,Defaulted,2025-06-07,2026-06-07
LOAN002068,CUS001239,INS000001,Personal,50000.0,30357.8,13.217,Active,2024-05-22,2026-05-22
LOAN002069,CUS007818,INS000002,Personal,116322.75,39851.0,13.314,Closed,2025-12-20,2027-12-20
LOAN002070,CUS005758,INS000005,Personal,922946.42,218765.42,10.771,Closed,2025-11-22,2026-11-22
LOAN002071,CUS007071,INS000005,Home,89447.83,4660.86,10.531,Active,2025-09-14,2030-09-14
LOAN002072,CUS001477,INS000002,Auto,229046.89,102393.1,13.38,Active,2024-01-17,2028-01-17
LOAN002073,CUS003060,INS000002,Education,75311.54,16344.87,12.661,Active,2026-04-21,2027-04-21
LOAN002074,CUS003334,INS000004,Education,212758.89,2070.75,8.465,Active,2023-08-14,2027-08-14
LOAN002075,CUS005220,INS000004,Personal,194933.98,50973.06,13.143,Closed,2024-06-10,2029-06-10
LOAN002076,CUS004694,INS000003,Auto,86446.25,21872.01,15.268,Active,2021-10-24,2024-10-24
LOAN002077,CUS002980,INS000005,Home,57470.73,32828.98,10.011,Closed,2026-02-08,2028-02-08
LOAN002078,CUS000732,INS000005,Home,80125.04,27609.83,9.921,Closed,2024-01-23,2027-01-23
LOAN002079,CUS000407,INS000001,Personal,62398.92,499.3,14.47,Active,2023-12-26,2028-12-26
LOAN002080,CUS003499,INS000004,Home,50000.0,34256.06,9.33,Closed,2022-04-05,2023-04-05
LOAN002081,CUS009620,INS000002,Auto,63972.38,36790.83,17.779,Active,2023-09-15,2024-09-15
LOAN002082,CUS004542,INS000005,Auto,146888.71,4572.01,9.972,Closed,2023-02-14,2025-02-14
LOAN002083,CUS009030,INS000001,Home,61909.48,52883.44,12.505,Active,2023-05-11,2026-05-11
LOAN002084,CUS006102,INS000003,Auto,54379.99,28465.02,10.504,Active,2024-03-27,2026-03-27
LOAN002085,CUS009122,INS000004,Auto,222606.86,190477.14,12.131,Active,2024-06-28,2027-06-28
LOAN002086,CUS004134,INS000001,Education,158388.9,64514.56,14.899,Active,2021-09-19,2026-09-19
LOAN002087,CUS003709,INS000002,Personal,50000.0,5133.5,8.666,Active,2026-04-02,2029-04-02
LOAN002088,CUS004890,INS000002,Personal,233075.3,52443.66,14.621,Closed,2022-01-18,2023-01-18
LOAN002089,CUS001757,INS000003,Personal,142336.46,101296.22,15.507,Active,2023-12-25,2028-12-25
LOAN002090,CUS002394,INS000005,Personal,411933.91,385343.35,15.383,Active,2021-11-19,2025-11-19
LOAN002091,CUS000326,INS000001,Personal,75113.74,16296.71,13.414,Closed,2025-03-04,2026-03-04
LOAN002092,CUS001286,INS000001,Personal,233952.61,76335.78,16.911,Active,2026-01-15,2028-01-15
LOAN002093,CUS002167,INS000003,Education,143904.4,16073.55,10.989,Active,2026-04-09,2028-04-09
LOAN002094,CUS008917,INS000004,Personal,107602.07,10283.27,15.922,Active,2025-06-02,2027-06-02
LOAN002095,CUS004375,INS000003,Education,67902.36,41409.82,14.767,Active,2025-06-09,2030-06-09
LOAN002096,CUS000696,INS000002,Auto,271025.49,116424.29,10.968,Active,2021-11-05,2024-11-05
LOAN002097,CUS000381,INS000002,Personal,50000.0,30633.15,9.627,Closed,2026-05-30,2028-05-30
LOAN002098,CUS003492,INS000001,Personal,90913.36,46644.02,17.016,Active,2023-06-19,2024-06-19
LOAN002099,CUS004347,INS000004,Personal,288917.5,126860.67,17.709,Active,2025-12-26,2028-12-26
LOAN002100,CUS009855,INS000004,Personal,186133.42,154154.42,16.973,Closed,2026-01-15,2030-01-15
LOAN002101,CUS001521,INS000004,Personal,76669.6,15994.62,12.757,Closed,2026-05-18,2030-05-18
LOAN002102,CUS006937,INS000002,Personal,50000.0,40642.42,10.386,Active,2026-04-22,2029-04-22
LOAN002103,CUS003004,INS000005,Personal,220246.73,190939.34,12.946,Closed,2025-02-13,2030-02-13
LOAN002104,CUS004491,INS000002,Personal,95941.5,1453.72,10.671,Active,2024-02-29,2028-02-29
LOAN002105,CUS004470,INS000001,Personal,304773.95,162597.96,15.749,Active,2024-01-29,2027-01-29
LOAN002106,CUS007614,INS000003,Personal,165900.82,98193.75,17.197,Active,2026-07-03,2031-07-03
LOAN002107,CUS005284,INS000003,Personal,397866.63,327396.92,14.232,Active,2026-06-12,2031-06-12
LOAN002108,CUS002546,INS000002,Education,56729.23,37205.54,12.142,Active,2024-01-19,2028-01-19
LOAN002109,CUS005873,INS000001,Personal,153019.06,134938.32,12.327,Active,2022-05-22,2024-05-22
LOAN002110,CUS008136,INS000001,Personal,283640.28,64978.92,16.91,Active,2025-03-01,2028-03-01
LOAN002111,CUS005555,INS000002,Personal,347659.3,197974.67,11.902,Active,2024-07-28,2027-07-28
LOAN002112,CUS001497,INS000005,Home,255243.62,205359.38,7.699,Active,2025-09-04,2027-09-04
LOAN002113,CUS006135,INS000003,Personal,50000.0,25754.93,13.612,Active,2026-05-10,2030-05-10
LOAN002114,CUS002014,INS000002,Home,366916.38,73780.89,15.197,Active,2024-05-07,2027-05-07
LOAN002115,CUS004242,INS000004,Home,1423843.42,1113888.57,13.938,Active,2023-08-10,2027-08-10
LOAN002116,CUS008125,INS000005,Auto,58866.26,33300.84,8.451,Active,2026-06-14,2031-06-14
LOAN002117,CUS000802,INS000003,Auto,83565.66,47096.93,9.304,Active,2025-08-01,2030-08-01
LOAN002118,CUS009943,INS000005,Personal,80784.85,60836.56,7.832,Active,2022-11-14,2027-11-14
LOAN002119,CUS002825,INS000004,Auto,818183.22,140348.04,17.638,Active,2021-11-25,2024-11-25
LOAN002120,CUS007403,INS000002,Personal,139660.46,128836.78,15.5,Closed,2024-01-31,2026-01-31
LOAN002121,CUS007652,INS000003,Personal,51842.23,38108.6,13.2,Active,2025-01-22,2028-01-22
LOAN002122,CUS005882,INS000001,Home,727231.7,375663.23,11.49,Active,2022-04-18,2025-04-18
LOAN002123,CUS003871,INS000002,Education,149879.5,89472.04,12.082,Active,2025-06-15,2028-06-15
LOAN002124,CUS004529,INS000001,Personal,50000.0,10894.09,14.391,Active,2026-02-27,2028-02-27
LOAN002125,CUS000637,INS000001,Education,221591.48,1747.58,10.089,Active,2026-04-17,2027-04-17
LOAN002126,CUS000370,INS000005,Personal,106912.92,69399.47,14.257,Active,2025-03-17,2027-03-17
LOAN002127,CUS005497,INS000005,Personal,67495.2,58917.11,8.546,Active,2022-04-17,2025-04-17
LOAN002128,CUS006713,INS000004,Personal,184205.09,114835.52,17.831,Active,2026-04-03,2030-04-03
LOAN002129,CUS004678,INS000003,Home,137905.09,47901.29,12.072,Active,2024-12-14,2025-12-14
LOAN002130,CUS008364,INS000004,Auto,290289.47,224787.65,12.253,Active,2022-12-17,2027-12-17
LOAN002131,CUS006399,INS000004,Education,457188.86,43104.1,16.451,Active,2022-04-22,2027-04-22
LOAN002132,CUS004106,INS000004,Personal,252108.71,235219.98,15.328,Active,2023-05-08,2025-05-08
LOAN002133,CUS009450,INS000001,Personal,442203.45,186792.04,17.511,Active,2023-08-15,2024-08-15
LOAN002134,CUS000898,INS000001,Personal,135532.46,104461.75,11.259,Active,2025-08-04,2026-08-04
LOAN002135,CUS003721,INS000003,Auto,738974.77,629653.28,14.01,Active,2023-06-26,2026-06-26
LOAN002136,CUS000524,INS000003,Personal,183075.04,69667.83,10.139,Active,2021-12-29,2025-12-29
LOAN002137,CUS002516,INS000001,Auto,165189.66,129848.29,7.684,Active,2022-09-15,2026-09-15
LOAN002138,CUS005201,INS000003,Home,199759.44,71206.75,14.484,Defaulted,2021-10-31,2023-10-31
LOAN002139,CUS001994,INS000004,Personal,304115.07,68606.24,12.878,Defaulted,2026-05-25,2027-05-25
LOAN002140,CUS008711,INS000003,Personal,272630.33,211647.94,14.491,Active,2024-08-09,2029-08-09
LOAN002141,CUS000016,INS000002,Education,326461.26,64622.82,15.578,Active,2025-02-01,2026-02-01
LOAN002142,CUS002153,INS000005,Personal,50000.0,15061.82,16.918,Active,2026-07-14,2031-07-14
LOAN002143,CUS001323,INS000005,Home,172764.01,75426.76,10.418,Closed,2024-06-26,2025-06-26
LOAN002144,CUS007434,INS000002,Personal,274189.04,105119.1,17.951,Active,2026-04-24,2030-04-24
LOAN002145,CUS004589,INS000002,Home,136379.46,38364.41,16.967,Active,2026-04-09,2029-04-09
LOAN002146,CUS000573,INS000003,Personal,81004.33,8886.23,12.359,Defaulted,2023-08-15,2026-08-15
LOAN002147,CUS003547,INS000003,Personal,50000.0,13311.08,16.769,Active,2023-07-06,2025-07-06
LOAN002148,CUS009006,INS000004,Personal,79881.73,39039.76,12.788,Active,2021-09-24,2023-09-24
LOAN002149,CUS003799,INS000003,Home,67199.44,2343.01,15.785,Active,2025-12-16,2029-12-16
LOAN002150,CUS005204,INS000005,Education,369029.02,85852.37,15.285,Closed,2026-04-27,2027-04-27
LOAN002151,CUS004801,INS000003,Education,213799.51,114080.82,14.256,Active,2022-07-31,2025-07-31
LOAN002152,CUS002873,INS000001,Personal,367089.36,189266.16,14.409,Active,2026-02-25,2029-02-25
LOAN002153,CUS004011,INS000002,Personal,358376.22,302017.7,11.687,Active,2025-03-03,2026-03-03
LOAN002154,CUS004259,INS000004,Personal,443777.49,132562.52,10.471,Active,2026-05-28,2029-05-28
LOAN002155,CUS004917,INS000003,Personal,635182.34,174174.12,12.634,Active,2022-01-05,2026-01-05
LOAN002156,CUS001910,INS000004,Personal,157557.42,56189.65,10.601,Active,2025-04-17,2028-04-17
LOAN002157,CUS005777,INS000004,Auto,190479.52,129531.12,14.376,Active,2025-07-22,2029-07-22
LOAN002158,CUS005239,INS000005,Personal,465812.09,80834.96,11.677,Active,2022-06-25,2025-06-25
LOAN002159,CUS008509,INS000002,Personal,223656.26,26846.12,13.695,Closed,2025-06-13,2028-06-13
LOAN002160,CUS002329,INS000002,Personal,334654.54,87297.16,11.626,Closed,2026-07-17,2031-07-17
LOAN002161,CUS008875,INS000002,Personal,50000.0,27765.66,10.998,Active,2024-08-01,2027-08-01
LOAN002162,CUS009717,INS000001,Personal,506608.91,16007.84,12.208,Active,2025-04-21,2029-04-21
LOAN002163,CUS002291,INS000004,Personal,595968.27,464114.06,8.365,Active,2024-12-29,2027-12-29
LOAN002164,CUS009712,INS000003,Education,526432.82,166569.44,12.885,Active,2023-08-22,2024-08-22
LOAN002165,CUS007548,INS000003,Personal,58197.29,10761.81,11.214,Active,2024-02-09,2025-02-09
LOAN002166,CUS003574,INS000002,Personal,254402.15,199799.22,9.636,Active,2025-01-01,2029-01-01
LOAN002167,CUS001825,INS000001,Personal,259499.15,233083.03,11.488,Defaulted,2024-03-04,2026-03-04
LOAN002168,CUS003527,INS000004,Education,52440.58,854.63,15.73,Closed,2026-07-08,2028-07-08
LOAN002169,CUS002512,INS000003,Personal,359337.6,232834.66,13.055,Active,2024-08-28,2025-08-28
LOAN002170,CUS001917,INS000005,Personal,178372.48,60679.56,13.535,Active,2022-01-23,2024-01-23
LOAN002171,CUS009317,INS000002,Education,50000.0,27737.64,15.93,Active,2025-11-28,2028-11-28
LOAN002172,CUS006080,INS000003,Home,120099.83,66626.39,9.598,Closed,2025-05-11,2028-05-11
LOAN002173,CUS006987,INS000003,Home,521404.55,470987.65,11.785,Defaulted,2024-06-08,2027-06-08
LOAN002174,CUS007798,INS000005,Personal,187678.32,133907.41,7.946,Active,2022-10-16,2025-10-16
LOAN002175,CUS008503,INS000003,Home,1001406.51,439487.85,15.926,Closed,2021-12-08,2022-12-08
LOAN002176,CUS005297,INS000003,Home,77053.82,55977.96,14.372,Active,2022-08-06,2025-08-06
LOAN002177,CUS008706,INS000002,Personal,554418.67,212177.56,11.534,Active,2026-03-27,2028-03-27
LOAN002178,CUS002993,INS000001,Education,61459.64,1598.88,11.942,Closed,2023-08-01,2024-08-01
LOAN002179,CUS004723,INS000002,Home,497428.75,87995.68,17.697,Active,2021-10-22,2025-10-22
LOAN002180,CUS006227,INS000004,Education,529993.78,167803.83,9.563,Active,2023-07-03,2027-07-03
LOAN002181,CUS008776,INS000003,Personal,118126.9,49159.34,13.42,Active,2022-01-04,2027-01-04
LOAN002182,CUS003141,INS000004,Personal,180928.49,43813.99,17.429,Active,2025-05-22,2030-05-22
LOAN002183,CUS000299,INS000004,Personal,198179.63,131520.26,9.859,Active,2024-04-04,2029-04-04
LOAN002184,CUS000291,INS000003,Education,171898.74,1376.82,9.347,Closed,2024-06-23,2028-06-23
LOAN002185,CUS005961,INS000002,Auto,289947.3,210689.23,16.075,Active,2021-09-12,2022-09-12
LOAN002186,CUS008870,INS000005,Home,61621.49,38738.92,11.736,Defaulted,2026-04-01,2030-04-01
LOAN002187,CUS005313,INS000005,Auto,423494.21,198095.38,9.5,Active,2026-05-26,2030-05-26
LOAN002188,CUS009439,INS000002,Education,143950.35,121293.09,12.219,Closed,2024-10-21,2028-10-21
LOAN002189,CUS009555,INS000003,Auto,131903.08,3723.02,17.908,Active,2025-11-07,2026-11-07
LOAN002190,CUS009892,INS000004,Auto,311059.2,15641.01,10.406,Active,2025-01-16,2027-01-16
LOAN002191,CUS002292,INS000003,Personal,245138.03,57908.16,15.287,Active,2024-04-17,2025-04-17
LOAN002192,CUS007781,INS000005,Home,291092.4,114749.37,8.358,Active,2026-01-14,2028-01-14
LOAN002193,CUS003494,INS000002,Home,160294.01,113292.33,14.748,Active,2021-12-06,2024-12-06
LOAN002194,CUS008113,INS000003,Education,55248.72,50971.83,16.001,Active,2024-07-13,2028-07-13
LOAN002195,CUS006414,INS000005,Home,172872.66,17478.08,12.22,Closed,2026-05-30,2027-05-30
LOAN002196,CUS001703,INS000004,Personal,363475.97,276221.31,15.52,Active,2022-11-11,2025-11-11
LOAN002197,CUS008708,INS000005,Personal,66045.91,3846.9,16.088,Closed,2022-02-28,2027-02-28
LOAN002198,CUS006731,INS000003,Personal,67654.19,51302.46,11.805,Closed,2023-03-31,2028-03-31
LOAN002199,CUS005792,INS000002,Education,50000.0,15906.43,14.053,Active,2022-04-04,2023-04-04
LOAN002200,CUS005113,INS000004,Personal,246262.8,218273.1,9.351,Active,2025-04-21,2029-04-21
LOAN002201,CUS003763,INS000001,Home,307435.61,151955.62,17.727,Active,2023-09-27,2025-09-27
LOAN002202,CUS009361,INS000005,Education,1059660.25,636401.4,8.565,Active,2023-10-30,2025-10-30
LOAN002203,CUS004902,INS000003,Education,528589.69,393300.74,13.759,Defaulted,2026-06-19,2029-06-19
LOAN002204,CUS008023,INS000001,Education,483847.04,356485.32,12.625,Active,2026-05-08,2029-05-08
LOAN002205,CUS001503,INS000004,Home,466618.89,150325.21,11.309,Defaulted,2021-12-01,2024-12-01
LOAN002206,CUS005950,INS000002,Personal,204459.1,66360.33,10.49,Active,2025-12-26,2028-12-26
LOAN002207,CUS006771,INS000003,Personal,142048.71,118087.42,13.757,Active,2026-02-23,2029-02-23
LOAN002208,CUS004594,INS000005,Education,216550.15,108395.17,17.347,Active,2022-11-28,2026-11-28
LOAN002209,CUS009074,INS000002,Auto,161662.6,254.95,13.589,Active,2026-02-18,2028-02-18
LOAN002210,CUS008220,INS000002,Personal,256827.75,123248.09,9.889,Active,2026-03-27,2030-03-27
LOAN002211,CUS003674,INS000004,Home,130188.62,74709.71,12.053,Active,2024-02-23,2029-02-23
LOAN002212,CUS005474,INS000002,Personal,111645.63,16087.72,11.75,Active,2024-12-07,2026-12-07
LOAN002213,CUS008755,INS000004,Personal,114475.66,88451.19,13.547,Active,2024-03-07,2027-03-07
LOAN002214,CUS005949,INS000005,Home,293363.14,43918.58,9.361,Closed,2025-07-20,2030-07-20
LOAN002215,CUS002975,INS000003,Auto,184147.75,57739.95,17.768,Active,2023-08-20,2027-08-20
LOAN002216,CUS005433,INS000003,Personal,97777.82,6777.44,10.608,Active,2025-12-15,2026-12-15
LOAN002217,CUS002945,INS000002,Auto,251466.97,205353.24,7.618,Active,2026-07-01,2028-07-01
LOAN002218,CUS002758,INS000005,Home,218046.54,148089.06,9.646,Active,2024-07-01,2027-07-01
LOAN002219,CUS002156,INS000004,Home,146127.4,93248.89,12.774,Active,2024-01-04,2026-01-04
LOAN002220,CUS002140,INS000004,Personal,243046.47,154396.04,14.795,Active,2025-06-09,2026-06-09
LOAN002221,CUS006825,INS000005,Personal,286165.06,210908.41,15.105,Closed,2022-09-11,2023-09-11
LOAN002222,CUS001344,INS000005,Personal,412048.75,378199.95,16.265,Active,2025-02-18,2030-02-18
LOAN002223,CUS005081,INS000004,Education,362829.56,232980.55,17.023,Active,2021-11-11,2024-11-11
LOAN002224,CUS004928,INS000003,Personal,358226.89,210830.02,8.181,Active,2026-02-13,2031-02-13
LOAN002225,CUS003498,INS000005,Home,184530.75,102041.46,13.159,Active,2023-02-17,2026-02-17
LOAN002226,CUS005851,INS000005,Home,50000.0,2884.58,13.076,Active,2024-03-25,2027-03-25
LOAN002227,CUS000553,INS000002,Personal,226483.39,179540.59,16.112,Active,2024-12-23,2028-12-23
LOAN002228,CUS001127,INS000004,Education,226462.14,174129.92,13.406,Active,2022-07-01,2025-07-01
LOAN002229,CUS002083,INS000005,Personal,153576.32,142334.9,9.397,Closed,2024-12-28,2028-12-28
LOAN002230,CUS001296,INS000002,Personal,106015.3,70250.29,10.404,Defaulted,2022-02-10,2026-02-10
LOAN002231,CUS008420,INS000001,Personal,78920.96,50466.36,10.972,Active,2025-06-24,2030-06-24
LOAN002232,CUS004152,INS000005,Auto,192000.29,13902.37,14.745,Active,2022-11-02,2024-11-02
LOAN002233,CUS007612,INS000005,Auto,361556.16,59090.39,10.601,Active,2023-10-16,2027-10-16
LOAN002234,CUS002353,INS000004,Personal,227976.16,167634.21,10.714,Active,2025-11-26,2026-11-26
LOAN002235,CUS006829,INS000004,Home,173472.79,117926.12,11.473,Active,2024-04-19,2028-04-19
LOAN002236,CUS006116,INS000005,Personal,216622.04,185375.92,13.77,Active,2022-03-30,2027-03-30
LOAN002237,CUS000724,INS000004,Auto,115198.59,4600.96,12.503,Active,2022-08-27,2025-08-27
LOAN002238,CUS006552,INS000002,Personal,57039.5,14786.36,16.44,Active,2021-12-11,2026-12-11
LOAN002239,CUS005697,INS000002,Home,182384.26,143150.24,13.461,Closed,2025-06-20,2027-06-20
LOAN002240,CUS008589,INS000003,Home,150488.52,48256.65,14.339,Active,2023-06-19,2028-06-19
LOAN002241,CUS005243,INS000001,Education,69815.35,11385.74,14.104,Active,2024-06-09,2028-06-09
LOAN002242,CUS001054,INS000001,Personal,115690.68,36442.5,15.13,Active,2023-04-30,2024-04-30
LOAN002243,CUS009438,INS000004,Personal,138772.39,88397.92,16.309,Defaulted,2025-02-04,2030-02-04
LOAN002244,CUS008687,INS000004,Personal,91645.19,27449.58,12.82,Closed,2022-11-28,2024-11-28
LOAN002245,CUS003249,INS000003,Personal,521648.4,358794.02,7.993,Closed,2025-07-24,2028-07-24
LOAN002246,CUS006679,INS000004,Personal,57577.41,51777.21,8.575,Active,2021-09-21,2025-09-21
LOAN002247,CUS009728,INS000002,Personal,174874.29,115280.07,10.098,Active,2024-07-17,2027-07-17
LOAN002248,CUS003557,INS000002,Home,818787.64,700233.48,17.196,Closed,2025-08-18,2026-08-18
LOAN002249,CUS002350,INS000005,Education,212623.14,93148.22,14.717,Active,2025-04-12,2030-04-12
LOAN002250,CUS008252,INS000003,Education,134277.09,118104.46,9.26,Active,2021-10-18,2025-10-18
LOAN002251,CUS000262,INS000003,Home,186987.8,127692.68,12.009,Closed,2023-07-02,2028-07-02
LOAN002252,CUS008109,INS000003,Education,67590.34,5132.85,16.599,Active,2024-08-20,2027-08-20
LOAN002253,CUS009462,INS000003,Personal,61565.32,11986.89,16.216,Active,2024-12-02,2029-12-02
LOAN002254,CUS003776,INS000004,Auto,498545.1,190634.56,17.309,Closed,2023-03-20,2025-03-20
LOAN002255,CUS007583,INS000004,Auto,181813.32,81009.83,11.614,Active,2026-06-27,2028-06-27
LOAN002256,CUS008256,INS000002,Auto,152513.38,89663.18,17.479,Active,2024-08-20,2027-08-20
LOAN002257,CUS008069,INS000003,Personal,75985.08,52587.62,9.916,Active,2022-08-16,2025-08-16
LOAN002258,CUS000552,INS000002,Personal,79070.13,2268.57,12.04,Active,2021-10-29,2022-10-29
LOAN002259,CUS006479,INS000004,Home,274879.38,58726.38,15.627,Closed,2024-04-07,2025-04-07
LOAN002260,CUS001257,INS000004,Personal,208563.81,1807.74,15.632,Active,2024-06-29,2026-06-29
LOAN002261,CUS009733,INS000005,Personal,124897.31,62539.85,14.35,Active,2023-05-10,2028-05-10
LOAN002262,CUS008764,INS000001,Personal,315416.34,276060.96,16.387,Active,2026-07-26,2029-07-26
LOAN002263,CUS000341,INS000001,Personal,112874.38,17524.98,13.979,Active,2021-08-13,2026-08-13
LOAN002264,CUS007303,INS000001,Personal,358733.0,9243.38,12.478,Closed,2023-11-08,2024-11-08
LOAN002265,CUS009176,INS000002,Auto,671805.23,39638.61,8.794,Closed,2023-08-24,2024-08-24
LOAN002266,CUS005123,INS000001,Personal,137017.36,63955.55,8.181,Closed,2025-10-17,2026-10-17
LOAN002267,CUS004996,INS000004,Auto,50000.0,43799.63,12.252,Closed,2023-12-16,2024-12-16
LOAN002268,CUS001024,INS000005,Education,159452.24,44665.26,16.85,Active,2024-08-09,2029-08-09
LOAN002269,CUS001262,INS000001,Personal,426402.92,52486.51,14.043,Active,2022-06-25,2023-06-25
LOAN002270,CUS000328,INS000005,Personal,213986.58,78145.45,8.373,Active,2023-09-06,2024-09-06
LOAN002271,CUS005989,INS000005,Education,624352.24,525005.52,13.15,Closed,2026-05-16,2027-05-16
LOAN002272,CUS001533,INS000001,Auto,279922.91,31745.97,12.523,Closed,2023-02-14,2026-02-14
LOAN002273,CUS002500,INS000005,Education,81469.85,8949.74,16.144,Active,2022-04-19,2025-04-19
LOAN002274,CUS008652,INS000003,Home,315790.91,55147.64,11.871,Active,2024-10-30,2026-10-30
LOAN002275,CUS001511,INS000003,Personal,364163.89,13178.99,9.206,Active,2025-04-02,2029-04-02
LOAN002276,CUS004328,INS000005,Auto,391701.08,78570.29,17.987,Closed,2026-01-17,2027-01-17
LOAN002277,CUS009160,INS000002,Personal,464915.4,432046.7,15.712,Active,2022-07-08,2024-07-08
LOAN002278,CUS009059,INS000001,Home,177810.4,132690.08,7.621,Active,2026-01-23,2029-01-23
LOAN002279,CUS006963,INS000005,Auto,80588.99,57492.91,17.737,Active,2021-09-17,2025-09-17
LOAN002280,CUS007952,INS000001,Home,399901.85,259761.12,13.538,Active,2022-04-13,2027-04-13
LOAN002281,CUS008681,INS000005,Home,481043.56,398692.73,8.656,Active,2026-07-27,2029-07-27
LOAN002282,CUS002380,INS000002,Education,186726.43,16321.96,11.55,Closed,2024-07-09,2027-07-09
LOAN002283,CUS001567,INS000004,Personal,215780.83,66893.73,7.674,Active,2021-12-27,2024-12-27
LOAN002284,CUS001655,INS000004,Personal,113550.58,75910.5,12.34,Defaulted,2022-09-07,2024-09-07
LOAN002285,CUS003180,INS000001,Education,85085.96,64386.4,9.179,Active,2024-11-10,2029-11-10
LOAN002286,CUS005441,INS000003,Home,165615.36,130039.11,8.094,Active,2021-09-24,2023-09-24
LOAN002287,CUS002143,INS000001,Home,225960.88,210463.52,16.007,Active,2023-02-28,2026-02-28
LOAN002288,CUS006300,INS000002,Home,228640.13,122228.45,8.071,Closed,2025-04-14,2030-04-14
LOAN002289,CUS009713,INS000001,Auto,92814.99,19482.47,13.22,Closed,2022-04-14,2025-04-14
LOAN002290,CUS007894,INS000003,Home,50000.0,10422.42,15.521,Active,2022-09-09,2027-09-09
LOAN002291,CUS006643,INS000001,Auto,69769.59,38814.22,16.245,Defaulted,2023-07-09,2028-07-09
LOAN002292,CUS006968,INS000005,Personal,176280.96,118030.87,16.258,Active,2026-03-29,2031-03-29
LOAN002293,CUS005481,INS000003,Home,120016.17,66161.34,11.894,Active,2024-12-17,2028-12-17
LOAN002294,CUS005543,INS000004,Auto,139532.87,94928.1,8.989,Active,2024-05-15,2025-05-15
LOAN002295,CUS007033,INS000003,Auto,290934.88,84582.23,11.778,Active,2021-09-02,2026-09-02
LOAN002296,CUS006953,INS000002,Personal,200735.03,87737.7,8.417,Defaulted,2026-06-02,2031-06-02
LOAN002297,CUS009077,INS000005,Personal,183639.68,65638.32,15.609,Closed,2022-11-16,2023-11-16
LOAN002298,CUS008693,INS000005,Personal,159310.1,78917.88,13.264,Active,2024-08-17,2029-08-17
LOAN002299,CUS006427,INS000002,Home,80738.77,43492.33,16.401,Active,2023-09-24,2026-09-24
LOAN002300,CUS001264,INS000001,Education,57076.89,37173.98,12.695,Active,2023-04-11,2028-04-11
LOAN002301,CUS005511,INS000004,Auto,116065.76,4673.6,15.765,Active,2024-12-05,2027-12-05
LOAN002302,CUS004081,INS000001,Education,377601.57,275821.53,10.857,Active,2021-12-31,2023-12-31
LOAN002303,CUS001762,INS000001,Education,472710.8,398907.28,8.502,Active,2023-11-25,2027-11-25
LOAN002304,CUS005712,INS000001,Personal,233906.01,200350.68,15.825,Active,2026-07-01,2027-07-01
LOAN002305,CUS007502,INS000003,Personal,111849.9,60220.74,7.512,Closed,2024-03-28,2025-03-28
LOAN002306,CUS007101,INS000002,Auto,50000.0,30597.6,13.398,Active,2022-06-20,2025-06-20
LOAN002307,CUS000072,INS000005,Personal,56865.65,30056.27,15.524,Active,2025-10-13,2030-10-13
LOAN002308,CUS007271,INS000004,Auto,174174.55,70465.2,9.845,Active,2025-03-09,2027-03-09
LOAN002309,CUS009339,INS000001,Personal,153333.25,14648.42,8.866,Active,2022-10-15,2027-10-15
LOAN002310,CUS003775,INS000003,Personal,339662.01,53185.38,10.521,Closed,2024-10-21,2026-10-21
LOAN002311,CUS003621,INS000002,Auto,192213.7,37277.21,9.902,Closed,2025-05-10,2029-05-10
LOAN002312,CUS000507,INS000004,Personal,269540.26,61373.31,9.239,Active,2024-03-01,2027-03-01
LOAN002313,CUS000123,INS000005,Personal,427396.14,310954.88,13.153,Active,2024-08-02,2025-08-02
LOAN002314,CUS004987,INS000005,Personal,146994.78,54296.93,12.897,Active,2024-06-16,2027-06-16
LOAN002315,CUS007034,INS000005,Home,129022.27,17226.76,13.846,Active,2026-04-27,2028-04-27
LOAN002316,CUS002896,INS000001,Home,378558.06,235171.9,14.476,Active,2025-03-02,2027-03-02
LOAN002317,CUS000061,INS000002,Personal,266762.25,79883.91,16.481,Active,2024-05-30,2026-05-30
LOAN002318,CUS004440,INS000004,Personal,128621.85,79431.7,10.112,Defaulted,2023-09-18,2025-09-18
LOAN002319,CUS003226,INS000003,Home,61099.21,5130.58,17.916,Active,2026-06-07,2030-06-07
LOAN002320,CUS003051,INS000003,Personal,86261.22,1244.93,15.016,Active,2025-02-08,2026-02-08
LOAN002321,CUS006095,INS000002,Personal,203789.73,185708.56,12.638,Active,2025-09-09,2029-09-09
LOAN002322,CUS006801,INS000002,Home,247054.46,28423.1,9.609,Active,2023-06-16,2024-06-16
LOAN002323,CUS000859,INS000001,Auto,55123.74,491.71,8.461,Active,2025-09-21,2030-09-21
LOAN002324,CUS000220,INS000001,Personal,321207.99,272889.05,14.452,Active,2024-08-07,2025-08-07
LOAN002325,CUS003710,INS000002,Home,112167.7,84606.0,8.359,Active,2023-12-28,2025-12-28
LOAN002326,CUS007776,INS000004,Personal,58085.83,8759.7,15.744,Active,2022-12-13,2027-12-13
LOAN002327,CUS006627,INS000005,Personal,78146.13,21645.56,12.723,Active,2025-08-11,2030-08-11
LOAN002328,CUS003410,INS000001,Home,293257.6,259478.96,14.052,Active,2026-03-20,2031-03-20
LOAN002329,CUS005506,INS000001,Home,703199.45,521930.49,14.742,Closed,2025-03-02,2026-03-02
LOAN002330,CUS008615,INS000003,Personal,450201.97,410926.91,15.738,Active,2025-02-17,2029-02-17
LOAN002331,CUS005175,INS000001,Personal,277210.54,228463.28,17.847,Active,2024-06-04,2029-06-04
LOAN002332,CUS002003,INS000002,Personal,464851.33,75852.87,15.771,Active,2025-12-19,2028-12-19
LOAN002333,CUS009992,INS000005,Education,117960.06,73435.04,17.223,Active,2022-01-28,2027-01-28
LOAN002334,CUS006688,INS000001,Personal,342761.52,312437.39,15.632,Active,2023-12-03,2024-12-03
LOAN002335,CUS005144,INS000002,Personal,112980.99,19624.39,13.699,Active,2025-06-23,2030-06-23
LOAN002336,CUS003173,INS000003,Home,50460.0,5338.42,16.567,Active,2024-08-14,2026-08-14
LOAN002337,CUS008871,INS000003,Auto,404283.52,220089.34,16.945,Active,2021-11-21,2023-11-21
LOAN002338,CUS001512,INS000002,Personal,85019.73,77515.85,8.225,Active,2022-05-19,2026-05-19
LOAN002339,CUS007795,INS000002,Education,112469.97,60002.13,7.76,Active,2022-01-14,2027-01-14
LOAN002340,CUS008873,INS000002,Education,246059.29,102132.65,15.715,Active,2025-05-07,2027-05-07
LOAN002341,CUS001303,INS000003,Home,116942.39,39690.22,12.496,Active,2024-02-17,2029-02-17
LOAN002342,CUS001765,INS000004,Home,279026.07,229515.83,13.293,Active,2024-02-29,2026-02-28
LOAN002343,CUS007334,INS000004,Personal,50000.0,21630.85,15.992,Active,2022-07-02,2025-07-02
LOAN002344,CUS004329,INS000003,Home,263603.19,60649.72,9.357,Active,2022-10-15,2027-10-15
LOAN002345,CUS004625,INS000004,Home,259998.88,106956.6,15.895,Active,2021-09-20,2024-09-20
LOAN002346,CUS000015,INS000004,Personal,68541.08,23178.01,16.8,Closed,2021-12-26,2025-12-26
LOAN002347,CUS008739,INS000003,Personal,221356.49,86687.85,10.141,Active,2023-05-24,2026-05-24
LOAN002348,CUS001912,INS000002,Education,136492.43,15474.89,14.295,Defaulted,2026-06-27,2027-06-27
LOAN002349,CUS004755,INS000004,Auto,139585.21,73820.26,17.259,Active,2024-08-08,2027-08-08
LOAN002350,CUS008709,INS000004,Personal,81713.99,42377.41,14.412,Active,2025-06-27,2029-06-27
LOAN002351,CUS007761,INS000003,Auto,855176.97,641370.14,9.679,Defaulted,2026-03-13,2030-03-13
LOAN002352,CUS002779,INS000003,Home,100636.19,214.9,13.42,Active,2022-06-19,2024-06-19
LOAN002353,CUS007496,INS000004,Auto,217270.04,6563.05,17.643,Active,2023-01-23,2024-01-23
LOAN002354,CUS008584,INS000002,Personal,132118.15,93939.64,17.038,Active,2026-01-31,2028-01-31
LOAN002355,CUS007521,INS000001,Personal,102106.11,35094.2,9.081,Active,2021-11-23,2025-11-23
LOAN002356,CUS002000,INS000003,Home,159563.73,13321.99,11.121,Active,2026-05-17,2028-05-17
LOAN002357,CUS001306,INS000002,Personal,50000.0,34364.05,8.012,Active,2024-08-29,2029-08-29
LOAN002358,CUS006630,INS000001,Education,119772.66,99666.18,12.548,Closed,2023-07-07,2025-07-07
LOAN002359,CUS003055,INS000004,Education,91294.36,43136.56,13.989,Active,2024-11-25,2028-11-25
LOAN002360,CUS005257,INS000003,Home,322418.73,117696.14,8.6,Active,2022-10-10,2024-10-10
LOAN002361,CUS009874,INS000002,Home,336356.74,47687.75,10.123,Active,2025-03-01,2026-03-01
LOAN002362,CUS000457,INS000005,Home,130131.09,18162.0,15.391,Active,2026-02-21,2028-02-21
LOAN002363,CUS001085,INS000004,Personal,50699.44,31920.0,15.567,Defaulted,2024-09-28,2029-09-28
LOAN002364,CUS002280,INS000001,Personal,67234.82,21462.73,15.986,Active,2024-04-05,2029-04-05
LOAN002365,CUS005857,INS000002,Personal,847682.87,740175.1,8.631,Active,2022-05-12,2024-05-12
LOAN002366,CUS007480,INS000001,Personal,271582.13,14619.35,13.256,Active,2023-02-22,2026-02-22
LOAN002367,CUS000815,INS000002,Education,125073.92,6714.02,9.837,Active,2023-07-14,2026-07-14
LOAN002368,CUS002596,INS000005,Auto,496556.82,461962.61,16.725,Closed,2023-11-02,2028-11-02
LOAN002369,CUS004932,INS000003,Education,332112.02,300988.19,10.072,Active,2024-09-07,2029-09-07
LOAN002370,CUS008295,INS000005,Home,137466.16,23202.26,17.324,Active,2023-06-20,2024-06-20
LOAN002371,CUS004495,INS000005,Personal,398855.21,326453.96,16.033,Active,2025-12-29,2029-12-29
LOAN002372,CUS001508,INS000002,Personal,64628.49,54122.56,12.292,Closed,2022-01-14,2027-01-14
LOAN002373,CUS009053,INS000001,Auto,179621.67,157750.64,11.485,Closed,2026-02-07,2029-02-07
LOAN002374,CUS003755,INS000005,Auto,293140.68,42848.36,10.511,Active,2026-02-27,2029-02-27
LOAN002375,CUS004225,INS000004,Home,929706.73,43395.51,17.155,Closed,2024-03-26,2028-03-26
LOAN002376,CUS008938,INS000005,Personal,315189.56,26056.07,9.735,Active,2023-04-06,2024-04-06
LOAN002377,CUS004034,INS000005,Personal,913953.34,791189.18,14.016,Closed,2024-02-17,2025-02-17
LOAN002378,CUS005547,INS000002,Auto,138886.38,105050.74,11.915,Closed,2025-10-02,2027-10-02
LOAN002379,CUS003556,INS000005,Personal,50000.0,17974.16,7.893,Active,2023-05-12,2027-05-12
LOAN002380,CUS006319,INS000002,Personal,162598.01,133161.48,12.299,Active,2023-12-01,2028-12-01
LOAN002381,CUS004344,INS000002,Education,289857.68,251000.83,14.94,Active,2025-04-17,2030-04-17
LOAN002382,CUS001752,INS000004,Personal,50000.0,24448.23,15.636,Active,2025-04-02,2028-04-02
LOAN002383,CUS006846,INS000001,Auto,250594.5,50373.26,15.909,Active,2025-11-11,2029-11-11
LOAN002384,CUS004202,INS000003,Personal,87642.59,79881.48,9.968,Active,2024-03-28,2029-03-28
LOAN002385,CUS004143,INS000001,Auto,99429.52,12993.22,17.313,Closed,2024-08-24,2026-08-24
LOAN002386,CUS000743,INS000002,Personal,139867.75,99794.5,14.108,Active,2025-02-19,2028-02-19
LOAN002387,CUS001629,INS000005,Home,766240.0,515371.49,10.748,Active,2023-05-07,2024-05-07
LOAN002388,CUS003515,INS000005,Auto,50000.0,1260.44,12.045,Active,2023-07-06,2028-07-06
LOAN002389,CUS008279,INS000001,Personal,68823.05,41396.21,13.569,Active,2022-05-25,2023-05-25
LOAN002390,CUS005639,INS000005,Auto,860409.51,638506.15,9.716,Active,2025-01-19,2027-01-19
LOAN002391,CUS002349,INS000002,Education,211177.74,39050.99,17.571,Active,2025-01-28,2027-01-28
LOAN002392,CUS009071,INS000002,Personal,271703.67,167841.59,9.394,Active,2025-06-03,2026-06-03
LOAN002393,CUS005435,INS000002,Personal,228293.55,22158.13,11.362,Closed,2025-01-24,2030-01-24
LOAN002394,CUS009748,INS000004,Personal,145343.09,98120.04,14.601,Active,2023-07-07,2028-07-07
LOAN002395,CUS002089,INS000001,Personal,174841.68,162870.29,13.431,Closed,2023-07-21,2025-07-21
LOAN002396,CUS005813,INS000003,Home,101387.88,72542.24,10.539,Closed,2021-10-12,2026-10-12
LOAN002397,CUS002968,INS000005,Personal,174844.4,34066.71,14.187,Active,2022-09-20,2027-09-20
LOAN002398,CUS006182,INS000001,Auto,98007.73,56030.21,15.245,Closed,2022-11-16,2026-11-16
LOAN002399,CUS003959,INS000004,Home,131170.09,68385.56,7.63,Active,2026-03-06,2031-03-06
LOAN002400,CUS004771,INS000001,Home,315367.4,35294.07,7.527,Active,2022-12-03,2023-12-03
LOAN002401,CUS004841,INS000003,Auto,476747.7,271304.99,10.233,Active,2025-08-22,2029-08-22
LOAN002402,CUS009656,INS000005,Auto,50000.0,26222.17,14.631,Active,2023-07-05,2027-07-05
LOAN002403,CUS008954,INS000005,Personal,218204.06,23909.64,13.735,Active,2021-11-08,2022-11-08
LOAN002404,CUS005515,INS000001,Personal,175590.18,50922.91,13.595,Active,2022-07-29,2027-07-29
LOAN002405,CUS009952,INS000001,Personal,215964.19,170092.1,10.015,Active,2025-01-24,2026-01-24
LOAN002406,CUS009325,INS000005,Education,527095.05,391944.58,15.167,Active,2022-07-06,2024-07-06
LOAN002407,CUS007982,INS000005,Personal,291919.4,11640.45,17.652,Active,2025-03-09,2028-03-09
LOAN002408,CUS002028,INS000004,Education,124009.4,54148.32,12.023,Active,2025-09-16,2026-09-16
LOAN002409,CUS003662,INS000003,Personal,114781.48,104050.42,12.681,Closed,2024-06-23,2025-06-23
LOAN002410,CUS008702,INS000004,Auto,136025.48,96573.98,15.637,Active,2025-12-29,2030-12-29
LOAN002411,CUS004804,INS000001,Personal,73709.13,8667.69,14.61,Closed,2021-10-04,2024-10-04
LOAN002412,CUS000075,INS000005,Personal,117004.72,98046.73,14.675,Active,2025-12-04,2026-12-04
LOAN002413,CUS005291,INS000003,Education,50000.0,4306.47,11.394,Active,2024-03-14,2026-03-14
LOAN002414,CUS002392,INS000001,Auto,948536.48,407650.39,13.199,Active,2023-06-06,2028-06-06
LOAN002415,CUS006470,INS000001,Personal,336823.48,251397.7,12.873,Active,2024-01-28,2025-01-28
LOAN002416,CUS004629,INS000003,Education,332181.2,128285.26,9.207,Active,2025-06-13,2027-06-13
LOAN002417,CUS008768,INS000001,Personal,106389.85,48174.39,11.976,Closed,2023-02-05,2027-02-05
LOAN002418,CUS008234,INS000004,Personal,152414.27,103152.82,8.388,Active,2022-10-16,2027-10-16
LOAN002419,CUS003151,INS000001,Personal,104551.42,17216.47,10.021,Active,2021-08-11,2024-08-11
LOAN002420,CUS001692,INS000004,Education,209935.5,153708.08,10.908,Active,2023-11-07,2028-11-07
LOAN002421,CUS009292,INS000005,Personal,114001.67,56183.84,9.99,Active,2022-05-21,2024-05-21
LOAN002422,CUS009277,INS000001,Personal,1824533.64,621903.1,10.804,Closed,2023-06-18,2027-06-18
LOAN002423,CUS005900,INS000005,Personal,223952.77,18822.33,16.977,Active,2023-07-22,2027-07-22
LOAN002424,CUS006212,INS000003,Home,251380.29,116105.7,8.046,Closed,2023-09-23,2024-09-23
LOAN002425,CUS004090,INS000005,Education,89467.01,84046.81,9.459,Defaulted,2024-01-12,2026-01-12
LOAN002426,CUS008558,INS000005,Personal,50000.0,18751.54,12.35,Active,2023-08-12,2024-08-12
LOAN002427,CUS000632,INS000001,Auto,112977.83,60929.63,11.616,Active,2022-11-13,2026-11-13
LOAN002428,CUS008825,INS000004,Auto,471833.72,247894.23,16.456,Defaulted,2025-09-24,2026-09-24
LOAN002429,CUS007925,INS000001,Personal,144481.9,84692.92,7.748,Defaulted,2022-03-13,2026-03-13
LOAN002430,CUS004427,INS000003,Auto,423936.62,561.74,9.999,Closed,2024-08-31,2029-08-31
LOAN002431,CUS008137,INS000001,Personal,317244.66,69680.3,14.593,Active,2024-12-06,2026-12-06
LOAN002432,CUS009445,INS000002,Auto,590017.01,397844.53,9.778,Defaulted,2024-10-26,2026-10-26
LOAN002433,CUS003887,INS000004,Personal,166177.18,96507.83,14.325,Closed,2025-01-09,2028-01-09
LOAN002434,CUS007301,INS000004,Home,116865.58,18495.47,15.255,Defaulted,2024-06-22,2027-06-22
LOAN002435,CUS001363,INS000004,Auto,50000.0,11282.38,16.116,Active,2022-04-12,2027-04-12
LOAN002436,CUS002995,INS000001,Personal,187012.1,93974.16,10.477,Closed,2024-02-27,2025-02-27
LOAN002437,CUS005932,INS000003,Home,172625.33,101390.82,10.584,Active,2025-11-27,2028-11-27
LOAN002438,CUS007682,INS000004,Education,353613.44,74759.98,11.371,Defaulted,2023-09-17,2025-09-17
LOAN002439,CUS007389,INS000003,Personal,249816.5,17775.11,14.364,Active,2022-06-13,2026-06-13
LOAN002440,CUS000646,INS000002,Auto,62325.22,50545.5,13.341,Active,2025-10-13,2026-10-13
LOAN002441,CUS002703,INS000002,Personal,126587.39,18667.53,9.312,Active,2023-06-24,2026-06-24
LOAN002442,CUS009917,INS000003,Home,403468.83,51080.73,10.649,Closed,2025-08-27,2030-08-27
LOAN002443,CUS007204,INS000005,Education,183860.16,117922.39,16.218,Defaulted,2024-11-08,2026-11-08
LOAN002444,CUS009897,INS000001,Home,51607.81,14250.08,9.773,Active,2022-12-19,2024-12-19
LOAN002445,CUS003336,INS000001,Home,175381.9,16551.34,8.437,Active,2026-07-13,2029-07-13
LOAN002446,CUS001682,INS000001,Personal,545594.19,485118.88,15.473,Active,2025-09-17,2030-09-17
LOAN002447,CUS004350,INS000003,Personal,121058.27,20610.66,8.443,Active,2024-10-20,2027-10-20
LOAN002448,CUS002863,INS000004,Education,224367.11,141700.79,13.552,Active,2022-03-19,2024-03-19
LOAN002449,CUS004862,INS000004,Personal,382907.77,170024.4,14.432,Active,2025-07-28,2027-07-28
LOAN002450,CUS000985,INS000003,Personal,119665.46,9143.11,17.59,Active,2023-01-03,2026-01-03
LOAN002451,CUS006446,INS000005,Home,444750.58,93743.43,16.342,Active,2023-07-04,2028-07-04
LOAN002452,CUS009220,INS000001,Personal,216694.08,109827.91,8.468,Active,2025-07-27,2027-07-27
LOAN002453,CUS001805,INS000005,Home,117022.68,24427.15,10.396,Defaulted,2023-04-11,2024-04-11
LOAN002454,CUS005683,INS000002,Home,667870.63,263988.95,16.313,Active,2025-05-05,2030-05-05
LOAN002455,CUS001693,INS000001,Education,156446.39,48258.96,14.111,Active,2022-09-06,2024-09-06
LOAN002456,CUS001132,INS000001,Education,66233.96,51657.56,16.397,Active,2024-01-30,2027-01-30
LOAN002457,CUS002477,INS000001,Personal,72605.15,61495.14,11.855,Closed,2022-12-06,2027-12-06
LOAN002458,CUS007043,INS000005,Personal,359084.21,154215.16,14.96,Active,2025-08-05,2028-08-05
LOAN002459,CUS004244,INS000005,Personal,517702.39,349383.15,8.905,Active,2021-12-12,2026-12-12
LOAN002460,CUS006704,INS000003,Auto,113151.56,24217.77,12.346,Active,2024-05-28,2028-05-28
LOAN002461,CUS007568,INS000002,Auto,266000.14,119768.19,8.489,Closed,2024-01-06,2029-01-06
LOAN002462,CUS004112,INS000001,Auto,198417.21,31202.48,11.542,Active,2022-07-21,2023-07-21
LOAN002463,CUS009162,INS000001,Personal,807776.83,277301.15,16.616,Active,2025-02-02,2030-02-02
LOAN002464,CUS003404,INS000003,Home,116325.64,8567.03,15.223,Closed,2026-02-09,2031-02-09
LOAN002465,CUS003645,INS000004,Home,88341.76,41353.48,8.394,Active,2022-10-30,2025-10-30
LOAN002466,CUS003522,INS000003,Home,644367.52,191023.7,12.688,Active,2022-09-11,2024-09-11
LOAN002467,CUS008968,INS000005,Auto,77190.38,6815.55,17.992,Defaulted,2025-08-31,2029-08-31
LOAN002468,CUS002185,INS000004,Personal,173907.91,133192.12,17.202,Active,2025-12-09,2028-12-09
LOAN002469,CUS000558,INS000005,Personal,153562.97,110964.03,8.095,Closed,2022-06-21,2026-06-21
LOAN002470,CUS005135,INS000001,Education,188462.58,131090.51,15.857,Active,2026-05-16,2030-05-16
LOAN002471,CUS005627,INS000003,Personal,62959.23,56937.54,12.641,Active,2023-04-28,2026-04-28
LOAN002472,CUS000704,INS000004,Personal,266714.46,206033.68,8.92,Active,2025-06-05,2027-06-05
LOAN002473,CUS003739,INS000001,Personal,189312.66,117467.43,7.843,Active,2026-01-25,2029-01-25
LOAN002474,CUS009271,INS000002,Auto,440670.49,93698.05,15.381,Active,2022-07-31,2027-07-31
LOAN002475,CUS000095,INS000001,Auto,58525.27,4327.72,9.712,Active,2022-10-21,2027-10-21
LOAN002476,CUS000962,INS000002,Auto,129502.68,1490.33,10.399,Active,2021-11-14,2025-11-14
LOAN002477,CUS009418,INS000005,Auto,80545.08,6578.29,15.928,Active,2023-07-01,2024-07-01
LOAN002478,CUS002142,INS000003,Auto,182437.46,949.26,15.051,Active,2025-06-28,2026-06-28
LOAN002479,CUS005914,INS000002,Auto,181177.7,14929.55,14.423,Active,2022-09-02,2024-09-02
LOAN002480,CUS006522,INS000005,Auto,339869.8,183979.65,8.601,Active,2022-12-10,2023-12-10
LOAN002481,CUS008262,INS000005,Personal,281019.06,17461.92,8.048,Active,2025-11-21,2027-11-21
LOAN002482,CUS005289,INS000002,Personal,730432.53,224380.81,10.245,Active,2021-09-24,2025-09-24
LOAN002483,CUS003516,INS000004,Home,285755.21,239544.31,11.494,Active,2021-08-15,2023-08-15
LOAN002484,CUS000094,INS000003,Auto,50000.0,45222.44,9.454,Active,2024-01-14,2026-01-14
LOAN002485,CUS003998,INS000005,Personal,215693.0,146022.54,17.547,Active,2022-01-03,2027-01-03
LOAN002486,CUS008391,INS000004,Auto,77688.65,58087.77,9.07,Active,2024-12-24,2028-12-24
LOAN002487,CUS006022,INS000004,Personal,142550.17,81839.94,16.232,Active,2022-01-08,2025-01-08
LOAN002488,CUS001626,INS000001,Auto,56484.24,50216.65,11.417,Closed,2026-06-15,2030-06-15
LOAN002489,CUS000946,INS000003,Home,543693.84,294837.61,13.349,Active,2025-08-30,2026-08-30
LOAN002490,CUS007032,INS000005,Personal,211793.7,142274.9,12.656,Active,2024-05-29,2029-05-29
LOAN002491,CUS009358,INS000005,Education,159227.28,71313.39,12.86,Closed,2023-04-19,2028-04-19
LOAN002492,CUS003036,INS000003,Personal,84589.53,16541.59,7.916,Active,2026-05-15,2031-05-15
LOAN002493,CUS005807,INS000003,Personal,207274.3,140737.91,9.305,Active,2025-06-11,2030-06-11
LOAN002494,CUS000423,INS000002,Personal,141274.79,31697.08,13.862,Active,2025-03-30,2029-03-30
LOAN002495,CUS005894,INS000001,Personal,858917.48,98373.28,8.887,Active,2024-05-04,2027-05-04
LOAN002496,CUS008117,INS000004,Personal,173182.55,139878.82,8.306,Defaulted,2025-09-27,2028-09-27
LOAN002497,CUS007762,INS000001,Home,152672.13,67896.93,13.622,Active,2024-10-22,2028-10-22
LOAN002498,CUS008240,INS000001,Personal,92369.6,22434.21,11.468,Active,2024-04-02,2027-04-02
LOAN002499,CUS003575,INS000003,Personal,384633.32,223562.35,14.368,Defaulted,2022-06-30,2024-06-30
LOAN002500,CUS001581,INS000004,Education,168383.2,145537.74,11.576,Active,2023-01-09,2027-01-09
LOAN002501,CUS008913,INS000004,Auto,129138.67,32933.0,16.493,Active,2023-12-04,2027-12-04
LOAN002502,CUS003524,INS000002,Education,217328.45,186294.24,13.902,Active,2024-01-29,2029-01-29
LOAN002503,CUS006398,INS000002,Personal,114492.7,37171.77,7.849,Active,2022-06-10,2024-06-10
LOAN002504,CUS006298,INS000002,Personal,622824.0,153895.93,9.846,Active,2025-11-16,2029-11-16
LOAN002505,CUS004544,INS000005,Auto,60275.63,4020.19,14.643,Active,2023-02-20,2028-02-20
LOAN002506,CUS005766,INS000002,Personal,370520.68,299958.1,8.9,Active,2022-10-07,2027-10-07
LOAN002507,CUS005233,INS000001,Personal,99105.17,20835.16,12.759,Closed,2024-06-19,2028-06-19
LOAN002508,CUS000222,INS000001,Auto,176878.06,43795.39,13.466,Active,2022-08-01,2023-08-01
LOAN002509,CUS001430,INS000002,Personal,320857.18,238464.71,15.556,Active,2026-04-12,2029-04-12
LOAN002510,CUS006065,INS000002,Personal,378570.49,317199.12,17.892,Active,2025-10-12,2028-10-12
LOAN002511,CUS009273,INS000002,Personal,62999.91,55912.8,8.975,Active,2024-11-16,2026-11-16
LOAN002512,CUS009198,INS000002,Personal,105068.51,65247.13,12.46,Active,2024-11-06,2025-11-06
LOAN002513,CUS006067,INS000001,Personal,160828.87,136059.39,12.744,Closed,2026-03-29,2027-03-29
LOAN002514,CUS008824,INS000001,Auto,50000.0,19713.49,8.54,Active,2022-04-13,2027-04-13
LOAN002515,CUS004035,INS000001,Personal,708653.59,581315.96,10.997,Closed,2022-08-27,2027-08-27
LOAN002516,CUS000120,INS000002,Personal,99680.79,84283.51,17.525,Active,2023-05-25,2027-05-25
LOAN002517,CUS002799,INS000003,Education,53563.79,30757.63,16.988,Active,2021-10-20,2022-10-20
LOAN002518,CUS007733,INS000004,Personal,231734.44,93017.76,11.486,Closed,2026-07-01,2030-07-01
LOAN002519,CUS009192,INS000004,Personal,93834.05,7103.45,17.192,Active,2025-07-03,2026-07-03
LOAN002520,CUS006312,INS000002,Education,235217.64,200788.35,11.246,Active,2023-02-06,2027-02-06
LOAN002521,CUS000836,INS000004,Auto,122870.66,99641.24,13.941,Closed,2025-05-23,2028-05-23
LOAN002522,CUS008482,INS000001,Personal,67566.68,25940.16,16.504,Active,2022-04-15,2023-04-15
LOAN002523,CUS007759,INS000002,Personal,81204.87,29809.14,9.355,Active,2022-10-23,2024-10-23
LOAN002524,CUS001971,INS000001,Personal,152906.3,52052.23,14.954,Closed,2023-01-12,2027-01-12
LOAN002525,CUS004226,INS000001,Education,211593.09,28587.87,15.063,Closed,2025-10-09,2030-10-09
LOAN002526,CUS003987,INS000003,Personal,116036.68,89026.19,9.794,Closed,2025-09-17,2030-09-17
LOAN002527,CUS000365,INS000004,Personal,302962.66,117490.12,15.077,Active,2024-06-16,2027-06-16
LOAN002528,CUS002418,INS000004,Education,274147.67,89496.95,13.44,Active,2023-05-27,2028-05-27
LOAN002529,CUS005719,INS000002,Home,396101.69,282712.66,10.311,Active,2025-06-23,2027-06-23
LOAN002530,CUS008480,INS000001,Personal,236706.52,211456.34,13.569,Closed,2024-05-07,2028-05-07
LOAN002531,CUS004390,INS000001,Home,811254.15,314615.03,12.79,Defaulted,2023-11-24,2027-11-24
LOAN002532,CUS000242,INS000001,Personal,340022.97,220301.31,17.629,Active,2024-11-27,2028-11-27
LOAN002533,CUS008463,INS000001,Personal,295432.39,25844.14,17.216,Closed,2025-02-02,2026-02-02
LOAN002534,CUS003440,INS000004,Auto,156658.05,131440.07,10.655,Active,2021-10-31,2023-10-31
LOAN002535,CUS008537,INS000002,Home,297125.48,266061.31,11.531,Active,2024-03-02,2027-03-02
LOAN002536,CUS009481,INS000001,Education,228554.33,28089.86,13.096,Closed,2021-10-30,2022-10-30
LOAN002537,CUS000824,INS000003,Personal,300710.49,173692.39,17.078,Defaulted,2024-11-22,2025-11-22
LOAN002538,CUS009304,INS000004,Home,145974.22,66369.19,10.097,Active,2024-05-05,2025-05-05
LOAN002539,CUS007006,INS000002,Personal,732572.35,451035.68,11.984,Active,2022-11-26,2025-11-26
LOAN002540,CUS005537,INS000001,Auto,318891.17,45156.21,9.121,Active,2026-07-09,2027-07-09
LOAN002541,CUS005846,INS000005,Personal,97193.93,66885.74,9.821,Closed,2023-09-15,2026-09-15
LOAN002542,CUS003835,INS000005,Personal,50000.0,16801.3,14.469,Active,2025-09-24,2026-09-24
LOAN002543,CUS007851,INS000004,Education,146531.86,86335.26,15.674,Closed,2024-07-18,2025-07-18
LOAN002544,CUS009374,INS000001,Auto,715977.63,382513.36,17.428,Active,2024-05-30,2029-05-30
LOAN002545,CUS008952,INS000003,Personal,152646.73,128878.43,16.595,Closed,2023-03-13,2026-03-13
LOAN002546,CUS007749,INS000005,Personal,50000.0,22606.56,16.341,Active,2023-12-24,2024-12-24
LOAN002547,CUS009680,INS000003,Personal,50000.0,45203.6,14.584,Active,2024-01-01,2028-01-01
LOAN002548,CUS003960,INS000005,Auto,105214.89,2744.94,16.65,Active,2023-01-12,2026-01-12
LOAN002549,CUS006777,INS000004,Education,144257.31,48730.82,16.263,Closed,2022-12-18,2024-12-18
LOAN002550,CUS008261,INS000001,Personal,203200.09,98566.95,9.323,Closed,2025-09-14,2028-09-14
LOAN002551,CUS008979,INS000001,Personal,50000.0,1673.83,10.754,Closed,2024-01-23,2028-01-23
LOAN002552,CUS003458,INS000004,Home,222983.2,145712.64,15.422,Active,2026-01-29,2029-01-29
LOAN002553,CUS003826,INS000005,Personal,207251.01,47586.06,13.654,Closed,2023-11-15,2026-11-15
LOAN002554,CUS008975,INS000002,Education,96339.22,888.29,11.451,Closed,2023-03-11,2024-03-11
LOAN002555,CUS005199,INS000003,Home,258301.44,92786.8,7.811,Active,2023-05-16,2027-05-16
LOAN002556,CUS008575,INS000004,Education,442012.19,186346.08,16.925,Active,2022-01-19,2024-01-19
LOAN002557,CUS006977,INS000002,Auto,98674.86,90782.72,13.824,Active,2025-05-07,2029-05-07
LOAN002558,CUS009466,INS000001,Personal,440468.94,55385.52,15.114,Active,2025-04-19,2026-04-19
LOAN002559,CUS001646,INS000001,Personal,151057.8,37995.36,15.542,Closed,2025-09-07,2028-09-07
LOAN002560,CUS006946,INS000005,Personal,289062.95,265892.29,12.508,Active,2023-10-09,2024-10-09
LOAN002561,CUS002717,INS000004,Auto,156201.12,112705.52,16.56,Active,2023-06-10,2027-06-10
LOAN002562,CUS003732,INS000004,Personal,100323.89,31683.4,9.572,Active,2026-03-23,2031-03-23
LOAN002563,CUS009235,INS000001,Personal,226022.41,105384.88,15.057,Active,2026-04-03,2031-04-03
LOAN002564,CUS009840,INS000001,Personal,138659.52,116517.33,11.992,Active,2025-01-05,2027-01-05
LOAN002565,CUS001174,INS000002,Home,363611.59,278622.52,11.897,Active,2022-02-06,2024-02-06
LOAN002566,CUS006831,INS000001,Personal,167792.83,62396.29,14.167,Active,2021-10-24,2024-10-24
LOAN002567,CUS004461,INS000003,Personal,928374.62,73552.1,10.782,Active,2024-06-01,2025-06-01
LOAN002568,CUS002102,INS000004,Education,170760.32,23641.52,10.621,Closed,2022-05-01,2024-05-01
LOAN002569,CUS007241,INS000002,Home,276001.59,134554.8,14.194,Active,2025-12-20,2026-12-20
LOAN002570,CUS000474,INS000005,Personal,252939.88,177653.17,12.628,Active,2022-07-29,2024-07-29
LOAN002571,CUS005928,INS000005,Education,232013.08,97647.96,15.057,Active,2024-01-15,2026-01-15
LOAN002572,CUS009508,INS000003,Education,99188.02,60940.47,10.825,Active,2024-08-07,2025-08-07
LOAN002573,CUS009561,INS000002,Personal,122410.29,76892.27,9.515,Active,2022-11-09,2023-11-09
LOAN002574,CUS008966,INS000003,Education,160160.32,87628.88,14.443,Closed,2025-03-26,2030-03-26
LOAN002575,CUS002560,INS000002,Auto,137165.38,67135.99,7.862,Active,2022-12-25,2027-12-25
LOAN002576,CUS008983,INS000002,Home,271261.68,60420.86,12.115,Active,2025-10-08,2027-10-08
LOAN002577,CUS006121,INS000001,Home,83558.83,11639.42,8.596,Active,2023-04-05,2026-04-05
LOAN002578,CUS007942,INS000002,Home,115163.53,99109.79,15.928,Active,2022-12-25,2023-12-25
LOAN002579,CUS007474,INS000002,Personal,165658.53,64615.23,13.002,Active,2024-04-23,2025-04-23
LOAN002580,CUS003093,INS000005,Personal,142888.8,107755.88,17.008,Active,2026-03-08,2027-03-08
LOAN002581,CUS004740,INS000002,Personal,241287.88,68032.84,8.093,Closed,2025-09-28,2027-09-28
LOAN002582,CUS001200,INS000002,Personal,180964.4,101526.5,12.128,Active,2026-06-06,2029-06-06
LOAN002583,CUS007644,INS000003,Education,99457.23,14474.48,16.128,Active,2024-06-15,2025-06-15
LOAN002584,CUS002576,INS000005,Auto,226813.86,104605.53,13.659,Active,2026-03-29,2028-03-29
LOAN002585,CUS009392,INS000001,Personal,50000.0,17103.23,16.571,Active,2023-05-21,2024-05-21
LOAN002586,CUS004762,INS000005,Auto,359652.85,97734.48,8.468,Active,2024-09-24,2026-09-24
LOAN002587,CUS002543,INS000001,Home,80339.31,10437.43,13.345,Closed,2024-03-25,2027-03-25
LOAN002588,CUS009419,INS000004,Auto,435373.55,353674.37,17.291,Active,2021-10-16,2024-10-16
LOAN002589,CUS004574,INS000005,Home,287993.85,269803.16,7.678,Active,2026-07-19,2028-07-19
LOAN002590,CUS001990,INS000002,Education,526076.63,372790.3,15.35,Active,2023-02-04,2027-02-04
LOAN002591,CUS009816,INS000005,Personal,266109.26,198713.63,15.783,Active,2022-07-21,2023-07-21
LOAN002592,CUS005754,INS000002,Personal,261549.1,68965.03,11.845,Active,2026-01-18,2031-01-18
LOAN002593,CUS001171,INS000003,Home,242092.1,151986.87,10.281,Closed,2021-08-26,2022-08-26
LOAN002594,CUS005970,INS000002,Personal,439431.63,27512.43,9.36,Active,2023-03-11,2024-03-11
LOAN002595,CUS009217,INS000005,Home,88406.03,53245.16,15.615,Active,2025-10-28,2030-10-28
LOAN002596,CUS009107,INS000002,Personal,103811.23,75831.38,11.702,Active,2024-06-26,2025-06-26
LOAN002597,CUS003282,INS000003,Home,154152.22,6222.8,14.412,Active,2024-03-14,2026-03-14
LOAN002598,CUS006916,INS000003,Home,189903.54,44939.4,7.697,Active,2025-01-18,2029-01-18
LOAN002599,CUS003577,INS000002,Personal,497775.68,271290.77,8.217,Active,2025-09-02,2030-09-02
LOAN002600,CUS000955,INS000001,Personal,186557.14,68242.97,14.65,Active,2023-09-19,2028-09-19
LOAN002601,CUS004146,INS000003,Home,107906.83,56022.28,9.954,Active,2023-03-19,2025-03-19
LOAN002602,CUS003942,INS000005,Personal,91440.67,58589.4,8.909,Active,2024-10-12,2027-10-12
LOAN002603,CUS009993,INS000002,Auto,171860.26,136288.08,11.059,Closed,2022-02-06,2027-02-06
LOAN002604,CUS001112,INS000004,Personal,183407.44,17503.04,17.269,Active,2024-03-26,2027-03-26
LOAN002605,CUS009743,INS000002,Home,275660.12,254452.96,11.728,Active,2023-10-22,2025-10-22
LOAN002606,CUS003220,INS000003,Personal,114389.91,61431.68,13.558,Active,2026-07-16,2031-07-16
LOAN002607,CUS005707,INS000001,Home,97680.01,6757.57,14.52,Closed,2021-11-07,2025-11-07
LOAN002608,CUS007709,INS000004,Personal,86283.41,25313.26,13.029,Active,2023-04-07,2028-04-07
LOAN002609,CUS006456,INS000003,Auto,83967.8,12632.93,16.008,Active,2025-11-04,2029-11-04
LOAN002610,CUS000602,INS000004,Education,375861.07,117924.77,16.402,Active,2022-06-28,2024-06-28
LOAN002611,CUS002934,INS000005,Personal,50000.0,8631.94,14.08,Active,2024-02-12,2025-02-12
LOAN002612,CUS008800,INS000001,Personal,75550.22,14529.77,15.526,Active,2023-11-02,2028-11-02
LOAN002613,CUS003133,INS000005,Personal,50000.0,5220.1,14.901,Active,2024-09-27,2026-09-27
LOAN002614,CUS008079,INS000005,Personal,50000.0,12881.52,8.999,Active,2026-03-09,2031-03-09
LOAN002615,CUS000200,INS000004,Personal,96576.03,45531.44,12.767,Active,2021-10-10,2024-10-10
LOAN002616,CUS006793,INS000002,Personal,50000.0,2819.03,12.406,Active,2024-10-19,2025-10-19
LOAN002617,CUS003939,INS000003,Personal,145173.95,116970.95,9.034,Active,2024-10-23,2027-10-23
LOAN002618,CUS005538,INS000004,Personal,134651.44,37097.96,8.639,Defaulted,2022-01-27,2025-01-27
LOAN002619,CUS007741,INS000003,Personal,81973.27,28685.88,8.057,Active,2023-02-25,2024-02-25
LOAN002620,CUS009695,INS000004,Personal,419834.1,197935.36,8.224,Active,2023-07-11,2025-07-11
LOAN002621,CUS002972,INS000001,Personal,218374.82,133090.09,8.409,Active,2023-12-12,2026-12-12
LOAN002622,CUS007171,INS000001,Home,190257.32,145652.77,12.337,Active,2022-09-23,2026-09-23
LOAN002623,CUS006202,INS000004,Personal,294296.45,156166.61,9.593,Closed,2021-08-25,2023-08-25
LOAN002624,CUS001234,INS000002,Education,75923.59,48758.53,15.499,Active,2022-05-20,2023-05-20
LOAN002625,CUS006513,INS000002,Home,286489.55,157328.24,8.772,Active,2022-07-23,2024-07-23
LOAN002626,CUS000414,INS000004,Personal,173954.69,121053.41,12.474,Active,2023-10-24,2025-10-24
LOAN002627,CUS002464,INS000004,Personal,102220.18,46601.59,13.903,Closed,2023-01-16,2028-01-16
LOAN002628,CUS006672,INS000005,Personal,1135260.3,98893.66,9.02,Active,2025-07-31,2026-07-31
LOAN002629,CUS007585,INS000002,Auto,50000.0,31239.51,9.359,Closed,2023-03-25,2026-03-25
LOAN002630,CUS006823,INS000005,Personal,101485.51,26678.6,9.989,Active,2022-03-10,2026-03-10
LOAN002631,CUS003328,INS000005,Personal,426426.54,146302.89,12.67,Active,2021-12-11,2022-12-11
LOAN002632,CUS007680,INS000001,Home,61788.68,31103.52,10.26,Closed,2026-07-22,2030-07-22
LOAN002633,CUS008392,INS000002,Personal,101671.93,41309.81,17.829,Defaulted,2022-05-11,2027-05-11
LOAN002634,CUS000030,INS000004,Home,138712.73,88782.9,14.184,Active,2026-04-24,2031-04-24
LOAN002635,CUS009697,INS000001,Home,118553.36,53901.72,12.717,Closed,2023-07-05,2025-07-05
LOAN002636,CUS004140,INS000002,Personal,116129.41,5275.2,7.946,Active,2024-09-09,2028-09-09
LOAN002637,CUS007670,INS000002,Home,468269.68,231289.67,17.949,Active,2026-02-03,2027-02-03
LOAN002638,CUS009168,INS000001,Auto,164237.41,134265.7,12.826,Active,2025-06-21,2026-06-21
LOAN002639,CUS007061,INS000005,Education,130882.03,50183.82,14.581,Active,2021-11-24,2026-11-24
LOAN002640,CUS008181,INS000003,Personal,168519.91,106738.29,12.577,Active,2024-12-22,2025-12-22
LOAN002641,CUS003472,INS000004,Personal,166116.93,11447.36,16.768,Active,2023-06-02,2026-06-02
LOAN002642,CUS008271,INS000004,Auto,870658.53,456427.15,17.103,Active,2021-12-02,2022-12-02
LOAN002643,CUS006631,INS000001,Personal,188345.26,157983.16,13.197,Defaulted,2026-02-02,2027-02-02
LOAN002644,CUS009824,INS000001,Home,194511.41,178110.36,15.567,Closed,2022-12-17,2025-12-17
LOAN002645,CUS001439,INS000002,Personal,237035.84,43512.24,12.572,Active,2023-10-29,2024-10-29
LOAN002646,CUS000287,INS000004,Personal,60376.36,47119.16,11.983,Active,2021-11-24,2023-11-24
LOAN002647,CUS007993,INS000003,Home,61428.96,57567.63,10.981,Active,2023-06-01,2024-06-01
LOAN002648,CUS003741,INS000003,Personal,50000.0,14797.64,9.799,Active,2026-02-17,2031-02-17
LOAN002649,CUS006890,INS000003,Personal,663934.66,451973.16,13.876,Active,2022-04-27,2027-04-27
LOAN002650,CUS006807,INS000003,Home,126733.92,11008.97,12.614,Active,2026-06-14,2031-06-14
LOAN002651,CUS004340,INS000003,Auto,55102.61,15863.25,8.672,Closed,2026-05-07,2031-05-07
LOAN002652,CUS003857,INS000004,Education,150197.42,107126.19,12.237,Active,2023-12-24,2025-12-24
LOAN002653,CUS006379,INS000002,Education,186717.79,176850.45,12.012,Active,2023-08-01,2026-08-01
LOAN002654,CUS007847,INS000001,Personal,52905.64,24825.51,13.038,Closed,2024-08-13,2027-08-13
LOAN002655,CUS004221,INS000002,Personal,226850.86,84365.46,9.582,Defaulted,2024-08-25,2027-08-25
LOAN002656,CUS007217,INS000003,Personal,285217.04,154679.36,13.514,Active,2023-02-03,2024-02-03
LOAN002657,CUS004943,INS000001,Auto,483118.56,390964.77,8.018,Active,2025-05-12,2028-05-12
LOAN002658,CUS007945,INS000001,Auto,120454.86,36758.96,16.506,Closed,2023-04-07,2024-04-07
LOAN002659,CUS007250,INS000005,Auto,121981.44,9061.76,11.91,Active,2026-05-21,2027-05-21
LOAN002660,CUS005236,INS000001,Personal,106925.55,69157.32,14.077,Active,2023-01-11,2024-01-11
LOAN002661,CUS002235,INS000004,Home,99186.77,13377.18,9.438,Active,2024-09-13,2029-09-13
LOAN002662,CUS008550,INS000003,Education,216369.81,200312.57,13.093,Active,2024-12-12,2027-12-12
LOAN002663,CUS007421,INS000005,Personal,52095.37,42383.51,8.026,Active,2023-08-17,2028-08-17
LOAN002664,CUS002388,INS000003,Home,365350.96,39124.71,12.24,Closed,2022-10-18,2024-10-18
LOAN002665,CUS009465,INS000002,Personal,240687.86,104304.71,12.037,Defaulted,2021-08-27,2023-08-27
LOAN002666,CUS002766,INS000005,Personal,1165544.13,835311.76,16.148,Closed,2025-06-08,2030-06-08
LOAN002667,CUS005981,INS000001,Auto,68252.6,4111.59,17.987,Closed,2025-12-20,2027-12-20
LOAN002668,CUS008131,INS000001,Home,225344.48,169214.08,17.494,Active,2023-06-30,2026-06-30
LOAN002669,CUS007890,INS000005,Auto,69798.54,30875.17,12.189,Active,2022-12-23,2023-12-23
LOAN002670,CUS004053,INS000001,Home,298741.5,255201.93,12.449,Active,2025-02-08,2027-02-08
LOAN002671,CUS005055,INS000005,Personal,210787.62,77953.04,11.822,Closed,2024-06-23,2027-06-23
LOAN002672,CUS002710,INS000004,Personal,380659.78,120457.2,17.999,Active,2024-04-20,2025-04-20
LOAN002673,CUS002425,INS000005,Home,86527.76,12479.18,17.046,Active,2026-02-02,2029-02-02
LOAN002674,CUS000994,INS000002,Home,110362.49,72015.73,16.375,Active,2021-10-05,2023-10-05
LOAN002675,CUS008596,INS000002,Personal,133102.17,11621.18,16.956,Active,2025-06-21,2028-06-21
LOAN002676,CUS007789,INS000003,Personal,113547.32,67597.57,12.464,Active,2023-09-20,2027-09-20
LOAN002677,CUS001365,INS000005,Personal,50000.0,33419.68,8.844,Active,2022-04-21,2024-04-21
LOAN002678,CUS008905,INS000001,Auto,50000.0,24099.32,13.151,Active,2022-07-04,2027-07-04
LOAN002679,CUS006418,INS000005,Personal,127002.86,101686.35,16.313,Active,2025-03-13,2029-03-13
LOAN002680,CUS006554,INS000004,Auto,168949.43,160196.94,7.519,Closed,2026-04-07,2027-04-07
LOAN002681,CUS008106,INS000004,Education,789163.95,665602.08,9.735,Active,2022-09-22,2026-09-22
LOAN002682,CUS005087,INS000003,Personal,504545.7,365893.89,8.636,Active,2022-08-15,2023-08-15
LOAN002683,CUS008216,INS000004,Auto,236411.7,68611.35,11.358,Closed,2022-04-14,2026-04-14
LOAN002684,CUS001774,INS000005,Education,99507.95,42069.04,14.24,Active,2022-04-06,2024-04-06
LOAN002685,CUS007477,INS000005,Personal,167071.36,5105.07,12.811,Closed,2022-09-24,2023-09-24
LOAN002686,CUS002096,INS000003,Auto,190737.57,50718.72,11.059,Active,2025-05-03,2026-05-03
LOAN002687,CUS001108,INS000005,Personal,81228.57,68891.59,17.24,Defaulted,2026-07-28,2028-07-28
LOAN002688,CUS001482,INS000005,Personal,96703.82,54897.44,13.742,Active,2021-11-10,2023-11-10
LOAN002689,CUS002991,INS000005,Personal,158832.09,92163.5,11.731,Active,2023-02-19,2026-02-19
LOAN002690,CUS007465,INS000003,Education,72405.28,1180.53,9.309,Closed,2025-05-14,2029-05-14
LOAN002691,CUS002621,INS000001,Home,148735.91,50978.23,17.689,Active,2024-10-08,2028-10-08
LOAN002692,CUS003247,INS000002,Personal,125783.25,70397.32,7.743,Active,2024-02-21,2028-02-21
LOAN002693,CUS001531,INS000005,Auto,832955.67,677613.42,16.426,Active,2026-07-03,2029-07-03
LOAN002694,CUS007330,INS000001,Auto,271307.38,222102.1,14.862,Closed,2023-04-16,2026-04-16
LOAN002695,CUS001058,INS000004,Education,2764295.47,896676.76,16.696,Closed,2022-05-26,2026-05-26
LOAN002696,CUS000690,INS000003,Auto,50000.0,28239.75,14.558,Active,2021-11-25,2023-11-25
LOAN002697,CUS006832,INS000004,Personal,244500.07,5346.89,13.706,Closed,2024-07-06,2026-07-06
LOAN002698,CUS006152,INS000005,Home,160899.29,35027.51,15.185,Active,2023-12-10,2024-12-10
LOAN002699,CUS003327,INS000002,Auto,50000.0,45041.54,9.455,Active,2026-07-16,2029-07-16
LOAN002700,CUS000169,INS000001,Home,116358.28,82952.76,11.484,Closed,2023-09-02,2027-09-02
LOAN002701,CUS009093,INS000003,Auto,179943.17,25440.11,16.188,Closed,2022-12-27,2026-12-27
LOAN002702,CUS005062,INS000003,Auto,142676.05,98796.33,9.637,Defaulted,2025-01-18,2030-01-18
LOAN002703,CUS007025,INS000002,Education,389299.12,74631.19,15.416,Defaulted,2025-04-14,2030-04-14
LOAN002704,CUS006028,INS000001,Personal,125386.14,12028.91,17.849,Closed,2025-12-05,2026-12-05
LOAN002705,CUS009790,INS000005,Home,1608708.07,124747.34,11.906,Active,2025-11-03,2028-11-03
LOAN002706,CUS005648,INS000001,Personal,139049.84,74377.41,9.42,Active,2021-11-07,2026-11-07
LOAN002707,CUS005292,INS000004,Education,50000.0,19951.69,10.931,Active,2023-10-15,2024-10-15
LOAN002708,CUS000576,INS000005,Auto,109502.49,59895.14,8.133,Defaulted,2026-07-13,2027-07-13
LOAN002709,CUS002884,INS000001,Personal,248946.64,23704.48,9.548,Active,2025-04-02,2030-04-02
LOAN002710,CUS006584,INS000002,Education,59544.94,41206.97,7.811,Active,2023-05-09,2024-05-09
LOAN002711,CUS004785,INS000001,Home,86543.87,67010.11,10.931,Closed,2021-08-27,2022-08-27
LOAN002712,CUS008810,INS000003,Home,840750.98,161833.62,7.539,Active,2023-06-15,2027-06-15
LOAN002713,CUS005487,INS000003,Personal,93264.99,21130.59,10.739,Active,2026-06-21,2029-06-21
LOAN002714,CUS002813,INS000003,Personal,876055.06,363411.59,16.232,Active,2024-05-16,2026-05-16
LOAN002715,CUS003443,INS000003,Education,217487.77,68326.79,12.081,Active,2023-07-04,2024-07-04
LOAN002716,CUS005408,INS000002,Personal,69868.22,40919.02,15.742,Active,2025-07-18,2028-07-18
LOAN002717,CUS003652,INS000005,Auto,50368.5,8831.26,13.675,Active,2021-10-11,2026-10-11
LOAN002718,CUS008296,INS000005,Personal,269162.15,190332.96,12.879,Active,2024-04-27,2026-04-27
LOAN002719,CUS002032,INS000003,Home,196799.43,145001.51,10.825,Active,2021-08-16,2026-08-16
LOAN002720,CUS000205,INS000004,Home,62733.65,44485.29,17.752,Closed,2024-01-30,2029-01-30
LOAN002721,CUS002777,INS000003,Auto,432988.46,83582.43,9.976,Active,2025-05-30,2028-05-30
LOAN002722,CUS002111,INS000002,Personal,116766.7,29568.61,9.257,Active,2025-06-29,2029-06-29
LOAN002723,CUS001312,INS000005,Personal,102930.36,48370.78,10.791,Active,2023-09-02,2024-09-02
LOAN002724,CUS008911,INS000002,Auto,79300.48,41780.68,13.907,Closed,2025-06-14,2027-06-14
LOAN002725,CUS001709,INS000002,Home,178257.51,50044.01,9.875,Active,2026-06-15,2029-06-15
LOAN002726,CUS005494,INS000004,Home,183388.01,55975.18,12.827,Active,2024-07-23,2029-07-23
LOAN002727,CUS002663,INS000003,Personal,508476.08,262395.66,8.924,Active,2025-11-27,2028-11-27
LOAN002728,CUS008356,INS000003,Personal,390768.14,141543.75,16.407,Closed,2022-11-10,2027-11-10
LOAN002729,CUS008513,INS000001,Auto,51384.56,17099.73,16.178,Closed,2021-11-26,2026-11-26
LOAN002730,CUS009633,INS000001,Auto,65686.66,23136.87,16.233,Active,2022-06-01,2027-06-01
LOAN002731,CUS008799,INS000003,Auto,237644.89,188997.47,11.829,Active,2025-08-06,2029-08-06
LOAN002732,CUS006966,INS000001,Auto,50000.0,24424.09,13.396,Active,2023-08-23,2026-08-23
LOAN002733,CUS002888,INS000001,Home,331098.12,186218.55,14.226,Active,2026-06-12,2028-06-12
LOAN002734,CUS003993,INS000001,Auto,126897.08,6492.65,14.534,Active,2026-01-14,2030-01-14
LOAN002735,CUS006276,INS000002,Personal,408662.05,42912.8,9.555,Active,2024-04-28,2029-04-28
LOAN002736,CUS001426,INS000002,Home,576534.05,194490.3,7.651,Closed,2026-04-09,2031-04-09
LOAN002737,CUS000073,INS000005,Personal,151924.66,62183.6,14.083,Defaulted,2022-01-27,2024-01-27
LOAN002738,CUS006117,INS000003,Auto,886527.82,801847.94,16.38,Active,2023-07-03,2026-07-03
LOAN002739,CUS008043,INS000004,Education,66208.25,36208.88,12.023,Active,2025-04-18,2027-04-18
LOAN002740,CUS007336,INS000003,Auto,191225.18,2891.05,14.033,Active,2026-07-22,2028-07-22
LOAN002741,CUS006139,INS000005,Personal,276964.59,193329.91,12.595,Active,2024-04-15,2028-04-15
LOAN002742,CUS002672,INS000003,Personal,113699.92,73037.87,16.317,Active,2023-11-27,2026-11-27
LOAN002743,CUS003722,INS000002,Personal,55964.84,17139.37,12.834,Active,2021-09-29,2026-09-29
LOAN002744,CUS007558,INS000005,Auto,545472.68,288397.59,10.231,Active,2022-01-08,2025-01-08
LOAN002745,CUS007120,INS000004,Education,52998.07,19856.83,12.075,Active,2022-03-05,2023-03-05
LOAN002746,CUS005618,INS000005,Personal,196042.86,185242.23,14.946,Active,2023-04-30,2026-04-30
LOAN002747,CUS000369,INS000004,Education,117100.76,25060.18,7.791,Defaulted,2022-12-30,2025-12-30
LOAN002748,CUS007003,INS000005,Home,69855.97,17133.86,14.879,Active,2023-03-09,2027-03-09
LOAN002749,CUS006402,INS000001,Auto,227634.68,119479.31,9.136,Active,2024-02-27,2026-02-27
LOAN002750,CUS003505,INS000003,Personal,358354.2,262800.63,12.131,Active,2024-03-15,2028-03-15
LOAN002751,CUS000554,INS000005,Personal,491307.08,253750.32,15.373,Active,2022-07-19,2026-07-19
LOAN002752,CUS001449,INS000001,Education,213935.2,157218.64,13.995,Active,2025-11-22,2028-11-22
LOAN002753,CUS003370,INS000005,Personal,914328.32,410963.03,10.129,Active,2022-11-09,2026-11-09
LOAN002754,CUS005140,INS000002,Personal,515143.67,230142.64,13.412,Active,2024-04-05,2029-04-05
LOAN002755,CUS008820,INS000005,Auto,272392.63,110675.81,11.933,Active,2025-03-17,2027-03-17
LOAN002756,CUS001328,INS000004,Personal,137574.42,64514.22,15.813,Active,2022-10-18,2026-10-18
LOAN002757,CUS004473,INS000005,Personal,506290.72,40380.46,10.599,Closed,2025-02-03,2026-02-03
LOAN002758,CUS000651,INS000002,Auto,860154.64,817014.71,8.507,Active,2022-01-10,2027-01-10
LOAN002759,CUS001537,INS000005,Home,52849.27,48765.84,11.109,Active,2024-08-28,2029-08-28
LOAN002760,CUS005701,INS000002,Personal,243922.14,184548.81,17.41,Active,2023-06-12,2025-06-12
LOAN002761,CUS002451,INS000004,Personal,76285.89,38160.86,16.471,Closed,2024-05-18,2025-05-18
LOAN002762,CUS000706,INS000004,Education,244612.85,109868.79,16.736,Active,2022-03-08,2023-03-08
LOAN002763,CUS008051,INS000002,Personal,131930.63,110206.91,11.314,Active,2022-01-22,2025-01-22
LOAN002764,CUS001489,INS000005,Personal,76093.84,44859.64,17.364,Active,2023-05-15,2026-05-15
LOAN002765,CUS005194,INS000001,Education,432417.36,399628.15,7.817,Active,2024-05-21,2028-05-21
LOAN002766,CUS008742,INS000003,Personal,154620.16,59299.81,14.005,Defaulted,2025-02-24,2027-02-24
LOAN002767,CUS000481,INS000001,Education,316285.83,182281.71,16.162,Active,2024-09-30,2025-09-30
LOAN002768,CUS005663,INS000005,Personal,256523.88,166296.65,16.072,Active,2024-10-08,2027-10-08
LOAN002769,CUS005022,INS000002,Personal,50000.0,39120.21,14.823,Active,2023-11-23,2027-11-23
LOAN002770,CUS008794,INS000003,Home,404010.64,159745.82,13.02,Closed,2022-06-23,2024-06-23
LOAN002771,CUS009177,INS000004,Personal,160483.75,63186.84,11.654,Active,2024-08-29,2026-08-29
LOAN002772,CUS007792,INS000005,Home,261746.43,117870.82,11.848,Active,2023-04-30,2028-04-30
LOAN002773,CUS008855,INS000005,Home,268457.88,245390.09,8.665,Closed,2022-06-17,2024-06-17
LOAN002774,CUS005483,INS000003,Home,371348.4,320819.95,11.606,Active,2024-10-13,2026-10-13
LOAN002775,CUS003717,INS000004,Education,121367.82,108672.3,9.519,Defaulted,2021-08-13,2025-08-13
LOAN002776,CUS001631,INS000002,Auto,414664.39,131409.04,8.106,Active,2024-09-02,2029-09-02
LOAN002777,CUS005333,INS000003,Personal,50000.0,32994.07,17.587,Closed,2022-07-31,2025-07-31
LOAN002778,CUS008861,INS000002,Education,189354.54,150614.12,17.787,Active,2023-10-08,2028-10-08
LOAN002779,CUS002737,INS000003,Personal,50000.0,10568.63,13.505,Active,2023-09-19,2028-09-19
LOAN002780,CUS005279,INS000001,Personal,51900.51,12464.44,11.768,Active,2025-10-06,2030-10-06
LOAN002781,CUS005189,INS000001,Auto,430470.08,165367.72,17.752,Active,2024-04-26,2027-04-26
LOAN002782,CUS001364,INS000003,Home,504702.64,424193.1,16.949,Closed,2025-02-20,2029-02-20
LOAN002783,CUS000806,INS000002,Personal,50000.0,7665.34,14.959,Closed,2025-11-10,2027-11-10
LOAN002784,CUS006259,INS000004,Personal,125417.16,117962.58,9.149,Active,2026-04-19,2031-04-19
LOAN002785,CUS004950,INS000002,Personal,168745.06,1803.11,16.223,Active,2026-05-06,2027-05-06
LOAN002786,CUS007882,INS000001,Home,179163.2,39274.81,12.789,Active,2023-07-09,2028-07-09
LOAN002787,CUS007495,INS000004,Personal,50000.0,13777.79,7.598,Closed,2024-04-17,2026-04-17
LOAN002788,CUS008936,INS000004,Home,233596.45,200562.89,12.435,Closed,2024-02-06,2025-02-06
LOAN002789,CUS007673,INS000005,Personal,1058042.32,276203.98,13.316,Active,2023-10-16,2027-10-16
LOAN002790,CUS002895,INS000005,Auto,83418.67,72122.02,13.493,Active,2024-11-27,2026-11-27
LOAN002791,CUS000546,INS000005,Personal,127099.18,27914.04,17.874,Active,2021-09-24,2023-09-24
LOAN002792,CUS005042,INS000001,Personal,202239.6,174790.45,10.187,Active,2023-03-09,2027-03-09
LOAN002793,CUS000867,INS000004,Auto,58556.08,2153.1,12.427,Closed,2024-11-29,2026-11-29
LOAN002794,CUS008419,INS000004,Auto,50635.99,22049.96,14.356,Defaulted,2021-08-13,2022-08-13
LOAN002795,CUS007268,INS000001,Personal,126527.28,86350.5,13.564,Active,2023-03-17,2024-03-17
LOAN002796,CUS006923,INS000005,Personal,290419.02,260709.87,10.63,Active,2022-02-04,2025-02-04
LOAN002797,CUS004190,INS000005,Auto,193533.07,26283.54,15.279,Active,2023-11-13,2028-11-13
LOAN002798,CUS002416,INS000005,Auto,265772.03,167558.22,15.188,Active,2024-01-12,2028-01-12
LOAN002799,CUS001810,INS000001,Personal,107142.78,27958.88,10.304,Active,2024-07-05,2027-07-05
LOAN002800,CUS002141,INS000003,Personal,198071.23,164358.89,9.055,Active,2021-09-17,2026-09-17
LOAN002801,CUS005328,INS000003,Personal,50000.0,40877.91,12.539,Active,2026-07-23,2030-07-23
LOAN002802,CUS009983,INS000001,Home,84459.15,10263.71,11.285,Defaulted,2022-10-19,2027-10-19
LOAN002803,CUS002871,INS000003,Home,64523.23,16337.14,15.817,Active,2026-04-27,2031-04-27
LOAN002804,CUS008733,INS000003,Education,171249.26,38450.8,15.23,Active,2023-10-02,2028-10-02
LOAN002805,CUS004970,INS000003,Personal,237523.31,163259.77,13.137,Active,2026-02-16,2027-02-16
LOAN002806,CUS005372,INS000003,Home,307013.73,14688.67,11.493,Closed,2025-04-30,2026-04-30
LOAN002807,CUS009965,INS000003,Personal,227192.57,110807.53,12.63,Active,2024-11-11,2029-11-11
LOAN002808,CUS002684,INS000002,Home,247728.9,214257.44,12.056,Active,2023-03-10,2025-03-10
LOAN002809,CUS009521,INS000002,Auto,218408.24,34872.73,11.226,Active,2023-03-05,2027-03-05
LOAN002810,CUS009281,INS000003,Personal,318538.37,211071.48,10.744,Active,2022-06-18,2027-06-18
LOAN002811,CUS006542,INS000005,Home,177331.86,70639.13,8.722,Active,2024-11-02,2027-11-02
LOAN002812,CUS007324,INS000002,Auto,121585.69,54488.45,16.94,Active,2024-07-20,2025-07-20
LOAN002813,CUS007936,INS000003,Personal,112538.96,28685.01,7.679,Closed,2023-02-27,2026-02-27
LOAN002814,CUS004431,INS000003,Personal,278919.16,92158.38,17.854,Active,2023-12-06,2025-12-06
LOAN002815,CUS006436,INS000004,Personal,158346.78,98235.92,9.117,Active,2025-05-17,2030-05-17
LOAN002816,CUS002299,INS000005,Home,169200.68,50089.3,14.818,Active,2023-10-19,2025-10-19
LOAN002817,CUS000071,INS000001,Home,114733.27,26156.8,13.067,Active,2023-12-11,2026-12-11
LOAN002818,CUS006447,INS000003,Auto,65854.19,7975.86,17.394,Active,2024-12-28,2028-12-28
LOAN002819,CUS003708,INS000005,Home,145719.2,133844.13,13.705,Active,2023-01-16,2026-01-16
LOAN002820,CUS001855,INS000001,Home,214978.33,188613.79,9.308,Active,2024-09-02,2027-09-02
LOAN002821,CUS006693,INS000003,Education,250748.4,50560.19,13.793,Closed,2026-07-12,2030-07-12
LOAN002822,CUS004192,INS000004,Personal,171758.98,35614.8,9.794,Active,2024-12-13,2025-12-13
LOAN002823,CUS002015,INS000005,Home,76283.17,50827.1,12.599,Active,2026-01-20,2028-01-20
LOAN002824,CUS005219,INS000005,Home,62396.02,16998.21,15.706,Active,2022-12-26,2023-12-26
LOAN002825,CUS002515,INS000004,Personal,53292.12,22825.15,8.174,Active,2024-01-05,2028-01-05
LOAN002826,CUS008700,INS000005,Education,50000.0,43045.25,12.521,Active,2022-11-24,2024-11-24
LOAN002827,CUS004048,INS000004,Auto,136661.95,100397.71,7.59,Active,2022-04-22,2025-04-22
LOAN002828,CUS000298,INS000003,Personal,122961.34,54730.79,17.306,Closed,2026-04-29,2031-04-29
LOAN002829,CUS004076,INS000002,Personal,174826.08,148401.19,12.618,Defaulted,2021-10-27,2022-10-27
LOAN002830,CUS002336,INS000002,Auto,400516.65,150003.12,17.001,Closed,2025-03-03,2029-03-03
LOAN002831,CUS004624,INS000003,Personal,105799.91,58606.7,7.832,Active,2023-10-10,2027-10-10
LOAN002832,CUS009092,INS000005,Auto,50000.0,38008.82,11.808,Closed,2022-12-01,2026-12-01
LOAN002833,CUS003697,INS000005,Home,50000.0,8242.34,14.351,Active,2022-05-31,2027-05-31
LOAN002834,CUS003729,INS000002,Education,103847.27,26362.68,10.056,Active,2024-10-05,2027-10-05
LOAN002835,CUS009766,INS000001,Home,215676.68,4629.78,10.065,Closed,2021-12-15,2026-12-15
LOAN002836,CUS006313,INS000005,Home,138559.57,28582.53,17.421,Closed,2024-03-04,2027-03-04
LOAN002837,CUS004111,INS000005,Auto,387756.04,101552.76,13.924,Active,2026-07-19,2029-07-19
LOAN002838,CUS005318,INS000004,Home,533050.13,289739.25,11.853,Active,2021-12-29,2024-12-29
LOAN002839,CUS007860,INS000004,Personal,50000.0,6492.22,14.335,Active,2021-11-20,2023-11-20
LOAN002840,CUS008210,INS000004,Auto,257279.52,190434.57,10.737,Active,2025-04-05,2029-04-05
LOAN002841,CUS009091,INS000003,Personal,238237.77,191455.7,17.775,Active,2022-04-26,2024-04-26
LOAN002842,CUS004672,INS000004,Auto,159300.84,16303.41,11.47,Active,2026-06-12,2027-06-12
LOAN002843,CUS007192,INS000002,Home,175050.65,9117.72,9.31,Active,2022-05-22,2023-05-22
LOAN002844,CUS005376,INS000002,Home,78072.64,64390.02,13.001,Active,2025-05-29,2029-05-29
LOAN002845,CUS009721,INS000004,Personal,293366.54,48722.89,16.723,Closed,2024-12-20,2026-12-20
LOAN002846,CUS006626,INS000001,Home,95071.63,39185.32,11.084,Closed,2023-01-29,2028-01-29
LOAN002847,CUS003608,INS000001,Personal,120285.02,72917.27,15.117,Active,2023-06-16,2028-06-16
LOAN002848,CUS002762,INS000001,Home,495735.6,353842.45,8.87,Active,2024-12-07,2025-12-07
LOAN002849,CUS008071,INS000005,Personal,374057.81,51164.31,12.213,Active,2025-12-13,2030-12-13
LOAN002850,CUS009123,INS000002,Education,50547.37,14786.81,8.811,Active,2021-11-04,2025-11-04
LOAN002851,CUS007221,INS000004,Personal,53780.34,5963.58,10.53,Active,2023-04-17,2024-04-17
LOAN002852,CUS006758,INS000003,Personal,192770.63,164802.13,13.948,Active,2025-09-12,2028-09-12
LOAN002853,CUS001755,INS000003,Home,135020.1,72214.08,9.626,Active,2022-04-05,2024-04-05
LOAN002854,CUS008864,INS000001,Home,813233.34,643471.91,12.426,Active,2022-05-29,2024-05-29
LOAN002855,CUS002018,INS000003,Education,92058.09,47369.34,14.971,Active,2021-12-08,2023-12-08
LOAN002856,CUS007439,INS000002,Personal,98218.49,53151.74,8.797,Closed,2025-11-14,2027-11-14
LOAN002857,CUS006037,INS000002,Personal,657725.62,136707.55,8.169,Active,2022-06-06,2025-06-06
LOAN002858,CUS008011,INS000003,Personal,50000.0,20088.93,11.812,Active,2025-06-08,2029-06-08
LOAN002859,CUS000448,INS000001,Personal,222458.65,93886.06,10.829,Closed,2023-07-05,2025-07-05
LOAN002860,CUS007089,INS000003,Auto,562599.93,472711.19,16.514,Active,2022-06-01,2023-06-01
LOAN002861,CUS009912,INS000002,Auto,127691.95,26145.11,16.862,Active,2022-11-01,2025-11-01
LOAN002862,CUS004318,INS000005,Auto,50000.0,2277.43,8.161,Active,2023-11-15,2024-11-15
LOAN002863,CUS009002,INS000002,Home,133756.88,83991.26,10.425,Active,2022-12-04,2026-12-04
LOAN002864,CUS009340,INS000003,Home,864512.42,82203.43,10.57,Active,2021-08-13,2022-08-13
LOAN002865,CUS005519,INS000001,Auto,91748.75,19281.39,14.093,Active,2022-08-18,2023-08-18
LOAN002866,CUS005202,INS000003,Auto,158352.5,49890.54,8.862,Active,2025-01-05,2030-01-05
LOAN002867,CUS008315,INS000002,Personal,114066.78,45200.74,13.455,Active,2023-10-11,2024-10-11
LOAN002868,CUS005969,INS000005,Auto,83753.71,17465.5,9.861,Active,2025-04-13,2026-04-13
LOAN002869,CUS001182,INS000004,Personal,50000.0,2995.57,10.258,Active,2025-10-11,2030-10-11
LOAN002870,CUS003760,INS000005,Personal,440560.51,37726.4,16.157,Active,2026-02-23,2029-02-23
LOAN002871,CUS005666,INS000001,Personal,1249569.94,1080466.19,11.185,Active,2026-05-23,2028-05-23
LOAN002872,CUS002123,INS000003,Personal,365190.97,13844.7,14.064,Closed,2022-09-26,2024-09-26
LOAN002873,CUS000589,INS000004,Home,136344.06,16141.02,17.885,Active,2025-07-07,2028-07-07
LOAN002874,CUS005482,INS000003,Personal,116459.24,43278.43,17.194,Active,2025-09-08,2026-09-08
LOAN002875,CUS007359,INS000003,Education,302148.01,9709.17,12.252,Active,2022-03-29,2025-03-29
LOAN002876,CUS003561,INS000001,Personal,174789.91,63021.81,10.29,Active,2026-08-04,2029-08-04
LOAN002877,CUS004308,INS000005,Home,169253.33,153643.7,9.886,Active,2024-07-26,2026-07-26
LOAN002878,CUS003930,INS000004,Personal,104097.05,48491.78,14.199,Active,2026-07-30,2029-07-30
LOAN002879,CUS009625,INS000003,Personal,98087.95,52199.87,11.891,Active,2024-05-19,2027-05-19
LOAN002880,CUS006811,INS000002,Home,544016.62,76926.23,12.58,Active,2023-04-03,2028-04-03
LOAN002881,CUS002016,INS000001,Personal,359469.6,110909.23,15.751,Active,2023-04-20,2024-04-20
LOAN002882,CUS002344,INS000003,Personal,50000.0,45283.19,15.902,Active,2023-06-02,2025-06-02
LOAN002883,CUS008377,INS000001,Auto,136828.67,86547.89,14.396,Closed,2024-11-03,2025-11-03
LOAN002884,CUS001570,INS000003,Auto,86030.84,49509.76,12.006,Active,2026-03-19,2028-03-19
LOAN002885,CUS003924,INS000001,Personal,444874.41,262690.61,13.384,Active,2024-10-03,2028-10-03
LOAN002886,CUS009905,INS000002,Home,183261.53,150579.12,13.035,Active,2024-02-02,2027-02-02
LOAN002887,CUS004055,INS000005,Auto,184756.85,64198.21,15.628,Active,2023-09-13,2026-09-13
LOAN002888,CUS008441,INS000004,Education,92517.84,60723.23,8.967,Active,2023-11-17,2026-11-17
LOAN002889,CUS001152,INS000002,Home,173580.71,9022.69,11.381,Active,2023-11-07,2028-11-07
LOAN002890,CUS006164,INS000003,Auto,469495.14,312248.9,15.652,Closed,2024-02-15,2025-02-15
LOAN002891,CUS005545,INS000004,Personal,51295.94,15375.55,13.34,Active,2024-02-24,2028-02-24
LOAN002892,CUS009925,INS000004,Home,309182.96,87629.79,8.992,Closed,2025-03-27,2030-03-27
LOAN002893,CUS009248,INS000005,Personal,311993.52,287543.18,8.17,Active,2021-11-09,2024-11-09
LOAN002894,CUS005072,INS000002,Home,153254.37,48776.37,14.618,Active,2026-02-05,2030-02-05
LOAN002895,CUS009716,INS000003,Home,57270.23,12722.84,9.073,Closed,2022-11-06,2023-11-06
LOAN002896,CUS001220,INS000001,Education,119087.73,83918.72,15.646,Active,2023-05-12,2027-05-12
LOAN002897,CUS000185,INS000002,Auto,297609.75,60491.18,13.427,Closed,2026-05-14,2029-05-14
LOAN002898,CUS003508,INS000002,Education,60426.66,16557.67,8.514,Active,2022-03-22,2027-03-22
LOAN002899,CUS001485,INS000001,Home,77844.54,29524.68,15.626,Active,2021-09-05,2025-09-05
LOAN002900,CUS008477,INS000004,Home,328457.27,148336.8,9.604,Active,2021-08-26,2022-08-26
LOAN002901,CUS003572,INS000004,Personal,50000.0,37615.95,10.38,Active,2022-02-13,2025-02-13
LOAN002902,CUS003477,INS000002,Home,244438.64,121261.65,17.329,Active,2026-04-02,2031-04-02
LOAN002903,CUS003955,INS000001,Auto,306311.7,234880.08,8.788,Closed,2023-05-06,2027-05-06
LOAN002904,CUS000171,INS000001,Personal,661618.6,571831.81,11.964,Active,2022-04-11,2023-04-11
LOAN002905,CUS005650,INS000001,Home,243556.18,214161.3,11.762,Active,2021-12-05,2025-12-05
LOAN002906,CUS005988,INS000004,Auto,87252.74,31368.19,12.521,Active,2023-05-03,2026-05-03
LOAN002907,CUS008348,INS000003,Home,68146.11,28098.2,9.727,Closed,2023-03-21,2026-03-21
LOAN002908,CUS004906,INS000003,Home,104251.29,53133.76,10.062,Active,2023-02-09,2024-02-09
LOAN002909,CUS006473,INS000003,Education,84723.57,61001.82,17.074,Active,2025-04-17,2030-04-17
LOAN002910,CUS007337,INS000002,Personal,121652.6,50659.42,11.244,Active,2023-01-05,2024-01-05
LOAN002911,CUS006147,INS000005,Education,200593.11,138048.41,12.313,Closed,2025-09-11,2029-09-11
LOAN002912,CUS006798,INS000002,Personal,238679.03,72922.2,7.653,Active,2022-09-13,2023-09-13
LOAN002913,CUS003628,INS000003,Home,359606.95,84975.22,9.4,Active,2024-05-30,2029-05-30
LOAN002914,CUS000967,INS000001,Home,110271.48,77079.75,16.389,Active,2026-02-06,2029-02-06
LOAN002915,CUS003006,INS000004,Home,401953.91,13995.56,16.963,Closed,2024-05-02,2028-05-02
LOAN002916,CUS008972,INS000001,Personal,111412.39,11776.95,17.202,Active,2024-09-03,2028-09-03
LOAN002917,CUS007127,INS000004,Education,330882.92,4880.1,14.276,Active,2025-03-15,2029-03-15
LOAN002918,CUS005945,INS000005,Personal,108053.12,50265.01,15.159,Closed,2023-10-12,2028-10-12
LOAN002919,CUS002521,INS000004,Education,328426.58,308929.88,9.226,Active,2025-04-20,2027-04-20
LOAN002920,CUS001194,INS000002,Personal,278361.99,18318.25,15.465,Active,2022-12-17,2026-12-17
LOAN002921,CUS005101,INS000003,Auto,95773.95,90573.75,17.362,Closed,2024-03-26,2029-03-26
LOAN002922,CUS006167,INS000002,Personal,126413.3,665.43,9.433,Active,2025-10-08,2027-10-08
LOAN002923,CUS009011,INS000005,Personal,128753.82,63480.31,9.769,Active,2023-12-20,2025-12-20
LOAN002924,CUS009724,INS000002,Personal,185999.12,56468.83,17.288,Active,2025-10-22,2026-10-22
LOAN002925,CUS007757,INS000005,Personal,684079.48,610511.77,8.123,Active,2023-05-27,2028-05-27
LOAN002926,CUS008287,INS000003,Home,245698.35,95866.07,12.139,Closed,2023-04-30,2024-04-30
LOAN002927,CUS001341,INS000001,Auto,548933.41,473017.51,12.353,Active,2022-12-29,2024-12-29
LOAN002928,CUS005486,INS000005,Personal,50000.0,47390.33,10.805,Active,2025-11-12,2027-11-12
LOAN002929,CUS004653,INS000003,Auto,69768.6,39496.56,10.474,Closed,2023-11-14,2028-11-14
LOAN002930,CUS007561,INS000001,Education,537172.73,448841.87,15.084,Active,2022-07-10,2024-07-10
LOAN002931,CUS005407,INS000002,Auto,286800.6,38117.35,16.675,Closed,2024-09-15,2028-09-15
LOAN002932,CUS001022,INS000001,Personal,146075.81,118303.42,10.315,Active,2026-07-23,2030-07-23
LOAN002933,CUS006405,INS000003,Personal,323979.87,197136.47,13.529,Active,2023-07-17,2028-07-17
LOAN002934,CUS001887,INS000001,Education,239772.89,37768.95,9.192,Active,2024-08-20,2029-08-20
LOAN002935,CUS001475,INS000002,Auto,176805.89,138332.42,7.813,Active,2023-02-15,2028-02-15
LOAN002936,CUS006553,INS000001,Education,209071.4,194949.96,8.085,Active,2023-06-26,2025-06-26
LOAN002937,CUS007820,INS000004,Auto,161448.32,78559.23,12.835,Active,2025-06-10,2028-06-10
LOAN002938,CUS000109,INS000003,Personal,64040.05,16775.04,11.1,Closed,2024-10-31,2027-10-31
LOAN002939,CUS004789,INS000004,Education,300712.87,37134.71,16.531,Closed,2025-06-06,2030-06-06
LOAN002940,CUS007260,INS000002,Personal,717296.01,33422.84,11.536,Closed,2025-11-21,2030-11-21
LOAN002941,CUS004249,INS000005,Personal,80010.23,51353.39,13.757,Active,2022-03-06,2024-03-06
LOAN002942,CUS007092,INS000002,Auto,386867.61,180690.79,9.231,Active,2023-03-16,2027-03-16
LOAN002943,CUS001070,INS000001,Home,183401.14,92874.07,10.851,Active,2026-02-26,2027-02-26
LOAN002944,CUS006721,INS000003,Home,109643.59,30942.87,11.647,Defaulted,2024-09-14,2025-09-14
LOAN002945,CUS001708,INS000004,Personal,240272.49,37797.77,13.523,Active,2023-09-30,2025-09-30
LOAN002946,CUS006973,INS000005,Personal,78194.51,46126.36,12.483,Closed,2026-05-17,2030-05-17
LOAN002947,CUS005885,INS000005,Home,276400.87,197703.28,10.028,Active,2024-06-24,2029-06-24
LOAN002948,CUS005916,INS000003,Auto,136094.83,92700.89,8.458,Closed,2026-05-31,2029-05-31
LOAN002949,CUS004531,INS000002,Education,1184251.89,1065735.72,14.209,Closed,2026-02-02,2031-02-02
LOAN002950,CUS004163,INS000003,Education,148201.07,15554.53,16.645,Active,2021-09-20,2026-09-20
LOAN002951,CUS008904,INS000004,Auto,82938.99,36950.43,10.189,Active,2021-12-20,2024-12-20
LOAN002952,CUS001781,INS000004,Personal,167782.39,151126.67,7.754,Active,2022-08-03,2024-08-03
LOAN002953,CUS005258,INS000003,Personal,104009.09,40205.05,12.525,Active,2025-05-28,2028-05-28
LOAN002954,CUS000596,INS000005,Personal,50000.0,6043.69,10.053,Active,2025-07-18,2028-07-18
LOAN002955,CUS001097,INS000004,Home,113259.29,30614.32,13.1,Closed,2024-03-09,2027-03-09
LOAN002956,CUS007402,INS000002,Personal,159895.6,26900.0,9.706,Active,2021-10-12,2025-10-12
LOAN002957,CUS000292,INS000001,Home,146158.84,67507.27,14.325,Active,2023-11-05,2026-11-05
LOAN002958,CUS001879,INS000002,Auto,219132.62,102909.34,17.736,Active,2024-10-30,2026-10-30
LOAN002959,CUS009534,INS000001,Personal,364594.22,157310.49,14.395,Closed,2022-05-31,2025-05-31
LOAN002960,CUS005164,INS000005,Home,340015.54,147057.58,10.73,Active,2024-02-06,2029-02-06
LOAN002961,CUS001701,INS000004,Auto,124238.02,59878.89,16.755,Active,2025-04-30,2026-04-30
LOAN002962,CUS007595,INS000002,Education,271939.94,175507.22,16.328,Active,2023-03-11,2026-03-11
LOAN002963,CUS000627,INS000004,Auto,109377.38,47707.44,11.944,Closed,2026-05-31,2029-05-31
LOAN002964,CUS004162,INS000001,Home,106837.34,33137.7,16.471,Active,2023-06-04,2025-06-04
LOAN002965,CUS002171,INS000002,Auto,161878.09,50372.33,13.518,Active,2025-08-03,2030-08-03
LOAN002966,CUS009991,INS000003,Personal,189438.61,75711.93,13.717,Active,2025-09-07,2027-09-07
LOAN002967,CUS002431,INS000001,Personal,161791.45,93178.56,12.13,Active,2023-02-01,2027-02-01
LOAN002968,CUS006451,INS000001,Auto,235209.55,119173.17,16.477,Active,2024-04-08,2029-04-08
LOAN002969,CUS001578,INS000004,Home,247784.31,2929.88,13.775,Active,2024-02-27,2028-02-27
LOAN002970,CUS001548,INS000004,Auto,67739.57,63168.47,8.312,Closed,2023-03-06,2025-03-06
LOAN002971,CUS005550,INS000005,Personal,111071.84,40926.15,12.696,Active,2022-10-05,2023-10-05
LOAN002972,CUS002726,INS000002,Education,164249.34,28726.67,12.213,Active,2024-11-15,2028-11-15
LOAN002973,CUS002493,INS000003,Education,183904.6,142788.86,15.573,Active,2025-02-23,2030-02-23
LOAN002974,CUS001436,INS000005,Auto,176818.67,148916.27,17.835,Closed,2026-06-27,2030-06-27
LOAN002975,CUS001671,INS000003,Personal,517905.47,346351.86,11.847,Active,2023-01-27,2027-01-27
LOAN002976,CUS008860,INS000001,Personal,50000.0,33.77,13.817,Active,2023-01-28,2028-01-28
LOAN002977,CUS007469,INS000003,Auto,163023.84,31915.93,15.735,Active,2026-02-14,2030-02-14
LOAN002978,CUS004116,INS000003,Personal,444252.61,325160.1,16.086,Active,2025-06-28,2029-06-28
LOAN002979,CUS000229,INS000003,Home,161225.3,59339.75,12.787,Active,2022-09-24,2025-09-24
LOAN002980,CUS005268,INS000005,Personal,651256.71,201782.02,13.14,Active,2025-03-27,2029-03-27
LOAN002981,CUS002009,INS000002,Home,264468.39,143199.62,10.013,Active,2023-08-05,2028-08-05
LOAN002982,CUS004205,INS000003,Home,154574.5,26421.35,17.875,Active,2025-12-31,2027-12-31
LOAN002983,CUS001412,INS000003,Personal,302330.01,183670.77,9.86,Closed,2021-10-14,2023-10-14
LOAN002984,CUS002358,INS000005,Personal,404545.79,100462.49,10.632,Active,2025-01-10,2028-01-10
LOAN002985,CUS009530,INS000003,Auto,127603.18,49919.42,11.653,Active,2026-07-23,2030-07-23
LOAN002986,CUS002677,INS000005,Auto,224622.08,113847.4,11.142,Active,2023-06-18,2028-06-18
LOAN002987,CUS002847,INS000005,Education,61726.93,45120.0,13.513,Active,2025-04-17,2029-04-17
LOAN002988,CUS005198,INS000005,Personal,50000.0,44233.93,17.337,Active,2026-02-25,2031-02-25
LOAN002989,CUS006995,INS000004,Auto,230097.33,165926.61,8.189,Active,2022-11-04,2023-11-04
LOAN002990,CUS001016,INS000001,Personal,173621.94,54249.85,11.285,Closed,2023-04-23,2028-04-23
LOAN002991,CUS003542,INS000002,Home,580716.52,360108.37,12.306,Active,2024-09-07,2027-09-07
LOAN002992,CUS009088,INS000002,Personal,95449.13,86876.29,11.852,Active,2024-04-24,2029-04-24
LOAN002993,CUS004492,INS000005,Auto,105007.37,39071.17,9.383,Closed,2026-05-01,2027-05-01
LOAN002994,CUS009604,INS000005,Education,69110.36,2040.77,17.95,Active,2023-04-05,2028-04-05
LOAN002995,CUS006603,INS000004,Education,216187.0,198932.28,10.487,Active,2024-02-08,2028-02-08
LOAN002996,CUS000183,INS000001,Personal,296334.78,227998.85,16.162,Closed,2023-11-23,2025-11-23
LOAN002997,CUS005235,INS000005,Education,292245.38,31265.99,10.955,Active,2025-01-09,2030-01-09
LOAN002998,CUS008964,INS000002,Auto,384236.32,154983.61,7.626,Active,2026-04-18,2031-04-18
LOAN002999,CUS009984,INS000001,Personal,50000.0,8550.15,9.09,Active,2026-02-05,2030-02-05
LOAN003000,CUS004794,INS000001,Home,546841.89,11516.87,12.645,Active,2025-03-03,2026-03-03
LOAN003001,CUS000446,INS000004,Personal,50534.28,18250.57,12.925,Active,2024-01-11,2028-01-11
LOAN003002,CUS000534,INS000005,Education,50000.0,28486.67,9.802,Active,2022-11-09,2026-11-09
LOAN003003,CUS005122,INS000005,Auto,265972.17,17156.6,10.092,Active,2021-12-08,2022-12-08
LOAN003004,CUS006038,INS000002,Education,399958.03,172402.41,15.457,Active,2023-01-20,2024-01-20
LOAN003005,CUS006922,INS000005,Personal,147031.94,83911.81,11.609,Active,2022-03-20,2024-03-20
LOAN003006,CUS004524,INS000001,Education,97847.23,9080.59,17.464,Active,2021-11-05,2026-11-05
LOAN003007,CUS006331,INS000004,Home,160657.93,19412.43,12.762,Active,2023-10-19,2028-10-19
LOAN003008,CUS003501,INS000001,Personal,50000.0,30727.41,11.414,Active,2023-04-20,2026-04-20
LOAN003009,CUS007138,INS000004,Personal,217006.61,75344.9,12.068,Active,2021-09-30,2025-09-30
LOAN003010,CUS000504,INS000003,Home,79674.85,69467.08,16.565,Active,2024-07-24,2029-07-24
LOAN003011,CUS008985,INS000004,Education,265722.79,32343.42,8.522,Active,2025-02-10,2026-02-10
LOAN003012,CUS003236,INS000002,Auto,157185.26,133988.93,13.949,Active,2026-05-28,2027-05-28
LOAN003013,CUS005908,INS000001,Personal,405949.84,146949.12,13.562,Active,2024-06-21,2025-06-21
LOAN003014,CUS008835,INS000004,Personal,256074.89,77261.09,16.901,Active,2023-04-15,2025-04-15
LOAN003015,CUS003037,INS000003,Home,202571.39,187147.64,12.094,Active,2023-03-20,2024-03-20
LOAN003016,CUS009121,INS000002,Auto,76878.25,23279.09,15.751,Active,2022-06-15,2024-06-15
LOAN003017,CUS006971,INS000004,Personal,214580.81,101166.38,15.22,Active,2023-02-20,2026-02-20
LOAN003018,CUS004441,INS000005,Personal,113820.25,23245.15,14.754,Active,2022-09-12,2026-09-12
LOAN003019,CUS002912,INS000001,Personal,53650.47,34922.24,11.907,Active,2025-12-10,2030-12-10
LOAN003020,CUS005587,INS000004,Home,147608.98,6425.04,17.684,Active,2024-01-28,2028-01-28
LOAN003021,CUS004650,INS000002,Home,67514.34,61054.53,13.285,Active,2026-05-21,2029-05-21
LOAN003022,CUS003865,INS000003,Personal,264155.92,48038.65,8.061,Active,2023-10-19,2027-10-19
LOAN003023,CUS009089,INS000004,Personal,72132.15,51118.59,12.564,Active,2022-04-11,2025-04-11
LOAN003024,CUS009139,INS000001,Personal,57994.35,13003.32,13.522,Active,2022-06-10,2023-06-10
LOAN003025,CUS003690,INS000005,Personal,249646.55,45831.88,12.624,Active,2025-06-07,2030-06-07
LOAN003026,CUS007265,INS000002,Personal,50000.0,33536.54,16.062,Active,2025-06-16,2029-06-16
LOAN003027,CUS007677,INS000002,Personal,50000.0,31818.08,8.983,Active,2022-03-13,2023-03-13
LOAN003028,CUS001986,INS000003,Personal,160144.01,64192.15,15.262,Active,2023-02-04,2027-02-04
LOAN003029,CUS000563,INS000005,Personal,56756.13,37672.68,8.072,Active,2025-02-12,2028-02-12
LOAN003030,CUS009072,INS000004,Personal,394981.96,69523.49,16.202,Active,2023-02-24,2026-02-24
LOAN003031,CUS007706,INS000002,Auto,113165.85,106498.62,9.631,Active,2022-04-05,2026-04-05
LOAN003032,CUS002722,INS000001,Auto,450081.01,36106.77,11.236,Active,2022-08-12,2027-08-12
LOAN003033,CUS000737,INS000001,Personal,100854.92,63277.3,17.383,Closed,2026-03-16,2030-03-16
LOAN003034,CUS002297,INS000002,Personal,99391.06,60170.19,13.641,Active,2023-08-12,2028-08-12
LOAN003035,CUS004969,INS000005,Personal,50000.0,9505.8,10.345,Closed,2025-02-06,2029-02-06
LOAN003036,CUS007066,INS000001,Auto,987645.36,120416.38,11.381,Defaulted,2026-01-01,2031-01-01
LOAN003037,CUS009478,INS000001,Personal,239934.19,157011.8,15.856,Active,2022-08-13,2023-08-13
LOAN003038,CUS008272,INS000004,Home,58405.13,46885.1,10.076,Closed,2021-09-16,2023-09-16
LOAN003039,CUS000745,INS000003,Education,83745.56,11693.1,12.546,Active,2022-05-10,2027-05-10
LOAN003040,CUS009757,INS000005,Home,63116.47,55788.35,11.318,Active,2025-01-22,2029-01-22
LOAN003041,CUS005770,INS000004,Personal,154290.94,78010.98,11.232,Active,2023-09-28,2024-09-28
LOAN003042,CUS001608,INS000004,Personal,129776.96,40062.97,10.019,Active,2024-08-31,2026-08-31
LOAN003043,CUS009191,INS000001,Home,354531.6,26434.77,8.363,Active,2022-11-10,2025-11-10
LOAN003044,CUS003533,INS000002,Auto,87174.85,39389.3,9.716,Closed,2021-11-22,2026-11-22
LOAN003045,CUS008932,INS000004,Personal,234099.3,151911.09,11.233,Active,2022-08-26,2023-08-26
LOAN003046,CUS002213,INS000005,Personal,94650.13,32390.56,8.548,Active,2021-11-17,2024-11-17
LOAN003047,CUS005168,INS000004,Auto,119050.23,27207.46,17.999,Active,2022-04-24,2027-04-24
LOAN003048,CUS007029,INS000005,Education,316115.31,93521.44,10.988,Active,2023-06-23,2028-06-23
LOAN003049,CUS007487,INS000005,Auto,152325.37,13048.09,10.982,Active,2024-02-22,2025-02-22
LOAN003050,CUS001062,INS000001,Personal,50684.64,30690.42,16.967,Active,2025-01-18,2027-01-18
LOAN003051,CUS006083,INS000005,Personal,140510.35,50233.38,9.174,Active,2026-01-25,2027-01-25
LOAN003052,CUS004200,INS000003,Home,61773.18,3733.9,8.466,Defaulted,2022-07-27,2026-07-27
LOAN003053,CUS000902,INS000001,Personal,249382.04,29426.84,10.968,Closed,2025-12-07,2028-12-07
LOAN003054,CUS009635,INS000005,Personal,617119.89,411962.22,16.848,Active,2024-09-03,2029-09-03
LOAN003055,CUS006360,INS000004,Home,382999.02,259944.61,11.642,Active,2025-10-29,2026-10-29
LOAN003056,CUS009879,INS000005,Personal,156688.42,42032.96,13.082,Active,2024-05-12,2029-05-12
LOAN003057,CUS007045,INS000003,Personal,136223.23,741.02,17.946,Active,2023-03-08,2028-03-08
LOAN003058,CUS002741,INS000005,Personal,58280.59,25838.89,11.464,Active,2023-07-16,2025-07-16
LOAN003059,CUS005005,INS000005,Auto,157625.91,138626.54,15.838,Active,2024-09-24,2027-09-24
LOAN003060,CUS002974,INS000004,Home,266929.79,102833.66,14.708,Defaulted,2022-03-18,2024-03-18
LOAN003061,CUS009106,INS000004,Auto,229982.12,153161.66,17.158,Active,2023-08-04,2026-08-04
LOAN003062,CUS001999,INS000005,Education,238453.03,152279.35,12.89,Active,2023-04-24,2025-04-24
LOAN003063,CUS004761,INS000005,Education,312563.56,264848.04,16.145,Active,2026-02-09,2030-02-09
LOAN003064,CUS008650,INS000005,Personal,352856.68,113616.83,11.273,Active,2021-12-11,2025-12-11
LOAN003065,CUS009827,INS000004,Auto,134540.54,28453.97,13.713,Active,2021-10-03,2026-10-03
LOAN003066,CUS002307,INS000003,Home,116283.61,96325.16,7.966,Active,2025-01-09,2029-01-09
LOAN003067,CUS002056,INS000004,Auto,203251.97,113873.08,12.306,Active,2026-06-04,2029-06-04
LOAN003068,CUS002637,INS000002,Auto,390581.91,195221.25,12.318,Active,2025-10-30,2027-10-30
LOAN003069,CUS000653,INS000003,Personal,402745.3,284228.92,16.667,Active,2024-03-03,2027-03-03
LOAN003070,CUS001219,INS000005,Personal,227843.89,139420.81,9.159,Active,2024-11-19,2027-11-19
LOAN003071,CUS000855,INS000004,Personal,213886.85,74242.44,8.35,Active,2022-08-10,2026-08-10
LOAN003072,CUS006250,INS000005,Education,158218.61,149860.21,12.383,Active,2024-09-26,2029-09-26
LOAN003073,CUS007505,INS000002,Personal,154691.95,83465.62,8.678,Active,2022-12-24,2025-12-24
LOAN003074,CUS005645,INS000001,Education,235457.87,92943.39,17.947,Active,2022-06-20,2027-06-20
LOAN003075,CUS008002,INS000005,Personal,50000.0,4289.8,13.592,Active,2024-08-25,2025-08-25
LOAN003076,CUS005715,INS000004,Home,202633.5,151049.81,9.019,Closed,2024-03-30,2026-03-30
LOAN003077,CUS003433,INS000004,Home,87520.34,69000.8,17.503,Active,2026-04-12,2029-04-12
LOAN003078,CUS009285,INS000002,Auto,256645.66,159397.58,9.886,Closed,2024-10-07,2025-10-07
LOAN003079,CUS007574,INS000005,Personal,301011.59,19323.65,11.113,Active,2023-01-10,2026-01-10
LOAN003080,CUS003229,INS000005,Home,276092.39,185422.79,16.01,Active,2025-12-20,2030-12-20
LOAN003081,CUS002121,INS000001,Personal,607731.49,279080.92,15.527,Active,2025-04-07,2027-04-07
LOAN003082,CUS006774,INS000005,Home,50000.0,7056.87,10.696,Active,2023-03-07,2027-03-07
LOAN003083,CUS000612,INS000001,Personal,198473.4,11785.76,8.116,Active,2024-06-27,2026-06-27
LOAN003084,CUS008478,INS000001,Education,177123.65,60928.22,16.251,Closed,2024-10-05,2025-10-05
LOAN003085,CUS005853,INS000001,Personal,309749.7,205948.45,13.595,Active,2023-03-26,2028-03-26
LOAN003086,CUS005208,INS000003,Personal,724424.83,409328.45,9.732,Active,2022-03-03,2025-03-03
LOAN003087,CUS008012,INS000001,Education,74359.0,16694.39,8.068,Closed,2023-08-09,2025-08-09
LOAN003088,CUS003324,INS000004,Personal,222116.9,74521.32,11.315,Closed,2026-01-24,2029-01-24
LOAN003089,CUS000868,INS000005,Personal,84182.03,66330.37,8.382,Closed,2025-04-30,2029-04-30
LOAN003090,CUS005614,INS000001,Home,50000.0,39713.99,9.955,Active,2022-02-14,2027-02-14
LOAN003091,CUS000259,INS000002,Home,190697.29,149945.34,15.435,Active,2024-05-28,2025-05-28
LOAN003092,CUS000338,INS000004,Home,50000.0,28078.6,8.249,Active,2023-09-15,2026-09-15
LOAN003093,CUS005810,INS000003,Home,185014.65,67766.36,8.594,Active,2025-06-02,2030-06-02
LOAN003094,CUS002139,INS000005,Education,153374.12,120311.27,15.363,Active,2023-08-02,2024-08-02
LOAN003095,CUS005705,INS000001,Auto,50000.0,36233.79,17.21,Closed,2021-12-26,2026-12-26
LOAN003096,CUS004700,INS000002,Personal,319026.99,118063.65,14.46,Active,2023-03-09,2025-03-09
LOAN003097,CUS006893,INS000002,Home,508805.75,238538.65,17.556,Active,2026-07-27,2029-07-27
LOAN003098,CUS003848,INS000001,Home,97858.95,65530.94,16.494,Active,2022-09-11,2023-09-11
LOAN003099,CUS000256,INS000003,Personal,50000.0,41800.28,10.487,Active,2023-06-30,2028-06-30
LOAN003100,CUS003616,INS000002,Personal,121530.33,69926.97,14.497,Active,2023-03-06,2024-03-06
LOAN003101,CUS000916,INS000005,Auto,129096.79,17907.13,9.839,Active,2026-08-08,2030-08-08
LOAN003102,CUS003788,INS000001,Education,127822.25,101208.25,12.376,Defaulted,2022-09-01,2024-09-01
LOAN003103,CUS008128,INS000002,Personal,185541.44,14310.46,9.695,Active,2022-08-30,2024-08-30
LOAN003104,CUS003210,INS000001,Personal,259743.3,26874.57,14.46,Active,2026-02-19,2028-02-19
LOAN003105,CUS003258,INS000003,Personal,137817.28,62154.24,14.24,Active,2022-06-12,2025-06-12
LOAN003106,CUS009812,INS000002,Education,684008.53,589793.34,14.645,Active,2023-10-10,2026-10-10
LOAN003107,CUS003312,INS000003,Home,147890.85,45647.77,16.101,Active,2021-10-08,2022-10-08
LOAN003108,CUS001183,INS000005,Home,205801.72,181616.23,8.434,Active,2024-03-23,2027-03-23
LOAN003109,CUS009870,INS000002,Personal,111420.22,27461.77,13.486,Active,2025-02-15,2030-02-15
LOAN003110,CUS001069,INS000001,Home,458417.55,354926.66,13.617,Active,2023-06-15,2025-06-15
LOAN003111,CUS003096,INS000003,Personal,725005.22,329403.58,16.09,Active,2026-02-21,2028-02-21
LOAN003112,CUS003172,INS000004,Education,144136.16,51201.91,12.792,Active,2024-11-13,2029-11-13
LOAN003113,CUS006836,INS000001,Auto,455880.19,150773.34,13.102,Defaulted,2021-08-29,2023-08-29
LOAN003114,CUS005689,INS000002,Education,50000.0,41374.5,8.574,Active,2024-03-02,2028-03-02
LOAN003115,CUS001025,INS000001,Personal,75764.04,6194.71,8.281,Active,2021-08-21,2023-08-21
LOAN003116,CUS007765,INS000002,Auto,176497.48,78655.08,17.418,Defaulted,2022-07-23,2024-07-23
LOAN003117,CUS003460,INS000004,Auto,280804.98,191233.03,9.384,Active,2025-09-04,2030-09-04
LOAN003118,CUS009036,INS000001,Auto,60401.36,34229.51,13.85,Active,2022-05-06,2026-05-06
LOAN003119,CUS009035,INS000004,Personal,85305.32,17368.73,14.609,Active,2022-05-28,2023-05-28
LOAN003120,CUS005721,INS000005,Personal,50000.0,28124.31,16.861,Active,2023-03-19,2024-03-19
LOAN003121,CUS008910,INS000005,Education,141151.52,16843.81,13.394,Closed,2021-09-24,2026-09-24
LOAN003122,CUS008942,INS000002,Home,109483.51,57061.37,7.542,Active,2021-08-17,2023-08-17
LOAN003123,CUS003204,INS000002,Home,81167.69,37035.41,12.387,Active,2025-09-28,2027-09-28
LOAN003124,CUS006910,INS000001,Personal,289355.61,252975.89,16.152,Active,2021-10-02,2024-10-02
LOAN003125,CUS004136,INS000005,Personal,487545.24,345894.86,14.807,Active,2022-09-15,2025-09-15
LOAN003126,CUS008197,INS000002,Auto,94651.95,14068.12,14.149,Closed,2023-01-26,2028-01-26
LOAN003127,CUS007588,INS000005,Personal,248036.06,90217.36,8.253,Active,2025-04-21,2026-04-21
LOAN003128,CUS002105,INS000002,Personal,120333.19,75410.43,12.641,Closed,2024-05-09,2027-05-09
LOAN003129,CUS001138,INS000003,Education,414872.43,332179.32,8.885,Defaulted,2022-03-20,2025-03-20
LOAN003130,CUS004252,INS000003,Education,99250.11,15130.53,11.614,Closed,2022-03-30,2023-03-30
LOAN003131,CUS009803,INS000004,Personal,447031.53,381448.7,7.887,Active,2026-03-26,2028-03-26
LOAN003132,CUS007836,INS000004,Personal,50000.0,30300.15,10.284,Active,2026-01-07,2030-01-07
LOAN003133,CUS004793,INS000005,Home,108837.11,62011.77,11.003,Active,2024-01-03,2025-01-03
LOAN003134,CUS002816,INS000003,Education,131098.88,106263.96,14.622,Active,2023-10-15,2026-10-15
LOAN003135,CUS001572,INS000001,Home,129093.87,61779.47,14.396,Closed,2025-02-10,2026-02-10
LOAN003136,CUS002470,INS000001,Auto,456547.19,182583.87,10.564,Active,2024-02-24,2025-02-24
LOAN003137,CUS004234,INS000001,Home,78625.63,29548.9,12.422,Closed,2025-07-20,2027-07-20
LOAN003138,CUS000080,INS000004,Personal,67206.6,52104.96,14.337,Active,2025-08-20,2030-08-20
LOAN003139,CUS007137,INS000003,Home,69301.94,2956.16,8.292,Active,2026-03-20,2028-03-20
LOAN003140,CUS008970,INS000004,Personal,128618.4,16152.34,11.528,Active,2026-06-06,2028-06-06
LOAN003141,CUS000935,INS000005,Home,65126.16,39840.49,14.448,Active,2025-06-16,2030-06-16
LOAN003142,CUS002076,INS000004,Personal,185801.52,44.3,10.051,Active,2022-06-16,2023-06-16
LOAN003143,CUS002906,INS000002,Personal,328581.53,102695.56,10.785,Active,2021-10-09,2022-10-09
LOAN003144,CUS002937,INS000002,Home,90116.93,60478.92,9.851,Active,2023-09-11,2026-09-11
LOAN003145,CUS002456,INS000005,Personal,109679.28,71128.34,16.578,Defaulted,2026-01-18,2029-01-18
LOAN003146,CUS004711,INS000005,Education,276313.74,237456.59,8.777,Active,2023-02-08,2025-02-08
LOAN003147,CUS002936,INS000004,Home,916917.06,602117.32,16.623,Active,2022-06-12,2024-06-12
LOAN003148,CUS005287,INS000003,Education,85566.53,75471.92,12.31,Active,2022-09-06,2027-09-06
LOAN003149,CUS002612,INS000004,Personal,293075.93,65100.72,9.944,Active,2021-11-22,2023-11-22
LOAN003150,CUS001397,INS000002,Personal,236741.21,31304.47,16.714,Closed,2025-02-10,2030-02-10
LOAN003151,CUS001157,INS000001,Home,54023.41,15777.89,17.426,Closed,2023-04-18,2024-04-18
LOAN003152,CUS001351,INS000005,Education,205044.26,39445.57,17.741,Active,2022-09-08,2024-09-08
LOAN003153,CUS004935,INS000004,Personal,272401.37,112306.91,8.17,Active,2022-04-15,2026-04-15
LOAN003154,CUS004979,INS000004,Auto,50000.0,10511.09,16.867,Active,2025-09-11,2026-09-11
LOAN003155,CUS009556,INS000002,Home,230463.85,101284.41,9.842,Active,2024-10-08,2028-10-08
LOAN003156,CUS004737,INS000001,Personal,237250.67,79912.98,8.745,Active,2022-09-16,2024-09-16
LOAN003157,CUS002434,INS000001,Home,52692.15,20760.47,12.35,Active,2024-08-09,2026-08-09
LOAN003158,CUS008949,INS000002,Home,409851.73,232642.54,9.931,Active,2022-02-10,2025-02-10
LOAN003159,CUS000772,INS000001,Personal,55973.41,38483.69,9.66,Closed,2023-12-05,2024-12-05
LOAN003160,CUS005897,INS000002,Home,964547.75,32214.66,9.523,Closed,2024-06-12,2025-06-12
LOAN003161,CUS005997,INS000001,Personal,50000.0,1390.19,13.384,Active,2025-07-22,2026-07-22
LOAN003162,CUS001275,INS000003,Personal,50000.0,32251.5,13.56,Active,2023-08-17,2026-08-17
LOAN003163,CUS007873,INS000003,Auto,444302.96,312219.27,12.147,Active,2023-11-12,2025-11-12
LOAN003164,CUS005566,INS000003,Auto,198930.59,67823.02,8.124,Closed,2024-11-25,2026-11-25
LOAN003165,CUS006600,INS000004,Home,191334.22,115369.25,10.144,Active,2026-04-15,2029-04-15
LOAN003166,CUS002231,INS000005,Home,367311.6,37139.18,14.62,Active,2024-03-20,2029-03-20
LOAN003167,CUS004292,INS000001,Personal,717471.64,343015.87,17.542,Active,2026-02-08,2030-02-08
LOAN003168,CUS003883,INS000001,Personal,170980.96,131844.81,12.953,Active,2024-09-18,2025-09-18
LOAN003169,CUS007374,INS000002,Education,202132.48,40501.34,11.278,Active,2025-08-06,2030-08-06
LOAN003170,CUS002378,INS000001,Auto,58432.39,27854.89,16.858,Active,2023-12-06,2026-12-06
LOAN003171,CUS005917,INS000004,Personal,225135.07,197178.97,13.524,Active,2024-02-23,2027-02-23
LOAN003172,CUS007373,INS000001,Education,50000.0,11512.43,17.818,Active,2025-05-20,2028-05-20
LOAN003173,CUS001603,INS000002,Auto,204622.13,105642.45,8.394,Defaulted,2022-08-06,2023-08-06
LOAN003174,CUS005006,INS000005,Auto,496885.59,207618.13,10.216,Active,2025-04-29,2030-04-29
LOAN003175,CUS004047,INS000001,Auto,152968.66,5961.77,17.425,Defaulted,2024-07-08,2027-07-08
LOAN003176,CUS000557,INS000003,Personal,329815.71,120515.01,16.135,Closed,2026-02-20,2029-02-20
LOAN003177,CUS007162,INS000005,Auto,260252.16,90343.66,14.504,Active,2023-12-16,2026-12-16
LOAN003178,CUS008846,INS000002,Personal,157286.25,45128.5,9.241,Defaulted,2023-02-22,2028-02-22
LOAN003179,CUS008091,INS000005,Auto,71313.68,66415.07,14.606,Closed,2022-03-26,2027-03-26
LOAN003180,CUS008379,INS000003,Home,378519.35,303558.79,7.683,Active,2022-10-08,2023-10-08
LOAN003181,CUS002312,INS000001,Personal,141239.41,158.92,12.163,Closed,2023-03-17,2026-03-17
LOAN003182,CUS007570,INS000004,Auto,50000.0,22060.34,14.84,Active,2022-10-06,2025-10-06
LOAN003183,CUS002844,INS000001,Personal,273790.09,233151.93,15.656,Closed,2022-08-26,2024-08-26
LOAN003184,CUS008380,INS000003,Auto,62075.98,38617.47,16.072,Closed,2023-08-04,2027-08-04
LOAN003185,CUS005197,INS000005,Home,383123.03,186546.01,15.142,Defaulted,2025-03-16,2026-03-16
LOAN003186,CUS007985,INS000004,Home,50000.0,42014.95,17.038,Active,2024-10-19,2027-10-19
LOAN003187,CUS007594,INS000004,Auto,831692.28,634797.05,12.414,Active,2021-08-24,2025-08-24
LOAN003188,CUS000780,INS000001,Auto,201438.17,138186.86,11.743,Active,2022-09-27,2024-09-27
LOAN003189,CUS005540,INS000003,Home,624612.62,275360.15,17.482,Defaulted,2024-08-28,2027-08-28
LOAN003190,CUS003636,INS000005,Personal,181239.38,97381.94,10.895,Closed,2023-09-07,2026-09-07
LOAN003191,CUS001851,INS000002,Personal,430425.82,42298.63,8.875,Active,2024-10-31,2027-10-31
LOAN003192,CUS001760,INS000002,Education,50288.83,3000.04,9.602,Active,2024-04-24,2029-04-24
LOAN003193,CUS007194,INS000004,Personal,213316.19,43004.48,14.755,Closed,2025-08-08,2029-08-08
LOAN003194,CUS002100,INS000003,Personal,143619.03,135176.18,17.584,Active,2024-04-18,2029-04-18
LOAN003195,CUS005288,INS000003,Personal,137686.5,43433.52,7.939,Active,2023-07-31,2026-07-31
LOAN003196,CUS004655,INS000003,Personal,100101.5,62938.86,7.616,Closed,2024-04-13,2027-04-13
LOAN003197,CUS000644,INS000003,Personal,60511.73,7510.89,17.635,Active,2023-12-10,2025-12-10
LOAN003198,CUS000091,INS000003,Education,299596.1,113030.29,12.122,Active,2025-06-19,2028-06-19
LOAN003199,CUS008994,INS000005,Personal,63993.59,19179.58,14.738,Defaulted,2022-11-03,2027-11-03
LOAN003200,CUS000794,INS000002,Education,190752.34,127357.82,11.147,Active,2023-05-17,2024-05-17
LOAN003201,CUS005854,INS000004,Personal,728222.82,392000.41,8.744,Closed,2022-07-22,2026-07-22
LOAN003202,CUS000890,INS000004,Home,103163.06,72723.17,10.809,Active,2023-12-12,2025-12-12
LOAN003203,CUS008599,INS000001,Auto,199649.52,119936.52,14.497,Active,2023-09-22,2026-09-22
LOAN003204,CUS003395,INS000002,Auto,159975.51,65365.54,14.111,Closed,2021-10-30,2023-10-30
LOAN003205,CUS007166,INS000001,Education,91601.35,14581.73,14.656,Closed,2023-03-20,2027-03-20
LOAN003206,CUS002080,INS000004,Personal,391278.92,38547.66,13.433,Active,2023-06-17,2028-06-17
LOAN003207,CUS000925,INS000003,Personal,357186.65,199376.18,14.77,Closed,2022-01-25,2025-01-25
LOAN003208,CUS003612,INS000005,Auto,123695.81,107728.34,10.299,Active,2023-06-14,2028-06-14
LOAN003209,CUS004738,INS000005,Education,456894.29,60392.35,13.173,Active,2023-05-25,2026-05-25
LOAN003210,CUS002346,INS000001,Education,153409.37,15984.03,14.504,Active,2023-12-14,2026-12-14
LOAN003211,CUS001012,INS000003,Personal,155584.29,100216.94,7.55,Active,2026-04-04,2028-04-04
LOAN003212,CUS009752,INS000004,Education,147690.61,108682.9,9.297,Closed,2025-01-31,2027-01-31
LOAN003213,CUS000110,INS000003,Personal,309538.28,79341.69,13.143,Active,2024-01-31,2026-01-31
LOAN003214,CUS003067,INS000005,Personal,235564.7,157458.93,12.119,Closed,2025-01-07,2026-01-07
LOAN003215,CUS007621,INS000001,Home,92729.47,79270.37,16.891,Active,2023-05-26,2026-05-26
LOAN003216,CUS009805,INS000003,Home,194033.89,170738.49,13.699,Closed,2023-01-06,2028-01-06
LOAN003217,CUS009710,INS000002,Home,135661.89,78161.22,9.649,Closed,2022-08-15,2025-08-15
LOAN003218,CUS006865,INS000002,Personal,264343.04,237910.3,10.512,Active,2025-12-15,2029-12-15
LOAN003219,CUS009829,INS000001,Home,514959.64,193575.43,17.677,Active,2026-08-08,2029-08-08
LOAN003220,CUS005817,INS000003,Auto,260935.19,192119.91,16.28,Active,2022-08-15,2027-08-15
LOAN003221,CUS000181,INS000001,Personal,70292.96,23280.34,11.463,Active,2023-07-02,2028-07-02
LOAN003222,CUS001931,INS000004,Education,901168.06,678657.19,17.856,Active,2022-10-05,2025-10-05
LOAN003223,CUS006002,INS000004,Auto,212640.3,150230.38,17.138,Closed,2024-06-01,2025-06-01
LOAN003224,CUS007095,INS000005,Auto,90043.99,3587.43,10.099,Active,2023-09-22,2024-09-22
LOAN003225,CUS001291,INS000002,Auto,378512.93,77234.78,12.203,Active,2026-02-02,2027-02-02
LOAN003226,CUS009599,INS000002,Personal,281852.55,46635.73,12.005,Closed,2024-09-15,2028-09-15
LOAN003227,CUS003202,INS000003,Education,146094.31,3952.15,7.996,Closed,2024-10-05,2027-10-05
LOAN003228,CUS006815,INS000002,Home,178991.67,135047.64,15.098,Active,2023-01-29,2025-01-29
LOAN003229,CUS001168,INS000005,Personal,107952.79,24853.99,7.83,Active,2025-05-29,2030-05-29
LOAN003230,CUS005695,INS000001,Education,172205.25,57350.11,13.09,Active,2024-02-16,2029-02-16
LOAN003231,CUS001067,INS000004,Home,357052.26,215382.64,16.281,Active,2023-05-27,2024-05-27
LOAN003232,CUS008461,INS000004,Auto,397561.01,338301.97,12.954,Active,2024-11-07,2028-11-07
LOAN003233,CUS005059,INS000004,Home,151412.77,118102.71,7.553,Active,2021-11-12,2025-11-12
LOAN003234,CUS009172,INS000002,Auto,152688.59,28160.77,14.113,Active,2022-01-09,2025-01-09
LOAN003235,CUS000515,INS000004,Education,77690.12,11222.07,15.361,Active,2021-12-06,2022-12-06
LOAN003236,CUS009472,INS000003,Home,305838.99,2969.21,14.78,Closed,2021-09-14,2023-09-14
LOAN003237,CUS001308,INS000001,Home,109356.47,53221.16,15.988,Active,2025-07-29,2026-07-29
LOAN003238,CUS007515,INS000001,Home,65844.59,24760.64,9.946,Closed,2022-01-22,2026-01-22
LOAN003239,CUS002179,INS000001,Personal,343628.01,273679.14,8.3,Active,2024-05-05,2025-05-05
LOAN003240,CUS004540,INS000004,Education,113251.37,44853.2,17.836,Closed,2023-08-08,2025-08-08
LOAN003241,CUS009884,INS000003,Auto,198822.6,143611.62,12.075,Active,2025-03-07,2030-03-07
LOAN003242,CUS004299,INS000002,Auto,405161.16,327302.32,10.245,Active,2024-09-25,2025-09-25
LOAN003243,CUS001983,INS000002,Home,509111.6,321775.63,8.16,Active,2022-10-18,2026-10-18
LOAN003244,CUS006046,INS000001,Personal,276897.7,103582.43,11.832,Active,2025-07-17,2030-07-17
LOAN003245,CUS001542,INS000004,Personal,106473.13,71089.17,12.335,Active,2025-11-29,2029-11-29
LOAN003246,CUS000309,INS000005,Personal,378941.52,234265.1,11.86,Active,2024-02-14,2026-02-14
LOAN003247,CUS004321,INS000005,Education,450458.51,7009.64,9.384,Closed,2023-12-08,2026-12-08
LOAN003248,CUS006639,INS000004,Auto,105571.09,91060.87,8.366,Active,2023-01-31,2027-01-31
LOAN003249,CUS005887,INS000005,Home,366495.75,347516.28,15.241,Active,2022-02-16,2024-02-16
LOAN003250,CUS008123,INS000003,Home,77446.36,5198.89,12.672,Active,2022-04-29,2027-04-29
LOAN003251,CUS002490,INS000001,Auto,196033.08,54229.5,15.376,Closed,2025-01-12,2028-01-12
LOAN003252,CUS007007,INS000004,Personal,178751.65,35432.89,12.202,Closed,2025-05-28,2026-05-28
LOAN003253,CUS008442,INS000004,Home,80034.74,45786.16,10.833,Active,2022-06-19,2026-06-19
LOAN003254,CUS004286,INS000002,Home,651909.27,614374.07,17.873,Active,2025-01-18,2026-01-18
LOAN003255,CUS007711,INS000004,Education,170239.8,47810.75,10.541,Active,2025-07-28,2028-07-28
LOAN003256,CUS003592,INS000003,Personal,116142.25,96724.97,14.918,Closed,2023-10-14,2026-10-14
LOAN003257,CUS002494,INS000005,Home,223101.83,45034.1,15.45,Active,2023-05-20,2027-05-20
LOAN003258,CUS003231,INS000002,Auto,134678.34,120378.86,13.607,Active,2024-04-02,2027-04-02
LOAN003259,CUS004131,INS000005,Personal,226367.66,112936.31,12.565,Defaulted,2024-01-07,2025-01-07
LOAN003260,CUS001715,INS000004,Personal,98134.03,75374.42,17.137,Active,2025-12-30,2028-12-30
LOAN003261,CUS009652,INS000002,Education,74548.57,31273.82,10.8,Active,2025-09-02,2030-09-02
LOAN003262,CUS009213,INS000003,Personal,126993.56,85077.59,12.742,Active,2023-02-11,2028-02-11
LOAN003263,CUS004497,INS000002,Education,50000.0,17977.96,15.666,Active,2026-07-11,2029-07-11
LOAN003264,CUS000209,INS000004,Personal,73340.24,33480.24,8.248,Closed,2025-09-01,2028-09-01
LOAN003265,CUS006577,INS000002,Personal,202471.43,125672.87,10.171,Active,2022-04-05,2027-04-05
LOAN003266,CUS000351,INS000002,Education,106286.19,32322.15,13.109,Closed,2025-03-17,2029-03-17
LOAN003267,CUS009231,INS000001,Home,57415.9,16267.13,17.707,Active,2026-03-22,2031-03-22
LOAN003268,CUS000873,INS000001,Home,66656.37,52363.57,8.374,Active,2024-02-13,2029-02-13
LOAN003269,CUS006936,INS000004,Education,90696.65,2053.62,17.22,Closed,2023-08-18,2028-08-18
LOAN003270,CUS004037,INS000004,Home,112295.93,45091.29,14.202,Active,2022-03-03,2026-03-03
LOAN003271,CUS007440,INS000001,Education,65142.48,10434.86,9.398,Active,2022-02-04,2023-02-04
LOAN003272,CUS004696,INS000002,Personal,301664.63,137618.53,13.136,Active,2025-12-14,2029-12-14
LOAN003273,CUS003364,INS000001,Personal,476021.56,341656.14,8.013,Closed,2026-02-23,2027-02-23
LOAN003274,CUS004357,INS000004,Personal,320869.99,242706.18,16.456,Active,2022-10-19,2024-10-19
LOAN003275,CUS009977,INS000003,Education,67596.6,11561.43,8.64,Active,2025-02-08,2028-02-08
LOAN003276,CUS006255,INS000003,Home,212861.01,25884.69,17.725,Active,2024-10-11,2026-10-11
LOAN003277,CUS009140,INS000005,Auto,243007.46,179543.06,8.589,Active,2026-07-14,2031-07-14
LOAN003278,CUS004593,INS000002,Auto,249669.02,64986.65,12.247,Closed,2021-11-20,2024-11-20
LOAN003279,CUS009543,INS000001,Personal,591048.26,24553.86,17.131,Active,2024-08-22,2026-08-22
LOAN003280,CUS000272,INS000001,Home,50000.0,4711.1,15.901,Active,2022-08-25,2025-08-25
LOAN003281,CUS009461,INS000005,Home,146943.36,14573.86,11.96,Active,2021-12-24,2025-12-24
LOAN003282,CUS005536,INS000004,Home,357698.96,290981.2,8.61,Active,2025-08-24,2026-08-24
LOAN003283,CUS001933,INS000004,Education,217565.15,35384.33,8.443,Active,2022-12-16,2026-12-16
LOAN003284,CUS005222,INS000001,Education,50000.0,8712.16,15.694,Active,2026-05-31,2027-05-31
LOAN003285,CUS008832,INS000005,Personal,69110.75,52401.71,10.513,Active,2025-02-13,2030-02-13
LOAN003286,CUS001285,INS000005,Personal,303745.85,186034.79,8.635,Active,2024-09-27,2029-09-27
LOAN003287,CUS004137,INS000002,Personal,102002.97,63438.66,15.389,Closed,2024-10-19,2026-10-19
LOAN003288,CUS001224,INS000003,Personal,99815.91,16429.13,16.546,Active,2021-08-12,2026-08-12
LOAN003289,CUS009792,INS000005,Personal,192755.74,125509.54,16.363,Active,2025-11-28,2026-11-28
LOAN003290,CUS002449,INS000003,Education,537815.75,238240.94,17.661,Active,2024-11-01,2025-11-01
LOAN003291,CUS008089,INS000001,Personal,73870.84,32866.25,9.97,Closed,2026-04-17,2030-04-17
LOAN003292,CUS005007,INS000005,Education,309162.4,233207.84,14.187,Active,2022-08-30,2023-08-30
LOAN003293,CUS007906,INS000004,Education,86949.01,65063.09,13.223,Active,2024-08-25,2027-08-25
LOAN003294,CUS000425,INS000003,Auto,253257.86,199858.09,8.406,Defaulted,2025-01-22,2026-01-22
LOAN003295,CUS005051,INS000004,Auto,356919.82,18257.3,8.807,Closed,2023-10-05,2025-10-05
LOAN003296,CUS004434,INS000005,Personal,178877.74,58978.29,9.591,Active,2022-06-20,2025-06-20
LOAN003297,CUS003379,INS000004,Personal,80378.54,49175.05,15.653,Active,2024-11-28,2027-11-28
LOAN003298,CUS004480,INS000003,Education,446006.77,79328.71,15.526,Active,2024-05-02,2027-05-02
LOAN003299,CUS008062,INS000004,Personal,102407.09,23150.26,11.962,Active,2024-11-12,2025-11-12
LOAN003300,CUS009682,INS000005,Education,309612.02,273920.2,12.8,Active,2025-04-11,2030-04-11
LOAN003301,CUS005402,INS000003,Personal,186634.1,105873.87,12.28,Closed,2024-11-19,2025-11-19
LOAN003302,CUS006799,INS000002,Auto,67690.64,40048.78,9.914,Active,2024-03-25,2029-03-25
LOAN003303,CUS009134,INS000001,Personal,50000.0,44352.01,13.049,Active,2026-05-10,2030-05-10
LOAN003304,CUS007950,INS000001,Personal,99395.98,89876.56,8.096,Closed,2026-02-05,2029-02-05
LOAN003305,CUS002748,INS000004,Personal,228271.43,32503.81,13.942,Closed,2022-10-02,2027-10-02
LOAN003306,CUS003699,INS000003,Personal,93877.37,45637.56,16.677,Active,2023-05-10,2025-05-10
LOAN003307,CUS003137,INS000005,Personal,939149.28,386798.64,13.441,Active,2021-08-25,2026-08-25
LOAN003308,CUS002569,INS000005,Personal,194587.67,170595.94,16.422,Active,2023-05-24,2027-05-24
LOAN003309,CUS002319,INS000004,Auto,509389.1,264170.8,8.731,Closed,2022-01-25,2024-01-25
LOAN003310,CUS007819,INS000004,Personal,391507.54,3554.54,13.739,Closed,2025-06-14,2029-06-14
LOAN003311,CUS005253,INS000004,Auto,217464.44,164888.49,8.527,Active,2023-01-27,2028-01-27
LOAN003312,CUS009155,INS000001,Home,160213.12,63068.45,16.289,Closed,2025-11-17,2030-11-17
LOAN003313,CUS007140,INS000005,Personal,200095.58,100313.11,9.704,Active,2026-02-05,2028-02-05
LOAN003314,CUS000063,INS000005,Education,312300.87,285121.92,9.254,Active,2022-08-21,2025-08-21
LOAN003315,CUS006006,INS000005,Home,217748.61,62322.32,9.86,Active,2023-04-18,2026-04-18
LOAN003316,CUS006957,INS000002,Auto,453102.7,144741.19,16.863,Active,2021-11-24,2023-11-24
LOAN003317,CUS000444,INS000003,Home,229494.87,111996.51,10.762,Active,2024-06-16,2028-06-16
LOAN003318,CUS008930,INS000005,Personal,87672.52,69806.59,15.393,Active,2023-03-10,2025-03-10
LOAN003319,CUS006737,INS000004,Auto,302273.59,23915.11,13.574,Closed,2024-10-21,2025-10-21
LOAN003320,CUS007822,INS000002,Home,95787.22,77450.25,17.792,Active,2023-02-06,2027-02-06
LOAN003321,CUS009518,INS000004,Education,500822.48,54412.86,13.451,Active,2021-08-14,2022-08-14
LOAN003322,CUS009479,INS000001,Personal,134307.98,59961.59,9.204,Active,2024-03-02,2028-03-02
LOAN003323,CUS000193,INS000004,Auto,225022.42,120537.61,13.333,Active,2024-07-29,2029-07-29
LOAN003324,CUS008689,INS000003,Personal,122019.48,64599.0,15.638,Closed,2024-01-31,2028-01-31
LOAN003325,CUS009891,INS000004,Personal,678201.88,584088.5,14.604,Active,2025-04-03,2026-04-03
LOAN003326,CUS006561,INS000003,Personal,557068.13,111068.16,11.785,Active,2023-07-03,2028-07-03
LOAN003327,CUS007593,INS000002,Education,50000.0,31660.34,17.559,Active,2023-09-17,2027-09-17
LOAN003328,CUS004846,INS000002,Auto,221760.89,178441.47,8.92,Closed,2023-09-29,2025-09-29
LOAN003329,CUS003682,INS000001,Personal,119394.14,60669.68,17.925,Active,2023-10-07,2027-10-07
LOAN003330,CUS003797,INS000004,Education,214221.36,35217.27,14.061,Active,2025-07-20,2029-07-20
LOAN003331,CUS002812,INS000001,Auto,178514.6,40505.64,15.915,Active,2023-06-07,2025-06-07
LOAN003332,CUS001035,INS000004,Personal,104737.88,82687.56,13.169,Active,2024-07-20,2029-07-20
LOAN003333,CUS001627,INS000005,Personal,84526.83,39973.35,14.806,Active,2022-12-06,2024-12-06
LOAN003334,CUS008974,INS000005,Home,716725.23,539884.53,16.046,Closed,2026-01-25,2029-01-25
LOAN003335,CUS003482,INS000005,Personal,136135.01,94645.63,8.177,Active,2023-08-21,2024-08-21
LOAN003336,CUS002815,INS000004,Auto,187126.09,35387.11,16.798,Active,2022-01-27,2026-01-27
LOAN003337,CUS009630,INS000005,Auto,132378.83,104873.47,13.886,Closed,2025-08-28,2028-08-28
LOAN003338,CUS006682,INS000005,Home,72037.65,17504.46,12.862,Closed,2024-03-17,2029-03-17
LOAN003339,CUS000495,INS000005,Auto,70367.65,10285.7,15.664,Active,2022-03-11,2023-03-11
LOAN003340,CUS003288,INS000002,Home,138896.99,9451.78,17.999,Closed,2023-02-18,2025-02-18
LOAN003341,CUS001830,INS000002,Personal,326537.8,294999.86,9.238,Closed,2024-05-07,2026-05-07
LOAN003342,CUS000397,INS000005,Personal,110090.83,57686.79,17.412,Active,2022-12-04,2023-12-04
LOAN003343,CUS000146,INS000004,Personal,790647.3,63290.01,11.18,Active,2021-09-14,2025-09-14
LOAN003344,CUS005808,INS000002,Home,334264.46,78787.99,16.816,Defaulted,2025-04-05,2026-04-05
LOAN003345,CUS008644,INS000002,Education,261424.19,37247.47,15.005,Active,2021-12-30,2023-12-30
LOAN003346,CUS005760,INS000001,Education,86798.06,82368.62,10.652,Defaulted,2025-10-21,2026-10-21
LOAN003347,CUS008466,INS000001,Personal,50000.0,38847.91,10.889,Active,2021-12-04,2024-12-04
LOAN003348,CUS004863,INS000005,Personal,105845.45,21135.16,11.311,Active,2023-02-10,2026-02-10
LOAN003349,CUS000938,INS000001,Personal,163318.5,116611.75,11.344,Active,2025-11-02,2029-11-02
LOAN003350,CUS002503,INS000004,Home,50049.2,24546.51,14.028,Active,2024-07-22,2025-07-22
LOAN003351,CUS001060,INS000005,Home,50000.0,30861.87,13.255,Closed,2026-01-02,2028-01-02
LOAN003352,CUS004551,INS000001,Personal,260782.79,51621.14,10.574,Active,2024-09-16,2026-09-16
LOAN003353,CUS003889,INS000002,Personal,184474.21,84977.78,10.212,Closed,2025-04-02,2029-04-02
LOAN003354,CUS008190,INS000003,Personal,397268.14,229163.34,16.388,Closed,2025-09-11,2027-09-11
LOAN003355,CUS006049,INS000003,Education,50000.0,25174.32,7.955,Active,2026-06-12,2029-06-12
LOAN003356,CUS004423,INS000004,Home,231602.77,165152.69,17.796,Active,2023-04-05,2024-04-05
LOAN003357,CUS008362,INS000004,Personal,59413.13,19566.18,8.83,Active,2022-09-13,2023-09-13
LOAN003358,CUS003696,INS000005,Home,122945.07,28178.96,13.978,Active,2025-04-11,2030-04-11
LOAN003359,CUS007875,INS000004,Personal,340587.48,213246.85,15.137,Active,2024-06-22,2029-06-22
LOAN003360,CUS007131,INS000003,Auto,175990.75,109776.07,9.86,Active,2021-10-09,2022-10-09
LOAN003361,CUS001730,INS000002,Education,90158.97,48524.42,7.566,Active,2025-01-08,2028-01-08
LOAN003362,CUS009825,INS000001,Auto,172507.02,84228.82,9.442,Closed,2025-05-04,2029-05-04
LOAN003363,CUS006930,INS000005,Education,365310.93,202272.1,10.463,Closed,2025-04-11,2027-04-11
LOAN003364,CUS006902,INS000005,Education,79418.7,54647.03,11.04,Closed,2023-12-10,2026-12-10
LOAN003365,CUS003958,INS000002,Home,123725.09,2288.52,14.205,Active,2024-05-07,2028-05-07
LOAN003366,CUS009953,INS000005,Personal,182665.74,67993.54,17.433,Active,2023-12-14,2028-12-14
LOAN003367,CUS003625,INS000004,Personal,148352.4,4036.23,13.366,Active,2021-10-06,2023-10-06
LOAN003368,CUS002005,INS000005,Personal,295201.88,242357.45,7.639,Active,2023-08-18,2028-08-18
LOAN003369,CUS001607,INS000001,Auto,115544.38,70003.0,17.593,Active,2022-05-01,2026-05-01
LOAN003370,CUS002898,INS000003,Education,462769.69,430349.75,7.755,Active,2022-03-28,2026-03-28
LOAN003371,CUS002478,INS000002,Personal,103082.05,63243.9,14.01,Active,2026-06-09,2028-06-09
LOAN003372,CUS002455,INS000003,Personal,200836.12,47516.03,17.08,Active,2023-03-01,2026-03-01
LOAN003373,CUS007356,INS000003,Auto,50000.0,24182.62,13.592,Closed,2026-03-26,2030-03-26
LOAN003374,CUS008653,INS000002,Personal,346632.5,317057.11,11.49,Active,2023-02-25,2026-02-25
LOAN003375,CUS004313,INS000005,Home,136682.76,41891.32,14.031,Closed,2024-04-02,2026-04-02
LOAN003376,CUS009264,INS000005,Personal,126865.79,79999.49,15.474,Active,2025-06-12,2027-06-12
LOAN003377,CUS003239,INS000002,Auto,50000.0,2746.23,11.888,Defaulted,2022-06-13,2025-06-13
LOAN003378,CUS001882,INS000004,Education,50000.0,9738.53,13.886,Active,2024-11-13,2028-11-13
LOAN003379,CUS009308,INS000005,Home,70172.23,21650.96,14.827,Active,2022-03-29,2025-03-29
LOAN003380,CUS006586,INS000004,Personal,220379.36,160219.4,10.551,Active,2021-12-12,2024-12-12
LOAN003381,CUS007239,INS000004,Home,773704.75,295780.94,10.112,Active,2021-11-05,2023-11-05
LOAN003382,CUS005229,INS000002,Education,342480.15,237523.57,17.815,Active,2023-11-01,2027-11-01
LOAN003383,CUS002440,INS000004,Personal,165437.04,99367.27,13.126,Active,2025-07-13,2026-07-13
LOAN003384,CUS007895,INS000004,Auto,204082.61,19443.18,10.014,Active,2021-11-05,2023-11-05
LOAN003385,CUS008031,INS000003,Auto,436329.73,23125.93,13.994,Active,2025-05-16,2030-05-16
LOAN003386,CUS004169,INS000003,Personal,281110.17,105363.21,13.955,Closed,2022-09-05,2027-09-05
LOAN003387,CUS009452,INS000001,Home,91166.26,6087.86,17.376,Active,2026-07-06,2028-07-06
LOAN003388,CUS003435,INS000004,Personal,566333.62,355881.03,17.534,Active,2024-02-22,2026-02-22
LOAN003389,CUS007610,INS000001,Education,50000.0,4921.82,13.568,Closed,2021-12-09,2024-12-09
LOAN003390,CUS003525,INS000003,Auto,368918.91,171557.4,8.466,Active,2021-10-28,2026-10-28
LOAN003391,CUS007302,INS000003,Personal,148614.07,44717.97,13.634,Active,2021-08-29,2023-08-29
LOAN003392,CUS002210,INS000005,Education,229065.42,124491.04,11.101,Defaulted,2022-09-14,2025-09-14
LOAN003393,CUS002664,INS000001,Personal,123996.93,12717.92,14.367,Active,2024-04-18,2029-04-18
LOAN003394,CUS008531,INS000001,Personal,150767.77,29317.12,12.017,Active,2022-03-10,2026-03-10
LOAN003395,CUS006503,INS000001,Personal,194656.46,172612.22,12.745,Active,2022-04-02,2025-04-02
LOAN003396,CUS008359,INS000004,Personal,452610.46,101558.27,16.295,Closed,2025-01-25,2029-01-25
LOAN003397,CUS004553,INS000005,Auto,1086340.01,683584.5,15.701,Active,2023-12-10,2025-12-10
LOAN003398,CUS003466,INS000003,Auto,139025.93,87754.83,11.876,Active,2025-12-19,2027-12-19
LOAN003399,CUS003933,INS000002,Personal,404982.98,117254.17,8.232,Active,2025-03-22,2027-03-22
LOAN003400,CUS005196,INS000002,Education,197217.63,181021.65,8.758,Active,2024-08-04,2027-08-04
LOAN003401,CUS005837,INS000005,Auto,75425.27,47073.61,17.055,Active,2025-03-04,2028-03-04
LOAN003402,CUS001796,INS000005,Home,206979.83,119402.96,10.899,Defaulted,2026-03-28,2028-03-28
LOAN003403,CUS009146,INS000004,Personal,89292.46,79971.78,16.328,Closed,2024-07-10,2028-07-10
LOAN003404,CUS008899,INS000001,Personal,365139.96,175315.47,16.828,Active,2024-10-26,2025-10-26
LOAN003405,CUS000207,INS000005,Home,266712.55,32241.76,9.27,Active,2023-01-31,2028-01-31
LOAN003406,CUS004133,INS000002,Auto,57498.41,34483.04,11.991,Active,2024-05-15,2027-05-15
LOAN003407,CUS007960,INS000005,Auto,204320.38,8157.45,12.126,Active,2026-02-28,2028-02-28
LOAN003408,CUS000998,INS000001,Auto,472872.07,412058.79,13.885,Active,2022-02-05,2023-02-05
LOAN003409,CUS001957,INS000004,Personal,58992.6,19061.94,12.09,Active,2023-06-23,2024-06-23
LOAN003410,CUS007770,INS000005,Personal,662505.88,514424.72,14.526,Active,2023-07-09,2024-07-09
LOAN003411,CUS008763,INS000004,Personal,74054.91,49771.35,17.694,Active,2025-08-28,2029-08-28
LOAN003412,CUS005694,INS000002,Home,75302.32,56763.06,10.926,Active,2023-12-08,2026-12-08
LOAN003413,CUS000844,INS000001,Personal,280840.95,197338.59,14.83,Active,2026-03-01,2028-03-01
LOAN003414,CUS002314,INS000002,Home,50000.0,39994.24,16.161,Active,2022-07-16,2025-07-16
LOAN003415,CUS006497,INS000002,Home,120990.24,107865.07,8.732,Active,2026-04-01,2031-04-01
LOAN003416,CUS006884,INS000004,Auto,615110.77,447729.6,13.971,Closed,2026-03-16,2031-03-16
LOAN003417,CUS004507,INS000003,Auto,406906.81,313032.94,10.63,Active,2024-08-08,2026-08-08
LOAN003418,CUS001347,INS000002,Home,199806.45,178692.54,11.501,Closed,2023-01-20,2027-01-20
LOAN003419,CUS007201,INS000003,Education,111818.99,7960.57,9.115,Active,2022-08-14,2023-08-14
LOAN003420,CUS008124,INS000002,Home,174598.86,150551.98,17.043,Closed,2021-08-17,2026-08-17
LOAN003421,CUS004938,INS000002,Education,346778.17,287872.5,15.229,Active,2023-02-28,2025-02-28
LOAN003422,CUS004325,INS000004,Personal,115839.88,19817.46,11.449,Active,2024-10-17,2026-10-17
LOAN003423,CUS000703,INS000002,Education,971016.35,521035.67,8.886,Active,2023-04-04,2027-04-04
LOAN003424,CUS008744,INS000003,Auto,85085.82,49973.12,11.012,Closed,2026-02-19,2029-02-19
LOAN003425,CUS004620,INS000001,Personal,142295.5,13479.55,13.097,Active,2025-12-27,2027-12-27
LOAN003426,CUS002845,INS000002,Personal,211106.55,149719.91,15.96,Active,2025-07-14,2026-07-14
LOAN003427,CUS002687,INS000005,Auto,365488.88,31641.66,12.315,Active,2021-12-07,2023-12-07
LOAN003428,CUS009150,INS000001,Personal,261048.22,61311.76,8.937,Closed,2022-08-24,2026-08-24
LOAN003429,CUS008337,INS000002,Home,248048.77,170978.58,14.634,Active,2021-12-08,2023-12-08
LOAN003430,CUS008212,INS000001,Home,109462.33,101594.84,9.093,Active,2022-03-30,2025-03-30
LOAN003431,CUS009202,INS000003,Personal,50000.0,4285.43,16.665,Active,2023-10-07,2026-10-07
LOAN003432,CUS008428,INS000005,Auto,974238.45,34309.57,17.576,Active,2022-04-29,2027-04-29
LOAN003433,CUS001229,INS000003,Personal,95407.4,8239.98,15.886,Closed,2023-04-01,2027-04-01
LOAN003434,CUS005742,INS000002,Personal,266222.26,104483.94,16.732,Closed,2022-06-23,2024-06-23
LOAN003435,CUS008501,INS000004,Personal,130845.91,111422.55,10.907,Closed,2022-10-09,2025-10-09
LOAN003436,CUS009900,INS000001,Personal,55558.29,36588.03,9.221,Closed,2022-01-17,2024-01-17
LOAN003437,CUS004514,INS000003,Personal,413397.89,186731.02,8.285,Active,2022-12-06,2025-12-06
LOAN003438,CUS009113,INS000001,Personal,398069.27,203910.67,12.202,Active,2023-12-21,2027-12-21
LOAN003439,CUS005000,INS000005,Home,137636.83,49998.09,16.765,Active,2022-12-11,2026-12-11
LOAN003440,CUS007737,INS000003,Home,91318.09,52335.6,14.33,Active,2022-05-18,2025-05-18
LOAN003441,CUS001147,INS000003,Personal,168528.98,112589.04,9.821,Active,2025-08-18,2029-08-18
LOAN003442,CUS004977,INS000004,Auto,142265.28,9385.9,11.212,Active,2022-08-14,2025-08-14
LOAN003443,CUS001989,INS000001,Education,561045.07,502273.24,13.273,Closed,2022-04-20,2027-04-20
LOAN003444,CUS000056,INS000001,Home,52545.88,8058.47,11.561,Active,2024-11-19,2027-11-19
LOAN003445,CUS003393,INS000004,Education,222454.09,67048.16,17.141,Active,2022-12-04,2027-12-04
LOAN003446,CUS000814,INS000001,Education,83362.36,36228.06,17.442,Active,2021-08-11,2026-08-11
LOAN003447,CUS004690,INS000004,Personal,440274.66,9445.06,7.793,Active,2023-06-22,2024-06-22
LOAN003448,CUS009157,INS000004,Education,157493.4,86611.75,15.568,Defaulted,2021-10-18,2023-10-18
LOAN003449,CUS006869,INS000003,Personal,310769.03,114494.45,17.48,Active,2022-03-26,2025-03-26
LOAN003450,CUS001406,INS000004,Home,115843.93,29914.87,13.24,Active,2024-04-05,2026-04-05
LOAN003451,CUS008749,INS000004,Personal,74841.83,22153.41,8.117,Active,2026-07-17,2028-07-17
LOAN003452,CUS008289,INS000004,Personal,225882.52,193666.59,8.228,Closed,2026-01-11,2030-01-11
LOAN003453,CUS005491,INS000003,Education,244841.2,107318.48,9.697,Active,2025-03-07,2027-03-07
LOAN003454,CUS002082,INS000001,Auto,193071.24,42353.26,14.813,Active,2021-12-10,2025-12-10
LOAN003455,CUS009504,INS000003,Auto,114650.23,77.81,9.48,Active,2025-06-30,2027-06-30
LOAN003456,CUS006141,INS000005,Personal,111476.69,78264.11,13.107,Active,2024-08-28,2029-08-28
LOAN003457,CUS005069,INS000003,Education,52591.07,26350.51,12.703,Active,2025-04-06,2026-04-06
LOAN003458,CUS001687,INS000003,Home,170570.35,102808.96,11.805,Closed,2024-04-08,2026-04-08
LOAN003459,CUS004961,INS000002,Auto,52697.81,39212.81,14.626,Active,2024-12-05,2029-12-05
LOAN003460,CUS005271,INS000004,Personal,314430.56,851.09,11.286,Active,2021-09-30,2025-09-30
LOAN003461,CUS008059,INS000002,Personal,303306.16,214476.4,15.597,Active,2025-05-17,2028-05-17
LOAN003462,CUS009341,INS000003,Home,335109.95,40102.23,11.08,Active,2024-09-18,2028-09-18
LOAN003463,CUS006534,INS000005,Education,116413.55,40084.96,11.153,Closed,2024-12-08,2029-12-08
LOAN003464,CUS009144,INS000001,Personal,1230797.09,1136497.22,10.899,Active,2025-08-11,2029-08-11
LOAN003465,CUS001352,INS000001,Personal,204879.44,76100.43,14.376,Closed,2021-09-10,2024-09-10
LOAN003466,CUS007619,INS000002,Personal,166036.41,49163.9,9.551,Active,2025-06-17,2030-06-17
LOAN003467,CUS008592,INS000005,Auto,107071.11,94457.21,14.354,Active,2022-09-26,2025-09-26
LOAN003468,CUS006572,INS000004,Auto,191473.97,10949.45,8.514,Closed,2024-05-15,2029-05-15
LOAN003469,CUS000019,INS000001,Home,50000.0,17141.31,13.721,Active,2021-08-28,2024-08-28
LOAN003470,CUS000997,INS000001,Home,191713.67,138277.45,13.065,Closed,2022-12-16,2025-12-16
LOAN003471,CUS008677,INS000003,Personal,118727.23,95977.44,16.932,Closed,2021-12-22,2024-12-22
LOAN003472,CUS006684,INS000005,Personal,458078.23,380150.95,13.446,Closed,2025-06-29,2027-06-29
LOAN003473,CUS003805,INS000002,Personal,310826.96,161533.61,7.628,Closed,2022-11-28,2025-11-28
LOAN003474,CUS004300,INS000001,Personal,93125.53,43779.45,12.391,Active,2024-10-04,2025-10-04
LOAN003475,CUS002124,INS000002,Home,161112.21,83239.96,8.789,Active,2024-07-01,2025-07-01
LOAN003476,CUS008450,INS000005,Education,50000.0,18779.48,10.562,Active,2022-08-07,2023-08-07
LOAN003477,CUS004763,INS000005,Home,105442.46,54607.86,9.612,Active,2022-05-01,2027-05-01
LOAN003478,CUS002578,INS000002,Personal,222484.88,63266.07,17.991,Active,2023-06-24,2027-06-24
LOAN003479,CUS003100,INS000005,Personal,146587.13,35783.26,15.468,Closed,2021-11-05,2026-11-05
LOAN003480,CUS006423,INS000003,Personal,61010.51,53958.6,8.408,Active,2023-11-16,2027-11-16
LOAN003481,CUS008274,INS000005,Auto,54561.7,16241.57,15.449,Closed,2023-10-10,2027-10-10
LOAN003482,CUS007368,INS000001,Personal,200376.55,147602.7,12.091,Closed,2023-09-10,2025-09-10
LOAN003483,CUS005866,INS000005,Personal,261046.31,7758.6,16.153,Active,2022-06-21,2024-06-21
LOAN003484,CUS008648,INS000003,Home,452250.44,120131.32,9.469,Active,2022-06-10,2025-06-10
LOAN003485,CUS005634,INS000005,Home,149833.67,72270.77,15.758,Active,2023-10-02,2026-10-02
LOAN003486,CUS009741,INS000004,Personal,916908.8,539199.09,9.37,Defaulted,2025-02-03,2027-02-03
LOAN003487,CUS003879,INS000003,Personal,53432.53,44922.94,15.249,Active,2025-12-10,2026-12-10
LOAN003488,CUS004421,INS000002,Home,134071.59,67925.64,15.622,Closed,2021-10-28,2023-10-28
LOAN003489,CUS002266,INS000002,Home,194995.59,15596.82,11.581,Active,2022-07-02,2024-07-02
LOAN003490,CUS004934,INS000005,Personal,191883.6,37111.32,10.355,Active,2021-10-20,2023-10-20
LOAN003491,CUS004059,INS000005,Personal,120010.63,59127.78,13.093,Active,2022-10-18,2027-10-18
LOAN003492,CUS000141,INS000001,Personal,77747.95,3417.91,11.84,Active,2025-02-17,2029-02-17
LOAN003493,CUS009644,INS000005,Personal,55897.38,45328.67,15.465,Active,2025-10-03,2028-10-03
LOAN003494,CUS008243,INS000001,Auto,67154.45,51653.18,17.281,Active,2022-02-04,2023-02-04
LOAN003495,CUS002574,INS000001,Auto,188355.82,25148.76,11.374,Closed,2023-04-19,2025-04-19
LOAN003496,CUS006789,INS000004,Personal,2211930.44,1197008.8,8.371,Closed,2023-10-10,2027-10-10
LOAN003497,CUS004585,INS000001,Personal,142309.58,17610.55,14.059,Active,2024-06-16,2026-06-16
LOAN003498,CUS000666,INS000001,Personal,210574.91,195578.8,17.392,Closed,2022-01-01,2025-01-01
LOAN003499,CUS001635,INS000002,Education,141869.91,56913.09,8.117,Active,2023-08-04,2026-08-04
LOAN003500,CUS009453,INS000003,Personal,231175.46,69.91,11.408,Active,2026-03-11,2028-03-11
LOAN003501,CUS000261,INS000002,Personal,50000.0,46348.19,11.581,Closed,2025-06-19,2026-06-19
LOAN003502,CUS007372,INS000003,Education,57629.22,8783.61,8.017,Active,2024-06-29,2025-06-29
LOAN003503,CUS007551,INS000003,Auto,66257.14,29885.2,14.141,Active,2022-02-22,2023-02-22
LOAN003504,CUS004993,INS000005,Personal,447648.0,260910.76,10.096,Active,2022-03-26,2025-03-26
LOAN003505,CUS000872,INS000004,Education,84722.67,29689.43,14.552,Active,2023-12-16,2027-12-16
LOAN003506,CUS003551,INS000003,Education,168511.22,44936.19,11.428,Closed,2023-01-31,2028-01-31
LOAN003507,CUS006284,INS000002,Personal,101447.32,71398.51,11.845,Defaulted,2024-12-29,2027-12-29
LOAN003508,CUS006204,INS000003,Personal,524179.48,289203.14,16.243,Active,2025-01-21,2030-01-21
LOAN003509,CUS007438,INS000003,Home,380721.4,307953.64,11.66,Closed,2021-09-30,2024-09-30
LOAN003510,CUS001333,INS000004,Personal,304788.19,181411.05,16.116,Active,2026-06-16,2031-06-16
LOAN003511,CUS003554,INS000002,Education,388988.23,227748.54,15.775,Active,2025-11-30,2029-11-30
LOAN003512,CUS002070,INS000003,Home,254362.82,39468.98,9.475,Closed,2022-07-05,2024-07-05
LOAN003513,CUS005800,INS000001,Home,131585.42,75953.89,17.495,Active,2025-11-02,2029-11-02
LOAN003514,CUS000594,INS000002,Auto,271864.42,230737.33,10.185,Defaulted,2024-08-14,2027-08-14
LOAN003515,CUS006495,INS000002,Auto,171036.21,145051.63,13.26,Active,2026-08-01,2028-08-01
LOAN003516,CUS009779,INS000005,Education,50000.0,43800.49,7.95,Active,2025-08-25,2030-08-25
LOAN003517,CUS009184,INS000004,Education,280208.98,224325.0,15.381,Active,2025-02-01,2026-02-01
LOAN003518,CUS003030,INS000005,Home,241290.29,103400.42,12.112,Active,2023-02-16,2025-02-16
LOAN003519,CUS003298,INS000005,Auto,474097.99,270698.54,10.698,Active,2021-09-06,2022-09-06
LOAN003520,CUS002086,INS000002,Education,146975.14,117199.92,14.165,Defaulted,2025-01-01,2027-01-01
LOAN003521,CUS007549,INS000005,Personal,78890.23,19764.24,16.388,Closed,2023-01-09,2028-01-09
LOAN003522,CUS001424,INS000003,Personal,284766.12,259484.82,8.084,Active,2022-12-25,2025-12-25
LOAN003523,CUS008635,INS000003,Personal,244228.8,178526.17,10.981,Active,2024-02-21,2028-02-21
LOAN003524,CUS005321,INS000002,Home,368952.34,337650.16,11.03,Active,2022-05-22,2023-05-22
LOAN003525,CUS000839,INS000003,Education,283403.87,244442.46,17.13,Active,2025-10-08,2029-10-08
LOAN003526,CUS001921,INS000001,Personal,119587.18,94021.95,13.936,Active,2026-06-18,2027-06-18
LOAN003527,CUS007896,INS000001,Home,216699.99,71756.58,15.896,Active,2023-01-04,2025-01-04
LOAN003528,CUS003470,INS000003,Personal,154825.3,10910.47,14.322,Active,2025-01-29,2029-01-29
LOAN003529,CUS003209,INS000004,Education,54880.11,18961.28,15.335,Active,2023-08-14,2024-08-14
LOAN003530,CUS000049,INS000002,Education,299581.56,124045.75,15.862,Closed,2022-09-22,2024-09-22
LOAN003531,CUS007358,INS000003,Auto,117450.19,80235.99,14.015,Active,2025-06-05,2029-06-05
LOAN003532,CUS005422,INS000002,Personal,175459.48,97709.27,11.065,Active,2024-05-14,2028-05-14
LOAN003533,CUS005967,INS000003,Auto,112736.63,20845.04,12.702,Closed,2022-06-08,2023-06-08
LOAN003534,CUS009295,INS000003,Personal,114376.5,75067.41,15.723,Active,2023-07-04,2025-07-04
LOAN003535,CUS002943,INS000004,Personal,169764.88,12055.88,9.259,Active,2023-05-24,2024-05-24
LOAN003536,CUS000820,INS000004,Auto,151239.96,120290.42,11.756,Active,2026-04-16,2031-04-16
LOAN003537,CUS004352,INS000002,Personal,104545.26,5177.96,8.069,Active,2025-09-28,2027-09-28
LOAN003538,CUS008411,INS000001,Auto,906562.34,687951.8,13.05,Active,2023-06-13,2026-06-13
LOAN003539,CUS004565,INS000002,Education,128166.71,69392.85,12.567,Active,2024-11-11,2027-11-11
LOAN003540,CUS006107,INS000002,Personal,509391.24,446922.92,15.778,Active,2023-10-01,2027-10-01
LOAN003541,CUS007030,INS000003,Personal,144799.08,128514.84,14.569,Defaulted,2023-04-09,2026-04-09
LOAN003542,CUS009335,INS000005,Home,178483.86,20999.56,12.32,Active,2024-07-17,2025-07-17
LOAN003543,CUS003851,INS000005,Education,138576.97,42475.55,13.048,Active,2021-12-08,2023-12-08
LOAN003544,CUS004669,INS000002,Home,315220.09,70481.53,8.875,Active,2024-05-21,2025-05-21
LOAN003545,CUS006908,INS000002,Personal,65906.62,23708.39,15.954,Active,2026-03-30,2030-03-30
LOAN003546,CUS006181,INS000004,Auto,176486.96,46879.84,8.149,Active,2023-09-21,2027-09-21
LOAN003547,CUS009284,INS000003,Education,396401.65,264945.74,10.776,Active,2024-02-13,2028-02-13
LOAN003548,CUS002989,INS000005,Auto,181364.79,35374.37,16.861,Active,2021-12-06,2023-12-06
LOAN003549,CUS003428,INS000005,Personal,50000.0,13657.72,16.761,Active,2021-09-15,2023-09-15
LOAN003550,CUS003228,INS000004,Personal,345094.69,10529.23,10.151,Active,2021-11-25,2026-11-25
LOAN003551,CUS007601,INS000005,Personal,54665.64,47180.38,17.633,Active,2022-09-08,2024-09-08
LOAN003552,CUS008920,INS000002,Auto,95656.43,10727.01,17.555,Active,2024-10-28,2025-10-28
LOAN003553,CUS001714,INS000002,Home,109347.36,14627.09,17.526,Active,2026-07-13,2030-07-13
LOAN003554,CUS000531,INS000002,Personal,441964.53,341373.92,7.662,Closed,2024-09-19,2029-09-19
LOAN003555,CUS000537,INS000003,Personal,675178.76,145502.72,12.196,Closed,2026-07-30,2031-07-30
LOAN003556,CUS005465,INS000004,Personal,51888.15,33281.39,10.609,Closed,2022-06-09,2023-06-09
LOAN003557,CUS000831,INS000004,Home,246951.44,128591.22,7.861,Active,2024-02-05,2028-02-05
LOAN003558,CUS008837,INS000004,Auto,257215.89,89062.0,10.856,Active,2022-12-27,2024-12-27
LOAN003559,CUS002402,INS000004,Home,500780.19,217724.27,16.446,Active,2024-03-04,2028-03-04
LOAN003560,CUS002874,INS000001,Home,85698.76,20545.4,10.707,Closed,2026-05-23,2030-05-23
LOAN003561,CUS003446,INS000005,Auto,85940.64,38037.32,12.145,Active,2025-03-21,2029-03-21
LOAN003562,CUS008959,INS000003,Auto,1240262.15,368653.07,14.404,Active,2026-06-11,2027-06-11
LOAN003563,CUS002882,INS000004,Personal,317067.14,271502.08,7.623,Active,2023-04-08,2028-04-08
LOAN003564,CUS005111,INS000001,Education,291760.73,277008.53,11.975,Defaulted,2022-04-04,2024-04-04
LOAN003565,CUS005925,INS000001,Auto,167684.95,30898.45,17.448,Closed,2025-03-08,2030-03-08
LOAN003566,CUS001484,INS000001,Home,543134.65,68277.55,8.744,Active,2026-01-29,2028-01-29
LOAN003567,CUS002196,INS000004,Personal,662626.31,31159.61,16.189,Active,2023-09-06,2028-09-06
LOAN003568,CUS009034,INS000003,Personal,83599.22,61358.55,14.061,Defaulted,2024-01-25,2025-01-25
LOAN003569,CUS006490,INS000003,Home,131890.2,32207.41,17.909,Active,2023-11-03,2028-11-03
LOAN003570,CUS000595,INS000004,Personal,451153.75,315255.41,8.202,Active,2026-06-14,2027-06-14
LOAN003571,CUS008042,INS000004,Personal,106034.38,69510.78,17.066,Active,2023-04-19,2028-04-19
LOAN003572,CUS001046,INS000003,Auto,212170.74,46272.04,14.712,Defaulted,2025-11-15,2029-11-15
LOAN003573,CUS009519,INS000004,Personal,329745.51,199056.17,10.88,Active,2022-11-23,2027-11-23
LOAN003574,CUS003193,INS000003,Education,268472.07,164525.14,13.162,Active,2022-02-22,2025-02-22
LOAN003575,CUS000671,INS000003,Education,115038.14,29497.22,12.319,Active,2022-06-25,2024-06-25
LOAN003576,CUS007190,INS000001,Personal,185315.2,140500.62,15.797,Active,2025-10-23,2029-10-23
LOAN003577,CUS001528,INS000002,Auto,180829.08,75897.42,10.714,Closed,2021-09-04,2022-09-04
LOAN003578,CUS001103,INS000001,Personal,82242.66,72411.25,9.833,Closed,2025-04-26,2028-04-26
LOAN003579,CUS002790,INS000001,Personal,50000.0,18538.1,17.703,Active,2022-07-31,2026-07-31
LOAN003580,CUS004374,INS000003,Home,236009.57,197412.52,10.533,Closed,2025-06-14,2029-06-14
LOAN003581,CUS005755,INS000004,Home,529524.23,420456.54,16.855,Closed,2026-07-04,2028-07-04
LOAN003582,CUS007514,INS000002,Auto,50000.0,28622.5,15.093,Active,2026-04-28,2029-04-28
LOAN003583,CUS009296,INS000004,Education,171226.34,11515.82,9.819,Active,2022-10-12,2025-10-12
LOAN003584,CUS002072,INS000004,Education,108243.57,10242.92,8.039,Active,2024-09-20,2028-09-20
LOAN003585,CUS006302,INS000005,Auto,335838.7,112278.96,13.863,Active,2023-08-28,2024-08-28
LOAN003586,CUS005774,INS000004,Home,171697.32,111290.85,17.46,Active,2023-11-10,2027-11-10
LOAN003587,CUS006950,INS000004,Home,155085.91,76548.57,14.581,Closed,2022-03-18,2024-03-18
LOAN003588,CUS004333,INS000003,Personal,110518.14,64430.67,7.597,Active,2023-12-03,2026-12-03
LOAN003589,CUS005870,INS000001,Auto,496150.45,263057.64,8.829,Closed,2023-12-09,2027-12-09
LOAN003590,CUS006354,INS000001,Auto,154524.58,13170.68,12.344,Active,2026-04-24,2028-04-24
LOAN003591,CUS002645,INS000004,Personal,209964.84,36734.73,16.247,Active,2021-09-05,2026-09-05
LOAN003592,CUS000416,INS000005,Auto,262015.2,152083.18,13.977,Active,2022-03-26,2027-03-26
LOAN003593,CUS006340,INS000001,Personal,131433.97,43125.79,17.56,Active,2023-11-11,2024-11-11
LOAN003594,CUS003749,INS000005,Personal,83052.22,26087.97,16.541,Closed,2021-09-10,2026-09-10
LOAN003595,CUS006348,INS000003,Auto,205943.63,20202.0,12.054,Active,2022-06-22,2027-06-22
LOAN003596,CUS006969,INS000002,Home,95529.83,73674.37,8.08,Active,2026-05-20,2027-05-20
LOAN003597,CUS008512,INS000005,Auto,139414.94,41433.29,11.994,Active,2026-03-26,2027-03-26
LOAN003598,CUS000570,INS000003,Education,62804.0,18914.15,11.305,Closed,2022-03-10,2024-03-10
LOAN003599,CUS003057,INS000003,Home,227348.93,213045.24,9.264,Closed,2024-11-10,2028-11-10
LOAN003600,CUS004005,INS000002,Personal,109863.96,18138.58,17.587,Active,2022-11-25,2026-11-25
LOAN003601,CUS005714,INS000001,Home,381767.42,301752.46,11.716,Active,2025-03-23,2029-03-23
LOAN003602,CUS004720,INS000001,Personal,60882.34,35160.2,17.575,Active,2024-02-24,2028-02-24
LOAN003603,CUS000226,INS000001,Home,490787.1,112103.41,10.057,Closed,2025-11-18,2026-11-18
LOAN003604,CUS005909,INS000005,Personal,238319.87,74797.77,15.645,Active,2025-01-19,2027-01-19
LOAN003605,CUS003261,INS000001,Auto,202704.15,169854.84,10.572,Closed,2024-12-07,2026-12-07
LOAN003606,CUS001695,INS000002,Personal,114901.82,79441.06,16.711,Active,2023-05-07,2027-05-07
LOAN003607,CUS004948,INS000004,Auto,176967.45,107817.72,9.925,Active,2024-07-02,2025-07-02
LOAN003608,CUS002151,INS000001,Home,164242.45,48317.84,11.375,Active,2022-09-17,2027-09-17
LOAN003609,CUS003223,INS000002,Personal,50000.0,42481.95,9.965,Closed,2022-07-12,2023-07-12
LOAN003610,CUS005088,INS000004,Home,582608.76,477896.41,14.339,Active,2023-06-08,2027-06-08
LOAN003611,CUS006528,INS000003,Personal,114641.57,15392.99,10.738,Active,2024-02-09,2025-02-09
LOAN003612,CUS008050,INS000002,Personal,595362.42,443076.54,13.147,Active,2025-09-04,2030-09-04
LOAN003613,CUS000744,INS000005,Auto,271763.84,204449.49,8.073,Closed,2021-09-21,2022-09-21
LOAN003614,CUS005324,INS000001,Home,158654.39,143544.16,9.419,Active,2023-10-23,2024-10-23
LOAN003615,CUS003432,INS000002,Home,65645.82,9364.45,14.546,Defaulted,2026-02-25,2031-02-25
LOAN003616,CUS004592,INS000005,Auto,240815.13,29097.48,12.707,Closed,2022-10-09,2023-10-09
LOAN003617,CUS004742,INS000001,Home,80817.9,70949.43,12.09,Closed,2022-07-23,2026-07-23
LOAN003618,CUS003214,INS000005,Auto,96743.89,12442.53,12.663,Active,2026-03-17,2027-03-17
LOAN003619,CUS002757,INS000005,Education,144255.62,116838.74,9.159,Active,2025-07-06,2028-07-06
LOAN003620,CUS009042,INS000002,Personal,301305.51,215658.31,12.397,Active,2021-08-18,2024-08-18
LOAN003621,CUS000759,INS000005,Auto,254127.04,85156.81,7.661,Active,2025-10-09,2027-10-09
LOAN003622,CUS007550,INS000005,Personal,230587.32,75060.97,17.085,Active,2023-02-20,2024-02-20
LOAN003623,CUS003473,INS000002,Education,1707646.19,193228.35,13.858,Defaulted,2022-06-01,2027-06-01
LOAN003624,CUS005320,INS000001,Education,399649.18,65683.56,16.096,Closed,2025-12-26,2029-12-26
LOAN003625,CUS007223,INS000005,Personal,50000.0,20851.9,12.664,Active,2025-04-15,2030-04-15
LOAN003626,CUS005443,INS000004,Personal,125127.63,86268.8,15.484,Active,2026-07-24,2030-07-24
LOAN003627,CUS000650,INS000002,Personal,278740.42,152492.72,15.399,Active,2024-12-05,2028-12-05
LOAN003628,CUS005242,INS000003,Personal,111250.64,55524.88,10.369,Active,2025-07-01,2028-07-01
LOAN003629,CUS004572,INS000001,Personal,641938.53,254205.69,17.805,Active,2023-06-21,2026-06-21
LOAN003630,CUS007693,INS000005,Personal,87982.59,34277.29,17.624,Active,2022-12-02,2026-12-02
LOAN003631,CUS007384,INS000005,Home,574304.87,334980.71,10.879,Active,2023-09-30,2026-09-30
LOAN003632,CUS008548,INS000005,Personal,59278.62,8185.8,16.109,Active,2022-01-11,2023-01-11
LOAN003633,CUS007672,INS000003,Education,822295.99,625450.73,10.468,Active,2021-11-29,2023-11-29
LOAN003634,CUS003718,INS000005,Home,80337.34,11794.46,8.079,Active,2023-07-28,2024-07-28
LOAN003635,CUS009484,INS000004,Personal,141970.99,45283.76,11.901,Active,2022-10-13,2026-10-13
LOAN003636,CUS004894,INS000005,Auto,453195.82,274634.64,17.615,Closed,2024-11-11,2025-11-11
LOAN003637,CUS001190,INS000004,Personal,258237.02,176482.08,17.138,Active,2025-07-15,2029-07-15
LOAN003638,CUS006208,INS000002,Auto,56731.72,13738.48,17.789,Closed,2022-03-09,2026-03-09
LOAN003639,CUS000159,INS000001,Education,205853.9,53756.66,9.2,Active,2026-08-03,2027-08-03
LOAN003640,CUS009506,INS000004,Personal,322739.07,168177.39,9.501,Active,2024-07-28,2025-07-28
LOAN003641,CUS005580,INS000004,Home,87627.05,29800.25,10.319,Active,2022-08-05,2023-08-05
LOAN003642,CUS006035,INS000004,Home,374543.03,287157.38,9.241,Active,2024-05-26,2026-05-26
LOAN003643,CUS007471,INS000001,Education,226211.6,168785.77,8.891,Active,2022-08-15,2024-08-15
LOAN003644,CUS000920,INS000004,Education,92574.7,54861.15,14.949,Closed,2023-11-14,2028-11-14
LOAN003645,CUS008104,INS000002,Personal,123968.17,35634.13,11.455,Active,2022-04-24,2023-04-24
LOAN003646,CUS009593,INS000002,Personal,534639.46,113857.77,10.731,Active,2026-01-29,2030-01-29
LOAN003647,CUS004786,INS000002,Auto,57551.2,23501.44,10.117,Defaulted,2026-04-16,2030-04-16
LOAN003648,CUS005844,INS000001,Personal,167079.16,94961.69,8.186,Active,2024-10-23,2027-10-23
LOAN003649,CUS009179,INS000002,Personal,82406.38,11529.3,11.379,Active,2023-10-13,2026-10-13
LOAN003650,CUS002872,INS000001,Personal,257761.72,69815.83,8.206,Active,2023-08-08,2026-08-08
LOAN003651,CUS005344,INS000003,Home,71997.19,49102.15,10.376,Active,2025-05-20,2028-05-20
LOAN003652,CUS008581,INS000004,Auto,50000.0,5307.17,10.666,Active,2022-02-02,2027-02-02
LOAN003653,CUS004464,INS000004,Personal,251834.42,219036.06,14.679,Active,2025-10-27,2027-10-27
LOAN003654,CUS006754,INS000002,Auto,226437.81,95715.65,15.129,Active,2022-09-10,2023-09-10
LOAN003655,CUS002652,INS000002,Personal,94049.82,28659.61,12.62,Active,2022-03-19,2023-03-19
LOAN003656,CUS009934,INS000003,Personal,229730.77,22930.41,17.668,Active,2024-11-08,2025-11-08
LOAN003657,CUS002577,INS000004,Home,394222.37,226454.69,9.666,Active,2024-04-10,2028-04-10
LOAN003658,CUS003403,INS000001,Personal,92847.42,45746.93,10.218,Closed,2026-05-25,2031-05-25
LOAN003659,CUS002900,INS000004,Home,140769.5,63025.34,15.428,Active,2025-01-23,2030-01-23
LOAN003660,CUS007716,INS000002,Home,80653.32,52268.36,14.696,Active,2026-05-15,2030-05-15
LOAN003661,CUS005982,INS000003,Auto,108215.91,63610.23,15.142,Active,2023-02-04,2027-02-04
LOAN003662,CUS006994,INS000003,Personal,382538.81,295286.06,17.409,Active,2022-07-30,2025-07-30
LOAN003663,CUS001460,INS000005,Education,138203.43,100143.49,15.49,Closed,2026-04-13,2027-04-13
LOAN003664,CUS002453,INS000005,Personal,118464.84,11964.89,17.277,Active,2022-01-31,2025-01-31
LOAN003665,CUS000048,INS000005,Personal,90212.55,5804.31,12.506,Active,2022-09-16,2024-09-16
LOAN003666,CUS001978,INS000004,Personal,160418.47,5417.66,17.905,Active,2024-06-15,2028-06-15
LOAN003667,CUS004144,INS000001,Personal,494053.92,29466.24,13.362,Active,2024-02-29,2025-02-28
LOAN003668,CUS006091,INS000001,Personal,54799.88,27477.54,13.47,Closed,2023-09-28,2025-09-28
LOAN003669,CUS000532,INS000002,Education,158211.17,1338.55,14.339,Active,2023-01-18,2028-01-18
LOAN003670,CUS009387,INS000003,Personal,219748.53,154397.98,17.764,Active,2025-04-09,2027-04-09
LOAN003671,CUS005929,INS000002,Education,276830.99,169785.89,10.606,Active,2025-05-27,2028-05-27
LOAN003672,CUS006701,INS000003,Personal,894022.61,358839.03,15.522,Active,2024-06-26,2026-06-26
LOAN003673,CUS003092,INS000002,Home,362560.47,10595.66,16.81,Active,2026-08-03,2031-08-03
LOAN003674,CUS003532,INS000003,Education,61957.92,30742.14,12.134,Active,2024-03-23,2029-03-23
LOAN003675,CUS003094,INS000005,Personal,195629.53,69330.74,10.649,Active,2025-01-06,2028-01-06
LOAN003676,CUS008561,INS000004,Home,227672.36,141624.04,17.791,Active,2023-03-03,2025-03-03
LOAN003677,CUS000526,INS000004,Home,346461.96,129094.19,17.018,Active,2023-12-31,2027-12-31
LOAN003678,CUS007269,INS000001,Personal,170936.18,20891.36,13.54,Active,2025-02-02,2027-02-02
LOAN003679,CUS005668,INS000001,Personal,212509.3,132296.43,10.14,Active,2022-05-06,2025-05-06
LOAN003680,CUS001769,INS000001,Education,237873.09,74545.4,14.352,Active,2025-06-07,2029-06-07
LOAN003681,CUS001329,INS000005,Education,308639.37,162523.73,15.539,Closed,2023-01-15,2024-01-15
LOAN003682,CUS003383,INS000004,Home,217801.09,1382.24,11.881,Active,2023-12-19,2025-12-19
LOAN003683,CUS005842,INS000001,Auto,92806.54,87652.99,16.474,Active,2024-06-16,2026-06-16
LOAN003684,CUS001250,INS000004,Personal,146231.19,105746.62,13.956,Active,2022-08-14,2027-08-14
LOAN003685,CUS001056,INS000003,Home,253507.96,102932.38,12.488,Active,2024-07-02,2029-07-02
LOAN003686,CUS000683,INS000002,Auto,111764.97,76212.41,12.14,Active,2022-11-11,2023-11-11
LOAN003687,CUS009451,INS000002,Auto,341219.96,45204.33,9.583,Closed,2024-11-28,2026-11-28
LOAN003688,CUS000581,INS000004,Education,105413.91,1584.06,16.908,Active,2023-12-21,2028-12-21
LOAN003689,CUS000250,INS000003,Education,50000.0,18180.71,17.958,Closed,2025-01-29,2030-01-29
LOAN003690,CUS003495,INS000002,Home,293089.81,196256.93,9.686,Active,2021-12-25,2022-12-25
LOAN003691,CUS003394,INS000005,Personal,159442.35,70584.89,11.165,Closed,2023-07-18,2025-07-18
LOAN003692,CUS000194,INS000002,Personal,91909.83,26595.38,12.228,Active,2023-07-01,2028-07-01
LOAN003693,CUS005467,INS000003,Home,69772.28,3350.13,12.773,Active,2026-04-22,2029-04-22
LOAN003694,CUS008912,INS000001,Personal,71970.91,13999.42,14.974,Active,2024-01-04,2027-01-04
LOAN003695,CUS009430,INS000005,Education,71571.34,43296.33,9.679,Active,2022-04-07,2027-04-07
LOAN003696,CUS000468,INS000003,Home,125355.61,71990.78,8.632,Active,2025-08-29,2030-08-29
LOAN003697,CUS005117,INS000005,Personal,250648.94,5750.2,14.261,Active,2024-02-02,2027-02-02
LOAN003698,CUS005393,INS000003,Auto,62651.72,47212.78,14.99,Active,2022-03-07,2024-03-07
LOAN003699,CUS004031,INS000001,Personal,335125.77,167662.31,12.357,Active,2022-09-22,2027-09-22
LOAN003700,CUS003762,INS000001,Auto,101434.02,1447.15,17.48,Active,2024-02-15,2028-02-15
LOAN003701,CUS006197,INS000001,Education,421633.57,235504.93,9.309,Closed,2023-02-20,2028-02-20
LOAN003702,CUS000628,INS000002,Personal,133895.71,97403.63,13.806,Active,2022-07-12,2024-07-12
LOAN003703,CUS007980,INS000002,Personal,140940.98,126975.31,14.974,Active,2025-04-01,2029-04-01
LOAN003704,CUS008073,INS000002,Education,50000.0,35106.03,15.421,Active,2025-10-27,2028-10-27
LOAN003705,CUS005816,INS000003,Personal,198010.12,25930.33,9.673,Active,2022-11-08,2025-11-08
LOAN003706,CUS007458,INS000005,Education,308674.47,59173.58,10.457,Active,2022-10-20,2026-10-20
LOAN003707,CUS008189,INS000001,Personal,126134.49,110405.05,16.345,Active,2023-05-19,2027-05-19
LOAN003708,CUS007206,INS000004,Auto,62251.31,24773.22,10.798,Closed,2026-05-29,2029-05-29
LOAN003709,CUS003124,INS000002,Personal,152275.37,21757.65,15.526,Active,2022-11-19,2025-11-19
LOAN003710,CUS002092,INS000002,Home,102407.93,3877.47,12.495,Active,2022-03-03,2025-03-03
LOAN003711,CUS004919,INS000003,Personal,218964.42,3537.13,17.38,Closed,2023-04-28,2025-04-28
LOAN003712,CUS002713,INS000005,Education,50000.0,30985.09,16.593,Active,2026-02-06,2029-02-06
LOAN003713,CUS000909,INS000001,Auto,392841.47,62117.97,15.049,Active,2022-07-18,2023-07-18
LOAN003714,CUS005346,INS000003,Personal,267380.09,229470.87,16.14,Active,2023-12-13,2028-12-13
LOAN003715,CUS004063,INS000001,Personal,101100.21,43086.85,12.854,Defaulted,2025-08-26,2029-08-26
LOAN003716,CUS006406,INS000002,Auto,176965.56,113302.84,12.958,Closed,2024-10-09,2025-10-09
LOAN003717,CUS002817,INS000004,Personal,62806.01,9330.57,13.444,Active,2025-01-30,2028-01-30
LOAN003718,CUS001822,INS000004,Personal,715090.51,67294.04,10.262,Active,2022-02-13,2024-02-13
LOAN003719,CUS004158,INS000001,Personal,83701.09,1269.76,10.873,Active,2024-05-15,2026-05-15
LOAN003720,CUS006129,INS000004,Personal,320014.67,180111.69,13.291,Active,2023-12-04,2027-12-04
LOAN003721,CUS001783,INS000003,Home,137283.79,15636.05,10.989,Closed,2026-05-03,2029-05-03
LOAN003722,CUS006415,INS000001,Personal,155972.67,2187.41,15.316,Active,2024-12-18,2028-12-18
LOAN003723,CUS002996,INS000004,Personal,150207.11,137583.32,13.267,Closed,2024-01-03,2029-01-03
LOAN003724,CUS000393,INS000005,Auto,386886.94,354085.2,11.82,Active,2024-03-03,2025-03-03
LOAN003725,CUS002504,INS000001,Education,703235.55,352626.59,10.789,Closed,2021-10-13,2022-10-13
LOAN003726,CUS005527,INS000005,Home,167351.71,5715.61,14.905,Closed,2024-02-27,2025-02-27
LOAN003727,CUS005207,INS000004,Auto,104240.44,68054.52,11.511,Defaulted,2026-05-23,2029-05-23
LOAN003728,CUS006748,INS000005,Home,50000.0,11796.6,11.013,Active,2024-11-16,2025-11-16
LOAN003729,CUS000387,INS000002,Personal,167207.12,14158.48,13.056,Active,2026-03-16,2031-03-16
LOAN003730,CUS003843,INS000005,Auto,134368.83,52297.78,8.032,Active,2026-02-25,2031-02-25
LOAN003731,CUS000721,INS000003,Personal,216826.44,153265.84,8.923,Active,2024-01-31,2026-01-31
LOAN003732,CUS000577,INS000002,Home,160106.05,56600.65,9.89,Active,2022-10-26,2026-10-26
LOAN003733,CUS005752,INS000005,Auto,1303606.89,254528.41,9.58,Closed,2021-08-12,2022-08-12
LOAN003734,CUS002850,INS000001,Personal,141756.65,132997.79,13.687,Active,2022-09-19,2023-09-19
LOAN003735,CUS007335,INS000002,Home,509387.12,161212.44,14.528,Active,2024-08-19,2025-08-19
LOAN003736,CUS001746,INS000004,Auto,71292.17,41763.34,8.823,Active,2023-09-10,2028-09-10
LOAN003737,CUS008890,INS000005,Personal,63841.88,19962.79,16.653,Closed,2025-02-06,2028-02-06
LOAN003738,CUS009156,INS000003,Home,245259.1,186251.63,17.71,Active,2025-05-26,2027-05-26
LOAN003739,CUS006058,INS000001,Auto,309831.6,44510.27,11.569,Closed,2025-10-16,2029-10-16
LOAN003740,CUS006131,INS000001,Personal,247223.87,222390.45,13.175,Closed,2022-07-28,2027-07-28
LOAN003741,CUS007503,INS000004,Personal,229957.51,136008.32,9.433,Closed,2025-11-05,2028-11-05
LOAN003742,CUS009864,INS000005,Auto,488209.31,205071.69,15.161,Closed,2023-05-21,2026-05-21
LOAN003743,CUS003302,INS000001,Home,74588.98,13194.45,12.532,Active,2026-03-23,2029-03-23
LOAN003744,CUS007630,INS000001,Personal,137781.19,105617.49,9.304,Defaulted,2025-09-10,2030-09-10
LOAN003745,CUS001588,INS000001,Auto,578340.91,396098.96,8.797,Active,2025-04-23,2030-04-23
LOAN003746,CUS009459,INS000003,Auto,191175.41,122305.2,11.11,Active,2024-08-12,2027-08-12
LOAN003747,CUS008236,INS000004,Personal,200302.79,105486.06,11.569,Active,2022-10-15,2023-10-15
LOAN003748,CUS002528,INS000003,Home,215755.19,163676.46,11.741,Closed,2026-04-04,2028-04-04
LOAN003749,CUS002223,INS000005,Education,164513.4,129476.48,8.447,Defaulted,2022-03-23,2027-03-23
LOAN003750,CUS005915,INS000001,Education,50000.0,29633.79,16.254,Active,2026-08-07,2031-08-07
LOAN003751,CUS006325,INS000002,Home,94130.71,68683.91,10.602,Closed,2023-06-05,2027-06-05
LOAN003752,CUS005788,INS000002,Personal,676083.81,279768.68,15.011,Active,2023-11-22,2026-11-22
LOAN003753,CUS000523,INS000004,Auto,69225.51,55963.79,7.552,Active,2022-12-26,2023-12-26
LOAN003754,CUS001961,INS000002,Personal,115075.45,63518.58,7.623,Active,2026-01-04,2027-01-04
LOAN003755,CUS000116,INS000005,Personal,398958.25,111322.02,10.614,Active,2025-03-14,2028-03-14
LOAN003756,CUS005635,INS000005,Personal,197619.0,17950.02,16.348,Closed,2026-03-18,2031-03-18
LOAN003757,CUS009929,INS000005,Personal,131293.31,118165.45,17.422,Active,2024-03-08,2025-03-08
LOAN003758,CUS003825,INS000001,Auto,195987.94,172699.72,14.139,Defaulted,2025-12-29,2027-12-29
LOAN003759,CUS007834,INS000004,Home,197806.41,74605.55,8.343,Active,2026-04-01,2029-04-01
LOAN003760,CUS006687,INS000005,Personal,167864.72,104144.39,17.304,Active,2021-09-21,2023-09-21
LOAN003761,CUS004941,INS000002,Personal,119427.86,17725.49,14.893,Closed,2022-10-05,2025-10-05
LOAN003762,CUS002926,INS000003,Education,203697.25,2744.08,15.792,Active,2024-05-25,2026-05-25
LOAN003763,CUS000710,INS000001,Education,94070.05,88662.43,11.766,Closed,2022-06-16,2023-06-16
LOAN003764,CUS007244,INS000005,Personal,828132.05,758525.34,17.435,Active,2021-10-06,2024-10-06
LOAN003765,CUS002723,INS000005,Auto,94345.08,33743.12,12.329,Active,2025-05-13,2029-05-13
LOAN003766,CUS001564,INS000003,Home,292940.04,151747.78,17.791,Defaulted,2024-10-19,2029-10-19
LOAN003767,CUS003748,INS000002,Personal,50000.0,5485.58,8.474,Active,2026-03-16,2029-03-16
LOAN003768,CUS004820,INS000002,Personal,301465.75,107248.69,12.398,Closed,2025-03-22,2026-03-22
LOAN003769,CUS000940,INS000001,Auto,499750.4,337905.61,13.75,Active,2024-11-26,2025-11-26
LOAN003770,CUS007305,INS000005,Home,217774.95,25449.58,9.417,Active,2025-11-28,2029-11-28
LOAN003771,CUS001846,INS000005,Education,330091.19,170554.47,11.482,Active,2025-11-21,2030-11-21
LOAN003772,CUS000396,INS000005,Auto,50000.0,43148.2,17.249,Closed,2023-05-01,2027-05-01
LOAN003773,CUS002678,INS000005,Personal,50000.0,37356.32,12.415,Active,2026-07-28,2028-07-28
LOAN003774,CUS009720,INS000004,Personal,101485.97,18587.59,13.736,Active,2023-11-11,2025-11-11
LOAN003775,CUS008165,INS000005,Education,200043.68,60956.12,9.196,Active,2025-05-23,2028-05-23
LOAN003776,CUS003975,INS000003,Personal,526581.01,357597.5,14.175,Active,2022-05-16,2026-05-16
LOAN003777,CUS005205,INS000003,Auto,112287.0,33479.7,14.827,Active,2025-11-30,2030-11-30
LOAN003778,CUS006381,INS000005,Education,789235.23,354538.98,11.978,Active,2022-06-24,2024-06-24
LOAN003779,CUS009807,INS000001,Auto,211098.77,71143.6,13.699,Active,2025-05-22,2029-05-22
LOAN003780,CUS001380,INS000002,Personal,578925.2,273987.57,8.223,Active,2021-11-02,2024-11-02
LOAN003781,CUS009932,INS000005,Home,136352.82,29022.81,7.579,Active,2026-02-08,2029-02-08
LOAN003782,CUS002149,INS000002,Education,136800.0,111198.91,10.99,Active,2023-12-13,2024-12-13
LOAN003783,CUS003888,INS000003,Personal,195418.47,157502.03,16.862,Active,2022-05-27,2024-05-27
LOAN003784,CUS002804,INS000001,Education,368081.36,121049.98,8.511,Active,2026-03-06,2028-03-06
LOAN003785,CUS007615,INS000005,Home,165267.99,18131.48,10.934,Defaulted,2024-04-11,2025-04-11
LOAN003786,CUS004396,INS000005,Auto,184915.9,99039.08,16.623,Active,2022-02-21,2025-02-21
LOAN003787,CUS009972,INS000004,Personal,236355.36,145903.63,16.77,Active,2024-05-20,2027-05-20
LOAN003788,CUS005314,INS000001,Personal,77225.17,6509.39,16.128,Active,2025-02-26,2026-02-26
LOAN003789,CUS005003,INS000004,Personal,147158.07,33749.06,16.566,Active,2026-02-24,2031-02-24
LOAN003790,CUS005737,INS000005,Home,115669.16,97219.09,9.789,Active,2021-11-14,2025-11-14
LOAN003791,CUS006105,INS000002,Personal,114960.1,94914.79,12.472,Active,2021-11-09,2023-11-09
LOAN003792,CUS003448,INS000004,Home,369171.62,66748.67,13.81,Closed,2022-03-07,2027-03-07
LOAN003793,CUS006478,INS000001,Home,196441.48,4476.09,16.907,Active,2023-03-11,2027-03-11
LOAN003794,CUS003593,INS000002,Personal,195938.17,5020.05,13.993,Active,2026-06-21,2027-06-21
LOAN003795,CUS008276,INS000001,Personal,280958.49,262537.93,8.335,Closed,2026-07-23,2031-07-23
LOAN003796,CUS007401,INS000002,Education,161531.73,111317.04,9.368,Closed,2022-05-03,2025-05-03
LOAN003797,CUS008025,INS000004,Home,50000.0,6917.35,11.057,Defaulted,2026-05-30,2030-05-30
LOAN003798,CUS004632,INS000001,Personal,112798.48,284.14,8.867,Active,2023-07-16,2024-07-16
LOAN003799,CUS004320,INS000003,Personal,677802.65,419232.82,17.469,Active,2024-11-01,2026-11-01
LOAN003800,CUS005350,INS000001,Auto,142936.22,120485.82,10.659,Active,2025-12-28,2029-12-28
LOAN003801,CUS007523,INS000001,Auto,171437.39,11710.88,14.476,Active,2023-05-21,2027-05-21
LOAN003802,CUS006224,INS000001,Auto,132030.23,98472.04,13.184,Active,2024-07-09,2028-07-09
LOAN003803,CUS006209,INS000001,Personal,191935.69,60326.52,17.0,Active,2023-08-01,2028-08-01
LOAN003804,CUS003348,INS000005,Personal,290992.24,80616.96,12.272,Active,2026-02-20,2030-02-20
LOAN003805,CUS000115,INS000001,Personal,158722.81,9119.19,7.663,Active,2021-12-05,2024-12-05
LOAN003806,CUS005535,INS000003,Personal,140947.31,44977.22,13.584,Closed,2026-05-11,2031-05-11
LOAN003807,CUS004115,INS000003,Personal,241438.33,224910.38,7.772,Active,2022-06-07,2027-06-07
LOAN003808,CUS002531,INS000002,Home,207480.98,190450.55,13.369,Active,2026-02-07,2030-02-07
LOAN003809,CUS002446,INS000004,Personal,51181.91,22199.07,11.185,Active,2024-02-19,2029-02-19
LOAN003810,CUS005060,INS000003,Auto,190715.41,134232.44,8.136,Active,2024-06-23,2027-06-23
LOAN003811,CUS004827,INS000004,Personal,406970.33,368659.02,9.526,Closed,2026-08-03,2027-08-03
LOAN003812,CUS003876,INS000002,Home,78227.78,57368.83,12.403,Active,2025-11-04,2028-11-04
LOAN003813,CUS000327,INS000003,Home,185864.32,102899.36,14.804,Active,2021-12-12,2024-12-12
LOAN003814,CUS001268,INS000005,Home,50000.0,21318.66,11.039,Closed,2025-01-09,2027-01-09
LOAN003815,CUS006193,INS000004,Personal,460321.0,147395.67,7.928,Active,2024-02-14,2029-02-14
LOAN003816,CUS009199,INS000003,Education,69027.0,13539.16,8.344,Defaulted,2021-10-08,2024-10-08
LOAN003817,CUS000984,INS000002,Personal,81159.71,73352.69,13.058,Active,2022-03-28,2026-03-28
LOAN003818,CUS009948,INS000003,Personal,83677.24,34285.9,16.305,Defaulted,2023-10-23,2027-10-23
LOAN003819,CUS004258,INS000002,Personal,203575.04,190334.55,10.165,Defaulted,2023-12-05,2027-12-05
LOAN003820,CUS002523,INS000004,Education,50000.0,37017.56,17.236,Active,2023-03-17,2027-03-17
LOAN003821,CUS008333,INS000003,Home,555160.87,436422.64,15.314,Active,2024-04-02,2029-04-02
LOAN003822,CUS009159,INS000005,Personal,50000.0,43038.2,16.19,Active,2025-04-20,2027-04-20
LOAN003823,CUS003771,INS000004,Home,72896.33,62075.07,8.422,Active,2022-08-05,2024-08-05
LOAN003824,CUS002031,INS000001,Personal,90324.77,79079.33,16.182,Closed,2023-12-03,2026-12-03
LOAN003825,CUS006292,INS000001,Home,50000.0,35422.28,14.829,Active,2023-08-05,2027-08-05
LOAN003826,CUS005065,INS000005,Auto,169910.2,139963.05,12.723,Closed,2021-11-27,2023-11-27
LOAN003827,CUS004764,INS000003,Personal,160381.72,114717.28,8.485,Active,2022-04-19,2023-04-19
LOAN003828,CUS001790,INS000004,Auto,178973.89,29289.96,12.552,Active,2024-11-29,2027-11-29
LOAN003829,CUS001221,INS000002,Personal,238122.03,174100.85,15.663,Active,2025-11-18,2030-11-18
LOAN003830,CUS001677,INS000004,Auto,1808919.63,1564481.19,13.336,Active,2022-10-29,2023-10-29
LOAN003831,CUS008385,INS000002,Personal,50000.0,377.29,12.958,Active,2023-08-08,2027-08-08
LOAN003832,CUS002720,INS000004,Personal,67849.12,8957.99,9.294,Closed,2025-03-09,2028-03-09
LOAN003833,CUS006338,INS000004,Auto,124258.62,86945.68,9.462,Active,2024-08-26,2029-08-26
LOAN003834,CUS009098,INS000001,Personal,155022.66,23951.91,9.951,Active,2024-01-30,2026-01-30
LOAN003835,CUS007536,INS000005,Personal,652345.76,38548.8,14.485,Active,2023-04-18,2024-04-18
LOAN003836,CUS003543,INS000004,Home,172101.4,14438.84,14.083,Active,2022-02-04,2023-02-04
LOAN003837,CUS007904,INS000002,Home,189907.98,116059.06,13.49,Active,2022-05-09,2026-05-09
LOAN003838,CUS008007,INS000003,Personal,335356.72,190298.51,12.619,Active,2024-12-12,2026-12-12
LOAN003839,CUS006655,INS000005,Personal,213547.3,171089.4,15.567,Active,2022-08-07,2025-08-07
LOAN003840,CUS001099,INS000004,Home,276722.38,81597.58,14.814,Closed,2021-09-28,2026-09-28
LOAN003841,CUS008738,INS000004,Home,102693.86,72808.81,15.398,Closed,2025-12-13,2028-12-13
LOAN003842,CUS001096,INS000002,Personal,314289.16,60844.64,15.706,Active,2025-12-26,2028-12-26
LOAN003843,CUS001087,INS000002,Personal,59424.43,26621.08,8.193,Active,2021-09-28,2025-09-28
LOAN003844,CUS006207,INS000001,Personal,353565.89,194100.41,9.95,Active,2023-11-15,2027-11-15
LOAN003845,CUS004808,INS000001,Personal,88661.43,11274.45,9.147,Active,2021-08-21,2022-08-21
LOAN003846,CUS000742,INS000005,Education,172044.25,132634.74,12.118,Active,2021-10-25,2026-10-25
LOAN003847,CUS007320,INS000005,Personal,81497.89,76633.71,15.121,Active,2025-05-17,2027-05-17
LOAN003848,CUS009614,INS000001,Personal,357812.82,307112.08,15.408,Closed,2022-11-24,2023-11-24
LOAN003849,CUS006168,INS000001,Personal,234075.84,159409.53,11.459,Active,2025-06-27,2029-06-27
LOAN003850,CUS009918,INS000003,Personal,83312.77,10398.91,15.701,Closed,2025-08-08,2027-08-08
LOAN003851,CUS003179,INS000005,Personal,80728.45,70221.44,10.753,Closed,2023-11-18,2025-11-18
LOAN003852,CUS008579,INS000005,Auto,100546.11,3787.87,9.404,Active,2022-10-10,2024-10-10
LOAN003853,CUS007507,INS000001,Education,932585.4,390877.78,8.444,Active,2023-04-01,2028-04-01
LOAN003854,CUS004130,INS000005,Home,189022.24,38131.22,15.362,Active,2021-10-18,2025-10-18
LOAN003855,CUS001819,INS000004,Home,151046.87,137898.42,14.86,Active,2021-09-06,2026-09-06
LOAN003856,CUS001856,INS000005,Home,206746.97,99284.29,14.942,Active,2023-10-29,2025-10-29
LOAN003857,CUS003168,INS000003,Personal,162579.71,42821.35,16.718,Closed,2023-08-29,2027-08-29
LOAN003858,CUS005178,INS000004,Personal,483347.9,46079.75,11.889,Closed,2023-01-17,2024-01-17
LOAN003859,CUS008035,INS000001,Education,311191.99,114865.91,14.908,Active,2023-04-28,2027-04-28
LOAN003860,CUS003565,INS000005,Personal,65927.07,40831.08,17.999,Active,2023-01-17,2025-01-17
LOAN003861,CUS000356,INS000003,Personal,639932.61,456203.19,11.89,Active,2026-04-16,2030-04-16
LOAN003862,CUS005192,INS000004,Personal,120469.9,103378.62,11.353,Active,2022-08-13,2023-08-13
LOAN003863,CUS001429,INS000005,Home,182863.07,166908.5,17.657,Active,2024-02-08,2026-02-08
LOAN003864,CUS007856,INS000002,Education,85750.81,13138.33,17.303,Active,2026-05-11,2030-05-11
LOAN003865,CUS006732,INS000001,Auto,135831.52,26279.52,9.887,Active,2023-05-01,2028-05-01
LOAN003866,CUS003656,INS000004,Personal,210581.89,177323.2,16.77,Active,2022-06-06,2025-06-06
LOAN003867,CUS003382,INS000001,Home,247954.54,144197.59,15.33,Active,2025-02-01,2027-02-01
LOAN003868,CUS002524,INS000005,Personal,98374.2,33347.04,17.777,Active,2023-04-04,2025-04-04
LOAN003869,CUS006728,INS000002,Personal,208313.88,54786.8,17.456,Active,2023-05-07,2026-05-07
LOAN003870,CUS005285,INS000002,Education,201388.74,37372.49,12.501,Active,2023-12-05,2028-12-05
LOAN003871,CUS005043,INS000004,Home,94527.57,60643.6,8.691,Active,2023-01-22,2025-01-22
LOAN003872,CUS007242,INS000001,Personal,52535.57,11877.06,13.534,Closed,2023-03-19,2026-03-19
LOAN003873,CUS007246,INS000002,Personal,120570.36,85032.3,13.821,Active,2025-03-24,2027-03-24
LOAN003874,CUS001965,INS000004,Education,106710.18,40123.96,16.564,Active,2022-04-24,2026-04-24
LOAN003875,CUS000274,INS000004,Personal,99113.09,90543.51,7.92,Active,2025-11-26,2028-11-26
LOAN003876,CUS008288,INS000004,Auto,50000.0,22119.92,16.201,Active,2024-07-25,2027-07-25
LOAN003877,CUS003929,INS000002,Education,190576.17,170498.52,10.057,Active,2025-10-09,2026-10-09
LOAN003878,CUS003128,INS000005,Personal,68698.08,20262.45,16.499,Active,2024-02-20,2027-02-20
LOAN003879,CUS009706,INS000005,Personal,118152.94,25181.66,13.594,Active,2023-05-07,2025-05-07
LOAN003880,CUS009936,INS000001,Education,219145.81,178997.39,11.652,Active,2025-03-31,2029-03-31
LOAN003881,CUS009914,INS000004,Auto,451558.61,101869.76,17.654,Active,2024-05-16,2025-05-16
LOAN003882,CUS003606,INS000003,Home,296990.09,50854.03,15.685,Defaulted,2023-06-11,2028-06-11
LOAN003883,CUS008313,INS000004,Education,232907.53,82009.58,10.181,Active,2022-03-24,2025-03-24
LOAN003884,CUS007826,INS000004,Home,383684.38,116599.58,7.606,Active,2022-11-08,2026-11-08
LOAN003885,CUS000333,INS000001,Personal,489656.19,251548.74,16.286,Active,2021-11-16,2024-11-16
LOAN003886,CUS000334,INS000005,Home,200708.16,71128.04,15.631,Active,2025-10-23,2029-10-23
LOAN003887,CUS009558,INS000002,Home,50000.0,30573.88,16.482,Active,2026-02-28,2031-02-28
LOAN003888,CUS003514,INS000003,Personal,432178.01,362860.39,16.497,Active,2024-03-09,2027-03-09
LOAN003889,CUS004921,INS000003,Auto,185974.61,59644.72,9.363,Active,2022-07-17,2024-07-17
LOAN003890,CUS009323,INS000004,Home,167374.47,18381.82,7.76,Active,2023-08-15,2026-08-15
LOAN003891,CUS008249,INS000004,Personal,61209.25,9197.9,9.447,Active,2025-03-13,2027-03-13
LOAN003892,CUS008884,INS000004,Auto,61349.67,558.09,15.582,Active,2025-04-03,2026-04-03
LOAN003893,CUS008789,INS000001,Home,78579.15,7736.71,15.383,Active,2024-10-23,2028-10-23
LOAN003894,CUS004770,INS000002,Personal,435965.26,323054.72,10.789,Active,2021-10-11,2024-10-11
LOAN003895,CUS006563,INS000002,Auto,924983.09,776235.18,9.908,Active,2023-02-13,2027-02-13
LOAN003896,CUS001121,INS000002,Auto,50000.0,29378.31,12.246,Active,2023-03-14,2026-03-14
LOAN003897,CUS006000,INS000003,Education,360318.21,234299.36,15.308,Active,2022-07-18,2026-07-18
LOAN003898,CUS004255,INS000003,Auto,302006.93,157650.38,11.455,Active,2023-01-18,2025-01-18
LOAN003899,CUS000117,INS000002,Home,289175.39,248042.91,11.701,Active,2023-11-17,2025-11-17
LOAN003900,CUS007728,INS000003,Education,81166.33,35817.51,9.373,Active,2024-01-16,2028-01-16
LOAN003901,CUS008472,INS000001,Personal,200445.7,61922.24,14.787,Active,2023-10-13,2026-10-13
LOAN003902,CUS001415,INS000001,Auto,106145.06,7459.83,10.245,Active,2021-09-16,2023-09-16
LOAN003903,CUS009621,INS000005,Personal,230590.0,149714.5,9.755,Active,2022-08-29,2026-08-29
LOAN003904,CUS004275,INS000005,Personal,82703.0,67969.33,13.458,Active,2024-03-15,2028-03-15
LOAN003905,CUS003756,INS000001,Home,127030.05,60767.46,10.999,Active,2026-07-23,2030-07-23
LOAN003906,CUS003408,INS000005,Auto,118791.37,107221.24,12.201,Active,2025-03-24,2028-03-24
LOAN003907,CUS003406,INS000004,Home,106885.58,42370.39,13.385,Active,2026-01-13,2027-01-13
LOAN003908,CUS002022,INS000002,Auto,66346.02,24984.19,9.648,Active,2022-01-16,2023-01-16
LOAN003909,CUS002377,INS000004,Education,369353.66,23354.78,16.854,Active,2021-11-08,2024-11-08
LOAN003910,CUS004213,INS000004,Home,273263.6,119949.16,8.405,Active,2024-03-25,2029-03-25
LOAN003911,CUS005417,INS000003,Auto,506992.67,150990.84,17.444,Defaulted,2023-11-19,2027-11-19
LOAN003912,CUS001873,INS000003,Personal,163406.84,63499.0,8.362,Active,2023-04-20,2026-04-20
LOAN003913,CUS004323,INS000001,Home,66825.15,4521.84,17.481,Active,2025-11-19,2028-11-19
LOAN003914,CUS001750,INS000005,Education,320596.93,145550.24,14.458,Active,2025-10-25,2030-10-25
LOAN003915,CUS008371,INS000004,Auto,589949.94,504100.9,15.522,Active,2023-01-09,2024-01-09
LOAN003916,CUS006475,INS000004,Personal,75572.74,21530.96,10.357,Active,2025-08-08,2027-08-08
LOAN003917,CUS001464,INS000004,Education,324945.73,216565.46,14.206,Active,2024-03-09,2029-03-09
LOAN003918,CUS009275,INS000001,Home,170692.27,84516.25,8.042,Active,2023-12-24,2024-12-24
LOAN003919,CUS006237,INS000004,Home,58885.95,442.6,13.411,Active,2023-11-26,2027-11-26
LOAN003920,CUS009318,INS000005,Home,70278.15,11390.17,13.095,Active,2022-05-02,2026-05-02
LOAN003921,CUS003047,INS000001,Auto,176841.91,9941.12,8.09,Active,2021-09-06,2022-09-06
LOAN003922,CUS000942,INS000005,Personal,197394.7,10463.24,16.238,Active,2023-05-19,2025-05-19
LOAN003923,CUS006905,INS000001,Personal,194666.92,15552.59,13.561,Active,2024-01-13,2025-01-13
LOAN003924,CUS005095,INS000004,Personal,185245.08,20622.28,10.172,Active,2024-12-26,2027-12-26
LOAN003925,CUS000394,INS000001,Personal,57445.49,8706.79,8.154,Closed,2026-07-21,2028-07-21
LOAN003926,CUS002122,INS000005,Auto,320599.76,152622.86,9.165,Active,2026-04-08,2027-04-08
LOAN003927,CUS004417,INS000004,Auto,329455.5,219026.53,10.61,Active,2023-08-27,2026-08-27
LOAN003928,CUS002300,INS000002,Education,185623.25,42216.78,16.904,Active,2021-11-21,2023-11-21
LOAN003929,CUS001175,INS000004,Education,77244.14,30192.85,10.634,Active,2022-09-08,2027-09-08
LOAN003930,CUS005014,INS000005,Education,77162.11,63190.88,9.677,Closed,2024-09-01,2029-09-01
LOAN003931,CUS007914,INS000003,Education,146723.02,73621.98,16.575,Active,2026-08-02,2028-08-02
LOAN003932,CUS003938,INS000002,Personal,178047.63,160398.95,8.182,Closed,2022-07-27,2026-07-27
LOAN003933,CUS001747,INS000002,Personal,76392.95,284.29,13.276,Defaulted,2025-07-26,2026-07-26
LOAN003934,CUS003397,INS000005,Personal,71789.17,9891.94,10.787,Active,2024-08-16,2027-08-16
LOAN003935,CUS003278,INS000004,Home,85565.01,52030.46,8.204,Active,2022-12-06,2023-12-06
LOAN003936,CUS009606,INS000003,Education,50000.0,18492.78,17.695,Active,2021-08-21,2023-08-21
LOAN003937,CUS009145,INS000001,Auto,492507.23,70331.26,10.245,Defaulted,2022-04-07,2025-04-07
LOAN003938,CUS006557,INS000001,Education,82988.74,29306.63,12.473,Active,2026-04-13,2031-04-13
LOAN003939,CUS004525,INS000001,Home,676585.05,140177.19,11.378,Active,2026-02-24,2028-02-24
LOAN003940,CUS005806,INS000002,Auto,480035.92,41876.2,10.846,Active,2024-11-22,2028-11-22
LOAN003941,CUS005612,INS000003,Auto,207044.82,13586.56,9.71,Active,2025-10-21,2027-10-21
LOAN003942,CUS005729,INS000003,Personal,487632.71,9163.71,16.966,Active,2023-01-13,2025-01-13
LOAN003943,CUS004568,INS000004,Personal,1149929.3,920536.34,17.778,Active,2023-08-01,2024-08-01
LOAN003944,CUS009804,INS000001,Personal,270106.4,196533.57,13.969,Active,2023-11-24,2027-11-24
LOAN003945,CUS003097,INS000003,Personal,104014.32,91486.61,16.853,Active,2022-03-05,2026-03-05
LOAN003946,CUS009126,INS000002,Home,68906.68,36905.87,12.045,Active,2022-03-13,2025-03-13
LOAN003947,CUS001253,INS000002,Personal,298218.22,278993.01,7.903,Active,2023-10-07,2028-10-07
LOAN003948,CUS003965,INS000001,Education,470413.3,114714.82,12.706,Active,2024-05-15,2028-05-15
LOAN003949,CUS008320,INS000005,Personal,760311.13,136353.39,9.838,Active,2024-05-08,2027-05-08
LOAN003950,CUS004609,INS000001,Personal,194354.24,10865.2,17.038,Active,2024-12-26,2027-12-26
LOAN003951,CUS002701,INS000001,Personal,217007.69,41682.54,16.168,Active,2023-02-21,2026-02-21
LOAN003952,CUS003585,INS000003,Home,99518.26,15326.98,8.464,Closed,2021-10-28,2024-10-28
LOAN003953,CUS007542,INS000002,Auto,195690.36,61347.75,10.051,Active,2025-11-12,2028-11-12
LOAN003954,CUS002152,INS000004,Home,84325.43,26301.32,16.9,Active,2022-05-28,2024-05-28
LOAN003955,CUS007386,INS000001,Personal,371021.21,162720.7,12.461,Defaulted,2026-01-28,2029-01-28
LOAN003956,CUS003845,INS000005,Auto,351995.81,143000.83,17.587,Active,2024-06-17,2027-06-17
LOAN003957,CUS007660,INS000003,Auto,472378.54,386790.41,7.537,Active,2021-12-29,2025-12-29
LOAN003958,CUS004933,INS000005,Personal,218677.63,148705.62,17.005,Active,2024-02-09,2027-02-09
LOAN003959,CUS003576,INS000005,Personal,129306.51,76160.8,12.414,Closed,2022-05-22,2023-05-22
LOAN003960,CUS007991,INS000004,Personal,204762.8,175128.49,10.354,Closed,2025-11-27,2030-11-27
LOAN003961,CUS007861,INS000005,Personal,208777.73,123072.41,14.511,Active,2024-12-03,2027-12-03
LOAN003962,CUS008895,INS000005,Personal,542950.56,257458.9,16.384,Active,2026-05-06,2028-05-06
LOAN003963,CUS003597,INS000005,Personal,783977.4,500738.89,7.897,Active,2025-02-24,2026-02-24
LOAN003964,CUS001379,INS000001,Home,420599.99,309546.36,14.084,Defaulted,2023-07-24,2024-07-24
LOAN003965,CUS008323,INS000002,Personal,138589.09,104275.93,16.688,Active,2025-09-11,2027-09-11
LOAN003966,CUS009429,INS000002,Education,85900.97,80094.96,10.928,Closed,2022-08-20,2026-08-20
LOAN003967,CUS001020,INS000004,Auto,159272.79,49122.95,8.049,Active,2024-06-15,2028-06-15
LOAN003968,CUS004070,INS000001,Personal,662619.26,438711.52,14.807,Active,2022-09-03,2024-09-03
LOAN003969,CUS000592,INS000001,Personal,204848.37,55858.42,15.806,Active,2024-04-23,2026-04-23
LOAN003970,CUS004117,INS000002,Education,83412.63,41546.47,11.575,Defaulted,2026-04-15,2031-04-15
LOAN003971,CUS008273,INS000004,Personal,50000.0,22456.27,10.084,Closed,2026-03-31,2028-03-31
LOAN003972,CUS001197,INS000002,Home,526887.05,346463.24,10.41,Closed,2026-02-25,2029-02-25
LOAN003973,CUS005696,INS000003,Home,339857.71,100445.79,10.38,Active,2024-09-26,2025-09-26
LOAN003974,CUS007098,INS000002,Auto,50000.0,3999.12,13.168,Closed,2024-07-06,2027-07-06
LOAN003975,CUS005999,INS000003,Home,101866.04,31997.75,8.281,Active,2024-09-13,2029-09-13
LOAN003976,CUS007605,INS000001,Auto,50000.0,32687.19,14.229,Active,2024-01-26,2028-01-26
LOAN003977,CUS003154,INS000002,Auto,104968.29,19352.96,15.359,Active,2025-09-07,2028-09-07
LOAN003978,CUS003914,INS000003,Personal,214851.39,81548.08,9.713,Active,2022-07-11,2027-07-11
LOAN003979,CUS002374,INS000003,Auto,378361.42,283357.5,16.867,Active,2023-10-16,2025-10-16
LOAN003980,CUS001297,INS000001,Auto,230948.52,198936.48,15.573,Active,2023-05-23,2024-05-23
LOAN003981,CUS009020,INS000002,Auto,50000.0,29212.43,17.162,Closed,2024-08-22,2025-08-22
LOAN003982,CUS009314,INS000005,Home,178409.67,159684.48,8.518,Active,2026-02-20,2028-02-20
LOAN003983,CUS009039,INS000002,Personal,60999.45,10396.03,8.408,Closed,2025-10-14,2028-10-14
LOAN003984,CUS006355,INS000001,Personal,579646.52,536624.86,15.913,Active,2026-02-01,2029-02-01
LOAN003985,CUS006743,INS000004,Auto,140881.75,98140.97,15.429,Closed,2023-12-11,2026-12-11
LOAN003986,CUS002694,INS000002,Education,133654.68,18105.09,12.661,Active,2024-04-01,2025-04-01
LOAN003987,CUS004756,INS000001,Personal,203356.08,160244.98,16.906,Active,2024-10-04,2026-10-04
LOAN003988,CUS008027,INS000004,Personal,327655.45,110501.8,11.737,Active,2025-03-28,2030-03-28
LOAN003989,CUS001258,INS000003,Education,50000.0,23195.2,9.165,Active,2023-03-01,2027-03-01
LOAN003990,CUS002749,INS000001,Auto,152286.92,126200.17,10.893,Active,2026-03-18,2029-03-18
LOAN003991,CUS004582,INS000003,Home,143597.55,43197.55,12.825,Active,2024-06-02,2027-06-02
LOAN003992,CUS008223,INS000001,Education,65187.99,32467.35,12.092,Closed,2025-12-27,2030-12-27
LOAN003993,CUS002794,INS000001,Home,51637.69,44351.33,11.377,Closed,2024-07-17,2025-07-17
LOAN003994,CUS008424,INS000002,Home,161119.24,112049.04,8.751,Active,2025-11-06,2026-11-06
LOAN003995,CUS008528,INS000005,Education,130408.04,88370.76,11.994,Active,2021-12-05,2026-12-05
LOAN003996,CUS002049,INS000003,Home,512832.29,17934.88,10.875,Active,2026-06-03,2031-06-03
LOAN003997,CUS003724,INS000003,Education,50000.0,5337.36,11.828,Closed,2022-08-15,2027-08-15
LOAN003998,CUS003027,INS000001,Auto,122010.42,86566.65,15.531,Active,2023-04-11,2026-04-11
LOAN003999,CUS001314,INS000001,Home,169718.77,146664.46,8.214,Active,2024-04-15,2028-04-15
LOAN004000,CUS006005,INS000002,Home,280548.34,239242.3,15.18,Active,2022-11-25,2024-11-25
