risk_score_id,customer_id,risk_score,risk_category,score_timestamp
RSK000001,CUS000001,42.72,Medium,2026-06-30
RSK000002,CUS000002,55.62,Medium,2026-06-30
RSK000003,CUS000003,100.0,High,2026-06-30
RSK000004,CUS000004,94.2,High,2026-06-30
RSK000005,CUS000005,30.81,Medium,2026-06-30
RSK000006,CUS000006,84.7,High,2026-06-30
RSK000007,CUS000007,94.96,High,2026-06-30
RSK000008,CUS000008,89.1,High,2026-06-30
RSK000009,CUS000009,78.97,High,2026-06-30
RSK000010,CUS000010,22.27,Low,2026-06-30
RSK000011,CUS000011,32.12,Medium,2026-06-30
RSK000012,CUS000012,47.39,Medium,2026-06-30
RSK000013,CUS000013,100.0,High,2026-06-30
RSK000014,CUS000014,100.0,High,2026-06-30
RSK000015,CUS000015,33.19,Medium,2026-06-30
RSK000016,CUS000016,41.14,Medium,2026-06-30
RSK000017,CUS000017,89.0,High,2026-06-30
RSK000018,CUS000018,100.0,High,2026-06-30
RSK000019,CUS000019,54.56,Medium,2026-06-30
RSK000020,CUS000020,100.0,High,2026-06-30
RSK000021,CUS000021,25.98,Low,2026-06-30
RSK000022,CUS000022,77.7,High,2026-06-30
RSK000023,CUS000023,17.74,Low,2026-06-30
RSK000024,CUS000024,73.76,High,2026-06-30
RSK000025,CUS000025,29.52,Low,2026-06-30
RSK000026,CUS000026,18.76,Low,2026-06-30
RSK000027,CUS000027,30.3,Medium,2026-06-30
RSK000028,CUS000028,76.36,High,2026-06-30
RSK000029,CUS000029,42.34,Medium,2026-06-30
RSK000030,CUS000030,16.9,Low,2026-06-30
RSK000031,CUS000031,96.01,High,2026-06-30
RSK000032,CUS000032,100.0,High,2026-06-30
RSK000033,CUS000033,56.83,Medium,2026-06-30
RSK000034,CUS000034,38.01,Medium,2026-06-30
RSK000035,CUS000035,22.91,Low,2026-06-30
RSK000036,CUS000036,31.77,Medium,2026-06-30
RSK000037,CUS000037,61.13,High,2026-06-30
RSK000038,CUS000038,86.61,High,2026-06-30
RSK000039,CUS000039,40.19,Medium,2026-06-30
RSK000040,CUS000040,40.7,Medium,2026-06-30
RSK000041,CUS000041,86.79,High,2026-06-30
RSK000042,CUS000042,47.02,Medium,2026-06-30
RSK000043,CUS000043,67.07,High,2026-06-30
RSK000044,CUS000044,33.96,Medium,2026-06-30
RSK000045,CUS000045,42.64,Medium,2026-06-30
RSK000046,CUS000046,100.0,High,2026-06-30
RSK000047,CUS000047,39.39,Medium,2026-06-30
RSK000048,CUS000048,100.0,High,2026-06-30
RSK000049,CUS000049,38.71,Medium,2026-06-30
RSK000050,CUS000050,97.01,High,2026-06-30
RSK000051,CUS000051,47.98,Medium,2026-06-30
RSK000052,CUS000052,32.48,Medium,2026-06-30
RSK000053,CUS000053,72.98,High,2026-06-30
RSK000054,CUS000054,4.13,Low,2026-06-30
RSK000055,CUS000055,29.33,Low,2026-06-30
RSK000056,CUS000056,100.0,High,2026-06-30
RSK000057,CUS000057,41.05,Medium,2026-06-30
RSK000058,CUS000058,100.0,High,2026-06-30
RSK000059,CUS000059,69.45,High,2026-06-30
RSK000060,CUS000060,19.31,Low,2026-06-30
RSK000061,CUS000061,100.0,High,2026-06-30
RSK000062,CUS000062,100.0,High,2026-06-30
RSK000063,CUS000063,100.0,High,2026-06-30
RSK000064,CUS000064,44.56,Medium,2026-06-30
RSK000065,CUS000065,100.0,High,2026-06-30
RSK000066,CUS000066,47.59,Medium,2026-06-30
RSK000067,CUS000067,67.44,High,2026-06-30
RSK000068,CUS000068,78.31,High,2026-06-30
RSK000069,CUS000069,62.4,High,2026-06-30
RSK000070,CUS000070,100.0,High,2026-06-30
RSK000071,CUS000071,100.0,High,2026-06-30
RSK000072,CUS000072,44.55,Medium,2026-06-30
RSK000073,CUS000073,13.57,Low,2026-06-30
RSK000074,CUS000074,39.6,Medium,2026-06-30
RSK000075,CUS000075,19.06,Low,2026-06-30
RSK000076,CUS000076,27.95,Low,2026-06-30
RSK000077,CUS000077,16.42,Low,2026-06-30
RSK000078,CUS000078,19.52,Low,2026-06-30
RSK000079,CUS000079,14.58,Low,2026-06-30
RSK000080,CUS000080,46.74,Medium,2026-06-30
RSK000081,CUS000081,100.0,High,2026-06-30
RSK000082,CUS000082,61.02,High,2026-06-30
RSK000083,CUS000083,53.45,Medium,2026-06-30
RSK000084,CUS000084,49.4,Medium,2026-06-30
RSK000085,CUS000085,38.4,Medium,2026-06-30
RSK000086,CUS000086,56.77,Medium,2026-06-30
RSK000087,CUS000087,44.06,Medium,2026-06-30
RSK000088,CUS000088,41.64,Medium,2026-06-30
RSK000089,CUS000089,50.57,Medium,2026-06-30
RSK000090,CUS000090,100.0,High,2026-06-30
RSK000091,CUS000091,16.37,Low,2026-06-30
RSK000092,CUS000092,28.05,Low,2026-06-30
RSK000093,CUS000093,14.23,Low,2026-06-30
RSK000094,CUS000094,35.8,Medium,2026-06-30
RSK000095,CUS000095,100.0,High,2026-06-30
RSK000096,CUS000096,100.0,High,2026-06-30
RSK000097,CUS000097,25.56,Low,2026-06-30
RSK000098,CUS000098,89.9,High,2026-06-30
RSK000099,CUS000099,40.2,Medium,2026-06-30
RSK000100,CUS000100,49.01,Medium,2026-06-30
RSK000101,CUS000101,72.87,High,2026-06-30
RSK000102,CUS000102,53.89,Medium,2026-06-30
RSK000103,CUS000103,25.33,Low,2026-06-30
RSK000104,CUS000104,97.16,High,2026-06-30
RSK000105,CUS000105,61.52,High,2026-06-30
RSK000106,CUS000106,17.59,Low,2026-06-30
RSK000107,CUS000107,41.82,Medium,2026-06-30
RSK000108,CUS000108,100.0,High,2026-06-30
RSK000109,CUS000109,68.83,High,2026-06-30
RSK000110,CUS000110,5.64,Low,2026-06-30
RSK000111,CUS000111,43.83,Medium,2026-06-30
RSK000112,CUS000112,74.76,High,2026-06-30
RSK000113,CUS000113,69.88,High,2026-06-30
RSK000114,CUS000114,100.0,High,2026-06-30
RSK000115,CUS000115,22.09,Low,2026-06-30
RSK000116,CUS000116,44.24,Medium,2026-06-30
RSK000117,CUS000117,36.57,Medium,2026-06-30
RSK000118,CUS000118,32.97,Medium,2026-06-30
RSK000119,CUS000119,30.07,Medium,2026-06-30
RSK000120,CUS000120,37.52,Medium,2026-06-30
RSK000121,CUS000121,35.78,Medium,2026-06-30
RSK000122,CUS000122,12.07,Low,2026-06-30
RSK000123,CUS000123,71.09,High,2026-06-30
RSK000124,CUS000124,72.06,High,2026-06-30
RSK000125,CUS000125,34.49,Medium,2026-06-30
RSK000126,CUS000126,64.97,High,2026-06-30
RSK000127,CUS000127,28.71,Low,2026-06-30
RSK000128,CUS000128,100.0,High,2026-06-30
RSK000129,CUS000129,32.74,Medium,2026-06-30
RSK000130,CUS000130,80.76,High,2026-06-30
RSK000131,CUS000131,80.84,High,2026-06-30
RSK000132,CUS000132,80.8,High,2026-06-30
RSK000133,CUS000133,35.24,Medium,2026-06-30
RSK000134,CUS000134,22.42,Low,2026-06-30
RSK000135,CUS000135,43.63,Medium,2026-06-30
RSK000136,CUS000136,22.5,Low,2026-06-30
RSK000137,CUS000137,39.9,Medium,2026-06-30
RSK000138,CUS000138,27.63,Low,2026-06-30
RSK000139,CUS000139,100.0,High,2026-06-30
RSK000140,CUS000140,30.25,Medium,2026-06-30
RSK000141,CUS000141,97.25,High,2026-06-30
RSK000142,CUS000142,27.12,Low,2026-06-30
RSK000143,CUS000143,17.17,Low,2026-06-30
RSK000144,CUS000144,88.12,High,2026-06-30
RSK000145,CUS000145,34.88,Medium,2026-06-30
RSK000146,CUS000146,11.0,Low,2026-06-30
RSK000147,CUS000147,11.66,Low,2026-06-30
RSK000148,CUS000148,10.89,Low,2026-06-30
RSK000149,CUS000149,31.19,Medium,2026-06-30
RSK000150,CUS000150,35.06,Medium,2026-06-30
RSK000151,CUS000151,35.69,Medium,2026-06-30
RSK000152,CUS000152,21.14,Low,2026-06-30
RSK000153,CUS000153,77.12,High,2026-06-30
RSK000154,CUS000154,43.44,Medium,2026-06-30
RSK000155,CUS000155,31.61,Medium,2026-06-30
RSK000156,CUS000156,93.35,High,2026-06-30
RSK000157,CUS000157,47.32,Medium,2026-06-30
RSK000158,CUS000158,62.95,High,2026-06-30
RSK000159,CUS000159,21.23,Low,2026-06-30
RSK000160,CUS000160,37.15,Medium,2026-06-30
RSK000161,CUS000161,100.0,High,2026-06-30
RSK000162,CUS000162,28.66,Low,2026-06-30
RSK000163,CUS000163,32.34,Medium,2026-06-30
RSK000164,CUS000164,34.43,Medium,2026-06-30
RSK000165,CUS000165,100.0,High,2026-06-30
RSK000166,CUS000166,100.0,High,2026-06-30
RSK000167,CUS000167,44.0,Medium,2026-06-30
RSK000168,CUS000168,77.07,High,2026-06-30
RSK000169,CUS000169,12.23,Low,2026-06-30
RSK000170,CUS000170,41.12,Medium,2026-06-30
RSK000171,CUS000171,48.28,Medium,2026-06-30
RSK000172,CUS000172,100.0,High,2026-06-30
RSK000173,CUS000173,32.86,Medium,2026-06-30
RSK000174,CUS000174,48.93,Medium,2026-06-30
RSK000175,CUS000175,66.37,High,2026-06-30
RSK000176,CUS000176,100.0,High,2026-06-30
RSK000177,CUS000177,32.63,Medium,2026-06-30
RSK000178,CUS000178,17.47,Low,2026-06-30
RSK000179,CUS000179,47.84,Medium,2026-06-30
RSK000180,CUS000180,98.09,High,2026-06-30
RSK000181,CUS000181,42.09,Medium,2026-06-30
RSK000182,CUS000182,7.93,Low,2026-06-30
RSK000183,CUS000183,28.02,Low,2026-06-30
RSK000184,CUS000184,36.36,Medium,2026-06-30
RSK000185,CUS000185,47.27,Medium,2026-06-30
RSK000186,CUS000186,40.06,Medium,2026-06-30
RSK000187,CUS000187,83.24,High,2026-06-30
RSK000188,CUS000188,33.81,Medium,2026-06-30
RSK000189,CUS000189,53.06,Medium,2026-06-30
RSK000190,CUS000190,18.38,Low,2026-06-30
RSK000191,CUS000191,46.74,Medium,2026-06-30
RSK000192,CUS000192,28.81,Low,2026-06-30
RSK000193,CUS000193,40.76,Medium,2026-06-30
RSK000194,CUS000194,82.47,High,2026-06-30
RSK000195,CUS000195,20.11,Low,2026-06-30
RSK000196,CUS000196,100.0,High,2026-06-30
RSK000197,CUS000197,25.03,Low,2026-06-30
RSK000198,CUS000198,83.98,High,2026-06-30
RSK000199,CUS000199,26.09,Low,2026-06-30
RSK000200,CUS000200,72.44,High,2026-06-30
RSK000201,CUS000201,100.0,High,2026-06-30
RSK000202,CUS000202,20.86,Low,2026-06-30
RSK000203,CUS000203,75.8,High,2026-06-30
RSK000204,CUS000204,100.0,High,2026-06-30
RSK000205,CUS000205,47.51,Medium,2026-06-30
RSK000206,CUS000206,100.0,High,2026-06-30
RSK000207,CUS000207,100.0,High,2026-06-30
RSK000208,CUS000208,100.0,High,2026-06-30
RSK000209,CUS000209,46.55,Medium,2026-06-30
RSK000210,CUS000210,24.57,Low,2026-06-30
RSK000211,CUS000211,95.17,High,2026-06-30
RSK000212,CUS000212,93.71,High,2026-06-30
RSK000213,CUS000213,31.78,Medium,2026-06-30
RSK000214,CUS000214,52.39,Medium,2026-06-30
RSK000215,CUS000215,29.75,Low,2026-06-30
RSK000216,CUS000216,70.57,High,2026-06-30
RSK000217,CUS000217,30.77,Medium,2026-06-30
RSK000218,CUS000218,54.8,Medium,2026-06-30
RSK000219,CUS000219,43.49,Medium,2026-06-30
RSK000220,CUS000220,99.4,High,2026-06-30
RSK000221,CUS000221,20.56,Low,2026-06-30
RSK000222,CUS000222,21.0,Low,2026-06-30
RSK000223,CUS000223,22.53,Low,2026-06-30
RSK000224,CUS000224,65.31,High,2026-06-30
RSK000225,CUS000225,24.94,Low,2026-06-30
RSK000226,CUS000226,34.41,Medium,2026-06-30
RSK000227,CUS000227,71.9,High,2026-06-30
RSK000228,CUS000228,25.78,Low,2026-06-30
RSK000229,CUS000229,24.46,Low,2026-06-30
RSK000230,CUS000230,91.28,High,2026-06-30
RSK000231,CUS000231,62.33,High,2026-06-30
RSK000232,CUS000232,9.81,Low,2026-06-30
RSK000233,CUS000233,68.42,High,2026-06-30
RSK000234,CUS000234,78.2,High,2026-06-30
RSK000235,CUS000235,70.1,High,2026-06-30
RSK000236,CUS000236,57.97,Medium,2026-06-30
RSK000237,CUS000237,44.34,Medium,2026-06-30
RSK000238,CUS000238,100.0,High,2026-06-30
RSK000239,CUS000239,21.84,Low,2026-06-30
RSK000240,CUS000240,73.22,High,2026-06-30
RSK000241,CUS000241,100.0,High,2026-06-30
RSK000242,CUS000242,25.57,Low,2026-06-30
RSK000243,CUS000243,71.19,High,2026-06-30
RSK000244,CUS000244,34.65,Medium,2026-06-30
RSK000245,CUS000245,30.6,Medium,2026-06-30
RSK000246,CUS000246,26.85,Low,2026-06-30
RSK000247,CUS000247,73.52,High,2026-06-30
RSK000248,CUS000248,85.15,High,2026-06-30
RSK000249,CUS000249,22.81,Low,2026-06-30
RSK000250,CUS000250,39.82,Medium,2026-06-30
RSK000251,CUS000251,100.0,High,2026-06-30
RSK000252,CUS000252,36.25,Medium,2026-06-30
RSK000253,CUS000253,100.0,High,2026-06-30
RSK000254,CUS000254,48.24,Medium,2026-06-30
RSK000255,CUS000255,40.93,Medium,2026-06-30
RSK000256,CUS000256,34.48,Medium,2026-06-30
RSK000257,CUS000257,21.17,Low,2026-06-30
RSK000258,CUS000258,45.13,Medium,2026-06-30
RSK000259,CUS000259,100.0,High,2026-06-30
RSK000260,CUS000260,38.27,Medium,2026-06-30
RSK000261,CUS000261,41.83,Medium,2026-06-30
RSK000262,CUS000262,80.91,High,2026-06-30
RSK000263,CUS000263,37.3,Medium,2026-06-30
RSK000264,CUS000264,20.39,Low,2026-06-30
RSK000265,CUS000265,54.47,Medium,2026-06-30
RSK000266,CUS000266,29.73,Low,2026-06-30
RSK000267,CUS000267,100.0,High,2026-06-30
RSK000268,CUS000268,13.24,Low,2026-06-30
RSK000269,CUS000269,88.01,High,2026-06-30
RSK000270,CUS000270,59.84,Medium,2026-06-30
RSK000271,CUS000271,40.92,Medium,2026-06-30
RSK000272,CUS000272,31.11,Medium,2026-06-30
RSK000273,CUS000273,88.58,High,2026-06-30
RSK000274,CUS000274,47.82,Medium,2026-06-30
RSK000275,CUS000275,14.22,Low,2026-06-30
RSK000276,CUS000276,32.86,Medium,2026-06-30
RSK000277,CUS000277,20.57,Low,2026-06-30
RSK000278,CUS000278,100.0,High,2026-06-30
RSK000279,CUS000279,44.41,Medium,2026-06-30
RSK000280,CUS000280,39.87,Medium,2026-06-30
RSK000281,CUS000281,17.49,Low,2026-06-30
RSK000282,CUS000282,100.0,High,2026-06-30
RSK000283,CUS000283,32.51,Medium,2026-06-30
RSK000284,CUS000284,100.0,High,2026-06-30
RSK000285,CUS000285,51.82,Medium,2026-06-30
RSK000286,CUS000286,15.07,Low,2026-06-30
RSK000287,CUS000287,28.1,Low,2026-06-30
RSK000288,CUS000288,55.92,Medium,2026-06-30
RSK000289,CUS000289,83.5,High,2026-06-30
RSK000290,CUS000290,78.31,High,2026-06-30
RSK000291,CUS000291,70.59,High,2026-06-30
RSK000292,CUS000292,75.83,High,2026-06-30
RSK000293,CUS000293,49.24,Medium,2026-06-30
RSK000294,CUS000294,100.0,High,2026-06-30
RSK000295,CUS000295,47.41,Medium,2026-06-30
RSK000296,CUS000296,100.0,High,2026-06-30
RSK000297,CUS000297,75.99,High,2026-06-30
RSK000298,CUS000298,79.39,High,2026-06-30
RSK000299,CUS000299,20.43,Low,2026-06-30
RSK000300,CUS000300,69.27,High,2026-06-30
RSK000301,CUS000301,90.5,High,2026-06-30
RSK000302,CUS000302,100.0,High,2026-06-30
RSK000303,CUS000303,14.99,Low,2026-06-30
RSK000304,CUS000304,28.13,Low,2026-06-30
RSK000305,CUS000305,48.84,Medium,2026-06-30
RSK000306,CUS000306,34.56,Medium,2026-06-30
RSK000307,CUS000307,28.26,Low,2026-06-30
RSK000308,CUS000308,32.44,Medium,2026-06-30
RSK000309,CUS000309,100.0,High,2026-06-30
RSK000310,CUS000310,28.63,Low,2026-06-30
RSK000311,CUS000311,21.43,Low,2026-06-30
RSK000312,CUS000312,32.46,Medium,2026-06-30
RSK000313,CUS000313,69.41,High,2026-06-30
RSK000314,CUS000314,79.06,High,2026-06-30
RSK000315,CUS000315,70.02,High,2026-06-30
RSK000316,CUS000316,48.37,Medium,2026-06-30
RSK000317,CUS000317,67.32,High,2026-06-30
RSK000318,CUS000318,94.51,High,2026-06-30
RSK000319,CUS000319,34.78,Medium,2026-06-30
RSK000320,CUS000320,33.53,Medium,2026-06-30
RSK000321,CUS000321,24.77,Low,2026-06-30
RSK000322,CUS000322,21.63,Low,2026-06-30
RSK000323,CUS000323,32.3,Medium,2026-06-30
RSK000324,CUS000324,53.46,Medium,2026-06-30
RSK000325,CUS000325,25.5,Low,2026-06-30
RSK000326,CUS000326,100.0,High,2026-06-30
RSK000327,CUS000327,100.0,High,2026-06-30
RSK000328,CUS000328,34.67,Medium,2026-06-30
RSK000329,CUS000329,52.24,Medium,2026-06-30
RSK000330,CUS000330,73.74,High,2026-06-30
RSK000331,CUS000331,100.0,High,2026-06-30
RSK000332,CUS000332,67.63,High,2026-06-30
RSK000333,CUS000333,58.43,Medium,2026-06-30
RSK000334,CUS000334,43.29,Medium,2026-06-30
RSK000335,CUS000335,40.1,Medium,2026-06-30
RSK000336,CUS000336,34.17,Medium,2026-06-30
RSK000337,CUS000337,58.89,Medium,2026-06-30
RSK000338,CUS000338,31.6,Medium,2026-06-30
RSK000339,CUS000339,33.04,Medium,2026-06-30
RSK000340,CUS000340,27.46,Low,2026-06-30
RSK000341,CUS000341,100.0,High,2026-06-30
RSK000342,CUS000342,80.4,High,2026-06-30
RSK000343,CUS000343,19.4,Low,2026-06-30
RSK000344,CUS000344,62.64,High,2026-06-30
RSK000345,CUS000345,35.93,Medium,2026-06-30
RSK000346,CUS000346,32.78,Medium,2026-06-30
RSK000347,CUS000347,19.07,Low,2026-06-30
RSK000348,CUS000348,100.0,High,2026-06-30
RSK000349,CUS000349,100.0,High,2026-06-30
RSK000350,CUS000350,100.0,High,2026-06-30
RSK000351,CUS000351,81.49,High,2026-06-30
RSK000352,CUS000352,7.66,Low,2026-06-30
RSK000353,CUS000353,89.55,High,2026-06-30
RSK000354,CUS000354,100.0,High,2026-06-30
RSK000355,CUS000355,56.11,Medium,2026-06-30
RSK000356,CUS000356,52.92,Medium,2026-06-30
RSK000357,CUS000357,29.42,Low,2026-06-30
RSK000358,CUS000358,25.8,Low,2026-06-30
RSK000359,CUS000359,88.6,High,2026-06-30
RSK000360,CUS000360,39.58,Medium,2026-06-30
RSK000361,CUS000361,86.65,High,2026-06-30
RSK000362,CUS000362,88.74,High,2026-06-30
RSK000363,CUS000363,100.0,High,2026-06-30
RSK000364,CUS000364,30.02,Medium,2026-06-30
RSK000365,CUS000365,30.64,Medium,2026-06-30
RSK000366,CUS000366,26.14,Low,2026-06-30
RSK000367,CUS000367,30.17,Medium,2026-06-30
RSK000368,CUS000368,22.6,Low,2026-06-30
RSK000369,CUS000369,46.65,Medium,2026-06-30
RSK000370,CUS000370,20.39,Low,2026-06-30
RSK000371,CUS000371,51.68,Medium,2026-06-30
RSK000372,CUS000372,7.06,Low,2026-06-30
RSK000373,CUS000373,33.42,Medium,2026-06-30
RSK000374,CUS000374,37.54,Medium,2026-06-30
RSK000375,CUS000375,59.07,Medium,2026-06-30
RSK000376,CUS000376,29.51,Low,2026-06-30
RSK000377,CUS000377,86.9,High,2026-06-30
RSK000378,CUS000378,14.52,Low,2026-06-30
RSK000379,CUS000379,29.6,Low,2026-06-30
RSK000380,CUS000380,22.48,Low,2026-06-30
RSK000381,CUS000381,39.06,Medium,2026-06-30
RSK000382,CUS000382,24.15,Low,2026-06-30
RSK000383,CUS000383,47.57,Medium,2026-06-30
RSK000384,CUS000384,52.3,Medium,2026-06-30
RSK000385,CUS000385,8.79,Low,2026-06-30
RSK000386,CUS000386,67.53,High,2026-06-30
RSK000387,CUS000387,100.0,High,2026-06-30
RSK000388,CUS000388,70.73,High,2026-06-30
RSK000389,CUS000389,37.25,Medium,2026-06-30
RSK000390,CUS000390,56.03,Medium,2026-06-30
RSK000391,CUS000391,43.07,Medium,2026-06-30
RSK000392,CUS000392,36.12,Medium,2026-06-30
RSK000393,CUS000393,22.1,Low,2026-06-30
RSK000394,CUS000394,79.22,High,2026-06-30
RSK000395,CUS000395,21.67,Low,2026-06-30
RSK000396,CUS000396,45.61,Medium,2026-06-30
RSK000397,CUS000397,57.8,Medium,2026-06-30
RSK000398,CUS000398,17.33,Low,2026-06-30
RSK000399,CUS000399,100.0,High,2026-06-30
RSK000400,CUS000400,25.86,Low,2026-06-30
RSK000401,CUS000401,26.78,Low,2026-06-30
RSK000402,CUS000402,14.97,Low,2026-06-30
RSK000403,CUS000403,100.0,High,2026-06-30
RSK000404,CUS000404,9.49,Low,2026-06-30
RSK000405,CUS000405,99.25,High,2026-06-30
RSK000406,CUS000406,34.62,Medium,2026-06-30
RSK000407,CUS000407,47.33,Medium,2026-06-30
RSK000408,CUS000408,23.93,Low,2026-06-30
RSK000409,CUS000409,89.07,High,2026-06-30
RSK000410,CUS000410,92.52,High,2026-06-30
RSK000411,CUS000411,90.61,High,2026-06-30
RSK000412,CUS000412,20.65,Low,2026-06-30
RSK000413,CUS000413,49.09,Medium,2026-06-30
RSK000414,CUS000414,50.37,Medium,2026-06-30
RSK000415,CUS000415,26.11,Low,2026-06-30
RSK000416,CUS000416,100.0,High,2026-06-30
RSK000417,CUS000417,10.28,Low,2026-06-30
RSK000418,CUS000418,22.95,Low,2026-06-30
RSK000419,CUS000419,29.64,Low,2026-06-30
RSK000420,CUS000420,19.49,Low,2026-06-30
RSK000421,CUS000421,62.04,High,2026-06-30
RSK000422,CUS000422,100.0,High,2026-06-30
RSK000423,CUS000423,8.61,Low,2026-06-30
RSK000424,CUS000424,45.96,Medium,2026-06-30
RSK000425,CUS000425,45.3,Medium,2026-06-30
RSK000426,CUS000426,73.17,High,2026-06-30
RSK000427,CUS000427,52.59,Medium,2026-06-30
RSK000428,CUS000428,22.35,Low,2026-06-30
RSK000429,CUS000429,42.76,Medium,2026-06-30
RSK000430,CUS000430,100.0,High,2026-06-30
RSK000431,CUS000431,25.19,Low,2026-06-30
RSK000432,CUS000432,25.94,Low,2026-06-30
RSK000433,CUS000433,50.61,Medium,2026-06-30
RSK000434,CUS000434,16.72,Low,2026-06-30
RSK000435,CUS000435,44.16,Medium,2026-06-30
RSK000436,CUS000436,86.47,High,2026-06-30
RSK000437,CUS000437,52.14,Medium,2026-06-30
RSK000438,CUS000438,18.59,Low,2026-06-30
RSK000439,CUS000439,31.57,Medium,2026-06-30
RSK000440,CUS000440,100.0,High,2026-06-30
RSK000441,CUS000441,100.0,High,2026-06-30
RSK000442,CUS000442,27.41,Low,2026-06-30
RSK000443,CUS000443,76.78,High,2026-06-30
RSK000444,CUS000444,8.24,Low,2026-06-30
RSK000445,CUS000445,58.65,Medium,2026-06-30
RSK000446,CUS000446,41.69,Medium,2026-06-30
RSK000447,CUS000447,14.51,Low,2026-06-30
RSK000448,CUS000448,78.39,High,2026-06-30
RSK000449,CUS000449,98.63,High,2026-06-30
RSK000450,CUS000450,46.14,Medium,2026-06-30
RSK000451,CUS000451,26.27,Low,2026-06-30
RSK000452,CUS000452,26.4,Low,2026-06-30
RSK000453,CUS000453,100.0,High,2026-06-30
RSK000454,CUS000454,63.41,High,2026-06-30
RSK000455,CUS000455,35.56,Medium,2026-06-30
RSK000456,CUS000456,93.65,High,2026-06-30
RSK000457,CUS000457,64.05,High,2026-06-30
RSK000458,CUS000458,22.03,Low,2026-06-30
RSK000459,CUS000459,28.3,Low,2026-06-30
RSK000460,CUS000460,53.14,Medium,2026-06-30
RSK000461,CUS000461,62.07,High,2026-06-30
RSK000462,CUS000462,38.72,Medium,2026-06-30
RSK000463,CUS000463,42.25,Medium,2026-06-30
RSK000464,CUS000464,45.71,Medium,2026-06-30
RSK000465,CUS000465,33.62,Medium,2026-06-30
RSK000466,CUS000466,30.2,Medium,2026-06-30
RSK000467,CUS000467,76.99,High,2026-06-30
RSK000468,CUS000468,100.0,High,2026-06-30
RSK000469,CUS000469,25.15,Low,2026-06-30
RSK000470,CUS000470,73.09,High,2026-06-30
RSK000471,CUS000471,60.61,High,2026-06-30
RSK000472,CUS000472,71.87,High,2026-06-30
RSK000473,CUS000473,51.12,Medium,2026-06-30
RSK000474,CUS000474,34.0,Medium,2026-06-30
RSK000475,CUS000475,25.24,Low,2026-06-30
RSK000476,CUS000476,60.97,High,2026-06-30
RSK000477,CUS000477,40.24,Medium,2026-06-30
RSK000478,CUS000478,19.44,Low,2026-06-30
RSK000479,CUS000479,57.57,Medium,2026-06-30
RSK000480,CUS000480,100.0,High,2026-06-30
RSK000481,CUS000481,41.49,Medium,2026-06-30
RSK000482,CUS000482,32.58,Medium,2026-06-30
RSK000483,CUS000483,64.17,High,2026-06-30
RSK000484,CUS000484,36.19,Medium,2026-06-30
RSK000485,CUS000485,33.76,Medium,2026-06-30
RSK000486,CUS000486,37.82,Medium,2026-06-30
RSK000487,CUS000487,50.22,Medium,2026-06-30
RSK000488,CUS000488,44.32,Medium,2026-06-30
RSK000489,CUS000489,49.91,Medium,2026-06-30
RSK000490,CUS000490,100.0,High,2026-06-30
RSK000491,CUS000491,15.6,Low,2026-06-30
RSK000492,CUS000492,46.25,Medium,2026-06-30
RSK000493,CUS000493,100.0,High,2026-06-30
RSK000494,CUS000494,59.36,Medium,2026-06-30
RSK000495,CUS000495,33.56,Medium,2026-06-30
RSK000496,CUS000496,7.91,Low,2026-06-30
RSK000497,CUS000497,41.03,Medium,2026-06-30
RSK000498,CUS000498,41.67,Medium,2026-06-30
RSK000499,CUS000499,43.79,Medium,2026-06-30
RSK000500,CUS000500,19.43,Low,2026-06-30
RSK000501,CUS000501,61.09,High,2026-06-30
RSK000502,CUS000502,34.87,Medium,2026-06-30
RSK000503,CUS000503,40.52,Medium,2026-06-30
RSK000504,CUS000504,26.48,Low,2026-06-30
RSK000505,CUS000505,34.44,Medium,2026-06-30
RSK000506,CUS000506,69.11,High,2026-06-30
RSK000507,CUS000507,33.73,Medium,2026-06-30
RSK000508,CUS000508,55.08,Medium,2026-06-30
RSK000509,CUS000509,76.29,High,2026-06-30
RSK000510,CUS000510,76.21,High,2026-06-30
RSK000511,CUS000511,35.36,Medium,2026-06-30
RSK000512,CUS000512,19.19,Low,2026-06-30
RSK000513,CUS000513,69.29,High,2026-06-30
RSK000514,CUS000514,40.01,Medium,2026-06-30
RSK000515,CUS000515,100.0,High,2026-06-30
RSK000516,CUS000516,100.0,High,2026-06-30
RSK000517,CUS000517,97.47,High,2026-06-30
RSK000518,CUS000518,44.07,Medium,2026-06-30
RSK000519,CUS000519,14.26,Low,2026-06-30
RSK000520,CUS000520,100.0,High,2026-06-30
RSK000521,CUS000521,76.13,High,2026-06-30
RSK000522,CUS000522,44.54,Medium,2026-06-30
RSK000523,CUS000523,32.55,Medium,2026-06-30
RSK000524,CUS000524,32.89,Medium,2026-06-30
RSK000525,CUS000525,51.99,Medium,2026-06-30
RSK000526,CUS000526,87.34,High,2026-06-30
RSK000527,CUS000527,35.67,Medium,2026-06-30
RSK000528,CUS000528,44.27,Medium,2026-06-30
RSK000529,CUS000529,100.0,High,2026-06-30
RSK000530,CUS000530,42.54,Medium,2026-06-30
RSK000531,CUS000531,100.0,High,2026-06-30
RSK000532,CUS000532,87.71,High,2026-06-30
RSK000533,CUS000533,39.16,Medium,2026-06-30
RSK000534,CUS000534,99.41,High,2026-06-30
RSK000535,CUS000535,99.64,High,2026-06-30
RSK000536,CUS000536,100.0,High,2026-06-30
RSK000537,CUS000537,25.43,Low,2026-06-30
RSK000538,CUS000538,87.18,High,2026-06-30
RSK000539,CUS000539,85.24,High,2026-06-30
RSK000540,CUS000540,21.43,Low,2026-06-30
RSK000541,CUS000541,46.56,Medium,2026-06-30
RSK000542,CUS000542,46.91,Medium,2026-06-30
RSK000543,CUS000543,98.9,High,2026-06-30
RSK000544,CUS000544,100.0,High,2026-06-30
RSK000545,CUS000545,24.5,Low,2026-06-30
RSK000546,CUS000546,77.37,High,2026-06-30
RSK000547,CUS000547,26.99,Low,2026-06-30
RSK000548,CUS000548,24.96,Low,2026-06-30
RSK000549,CUS000549,13.1,Low,2026-06-30
RSK000550,CUS000550,45.24,Medium,2026-06-30
RSK000551,CUS000551,24.07,Low,2026-06-30
RSK000552,CUS000552,23.52,Low,2026-06-30
RSK000553,CUS000553,100.0,High,2026-06-30
RSK000554,CUS000554,35.58,Medium,2026-06-30
RSK000555,CUS000555,41.58,Medium,2026-06-30
RSK000556,CUS000556,100.0,High,2026-06-30
RSK000557,CUS000557,95.62,High,2026-06-30
RSK000558,CUS000558,82.69,High,2026-06-30
RSK000559,CUS000559,100.0,High,2026-06-30
RSK000560,CUS000560,49.56,Medium,2026-06-30
RSK000561,CUS000561,36.09,Medium,2026-06-30
RSK000562,CUS000562,100.0,High,2026-06-30
RSK000563,CUS000563,45.94,Medium,2026-06-30
RSK000564,CUS000564,100.0,High,2026-06-30
RSK000565,CUS000565,47.82,Medium,2026-06-30
RSK000566,CUS000566,36.06,Medium,2026-06-30
RSK000567,CUS000567,17.38,Low,2026-06-30
RSK000568,CUS000568,39.33,Medium,2026-06-30
RSK000569,CUS000569,100.0,High,2026-06-30
RSK000570,CUS000570,11.05,Low,2026-06-30
RSK000571,CUS000571,27.98,Low,2026-06-30
RSK000572,CUS000572,100.0,High,2026-06-30
RSK000573,CUS000573,42.51,Medium,2026-06-30
RSK000574,CUS000574,79.68,High,2026-06-30
RSK000575,CUS000575,16.92,Low,2026-06-30
RSK000576,CUS000576,96.9,High,2026-06-30
RSK000577,CUS000577,54.42,Medium,2026-06-30
RSK000578,CUS000578,100.0,High,2026-06-30
RSK000579,CUS000579,100.0,High,2026-06-30
RSK000580,CUS000580,18.31,Low,2026-06-30
RSK000581,CUS000581,54.89,Medium,2026-06-30
RSK000582,CUS000582,27.94,Low,2026-06-30
RSK000583,CUS000583,19.24,Low,2026-06-30
RSK000584,CUS000584,31.45,Medium,2026-06-30
RSK000585,CUS000585,79.65,High,2026-06-30
RSK000586,CUS000586,18.11,Low,2026-06-30
RSK000587,CUS000587,74.51,High,2026-06-30
RSK000588,CUS000588,45.93,Medium,2026-06-30
RSK000589,CUS000589,100.0,High,2026-06-30
RSK000590,CUS000590,54.35,Medium,2026-06-30
RSK000591,CUS000591,32.74,Medium,2026-06-30
RSK000592,CUS000592,33.19,Medium,2026-06-30
RSK000593,CUS000593,41.06,Medium,2026-06-30
RSK000594,CUS000594,44.92,Medium,2026-06-30
RSK000595,CUS000595,16.41,Low,2026-06-30
RSK000596,CUS000596,100.0,High,2026-06-30
RSK000597,CUS000597,34.02,Medium,2026-06-30
RSK000598,CUS000598,58.21,Medium,2026-06-30
RSK000599,CUS000599,100.0,High,2026-06-30
RSK000600,CUS000600,29.07,Low,2026-06-30
RSK000601,CUS000601,80.82,High,2026-06-30
RSK000602,CUS000602,30.64,Medium,2026-06-30
RSK000603,CUS000603,65.06,High,2026-06-30
RSK000604,CUS000604,45.06,Medium,2026-06-30
RSK000605,CUS000605,76.76,High,2026-06-30
RSK000606,CUS000606,61.25,High,2026-06-30
RSK000607,CUS000607,29.71,Low,2026-06-30
RSK000608,CUS000608,99.55,High,2026-06-30
RSK000609,CUS000609,65.86,High,2026-06-30
RSK000610,CUS000610,37.6,Medium,2026-06-30
RSK000611,CUS000611,100.0,High,2026-06-30
RSK000612,CUS000612,90.35,High,2026-06-30
RSK000613,CUS000613,42.51,Medium,2026-06-30
RSK000614,CUS000614,32.55,Medium,2026-06-30
RSK000615,CUS000615,21.29,Low,2026-06-30
RSK000616,CUS000616,22.46,Low,2026-06-30
RSK000617,CUS000617,95.19,High,2026-06-30
RSK000618,CUS000618,100.0,High,2026-06-30
RSK000619,CUS000619,27.91,Low,2026-06-30
RSK000620,CUS000620,32.04,Medium,2026-06-30
RSK000621,CUS000621,80.05,High,2026-06-30
RSK000622,CUS000622,49.91,Medium,2026-06-30
RSK000623,CUS000623,71.85,High,2026-06-30
RSK000624,CUS000624,61.81,High,2026-06-30
RSK000625,CUS000625,28.34,Low,2026-06-30
RSK000626,CUS000626,2.49,Low,2026-06-30
RSK000627,CUS000627,68.04,High,2026-06-30
RSK000628,CUS000628,8.84,Low,2026-06-30
RSK000629,CUS000629,17.92,Low,2026-06-30
RSK000630,CUS000630,78.33,High,2026-06-30
RSK000631,CUS000631,30.92,Medium,2026-06-30
RSK000632,CUS000632,63.97,High,2026-06-30
RSK000633,CUS000633,44.41,Medium,2026-06-30
RSK000634,CUS000634,23.37,Low,2026-06-30
RSK000635,CUS000635,64.88,High,2026-06-30
RSK000636,CUS000636,29.04,Low,2026-06-30
RSK000637,CUS000637,100.0,High,2026-06-30
RSK000638,CUS000638,28.81,Low,2026-06-30
RSK000639,CUS000639,48.99,Medium,2026-06-30
RSK000640,CUS000640,15.33,Low,2026-06-30
RSK000641,CUS000641,31.83,Medium,2026-06-30
RSK000642,CUS000642,44.86,Medium,2026-06-30
RSK000643,CUS000643,23.21,Low,2026-06-30
RSK000644,CUS000644,52.78,Medium,2026-06-30
RSK000645,CUS000645,93.04,High,2026-06-30
RSK000646,CUS000646,59.69,Medium,2026-06-30
RSK000647,CUS000647,40.72,Medium,2026-06-30
RSK000648,CUS000648,14.87,Low,2026-06-30
RSK000649,CUS000649,100.0,High,2026-06-30
RSK000650,CUS000650,63.72,High,2026-06-30
RSK000651,CUS000651,9.28,Low,2026-06-30
RSK000652,CUS000652,100.0,High,2026-06-30
RSK000653,CUS000653,38.66,Medium,2026-06-30
RSK000654,CUS000654,100.0,High,2026-06-30
RSK000655,CUS000655,59.08,Medium,2026-06-30
RSK000656,CUS000656,79.83,High,2026-06-30
RSK000657,CUS000657,59.59,Medium,2026-06-30
RSK000658,CUS000658,88.19,High,2026-06-30
RSK000659,CUS000659,45.62,Medium,2026-06-30
RSK000660,CUS000660,53.93,Medium,2026-06-30
RSK000661,CUS000661,42.07,Medium,2026-06-30
RSK000662,CUS000662,33.35,Medium,2026-06-30
RSK000663,CUS000663,42.14,Medium,2026-06-30
RSK000664,CUS000664,25.85,Low,2026-06-30
RSK000665,CUS000665,64.74,High,2026-06-30
RSK000666,CUS000666,100.0,High,2026-06-30
RSK000667,CUS000667,87.94,High,2026-06-30
RSK000668,CUS000668,19.3,Low,2026-06-30
RSK000669,CUS000669,87.48,High,2026-06-30
RSK000670,CUS000670,33.44,Medium,2026-06-30
RSK000671,CUS000671,44.6,Medium,2026-06-30
RSK000672,CUS000672,19.33,Low,2026-06-30
RSK000673,CUS000673,32.09,Medium,2026-06-30
RSK000674,CUS000674,12.4,Low,2026-06-30
RSK000675,CUS000675,11.89,Low,2026-06-30
RSK000676,CUS000676,73.06,High,2026-06-30
RSK000677,CUS000677,51.28,Medium,2026-06-30
RSK000678,CUS000678,9.29,Low,2026-06-30
RSK000679,CUS000679,25.44,Low,2026-06-30
RSK000680,CUS000680,50.72,Medium,2026-06-30
RSK000681,CUS000681,37.49,Medium,2026-06-30
RSK000682,CUS000682,35.02,Medium,2026-06-30
RSK000683,CUS000683,43.35,Medium,2026-06-30
RSK000684,CUS000684,100.0,High,2026-06-30
RSK000685,CUS000685,12.69,Low,2026-06-30
RSK000686,CUS000686,65.27,High,2026-06-30
RSK000687,CUS000687,79.95,High,2026-06-30
RSK000688,CUS000688,88.44,High,2026-06-30
RSK000689,CUS000689,100.0,High,2026-06-30
RSK000690,CUS000690,45.09,Medium,2026-06-30
RSK000691,CUS000691,17.92,Low,2026-06-30
RSK000692,CUS000692,24.95,Low,2026-06-30
RSK000693,CUS000693,100.0,High,2026-06-30
RSK000694,CUS000694,38.63,Medium,2026-06-30
RSK000695,CUS000695,20.66,Low,2026-06-30
RSK000696,CUS000696,15.63,Low,2026-06-30
RSK000697,CUS000697,49.1,Medium,2026-06-30
RSK000698,CUS000698,69.93,High,2026-06-30
RSK000699,CUS000699,32.21,Medium,2026-06-30
RSK000700,CUS000700,44.13,Medium,2026-06-30
RSK000701,CUS000701,41.02,Medium,2026-06-30
RSK000702,CUS000702,18.11,Low,2026-06-30
RSK000703,CUS000703,69.11,High,2026-06-30
RSK000704,CUS000704,52.86,Medium,2026-06-30
RSK000705,CUS000705,49.9,Medium,2026-06-30
RSK000706,CUS000706,37.21,Medium,2026-06-30
RSK000707,CUS000707,65.97,High,2026-06-30
RSK000708,CUS000708,7.18,Low,2026-06-30
RSK000709,CUS000709,30.79,Medium,2026-06-30
RSK000710,CUS000710,90.5,High,2026-06-30
RSK000711,CUS000711,92.12,High,2026-06-30
RSK000712,CUS000712,23.8,Low,2026-06-30
RSK000713,CUS000713,49.02,Medium,2026-06-30
RSK000714,CUS000714,26.76,Low,2026-06-30
RSK000715,CUS000715,100.0,High,2026-06-30
RSK000716,CUS000716,38.83,Medium,2026-06-30
RSK000717,CUS000717,71.31,High,2026-06-30
RSK000718,CUS000718,33.08,Medium,2026-06-30
RSK000719,CUS000719,45.85,Medium,2026-06-30
RSK000720,CUS000720,18.23,Low,2026-06-30
RSK000721,CUS000721,49.61,Medium,2026-06-30
RSK000722,CUS000722,79.96,High,2026-06-30
RSK000723,CUS000723,25.97,Low,2026-06-30
RSK000724,CUS000724,36.53,Medium,2026-06-30
RSK000725,CUS000725,75.78,High,2026-06-30
RSK000726,CUS000726,48.12,Medium,2026-06-30
RSK000727,CUS000727,30.0,Low,2026-06-30
RSK000728,CUS000728,45.35,Medium,2026-06-30
RSK000729,CUS000729,16.53,Low,2026-06-30
RSK000730,CUS000730,85.84,High,2026-06-30
RSK000731,CUS000731,31.5,Medium,2026-06-30
RSK000732,CUS000732,30.01,Medium,2026-06-30
RSK000733,CUS000733,73.2,High,2026-06-30
RSK000734,CUS000734,84.6,High,2026-06-30
RSK000735,CUS000735,100.0,High,2026-06-30
RSK000736,CUS000736,100.0,High,2026-06-30
RSK000737,CUS000737,66.15,High,2026-06-30
RSK000738,CUS000738,33.14,Medium,2026-06-30
RSK000739,CUS000739,16.18,Low,2026-06-30
RSK000740,CUS000740,66.1,High,2026-06-30
RSK000741,CUS000741,83.89,High,2026-06-30
RSK000742,CUS000742,57.59,Medium,2026-06-30
RSK000743,CUS000743,69.16,High,2026-06-30
RSK000744,CUS000744,43.88,Medium,2026-06-30
RSK000745,CUS000745,100.0,High,2026-06-30
RSK000746,CUS000746,53.85,Medium,2026-06-30
RSK000747,CUS000747,21.45,Low,2026-06-30
RSK000748,CUS000748,36.46,Medium,2026-06-30
RSK000749,CUS000749,58.25,Medium,2026-06-30
RSK000750,CUS000750,67.93,High,2026-06-30
RSK000751,CUS000751,24.81,Low,2026-06-30
RSK000752,CUS000752,50.36,Medium,2026-06-30
RSK000753,CUS000753,45.38,Medium,2026-06-30
RSK000754,CUS000754,27.26,Low,2026-06-30
RSK000755,CUS000755,5.19,Low,2026-06-30
RSK000756,CUS000756,91.55,High,2026-06-30
RSK000757,CUS000757,100.0,High,2026-06-30
RSK000758,CUS000758,68.81,High,2026-06-30
RSK000759,CUS000759,66.4,High,2026-06-30
RSK000760,CUS000760,13.08,Low,2026-06-30
RSK000761,CUS000761,70.0,High,2026-06-30
RSK000762,CUS000762,14.61,Low,2026-06-30
RSK000763,CUS000763,100.0,High,2026-06-30
RSK000764,CUS000764,26.94,Low,2026-06-30
RSK000765,CUS000765,72.92,High,2026-06-30
RSK000766,CUS000766,100.0,High,2026-06-30
RSK000767,CUS000767,73.93,High,2026-06-30
RSK000768,CUS000768,19.84,Low,2026-06-30
RSK000769,CUS000769,35.55,Medium,2026-06-30
RSK000770,CUS000770,67.7,High,2026-06-30
RSK000771,CUS000771,53.73,Medium,2026-06-30
RSK000772,CUS000772,23.6,Low,2026-06-30
RSK000773,CUS000773,10.08,Low,2026-06-30
RSK000774,CUS000774,37.57,Medium,2026-06-30
RSK000775,CUS000775,41.46,Medium,2026-06-30
RSK000776,CUS000776,100.0,High,2026-06-30
RSK000777,CUS000777,100.0,High,2026-06-30
RSK000778,CUS000778,37.62,Medium,2026-06-30
RSK000779,CUS000779,44.97,Medium,2026-06-30
RSK000780,CUS000780,68.43,High,2026-06-30
RSK000781,CUS000781,21.77,Low,2026-06-30
RSK000782,CUS000782,65.55,High,2026-06-30
RSK000783,CUS000783,48.69,Medium,2026-06-30
RSK000784,CUS000784,100.0,High,2026-06-30
RSK000785,CUS000785,36.19,Medium,2026-06-30
RSK000786,CUS000786,80.17,High,2026-06-30
RSK000787,CUS000787,42.51,Medium,2026-06-30
RSK000788,CUS000788,100.0,High,2026-06-30
RSK000789,CUS000789,37.47,Medium,2026-06-30
RSK000790,CUS000790,57.26,Medium,2026-06-30
RSK000791,CUS000791,22.25,Low,2026-06-30
RSK000792,CUS000792,65.01,High,2026-06-30
RSK000793,CUS000793,100.0,High,2026-06-30
RSK000794,CUS000794,36.58,Medium,2026-06-30
RSK000795,CUS000795,28.09,Low,2026-06-30
RSK000796,CUS000796,84.6,High,2026-06-30
RSK000797,CUS000797,29.13,Low,2026-06-30
RSK000798,CUS000798,56.24,Medium,2026-06-30
RSK000799,CUS000799,28.06,Low,2026-06-30
RSK000800,CUS000800,81.69,High,2026-06-30
RSK000801,CUS000801,40.3,Medium,2026-06-30
RSK000802,CUS000802,100.0,High,2026-06-30
RSK000803,CUS000803,65.75,High,2026-06-30
RSK000804,CUS000804,73.3,High,2026-06-30
RSK000805,CUS000805,75.64,High,2026-06-30
RSK000806,CUS000806,16.64,Low,2026-06-30
RSK000807,CUS000807,45.02,Medium,2026-06-30
RSK000808,CUS000808,100.0,High,2026-06-30
RSK000809,CUS000809,100.0,High,2026-06-30
RSK000810,CUS000810,10.8,Low,2026-06-30
RSK000811,CUS000811,50.28,Medium,2026-06-30
RSK000812,CUS000812,86.34,High,2026-06-30
RSK000813,CUS000813,14.68,Low,2026-06-30
RSK000814,CUS000814,12.84,Low,2026-06-30
RSK000815,CUS000815,65.98,High,2026-06-30
RSK000816,CUS000816,69.99,High,2026-06-30
RSK000817,CUS000817,85.04,High,2026-06-30
RSK000818,CUS000818,100.0,High,2026-06-30
RSK000819,CUS000819,28.7,Low,2026-06-30
RSK000820,CUS000820,97.75,High,2026-06-30
RSK000821,CUS000821,34.3,Medium,2026-06-30
RSK000822,CUS000822,32.26,Medium,2026-06-30
RSK000823,CUS000823,46.6,Medium,2026-06-30
RSK000824,CUS000824,49.56,Medium,2026-06-30
RSK000825,CUS000825,27.18,Low,2026-06-30
RSK000826,CUS000826,39.64,Medium,2026-06-30
RSK000827,CUS000827,100.0,High,2026-06-30
RSK000828,CUS000828,62.84,High,2026-06-30
RSK000829,CUS000829,94.71,High,2026-06-30
RSK000830,CUS000830,35.8,Medium,2026-06-30
RSK000831,CUS000831,100.0,High,2026-06-30
RSK000832,CUS000832,37.25,Medium,2026-06-30
RSK000833,CUS000833,21.14,Low,2026-06-30
RSK000834,CUS000834,25.03,Low,2026-06-30
RSK000835,CUS000835,25.83,Low,2026-06-30
RSK000836,CUS000836,36.36,Medium,2026-06-30
RSK000837,CUS000837,7.96,Low,2026-06-30
RSK000838,CUS000838,38.89,Medium,2026-06-30
RSK000839,CUS000839,82.72,High,2026-06-30
RSK000840,CUS000840,18.65,Low,2026-06-30
RSK000841,CUS000841,98.74,High,2026-06-30
RSK000842,CUS000842,18.22,Low,2026-06-30
RSK000843,CUS000843,78.81,High,2026-06-30
RSK000844,CUS000844,100.0,High,2026-06-30
RSK000845,CUS000845,74.72,High,2026-06-30
RSK000846,CUS000846,3.57,Low,2026-06-30
RSK000847,CUS000847,100.0,High,2026-06-30
RSK000848,CUS000848,16.79,Low,2026-06-30
RSK000849,CUS000849,25.69,Low,2026-06-30
RSK000850,CUS000850,39.79,Medium,2026-06-30
RSK000851,CUS000851,37.4,Medium,2026-06-30
RSK000852,CUS000852,40.05,Medium,2026-06-30
RSK000853,CUS000853,12.61,Low,2026-06-30
RSK000854,CUS000854,100.0,High,2026-06-30
RSK000855,CUS000855,94.94,High,2026-06-30
RSK000856,CUS000856,13.0,Low,2026-06-30
RSK000857,CUS000857,40.21,Medium,2026-06-30
RSK000858,CUS000858,73.74,High,2026-06-30
RSK000859,CUS000859,36.94,Medium,2026-06-30
RSK000860,CUS000860,100.0,High,2026-06-30
RSK000861,CUS000861,15.89,Low,2026-06-30
RSK000862,CUS000862,37.14,Medium,2026-06-30
RSK000863,CUS000863,35.27,Medium,2026-06-30
RSK000864,CUS000864,100.0,High,2026-06-30
RSK000865,CUS000865,38.94,Medium,2026-06-30
RSK000866,CUS000866,24.62,Low,2026-06-30
RSK000867,CUS000867,46.14,Medium,2026-06-30
RSK000868,CUS000868,45.87,Medium,2026-06-30
RSK000869,CUS000869,45.78,Medium,2026-06-30
RSK000870,CUS000870,71.36,High,2026-06-30
RSK000871,CUS000871,88.48,High,2026-06-30
RSK000872,CUS000872,28.72,Low,2026-06-30
RSK000873,CUS000873,38.64,Medium,2026-06-30
RSK000874,CUS000874,27.42,Low,2026-06-30
RSK000875,CUS000875,54.57,Medium,2026-06-30
RSK000876,CUS000876,100.0,High,2026-06-30
RSK000877,CUS000877,100.0,High,2026-06-30
RSK000878,CUS000878,100.0,High,2026-06-30
RSK000879,CUS000879,45.79,Medium,2026-06-30
RSK000880,CUS000880,79.31,High,2026-06-30
RSK000881,CUS000881,29.38,Low,2026-06-30
RSK000882,CUS000882,53.48,Medium,2026-06-30
RSK000883,CUS000883,50.05,Medium,2026-06-30
RSK000884,CUS000884,46.76,Medium,2026-06-30
RSK000885,CUS000885,53.09,Medium,2026-06-30
RSK000886,CUS000886,15.88,Low,2026-06-30
RSK000887,CUS000887,22.43,Low,2026-06-30
RSK000888,CUS000888,43.27,Medium,2026-06-30
RSK000889,CUS000889,67.65,High,2026-06-30
RSK000890,CUS000890,23.68,Low,2026-06-30
RSK000891,CUS000891,7.06,Low,2026-06-30
RSK000892,CUS000892,44.34,Medium,2026-06-30
RSK000893,CUS000893,67.12,High,2026-06-30
RSK000894,CUS000894,33.85,Medium,2026-06-30
RSK000895,CUS000895,17.88,Low,2026-06-30
RSK000896,CUS000896,36.51,Medium,2026-06-30
RSK000897,CUS000897,29.99,Low,2026-06-30
RSK000898,CUS000898,29.49,Low,2026-06-30
RSK000899,CUS000899,46.17,Medium,2026-06-30
RSK000900,CUS000900,100.0,High,2026-06-30
RSK000901,CUS000901,90.31,High,2026-06-30
RSK000902,CUS000902,32.63,Medium,2026-06-30
RSK000903,CUS000903,10.32,Low,2026-06-30
RSK000904,CUS000904,100.0,High,2026-06-30
RSK000905,CUS000905,77.42,High,2026-06-30
RSK000906,CUS000906,20.16,Low,2026-06-30
RSK000907,CUS000907,48.63,Medium,2026-06-30
RSK000908,CUS000908,40.59,Medium,2026-06-30
RSK000909,CUS000909,100.0,High,2026-06-30
RSK000910,CUS000910,30.96,Medium,2026-06-30
RSK000911,CUS000911,23.5,Low,2026-06-30
RSK000912,CUS000912,100.0,High,2026-06-30
RSK000913,CUS000913,25.43,Low,2026-06-30
RSK000914,CUS000914,45.5,Medium,2026-06-30
RSK000915,CUS000915,27.19,Low,2026-06-30
RSK000916,CUS000916,100.0,High,2026-06-30
RSK000917,CUS000917,46.2,Medium,2026-06-30
RSK000918,CUS000918,47.05,Medium,2026-06-30
RSK000919,CUS000919,81.61,High,2026-06-30
RSK000920,CUS000920,28.38,Low,2026-06-30
RSK000921,CUS000921,23.02,Low,2026-06-30
RSK000922,CUS000922,100.0,High,2026-06-30
RSK000923,CUS000923,51.17,Medium,2026-06-30
RSK000924,CUS000924,48.39,Medium,2026-06-30
RSK000925,CUS000925,28.62,Low,2026-06-30
RSK000926,CUS000926,38.49,Medium,2026-06-30
RSK000927,CUS000927,100.0,High,2026-06-30
RSK000928,CUS000928,32.74,Medium,2026-06-30
RSK000929,CUS000929,45.23,Medium,2026-06-30
RSK000930,CUS000930,16.97,Low,2026-06-30
RSK000931,CUS000931,100.0,High,2026-06-30
RSK000932,CUS000932,26.07,Low,2026-06-30
RSK000933,CUS000933,16.86,Low,2026-06-30
RSK000934,CUS000934,80.43,High,2026-06-30
RSK000935,CUS000935,64.01,High,2026-06-30
RSK000936,CUS000936,65.16,High,2026-06-30
RSK000937,CUS000937,42.88,Medium,2026-06-30
RSK000938,CUS000938,39.47,Medium,2026-06-30
RSK000939,CUS000939,22.94,Low,2026-06-30
RSK000940,CUS000940,80.68,High,2026-06-30
RSK000941,CUS000941,25.97,Low,2026-06-30
RSK000942,CUS000942,28.71,Low,2026-06-30
RSK000943,CUS000943,22.38,Low,2026-06-30
RSK000944,CUS000944,32.89,Medium,2026-06-30
RSK000945,CUS000945,70.16,High,2026-06-30
RSK000946,CUS000946,20.64,Low,2026-06-30
RSK000947,CUS000947,53.89,Medium,2026-06-30
RSK000948,CUS000948,45.23,Medium,2026-06-30
RSK000949,CUS000949,38.8,Medium,2026-06-30
RSK000950,CUS000950,48.91,Medium,2026-06-30
RSK000951,CUS000951,93.39,High,2026-06-30
RSK000952,CUS000952,100.0,High,2026-06-30
RSK000953,CUS000953,91.71,High,2026-06-30
RSK000954,CUS000954,61.96,High,2026-06-30
RSK000955,CUS000955,100.0,High,2026-06-30
RSK000956,CUS000956,19.5,Low,2026-06-30
RSK000957,CUS000957,100.0,High,2026-06-30
RSK000958,CUS000958,22.94,Low,2026-06-30
RSK000959,CUS000959,49.92,Medium,2026-06-30
RSK000960,CUS000960,44.76,Medium,2026-06-30
RSK000961,CUS000961,68.25,High,2026-06-30
RSK000962,CUS000962,77.2,High,2026-06-30
RSK000963,CUS000963,8.55,Low,2026-06-30
RSK000964,CUS000964,48.58,Medium,2026-06-30
RSK000965,CUS000965,30.76,Medium,2026-06-30
RSK000966,CUS000966,100.0,High,2026-06-30
RSK000967,CUS000967,20.34,Low,2026-06-30
RSK000968,CUS000968,41.58,Medium,2026-06-30
RSK000969,CUS000969,41.54,Medium,2026-06-30
RSK000970,CUS000970,39.68,Medium,2026-06-30
RSK000971,CUS000971,37.1,Medium,2026-06-30
RSK000972,CUS000972,43.2,Medium,2026-06-30
RSK000973,CUS000973,52.42,Medium,2026-06-30
RSK000974,CUS000974,72.6,High,2026-06-30
RSK000975,CUS000975,84.54,High,2026-06-30
RSK000976,CUS000976,25.01,Low,2026-06-30
RSK000977,CUS000977,26.18,Low,2026-06-30
RSK000978,CUS000978,39.7,Medium,2026-06-30
RSK000979,CUS000979,33.35,Medium,2026-06-30
RSK000980,CUS000980,11.29,Low,2026-06-30
RSK000981,CUS000981,12.21,Low,2026-06-30
RSK000982,CUS000982,10.49,Low,2026-06-30
RSK000983,CUS000983,14.47,Low,2026-06-30
RSK000984,CUS000984,51.19,Medium,2026-06-30
RSK000985,CUS000985,11.4,Low,2026-06-30
RSK000986,CUS000986,9.81,Low,2026-06-30
RSK000987,CUS000987,100.0,High,2026-06-30
RSK000988,CUS000988,19.69,Low,2026-06-30
RSK000989,CUS000989,68.97,High,2026-06-30
RSK000990,CUS000990,17.02,Low,2026-06-30
RSK000991,CUS000991,24.8,Low,2026-06-30
RSK000992,CUS000992,28.19,Low,2026-06-30
RSK000993,CUS000993,100.0,High,2026-06-30
RSK000994,CUS000994,26.1,Low,2026-06-30
RSK000995,CUS000995,26.36,Low,2026-06-30
RSK000996,CUS000996,65.13,High,2026-06-30
RSK000997,CUS000997,100.0,High,2026-06-30
RSK000998,CUS000998,17.64,Low,2026-06-30
RSK000999,CUS000999,100.0,High,2026-06-30
RSK001000,CUS001000,100.0,High,2026-06-30
RSK001001,CUS001001,96.98,High,2026-06-30
RSK001002,CUS001002,22.87,Low,2026-06-30
RSK001003,CUS001003,29.2,Low,2026-06-30
RSK001004,CUS001004,46.7,Medium,2026-06-30
RSK001005,CUS001005,64.2,High,2026-06-30
RSK001006,CUS001006,100.0,High,2026-06-30
RSK001007,CUS001007,100.0,High,2026-06-30
RSK001008,CUS001008,35.0,Medium,2026-06-30
RSK001009,CUS001009,3.81,Low,2026-06-30
RSK001010,CUS001010,62.34,High,2026-06-30
RSK001011,CUS001011,93.23,High,2026-06-30
RSK001012,CUS001012,52.96,Medium,2026-06-30
RSK001013,CUS001013,40.88,Medium,2026-06-30
RSK001014,CUS001014,32.6,Medium,2026-06-30
RSK001015,CUS001015,69.3,High,2026-06-30
RSK001016,CUS001016,34.49,Medium,2026-06-30
RSK001017,CUS001017,16.07,Low,2026-06-30
RSK001018,CUS001018,16.53,Low,2026-06-30
RSK001019,CUS001019,8.58,Low,2026-06-30
RSK001020,CUS001020,34.01,Medium,2026-06-30
RSK001021,CUS001021,71.18,High,2026-06-30
RSK001022,CUS001022,36.07,Medium,2026-06-30
RSK001023,CUS001023,13.57,Low,2026-06-30
RSK001024,CUS001024,33.89,Medium,2026-06-30
RSK001025,CUS001025,70.67,High,2026-06-30
RSK001026,CUS001026,38.88,Medium,2026-06-30
RSK001027,CUS001027,100.0,High,2026-06-30
RSK001028,CUS001028,89.42,High,2026-06-30
RSK001029,CUS001029,29.48,Low,2026-06-30
RSK001030,CUS001030,27.3,Low,2026-06-30
RSK001031,CUS001031,100.0,High,2026-06-30
RSK001032,CUS001032,25.07,Low,2026-06-30
RSK001033,CUS001033,57.1,Medium,2026-06-30
RSK001034,CUS001034,24.48,Low,2026-06-30
RSK001035,CUS001035,19.12,Low,2026-06-30
RSK001036,CUS001036,40.93,Medium,2026-06-30
RSK001037,CUS001037,41.21,Medium,2026-06-30
RSK001038,CUS001038,100.0,High,2026-06-30
RSK001039,CUS001039,53.6,Medium,2026-06-30
RSK001040,CUS001040,25.45,Low,2026-06-30
RSK001041,CUS001041,20.49,Low,2026-06-30
RSK001042,CUS001042,23.74,Low,2026-06-30
RSK001043,CUS001043,100.0,High,2026-06-30
RSK001044,CUS001044,65.35,High,2026-06-30
RSK001045,CUS001045,68.7,High,2026-06-30
RSK001046,CUS001046,76.9,High,2026-06-30
RSK001047,CUS001047,18.62,Low,2026-06-30
RSK001048,CUS001048,26.04,Low,2026-06-30
RSK001049,CUS001049,50.66,Medium,2026-06-30
RSK001050,CUS001050,24.94,Low,2026-06-30
RSK001051,CUS001051,10.29,Low,2026-06-30
RSK001052,CUS001052,100.0,High,2026-06-30
RSK001053,CUS001053,33.33,Medium,2026-06-30
RSK001054,CUS001054,13.85,Low,2026-06-30
RSK001055,CUS001055,54.0,Medium,2026-06-30
RSK001056,CUS001056,22.21,Low,2026-06-30
RSK001057,CUS001057,30.42,Medium,2026-06-30
RSK001058,CUS001058,100.0,High,2026-06-30
RSK001059,CUS001059,9.39,Low,2026-06-30
RSK001060,CUS001060,50.11,Medium,2026-06-30
RSK001061,CUS001061,33.35,Medium,2026-06-30
RSK001062,CUS001062,33.1,Medium,2026-06-30
RSK001063,CUS001063,57.34,Medium,2026-06-30
RSK001064,CUS001064,99.56,High,2026-06-30
RSK001065,CUS001065,25.16,Low,2026-06-30
RSK001066,CUS001066,9.13,Low,2026-06-30
RSK001067,CUS001067,70.88,High,2026-06-30
RSK001068,CUS001068,100.0,High,2026-06-30
RSK001069,CUS001069,20.68,Low,2026-06-30
RSK001070,CUS001070,30.37,Medium,2026-06-30
RSK001071,CUS001071,40.8,Medium,2026-06-30
RSK001072,CUS001072,20.19,Low,2026-06-30
RSK001073,CUS001073,28.36,Low,2026-06-30
RSK001074,CUS001074,35.13,Medium,2026-06-30
RSK001075,CUS001075,58.72,Medium,2026-06-30
RSK001076,CUS001076,79.41,High,2026-06-30
RSK001077,CUS001077,61.3,High,2026-06-30
RSK001078,CUS001078,74.41,High,2026-06-30
RSK001079,CUS001079,100.0,High,2026-06-30
RSK001080,CUS001080,31.12,Medium,2026-06-30
RSK001081,CUS001081,100.0,High,2026-06-30
RSK001082,CUS001082,100.0,High,2026-06-30
RSK001083,CUS001083,15.15,Low,2026-06-30
RSK001084,CUS001084,26.23,Low,2026-06-30
RSK001085,CUS001085,86.48,High,2026-06-30
RSK001086,CUS001086,65.02,High,2026-06-30
RSK001087,CUS001087,31.98,Medium,2026-06-30
RSK001088,CUS001088,36.7,Medium,2026-06-30
RSK001089,CUS001089,100.0,High,2026-06-30
RSK001090,CUS001090,30.15,Medium,2026-06-30
RSK001091,CUS001091,42.64,Medium,2026-06-30
RSK001092,CUS001092,100.0,High,2026-06-30
RSK001093,CUS001093,37.43,Medium,2026-06-30
RSK001094,CUS001094,87.79,High,2026-06-30
RSK001095,CUS001095,36.17,Medium,2026-06-30
RSK001096,CUS001096,6.55,Low,2026-06-30
RSK001097,CUS001097,100.0,High,2026-06-30
RSK001098,CUS001098,14.01,Low,2026-06-30
RSK001099,CUS001099,87.29,High,2026-06-30
RSK001100,CUS001100,64.41,High,2026-06-30
RSK001101,CUS001101,25.98,Low,2026-06-30
RSK001102,CUS001102,32.75,Medium,2026-06-30
RSK001103,CUS001103,34.9,Medium,2026-06-30
RSK001104,CUS001104,45.54,Medium,2026-06-30
RSK001105,CUS001105,86.6,High,2026-06-30
RSK001106,CUS001106,2.07,Low,2026-06-30
RSK001107,CUS001107,71.97,High,2026-06-30
RSK001108,CUS001108,16.82,Low,2026-06-30
RSK001109,CUS001109,100.0,High,2026-06-30
RSK001110,CUS001110,99.18,High,2026-06-30
RSK001111,CUS001111,34.14,Medium,2026-06-30
RSK001112,CUS001112,25.41,Low,2026-06-30
RSK001113,CUS001113,92.36,High,2026-06-30
RSK001114,CUS001114,39.2,Medium,2026-06-30
RSK001115,CUS001115,71.0,High,2026-06-30
RSK001116,CUS001116,100.0,High,2026-06-30
RSK001117,CUS001117,37.69,Medium,2026-06-30
RSK001118,CUS001118,66.34,High,2026-06-30
RSK001119,CUS001119,54.49,Medium,2026-06-30
RSK001120,CUS001120,99.27,High,2026-06-30
RSK001121,CUS001121,34.39,Medium,2026-06-30
RSK001122,CUS001122,71.22,High,2026-06-30
RSK001123,CUS001123,62.91,High,2026-06-30
RSK001124,CUS001124,86.83,High,2026-06-30
RSK001125,CUS001125,48.5,Medium,2026-06-30
RSK001126,CUS001126,19.67,Low,2026-06-30
RSK001127,CUS001127,41.44,Medium,2026-06-30
RSK001128,CUS001128,100.0,High,2026-06-30
RSK001129,CUS001129,100.0,High,2026-06-30
RSK001130,CUS001130,26.99,Low,2026-06-30
RSK001131,CUS001131,100.0,High,2026-06-30
RSK001132,CUS001132,28.18,Low,2026-06-30
RSK001133,CUS001133,30.44,Medium,2026-06-30
RSK001134,CUS001134,36.58,Medium,2026-06-30
RSK001135,CUS001135,37.11,Medium,2026-06-30
RSK001136,CUS001136,100.0,High,2026-06-30
RSK001137,CUS001137,100.0,High,2026-06-30
RSK001138,CUS001138,56.99,Medium,2026-06-30
RSK001139,CUS001139,28.26,Low,2026-06-30
RSK001140,CUS001140,74.2,High,2026-06-30
RSK001141,CUS001141,41.76,Medium,2026-06-30
RSK001142,CUS001142,23.74,Low,2026-06-30
RSK001143,CUS001143,52.65,Medium,2026-06-30
RSK001144,CUS001144,35.88,Medium,2026-06-30
RSK001145,CUS001145,77.67,High,2026-06-30
RSK001146,CUS001146,93.73,High,2026-06-30
RSK001147,CUS001147,56.59,Medium,2026-06-30
RSK001148,CUS001148,86.07,High,2026-06-30
RSK001149,CUS001149,33.61,Medium,2026-06-30
RSK001150,CUS001150,33.11,Medium,2026-06-30
RSK001151,CUS001151,23.89,Low,2026-06-30
RSK001152,CUS001152,5.56,Low,2026-06-30
RSK001153,CUS001153,42.5,Medium,2026-06-30
RSK001154,CUS001154,72.43,High,2026-06-30
RSK001155,CUS001155,83.62,High,2026-06-30
RSK001156,CUS001156,41.19,Medium,2026-06-30
RSK001157,CUS001157,40.27,Medium,2026-06-30
RSK001158,CUS001158,44.64,Medium,2026-06-30
RSK001159,CUS001159,100.0,High,2026-06-30
RSK001160,CUS001160,26.09,Low,2026-06-30
RSK001161,CUS001161,39.48,Medium,2026-06-30
RSK001162,CUS001162,37.23,Medium,2026-06-30
RSK001163,CUS001163,31.44,Medium,2026-06-30
RSK001164,CUS001164,63.61,High,2026-06-30
RSK001165,CUS001165,89.62,High,2026-06-30
RSK001166,CUS001166,42.26,Medium,2026-06-30
RSK001167,CUS001167,33.71,Medium,2026-06-30
RSK001168,CUS001168,28.14,Low,2026-06-30
RSK001169,CUS001169,21.18,Low,2026-06-30
RSK001170,CUS001170,20.81,Low,2026-06-30
RSK001171,CUS001171,48.44,Medium,2026-06-30
RSK001172,CUS001172,39.23,Medium,2026-06-30
RSK001173,CUS001173,54.27,Medium,2026-06-30
RSK001174,CUS001174,100.0,High,2026-06-30
RSK001175,CUS001175,46.41,Medium,2026-06-30
RSK001176,CUS001176,23.92,Low,2026-06-30
RSK001177,CUS001177,17.7,Low,2026-06-30
RSK001178,CUS001178,46.72,Medium,2026-06-30
RSK001179,CUS001179,100.0,High,2026-06-30
RSK001180,CUS001180,24.64,Low,2026-06-30
RSK001181,CUS001181,54.88,Medium,2026-06-30
RSK001182,CUS001182,40.42,Medium,2026-06-30
RSK001183,CUS001183,5.86,Low,2026-06-30
RSK001184,CUS001184,36.77,Medium,2026-06-30
RSK001185,CUS001185,58.95,Medium,2026-06-30
RSK001186,CUS001186,20.22,Low,2026-06-30
RSK001187,CUS001187,81.16,High,2026-06-30
RSK001188,CUS001188,51.46,Medium,2026-06-30
RSK001189,CUS001189,35.08,Medium,2026-06-30
RSK001190,CUS001190,61.11,High,2026-06-30
RSK001191,CUS001191,37.65,Medium,2026-06-30
RSK001192,CUS001192,32.44,Medium,2026-06-30
RSK001193,CUS001193,100.0,High,2026-06-30
RSK001194,CUS001194,11.7,Low,2026-06-30
RSK001195,CUS001195,27.08,Low,2026-06-30
RSK001196,CUS001196,49.06,Medium,2026-06-30
RSK001197,CUS001197,18.38,Low,2026-06-30
RSK001198,CUS001198,52.42,Medium,2026-06-30
RSK001199,CUS001199,37.65,Medium,2026-06-30
RSK001200,CUS001200,14.17,Low,2026-06-30
RSK001201,CUS001201,10.92,Low,2026-06-30
RSK001202,CUS001202,47.28,Medium,2026-06-30
RSK001203,CUS001203,41.69,Medium,2026-06-30
RSK001204,CUS001204,18.5,Low,2026-06-30
RSK001205,CUS001205,11.6,Low,2026-06-30
RSK001206,CUS001206,88.06,High,2026-06-30
RSK001207,CUS001207,27.04,Low,2026-06-30
RSK001208,CUS001208,17.77,Low,2026-06-30
RSK001209,CUS001209,11.75,Low,2026-06-30
RSK001210,CUS001210,72.9,High,2026-06-30
RSK001211,CUS001211,36.07,Medium,2026-06-30
RSK001212,CUS001212,85.37,High,2026-06-30
RSK001213,CUS001213,92.29,High,2026-06-30
RSK001214,CUS001214,9.94,Low,2026-06-30
RSK001215,CUS001215,20.56,Low,2026-06-30
RSK001216,CUS001216,21.41,Low,2026-06-30
RSK001217,CUS001217,26.82,Low,2026-06-30
RSK001218,CUS001218,44.04,Medium,2026-06-30
RSK001219,CUS001219,82.68,High,2026-06-30
RSK001220,CUS001220,24.48,Low,2026-06-30
RSK001221,CUS001221,18.19,Low,2026-06-30
RSK001222,CUS001222,22.75,Low,2026-06-30
RSK001223,CUS001223,98.46,High,2026-06-30
RSK001224,CUS001224,100.0,High,2026-06-30
RSK001225,CUS001225,100.0,High,2026-06-30
RSK001226,CUS001226,69.13,High,2026-06-30
RSK001227,CUS001227,83.32,High,2026-06-30
RSK001228,CUS001228,75.66,High,2026-06-30
RSK001229,CUS001229,20.56,Low,2026-06-30
RSK001230,CUS001230,19.2,Low,2026-06-30
RSK001231,CUS001231,41.32,Medium,2026-06-30
RSK001232,CUS001232,30.62,Medium,2026-06-30
RSK001233,CUS001233,61.26,High,2026-06-30
RSK001234,CUS001234,13.69,Low,2026-06-30
RSK001235,CUS001235,24.13,Low,2026-06-30
RSK001236,CUS001236,22.91,Low,2026-06-30
RSK001237,CUS001237,100.0,High,2026-06-30
RSK001238,CUS001238,29.0,Low,2026-06-30
RSK001239,CUS001239,26.14,Low,2026-06-30
RSK001240,CUS001240,37.62,Medium,2026-06-30
RSK001241,CUS001241,57.52,Medium,2026-06-30
RSK001242,CUS001242,19.37,Low,2026-06-30
RSK001243,CUS001243,96.26,High,2026-06-30
RSK001244,CUS001244,35.97,Medium,2026-06-30
RSK001245,CUS001245,24.9,Low,2026-06-30
RSK001246,CUS001246,48.87,Medium,2026-06-30
RSK001247,CUS001247,23.08,Low,2026-06-30
RSK001248,CUS001248,95.42,High,2026-06-30
RSK001249,CUS001249,77.03,High,2026-06-30
RSK001250,CUS001250,60.01,High,2026-06-30
RSK001251,CUS001251,100.0,High,2026-06-30
RSK001252,CUS001252,35.67,Medium,2026-06-30
RSK001253,CUS001253,27.26,Low,2026-06-30
RSK001254,CUS001254,24.63,Low,2026-06-30
RSK001255,CUS001255,26.68,Low,2026-06-30
RSK001256,CUS001256,20.46,Low,2026-06-30
RSK001257,CUS001257,81.44,High,2026-06-30
RSK001258,CUS001258,14.47,Low,2026-06-30
RSK001259,CUS001259,100.0,High,2026-06-30
RSK001260,CUS001260,60.44,High,2026-06-30
RSK001261,CUS001261,81.33,High,2026-06-30
RSK001262,CUS001262,27.54,Low,2026-06-30
RSK001263,CUS001263,22.71,Low,2026-06-30
RSK001264,CUS001264,47.9,Medium,2026-06-30
RSK001265,CUS001265,100.0,High,2026-06-30
RSK001266,CUS001266,23.27,Low,2026-06-30
RSK001267,CUS001267,34.54,Medium,2026-06-30
RSK001268,CUS001268,21.76,Low,2026-06-30
RSK001269,CUS001269,49.54,Medium,2026-06-30
RSK001270,CUS001270,81.31,High,2026-06-30
RSK001271,CUS001271,100.0,High,2026-06-30
RSK001272,CUS001272,22.17,Low,2026-06-30
RSK001273,CUS001273,44.58,Medium,2026-06-30
RSK001274,CUS001274,97.39,High,2026-06-30
RSK001275,CUS001275,6.0,Low,2026-06-30
RSK001276,CUS001276,40.03,Medium,2026-06-30
RSK001277,CUS001277,48.96,Medium,2026-06-30
RSK001278,CUS001278,100.0,High,2026-06-30
RSK001279,CUS001279,100.0,High,2026-06-30
RSK001280,CUS001280,36.25,Medium,2026-06-30
RSK001281,CUS001281,64.79,High,2026-06-30
RSK001282,CUS001282,25.98,Low,2026-06-30
RSK001283,CUS001283,12.55,Low,2026-06-30
RSK001284,CUS001284,100.0,High,2026-06-30
RSK001285,CUS001285,100.0,High,2026-06-30
RSK001286,CUS001286,17.99,Low,2026-06-30
RSK001287,CUS001287,34.18,Medium,2026-06-30
RSK001288,CUS001288,66.13,High,2026-06-30
RSK001289,CUS001289,88.68,High,2026-06-30
RSK001290,CUS001290,33.87,Medium,2026-06-30
RSK001291,CUS001291,80.23,High,2026-06-30
RSK001292,CUS001292,100.0,High,2026-06-30
RSK001293,CUS001293,52.97,Medium,2026-06-30
RSK001294,CUS001294,18.94,Low,2026-06-30
RSK001295,CUS001295,26.12,Low,2026-06-30
RSK001296,CUS001296,14.78,Low,2026-06-30
RSK001297,CUS001297,78.9,High,2026-06-30
RSK001298,CUS001298,29.65,Low,2026-06-30
RSK001299,CUS001299,88.42,High,2026-06-30
RSK001300,CUS001300,14.89,Low,2026-06-30
RSK001301,CUS001301,100.0,High,2026-06-30
RSK001302,CUS001302,80.97,High,2026-06-30
RSK001303,CUS001303,62.75,High,2026-06-30
RSK001304,CUS001304,26.98,Low,2026-06-30
RSK001305,CUS001305,39.69,Medium,2026-06-30
RSK001306,CUS001306,100.0,High,2026-06-30
RSK001307,CUS001307,80.03,High,2026-06-30
RSK001308,CUS001308,74.86,High,2026-06-30
RSK001309,CUS001309,18.81,Low,2026-06-30
RSK001310,CUS001310,66.35,High,2026-06-30
RSK001311,CUS001311,34.88,Medium,2026-06-30
RSK001312,CUS001312,100.0,High,2026-06-30
RSK001313,CUS001313,100.0,High,2026-06-30
RSK001314,CUS001314,49.01,Medium,2026-06-30
RSK001315,CUS001315,62.77,High,2026-06-30
RSK001316,CUS001316,75.4,High,2026-06-30
RSK001317,CUS001317,100.0,High,2026-06-30
RSK001318,CUS001318,100.0,High,2026-06-30
RSK001319,CUS001319,35.66,Medium,2026-06-30
RSK001320,CUS001320,29.41,Low,2026-06-30
RSK001321,CUS001321,79.88,High,2026-06-30
RSK001322,CUS001322,24.35,Low,2026-06-30
RSK001323,CUS001323,88.67,High,2026-06-30
RSK001324,CUS001324,40.41,Medium,2026-06-30
RSK001325,CUS001325,54.36,Medium,2026-06-30
RSK001326,CUS001326,12.1,Low,2026-06-30
RSK001327,CUS001327,34.88,Medium,2026-06-30
RSK001328,CUS001328,44.03,Medium,2026-06-30
RSK001329,CUS001329,70.17,High,2026-06-30
RSK001330,CUS001330,73.28,High,2026-06-30
RSK001331,CUS001331,27.98,Low,2026-06-30
RSK001332,CUS001332,37.99,Medium,2026-06-30
RSK001333,CUS001333,42.5,Medium,2026-06-30
RSK001334,CUS001334,43.28,Medium,2026-06-30
RSK001335,CUS001335,29.39,Low,2026-06-30
RSK001336,CUS001336,26.28,Low,2026-06-30
RSK001337,CUS001337,50.4,Medium,2026-06-30
RSK001338,CUS001338,18.07,Low,2026-06-30
RSK001339,CUS001339,91.42,High,2026-06-30
RSK001340,CUS001340,30.66,Medium,2026-06-30
RSK001341,CUS001341,62.39,High,2026-06-30
RSK001342,CUS001342,32.0,Medium,2026-06-30
RSK001343,CUS001343,64.14,High,2026-06-30
RSK001344,CUS001344,28.74,Low,2026-06-30
RSK001345,CUS001345,33.12,Medium,2026-06-30
RSK001346,CUS001346,79.74,High,2026-06-30
RSK001347,CUS001347,42.14,Medium,2026-06-30
RSK001348,CUS001348,17.17,Low,2026-06-30
RSK001349,CUS001349,50.38,Medium,2026-06-30
RSK001350,CUS001350,81.02,High,2026-06-30
RSK001351,CUS001351,15.19,Low,2026-06-30
RSK001352,CUS001352,87.5,High,2026-06-30
RSK001353,CUS001353,100.0,High,2026-06-30
RSK001354,CUS001354,63.74,High,2026-06-30
RSK001355,CUS001355,37.64,Medium,2026-06-30
RSK001356,CUS001356,24.64,Low,2026-06-30
RSK001357,CUS001357,76.85,High,2026-06-30
RSK001358,CUS001358,30.77,Medium,2026-06-30
RSK001359,CUS001359,33.31,Medium,2026-06-30
RSK001360,CUS001360,100.0,High,2026-06-30
RSK001361,CUS001361,95.67,High,2026-06-30
RSK001362,CUS001362,34.31,Medium,2026-06-30
RSK001363,CUS001363,54.3,Medium,2026-06-30
RSK001364,CUS001364,1.12,Low,2026-06-30
RSK001365,CUS001365,27.07,Low,2026-06-30
RSK001366,CUS001366,40.21,Medium,2026-06-30
RSK001367,CUS001367,77.47,High,2026-06-30
RSK001368,CUS001368,28.07,Low,2026-06-30
RSK001369,CUS001369,27.69,Low,2026-06-30
RSK001370,CUS001370,53.5,Medium,2026-06-30
RSK001371,CUS001371,19.27,Low,2026-06-30
RSK001372,CUS001372,100.0,High,2026-06-30
RSK001373,CUS001373,41.67,Medium,2026-06-30
RSK001374,CUS001374,24.27,Low,2026-06-30
RSK001375,CUS001375,30.51,Medium,2026-06-30
RSK001376,CUS001376,100.0,High,2026-06-30
RSK001377,CUS001377,13.71,Low,2026-06-30
RSK001378,CUS001378,46.78,Medium,2026-06-30
RSK001379,CUS001379,7.92,Low,2026-06-30
RSK001380,CUS001380,100.0,High,2026-06-30
RSK001381,CUS001381,31.06,Medium,2026-06-30
RSK001382,CUS001382,59.13,Medium,2026-06-30
RSK001383,CUS001383,12.16,Low,2026-06-30
RSK001384,CUS001384,3.4,Low,2026-06-30
RSK001385,CUS001385,21.37,Low,2026-06-30
RSK001386,CUS001386,33.05,Medium,2026-06-30
RSK001387,CUS001387,54.8,Medium,2026-06-30
RSK001388,CUS001388,100.0,High,2026-06-30
RSK001389,CUS001389,57.87,Medium,2026-06-30
RSK001390,CUS001390,15.93,Low,2026-06-30
RSK001391,CUS001391,22.91,Low,2026-06-30
RSK001392,CUS001392,27.18,Low,2026-06-30
RSK001393,CUS001393,59.43,Medium,2026-06-30
RSK001394,CUS001394,76.96,High,2026-06-30
RSK001395,CUS001395,100.0,High,2026-06-30
RSK001396,CUS001396,70.24,High,2026-06-30
RSK001397,CUS001397,100.0,High,2026-06-30
RSK001398,CUS001398,19.56,Low,2026-06-30
RSK001399,CUS001399,47.83,Medium,2026-06-30
RSK001400,CUS001400,38.51,Medium,2026-06-30
RSK001401,CUS001401,45.13,Medium,2026-06-30
RSK001402,CUS001402,29.71,Low,2026-06-30
RSK001403,CUS001403,27.69,Low,2026-06-30
RSK001404,CUS001404,46.6,Medium,2026-06-30
RSK001405,CUS001405,22.5,Low,2026-06-30
RSK001406,CUS001406,52.69,Medium,2026-06-30
RSK001407,CUS001407,44.42,Medium,2026-06-30
RSK001408,CUS001408,27.9,Low,2026-06-30
RSK001409,CUS001409,46.05,Medium,2026-06-30
RSK001410,CUS001410,17.68,Low,2026-06-30
RSK001411,CUS001411,45.11,Medium,2026-06-30
RSK001412,CUS001412,84.86,High,2026-06-30
RSK001413,CUS001413,100.0,High,2026-06-30
RSK001414,CUS001414,56.6,Medium,2026-06-30
RSK001415,CUS001415,73.04,High,2026-06-30
RSK001416,CUS001416,100.0,High,2026-06-30
RSK001417,CUS001417,26.51,Low,2026-06-30
RSK001418,CUS001418,11.14,Low,2026-06-30
RSK001419,CUS001419,44.54,Medium,2026-06-30
RSK001420,CUS001420,48.05,Medium,2026-06-30
RSK001421,CUS001421,29.84,Low,2026-06-30
RSK001422,CUS001422,22.41,Low,2026-06-30
RSK001423,CUS001423,30.98,Medium,2026-06-30
RSK001424,CUS001424,47.6,Medium,2026-06-30
RSK001425,CUS001425,46.6,Medium,2026-06-30
RSK001426,CUS001426,100.0,High,2026-06-30
RSK001427,CUS001427,30.19,Medium,2026-06-30
RSK001428,CUS001428,7.57,Low,2026-06-30
RSK001429,CUS001429,27.48,Low,2026-06-30
RSK001430,CUS001430,21.78,Low,2026-06-30
RSK001431,CUS001431,19.98,Low,2026-06-30
RSK001432,CUS001432,6.91,Low,2026-06-30
RSK001433,CUS001433,39.32,Medium,2026-06-30
RSK001434,CUS001434,100.0,High,2026-06-30
RSK001435,CUS001435,39.17,Medium,2026-06-30
RSK001436,CUS001436,100.0,High,2026-06-30
RSK001437,CUS001437,5.98,Low,2026-06-30
RSK001438,CUS001438,44.98,Medium,2026-06-30
RSK001439,CUS001439,100.0,High,2026-06-30
RSK001440,CUS001440,67.85,High,2026-06-30
RSK001441,CUS001441,56.94,Medium,2026-06-30
RSK001442,CUS001442,33.95,Medium,2026-06-30
RSK001443,CUS001443,46.73,Medium,2026-06-30
RSK001444,CUS001444,30.27,Medium,2026-06-30
RSK001445,CUS001445,29.53,Low,2026-06-30
RSK001446,CUS001446,100.0,High,2026-06-30
RSK001447,CUS001447,22.52,Low,2026-06-30
RSK001448,CUS001448,27.1,Low,2026-06-30
RSK001449,CUS001449,23.21,Low,2026-06-30
RSK001450,CUS001450,47.98,Medium,2026-06-30
RSK001451,CUS001451,47.66,Medium,2026-06-30
RSK001452,CUS001452,30.95,Medium,2026-06-30
RSK001453,CUS001453,28.64,Low,2026-06-30
RSK001454,CUS001454,25.87,Low,2026-06-30
RSK001455,CUS001455,100.0,High,2026-06-30
RSK001456,CUS001456,99.09,High,2026-06-30
RSK001457,CUS001457,43.15,Medium,2026-06-30
RSK001458,CUS001458,49.87,Medium,2026-06-30
RSK001459,CUS001459,100.0,High,2026-06-30
RSK001460,CUS001460,52.77,Medium,2026-06-30
RSK001461,CUS001461,56.48,Medium,2026-06-30
RSK001462,CUS001462,100.0,High,2026-06-30
RSK001463,CUS001463,45.58,Medium,2026-06-30
RSK001464,CUS001464,42.64,Medium,2026-06-30
RSK001465,CUS001465,18.0,Low,2026-06-30
RSK001466,CUS001466,100.0,High,2026-06-30
RSK001467,CUS001467,17.25,Low,2026-06-30
RSK001468,CUS001468,100.0,High,2026-06-30
RSK001469,CUS001469,89.63,High,2026-06-30
RSK001470,CUS001470,73.47,High,2026-06-30
RSK001471,CUS001471,30.85,Medium,2026-06-30
RSK001472,CUS001472,100.0,High,2026-06-30
RSK001473,CUS001473,38.38,Medium,2026-06-30
RSK001474,CUS001474,100.0,High,2026-06-30
RSK001475,CUS001475,28.12,Low,2026-06-30
RSK001476,CUS001476,49.33,Medium,2026-06-30
RSK001477,CUS001477,10.47,Low,2026-06-30
RSK001478,CUS001478,30.26,Medium,2026-06-30
RSK001479,CUS001479,73.27,High,2026-06-30
RSK001480,CUS001480,82.53,High,2026-06-30
RSK001481,CUS001481,100.0,High,2026-06-30
RSK001482,CUS001482,30.81,Medium,2026-06-30
RSK001483,CUS001483,73.36,High,2026-06-30
RSK001484,CUS001484,94.45,High,2026-06-30
RSK001485,CUS001485,92.53,High,2026-06-30
RSK001486,CUS001486,20.88,Low,2026-06-30
RSK001487,CUS001487,61.81,High,2026-06-30
RSK001488,CUS001488,100.0,High,2026-06-30
RSK001489,CUS001489,79.46,High,2026-06-30
RSK001490,CUS001490,78.57,High,2026-06-30
RSK001491,CUS001491,88.83,High,2026-06-30
RSK001492,CUS001492,34.81,Medium,2026-06-30
RSK001493,CUS001493,100.0,High,2026-06-30
RSK001494,CUS001494,44.79,Medium,2026-06-30
RSK001495,CUS001495,25.81,Low,2026-06-30
RSK001496,CUS001496,28.62,Low,2026-06-30
RSK001497,CUS001497,72.0,High,2026-06-30
RSK001498,CUS001498,96.52,High,2026-06-30
RSK001499,CUS001499,27.92,Low,2026-06-30
RSK001500,CUS001500,45.5,Medium,2026-06-30
RSK001501,CUS001501,87.86,High,2026-06-30
RSK001502,CUS001502,74.91,High,2026-06-30
RSK001503,CUS001503,91.99,High,2026-06-30
RSK001504,CUS001504,43.98,Medium,2026-06-30
RSK001505,CUS001505,42.27,Medium,2026-06-30
RSK001506,CUS001506,85.92,High,2026-06-30
RSK001507,CUS001507,100.0,High,2026-06-30
RSK001508,CUS001508,100.0,High,2026-06-30
RSK001509,CUS001509,100.0,High,2026-06-30
RSK001510,CUS001510,84.32,High,2026-06-30
RSK001511,CUS001511,40.92,Medium,2026-06-30
RSK001512,CUS001512,87.45,High,2026-06-30
RSK001513,CUS001513,5.57,Low,2026-06-30
RSK001514,CUS001514,37.6,Medium,2026-06-30
RSK001515,CUS001515,100.0,High,2026-06-30
RSK001516,CUS001516,100.0,High,2026-06-30
RSK001517,CUS001517,17.75,Low,2026-06-30
RSK001518,CUS001518,51.8,Medium,2026-06-30
RSK001519,CUS001519,42.4,Medium,2026-06-30
RSK001520,CUS001520,32.64,Medium,2026-06-30
RSK001521,CUS001521,100.0,High,2026-06-30
RSK001522,CUS001522,29.79,Low,2026-06-30
RSK001523,CUS001523,42.16,Medium,2026-06-30
RSK001524,CUS001524,43.0,Medium,2026-06-30
RSK001525,CUS001525,100.0,High,2026-06-30
RSK001526,CUS001526,14.63,Low,2026-06-30
RSK001527,CUS001527,77.23,High,2026-06-30
RSK001528,CUS001528,36.86,Medium,2026-06-30
RSK001529,CUS001529,61.35,High,2026-06-30
RSK001530,CUS001530,26.78,Low,2026-06-30
RSK001531,CUS001531,48.05,Medium,2026-06-30
RSK001532,CUS001532,52.12,Medium,2026-06-30
RSK001533,CUS001533,26.3,Low,2026-06-30
RSK001534,CUS001534,75.02,High,2026-06-30
RSK001535,CUS001535,100.0,High,2026-06-30
RSK001536,CUS001536,52.14,Medium,2026-06-30
RSK001537,CUS001537,79.39,High,2026-06-30
RSK001538,CUS001538,63.51,High,2026-06-30
RSK001539,CUS001539,96.01,High,2026-06-30
RSK001540,CUS001540,100.0,High,2026-06-30
RSK001541,CUS001541,35.97,Medium,2026-06-30
RSK001542,CUS001542,40.62,Medium,2026-06-30
RSK001543,CUS001543,100.0,High,2026-06-30
RSK001544,CUS001544,78.44,High,2026-06-30
RSK001545,CUS001545,15.01,Low,2026-06-30
RSK001546,CUS001546,20.99,Low,2026-06-30
RSK001547,CUS001547,52.9,Medium,2026-06-30
RSK001548,CUS001548,65.4,High,2026-06-30
RSK001549,CUS001549,20.85,Low,2026-06-30
RSK001550,CUS001550,81.99,High,2026-06-30
RSK001551,CUS001551,40.06,Medium,2026-06-30
RSK001552,CUS001552,32.29,Medium,2026-06-30
RSK001553,CUS001553,40.9,Medium,2026-06-30
RSK001554,CUS001554,100.0,High,2026-06-30
RSK001555,CUS001555,38.23,Medium,2026-06-30
RSK001556,CUS001556,84.65,High,2026-06-30
RSK001557,CUS001557,100.0,High,2026-06-30
RSK001558,CUS001558,29.54,Low,2026-06-30
RSK001559,CUS001559,49.27,Medium,2026-06-30
RSK001560,CUS001560,63.42,High,2026-06-30
RSK001561,CUS001561,45.19,Medium,2026-06-30
RSK001562,CUS001562,31.65,Medium,2026-06-30
RSK001563,CUS001563,100.0,High,2026-06-30
RSK001564,CUS001564,79.62,High,2026-06-30
RSK001565,CUS001565,100.0,High,2026-06-30
RSK001566,CUS001566,59.69,Medium,2026-06-30
RSK001567,CUS001567,32.16,Medium,2026-06-30
RSK001568,CUS001568,48.16,Medium,2026-06-30
RSK001569,CUS001569,31.68,Medium,2026-06-30
RSK001570,CUS001570,34.72,Medium,2026-06-30
RSK001571,CUS001571,80.78,High,2026-06-30
RSK001572,CUS001572,86.37,High,2026-06-30
RSK001573,CUS001573,100.0,High,2026-06-30
RSK001574,CUS001574,33.54,Medium,2026-06-30
RSK001575,CUS001575,44.81,Medium,2026-06-30
RSK001576,CUS001576,15.4,Low,2026-06-30
RSK001577,CUS001577,36.23,Medium,2026-06-30
RSK001578,CUS001578,39.25,Medium,2026-06-30
RSK001579,CUS001579,72.18,High,2026-06-30
RSK001580,CUS001580,21.6,Low,2026-06-30
RSK001581,CUS001581,30.23,Medium,2026-06-30
RSK001582,CUS001582,45.32,Medium,2026-06-30
RSK001583,CUS001583,100.0,High,2026-06-30
RSK001584,CUS001584,39.94,Medium,2026-06-30
RSK001585,CUS001585,38.15,Medium,2026-06-30
RSK001586,CUS001586,85.63,High,2026-06-30
RSK001587,CUS001587,36.37,Medium,2026-06-30
RSK001588,CUS001588,15.2,Low,2026-06-30
RSK001589,CUS001589,36.14,Medium,2026-06-30
RSK001590,CUS001590,35.65,Medium,2026-06-30
RSK001591,CUS001591,98.52,High,2026-06-30
RSK001592,CUS001592,94.29,High,2026-06-30
RSK001593,CUS001593,15.64,Low,2026-06-30
RSK001594,CUS001594,14.45,Low,2026-06-30
RSK001595,CUS001595,27.74,Low,2026-06-30
RSK001596,CUS001596,38.44,Medium,2026-06-30
RSK001597,CUS001597,81.95,High,2026-06-30
RSK001598,CUS001598,29.82,Low,2026-06-30
RSK001599,CUS001599,100.0,High,2026-06-30
RSK001600,CUS001600,31.75,Medium,2026-06-30
RSK001601,CUS001601,30.04,Medium,2026-06-30
RSK001602,CUS001602,83.33,High,2026-06-30
RSK001603,CUS001603,21.78,Low,2026-06-30
RSK001604,CUS001604,23.92,Low,2026-06-30
RSK001605,CUS001605,20.75,Low,2026-06-30
RSK001606,CUS001606,35.25,Medium,2026-06-30
RSK001607,CUS001607,26.75,Low,2026-06-30
RSK001608,CUS001608,32.85,Medium,2026-06-30
RSK001609,CUS001609,20.68,Low,2026-06-30
RSK001610,CUS001610,21.93,Low,2026-06-30
RSK001611,CUS001611,33.19,Medium,2026-06-30
RSK001612,CUS001612,96.06,High,2026-06-30
RSK001613,CUS001613,73.05,High,2026-06-30
RSK001614,CUS001614,47.15,Medium,2026-06-30
RSK001615,CUS001615,44.55,Medium,2026-06-30
RSK001616,CUS001616,54.46,Medium,2026-06-30
RSK001617,CUS001617,37.46,Medium,2026-06-30
RSK001618,CUS001618,22.05,Low,2026-06-30
RSK001619,CUS001619,10.3,Low,2026-06-30
RSK001620,CUS001620,16.54,Low,2026-06-30
RSK001621,CUS001621,14.6,Low,2026-06-30
RSK001622,CUS001622,100.0,High,2026-06-30
RSK001623,CUS001623,86.27,High,2026-06-30
RSK001624,CUS001624,39.89,Medium,2026-06-30
RSK001625,CUS001625,100.0,High,2026-06-30
RSK001626,CUS001626,39.36,Medium,2026-06-30
RSK001627,CUS001627,14.71,Low,2026-06-30
RSK001628,CUS001628,9.21,Low,2026-06-30
RSK001629,CUS001629,30.23,Medium,2026-06-30
RSK001630,CUS001630,68.9,High,2026-06-30
RSK001631,CUS001631,48.41,Medium,2026-06-30
RSK001632,CUS001632,29.37,Low,2026-06-30
RSK001633,CUS001633,100.0,High,2026-06-30
RSK001634,CUS001634,100.0,High,2026-06-30
RSK001635,CUS001635,42.02,Medium,2026-06-30
RSK001636,CUS001636,32.4,Medium,2026-06-30
RSK001637,CUS001637,100.0,High,2026-06-30
RSK001638,CUS001638,20.97,Low,2026-06-30
RSK001639,CUS001639,42.6,Medium,2026-06-30
RSK001640,CUS001640,21.28,Low,2026-06-30
RSK001641,CUS001641,41.76,Medium,2026-06-30
RSK001642,CUS001642,20.6,Low,2026-06-30
RSK001643,CUS001643,52.65,Medium,2026-06-30
RSK001644,CUS001644,53.92,Medium,2026-06-30
RSK001645,CUS001645,100.0,High,2026-06-30
RSK001646,CUS001646,30.09,Medium,2026-06-30
RSK001647,CUS001647,93.0,High,2026-06-30
RSK001648,CUS001648,23.29,Low,2026-06-30
RSK001649,CUS001649,79.76,High,2026-06-30
RSK001650,CUS001650,41.79,Medium,2026-06-30
RSK001651,CUS001651,35.12,Medium,2026-06-30
RSK001652,CUS001652,27.16,Low,2026-06-30
RSK001653,CUS001653,39.62,Medium,2026-06-30
RSK001654,CUS001654,30.2,Medium,2026-06-30
RSK001655,CUS001655,43.7,Medium,2026-06-30
RSK001656,CUS001656,19.66,Low,2026-06-30
RSK001657,CUS001657,30.33,Medium,2026-06-30
RSK001658,CUS001658,11.67,Low,2026-06-30
RSK001659,CUS001659,100.0,High,2026-06-30
RSK001660,CUS001660,29.76,Low,2026-06-30
RSK001661,CUS001661,36.3,Medium,2026-06-30
RSK001662,CUS001662,61.89,High,2026-06-30
RSK001663,CUS001663,37.84,Medium,2026-06-30
RSK001664,CUS001664,43.48,Medium,2026-06-30
RSK001665,CUS001665,69.46,High,2026-06-30
RSK001666,CUS001666,22.84,Low,2026-06-30
RSK001667,CUS001667,34.25,Medium,2026-06-30
RSK001668,CUS001668,35.59,Medium,2026-06-30
RSK001669,CUS001669,39.49,Medium,2026-06-30
RSK001670,CUS001670,20.15,Low,2026-06-30
RSK001671,CUS001671,37.32,Medium,2026-06-30
RSK001672,CUS001672,28.4,Low,2026-06-30
RSK001673,CUS001673,31.45,Medium,2026-06-30
RSK001674,CUS001674,100.0,High,2026-06-30
RSK001675,CUS001675,38.58,Medium,2026-06-30
RSK001676,CUS001676,100.0,High,2026-06-30
RSK001677,CUS001677,100.0,High,2026-06-30
RSK001678,CUS001678,22.76,Low,2026-06-30
RSK001679,CUS001679,54.51,Medium,2026-06-30
RSK001680,CUS001680,19.15,Low,2026-06-30
RSK001681,CUS001681,100.0,High,2026-06-30
RSK001682,CUS001682,27.99,Low,2026-06-30
RSK001683,CUS001683,14.66,Low,2026-06-30
RSK001684,CUS001684,43.17,Medium,2026-06-30
RSK001685,CUS001685,39.49,Medium,2026-06-30
RSK001686,CUS001686,46.92,Medium,2026-06-30
RSK001687,CUS001687,47.86,Medium,2026-06-30
RSK001688,CUS001688,34.25,Medium,2026-06-30
RSK001689,CUS001689,98.81,High,2026-06-30
RSK001690,CUS001690,44.65,Medium,2026-06-30
RSK001691,CUS001691,28.19,Low,2026-06-30
RSK001692,CUS001692,100.0,High,2026-06-30
RSK001693,CUS001693,43.48,Medium,2026-06-30
RSK001694,CUS001694,54.34,Medium,2026-06-30
RSK001695,CUS001695,100.0,High,2026-06-30
RSK001696,CUS001696,61.16,High,2026-06-30
RSK001697,CUS001697,26.05,Low,2026-06-30
RSK001698,CUS001698,69.29,High,2026-06-30
RSK001699,CUS001699,100.0,High,2026-06-30
RSK001700,CUS001700,50.55,Medium,2026-06-30
RSK001701,CUS001701,69.05,High,2026-06-30
RSK001702,CUS001702,39.76,Medium,2026-06-30
RSK001703,CUS001703,34.92,Medium,2026-06-30
RSK001704,CUS001704,35.47,Medium,2026-06-30
RSK001705,CUS001705,17.93,Low,2026-06-30
RSK001706,CUS001706,94.14,High,2026-06-30
RSK001707,CUS001707,27.83,Low,2026-06-30
RSK001708,CUS001708,23.44,Low,2026-06-30
RSK001709,CUS001709,35.43,Medium,2026-06-30
RSK001710,CUS001710,71.25,High,2026-06-30
RSK001711,CUS001711,74.1,High,2026-06-30
RSK001712,CUS001712,42.22,Medium,2026-06-30
RSK001713,CUS001713,23.39,Low,2026-06-30
RSK001714,CUS001714,100.0,High,2026-06-30
RSK001715,CUS001715,99.13,High,2026-06-30
RSK001716,CUS001716,33.0,Medium,2026-06-30
RSK001717,CUS001717,33.21,Medium,2026-06-30
RSK001718,CUS001718,100.0,High,2026-06-30
RSK001719,CUS001719,65.62,High,2026-06-30
RSK001720,CUS001720,8.52,Low,2026-06-30
RSK001721,CUS001721,93.4,High,2026-06-30
RSK001722,CUS001722,25.87,Low,2026-06-30
RSK001723,CUS001723,100.0,High,2026-06-30
RSK001724,CUS001724,100.0,High,2026-06-30
RSK001725,CUS001725,31.75,Medium,2026-06-30
RSK001726,CUS001726,32.74,Medium,2026-06-30
RSK001727,CUS001727,8.44,Low,2026-06-30
RSK001728,CUS001728,30.96,Medium,2026-06-30
RSK001729,CUS001729,18.89,Low,2026-06-30
RSK001730,CUS001730,100.0,High,2026-06-30
RSK001731,CUS001731,32.41,Medium,2026-06-30
RSK001732,CUS001732,88.16,High,2026-06-30
RSK001733,CUS001733,25.03,Low,2026-06-30
RSK001734,CUS001734,78.9,High,2026-06-30
RSK001735,CUS001735,31.58,Medium,2026-06-30
RSK001736,CUS001736,51.36,Medium,2026-06-30
RSK001737,CUS001737,44.26,Medium,2026-06-30
RSK001738,CUS001738,100.0,High,2026-06-30
RSK001739,CUS001739,55.87,Medium,2026-06-30
RSK001740,CUS001740,35.99,Medium,2026-06-30
RSK001741,CUS001741,60.52,High,2026-06-30
RSK001742,CUS001742,99.34,High,2026-06-30
RSK001743,CUS001743,14.41,Low,2026-06-30
RSK001744,CUS001744,27.81,Low,2026-06-30
RSK001745,CUS001745,29.19,Low,2026-06-30
RSK001746,CUS001746,56.01,Medium,2026-06-30
RSK001747,CUS001747,31.09,Medium,2026-06-30
RSK001748,CUS001748,100.0,High,2026-06-30
RSK001749,CUS001749,100.0,High,2026-06-30
RSK001750,CUS001750,29.8,Low,2026-06-30
RSK001751,CUS001751,52.78,Medium,2026-06-30
RSK001752,CUS001752,91.93,High,2026-06-30
RSK001753,CUS001753,100.0,High,2026-06-30
RSK001754,CUS001754,64.05,High,2026-06-30
RSK001755,CUS001755,23.86,Low,2026-06-30
RSK001756,CUS001756,13.58,Low,2026-06-30
RSK001757,CUS001757,71.67,High,2026-06-30
RSK001758,CUS001758,70.68,High,2026-06-30
RSK001759,CUS001759,30.83,Medium,2026-06-30
RSK001760,CUS001760,65.0,High,2026-06-30
RSK001761,CUS001761,51.9,Medium,2026-06-30
RSK001762,CUS001762,20.43,Low,2026-06-30
RSK001763,CUS001763,39.39,Medium,2026-06-30
RSK001764,CUS001764,50.91,Medium,2026-06-30
RSK001765,CUS001765,44.84,Medium,2026-06-30
RSK001766,CUS001766,55.91,Medium,2026-06-30
RSK001767,CUS001767,46.11,Medium,2026-06-30
RSK001768,CUS001768,46.13,Medium,2026-06-30
RSK001769,CUS001769,100.0,High,2026-06-30
RSK001770,CUS001770,18.62,Low,2026-06-30
RSK001771,CUS001771,30.78,Medium,2026-06-30
RSK001772,CUS001772,4.08,Low,2026-06-30
RSK001773,CUS001773,40.76,Medium,2026-06-30
RSK001774,CUS001774,37.6,Medium,2026-06-30
RSK001775,CUS001775,72.03,High,2026-06-30
RSK001776,CUS001776,16.67,Low,2026-06-30
RSK001777,CUS001777,25.76,Low,2026-06-30
RSK001778,CUS001778,68.06,High,2026-06-30
RSK001779,CUS001779,78.37,High,2026-06-30
RSK001780,CUS001780,100.0,High,2026-06-30
RSK001781,CUS001781,37.97,Medium,2026-06-30
RSK001782,CUS001782,100.0,High,2026-06-30
RSK001783,CUS001783,100.0,High,2026-06-30
RSK001784,CUS001784,19.74,Low,2026-06-30
RSK001785,CUS001785,39.11,Medium,2026-06-30
RSK001786,CUS001786,100.0,High,2026-06-30
RSK001787,CUS001787,18.7,Low,2026-06-30
RSK001788,CUS001788,40.52,Medium,2026-06-30
RSK001789,CUS001789,64.57,High,2026-06-30
RSK001790,CUS001790,100.0,High,2026-06-30
RSK001791,CUS001791,19.88,Low,2026-06-30
RSK001792,CUS001792,100.0,High,2026-06-30
RSK001793,CUS001793,21.15,Low,2026-06-30
RSK001794,CUS001794,88.13,High,2026-06-30
RSK001795,CUS001795,22.7,Low,2026-06-30
RSK001796,CUS001796,33.57,Medium,2026-06-30
RSK001797,CUS001797,40.03,Medium,2026-06-30
RSK001798,CUS001798,53.44,Medium,2026-06-30
RSK001799,CUS001799,57.53,Medium,2026-06-30
RSK001800,CUS001800,100.0,High,2026-06-30
RSK001801,CUS001801,100.0,High,2026-06-30
RSK001802,CUS001802,88.01,High,2026-06-30
RSK001803,CUS001803,29.45,Low,2026-06-30
RSK001804,CUS001804,39.67,Medium,2026-06-30
RSK001805,CUS001805,100.0,High,2026-06-30
RSK001806,CUS001806,51.89,Medium,2026-06-30
RSK001807,CUS001807,53.5,Medium,2026-06-30
RSK001808,CUS001808,85.42,High,2026-06-30
RSK001809,CUS001809,40.6,Medium,2026-06-30
RSK001810,CUS001810,50.43,Medium,2026-06-30
RSK001811,CUS001811,100.0,High,2026-06-30
RSK001812,CUS001812,25.63,Low,2026-06-30
RSK001813,CUS001813,21.16,Low,2026-06-30
RSK001814,CUS001814,42.53,Medium,2026-06-30
RSK001815,CUS001815,100.0,High,2026-06-30
RSK001816,CUS001816,13.35,Low,2026-06-30
RSK001817,CUS001817,44.43,Medium,2026-06-30
RSK001818,CUS001818,100.0,High,2026-06-30
RSK001819,CUS001819,17.72,Low,2026-06-30
RSK001820,CUS001820,42.99,Medium,2026-06-30
RSK001821,CUS001821,75.17,High,2026-06-30
RSK001822,CUS001822,75.49,High,2026-06-30
RSK001823,CUS001823,48.33,Medium,2026-06-30
RSK001824,CUS001824,99.9,High,2026-06-30
RSK001825,CUS001825,52.14,Medium,2026-06-30
RSK001826,CUS001826,39.56,Medium,2026-06-30
RSK001827,CUS001827,45.53,Medium,2026-06-30
RSK001828,CUS001828,67.42,High,2026-06-30
RSK001829,CUS001829,27.47,Low,2026-06-30
RSK001830,CUS001830,42.2,Medium,2026-06-30
RSK001831,CUS001831,37.41,Medium,2026-06-30
RSK001832,CUS001832,86.3,High,2026-06-30
RSK001833,CUS001833,100.0,High,2026-06-30
RSK001834,CUS001834,99.24,High,2026-06-30
RSK001835,CUS001835,43.21,Medium,2026-06-30
RSK001836,CUS001836,100.0,High,2026-06-30
RSK001837,CUS001837,34.63,Medium,2026-06-30
RSK001838,CUS001838,34.38,Medium,2026-06-30
RSK001839,CUS001839,46.65,Medium,2026-06-30
RSK001840,CUS001840,35.94,Medium,2026-06-30
RSK001841,CUS001841,38.22,Medium,2026-06-30
RSK001842,CUS001842,22.35,Low,2026-06-30
RSK001843,CUS001843,47.96,Medium,2026-06-30
RSK001844,CUS001844,35.4,Medium,2026-06-30
RSK001845,CUS001845,29.15,Low,2026-06-30
RSK001846,CUS001846,19.61,Low,2026-06-30
RSK001847,CUS001847,21.13,Low,2026-06-30
RSK001848,CUS001848,100.0,High,2026-06-30
RSK001849,CUS001849,19.39,Low,2026-06-30
RSK001850,CUS001850,21.15,Low,2026-06-30
RSK001851,CUS001851,73.31,High,2026-06-30
RSK001852,CUS001852,29.38,Low,2026-06-30
RSK001853,CUS001853,100.0,High,2026-06-30
RSK001854,CUS001854,36.02,Medium,2026-06-30
RSK001855,CUS001855,100.0,High,2026-06-30
RSK001856,CUS001856,25.75,Low,2026-06-30
RSK001857,CUS001857,40.02,Medium,2026-06-30
RSK001858,CUS001858,38.19,Medium,2026-06-30
RSK001859,CUS001859,80.72,High,2026-06-30
RSK001860,CUS001860,16.26,Low,2026-06-30
RSK001861,CUS001861,100.0,High,2026-06-30
RSK001862,CUS001862,59.51,Medium,2026-06-30
RSK001863,CUS001863,100.0,High,2026-06-30
RSK001864,CUS001864,29.31,Low,2026-06-30
RSK001865,CUS001865,39.6,Medium,2026-06-30
RSK001866,CUS001866,45.54,Medium,2026-06-30
RSK001867,CUS001867,49.63,Medium,2026-06-30
RSK001868,CUS001868,43.04,Medium,2026-06-30
RSK001869,CUS001869,25.55,Low,2026-06-30
RSK001870,CUS001870,38.35,Medium,2026-06-30
RSK001871,CUS001871,27.6,Low,2026-06-30
RSK001872,CUS001872,46.28,Medium,2026-06-30
RSK001873,CUS001873,8.16,Low,2026-06-30
RSK001874,CUS001874,26.99,Low,2026-06-30
RSK001875,CUS001875,38.83,Medium,2026-06-30
RSK001876,CUS001876,49.37,Medium,2026-06-30
RSK001877,CUS001877,90.18,High,2026-06-30
RSK001878,CUS001878,100.0,High,2026-06-30
RSK001879,CUS001879,100.0,High,2026-06-30
RSK001880,CUS001880,6.15,Low,2026-06-30
RSK001881,CUS001881,40.51,Medium,2026-06-30
RSK001882,CUS001882,100.0,High,2026-06-30
RSK001883,CUS001883,66.83,High,2026-06-30
RSK001884,CUS001884,45.57,Medium,2026-06-30
RSK001885,CUS001885,33.82,Medium,2026-06-30
RSK001886,CUS001886,23.14,Low,2026-06-30
RSK001887,CUS001887,24.04,Low,2026-06-30
RSK001888,CUS001888,45.13,Medium,2026-06-30
RSK001889,CUS001889,26.76,Low,2026-06-30
RSK001890,CUS001890,32.84,Medium,2026-06-30
RSK001891,CUS001891,61.19,High,2026-06-30
RSK001892,CUS001892,23.48,Low,2026-06-30
RSK001893,CUS001893,100.0,High,2026-06-30
RSK001894,CUS001894,85.45,High,2026-06-30
RSK001895,CUS001895,83.45,High,2026-06-30
RSK001896,CUS001896,98.98,High,2026-06-30
RSK001897,CUS001897,71.15,High,2026-06-30
RSK001898,CUS001898,26.07,Low,2026-06-30
RSK001899,CUS001899,33.32,Medium,2026-06-30
RSK001900,CUS001900,44.21,Medium,2026-06-30
RSK001901,CUS001901,100.0,High,2026-06-30
RSK001902,CUS001902,100.0,High,2026-06-30
RSK001903,CUS001903,27.95,Low,2026-06-30
RSK001904,CUS001904,100.0,High,2026-06-30
RSK001905,CUS001905,100.0,High,2026-06-30
RSK001906,CUS001906,77.93,High,2026-06-30
RSK001907,CUS001907,34.88,Medium,2026-06-30
RSK001908,CUS001908,58.91,Medium,2026-06-30
RSK001909,CUS001909,100.0,High,2026-06-30
RSK001910,CUS001910,32.81,Medium,2026-06-30
RSK001911,CUS001911,100.0,High,2026-06-30
RSK001912,CUS001912,1.67,Low,2026-06-30
RSK001913,CUS001913,54.36,Medium,2026-06-30
RSK001914,CUS001914,46.9,Medium,2026-06-30
RSK001915,CUS001915,85.98,High,2026-06-30
RSK001916,CUS001916,45.38,Medium,2026-06-30
RSK001917,CUS001917,36.64,Medium,2026-06-30
RSK001918,CUS001918,54.02,Medium,2026-06-30
RSK001919,CUS001919,72.21,High,2026-06-30
RSK001920,CUS001920,100.0,High,2026-06-30
RSK001921,CUS001921,10.65,Low,2026-06-30
RSK001922,CUS001922,100.0,High,2026-06-30
RSK001923,CUS001923,43.62,Medium,2026-06-30
RSK001924,CUS001924,100.0,High,2026-06-30
RSK001925,CUS001925,54.46,Medium,2026-06-30
RSK001926,CUS001926,41.83,Medium,2026-06-30
RSK001927,CUS001927,77.73,High,2026-06-30
RSK001928,CUS001928,81.6,High,2026-06-30
RSK001929,CUS001929,23.69,Low,2026-06-30
RSK001930,CUS001930,35.87,Medium,2026-06-30
RSK001931,CUS001931,49.7,Medium,2026-06-30
RSK001932,CUS001932,29.6,Low,2026-06-30
RSK001933,CUS001933,17.4,Low,2026-06-30
RSK001934,CUS001934,19.71,Low,2026-06-30
RSK001935,CUS001935,38.3,Medium,2026-06-30
RSK001936,CUS001936,10.16,Low,2026-06-30
RSK001937,CUS001937,31.92,Medium,2026-06-30
RSK001938,CUS001938,20.58,Low,2026-06-30
RSK001939,CUS001939,46.92,Medium,2026-06-30
RSK001940,CUS001940,54.34,Medium,2026-06-30
RSK001941,CUS001941,38.08,Medium,2026-06-30
RSK001942,CUS001942,13.23,Low,2026-06-30
RSK001943,CUS001943,54.33,Medium,2026-06-30
RSK001944,CUS001944,94.3,High,2026-06-30
RSK001945,CUS001945,39.89,Medium,2026-06-30
RSK001946,CUS001946,28.63,Low,2026-06-30
RSK001947,CUS001947,70.33,High,2026-06-30
RSK001948,CUS001948,22.0,Low,2026-06-30
RSK001949,CUS001949,37.68,Medium,2026-06-30
RSK001950,CUS001950,100.0,High,2026-06-30
RSK001951,CUS001951,27.71,Low,2026-06-30
RSK001952,CUS001952,35.03,Medium,2026-06-30
RSK001953,CUS001953,87.99,High,2026-06-30
RSK001954,CUS001954,29.56,Low,2026-06-30
RSK001955,CUS001955,37.3,Medium,2026-06-30
RSK001956,CUS001956,27.92,Low,2026-06-30
RSK001957,CUS001957,42.39,Medium,2026-06-30
RSK001958,CUS001958,52.28,Medium,2026-06-30
RSK001959,CUS001959,95.08,High,2026-06-30
RSK001960,CUS001960,29.94,Low,2026-06-30
RSK001961,CUS001961,13.6,Low,2026-06-30
RSK001962,CUS001962,57.66,Medium,2026-06-30
RSK001963,CUS001963,100.0,High,2026-06-30
RSK001964,CUS001964,4.19,Low,2026-06-30
RSK001965,CUS001965,80.31,High,2026-06-30
RSK001966,CUS001966,100.0,High,2026-06-30
RSK001967,CUS001967,79.87,High,2026-06-30
RSK001968,CUS001968,100.0,High,2026-06-30
RSK001969,CUS001969,100.0,High,2026-06-30
RSK001970,CUS001970,8.96,Low,2026-06-30
RSK001971,CUS001971,93.87,High,2026-06-30
RSK001972,CUS001972,39.07,Medium,2026-06-30
RSK001973,CUS001973,30.09,Medium,2026-06-30
RSK001974,CUS001974,86.82,High,2026-06-30
RSK001975,CUS001975,50.09,Medium,2026-06-30
RSK001976,CUS001976,34.22,Medium,2026-06-30
RSK001977,CUS001977,59.73,Medium,2026-06-30
RSK001978,CUS001978,19.89,Low,2026-06-30
RSK001979,CUS001979,100.0,High,2026-06-30
RSK001980,CUS001980,72.26,High,2026-06-30
RSK001981,CUS001981,70.38,High,2026-06-30
RSK001982,CUS001982,24.44,Low,2026-06-30
RSK001983,CUS001983,24.13,Low,2026-06-30
RSK001984,CUS001984,15.31,Low,2026-06-30
RSK001985,CUS001985,100.0,High,2026-06-30
RSK001986,CUS001986,76.68,High,2026-06-30
RSK001987,CUS001987,21.89,Low,2026-06-30
RSK001988,CUS001988,8.76,Low,2026-06-30
RSK001989,CUS001989,31.41,Medium,2026-06-30
RSK001990,CUS001990,100.0,High,2026-06-30
RSK001991,CUS001991,18.76,Low,2026-06-30
RSK001992,CUS001992,41.62,Medium,2026-06-30
RSK001993,CUS001993,60.34,High,2026-06-30
RSK001994,CUS001994,18.31,Low,2026-06-30
RSK001995,CUS001995,34.9,Medium,2026-06-30
RSK001996,CUS001996,69.14,High,2026-06-30
RSK001997,CUS001997,29.52,Low,2026-06-30
RSK001998,CUS001998,42.87,Medium,2026-06-30
RSK001999,CUS001999,95.87,High,2026-06-30
RSK002000,CUS002000,27.47,Low,2026-06-30
RSK002001,CUS002001,82.71,High,2026-06-30
RSK002002,CUS002002,60.46,High,2026-06-30
RSK002003,CUS002003,15.45,Low,2026-06-30
RSK002004,CUS002004,14.27,Low,2026-06-30
RSK002005,CUS002005,100.0,High,2026-06-30
RSK002006,CUS002006,77.24,High,2026-06-30
RSK002007,CUS002007,79.64,High,2026-06-30
RSK002008,CUS002008,83.08,High,2026-06-30
RSK002009,CUS002009,33.73,Medium,2026-06-30
RSK002010,CUS002010,23.16,Low,2026-06-30
RSK002011,CUS002011,29.2,Low,2026-06-30
RSK002012,CUS002012,39.93,Medium,2026-06-30
RSK002013,CUS002013,32.35,Medium,2026-06-30
RSK002014,CUS002014,100.0,High,2026-06-30
RSK002015,CUS002015,73.8,High,2026-06-30
RSK002016,CUS002016,78.64,High,2026-06-30
RSK002017,CUS002017,91.66,High,2026-06-30
RSK002018,CUS002018,64.41,High,2026-06-30
RSK002019,CUS002019,16.08,Low,2026-06-30
RSK002020,CUS002020,1.06,Low,2026-06-30
RSK002021,CUS002021,20.99,Low,2026-06-30
RSK002022,CUS002022,75.84,High,2026-06-30
RSK002023,CUS002023,33.38,Medium,2026-06-30
RSK002024,CUS002024,81.06,High,2026-06-30
RSK002025,CUS002025,55.93,Medium,2026-06-30
RSK002026,CUS002026,100.0,High,2026-06-30
RSK002027,CUS002027,97.77,High,2026-06-30
RSK002028,CUS002028,32.92,Medium,2026-06-30
RSK002029,CUS002029,100.0,High,2026-06-30
RSK002030,CUS002030,25.62,Low,2026-06-30
RSK002031,CUS002031,42.31,Medium,2026-06-30
RSK002032,CUS002032,75.96,High,2026-06-30
RSK002033,CUS002033,6.69,Low,2026-06-30
RSK002034,CUS002034,18.94,Low,2026-06-30
RSK002035,CUS002035,23.81,Low,2026-06-30
RSK002036,CUS002036,45.98,Medium,2026-06-30
RSK002037,CUS002037,17.67,Low,2026-06-30
RSK002038,CUS002038,99.03,High,2026-06-30
RSK002039,CUS002039,27.01,Low,2026-06-30
RSK002040,CUS002040,42.66,Medium,2026-06-30
RSK002041,CUS002041,10.21,Low,2026-06-30
RSK002042,CUS002042,35.63,Medium,2026-06-30
RSK002043,CUS002043,40.51,Medium,2026-06-30
RSK002044,CUS002044,28.48,Low,2026-06-30
RSK002045,CUS002045,43.0,Medium,2026-06-30
RSK002046,CUS002046,36.33,Medium,2026-06-30
RSK002047,CUS002047,77.88,High,2026-06-30
RSK002048,CUS002048,100.0,High,2026-06-30
RSK002049,CUS002049,29.37,Low,2026-06-30
RSK002050,CUS002050,17.6,Low,2026-06-30
RSK002051,CUS002051,79.24,High,2026-06-30
RSK002052,CUS002052,78.88,High,2026-06-30
RSK002053,CUS002053,99.56,High,2026-06-30
RSK002054,CUS002054,100.0,High,2026-06-30
RSK002055,CUS002055,27.1,Low,2026-06-30
RSK002056,CUS002056,36.97,Medium,2026-06-30
RSK002057,CUS002057,100.0,High,2026-06-30
RSK002058,CUS002058,76.79,High,2026-06-30
RSK002059,CUS002059,100.0,High,2026-06-30
RSK002060,CUS002060,13.83,Low,2026-06-30
RSK002061,CUS002061,28.23,Low,2026-06-30
RSK002062,CUS002062,31.79,Medium,2026-06-30
RSK002063,CUS002063,44.86,Medium,2026-06-30
RSK002064,CUS002064,29.05,Low,2026-06-30
RSK002065,CUS002065,14.95,Low,2026-06-30
RSK002066,CUS002066,54.69,Medium,2026-06-30
RSK002067,CUS002067,72.86,High,2026-06-30
RSK002068,CUS002068,100.0,High,2026-06-30
RSK002069,CUS002069,26.49,Low,2026-06-30
RSK002070,CUS002070,61.19,High,2026-06-30
RSK002071,CUS002071,39.24,Medium,2026-06-30
RSK002072,CUS002072,33.39,Medium,2026-06-30
RSK002073,CUS002073,19.64,Low,2026-06-30
RSK002074,CUS002074,100.0,High,2026-06-30
RSK002075,CUS002075,35.64,Medium,2026-06-30
RSK002076,CUS002076,52.78,Medium,2026-06-30
RSK002077,CUS002077,48.61,Medium,2026-06-30
RSK002078,CUS002078,88.23,High,2026-06-30
RSK002079,CUS002079,24.38,Low,2026-06-30
RSK002080,CUS002080,16.38,Low,2026-06-30
RSK002081,CUS002081,15.8,Low,2026-06-30
RSK002082,CUS002082,100.0,High,2026-06-30
RSK002083,CUS002083,100.0,High,2026-06-30
RSK002084,CUS002084,32.59,Medium,2026-06-30
RSK002085,CUS002085,77.68,High,2026-06-30
RSK002086,CUS002086,61.98,High,2026-06-30
RSK002087,CUS002087,98.22,High,2026-06-30
RSK002088,CUS002088,36.35,Medium,2026-06-30
RSK002089,CUS002089,31.35,Medium,2026-06-30
RSK002090,CUS002090,100.0,High,2026-06-30
RSK002091,CUS002091,96.28,High,2026-06-30
RSK002092,CUS002092,89.85,High,2026-06-30
RSK002093,CUS002093,31.79,Medium,2026-06-30
RSK002094,CUS002094,12.77,Low,2026-06-30
RSK002095,CUS002095,25.51,Low,2026-06-30
RSK002096,CUS002096,77.51,High,2026-06-30
RSK002097,CUS002097,100.0,High,2026-06-30
RSK002098,CUS002098,11.87,Low,2026-06-30
RSK002099,CUS002099,80.32,High,2026-06-30
RSK002100,CUS002100,42.5,Medium,2026-06-30
RSK002101,CUS002101,53.91,Medium,2026-06-30
RSK002102,CUS002102,100.0,High,2026-06-30
RSK002103,CUS002103,38.36,Medium,2026-06-30
RSK002104,CUS002104,100.0,High,2026-06-30
RSK002105,CUS002105,20.12,Low,2026-06-30
RSK002106,CUS002106,26.84,Low,2026-06-30
RSK002107,CUS002107,22.01,Low,2026-06-30
RSK002108,CUS002108,52.55,Medium,2026-06-30
RSK002109,CUS002109,88.05,High,2026-06-30
RSK002110,CUS002110,63.72,High,2026-06-30
RSK002111,CUS002111,35.79,Medium,2026-06-30
RSK002112,CUS002112,35.74,Medium,2026-06-30
RSK002113,CUS002113,32.41,Medium,2026-06-30
RSK002114,CUS002114,11.79,Low,2026-06-30
RSK002115,CUS002115,100.0,High,2026-06-30
RSK002116,CUS002116,58.71,Medium,2026-06-30
RSK002117,CUS002117,34.28,Medium,2026-06-30
RSK002118,CUS002118,100.0,High,2026-06-30
RSK002119,CUS002119,41.8,Medium,2026-06-30
RSK002120,CUS002120,49.31,Medium,2026-06-30
RSK002121,CUS002121,38.72,Medium,2026-06-30
RSK002122,CUS002122,21.61,Low,2026-06-30
RSK002123,CUS002123,52.71,Medium,2026-06-30
RSK002124,CUS002124,40.88,Medium,2026-06-30
RSK002125,CUS002125,54.5,Medium,2026-06-30
RSK002126,CUS002126,11.9,Low,2026-06-30
RSK002127,CUS002127,16.79,Low,2026-06-30
RSK002128,CUS002128,63.45,High,2026-06-30
RSK002129,CUS002129,43.96,Medium,2026-06-30
RSK002130,CUS002130,100.0,High,2026-06-30
RSK002131,CUS002131,34.36,Medium,2026-06-30
RSK002132,CUS002132,100.0,High,2026-06-30
RSK002133,CUS002133,42.3,Medium,2026-06-30
RSK002134,CUS002134,63.31,High,2026-06-30
RSK002135,CUS002135,25.81,Low,2026-06-30
RSK002136,CUS002136,100.0,High,2026-06-30
RSK002137,CUS002137,25.27,Low,2026-06-30
RSK002138,CUS002138,100.0,High,2026-06-30
RSK002139,CUS002139,76.42,High,2026-06-30
RSK002140,CUS002140,62.24,High,2026-06-30
RSK002141,CUS002141,23.26,Low,2026-06-30
RSK002142,CUS002142,100.0,High,2026-06-30
RSK002143,CUS002143,45.06,Medium,2026-06-30
RSK002144,CUS002144,100.0,High,2026-06-30
RSK002145,CUS002145,20.61,Low,2026-06-30
RSK002146,CUS002146,100.0,High,2026-06-30
RSK002147,CUS002147,100.0,High,2026-06-30
RSK002148,CUS002148,69.24,High,2026-06-30
RSK002149,CUS002149,100.0,High,2026-06-30
RSK002150,CUS002150,100.0,High,2026-06-30
RSK002151,CUS002151,71.0,High,2026-06-30
RSK002152,CUS002152,25.06,Low,2026-06-30
RSK002153,CUS002153,97.07,High,2026-06-30
RSK002154,CUS002154,29.57,Low,2026-06-30
RSK002155,CUS002155,38.59,Medium,2026-06-30
RSK002156,CUS002156,84.18,High,2026-06-30
RSK002157,CUS002157,100.0,High,2026-06-30
RSK002158,CUS002158,35.2,Medium,2026-06-30
RSK002159,CUS002159,47.4,Medium,2026-06-30
RSK002160,CUS002160,84.67,High,2026-06-30
RSK002161,CUS002161,11.69,Low,2026-06-30
RSK002162,CUS002162,86.82,High,2026-06-30
RSK002163,CUS002163,74.69,High,2026-06-30
RSK002164,CUS002164,72.69,High,2026-06-30
RSK002165,CUS002165,16.65,Low,2026-06-30
RSK002166,CUS002166,31.92,Medium,2026-06-30
RSK002167,CUS002167,44.65,Medium,2026-06-30
RSK002168,CUS002168,81.48,High,2026-06-30
RSK002169,CUS002169,100.0,High,2026-06-30
RSK002170,CUS002170,69.22,High,2026-06-30
RSK002171,CUS002171,39.57,Medium,2026-06-30
RSK002172,CUS002172,100.0,High,2026-06-30
RSK002173,CUS002173,100.0,High,2026-06-30
RSK002174,CUS002174,66.98,High,2026-06-30
RSK002175,CUS002175,100.0,High,2026-06-30
RSK002176,CUS002176,35.19,Medium,2026-06-30
RSK002177,CUS002177,37.83,Medium,2026-06-30
RSK002178,CUS002178,59.16,Medium,2026-06-30
RSK002179,CUS002179,39.24,Medium,2026-06-30
RSK002180,CUS002180,100.0,High,2026-06-30
RSK002181,CUS002181,38.95,Medium,2026-06-30
RSK002182,CUS002182,14.45,Low,2026-06-30
RSK002183,CUS002183,55.97,Medium,2026-06-30
RSK002184,CUS002184,100.0,High,2026-06-30
RSK002185,CUS002185,35.23,Medium,2026-06-30
RSK002186,CUS002186,100.0,High,2026-06-30
RSK002187,CUS002187,76.15,High,2026-06-30
RSK002188,CUS002188,49.41,Medium,2026-06-30
RSK002189,CUS002189,28.56,Low,2026-06-30
RSK002190,CUS002190,23.74,Low,2026-06-30
RSK002191,CUS002191,46.52,Medium,2026-06-30
RSK002192,CUS002192,31.01,Medium,2026-06-30
RSK002193,CUS002193,25.91,Low,2026-06-30
RSK002194,CUS002194,41.55,Medium,2026-06-30
RSK002195,CUS002195,29.94,Low,2026-06-30
RSK002196,CUS002196,12.79,Low,2026-06-30
RSK002197,CUS002197,18.92,Low,2026-06-30
RSK002198,CUS002198,36.96,Medium,2026-06-30
RSK002199,CUS002199,100.0,High,2026-06-30
RSK002200,CUS002200,11.32,Low,2026-06-30
RSK002201,CUS002201,59.95,Medium,2026-06-30
RSK002202,CUS002202,29.34,Low,2026-06-30
RSK002203,CUS002203,27.26,Low,2026-06-30
RSK002204,CUS002204,30.71,Medium,2026-06-30
RSK002205,CUS002205,51.91,Medium,2026-06-30
RSK002206,CUS002206,33.96,Medium,2026-06-30
RSK002207,CUS002207,85.43,High,2026-06-30
RSK002208,CUS002208,100.0,High,2026-06-30
RSK002209,CUS002209,34.28,Medium,2026-06-30
RSK002210,CUS002210,45.75,Medium,2026-06-30
RSK002211,CUS002211,42.61,Medium,2026-06-30
RSK002212,CUS002212,21.84,Low,2026-06-30
RSK002213,CUS002213,17.91,Low,2026-06-30
RSK002214,CUS002214,25.14,Low,2026-06-30
RSK002215,CUS002215,30.31,Medium,2026-06-30
RSK002216,CUS002216,100.0,High,2026-06-30
RSK002217,CUS002217,100.0,High,2026-06-30
RSK002218,CUS002218,45.74,Medium,2026-06-30
RSK002219,CUS002219,100.0,High,2026-06-30
RSK002220,CUS002220,18.51,Low,2026-06-30
RSK002221,CUS002221,16.74,Low,2026-06-30
RSK002222,CUS002222,27.96,Low,2026-06-30
RSK002223,CUS002223,100.0,High,2026-06-30
RSK002224,CUS002224,31.5,Medium,2026-06-30
RSK002225,CUS002225,45.42,Medium,2026-06-30
RSK002226,CUS002226,56.72,Medium,2026-06-30
RSK002227,CUS002227,6.25,Low,2026-06-30
RSK002228,CUS002228,14.73,Low,2026-06-30
RSK002229,CUS002229,63.54,High,2026-06-30
RSK002230,CUS002230,40.62,Medium,2026-06-30
RSK002231,CUS002231,82.74,High,2026-06-30
RSK002232,CUS002232,41.38,Medium,2026-06-30
RSK002233,CUS002233,14.89,Low,2026-06-30
RSK002234,CUS002234,56.26,Medium,2026-06-30
RSK002235,CUS002235,28.53,Low,2026-06-30
RSK002236,CUS002236,19.32,Low,2026-06-30
RSK002237,CUS002237,23.95,Low,2026-06-30
RSK002238,CUS002238,25.44,Low,2026-06-30
RSK002239,CUS002239,12.63,Low,2026-06-30
RSK002240,CUS002240,33.88,Medium,2026-06-30
RSK002241,CUS002241,20.86,Low,2026-06-30
RSK002242,CUS002242,100.0,High,2026-06-30
RSK002243,CUS002243,33.62,Medium,2026-06-30
RSK002244,CUS002244,71.31,High,2026-06-30
RSK002245,CUS002245,38.33,Medium,2026-06-30
RSK002246,CUS002246,32.44,Medium,2026-06-30
RSK002247,CUS002247,60.44,High,2026-06-30
RSK002248,CUS002248,81.52,High,2026-06-30
RSK002249,CUS002249,66.56,High,2026-06-30
RSK002250,CUS002250,21.3,Low,2026-06-30
RSK002251,CUS002251,6.33,Low,2026-06-30
RSK002252,CUS002252,50.01,Medium,2026-06-30
RSK002253,CUS002253,10.52,Low,2026-06-30
RSK002254,CUS002254,92.41,High,2026-06-30
RSK002255,CUS002255,17.39,Low,2026-06-30
RSK002256,CUS002256,24.45,Low,2026-06-30
RSK002257,CUS002257,36.38,Medium,2026-06-30
RSK002258,CUS002258,31.97,Medium,2026-06-30
RSK002259,CUS002259,96.74,High,2026-06-30
RSK002260,CUS002260,15.42,Low,2026-06-30
RSK002261,CUS002261,99.93,High,2026-06-30
RSK002262,CUS002262,33.95,Medium,2026-06-30
RSK002263,CUS002263,54.48,Medium,2026-06-30
RSK002264,CUS002264,68.59,High,2026-06-30
RSK002265,CUS002265,27.92,Low,2026-06-30
RSK002266,CUS002266,20.68,Low,2026-06-30
RSK002267,CUS002267,72.57,High,2026-06-30
RSK002268,CUS002268,19.49,Low,2026-06-30
RSK002269,CUS002269,26.12,Low,2026-06-30
RSK002270,CUS002270,88.66,High,2026-06-30
RSK002271,CUS002271,63.68,High,2026-06-30
RSK002272,CUS002272,29.16,Low,2026-06-30
RSK002273,CUS002273,30.46,Medium,2026-06-30
RSK002274,CUS002274,36.71,Medium,2026-06-30
RSK002275,CUS002275,68.42,High,2026-06-30
RSK002276,CUS002276,100.0,High,2026-06-30
RSK002277,CUS002277,39.39,Medium,2026-06-30
RSK002278,CUS002278,20.52,Low,2026-06-30
RSK002279,CUS002279,100.0,High,2026-06-30
RSK002280,CUS002280,16.39,Low,2026-06-30
RSK002281,CUS002281,76.3,High,2026-06-30
RSK002282,CUS002282,100.0,High,2026-06-30
RSK002283,CUS002283,5.86,Low,2026-06-30
RSK002284,CUS002284,53.13,Medium,2026-06-30
RSK002285,CUS002285,21.57,Low,2026-06-30
RSK002286,CUS002286,30.33,Medium,2026-06-30
RSK002287,CUS002287,45.39,Medium,2026-06-30
RSK002288,CUS002288,98.89,High,2026-06-30
RSK002289,CUS002289,48.17,Medium,2026-06-30
RSK002290,CUS002290,37.36,Medium,2026-06-30
RSK002291,CUS002291,41.69,Medium,2026-06-30
RSK002292,CUS002292,14.27,Low,2026-06-30
RSK002293,CUS002293,29.5,Low,2026-06-30
RSK002294,CUS002294,81.44,High,2026-06-30
RSK002295,CUS002295,98.51,High,2026-06-30
RSK002296,CUS002296,48.78,Medium,2026-06-30
RSK002297,CUS002297,89.68,High,2026-06-30
RSK002298,CUS002298,73.55,High,2026-06-30
RSK002299,CUS002299,27.31,Low,2026-06-30
RSK002300,CUS002300,99.51,High,2026-06-30
RSK002301,CUS002301,39.82,Medium,2026-06-30
RSK002302,CUS002302,100.0,High,2026-06-30
RSK002303,CUS002303,28.33,Low,2026-06-30
RSK002304,CUS002304,40.12,Medium,2026-06-30
RSK002305,CUS002305,100.0,High,2026-06-30
RSK002306,CUS002306,100.0,High,2026-06-30
RSK002307,CUS002307,62.78,High,2026-06-30
RSK002308,CUS002308,40.09,Medium,2026-06-30
RSK002309,CUS002309,36.94,Medium,2026-06-30
RSK002310,CUS002310,60.75,High,2026-06-30
RSK002311,CUS002311,37.54,Medium,2026-06-30
RSK002312,CUS002312,100.0,High,2026-06-30
RSK002313,CUS002313,64.66,High,2026-06-30
RSK002314,CUS002314,95.18,High,2026-06-30
RSK002315,CUS002315,76.71,High,2026-06-30
RSK002316,CUS002316,56.33,Medium,2026-06-30
RSK002317,CUS002317,39.65,Medium,2026-06-30
RSK002318,CUS002318,90.13,High,2026-06-30
RSK002319,CUS002319,16.21,Low,2026-06-30
RSK002320,CUS002320,11.3,Low,2026-06-30
RSK002321,CUS002321,39.32,Medium,2026-06-30
RSK002322,CUS002322,15.27,Low,2026-06-30
RSK002323,CUS002323,100.0,High,2026-06-30
RSK002324,CUS002324,62.06,High,2026-06-30
RSK002325,CUS002325,38.24,Medium,2026-06-30
RSK002326,CUS002326,7.58,Low,2026-06-30
RSK002327,CUS002327,71.85,High,2026-06-30
RSK002328,CUS002328,30.0,Low,2026-06-30
RSK002329,CUS002329,34.11,Medium,2026-06-30
RSK002330,CUS002330,33.67,Medium,2026-06-30
RSK002331,CUS002331,18.62,Low,2026-06-30
RSK002332,CUS002332,32.86,Medium,2026-06-30
RSK002333,CUS002333,32.21,Medium,2026-06-30
RSK002334,CUS002334,30.79,Medium,2026-06-30
RSK002335,CUS002335,42.4,Medium,2026-06-30
RSK002336,CUS002336,42.81,Medium,2026-06-30
RSK002337,CUS002337,82.4,High,2026-06-30
RSK002338,CUS002338,70.76,High,2026-06-30
RSK002339,CUS002339,25.24,Low,2026-06-30
RSK002340,CUS002340,89.3,High,2026-06-30
RSK002341,CUS002341,100.0,High,2026-06-30
RSK002342,CUS002342,81.91,High,2026-06-30
RSK002343,CUS002343,38.73,Medium,2026-06-30
RSK002344,CUS002344,29.71,Low,2026-06-30
RSK002345,CUS002345,100.0,High,2026-06-30
RSK002346,CUS002346,100.0,High,2026-06-30
RSK002347,CUS002347,100.0,High,2026-06-30
RSK002348,CUS002348,14.67,Low,2026-06-30
RSK002349,CUS002349,100.0,High,2026-06-30
RSK002350,CUS002350,27.05,Low,2026-06-30
RSK002351,CUS002351,41.22,Medium,2026-06-30
RSK002352,CUS002352,84.8,High,2026-06-30
RSK002353,CUS002353,85.19,High,2026-06-30
RSK002354,CUS002354,25.32,Low,2026-06-30
RSK002355,CUS002355,26.53,Low,2026-06-30
RSK002356,CUS002356,12.41,Low,2026-06-30
RSK002357,CUS002357,53.76,Medium,2026-06-30
RSK002358,CUS002358,89.99,High,2026-06-30
RSK002359,CUS002359,100.0,High,2026-06-30
RSK002360,CUS002360,14.04,Low,2026-06-30
RSK002361,CUS002361,100.0,High,2026-06-30
RSK002362,CUS002362,78.39,High,2026-06-30
RSK002363,CUS002363,11.94,Low,2026-06-30
RSK002364,CUS002364,51.91,Medium,2026-06-30
RSK002365,CUS002365,87.73,High,2026-06-30
RSK002366,CUS002366,100.0,High,2026-06-30
RSK002367,CUS002367,16.77,Low,2026-06-30
RSK002368,CUS002368,18.54,Low,2026-06-30
RSK002369,CUS002369,25.01,Low,2026-06-30
RSK002370,CUS002370,79.02,High,2026-06-30
RSK002371,CUS002371,67.76,High,2026-06-30
RSK002372,CUS002372,31.31,Medium,2026-06-30
RSK002373,CUS002373,89.25,High,2026-06-30
RSK002374,CUS002374,62.62,High,2026-06-30
RSK002375,CUS002375,66.7,High,2026-06-30
RSK002376,CUS002376,27.38,Low,2026-06-30
RSK002377,CUS002377,43.5,Medium,2026-06-30
RSK002378,CUS002378,84.67,High,2026-06-30
RSK002379,CUS002379,40.9,Medium,2026-06-30
RSK002380,CUS002380,100.0,High,2026-06-30
RSK002381,CUS002381,34.37,Medium,2026-06-30
RSK002382,CUS002382,57.28,Medium,2026-06-30
RSK002383,CUS002383,100.0,High,2026-06-30
RSK002384,CUS002384,39.73,Medium,2026-06-30
RSK002385,CUS002385,100.0,High,2026-06-30
RSK002386,CUS002386,100.0,High,2026-06-30
RSK002387,CUS002387,26.3,Low,2026-06-30
RSK002388,CUS002388,23.71,Low,2026-06-30
RSK002389,CUS002389,31.63,Medium,2026-06-30
RSK002390,CUS002390,56.42,Medium,2026-06-30
RSK002391,CUS002391,100.0,High,2026-06-30
RSK002392,CUS002392,82.04,High,2026-06-30
RSK002393,CUS002393,29.46,Low,2026-06-30
RSK002394,CUS002394,6.89,Low,2026-06-30
RSK002395,CUS002395,14.85,Low,2026-06-30
RSK002396,CUS002396,31.11,Medium,2026-06-30
RSK002397,CUS002397,55.45,Medium,2026-06-30
RSK002398,CUS002398,59.51,Medium,2026-06-30
RSK002399,CUS002399,37.13,Medium,2026-06-30
RSK002400,CUS002400,4.93,Low,2026-06-30
RSK002401,CUS002401,55.82,Medium,2026-06-30
RSK002402,CUS002402,26.69,Low,2026-06-30
RSK002403,CUS002403,34.26,Medium,2026-06-30
RSK002404,CUS002404,29.5,Low,2026-06-30
RSK002405,CUS002405,67.73,High,2026-06-30
RSK002406,CUS002406,36.6,Medium,2026-06-30
RSK002407,CUS002407,49.38,Medium,2026-06-30
RSK002408,CUS002408,20.12,Low,2026-06-30
RSK002409,CUS002409,68.01,High,2026-06-30
RSK002410,CUS002410,6.63,Low,2026-06-30
RSK002411,CUS002411,74.02,High,2026-06-30
RSK002412,CUS002412,60.4,High,2026-06-30
RSK002413,CUS002413,66.82,High,2026-06-30
RSK002414,CUS002414,24.9,Low,2026-06-30
RSK002415,CUS002415,23.66,Low,2026-06-30
RSK002416,CUS002416,100.0,High,2026-06-30
RSK002417,CUS002417,47.58,Medium,2026-06-30
RSK002418,CUS002418,100.0,High,2026-06-30
RSK002419,CUS002419,23.88,Low,2026-06-30
RSK002420,CUS002420,50.85,Medium,2026-06-30
RSK002421,CUS002421,100.0,High,2026-06-30
RSK002422,CUS002422,65.27,High,2026-06-30
RSK002423,CUS002423,43.32,Medium,2026-06-30
RSK002424,CUS002424,48.84,Medium,2026-06-30
RSK002425,CUS002425,100.0,High,2026-06-30
RSK002426,CUS002426,45.94,Medium,2026-06-30
RSK002427,CUS002427,10.59,Low,2026-06-30
RSK002428,CUS002428,26.0,Low,2026-06-30
RSK002429,CUS002429,69.11,High,2026-06-30
RSK002430,CUS002430,32.74,Medium,2026-06-30
RSK002431,CUS002431,18.29,Low,2026-06-30
RSK002432,CUS002432,14.21,Low,2026-06-30
RSK002433,CUS002433,100.0,High,2026-06-30
RSK002434,CUS002434,68.29,High,2026-06-30
RSK002435,CUS002435,100.0,High,2026-06-30
RSK002436,CUS002436,27.58,Low,2026-06-30
RSK002437,CUS002437,10.08,Low,2026-06-30
RSK002438,CUS002438,13.66,Low,2026-06-30
RSK002439,CUS002439,21.38,Low,2026-06-30
RSK002440,CUS002440,20.05,Low,2026-06-30
RSK002441,CUS002441,100.0,High,2026-06-30
RSK002442,CUS002442,62.88,High,2026-06-30
RSK002443,CUS002443,20.85,Low,2026-06-30
RSK002444,CUS002444,90.1,High,2026-06-30
RSK002445,CUS002445,15.98,Low,2026-06-30
RSK002446,CUS002446,49.28,Medium,2026-06-30
RSK002447,CUS002447,71.56,High,2026-06-30
RSK002448,CUS002448,13.52,Low,2026-06-30
RSK002449,CUS002449,16.82,Low,2026-06-30
RSK002450,CUS002450,30.16,Medium,2026-06-30
RSK002451,CUS002451,38.78,Medium,2026-06-30
RSK002452,CUS002452,46.76,Medium,2026-06-30
RSK002453,CUS002453,45.04,Medium,2026-06-30
RSK002454,CUS002454,69.34,High,2026-06-30
RSK002455,CUS002455,100.0,High,2026-06-30
RSK002456,CUS002456,100.0,High,2026-06-30
RSK002457,CUS002457,30.42,Medium,2026-06-30
RSK002458,CUS002458,21.72,Low,2026-06-30
RSK002459,CUS002459,70.23,High,2026-06-30
RSK002460,CUS002460,42.31,Medium,2026-06-30
RSK002461,CUS002461,23.93,Low,2026-06-30
RSK002462,CUS002462,24.98,Low,2026-06-30
RSK002463,CUS002463,66.26,High,2026-06-30
RSK002464,CUS002464,42.56,Medium,2026-06-30
RSK002465,CUS002465,81.64,High,2026-06-30
RSK002466,CUS002466,28.23,Low,2026-06-30
RSK002467,CUS002467,34.48,Medium,2026-06-30
RSK002468,CUS002468,91.54,High,2026-06-30
RSK002469,CUS002469,94.18,High,2026-06-30
RSK002470,CUS002470,99.89,High,2026-06-30
RSK002471,CUS002471,15.65,Low,2026-06-30
RSK002472,CUS002472,50.65,Medium,2026-06-30
RSK002473,CUS002473,100.0,High,2026-06-30
RSK002474,CUS002474,44.38,Medium,2026-06-30
RSK002475,CUS002475,43.19,Medium,2026-06-30
RSK002476,CUS002476,79.81,High,2026-06-30
RSK002477,CUS002477,36.89,Medium,2026-06-30
RSK002478,CUS002478,16.17,Low,2026-06-30
RSK002479,CUS002479,38.76,Medium,2026-06-30
RSK002480,CUS002480,30.53,Medium,2026-06-30
RSK002481,CUS002481,90.39,High,2026-06-30
RSK002482,CUS002482,100.0,High,2026-06-30
RSK002483,CUS002483,100.0,High,2026-06-30
RSK002484,CUS002484,100.0,High,2026-06-30
RSK002485,CUS002485,34.19,Medium,2026-06-30
RSK002486,CUS002486,100.0,High,2026-06-30
RSK002487,CUS002487,100.0,High,2026-06-30
RSK002488,CUS002488,48.91,Medium,2026-06-30
RSK002489,CUS002489,20.64,Low,2026-06-30
RSK002490,CUS002490,100.0,High,2026-06-30
RSK002491,CUS002491,31.71,Medium,2026-06-30
RSK002492,CUS002492,37.33,Medium,2026-06-30
RSK002493,CUS002493,42.97,Medium,2026-06-30
RSK002494,CUS002494,29.51,Low,2026-06-30
RSK002495,CUS002495,26.69,Low,2026-06-30
RSK002496,CUS002496,25.4,Low,2026-06-30
RSK002497,CUS002497,37.23,Medium,2026-06-30
RSK002498,CUS002498,11.0,Low,2026-06-30
RSK002499,CUS002499,100.0,High,2026-06-30
RSK002500,CUS002500,48.88,Medium,2026-06-30
RSK002501,CUS002501,100.0,High,2026-06-30
RSK002502,CUS002502,39.86,Medium,2026-06-30
RSK002503,CUS002503,39.98,Medium,2026-06-30
RSK002504,CUS002504,100.0,High,2026-06-30
RSK002505,CUS002505,31.84,Medium,2026-06-30
RSK002506,CUS002506,17.68,Low,2026-06-30
RSK002507,CUS002507,100.0,High,2026-06-30
RSK002508,CUS002508,45.37,Medium,2026-06-30
RSK002509,CUS002509,23.73,Low,2026-06-30
RSK002510,CUS002510,33.7,Medium,2026-06-30
RSK002511,CUS002511,12.3,Low,2026-06-30
RSK002512,CUS002512,27.7,Low,2026-06-30
RSK002513,CUS002513,41.59,Medium,2026-06-30
RSK002514,CUS002514,65.88,High,2026-06-30
RSK002515,CUS002515,28.16,Low,2026-06-30
RSK002516,CUS002516,100.0,High,2026-06-30
RSK002517,CUS002517,22.29,Low,2026-06-30
RSK002518,CUS002518,78.21,High,2026-06-30
RSK002519,CUS002519,18.65,Low,2026-06-30
RSK002520,CUS002520,31.3,Medium,2026-06-30
RSK002521,CUS002521,45.2,Medium,2026-06-30
RSK002522,CUS002522,36.83,Medium,2026-06-30
RSK002523,CUS002523,100.0,High,2026-06-30
RSK002524,CUS002524,56.49,Medium,2026-06-30
RSK002525,CUS002525,31.69,Medium,2026-06-30
RSK002526,CUS002526,54.69,Medium,2026-06-30
RSK002527,CUS002527,79.13,High,2026-06-30
RSK002528,CUS002528,50.06,Medium,2026-06-30
RSK002529,CUS002529,54.58,Medium,2026-06-30
RSK002530,CUS002530,23.63,Low,2026-06-30
RSK002531,CUS002531,5.56,Low,2026-06-30
RSK002532,CUS002532,35.67,Medium,2026-06-30
RSK002533,CUS002533,70.25,High,2026-06-30
RSK002534,CUS002534,43.45,Medium,2026-06-30
RSK002535,CUS002535,42.71,Medium,2026-06-30
RSK002536,CUS002536,43.4,Medium,2026-06-30
RSK002537,CUS002537,40.61,Medium,2026-06-30
RSK002538,CUS002538,23.93,Low,2026-06-30
RSK002539,CUS002539,14.02,Low,2026-06-30
RSK002540,CUS002540,46.69,Medium,2026-06-30
RSK002541,CUS002541,33.45,Medium,2026-06-30
RSK002542,CUS002542,25.18,Low,2026-06-30
RSK002543,CUS002543,100.0,High,2026-06-30
RSK002544,CUS002544,100.0,High,2026-06-30
RSK002545,CUS002545,15.16,Low,2026-06-30
RSK002546,CUS002546,50.73,Medium,2026-06-30
RSK002547,CUS002547,23.85,Low,2026-06-30
RSK002548,CUS002548,39.04,Medium,2026-06-30
RSK002549,CUS002549,66.73,High,2026-06-30
RSK002550,CUS002550,8.46,Low,2026-06-30
RSK002551,CUS002551,55.84,Medium,2026-06-30
RSK002552,CUS002552,47.16,Medium,2026-06-30
RSK002553,CUS002553,97.48,High,2026-06-30
RSK002554,CUS002554,68.31,High,2026-06-30
RSK002555,CUS002555,17.09,Low,2026-06-30
RSK002556,CUS002556,4.04,Low,2026-06-30
RSK002557,CUS002557,100.0,High,2026-06-30
RSK002558,CUS002558,3.34,Low,2026-06-30
RSK002559,CUS002559,19.12,Low,2026-06-30
RSK002560,CUS002560,27.92,Low,2026-06-30
RSK002561,CUS002561,33.26,Medium,2026-06-30
RSK002562,CUS002562,38.69,Medium,2026-06-30
RSK002563,CUS002563,65.81,High,2026-06-30
RSK002564,CUS002564,26.1,Low,2026-06-30
RSK002565,CUS002565,30.87,Medium,2026-06-30
RSK002566,CUS002566,100.0,High,2026-06-30
RSK002567,CUS002567,48.11,Medium,2026-06-30
RSK002568,CUS002568,27.2,Low,2026-06-30
RSK002569,CUS002569,29.81,Low,2026-06-30
RSK002570,CUS002570,13.63,Low,2026-06-30
RSK002571,CUS002571,73.66,High,2026-06-30
RSK002572,CUS002572,100.0,High,2026-06-30
RSK002573,CUS002573,100.0,High,2026-06-30
RSK002574,CUS002574,46.54,Medium,2026-06-30
RSK002575,CUS002575,93.33,High,2026-06-30
RSK002576,CUS002576,90.27,High,2026-06-30
RSK002577,CUS002577,92.04,High,2026-06-30
RSK002578,CUS002578,15.42,Low,2026-06-30
RSK002579,CUS002579,47.36,Medium,2026-06-30
RSK002580,CUS002580,27.15,Low,2026-06-30
RSK002581,CUS002581,48.27,Medium,2026-06-30
RSK002582,CUS002582,22.9,Low,2026-06-30
RSK002583,CUS002583,40.73,Medium,2026-06-30
RSK002584,CUS002584,54.07,Medium,2026-06-30
RSK002585,CUS002585,100.0,High,2026-06-30
RSK002586,CUS002586,57.66,Medium,2026-06-30
RSK002587,CUS002587,32.98,Medium,2026-06-30
RSK002588,CUS002588,100.0,High,2026-06-30
RSK002589,CUS002589,24.16,Low,2026-06-30
RSK002590,CUS002590,34.15,Medium,2026-06-30
RSK002591,CUS002591,33.29,Medium,2026-06-30
RSK002592,CUS002592,26.34,Low,2026-06-30
RSK002593,CUS002593,4.08,Low,2026-06-30
RSK002594,CUS002594,39.88,Medium,2026-06-30
RSK002595,CUS002595,100.0,High,2026-06-30
RSK002596,CUS002596,100.0,High,2026-06-30
RSK002597,CUS002597,57.96,Medium,2026-06-30
RSK002598,CUS002598,54.62,Medium,2026-06-30
RSK002599,CUS002599,39.39,Medium,2026-06-30
RSK002600,CUS002600,51.24,Medium,2026-06-30
RSK002601,CUS002601,78.69,High,2026-06-30
RSK002602,CUS002602,35.13,Medium,2026-06-30
RSK002603,CUS002603,40.54,Medium,2026-06-30
RSK002604,CUS002604,29.88,Low,2026-06-30
RSK002605,CUS002605,19.46,Low,2026-06-30
RSK002606,CUS002606,9.23,Low,2026-06-30
RSK002607,CUS002607,45.73,Medium,2026-06-30
RSK002608,CUS002608,65.94,High,2026-06-30
RSK002609,CUS002609,44.96,Medium,2026-06-30
RSK002610,CUS002610,8.97,Low,2026-06-30
RSK002611,CUS002611,12.18,Low,2026-06-30
RSK002612,CUS002612,26.93,Low,2026-06-30
RSK002613,CUS002613,37.43,Medium,2026-06-30
RSK002614,CUS002614,18.13,Low,2026-06-30
RSK002615,CUS002615,30.84,Medium,2026-06-30
RSK002616,CUS002616,53.8,Medium,2026-06-30
RSK002617,CUS002617,33.27,Medium,2026-06-30
RSK002618,CUS002618,27.59,Low,2026-06-30
RSK002619,CUS002619,34.37,Medium,2026-06-30
RSK002620,CUS002620,8.82,Low,2026-06-30
RSK002621,CUS002621,100.0,High,2026-06-30
RSK002622,CUS002622,100.0,High,2026-06-30
RSK002623,CUS002623,100.0,High,2026-06-30
RSK002624,CUS002624,47.92,Medium,2026-06-30
RSK002625,CUS002625,49.44,Medium,2026-06-30
RSK002626,CUS002626,57.22,Medium,2026-06-30
RSK002627,CUS002627,21.27,Low,2026-06-30
RSK002628,CUS002628,61.61,High,2026-06-30
RSK002629,CUS002629,46.82,Medium,2026-06-30
RSK002630,CUS002630,24.95,Low,2026-06-30
RSK002631,CUS002631,100.0,High,2026-06-30
RSK002632,CUS002632,23.91,Low,2026-06-30
RSK002633,CUS002633,61.56,High,2026-06-30
RSK002634,CUS002634,36.62,Medium,2026-06-30
RSK002635,CUS002635,10.31,Low,2026-06-30
RSK002636,CUS002636,100.0,High,2026-06-30
RSK002637,CUS002637,36.79,Medium,2026-06-30
RSK002638,CUS002638,100.0,High,2026-06-30
RSK002639,CUS002639,22.02,Low,2026-06-30
RSK002640,CUS002640,33.59,Medium,2026-06-30
RSK002641,CUS002641,83.41,High,2026-06-30
RSK002642,CUS002642,67.14,High,2026-06-30
RSK002643,CUS002643,41.94,Medium,2026-06-30
RSK002644,CUS002644,31.39,Medium,2026-06-30
RSK002645,CUS002645,37.02,Medium,2026-06-30
RSK002646,CUS002646,27.26,Low,2026-06-30
RSK002647,CUS002647,33.35,Medium,2026-06-30
RSK002648,CUS002648,42.02,Medium,2026-06-30
RSK002649,CUS002649,46.43,Medium,2026-06-30
RSK002650,CUS002650,42.27,Medium,2026-06-30
RSK002651,CUS002651,15.25,Low,2026-06-30
RSK002652,CUS002652,98.82,High,2026-06-30
RSK002653,CUS002653,97.0,High,2026-06-30
RSK002654,CUS002654,81.55,High,2026-06-30
RSK002655,CUS002655,75.9,High,2026-06-30
RSK002656,CUS002656,100.0,High,2026-06-30
RSK002657,CUS002657,39.46,Medium,2026-06-30
RSK002658,CUS002658,4.79,Low,2026-06-30
RSK002659,CUS002659,15.66,Low,2026-06-30
RSK002660,CUS002660,60.26,High,2026-06-30
RSK002661,CUS002661,86.26,High,2026-06-30
RSK002662,CUS002662,96.58,High,2026-06-30
RSK002663,CUS002663,57.47,Medium,2026-06-30
RSK002664,CUS002664,71.02,High,2026-06-30
RSK002665,CUS002665,48.16,Medium,2026-06-30
RSK002666,CUS002666,18.28,Low,2026-06-30
RSK002667,CUS002667,39.64,Medium,2026-06-30
RSK002668,CUS002668,100.0,High,2026-06-30
RSK002669,CUS002669,68.75,High,2026-06-30
RSK002670,CUS002670,23.57,Low,2026-06-30
RSK002671,CUS002671,66.11,High,2026-06-30
RSK002672,CUS002672,82.47,High,2026-06-30
RSK002673,CUS002673,17.58,Low,2026-06-30
RSK002674,CUS002674,41.76,Medium,2026-06-30
RSK002675,CUS002675,52.22,Medium,2026-06-30
RSK002676,CUS002676,47.55,Medium,2026-06-30
RSK002677,CUS002677,66.45,High,2026-06-30
RSK002678,CUS002678,9.45,Low,2026-06-30
RSK002679,CUS002679,32.35,Medium,2026-06-30
RSK002680,CUS002680,33.88,Medium,2026-06-30
RSK002681,CUS002681,42.1,Medium,2026-06-30
RSK002682,CUS002682,48.5,Medium,2026-06-30
RSK002683,CUS002683,34.11,Medium,2026-06-30
RSK002684,CUS002684,32.17,Medium,2026-06-30
RSK002685,CUS002685,66.94,High,2026-06-30
RSK002686,CUS002686,41.14,Medium,2026-06-30
RSK002687,CUS002687,100.0,High,2026-06-30
RSK002688,CUS002688,8.36,Low,2026-06-30
RSK002689,CUS002689,86.15,High,2026-06-30
RSK002690,CUS002690,65.04,High,2026-06-30
RSK002691,CUS002691,18.87,Low,2026-06-30
RSK002692,CUS002692,20.94,Low,2026-06-30
RSK002693,CUS002693,86.37,High,2026-06-30
RSK002694,CUS002694,100.0,High,2026-06-30
RSK002695,CUS002695,37.76,Medium,2026-06-30
RSK002696,CUS002696,94.16,High,2026-06-30
RSK002697,CUS002697,11.3,Low,2026-06-30
RSK002698,CUS002698,100.0,High,2026-06-30
RSK002699,CUS002699,50.67,Medium,2026-06-30
RSK002700,CUS002700,27.82,Low,2026-06-30
RSK002701,CUS002701,76.52,High,2026-06-30
RSK002702,CUS002702,100.0,High,2026-06-30
RSK002703,CUS002703,60.47,High,2026-06-30
RSK002704,CUS002704,100.0,High,2026-06-30
RSK002705,CUS002705,15.93,Low,2026-06-30
RSK002706,CUS002706,49.88,Medium,2026-06-30
RSK002707,CUS002707,82.5,High,2026-06-30
RSK002708,CUS002708,19.61,Low,2026-06-30
RSK002709,CUS002709,100.0,High,2026-06-30
RSK002710,CUS002710,39.0,Medium,2026-06-30
RSK002711,CUS002711,100.0,High,2026-06-30
RSK002712,CUS002712,73.14,High,2026-06-30
RSK002713,CUS002713,37.64,Medium,2026-06-30
RSK002714,CUS002714,11.41,Low,2026-06-30
RSK002715,CUS002715,20.02,Low,2026-06-30
RSK002716,CUS002716,24.26,Low,2026-06-30
RSK002717,CUS002717,29.96,Low,2026-06-30
RSK002718,CUS002718,100.0,High,2026-06-30
RSK002719,CUS002719,12.01,Low,2026-06-30
RSK002720,CUS002720,41.8,Medium,2026-06-30
RSK002721,CUS002721,53.0,Medium,2026-06-30
RSK002722,CUS002722,51.78,Medium,2026-06-30
RSK002723,CUS002723,19.51,Low,2026-06-30
RSK002724,CUS002724,8.25,Low,2026-06-30
RSK002725,CUS002725,44.55,Medium,2026-06-30
RSK002726,CUS002726,86.4,High,2026-06-30
RSK002727,CUS002727,14.06,Low,2026-06-30
RSK002728,CUS002728,100.0,High,2026-06-30
RSK002729,CUS002729,46.78,Medium,2026-06-30
RSK002730,CUS002730,72.96,High,2026-06-30
RSK002731,CUS002731,93.79,High,2026-06-30
RSK002732,CUS002732,23.24,Low,2026-06-30
RSK002733,CUS002733,40.69,Medium,2026-06-30
RSK002734,CUS002734,30.41,Medium,2026-06-30
RSK002735,CUS002735,32.29,Medium,2026-06-30
RSK002736,CUS002736,13.42,Low,2026-06-30
RSK002737,CUS002737,100.0,High,2026-06-30
RSK002738,CUS002738,13.97,Low,2026-06-30
RSK002739,CUS002739,21.48,Low,2026-06-30
RSK002740,CUS002740,75.93,High,2026-06-30
RSK002741,CUS002741,100.0,High,2026-06-30
RSK002742,CUS002742,62.55,High,2026-06-30
RSK002743,CUS002743,92.02,High,2026-06-30
RSK002744,CUS002744,99.8,High,2026-06-30
RSK002745,CUS002745,77.65,High,2026-06-30
RSK002746,CUS002746,33.23,Medium,2026-06-30
RSK002747,CUS002747,88.02,High,2026-06-30
RSK002748,CUS002748,14.46,Low,2026-06-30
RSK002749,CUS002749,92.2,High,2026-06-30
RSK002750,CUS002750,7.44,Low,2026-06-30
RSK002751,CUS002751,85.92,High,2026-06-30
RSK002752,CUS002752,85.29,High,2026-06-30
RSK002753,CUS002753,35.95,Medium,2026-06-30
RSK002754,CUS002754,11.43,Low,2026-06-30
RSK002755,CUS002755,32.57,Medium,2026-06-30
RSK002756,CUS002756,22.37,Low,2026-06-30
RSK002757,CUS002757,8.72,Low,2026-06-30
RSK002758,CUS002758,34.25,Medium,2026-06-30
RSK002759,CUS002759,100.0,High,2026-06-30
RSK002760,CUS002760,33.24,Medium,2026-06-30
RSK002761,CUS002761,19.7,Low,2026-06-30
RSK002762,CUS002762,17.09,Low,2026-06-30
RSK002763,CUS002763,9.96,Low,2026-06-30
RSK002764,CUS002764,90.03,High,2026-06-30
RSK002765,CUS002765,8.46,Low,2026-06-30
RSK002766,CUS002766,42.11,Medium,2026-06-30
RSK002767,CUS002767,100.0,High,2026-06-30
RSK002768,CUS002768,40.08,Medium,2026-06-30
RSK002769,CUS002769,15.9,Low,2026-06-30
RSK002770,CUS002770,19.16,Low,2026-06-30
RSK002771,CUS002771,100.0,High,2026-06-30
RSK002772,CUS002772,24.64,Low,2026-06-30
RSK002773,CUS002773,27.62,Low,2026-06-30
RSK002774,CUS002774,100.0,High,2026-06-30
RSK002775,CUS002775,34.32,Medium,2026-06-30
RSK002776,CUS002776,100.0,High,2026-06-30
RSK002777,CUS002777,23.69,Low,2026-06-30
RSK002778,CUS002778,20.82,Low,2026-06-30
RSK002779,CUS002779,42.92,Medium,2026-06-30
RSK002780,CUS002780,3.08,Low,2026-06-30
RSK002781,CUS002781,35.43,Medium,2026-06-30
RSK002782,CUS002782,49.1,Medium,2026-06-30
RSK002783,CUS002783,89.13,High,2026-06-30
RSK002784,CUS002784,91.57,High,2026-06-30
RSK002785,CUS002785,100.0,High,2026-06-30
RSK002786,CUS002786,28.62,Low,2026-06-30
RSK002787,CUS002787,76.83,High,2026-06-30
RSK002788,CUS002788,47.5,Medium,2026-06-30
RSK002789,CUS002789,24.42,Low,2026-06-30
RSK002790,CUS002790,27.61,Low,2026-06-30
RSK002791,CUS002791,28.87,Low,2026-06-30
RSK002792,CUS002792,93.73,High,2026-06-30
RSK002793,CUS002793,26.59,Low,2026-06-30
RSK002794,CUS002794,40.58,Medium,2026-06-30
RSK002795,CUS002795,48.73,Medium,2026-06-30
RSK002796,CUS002796,45.19,Medium,2026-06-30
RSK002797,CUS002797,68.45,High,2026-06-30
RSK002798,CUS002798,4.66,Low,2026-06-30
RSK002799,CUS002799,43.6,Medium,2026-06-30
RSK002800,CUS002800,76.24,High,2026-06-30
RSK002801,CUS002801,17.64,Low,2026-06-30
RSK002802,CUS002802,26.98,Low,2026-06-30
RSK002803,CUS002803,44.77,Medium,2026-06-30
RSK002804,CUS002804,37.03,Medium,2026-06-30
RSK002805,CUS002805,53.35,Medium,2026-06-30
RSK002806,CUS002806,45.18,Medium,2026-06-30
RSK002807,CUS002807,100.0,High,2026-06-30
RSK002808,CUS002808,89.57,High,2026-06-30
RSK002809,CUS002809,8.78,Low,2026-06-30
RSK002810,CUS002810,84.31,High,2026-06-30
RSK002811,CUS002811,60.03,High,2026-06-30
RSK002812,CUS002812,100.0,High,2026-06-30
RSK002813,CUS002813,34.3,Medium,2026-06-30
RSK002814,CUS002814,21.15,Low,2026-06-30
RSK002815,CUS002815,100.0,High,2026-06-30
RSK002816,CUS002816,25.62,Low,2026-06-30
RSK002817,CUS002817,100.0,High,2026-06-30
RSK002818,CUS002818,43.61,Medium,2026-06-30
RSK002819,CUS002819,33.89,Medium,2026-06-30
RSK002820,CUS002820,13.79,Low,2026-06-30
RSK002821,CUS002821,66.79,High,2026-06-30
RSK002822,CUS002822,56.09,Medium,2026-06-30
RSK002823,CUS002823,65.37,High,2026-06-30
RSK002824,CUS002824,56.96,Medium,2026-06-30
RSK002825,CUS002825,30.0,Low,2026-06-30
RSK002826,CUS002826,32.36,Medium,2026-06-30
RSK002827,CUS002827,32.39,Medium,2026-06-30
RSK002828,CUS002828,61.51,High,2026-06-30
RSK002829,CUS002829,40.1,Medium,2026-06-30
RSK002830,CUS002830,18.04,Low,2026-06-30
RSK002831,CUS002831,69.22,High,2026-06-30
RSK002832,CUS002832,39.52,Medium,2026-06-30
RSK002833,CUS002833,45.65,Medium,2026-06-30
RSK002834,CUS002834,31.32,Medium,2026-06-30
RSK002835,CUS002835,18.04,Low,2026-06-30
RSK002836,CUS002836,96.25,High,2026-06-30
RSK002837,CUS002837,86.21,High,2026-06-30
RSK002838,CUS002838,70.16,High,2026-06-30
RSK002839,CUS002839,24.73,Low,2026-06-30
RSK002840,CUS002840,21.33,Low,2026-06-30
RSK002841,CUS002841,41.08,Medium,2026-06-30
RSK002842,CUS002842,100.0,High,2026-06-30
RSK002843,CUS002843,24.99,Low,2026-06-30
RSK002844,CUS002844,60.95,High,2026-06-30
RSK002845,CUS002845,55.27,Medium,2026-06-30
RSK002846,CUS002846,22.79,Low,2026-06-30
RSK002847,CUS002847,42.09,Medium,2026-06-30
RSK002848,CUS002848,68.98,High,2026-06-30
RSK002849,CUS002849,25.83,Low,2026-06-30
RSK002850,CUS002850,36.82,Medium,2026-06-30
RSK002851,CUS002851,38.99,Medium,2026-06-30
RSK002852,CUS002852,37.59,Medium,2026-06-30
RSK002853,CUS002853,69.13,High,2026-06-30
RSK002854,CUS002854,44.59,Medium,2026-06-30
RSK002855,CUS002855,58.4,Medium,2026-06-30
RSK002856,CUS002856,100.0,High,2026-06-30
RSK002857,CUS002857,41.72,Medium,2026-06-30
RSK002858,CUS002858,19.88,Low,2026-06-30
RSK002859,CUS002859,22.1,Low,2026-06-30
RSK002860,CUS002860,100.0,High,2026-06-30
RSK002861,CUS002861,54.85,Medium,2026-06-30
RSK002862,CUS002862,69.58,High,2026-06-30
RSK002863,CUS002863,43.78,Medium,2026-06-30
RSK002864,CUS002864,35.2,Medium,2026-06-30
RSK002865,CUS002865,32.89,Medium,2026-06-30
RSK002866,CUS002866,100.0,High,2026-06-30
RSK002867,CUS002867,28.79,Low,2026-06-30
RSK002868,CUS002868,84.42,High,2026-06-30
RSK002869,CUS002869,11.72,Low,2026-06-30
RSK002870,CUS002870,26.62,Low,2026-06-30
RSK002871,CUS002871,24.59,Low,2026-06-30
RSK002872,CUS002872,44.88,Medium,2026-06-30
RSK002873,CUS002873,26.53,Low,2026-06-30
RSK002874,CUS002874,98.98,High,2026-06-30
RSK002875,CUS002875,32.19,Medium,2026-06-30
RSK002876,CUS002876,82.2,High,2026-06-30
RSK002877,CUS002877,29.75,Low,2026-06-30
RSK002878,CUS002878,54.08,Medium,2026-06-30
RSK002879,CUS002879,26.74,Low,2026-06-30
RSK002880,CUS002880,50.25,Medium,2026-06-30
RSK002881,CUS002881,15.29,Low,2026-06-30
RSK002882,CUS002882,80.69,High,2026-06-30
RSK002883,CUS002883,28.17,Low,2026-06-30
RSK002884,CUS002884,100.0,High,2026-06-30
RSK002885,CUS002885,32.61,Medium,2026-06-30
RSK002886,CUS002886,16.13,Low,2026-06-30
RSK002887,CUS002887,31.98,Medium,2026-06-30
RSK002888,CUS002888,100.0,High,2026-06-30
RSK002889,CUS002889,74.2,High,2026-06-30
RSK002890,CUS002890,69.88,High,2026-06-30
RSK002891,CUS002891,41.73,Medium,2026-06-30
RSK002892,CUS002892,100.0,High,2026-06-30
RSK002893,CUS002893,35.14,Medium,2026-06-30
RSK002894,CUS002894,21.24,Low,2026-06-30
RSK002895,CUS002895,55.68,Medium,2026-06-30
RSK002896,CUS002896,52.06,Medium,2026-06-30
RSK002897,CUS002897,32.89,Medium,2026-06-30
RSK002898,CUS002898,22.15,Low,2026-06-30
RSK002899,CUS002899,65.91,High,2026-06-30
RSK002900,CUS002900,57.37,Medium,2026-06-30
RSK002901,CUS002901,28.77,Low,2026-06-30
RSK002902,CUS002902,46.62,Medium,2026-06-30
RSK002903,CUS002903,97.42,High,2026-06-30
RSK002904,CUS002904,22.84,Low,2026-06-30
RSK002905,CUS002905,44.86,Medium,2026-06-30
RSK002906,CUS002906,100.0,High,2026-06-30
RSK002907,CUS002907,100.0,High,2026-06-30
RSK002908,CUS002908,89.88,High,2026-06-30
RSK002909,CUS002909,74.13,High,2026-06-30
RSK002910,CUS002910,19.21,Low,2026-06-30
RSK002911,CUS002911,23.05,Low,2026-06-30
RSK002912,CUS002912,38.54,Medium,2026-06-30
RSK002913,CUS002913,93.0,High,2026-06-30
RSK002914,CUS002914,46.36,Medium,2026-06-30
RSK002915,CUS002915,79.19,High,2026-06-30
RSK002916,CUS002916,100.0,High,2026-06-30
RSK002917,CUS002917,47.12,Medium,2026-06-30
RSK002918,CUS002918,16.42,Low,2026-06-30
RSK002919,CUS002919,46.62,Medium,2026-06-30
RSK002920,CUS002920,54.45,Medium,2026-06-30
RSK002921,CUS002921,11.2,Low,2026-06-30
RSK002922,CUS002922,55.3,Medium,2026-06-30
RSK002923,CUS002923,13.29,Low,2026-06-30
RSK002924,CUS002924,67.9,High,2026-06-30
RSK002925,CUS002925,42.62,Medium,2026-06-30
RSK002926,CUS002926,38.8,Medium,2026-06-30
RSK002927,CUS002927,34.93,Medium,2026-06-30
RSK002928,CUS002928,32.85,Medium,2026-06-30
RSK002929,CUS002929,34.75,Medium,2026-06-30
RSK002930,CUS002930,100.0,High,2026-06-30
RSK002931,CUS002931,19.79,Low,2026-06-30
RSK002932,CUS002932,21.4,Low,2026-06-30
RSK002933,CUS002933,100.0,High,2026-06-30
RSK002934,CUS002934,34.71,Medium,2026-06-30
RSK002935,CUS002935,3.71,Low,2026-06-30
RSK002936,CUS002936,66.55,High,2026-06-30
RSK002937,CUS002937,40.48,Medium,2026-06-30
RSK002938,CUS002938,100.0,High,2026-06-30
RSK002939,CUS002939,39.08,Medium,2026-06-30
RSK002940,CUS002940,57.52,Medium,2026-06-30
RSK002941,CUS002941,31.8,Medium,2026-06-30
RSK002942,CUS002942,36.12,Medium,2026-06-30
RSK002943,CUS002943,30.47,Medium,2026-06-30
RSK002944,CUS002944,30.31,Medium,2026-06-30
RSK002945,CUS002945,100.0,High,2026-06-30
RSK002946,CUS002946,53.71,Medium,2026-06-30
RSK002947,CUS002947,78.1,High,2026-06-30
RSK002948,CUS002948,25.07,Low,2026-06-30
RSK002949,CUS002949,30.03,Medium,2026-06-30
RSK002950,CUS002950,39.82,Medium,2026-06-30
RSK002951,CUS002951,36.93,Medium,2026-06-30
RSK002952,CUS002952,22.16,Low,2026-06-30
RSK002953,CUS002953,100.0,High,2026-06-30
RSK002954,CUS002954,34.47,Medium,2026-06-30
RSK002955,CUS002955,85.12,High,2026-06-30
RSK002956,CUS002956,67.8,High,2026-06-30
RSK002957,CUS002957,43.67,Medium,2026-06-30
RSK002958,CUS002958,37.57,Medium,2026-06-30
RSK002959,CUS002959,41.77,Medium,2026-06-30
RSK002960,CUS002960,94.42,High,2026-06-30
RSK002961,CUS002961,14.75,Low,2026-06-30
RSK002962,CUS002962,25.62,Low,2026-06-30
RSK002963,CUS002963,24.89,Low,2026-06-30
RSK002964,CUS002964,85.67,High,2026-06-30
RSK002965,CUS002965,60.17,High,2026-06-30
RSK002966,CUS002966,23.67,Low,2026-06-30
RSK002967,CUS002967,50.81,Medium,2026-06-30
RSK002968,CUS002968,47.94,Medium,2026-06-30
RSK002969,CUS002969,41.95,Medium,2026-06-30
RSK002970,CUS002970,66.49,High,2026-06-30
RSK002971,CUS002971,14.46,Low,2026-06-30
RSK002972,CUS002972,59.97,Medium,2026-06-30
RSK002973,CUS002973,10.73,Low,2026-06-30
RSK002974,CUS002974,100.0,High,2026-06-30
RSK002975,CUS002975,48.06,Medium,2026-06-30
RSK002976,CUS002976,35.68,Medium,2026-06-30
RSK002977,CUS002977,26.39,Low,2026-06-30
RSK002978,CUS002978,15.24,Low,2026-06-30
RSK002979,CUS002979,15.26,Low,2026-06-30
RSK002980,CUS002980,100.0,High,2026-06-30
RSK002981,CUS002981,19.24,Low,2026-06-30
RSK002982,CUS002982,29.91,Low,2026-06-30
RSK002983,CUS002983,19.46,Low,2026-06-30
RSK002984,CUS002984,21.6,Low,2026-06-30
RSK002985,CUS002985,27.42,Low,2026-06-30
RSK002986,CUS002986,85.44,High,2026-06-30
RSK002987,CUS002987,43.29,Medium,2026-06-30
RSK002988,CUS002988,38.0,Medium,2026-06-30
RSK002989,CUS002989,13.92,Low,2026-06-30
RSK002990,CUS002990,38.02,Medium,2026-06-30
RSK002991,CUS002991,17.14,Low,2026-06-30
RSK002992,CUS002992,39.68,Medium,2026-06-30
RSK002993,CUS002993,23.76,Low,2026-06-30
RSK002994,CUS002994,45.9,Medium,2026-06-30
RSK002995,CUS002995,46.66,Medium,2026-06-30
RSK002996,CUS002996,28.83,Low,2026-06-30
RSK002997,CUS002997,20.22,Low,2026-06-30
RSK002998,CUS002998,100.0,High,2026-06-30
RSK002999,CUS002999,93.26,High,2026-06-30
RSK003000,CUS003000,75.5,High,2026-06-30
RSK003001,CUS003001,48.04,Medium,2026-06-30
RSK003002,CUS003002,54.72,Medium,2026-06-30
RSK003003,CUS003003,56.38,Medium,2026-06-30
RSK003004,CUS003004,100.0,High,2026-06-30
RSK003005,CUS003005,81.88,High,2026-06-30
RSK003006,CUS003006,32.24,Medium,2026-06-30
RSK003007,CUS003007,41.6,Medium,2026-06-30
RSK003008,CUS003008,100.0,High,2026-06-30
RSK003009,CUS003009,36.1,Medium,2026-06-30
RSK003010,CUS003010,27.85,Low,2026-06-30
RSK003011,CUS003011,26.66,Low,2026-06-30
RSK003012,CUS003012,15.79,Low,2026-06-30
RSK003013,CUS003013,38.71,Medium,2026-06-30
RSK003014,CUS003014,35.88,Medium,2026-06-30
RSK003015,CUS003015,61.14,High,2026-06-30
RSK003016,CUS003016,100.0,High,2026-06-30
RSK003017,CUS003017,80.81,High,2026-06-30
RSK003018,CUS003018,96.38,High,2026-06-30
RSK003019,CUS003019,58.94,Medium,2026-06-30
RSK003020,CUS003020,53.43,Medium,2026-06-30
RSK003021,CUS003021,23.76,Low,2026-06-30
RSK003022,CUS003022,55.23,Medium,2026-06-30
RSK003023,CUS003023,21.18,Low,2026-06-30
RSK003024,CUS003024,75.9,High,2026-06-30
RSK003025,CUS003025,88.97,High,2026-06-30
RSK003026,CUS003026,8.14,Low,2026-06-30
RSK003027,CUS003027,36.91,Medium,2026-06-30
RSK003028,CUS003028,13.02,Low,2026-06-30
RSK003029,CUS003029,32.68,Medium,2026-06-30
RSK003030,CUS003030,14.71,Low,2026-06-30
RSK003031,CUS003031,78.92,High,2026-06-30
RSK003032,CUS003032,10.79,Low,2026-06-30
RSK003033,CUS003033,31.95,Medium,2026-06-30
RSK003034,CUS003034,39.63,Medium,2026-06-30
RSK003035,CUS003035,100.0,High,2026-06-30
RSK003036,CUS003036,72.03,High,2026-06-30
RSK003037,CUS003037,90.88,High,2026-06-30
RSK003038,CUS003038,100.0,High,2026-06-30
RSK003039,CUS003039,44.51,Medium,2026-06-30
RSK003040,CUS003040,77.52,High,2026-06-30
RSK003041,CUS003041,39.54,Medium,2026-06-30
RSK003042,CUS003042,36.44,Medium,2026-06-30
RSK003043,CUS003043,53.57,Medium,2026-06-30
RSK003044,CUS003044,52.93,Medium,2026-06-30
RSK003045,CUS003045,84.64,High,2026-06-30
RSK003046,CUS003046,4.15,Low,2026-06-30
RSK003047,CUS003047,20.41,Low,2026-06-30
RSK003048,CUS003048,30.7,Medium,2026-06-30
RSK003049,CUS003049,39.87,Medium,2026-06-30
RSK003050,CUS003050,54.96,Medium,2026-06-30
RSK003051,CUS003051,46.99,Medium,2026-06-30
RSK003052,CUS003052,100.0,High,2026-06-30
RSK003053,CUS003053,82.04,High,2026-06-30
RSK003054,CUS003054,3.92,Low,2026-06-30
RSK003055,CUS003055,58.6,Medium,2026-06-30
RSK003056,CUS003056,32.17,Medium,2026-06-30
RSK003057,CUS003057,34.01,Medium,2026-06-30
RSK003058,CUS003058,100.0,High,2026-06-30
RSK003059,CUS003059,100.0,High,2026-06-30
RSK003060,CUS003060,100.0,High,2026-06-30
RSK003061,CUS003061,20.92,Low,2026-06-30
RSK003062,CUS003062,56.8,Medium,2026-06-30
RSK003063,CUS003063,42.72,Medium,2026-06-30
RSK003064,CUS003064,32.06,Medium,2026-06-30
RSK003065,CUS003065,10.99,Low,2026-06-30
RSK003066,CUS003066,72.58,High,2026-06-30
RSK003067,CUS003067,53.93,Medium,2026-06-30
RSK003068,CUS003068,10.45,Low,2026-06-30
RSK003069,CUS003069,42.74,Medium,2026-06-30
RSK003070,CUS003070,33.15,Medium,2026-06-30
RSK003071,CUS003071,69.03,High,2026-06-30
RSK003072,CUS003072,54.15,Medium,2026-06-30
RSK003073,CUS003073,100.0,High,2026-06-30
RSK003074,CUS003074,44.48,Medium,2026-06-30
RSK003075,CUS003075,100.0,High,2026-06-30
RSK003076,CUS003076,52.12,Medium,2026-06-30
RSK003077,CUS003077,52.31,Medium,2026-06-30
RSK003078,CUS003078,91.01,High,2026-06-30
RSK003079,CUS003079,74.44,High,2026-06-30
RSK003080,CUS003080,26.54,Low,2026-06-30
RSK003081,CUS003081,20.64,Low,2026-06-30
RSK003082,CUS003082,34.22,Medium,2026-06-30
RSK003083,CUS003083,11.57,Low,2026-06-30
RSK003084,CUS003084,99.16,High,2026-06-30
RSK003085,CUS003085,19.38,Low,2026-06-30
RSK003086,CUS003086,23.22,Low,2026-06-30
RSK003087,CUS003087,52.02,Medium,2026-06-30
RSK003088,CUS003088,42.12,Medium,2026-06-30
RSK003089,CUS003089,42.31,Medium,2026-06-30
RSK003090,CUS003090,100.0,High,2026-06-30
RSK003091,CUS003091,14.77,Low,2026-06-30
RSK003092,CUS003092,84.1,High,2026-06-30
RSK003093,CUS003093,84.15,High,2026-06-30
RSK003094,CUS003094,100.0,High,2026-06-30
RSK003095,CUS003095,61.62,High,2026-06-30
RSK003096,CUS003096,100.0,High,2026-06-30
RSK003097,CUS003097,54.4,Medium,2026-06-30
RSK003098,CUS003098,27.39,Low,2026-06-30
RSK003099,CUS003099,15.59,Low,2026-06-30
RSK003100,CUS003100,74.94,High,2026-06-30
RSK003101,CUS003101,94.79,High,2026-06-30
RSK003102,CUS003102,100.0,High,2026-06-30
RSK003103,CUS003103,100.0,High,2026-06-30
RSK003104,CUS003104,99.31,High,2026-06-30
RSK003105,CUS003105,64.78,High,2026-06-30
RSK003106,CUS003106,87.88,High,2026-06-30
RSK003107,CUS003107,75.44,High,2026-06-30
RSK003108,CUS003108,56.35,Medium,2026-06-30
RSK003109,CUS003109,45.77,Medium,2026-06-30
RSK003110,CUS003110,29.74,Low,2026-06-30
RSK003111,CUS003111,38.66,Medium,2026-06-30
RSK003112,CUS003112,18.69,Low,2026-06-30
RSK003113,CUS003113,100.0,High,2026-06-30
RSK003114,CUS003114,46.24,Medium,2026-06-30
RSK003115,CUS003115,59.46,Medium,2026-06-30
RSK003116,CUS003116,32.65,Medium,2026-06-30
RSK003117,CUS003117,59.14,Medium,2026-06-30
RSK003118,CUS003118,49.61,Medium,2026-06-30
RSK003119,CUS003119,86.77,High,2026-06-30
RSK003120,CUS003120,100.0,High,2026-06-30
RSK003121,CUS003121,100.0,High,2026-06-30
RSK003122,CUS003122,34.61,Medium,2026-06-30
RSK003123,CUS003123,57.72,Medium,2026-06-30
RSK003124,CUS003124,31.82,Medium,2026-06-30
RSK003125,CUS003125,100.0,High,2026-06-30
RSK003126,CUS003126,100.0,High,2026-06-30
RSK003127,CUS003127,42.7,Medium,2026-06-30
RSK003128,CUS003128,100.0,High,2026-06-30
RSK003129,CUS003129,43.49,Medium,2026-06-30
RSK003130,CUS003130,25.96,Low,2026-06-30
RSK003131,CUS003131,13.19,Low,2026-06-30
RSK003132,CUS003132,31.43,Medium,2026-06-30
RSK003133,CUS003133,100.0,High,2026-06-30
RSK003134,CUS003134,17.18,Low,2026-06-30
RSK003135,CUS003135,14.42,Low,2026-06-30
RSK003136,CUS003136,91.47,High,2026-06-30
RSK003137,CUS003137,22.64,Low,2026-06-30
RSK003138,CUS003138,38.4,Medium,2026-06-30
RSK003139,CUS003139,34.96,Medium,2026-06-30
RSK003140,CUS003140,73.78,High,2026-06-30
RSK003141,CUS003141,30.9,Medium,2026-06-30
RSK003142,CUS003142,32.02,Medium,2026-06-30
RSK003143,CUS003143,19.57,Low,2026-06-30
RSK003144,CUS003144,24.77,Low,2026-06-30
RSK003145,CUS003145,100.0,High,2026-06-30
RSK003146,CUS003146,27.05,Low,2026-06-30
RSK003147,CUS003147,1.09,Low,2026-06-30
RSK003148,CUS003148,80.88,High,2026-06-30
RSK003149,CUS003149,30.51,Medium,2026-06-30
RSK003150,CUS003150,89.24,High,2026-06-30
RSK003151,CUS003151,100.0,High,2026-06-30
RSK003152,CUS003152,52.79,Medium,2026-06-30
RSK003153,CUS003153,10.37,Low,2026-06-30
RSK003154,CUS003154,100.0,High,2026-06-30
RSK003155,CUS003155,100.0,High,2026-06-30
RSK003156,CUS003156,100.0,High,2026-06-30
RSK003157,CUS003157,45.19,Medium,2026-06-30
RSK003158,CUS003158,100.0,High,2026-06-30
RSK003159,CUS003159,56.76,Medium,2026-06-30
RSK003160,CUS003160,59.95,Medium,2026-06-30
RSK003161,CUS003161,53.13,Medium,2026-06-30
RSK003162,CUS003162,38.22,Medium,2026-06-30
RSK003163,CUS003163,32.69,Medium,2026-06-30
RSK003164,CUS003164,24.52,Low,2026-06-30
RSK003165,CUS003165,31.62,Medium,2026-06-30
RSK003166,CUS003166,92.47,High,2026-06-30
RSK003167,CUS003167,37.02,Medium,2026-06-30
RSK003168,CUS003168,88.39,High,2026-06-30
RSK003169,CUS003169,48.59,Medium,2026-06-30
RSK003170,CUS003170,100.0,High,2026-06-30
RSK003171,CUS003171,30.76,Medium,2026-06-30
RSK003172,CUS003172,50.84,Medium,2026-06-30
RSK003173,CUS003173,23.27,Low,2026-06-30
RSK003174,CUS003174,27.38,Low,2026-06-30
RSK003175,CUS003175,21.29,Low,2026-06-30
RSK003176,CUS003176,63.38,High,2026-06-30
RSK003177,CUS003177,71.84,High,2026-06-30
RSK003178,CUS003178,20.32,Low,2026-06-30
RSK003179,CUS003179,24.4,Low,2026-06-30
RSK003180,CUS003180,36.18,Medium,2026-06-30
RSK003181,CUS003181,70.12,High,2026-06-30
RSK003182,CUS003182,25.21,Low,2026-06-30
RSK003183,CUS003183,61.13,High,2026-06-30
RSK003184,CUS003184,5.15,Low,2026-06-30
RSK003185,CUS003185,2.24,Low,2026-06-30
RSK003186,CUS003186,46.07,Medium,2026-06-30
RSK003187,CUS003187,11.71,Low,2026-06-30
RSK003188,CUS003188,22.66,Low,2026-06-30
RSK003189,CUS003189,13.85,Low,2026-06-30
RSK003190,CUS003190,62.19,High,2026-06-30
RSK003191,CUS003191,50.77,Medium,2026-06-30
RSK003192,CUS003192,7.37,Low,2026-06-30
RSK003193,CUS003193,21.73,Low,2026-06-30
RSK003194,CUS003194,34.08,Medium,2026-06-30
RSK003195,CUS003195,18.98,Low,2026-06-30
RSK003196,CUS003196,100.0,High,2026-06-30
RSK003197,CUS003197,25.53,Low,2026-06-30
RSK003198,CUS003198,100.0,High,2026-06-30
RSK003199,CUS003199,34.91,Medium,2026-06-30
RSK003200,CUS003200,40.26,Medium,2026-06-30
RSK003201,CUS003201,100.0,High,2026-06-30
RSK003202,CUS003202,72.14,High,2026-06-30
RSK003203,CUS003203,11.48,Low,2026-06-30
RSK003204,CUS003204,29.88,Low,2026-06-30
RSK003205,CUS003205,43.62,Medium,2026-06-30
RSK003206,CUS003206,30.57,Medium,2026-06-30
RSK003207,CUS003207,39.41,Medium,2026-06-30
RSK003208,CUS003208,100.0,High,2026-06-30
RSK003209,CUS003209,88.87,High,2026-06-30
RSK003210,CUS003210,97.2,High,2026-06-30
RSK003211,CUS003211,10.93,Low,2026-06-30
RSK003212,CUS003212,30.52,Medium,2026-06-30
RSK003213,CUS003213,29.8,Low,2026-06-30
RSK003214,CUS003214,61.99,High,2026-06-30
RSK003215,CUS003215,27.06,Low,2026-06-30
RSK003216,CUS003216,50.46,Medium,2026-06-30
RSK003217,CUS003217,19.85,Low,2026-06-30
RSK003218,CUS003218,24.76,Low,2026-06-30
RSK003219,CUS003219,6.75,Low,2026-06-30
RSK003220,CUS003220,62.88,High,2026-06-30
RSK003221,CUS003221,78.21,High,2026-06-30
RSK003222,CUS003222,92.51,High,2026-06-30
RSK003223,CUS003223,22.55,Low,2026-06-30
RSK003224,CUS003224,30.11,Medium,2026-06-30
RSK003225,CUS003225,60.41,High,2026-06-30
RSK003226,CUS003226,17.35,Low,2026-06-30
RSK003227,CUS003227,37.11,Medium,2026-06-30
RSK003228,CUS003228,22.99,Low,2026-06-30
RSK003229,CUS003229,100.0,High,2026-06-30
RSK003230,CUS003230,5.18,Low,2026-06-30
RSK003231,CUS003231,73.53,High,2026-06-30
RSK003232,CUS003232,68.86,High,2026-06-30
RSK003233,CUS003233,46.36,Medium,2026-06-30
RSK003234,CUS003234,56.23,Medium,2026-06-30
RSK003235,CUS003235,23.64,Low,2026-06-30
RSK003236,CUS003236,22.62,Low,2026-06-30
RSK003237,CUS003237,5.14,Low,2026-06-30
RSK003238,CUS003238,79.54,High,2026-06-30
RSK003239,CUS003239,35.08,Medium,2026-06-30
RSK003240,CUS003240,23.72,Low,2026-06-30
RSK003241,CUS003241,24.13,Low,2026-06-30
RSK003242,CUS003242,24.99,Low,2026-06-30
RSK003243,CUS003243,31.79,Medium,2026-06-30
RSK003244,CUS003244,100.0,High,2026-06-30
RSK003245,CUS003245,29.33,Low,2026-06-30
RSK003246,CUS003246,22.98,Low,2026-06-30
RSK003247,CUS003247,98.18,High,2026-06-30
RSK003248,CUS003248,100.0,High,2026-06-30
RSK003249,CUS003249,85.55,High,2026-06-30
RSK003250,CUS003250,76.6,High,2026-06-30
RSK003251,CUS003251,20.28,Low,2026-06-30
RSK003252,CUS003252,100.0,High,2026-06-30
RSK003253,CUS003253,43.21,Medium,2026-06-30
RSK003254,CUS003254,15.82,Low,2026-06-30
RSK003255,CUS003255,59.38,Medium,2026-06-30
RSK003256,CUS003256,100.0,High,2026-06-30
RSK003257,CUS003257,59.88,Medium,2026-06-30
RSK003258,CUS003258,60.63,High,2026-06-30
RSK003259,CUS003259,25.78,Low,2026-06-30
RSK003260,CUS003260,34.8,Medium,2026-06-30
RSK003261,CUS003261,71.89,High,2026-06-30
RSK003262,CUS003262,41.86,Medium,2026-06-30
RSK003263,CUS003263,26.96,Low,2026-06-30
RSK003264,CUS003264,3.46,Low,2026-06-30
RSK003265,CUS003265,41.72,Medium,2026-06-30
RSK003266,CUS003266,15.59,Low,2026-06-30
RSK003267,CUS003267,25.1,Low,2026-06-30
RSK003268,CUS003268,100.0,High,2026-06-30
RSK003269,CUS003269,58.72,Medium,2026-06-30
RSK003270,CUS003270,49.11,Medium,2026-06-30
RSK003271,CUS003271,42.56,Medium,2026-06-30
RSK003272,CUS003272,100.0,High,2026-06-30
RSK003273,CUS003273,8.61,Low,2026-06-30
RSK003274,CUS003274,21.18,Low,2026-06-30
RSK003275,CUS003275,91.02,High,2026-06-30
RSK003276,CUS003276,100.0,High,2026-06-30
RSK003277,CUS003277,100.0,High,2026-06-30
RSK003278,CUS003278,37.64,Medium,2026-06-30
RSK003279,CUS003279,47.82,Medium,2026-06-30
RSK003280,CUS003280,17.6,Low,2026-06-30
RSK003281,CUS003281,31.45,Medium,2026-06-30
RSK003282,CUS003282,50.54,Medium,2026-06-30
RSK003283,CUS003283,27.14,Low,2026-06-30
RSK003284,CUS003284,26.84,Low,2026-06-30
RSK003285,CUS003285,13.59,Low,2026-06-30
RSK003286,CUS003286,29.33,Low,2026-06-30
RSK003287,CUS003287,41.7,Medium,2026-06-30
RSK003288,CUS003288,44.77,Medium,2026-06-30
RSK003289,CUS003289,23.44,Low,2026-06-30
RSK003290,CUS003290,39.03,Medium,2026-06-30
RSK003291,CUS003291,48.83,Medium,2026-06-30
RSK003292,CUS003292,38.89,Medium,2026-06-30
RSK003293,CUS003293,4.91,Low,2026-06-30
RSK003294,CUS003294,19.83,Low,2026-06-30
RSK003295,CUS003295,83.89,High,2026-06-30
RSK003296,CUS003296,100.0,High,2026-06-30
RSK003297,CUS003297,25.96,Low,2026-06-30
RSK003298,CUS003298,39.85,Medium,2026-06-30
RSK003299,CUS003299,90.11,High,2026-06-30
RSK003300,CUS003300,36.57,Medium,2026-06-30
RSK003301,CUS003301,22.62,Low,2026-06-30
RSK003302,CUS003302,29.79,Low,2026-06-30
RSK003303,CUS003303,17.99,Low,2026-06-30
RSK003304,CUS003304,21.29,Low,2026-06-30
RSK003305,CUS003305,26.77,Low,2026-06-30
RSK003306,CUS003306,79.37,High,2026-06-30
RSK003307,CUS003307,100.0,High,2026-06-30
RSK003308,CUS003308,23.47,Low,2026-06-30
RSK003309,CUS003309,31.58,Medium,2026-06-30
RSK003310,CUS003310,40.59,Medium,2026-06-30
RSK003311,CUS003311,33.79,Medium,2026-06-30
RSK003312,CUS003312,20.55,Low,2026-06-30
RSK003313,CUS003313,31.24,Medium,2026-06-30
RSK003314,CUS003314,34.96,Medium,2026-06-30
RSK003315,CUS003315,98.01,High,2026-06-30
RSK003316,CUS003316,100.0,High,2026-06-30
RSK003317,CUS003317,27.72,Low,2026-06-30
RSK003318,CUS003318,78.0,High,2026-06-30
RSK003319,CUS003319,38.81,Medium,2026-06-30
RSK003320,CUS003320,12.23,Low,2026-06-30
RSK003321,CUS003321,97.22,High,2026-06-30
RSK003322,CUS003322,26.15,Low,2026-06-30
RSK003323,CUS003323,24.9,Low,2026-06-30
RSK003324,CUS003324,22.69,Low,2026-06-30
RSK003325,CUS003325,22.24,Low,2026-06-30
RSK003326,CUS003326,100.0,High,2026-06-30
RSK003327,CUS003327,100.0,High,2026-06-30
RSK003328,CUS003328,79.57,High,2026-06-30
RSK003329,CUS003329,21.65,Low,2026-06-30
RSK003330,CUS003330,18.78,Low,2026-06-30
RSK003331,CUS003331,87.2,High,2026-06-30
RSK003332,CUS003332,76.49,High,2026-06-30
RSK003333,CUS003333,36.01,Medium,2026-06-30
RSK003334,CUS003334,17.47,Low,2026-06-30
RSK003335,CUS003335,21.87,Low,2026-06-30
RSK003336,CUS003336,25.04,Low,2026-06-30
RSK003337,CUS003337,100.0,High,2026-06-30
RSK003338,CUS003338,79.92,High,2026-06-30
RSK003339,CUS003339,2.73,Low,2026-06-30
RSK003340,CUS003340,38.46,Medium,2026-06-30
RSK003341,CUS003341,31.81,Medium,2026-06-30
RSK003342,CUS003342,90.49,High,2026-06-30
RSK003343,CUS003343,76.89,High,2026-06-30
RSK003344,CUS003344,84.22,High,2026-06-30
RSK003345,CUS003345,34.68,Medium,2026-06-30
RSK003346,CUS003346,31.78,Medium,2026-06-30
RSK003347,CUS003347,33.81,Medium,2026-06-30
RSK003348,CUS003348,24.88,Low,2026-06-30
RSK003349,CUS003349,47.86,Medium,2026-06-30
RSK003350,CUS003350,100.0,High,2026-06-30
RSK003351,CUS003351,26.5,Low,2026-06-30
RSK003352,CUS003352,27.37,Low,2026-06-30
RSK003353,CUS003353,32.56,Medium,2026-06-30
RSK003354,CUS003354,24.69,Low,2026-06-30
RSK003355,CUS003355,15.33,Low,2026-06-30
RSK003356,CUS003356,9.77,Low,2026-06-30
RSK003357,CUS003357,84.33,High,2026-06-30
RSK003358,CUS003358,26.22,Low,2026-06-30
RSK003359,CUS003359,59.87,Medium,2026-06-30
RSK003360,CUS003360,36.61,Medium,2026-06-30
RSK003361,CUS003361,34.11,Medium,2026-06-30
RSK003362,CUS003362,93.88,High,2026-06-30
RSK003363,CUS003363,29.5,Low,2026-06-30
RSK003364,CUS003364,69.95,High,2026-06-30
RSK003365,CUS003365,100.0,High,2026-06-30
RSK003366,CUS003366,97.13,High,2026-06-30
RSK003367,CUS003367,27.21,Low,2026-06-30
RSK003368,CUS003368,76.77,High,2026-06-30
RSK003369,CUS003369,31.73,Medium,2026-06-30
RSK003370,CUS003370,100.0,High,2026-06-30
RSK003371,CUS003371,56.71,Medium,2026-06-30
RSK003372,CUS003372,37.11,Medium,2026-06-30
RSK003373,CUS003373,68.97,High,2026-06-30
RSK003374,CUS003374,10.89,Low,2026-06-30
RSK003375,CUS003375,100.0,High,2026-06-30
RSK003376,CUS003376,100.0,High,2026-06-30
RSK003377,CUS003377,61.1,High,2026-06-30
RSK003378,CUS003378,16.62,Low,2026-06-30
RSK003379,CUS003379,47.39,Medium,2026-06-30
RSK003380,CUS003380,13.47,Low,2026-06-30
RSK003381,CUS003381,63.51,High,2026-06-30
RSK003382,CUS003382,50.45,Medium,2026-06-30
RSK003383,CUS003383,100.0,High,2026-06-30
RSK003384,CUS003384,35.19,Medium,2026-06-30
RSK003385,CUS003385,68.94,High,2026-06-30
RSK003386,CUS003386,37.44,Medium,2026-06-30
RSK003387,CUS003387,45.63,Medium,2026-06-30
RSK003388,CUS003388,25.12,Low,2026-06-30
RSK003389,CUS003389,14.26,Low,2026-06-30
RSK003390,CUS003390,39.28,Medium,2026-06-30
RSK003391,CUS003391,21.96,Low,2026-06-30
RSK003392,CUS003392,97.75,High,2026-06-30
RSK003393,CUS003393,14.63,Low,2026-06-30
RSK003394,CUS003394,96.29,High,2026-06-30
RSK003395,CUS003395,10.91,Low,2026-06-30
RSK003396,CUS003396,100.0,High,2026-06-30
RSK003397,CUS003397,100.0,High,2026-06-30
RSK003398,CUS003398,30.09,Medium,2026-06-30
RSK003399,CUS003399,50.71,Medium,2026-06-30
RSK003400,CUS003400,67.91,High,2026-06-30
RSK003401,CUS003401,53.71,Medium,2026-06-30
RSK003402,CUS003402,89.07,High,2026-06-30
RSK003403,CUS003403,51.85,Medium,2026-06-30
RSK003404,CUS003404,7.91,Low,2026-06-30
RSK003405,CUS003405,16.74,Low,2026-06-30
RSK003406,CUS003406,20.49,Low,2026-06-30
RSK003407,CUS003407,58.79,Medium,2026-06-30
RSK003408,CUS003408,97.42,High,2026-06-30
RSK003409,CUS003409,16.05,Low,2026-06-30
RSK003410,CUS003410,96.19,High,2026-06-30
RSK003411,CUS003411,31.8,Medium,2026-06-30
RSK003412,CUS003412,78.79,High,2026-06-30
RSK003413,CUS003413,100.0,High,2026-06-30
RSK003414,CUS003414,36.65,Medium,2026-06-30
RSK003415,CUS003415,25.04,Low,2026-06-30
RSK003416,CUS003416,25.05,Low,2026-06-30
RSK003417,CUS003417,95.54,High,2026-06-30
RSK003418,CUS003418,14.06,Low,2026-06-30
RSK003419,CUS003419,53.08,Medium,2026-06-30
RSK003420,CUS003420,33.34,Medium,2026-06-30
RSK003421,CUS003421,30.1,Medium,2026-06-30
RSK003422,CUS003422,95.0,High,2026-06-30
RSK003423,CUS003423,33.15,Medium,2026-06-30
RSK003424,CUS003424,93.05,High,2026-06-30
RSK003425,CUS003425,36.63,Medium,2026-06-30
RSK003426,CUS003426,39.06,Medium,2026-06-30
RSK003427,CUS003427,50.8,Medium,2026-06-30
RSK003428,CUS003428,43.43,Medium,2026-06-30
RSK003429,CUS003429,86.86,High,2026-06-30
RSK003430,CUS003430,23.77,Low,2026-06-30
RSK003431,CUS003431,100.0,High,2026-06-30
RSK003432,CUS003432,100.0,High,2026-06-30
RSK003433,CUS003433,59.09,Medium,2026-06-30
RSK003434,CUS003434,32.63,Medium,2026-06-30
RSK003435,CUS003435,72.93,High,2026-06-30
RSK003436,CUS003436,26.66,Low,2026-06-30
RSK003437,CUS003437,34.26,Medium,2026-06-30
RSK003438,CUS003438,15.33,Low,2026-06-30
RSK003439,CUS003439,20.1,Low,2026-06-30
RSK003440,CUS003440,38.84,Medium,2026-06-30
RSK003441,CUS003441,19.01,Low,2026-06-30
RSK003442,CUS003442,26.88,Low,2026-06-30
RSK003443,CUS003443,46.69,Medium,2026-06-30
RSK003444,CUS003444,7.98,Low,2026-06-30
RSK003445,CUS003445,52.04,Medium,2026-06-30
RSK003446,CUS003446,23.37,Low,2026-06-30
RSK003447,CUS003447,51.9,Medium,2026-06-30
RSK003448,CUS003448,100.0,High,2026-06-30
RSK003449,CUS003449,54.96,Medium,2026-06-30
RSK003450,CUS003450,100.0,High,2026-06-30
RSK003451,CUS003451,92.4,High,2026-06-30
RSK003452,CUS003452,23.02,Low,2026-06-30
RSK003453,CUS003453,31.0,Medium,2026-06-30
RSK003454,CUS003454,23.76,Low,2026-06-30
RSK003455,CUS003455,100.0,High,2026-06-30
RSK003456,CUS003456,44.35,Medium,2026-06-30
RSK003457,CUS003457,14.67,Low,2026-06-30
RSK003458,CUS003458,89.86,High,2026-06-30
RSK003459,CUS003459,54.99,Medium,2026-06-30
RSK003460,CUS003460,100.0,High,2026-06-30
RSK003461,CUS003461,71.28,High,2026-06-30
RSK003462,CUS003462,100.0,High,2026-06-30
RSK003463,CUS003463,98.04,High,2026-06-30
RSK003464,CUS003464,37.08,Medium,2026-06-30
RSK003465,CUS003465,100.0,High,2026-06-30
RSK003466,CUS003466,14.7,Low,2026-06-30
RSK003467,CUS003467,60.04,High,2026-06-30
RSK003468,CUS003468,40.45,Medium,2026-06-30
RSK003469,CUS003469,100.0,High,2026-06-30
RSK003470,CUS003470,37.93,Medium,2026-06-30
RSK003471,CUS003471,61.69,High,2026-06-30
RSK003472,CUS003472,65.85,High,2026-06-30
RSK003473,CUS003473,100.0,High,2026-06-30
RSK003474,CUS003474,41.34,Medium,2026-06-30
RSK003475,CUS003475,77.53,High,2026-06-30
RSK003476,CUS003476,27.07,Low,2026-06-30
RSK003477,CUS003477,40.15,Medium,2026-06-30
RSK003478,CUS003478,14.3,Low,2026-06-30
RSK003479,CUS003479,60.07,High,2026-06-30
RSK003480,CUS003480,36.66,Medium,2026-06-30
RSK003481,CUS003481,34.76,Medium,2026-06-30
RSK003482,CUS003482,75.41,High,2026-06-30
RSK003483,CUS003483,34.06,Medium,2026-06-30
RSK003484,CUS003484,18.06,Low,2026-06-30
RSK003485,CUS003485,99.9,High,2026-06-30
RSK003486,CUS003486,30.43,Medium,2026-06-30
RSK003487,CUS003487,62.01,High,2026-06-30
RSK003488,CUS003488,100.0,High,2026-06-30
RSK003489,CUS003489,63.38,High,2026-06-30
RSK003490,CUS003490,33.3,Medium,2026-06-30
RSK003491,CUS003491,100.0,High,2026-06-30
RSK003492,CUS003492,33.02,Medium,2026-06-30
RSK003493,CUS003493,32.17,Medium,2026-06-30
RSK003494,CUS003494,70.2,High,2026-06-30
RSK003495,CUS003495,37.45,Medium,2026-06-30
RSK003496,CUS003496,30.89,Medium,2026-06-30
RSK003497,CUS003497,100.0,High,2026-06-30
RSK003498,CUS003498,28.86,Low,2026-06-30
RSK003499,CUS003499,20.49,Low,2026-06-30
RSK003500,CUS003500,42.82,Medium,2026-06-30
RSK003501,CUS003501,40.04,Medium,2026-06-30
RSK003502,CUS003502,99.39,High,2026-06-30
RSK003503,CUS003503,36.79,Medium,2026-06-30
RSK003504,CUS003504,53.26,Medium,2026-06-30
RSK003505,CUS003505,15.32,Low,2026-06-30
RSK003506,CUS003506,70.03,High,2026-06-30
RSK003507,CUS003507,100.0,High,2026-06-30
RSK003508,CUS003508,20.29,Low,2026-06-30
RSK003509,CUS003509,79.08,High,2026-06-30
RSK003510,CUS003510,20.14,Low,2026-06-30
RSK003511,CUS003511,64.89,High,2026-06-30
RSK003512,CUS003512,36.35,Medium,2026-06-30
RSK003513,CUS003513,35.14,Medium,2026-06-30
RSK003514,CUS003514,71.14,High,2026-06-30
RSK003515,CUS003515,100.0,High,2026-06-30
RSK003516,CUS003516,100.0,High,2026-06-30
RSK003517,CUS003517,74.94,High,2026-06-30
RSK003518,CUS003518,34.51,Medium,2026-06-30
RSK003519,CUS003519,55.39,Medium,2026-06-30
RSK003520,CUS003520,37.14,Medium,2026-06-30
RSK003521,CUS003521,100.0,High,2026-06-30
RSK003522,CUS003522,30.54,Medium,2026-06-30
RSK003523,CUS003523,24.35,Low,2026-06-30
RSK003524,CUS003524,15.2,Low,2026-06-30
RSK003525,CUS003525,50.32,Medium,2026-06-30
RSK003526,CUS003526,28.16,Low,2026-06-30
RSK003527,CUS003527,92.02,High,2026-06-30
RSK003528,CUS003528,100.0,High,2026-06-30
RSK003529,CUS003529,51.93,Medium,2026-06-30
RSK003530,CUS003530,55.78,Medium,2026-06-30
RSK003531,CUS003531,50.38,Medium,2026-06-30
RSK003532,CUS003532,37.73,Medium,2026-06-30
RSK003533,CUS003533,63.92,High,2026-06-30
RSK003534,CUS003534,29.76,Low,2026-06-30
RSK003535,CUS003535,77.8,High,2026-06-30
RSK003536,CUS003536,29.67,Low,2026-06-30
RSK003537,CUS003537,27.96,Low,2026-06-30
RSK003538,CUS003538,35.02,Medium,2026-06-30
RSK003539,CUS003539,62.64,High,2026-06-30
RSK003540,CUS003540,57.6,Medium,2026-06-30
RSK003541,CUS003541,93.11,High,2026-06-30
RSK003542,CUS003542,68.07,High,2026-06-30
RSK003543,CUS003543,100.0,High,2026-06-30
RSK003544,CUS003544,42.19,Medium,2026-06-30
RSK003545,CUS003545,17.31,Low,2026-06-30
RSK003546,CUS003546,87.04,High,2026-06-30
RSK003547,CUS003547,80.89,High,2026-06-30
RSK003548,CUS003548,14.21,Low,2026-06-30
RSK003549,CUS003549,30.16,Medium,2026-06-30
RSK003550,CUS003550,42.26,Medium,2026-06-30
RSK003551,CUS003551,21.19,Low,2026-06-30
RSK003552,CUS003552,28.31,Low,2026-06-30
RSK003553,CUS003553,90.11,High,2026-06-30
RSK003554,CUS003554,8.54,Low,2026-06-30
RSK003555,CUS003555,9.21,Low,2026-06-30
RSK003556,CUS003556,100.0,High,2026-06-30
RSK003557,CUS003557,100.0,High,2026-06-30
RSK003558,CUS003558,36.79,Medium,2026-06-30
RSK003559,CUS003559,44.35,Medium,2026-06-30
RSK003560,CUS003560,40.15,Medium,2026-06-30
RSK003561,CUS003561,97.35,High,2026-06-30
RSK003562,CUS003562,36.49,Medium,2026-06-30
RSK003563,CUS003563,100.0,High,2026-06-30
RSK003564,CUS003564,32.4,Medium,2026-06-30
RSK003565,CUS003565,37.2,Medium,2026-06-30
RSK003566,CUS003566,100.0,High,2026-06-30
RSK003567,CUS003567,14.68,Low,2026-06-30
RSK003568,CUS003568,35.85,Medium,2026-06-30
RSK003569,CUS003569,73.48,High,2026-06-30
RSK003570,CUS003570,50.66,Medium,2026-06-30
RSK003571,CUS003571,29.13,Low,2026-06-30
RSK003572,CUS003572,33.89,Medium,2026-06-30
RSK003573,CUS003573,29.98,Low,2026-06-30
RSK003574,CUS003574,32.5,Medium,2026-06-30
RSK003575,CUS003575,39.52,Medium,2026-06-30
RSK003576,CUS003576,47.56,Medium,2026-06-30
RSK003577,CUS003577,14.76,Low,2026-06-30
RSK003578,CUS003578,44.82,Medium,2026-06-30
RSK003579,CUS003579,100.0,High,2026-06-30
RSK003580,CUS003580,88.52,High,2026-06-30
RSK003581,CUS003581,17.85,Low,2026-06-30
RSK003582,CUS003582,29.41,Low,2026-06-30
RSK003583,CUS003583,65.72,High,2026-06-30
RSK003584,CUS003584,100.0,High,2026-06-30
RSK003585,CUS003585,100.0,High,2026-06-30
RSK003586,CUS003586,17.26,Low,2026-06-30
RSK003587,CUS003587,35.27,Medium,2026-06-30
RSK003588,CUS003588,39.45,Medium,2026-06-30
RSK003589,CUS003589,31.08,Medium,2026-06-30
RSK003590,CUS003590,84.33,High,2026-06-30
RSK003591,CUS003591,99.08,High,2026-06-30
RSK003592,CUS003592,10.25,Low,2026-06-30
RSK003593,CUS003593,76.36,High,2026-06-30
RSK003594,CUS003594,23.84,Low,2026-06-30
RSK003595,CUS003595,34.12,Medium,2026-06-30
RSK003596,CUS003596,6.6,Low,2026-06-30
RSK003597,CUS003597,48.33,Medium,2026-06-30
RSK003598,CUS003598,28.81,Low,2026-06-30
RSK003599,CUS003599,27.81,Low,2026-06-30
RSK003600,CUS003600,71.95,High,2026-06-30
RSK003601,CUS003601,94.34,High,2026-06-30
RSK003602,CUS003602,74.5,High,2026-06-30
RSK003603,CUS003603,100.0,High,2026-06-30
RSK003604,CUS003604,19.62,Low,2026-06-30
RSK003605,CUS003605,100.0,High,2026-06-30
RSK003606,CUS003606,90.88,High,2026-06-30
RSK003607,CUS003607,77.01,High,2026-06-30
RSK003608,CUS003608,40.43,Medium,2026-06-30
RSK003609,CUS003609,100.0,High,2026-06-30
RSK003610,CUS003610,39.21,Medium,2026-06-30
RSK003611,CUS003611,56.35,Medium,2026-06-30
RSK003612,CUS003612,33.73,Medium,2026-06-30
RSK003613,CUS003613,39.09,Medium,2026-06-30
RSK003614,CUS003614,26.55,Low,2026-06-30
RSK003615,CUS003615,89.85,High,2026-06-30
RSK003616,CUS003616,27.55,Low,2026-06-30
RSK003617,CUS003617,43.82,Medium,2026-06-30
RSK003618,CUS003618,95.41,High,2026-06-30
RSK003619,CUS003619,100.0,High,2026-06-30
RSK003620,CUS003620,31.02,Medium,2026-06-30
RSK003621,CUS003621,88.41,High,2026-06-30
RSK003622,CUS003622,61.79,High,2026-06-30
RSK003623,CUS003623,9.7,Low,2026-06-30
RSK003624,CUS003624,84.42,High,2026-06-30
RSK003625,CUS003625,100.0,High,2026-06-30
RSK003626,CUS003626,72.57,High,2026-06-30
RSK003627,CUS003627,6.15,Low,2026-06-30
RSK003628,CUS003628,57.43,Medium,2026-06-30
RSK003629,CUS003629,50.63,Medium,2026-06-30
RSK003630,CUS003630,33.53,Medium,2026-06-30
RSK003631,CUS003631,32.46,Medium,2026-06-30
RSK003632,CUS003632,25.35,Low,2026-06-30
RSK003633,CUS003633,50.62,Medium,2026-06-30
RSK003634,CUS003634,34.28,Medium,2026-06-30
RSK003635,CUS003635,40.41,Medium,2026-06-30
RSK003636,CUS003636,19.92,Low,2026-06-30
RSK003637,CUS003637,47.1,Medium,2026-06-30
RSK003638,CUS003638,61.33,High,2026-06-30
RSK003639,CUS003639,53.2,Medium,2026-06-30
RSK003640,CUS003640,61.09,High,2026-06-30
RSK003641,CUS003641,100.0,High,2026-06-30
RSK003642,CUS003642,27.53,Low,2026-06-30
RSK003643,CUS003643,100.0,High,2026-06-30
RSK003644,CUS003644,63.89,High,2026-06-30
RSK003645,CUS003645,93.27,High,2026-06-30
RSK003646,CUS003646,100.0,High,2026-06-30
RSK003647,CUS003647,27.33,Low,2026-06-30
RSK003648,CUS003648,100.0,High,2026-06-30
RSK003649,CUS003649,100.0,High,2026-06-30
RSK003650,CUS003650,50.95,Medium,2026-06-30
RSK003651,CUS003651,42.86,Medium,2026-06-30
RSK003652,CUS003652,48.03,Medium,2026-06-30
RSK003653,CUS003653,59.02,Medium,2026-06-30
RSK003654,CUS003654,11.3,Low,2026-06-30
RSK003655,CUS003655,10.18,Low,2026-06-30
RSK003656,CUS003656,21.96,Low,2026-06-30
RSK003657,CUS003657,47.32,Medium,2026-06-30
RSK003658,CUS003658,92.4,High,2026-06-30
RSK003659,CUS003659,80.1,High,2026-06-30
RSK003660,CUS003660,28.49,Low,2026-06-30
RSK003661,CUS003661,100.0,High,2026-06-30
RSK003662,CUS003662,82.78,High,2026-06-30
RSK003663,CUS003663,45.25,Medium,2026-06-30
RSK003664,CUS003664,22.24,Low,2026-06-30
RSK003665,CUS003665,100.0,High,2026-06-30
RSK003666,CUS003666,27.42,Low,2026-06-30
RSK003667,CUS003667,35.47,Medium,2026-06-30
RSK003668,CUS003668,11.33,Low,2026-06-30
RSK003669,CUS003669,8.63,Low,2026-06-30
RSK003670,CUS003670,24.1,Low,2026-06-30
RSK003671,CUS003671,96.5,High,2026-06-30
RSK003672,CUS003672,3.58,Low,2026-06-30
RSK003673,CUS003673,61.74,High,2026-06-30
RSK003674,CUS003674,53.61,Medium,2026-06-30
RSK003675,CUS003675,38.62,Medium,2026-06-30
RSK003676,CUS003676,73.73,High,2026-06-30
RSK003677,CUS003677,51.73,Medium,2026-06-30
RSK003678,CUS003678,100.0,High,2026-06-30
RSK003679,CUS003679,46.39,Medium,2026-06-30
RSK003680,CUS003680,28.2,Low,2026-06-30
RSK003681,CUS003681,44.51,Medium,2026-06-30
RSK003682,CUS003682,44.05,Medium,2026-06-30
RSK003683,CUS003683,45.82,Medium,2026-06-30
RSK003684,CUS003684,100.0,High,2026-06-30
RSK003685,CUS003685,30.75,Medium,2026-06-30
RSK003686,CUS003686,37.5,Medium,2026-06-30
RSK003687,CUS003687,100.0,High,2026-06-30
RSK003688,CUS003688,59.74,Medium,2026-06-30
RSK003689,CUS003689,18.75,Low,2026-06-30
RSK003690,CUS003690,100.0,High,2026-06-30
RSK003691,CUS003691,100.0,High,2026-06-30
RSK003692,CUS003692,100.0,High,2026-06-30
RSK003693,CUS003693,59.92,Medium,2026-06-30
RSK003694,CUS003694,48.77,Medium,2026-06-30
RSK003695,CUS003695,31.78,Medium,2026-06-30
RSK003696,CUS003696,100.0,High,2026-06-30
RSK003697,CUS003697,37.27,Medium,2026-06-30
RSK003698,CUS003698,57.49,Medium,2026-06-30
RSK003699,CUS003699,43.78,Medium,2026-06-30
RSK003700,CUS003700,18.28,Low,2026-06-30
RSK003701,CUS003701,36.68,Medium,2026-06-30
RSK003702,CUS003702,49.19,Medium,2026-06-30
RSK003703,CUS003703,19.72,Low,2026-06-30
RSK003704,CUS003704,100.0,High,2026-06-30
RSK003705,CUS003705,78.46,High,2026-06-30
RSK003706,CUS003706,50.89,Medium,2026-06-30
RSK003707,CUS003707,27.88,Low,2026-06-30
RSK003708,CUS003708,41.65,Medium,2026-06-30
RSK003709,CUS003709,28.66,Low,2026-06-30
RSK003710,CUS003710,89.64,High,2026-06-30
RSK003711,CUS003711,45.57,Medium,2026-06-30
RSK003712,CUS003712,26.63,Low,2026-06-30
RSK003713,CUS003713,33.69,Medium,2026-06-30
RSK003714,CUS003714,61.04,High,2026-06-30
RSK003715,CUS003715,100.0,High,2026-06-30
RSK003716,CUS003716,45.5,Medium,2026-06-30
RSK003717,CUS003717,8.21,Low,2026-06-30
RSK003718,CUS003718,47.0,Medium,2026-06-30
RSK003719,CUS003719,38.09,Medium,2026-06-30
RSK003720,CUS003720,100.0,High,2026-06-30
RSK003721,CUS003721,29.96,Low,2026-06-30
RSK003722,CUS003722,33.61,Medium,2026-06-30
RSK003723,CUS003723,36.75,Medium,2026-06-30
RSK003724,CUS003724,33.47,Medium,2026-06-30
RSK003725,CUS003725,23.35,Low,2026-06-30
RSK003726,CUS003726,27.11,Low,2026-06-30
RSK003727,CUS003727,57.26,Medium,2026-06-30
RSK003728,CUS003728,11.0,Low,2026-06-30
RSK003729,CUS003729,34.48,Medium,2026-06-30
RSK003730,CUS003730,100.0,High,2026-06-30
RSK003731,CUS003731,18.62,Low,2026-06-30
RSK003732,CUS003732,100.0,High,2026-06-30
RSK003733,CUS003733,44.5,Medium,2026-06-30
RSK003734,CUS003734,85.46,High,2026-06-30
RSK003735,CUS003735,100.0,High,2026-06-30
RSK003736,CUS003736,56.76,Medium,2026-06-30
RSK003737,CUS003737,31.68,Medium,2026-06-30
RSK003738,CUS003738,100.0,High,2026-06-30
RSK003739,CUS003739,80.08,High,2026-06-30
RSK003740,CUS003740,47.89,Medium,2026-06-30
RSK003741,CUS003741,52.21,Medium,2026-06-30
RSK003742,CUS003742,10.44,Low,2026-06-30
RSK003743,CUS003743,30.06,Medium,2026-06-30
RSK003744,CUS003744,88.38,High,2026-06-30
RSK003745,CUS003745,57.3,Medium,2026-06-30
RSK003746,CUS003746,30.57,Medium,2026-06-30
RSK003747,CUS003747,23.91,Low,2026-06-30
RSK003748,CUS003748,68.39,High,2026-06-30
RSK003749,CUS003749,18.3,Low,2026-06-30
RSK003750,CUS003750,98.38,High,2026-06-30
RSK003751,CUS003751,42.06,Medium,2026-06-30
RSK003752,CUS003752,100.0,High,2026-06-30
RSK003753,CUS003753,82.25,High,2026-06-30
RSK003754,CUS003754,100.0,High,2026-06-30
RSK003755,CUS003755,86.86,High,2026-06-30
RSK003756,CUS003756,55.26,Medium,2026-06-30
RSK003757,CUS003757,100.0,High,2026-06-30
RSK003758,CUS003758,29.89,Low,2026-06-30
RSK003759,CUS003759,39.85,Medium,2026-06-30
RSK003760,CUS003760,36.25,Medium,2026-06-30
RSK003761,CUS003761,79.26,High,2026-06-30
RSK003762,CUS003762,100.0,High,2026-06-30
RSK003763,CUS003763,32.11,Medium,2026-06-30
RSK003764,CUS003764,36.12,Medium,2026-06-30
RSK003765,CUS003765,61.79,High,2026-06-30
RSK003766,CUS003766,41.57,Medium,2026-06-30
RSK003767,CUS003767,81.33,High,2026-06-30
RSK003768,CUS003768,6.85,Low,2026-06-30
RSK003769,CUS003769,48.63,Medium,2026-06-30
RSK003770,CUS003770,27.64,Low,2026-06-30
RSK003771,CUS003771,53.5,Medium,2026-06-30
RSK003772,CUS003772,100.0,High,2026-06-30
RSK003773,CUS003773,51.85,Medium,2026-06-30
RSK003774,CUS003774,25.5,Low,2026-06-30
RSK003775,CUS003775,100.0,High,2026-06-30
RSK003776,CUS003776,45.09,Medium,2026-06-30
RSK003777,CUS003777,24.49,Low,2026-06-30
RSK003778,CUS003778,50.98,Medium,2026-06-30
RSK003779,CUS003779,40.95,Medium,2026-06-30
RSK003780,CUS003780,94.77,High,2026-06-30
RSK003781,CUS003781,100.0,High,2026-06-30
RSK003782,CUS003782,26.38,Low,2026-06-30
RSK003783,CUS003783,68.07,High,2026-06-30
RSK003784,CUS003784,100.0,High,2026-06-30
RSK003785,CUS003785,51.19,Medium,2026-06-30
RSK003786,CUS003786,30.14,Medium,2026-06-30
RSK003787,CUS003787,21.14,Low,2026-06-30
RSK003788,CUS003788,13.45,Low,2026-06-30
RSK003789,CUS003789,41.25,Medium,2026-06-30
RSK003790,CUS003790,46.18,Medium,2026-06-30
RSK003791,CUS003791,24.29,Low,2026-06-30
RSK003792,CUS003792,100.0,High,2026-06-30
RSK003793,CUS003793,58.52,Medium,2026-06-30
RSK003794,CUS003794,56.17,Medium,2026-06-30
RSK003795,CUS003795,22.74,Low,2026-06-30
RSK003796,CUS003796,100.0,High,2026-06-30
RSK003797,CUS003797,46.56,Medium,2026-06-30
RSK003798,CUS003798,100.0,High,2026-06-30
RSK003799,CUS003799,23.81,Low,2026-06-30
RSK003800,CUS003800,29.91,Low,2026-06-30
RSK003801,CUS003801,32.94,Medium,2026-06-30
RSK003802,CUS003802,73.72,High,2026-06-30
RSK003803,CUS003803,100.0,High,2026-06-30
RSK003804,CUS003804,100.0,High,2026-06-30
RSK003805,CUS003805,100.0,High,2026-06-30
RSK003806,CUS003806,30.95,Medium,2026-06-30
RSK003807,CUS003807,7.0,Low,2026-06-30
RSK003808,CUS003808,33.14,Medium,2026-06-30
RSK003809,CUS003809,37.86,Medium,2026-06-30
RSK003810,CUS003810,83.33,High,2026-06-30
RSK003811,CUS003811,35.82,Medium,2026-06-30
RSK003812,CUS003812,43.68,Medium,2026-06-30
RSK003813,CUS003813,26.72,Low,2026-06-30
RSK003814,CUS003814,100.0,High,2026-06-30
RSK003815,CUS003815,4.67,Low,2026-06-30
RSK003816,CUS003816,56.5,Medium,2026-06-30
RSK003817,CUS003817,61.98,High,2026-06-30
RSK003818,CUS003818,10.28,Low,2026-06-30
RSK003819,CUS003819,97.85,High,2026-06-30
RSK003820,CUS003820,24.36,Low,2026-06-30
RSK003821,CUS003821,29.66,Low,2026-06-30
RSK003822,CUS003822,75.05,High,2026-06-30
RSK003823,CUS003823,25.76,Low,2026-06-30
RSK003824,CUS003824,66.22,High,2026-06-30
RSK003825,CUS003825,15.54,Low,2026-06-30
RSK003826,CUS003826,18.26,Low,2026-06-30
RSK003827,CUS003827,37.2,Medium,2026-06-30
RSK003828,CUS003828,66.2,High,2026-06-30
RSK003829,CUS003829,42.86,Medium,2026-06-30
RSK003830,CUS003830,27.66,Low,2026-06-30
RSK003831,CUS003831,40.57,Medium,2026-06-30
RSK003832,CUS003832,26.76,Low,2026-06-30
RSK003833,CUS003833,83.56,High,2026-06-30
RSK003834,CUS003834,30.18,Medium,2026-06-30
RSK003835,CUS003835,74.3,High,2026-06-30
RSK003836,CUS003836,56.72,Medium,2026-06-30
RSK003837,CUS003837,45.03,Medium,2026-06-30
RSK003838,CUS003838,90.86,High,2026-06-30
RSK003839,CUS003839,28.88,Low,2026-06-30
RSK003840,CUS003840,21.03,Low,2026-06-30
RSK003841,CUS003841,21.76,Low,2026-06-30
RSK003842,CUS003842,64.79,High,2026-06-30
RSK003843,CUS003843,26.12,Low,2026-06-30
RSK003844,CUS003844,5.41,Low,2026-06-30
RSK003845,CUS003845,34.42,Medium,2026-06-30
RSK003846,CUS003846,64.83,High,2026-06-30
RSK003847,CUS003847,100.0,High,2026-06-30
RSK003848,CUS003848,37.09,Medium,2026-06-30
RSK003849,CUS003849,29.39,Low,2026-06-30
RSK003850,CUS003850,36.52,Medium,2026-06-30
RSK003851,CUS003851,39.65,Medium,2026-06-30
RSK003852,CUS003852,16.52,Low,2026-06-30
RSK003853,CUS003853,100.0,High,2026-06-30
RSK003854,CUS003854,19.15,Low,2026-06-30
RSK003855,CUS003855,35.64,Medium,2026-06-30
RSK003856,CUS003856,31.91,Medium,2026-06-30
RSK003857,CUS003857,80.35,High,2026-06-30
RSK003858,CUS003858,96.47,High,2026-06-30
RSK003859,CUS003859,22.49,Low,2026-06-30
RSK003860,CUS003860,91.65,High,2026-06-30
RSK003861,CUS003861,100.0,High,2026-06-30
RSK003862,CUS003862,14.26,Low,2026-06-30
RSK003863,CUS003863,100.0,High,2026-06-30
RSK003864,CUS003864,22.09,Low,2026-06-30
RSK003865,CUS003865,28.2,Low,2026-06-30
RSK003866,CUS003866,42.2,Medium,2026-06-30
RSK003867,CUS003867,0.57,Low,2026-06-30
RSK003868,CUS003868,23.41,Low,2026-06-30
RSK003869,CUS003869,18.63,Low,2026-06-30
RSK003870,CUS003870,100.0,High,2026-06-30
RSK003871,CUS003871,44.39,Medium,2026-06-30
RSK003872,CUS003872,72.42,High,2026-06-30
RSK003873,CUS003873,38.49,Medium,2026-06-30
RSK003874,CUS003874,60.7,High,2026-06-30
RSK003875,CUS003875,26.05,Low,2026-06-30
RSK003876,CUS003876,13.99,Low,2026-06-30
RSK003877,CUS003877,51.54,Medium,2026-06-30
RSK003878,CUS003878,28.33,Low,2026-06-30
RSK003879,CUS003879,100.0,High,2026-06-30
RSK003880,CUS003880,14.66,Low,2026-06-30
RSK003881,CUS003881,63.8,High,2026-06-30
RSK003882,CUS003882,36.55,Medium,2026-06-30
RSK003883,CUS003883,22.43,Low,2026-06-30
RSK003884,CUS003884,41.38,Medium,2026-06-30
RSK003885,CUS003885,21.91,Low,2026-06-30
RSK003886,CUS003886,16.78,Low,2026-06-30
RSK003887,CUS003887,24.75,Low,2026-06-30
RSK003888,CUS003888,38.85,Medium,2026-06-30
RSK003889,CUS003889,35.72,Medium,2026-06-30
RSK003890,CUS003890,100.0,High,2026-06-30
RSK003891,CUS003891,8.75,Low,2026-06-30
RSK003892,CUS003892,80.63,High,2026-06-30
RSK003893,CUS003893,58.63,Medium,2026-06-30
RSK003894,CUS003894,29.39,Low,2026-06-30
RSK003895,CUS003895,74.91,High,2026-06-30
RSK003896,CUS003896,100.0,High,2026-06-30
RSK003897,CUS003897,26.77,Low,2026-06-30
RSK003898,CUS003898,21.21,Low,2026-06-30
RSK003899,CUS003899,42.57,Medium,2026-06-30
RSK003900,CUS003900,32.32,Medium,2026-06-30
RSK003901,CUS003901,12.79,Low,2026-06-30
RSK003902,CUS003902,63.35,High,2026-06-30
RSK003903,CUS003903,51.4,Medium,2026-06-30
RSK003904,CUS003904,12.81,Low,2026-06-30
RSK003905,CUS003905,57.79,Medium,2026-06-30
RSK003906,CUS003906,31.97,Medium,2026-06-30
RSK003907,CUS003907,45.65,Medium,2026-06-30
RSK003908,CUS003908,36.86,Medium,2026-06-30
RSK003909,CUS003909,38.25,Medium,2026-06-30
RSK003910,CUS003910,31.02,Medium,2026-06-30
RSK003911,CUS003911,75.99,High,2026-06-30
RSK003912,CUS003912,99.6,High,2026-06-30
RSK003913,CUS003913,100.0,High,2026-06-30
RSK003914,CUS003914,100.0,High,2026-06-30
RSK003915,CUS003915,90.11,High,2026-06-30
RSK003916,CUS003916,40.54,Medium,2026-06-30
RSK003917,CUS003917,100.0,High,2026-06-30
RSK003918,CUS003918,100.0,High,2026-06-30
RSK003919,CUS003919,42.55,Medium,2026-06-30
RSK003920,CUS003920,77.39,High,2026-06-30
RSK003921,CUS003921,17.38,Low,2026-06-30
RSK003922,CUS003922,100.0,High,2026-06-30
RSK003923,CUS003923,40.51,Medium,2026-06-30
RSK003924,CUS003924,100.0,High,2026-06-30
RSK003925,CUS003925,34.01,Medium,2026-06-30
RSK003926,CUS003926,75.96,High,2026-06-30
RSK003927,CUS003927,35.16,Medium,2026-06-30
RSK003928,CUS003928,86.24,High,2026-06-30
RSK003929,CUS003929,54.87,Medium,2026-06-30
RSK003930,CUS003930,100.0,High,2026-06-30
RSK003931,CUS003931,27.86,Low,2026-06-30
RSK003932,CUS003932,95.74,High,2026-06-30
RSK003933,CUS003933,40.78,Medium,2026-06-30
RSK003934,CUS003934,47.99,Medium,2026-06-30
RSK003935,CUS003935,23.73,Low,2026-06-30
RSK003936,CUS003936,82.83,High,2026-06-30
RSK003937,CUS003937,23.18,Low,2026-06-30
RSK003938,CUS003938,91.21,High,2026-06-30
RSK003939,CUS003939,100.0,High,2026-06-30
RSK003940,CUS003940,100.0,High,2026-06-30
RSK003941,CUS003941,83.08,High,2026-06-30
RSK003942,CUS003942,45.58,Medium,2026-06-30
RSK003943,CUS003943,100.0,High,2026-06-30
RSK003944,CUS003944,27.36,Low,2026-06-30
RSK003945,CUS003945,7.6,Low,2026-06-30
RSK003946,CUS003946,91.85,High,2026-06-30
RSK003947,CUS003947,20.17,Low,2026-06-30
RSK003948,CUS003948,22.61,Low,2026-06-30
RSK003949,CUS003949,80.77,High,2026-06-30
RSK003950,CUS003950,57.52,Medium,2026-06-30
RSK003951,CUS003951,21.85,Low,2026-06-30
RSK003952,CUS003952,90.29,High,2026-06-30
RSK003953,CUS003953,29.34,Low,2026-06-30
RSK003954,CUS003954,60.98,High,2026-06-30
RSK003955,CUS003955,98.15,High,2026-06-30
RSK003956,CUS003956,34.41,Medium,2026-06-30
RSK003957,CUS003957,41.44,Medium,2026-06-30
RSK003958,CUS003958,52.32,Medium,2026-06-30
RSK003959,CUS003959,15.71,Low,2026-06-30
RSK003960,CUS003960,29.44,Low,2026-06-30
RSK003961,CUS003961,85.02,High,2026-06-30
RSK003962,CUS003962,100.0,High,2026-06-30
RSK003963,CUS003963,64.32,High,2026-06-30
RSK003964,CUS003964,24.03,Low,2026-06-30
RSK003965,CUS003965,20.6,Low,2026-06-30
RSK003966,CUS003966,39.5,Medium,2026-06-30
RSK003967,CUS003967,43.65,Medium,2026-06-30
RSK003968,CUS003968,40.13,Medium,2026-06-30
RSK003969,CUS003969,73.94,High,2026-06-30
RSK003970,CUS003970,18.5,Low,2026-06-30
RSK003971,CUS003971,100.0,High,2026-06-30
RSK003972,CUS003972,34.37,Medium,2026-06-30
RSK003973,CUS003973,20.95,Low,2026-06-30
RSK003974,CUS003974,53.7,Medium,2026-06-30
RSK003975,CUS003975,89.96,High,2026-06-30
RSK003976,CUS003976,39.23,Medium,2026-06-30
RSK003977,CUS003977,54.05,Medium,2026-06-30
RSK003978,CUS003978,48.35,Medium,2026-06-30
RSK003979,CUS003979,61.54,High,2026-06-30
RSK003980,CUS003980,26.94,Low,2026-06-30
RSK003981,CUS003981,70.31,High,2026-06-30
RSK003982,CUS003982,59.74,Medium,2026-06-30
RSK003983,CUS003983,83.1,High,2026-06-30
RSK003984,CUS003984,100.0,High,2026-06-30
RSK003985,CUS003985,27.61,Low,2026-06-30
RSK003986,CUS003986,51.58,Medium,2026-06-30
RSK003987,CUS003987,36.1,Medium,2026-06-30
RSK003988,CUS003988,80.94,High,2026-06-30
RSK003989,CUS003989,41.23,Medium,2026-06-30
RSK003990,CUS003990,11.8,Low,2026-06-30
RSK003991,CUS003991,59.79,Medium,2026-06-30
RSK003992,CUS003992,100.0,High,2026-06-30
RSK003993,CUS003993,63.17,High,2026-06-30
RSK003994,CUS003994,100.0,High,2026-06-30
RSK003995,CUS003995,74.64,High,2026-06-30
RSK003996,CUS003996,91.63,High,2026-06-30
RSK003997,CUS003997,10.96,Low,2026-06-30
RSK003998,CUS003998,35.61,Medium,2026-06-30
RSK003999,CUS003999,62.1,High,2026-06-30
RSK004000,CUS004000,100.0,High,2026-06-30
RSK004001,CUS004001,20.04,Low,2026-06-30
RSK004002,CUS004002,30.52,Medium,2026-06-30
RSK004003,CUS004003,100.0,High,2026-06-30
RSK004004,CUS004004,100.0,High,2026-06-30
RSK004005,CUS004005,75.05,High,2026-06-30
RSK004006,CUS004006,47.35,Medium,2026-06-30
RSK004007,CUS004007,46.48,Medium,2026-06-30
RSK004008,CUS004008,100.0,High,2026-06-30
RSK004009,CUS004009,67.85,High,2026-06-30
RSK004010,CUS004010,67.02,High,2026-06-30
RSK004011,CUS004011,91.79,High,2026-06-30
RSK004012,CUS004012,29.25,Low,2026-06-30
RSK004013,CUS004013,82.26,High,2026-06-30
RSK004014,CUS004014,12.0,Low,2026-06-30
RSK004015,CUS004015,31.56,Medium,2026-06-30
RSK004016,CUS004016,90.05,High,2026-06-30
RSK004017,CUS004017,75.75,High,2026-06-30
RSK004018,CUS004018,32.38,Medium,2026-06-30
RSK004019,CUS004019,42.92,Medium,2026-06-30
RSK004020,CUS004020,23.06,Low,2026-06-30
RSK004021,CUS004021,93.15,High,2026-06-30
RSK004022,CUS004022,65.99,High,2026-06-30
RSK004023,CUS004023,28.52,Low,2026-06-30
RSK004024,CUS004024,64.52,High,2026-06-30
RSK004025,CUS004025,22.17,Low,2026-06-30
RSK004026,CUS004026,22.1,Low,2026-06-30
RSK004027,CUS004027,15.67,Low,2026-06-30
RSK004028,CUS004028,33.17,Medium,2026-06-30
RSK004029,CUS004029,26.92,Low,2026-06-30
RSK004030,CUS004030,100.0,High,2026-06-30
RSK004031,CUS004031,30.1,Medium,2026-06-30
RSK004032,CUS004032,100.0,High,2026-06-30
RSK004033,CUS004033,67.79,High,2026-06-30
RSK004034,CUS004034,22.83,Low,2026-06-30
RSK004035,CUS004035,41.35,Medium,2026-06-30
RSK004036,CUS004036,55.17,Medium,2026-06-30
RSK004037,CUS004037,29.75,Low,2026-06-30
RSK004038,CUS004038,100.0,High,2026-06-30
RSK004039,CUS004039,48.46,Medium,2026-06-30
RSK004040,CUS004040,67.04,High,2026-06-30
RSK004041,CUS004041,78.48,High,2026-06-30
RSK004042,CUS004042,59.63,Medium,2026-06-30
RSK004043,CUS004043,66.97,High,2026-06-30
RSK004044,CUS004044,56.29,Medium,2026-06-30
RSK004045,CUS004045,74.22,High,2026-06-30
RSK004046,CUS004046,59.45,Medium,2026-06-30
RSK004047,CUS004047,83.54,High,2026-06-30
RSK004048,CUS004048,39.19,Medium,2026-06-30
RSK004049,CUS004049,70.69,High,2026-06-30
RSK004050,CUS004050,20.62,Low,2026-06-30
RSK004051,CUS004051,53.1,Medium,2026-06-30
RSK004052,CUS004052,13.94,Low,2026-06-30
RSK004053,CUS004053,100.0,High,2026-06-30
RSK004054,CUS004054,43.98,Medium,2026-06-30
RSK004055,CUS004055,69.98,High,2026-06-30
RSK004056,CUS004056,94.76,High,2026-06-30
RSK004057,CUS004057,31.66,Medium,2026-06-30
RSK004058,CUS004058,36.52,Medium,2026-06-30
RSK004059,CUS004059,92.41,High,2026-06-30
RSK004060,CUS004060,40.98,Medium,2026-06-30
RSK004061,CUS004061,97.9,High,2026-06-30
RSK004062,CUS004062,56.57,Medium,2026-06-30
RSK004063,CUS004063,65.64,High,2026-06-30
RSK004064,CUS004064,33.85,Medium,2026-06-30
RSK004065,CUS004065,26.46,Low,2026-06-30
RSK004066,CUS004066,24.99,Low,2026-06-30
RSK004067,CUS004067,57.51,Medium,2026-06-30
RSK004068,CUS004068,23.46,Low,2026-06-30
RSK004069,CUS004069,92.96,High,2026-06-30
RSK004070,CUS004070,78.86,High,2026-06-30
RSK004071,CUS004071,100.0,High,2026-06-30
RSK004072,CUS004072,100.0,High,2026-06-30
RSK004073,CUS004073,25.61,Low,2026-06-30
RSK004074,CUS004074,49.74,Medium,2026-06-30
RSK004075,CUS004075,33.33,Medium,2026-06-30
RSK004076,CUS004076,95.51,High,2026-06-30
RSK004077,CUS004077,100.0,High,2026-06-30
RSK004078,CUS004078,27.68,Low,2026-06-30
RSK004079,CUS004079,35.19,Medium,2026-06-30
RSK004080,CUS004080,28.38,Low,2026-06-30
RSK004081,CUS004081,51.96,Medium,2026-06-30
RSK004082,CUS004082,31.44,Medium,2026-06-30
RSK004083,CUS004083,100.0,High,2026-06-30
RSK004084,CUS004084,18.26,Low,2026-06-30
RSK004085,CUS004085,51.41,Medium,2026-06-30
RSK004086,CUS004086,9.55,Low,2026-06-30
RSK004087,CUS004087,100.0,High,2026-06-30
RSK004088,CUS004088,12.29,Low,2026-06-30
RSK004089,CUS004089,84.4,High,2026-06-30
RSK004090,CUS004090,19.65,Low,2026-06-30
RSK004091,CUS004091,27.55,Low,2026-06-30
RSK004092,CUS004092,58.15,Medium,2026-06-30
RSK004093,CUS004093,20.0,Low,2026-06-30
RSK004094,CUS004094,71.92,High,2026-06-30
RSK004095,CUS004095,57.21,Medium,2026-06-30
RSK004096,CUS004096,100.0,High,2026-06-30
RSK004097,CUS004097,57.29,Medium,2026-06-30
RSK004098,CUS004098,39.41,Medium,2026-06-30
RSK004099,CUS004099,26.01,Low,2026-06-30
RSK004100,CUS004100,66.73,High,2026-06-30
RSK004101,CUS004101,64.63,High,2026-06-30
RSK004102,CUS004102,47.91,Medium,2026-06-30
RSK004103,CUS004103,100.0,High,2026-06-30
RSK004104,CUS004104,25.16,Low,2026-06-30
RSK004105,CUS004105,56.85,Medium,2026-06-30
RSK004106,CUS004106,40.12,Medium,2026-06-30
RSK004107,CUS004107,74.6,High,2026-06-30
RSK004108,CUS004108,48.83,Medium,2026-06-30
RSK004109,CUS004109,84.59,High,2026-06-30
RSK004110,CUS004110,15.35,Low,2026-06-30
RSK004111,CUS004111,100.0,High,2026-06-30
RSK004112,CUS004112,67.1,High,2026-06-30
RSK004113,CUS004113,17.56,Low,2026-06-30
RSK004114,CUS004114,30.06,Medium,2026-06-30
RSK004115,CUS004115,30.3,Medium,2026-06-30
RSK004116,CUS004116,30.88,Medium,2026-06-30
RSK004117,CUS004117,38.99,Medium,2026-06-30
RSK004118,CUS004118,42.29,Medium,2026-06-30
RSK004119,CUS004119,32.93,Medium,2026-06-30
RSK004120,CUS004120,23.9,Low,2026-06-30
RSK004121,CUS004121,98.89,High,2026-06-30
RSK004122,CUS004122,72.62,High,2026-06-30
RSK004123,CUS004123,36.14,Medium,2026-06-30
RSK004124,CUS004124,56.09,Medium,2026-06-30
RSK004125,CUS004125,100.0,High,2026-06-30
RSK004126,CUS004126,30.86,Medium,2026-06-30
RSK004127,CUS004127,10.22,Low,2026-06-30
RSK004128,CUS004128,100.0,High,2026-06-30
RSK004129,CUS004129,22.93,Low,2026-06-30
RSK004130,CUS004130,41.55,Medium,2026-06-30
RSK004131,CUS004131,34.3,Medium,2026-06-30
RSK004132,CUS004132,95.0,High,2026-06-30
RSK004133,CUS004133,57.36,Medium,2026-06-30
RSK004134,CUS004134,35.1,Medium,2026-06-30
RSK004135,CUS004135,100.0,High,2026-06-30
RSK004136,CUS004136,38.22,Medium,2026-06-30
RSK004137,CUS004137,29.17,Low,2026-06-30
RSK004138,CUS004138,29.98,Low,2026-06-30
RSK004139,CUS004139,33.48,Medium,2026-06-30
RSK004140,CUS004140,27.36,Low,2026-06-30
RSK004141,CUS004141,47.54,Medium,2026-06-30
RSK004142,CUS004142,68.02,High,2026-06-30
RSK004143,CUS004143,47.99,Medium,2026-06-30
RSK004144,CUS004144,27.54,Low,2026-06-30
RSK004145,CUS004145,81.92,High,2026-06-30
RSK004146,CUS004146,40.09,Medium,2026-06-30
RSK004147,CUS004147,36.61,Medium,2026-06-30
RSK004148,CUS004148,100.0,High,2026-06-30
RSK004149,CUS004149,91.79,High,2026-06-30
RSK004150,CUS004150,41.32,Medium,2026-06-30
RSK004151,CUS004151,39.62,Medium,2026-06-30
RSK004152,CUS004152,30.91,Medium,2026-06-30
RSK004153,CUS004153,24.07,Low,2026-06-30
RSK004154,CUS004154,18.24,Low,2026-06-30
RSK004155,CUS004155,23.9,Low,2026-06-30
RSK004156,CUS004156,100.0,High,2026-06-30
RSK004157,CUS004157,35.78,Medium,2026-06-30
RSK004158,CUS004158,14.53,Low,2026-06-30
RSK004159,CUS004159,33.39,Medium,2026-06-30
RSK004160,CUS004160,33.93,Medium,2026-06-30
RSK004161,CUS004161,43.01,Medium,2026-06-30
RSK004162,CUS004162,97.43,High,2026-06-30
RSK004163,CUS004163,46.47,Medium,2026-06-30
RSK004164,CUS004164,16.72,Low,2026-06-30
RSK004165,CUS004165,60.33,High,2026-06-30
RSK004166,CUS004166,99.28,High,2026-06-30
RSK004167,CUS004167,96.72,High,2026-06-30
RSK004168,CUS004168,36.08,Medium,2026-06-30
RSK004169,CUS004169,88.2,High,2026-06-30
RSK004170,CUS004170,34.92,Medium,2026-06-30
RSK004171,CUS004171,80.83,High,2026-06-30
RSK004172,CUS004172,92.02,High,2026-06-30
RSK004173,CUS004173,100.0,High,2026-06-30
RSK004174,CUS004174,15.47,Low,2026-06-30
RSK004175,CUS004175,66.36,High,2026-06-30
RSK004176,CUS004176,34.15,Medium,2026-06-30
RSK004177,CUS004177,100.0,High,2026-06-30
RSK004178,CUS004178,100.0,High,2026-06-30
RSK004179,CUS004179,28.52,Low,2026-06-30
RSK004180,CUS004180,85.77,High,2026-06-30
RSK004181,CUS004181,16.91,Low,2026-06-30
RSK004182,CUS004182,53.71,Medium,2026-06-30
RSK004183,CUS004183,63.27,High,2026-06-30
RSK004184,CUS004184,8.81,Low,2026-06-30
RSK004185,CUS004185,38.31,Medium,2026-06-30
RSK004186,CUS004186,39.58,Medium,2026-06-30
RSK004187,CUS004187,19.29,Low,2026-06-30
RSK004188,CUS004188,34.09,Medium,2026-06-30
RSK004189,CUS004189,8.24,Low,2026-06-30
RSK004190,CUS004190,100.0,High,2026-06-30
RSK004191,CUS004191,88.23,High,2026-06-30
RSK004192,CUS004192,69.01,High,2026-06-30
RSK004193,CUS004193,13.69,Low,2026-06-30
RSK004194,CUS004194,48.14,Medium,2026-06-30
RSK004195,CUS004195,39.19,Medium,2026-06-30
RSK004196,CUS004196,27.99,Low,2026-06-30
RSK004197,CUS004197,100.0,High,2026-06-30
RSK004198,CUS004198,93.4,High,2026-06-30
RSK004199,CUS004199,36.72,Medium,2026-06-30
RSK004200,CUS004200,15.47,Low,2026-06-30
RSK004201,CUS004201,85.15,High,2026-06-30
RSK004202,CUS004202,32.49,Medium,2026-06-30
RSK004203,CUS004203,17.6,Low,2026-06-30
RSK004204,CUS004204,44.21,Medium,2026-06-30
RSK004205,CUS004205,72.36,High,2026-06-30
RSK004206,CUS004206,13.93,Low,2026-06-30
RSK004207,CUS004207,30.89,Medium,2026-06-30
RSK004208,CUS004208,39.08,Medium,2026-06-30
RSK004209,CUS004209,80.77,High,2026-06-30
RSK004210,CUS004210,100.0,High,2026-06-30
RSK004211,CUS004211,100.0,High,2026-06-30
RSK004212,CUS004212,45.52,Medium,2026-06-30
RSK004213,CUS004213,35.63,Medium,2026-06-30
RSK004214,CUS004214,28.84,Low,2026-06-30
RSK004215,CUS004215,78.58,High,2026-06-30
RSK004216,CUS004216,83.46,High,2026-06-30
RSK004217,CUS004217,38.01,Medium,2026-06-30
RSK004218,CUS004218,33.44,Medium,2026-06-30
RSK004219,CUS004219,100.0,High,2026-06-30
RSK004220,CUS004220,73.93,High,2026-06-30
RSK004221,CUS004221,45.02,Medium,2026-06-30
RSK004222,CUS004222,29.32,Low,2026-06-30
RSK004223,CUS004223,39.52,Medium,2026-06-30
RSK004224,CUS004224,100.0,High,2026-06-30
RSK004225,CUS004225,100.0,High,2026-06-30
RSK004226,CUS004226,100.0,High,2026-06-30
RSK004227,CUS004227,80.17,High,2026-06-30
RSK004228,CUS004228,100.0,High,2026-06-30
RSK004229,CUS004229,44.81,Medium,2026-06-30
RSK004230,CUS004230,19.74,Low,2026-06-30
RSK004231,CUS004231,39.91,Medium,2026-06-30
RSK004232,CUS004232,19.82,Low,2026-06-30
RSK004233,CUS004233,30.83,Medium,2026-06-30
RSK004234,CUS004234,42.68,Medium,2026-06-30
RSK004235,CUS004235,100.0,High,2026-06-30
RSK004236,CUS004236,29.13,Low,2026-06-30
RSK004237,CUS004237,66.29,High,2026-06-30
RSK004238,CUS004238,11.79,Low,2026-06-30
RSK004239,CUS004239,95.47,High,2026-06-30
RSK004240,CUS004240,50.05,Medium,2026-06-30
RSK004241,CUS004241,35.07,Medium,2026-06-30
RSK004242,CUS004242,36.17,Medium,2026-06-30
RSK004243,CUS004243,21.7,Low,2026-06-30
RSK004244,CUS004244,41.18,Medium,2026-06-30
RSK004245,CUS004245,49.81,Medium,2026-06-30
RSK004246,CUS004246,68.34,High,2026-06-30
RSK004247,CUS004247,38.42,Medium,2026-06-30
RSK004248,CUS004248,87.5,High,2026-06-30
RSK004249,CUS004249,9.55,Low,2026-06-30
RSK004250,CUS004250,85.1,High,2026-06-30
RSK004251,CUS004251,22.11,Low,2026-06-30
RSK004252,CUS004252,21.53,Low,2026-06-30
RSK004253,CUS004253,65.63,High,2026-06-30
RSK004254,CUS004254,100.0,High,2026-06-30
RSK004255,CUS004255,18.26,Low,2026-06-30
RSK004256,CUS004256,100.0,High,2026-06-30
RSK004257,CUS004257,36.06,Medium,2026-06-30
RSK004258,CUS004258,55.07,Medium,2026-06-30
RSK004259,CUS004259,44.85,Medium,2026-06-30
RSK004260,CUS004260,12.6,Low,2026-06-30
RSK004261,CUS004261,23.88,Low,2026-06-30
RSK004262,CUS004262,37.6,Medium,2026-06-30
RSK004263,CUS004263,93.12,High,2026-06-30
RSK004264,CUS004264,46.84,Medium,2026-06-30
RSK004265,CUS004265,36.45,Medium,2026-06-30
RSK004266,CUS004266,15.04,Low,2026-06-30
RSK004267,CUS004267,54.68,Medium,2026-06-30
RSK004268,CUS004268,49.28,Medium,2026-06-30
RSK004269,CUS004269,40.94,Medium,2026-06-30
RSK004270,CUS004270,80.27,High,2026-06-30
RSK004271,CUS004271,38.1,Medium,2026-06-30
RSK004272,CUS004272,19.35,Low,2026-06-30
RSK004273,CUS004273,50.99,Medium,2026-06-30
RSK004274,CUS004274,35.96,Medium,2026-06-30
RSK004275,CUS004275,39.36,Medium,2026-06-30
RSK004276,CUS004276,48.09,Medium,2026-06-30
RSK004277,CUS004277,33.03,Medium,2026-06-30
RSK004278,CUS004278,39.09,Medium,2026-06-30
RSK004279,CUS004279,60.99,High,2026-06-30
RSK004280,CUS004280,96.27,High,2026-06-30
RSK004281,CUS004281,30.11,Medium,2026-06-30
RSK004282,CUS004282,45.64,Medium,2026-06-30
RSK004283,CUS004283,32.33,Medium,2026-06-30
RSK004284,CUS004284,24.05,Low,2026-06-30
RSK004285,CUS004285,34.81,Medium,2026-06-30
RSK004286,CUS004286,85.46,High,2026-06-30
RSK004287,CUS004287,9.69,Low,2026-06-30
RSK004288,CUS004288,26.3,Low,2026-06-30
RSK004289,CUS004289,90.69,High,2026-06-30
RSK004290,CUS004290,24.48,Low,2026-06-30
RSK004291,CUS004291,12.39,Low,2026-06-30
RSK004292,CUS004292,90.85,High,2026-06-30
RSK004293,CUS004293,55.07,Medium,2026-06-30
RSK004294,CUS004294,41.69,Medium,2026-06-30
RSK004295,CUS004295,78.52,High,2026-06-30
RSK004296,CUS004296,71.48,High,2026-06-30
RSK004297,CUS004297,92.31,High,2026-06-30
RSK004298,CUS004298,86.27,High,2026-06-30
RSK004299,CUS004299,52.73,Medium,2026-06-30
RSK004300,CUS004300,100.0,High,2026-06-30
RSK004301,CUS004301,46.73,Medium,2026-06-30
RSK004302,CUS004302,100.0,High,2026-06-30
RSK004303,CUS004303,100.0,High,2026-06-30
RSK004304,CUS004304,46.92,Medium,2026-06-30
RSK004305,CUS004305,30.44,Medium,2026-06-30
RSK004306,CUS004306,76.31,High,2026-06-30
RSK004307,CUS004307,20.23,Low,2026-06-30
RSK004308,CUS004308,26.76,Low,2026-06-30
RSK004309,CUS004309,47.42,Medium,2026-06-30
RSK004310,CUS004310,59.38,Medium,2026-06-30
RSK004311,CUS004311,32.85,Medium,2026-06-30
RSK004312,CUS004312,100.0,High,2026-06-30
RSK004313,CUS004313,6.73,Low,2026-06-30
RSK004314,CUS004314,24.55,Low,2026-06-30
RSK004315,CUS004315,67.03,High,2026-06-30
RSK004316,CUS004316,25.93,Low,2026-06-30
RSK004317,CUS004317,79.65,High,2026-06-30
RSK004318,CUS004318,61.19,High,2026-06-30
RSK004319,CUS004319,37.91,Medium,2026-06-30
RSK004320,CUS004320,71.37,High,2026-06-30
RSK004321,CUS004321,62.27,High,2026-06-30
RSK004322,CUS004322,35.58,Medium,2026-06-30
RSK004323,CUS004323,48.34,Medium,2026-06-30
RSK004324,CUS004324,89.21,High,2026-06-30
RSK004325,CUS004325,28.97,Low,2026-06-30
RSK004326,CUS004326,40.69,Medium,2026-06-30
RSK004327,CUS004327,58.63,Medium,2026-06-30
RSK004328,CUS004328,61.17,High,2026-06-30
RSK004329,CUS004329,67.26,High,2026-06-30
RSK004330,CUS004330,26.9,Low,2026-06-30
RSK004331,CUS004331,70.79,High,2026-06-30
RSK004332,CUS004332,100.0,High,2026-06-30
RSK004333,CUS004333,100.0,High,2026-06-30
RSK004334,CUS004334,30.06,Medium,2026-06-30
RSK004335,CUS004335,30.25,Medium,2026-06-30
RSK004336,CUS004336,100.0,High,2026-06-30
RSK004337,CUS004337,76.52,High,2026-06-30
RSK004338,CUS004338,97.91,High,2026-06-30
RSK004339,CUS004339,32.59,Medium,2026-06-30
RSK004340,CUS004340,24.05,Low,2026-06-30
RSK004341,CUS004341,38.68,Medium,2026-06-30
RSK004342,CUS004342,100.0,High,2026-06-30
RSK004343,CUS004343,22.19,Low,2026-06-30
RSK004344,CUS004344,95.68,High,2026-06-30
RSK004345,CUS004345,80.19,High,2026-06-30
RSK004346,CUS004346,93.66,High,2026-06-30
RSK004347,CUS004347,31.19,Medium,2026-06-30
RSK004348,CUS004348,87.07,High,2026-06-30
RSK004349,CUS004349,93.4,High,2026-06-30
RSK004350,CUS004350,46.94,Medium,2026-06-30
RSK004351,CUS004351,22.79,Low,2026-06-30
RSK004352,CUS004352,100.0,High,2026-06-30
RSK004353,CUS004353,38.25,Medium,2026-06-30
RSK004354,CUS004354,43.84,Medium,2026-06-30
RSK004355,CUS004355,100.0,High,2026-06-30
RSK004356,CUS004356,83.34,High,2026-06-30
RSK004357,CUS004357,64.07,High,2026-06-30
RSK004358,CUS004358,31.9,Medium,2026-06-30
RSK004359,CUS004359,100.0,High,2026-06-30
RSK004360,CUS004360,12.78,Low,2026-06-30
RSK004361,CUS004361,100.0,High,2026-06-30
RSK004362,CUS004362,27.4,Low,2026-06-30
RSK004363,CUS004363,49.54,Medium,2026-06-30
RSK004364,CUS004364,48.62,Medium,2026-06-30
RSK004365,CUS004365,54.94,Medium,2026-06-30
RSK004366,CUS004366,31.52,Medium,2026-06-30
RSK004367,CUS004367,45.1,Medium,2026-06-30
RSK004368,CUS004368,25.34,Low,2026-06-30
RSK004369,CUS004369,100.0,High,2026-06-30
RSK004370,CUS004370,48.14,Medium,2026-06-30
RSK004371,CUS004371,82.24,High,2026-06-30
RSK004372,CUS004372,47.28,Medium,2026-06-30
RSK004373,CUS004373,32.48,Medium,2026-06-30
RSK004374,CUS004374,30.86,Medium,2026-06-30
RSK004375,CUS004375,65.75,High,2026-06-30
RSK004376,CUS004376,23.18,Low,2026-06-30
RSK004377,CUS004377,21.52,Low,2026-06-30
RSK004378,CUS004378,47.76,Medium,2026-06-30
RSK004379,CUS004379,29.11,Low,2026-06-30
RSK004380,CUS004380,91.97,High,2026-06-30
RSK004381,CUS004381,100.0,High,2026-06-30
RSK004382,CUS004382,37.82,Medium,2026-06-30
RSK004383,CUS004383,100.0,High,2026-06-30
RSK004384,CUS004384,73.5,High,2026-06-30
RSK004385,CUS004385,49.32,Medium,2026-06-30
RSK004386,CUS004386,89.52,High,2026-06-30
RSK004387,CUS004387,35.8,Medium,2026-06-30
RSK004388,CUS004388,72.47,High,2026-06-30
RSK004389,CUS004389,42.22,Medium,2026-06-30
RSK004390,CUS004390,59.94,Medium,2026-06-30
RSK004391,CUS004391,20.78,Low,2026-06-30
RSK004392,CUS004392,37.31,Medium,2026-06-30
RSK004393,CUS004393,25.53,Low,2026-06-30
RSK004394,CUS004394,79.61,High,2026-06-30
RSK004395,CUS004395,35.48,Medium,2026-06-30
RSK004396,CUS004396,23.64,Low,2026-06-30
RSK004397,CUS004397,26.19,Low,2026-06-30
RSK004398,CUS004398,27.41,Low,2026-06-30
RSK004399,CUS004399,37.51,Medium,2026-06-30
RSK004400,CUS004400,100.0,High,2026-06-30
RSK004401,CUS004401,44.13,Medium,2026-06-30
RSK004402,CUS004402,44.23,Medium,2026-06-30
RSK004403,CUS004403,21.48,Low,2026-06-30
RSK004404,CUS004404,100.0,High,2026-06-30
RSK004405,CUS004405,41.5,Medium,2026-06-30
RSK004406,CUS004406,66.33,High,2026-06-30
RSK004407,CUS004407,36.44,Medium,2026-06-30
RSK004408,CUS004408,33.98,Medium,2026-06-30
RSK004409,CUS004409,97.64,High,2026-06-30
RSK004410,CUS004410,24.53,Low,2026-06-30
RSK004411,CUS004411,100.0,High,2026-06-30
RSK004412,CUS004412,3.53,Low,2026-06-30
RSK004413,CUS004413,74.78,High,2026-06-30
RSK004414,CUS004414,17.69,Low,2026-06-30
RSK004415,CUS004415,53.72,Medium,2026-06-30
RSK004416,CUS004416,57.38,Medium,2026-06-30
RSK004417,CUS004417,100.0,High,2026-06-30
RSK004418,CUS004418,79.0,High,2026-06-30
RSK004419,CUS004419,19.78,Low,2026-06-30
RSK004420,CUS004420,100.0,High,2026-06-30
RSK004421,CUS004421,51.37,Medium,2026-06-30
RSK004422,CUS004422,25.68,Low,2026-06-30
RSK004423,CUS004423,16.65,Low,2026-06-30
RSK004424,CUS004424,50.63,Medium,2026-06-30
RSK004425,CUS004425,49.07,Medium,2026-06-30
RSK004426,CUS004426,92.01,High,2026-06-30
RSK004427,CUS004427,74.59,High,2026-06-30
RSK004428,CUS004428,31.08,Medium,2026-06-30
RSK004429,CUS004429,10.51,Low,2026-06-30
RSK004430,CUS004430,78.8,High,2026-06-30
RSK004431,CUS004431,18.54,Low,2026-06-30
RSK004432,CUS004432,43.08,Medium,2026-06-30
RSK004433,CUS004433,37.17,Medium,2026-06-30
RSK004434,CUS004434,15.92,Low,2026-06-30
RSK004435,CUS004435,33.48,Medium,2026-06-30
RSK004436,CUS004436,100.0,High,2026-06-30
RSK004437,CUS004437,70.55,High,2026-06-30
RSK004438,CUS004438,36.68,Medium,2026-06-30
RSK004439,CUS004439,84.98,High,2026-06-30
RSK004440,CUS004440,80.13,High,2026-06-30
RSK004441,CUS004441,33.06,Medium,2026-06-30
RSK004442,CUS004442,100.0,High,2026-06-30
RSK004443,CUS004443,53.95,Medium,2026-06-30
RSK004444,CUS004444,100.0,High,2026-06-30
RSK004445,CUS004445,32.49,Medium,2026-06-30
RSK004446,CUS004446,19.97,Low,2026-06-30
RSK004447,CUS004447,27.5,Low,2026-06-30
RSK004448,CUS004448,41.72,Medium,2026-06-30
RSK004449,CUS004449,100.0,High,2026-06-30
RSK004450,CUS004450,19.22,Low,2026-06-30
RSK004451,CUS004451,28.35,Low,2026-06-30
RSK004452,CUS004452,42.23,Medium,2026-06-30
RSK004453,CUS004453,19.19,Low,2026-06-30
RSK004454,CUS004454,43.16,Medium,2026-06-30
RSK004455,CUS004455,65.99,High,2026-06-30
RSK004456,CUS004456,100.0,High,2026-06-30
RSK004457,CUS004457,17.56,Low,2026-06-30
RSK004458,CUS004458,9.5,Low,2026-06-30
RSK004459,CUS004459,31.29,Medium,2026-06-30
RSK004460,CUS004460,50.23,Medium,2026-06-30
RSK004461,CUS004461,100.0,High,2026-06-30
RSK004462,CUS004462,100.0,High,2026-06-30
RSK004463,CUS004463,42.32,Medium,2026-06-30
RSK004464,CUS004464,100.0,High,2026-06-30
RSK004465,CUS004465,23.48,Low,2026-06-30
RSK004466,CUS004466,84.21,High,2026-06-30
RSK004467,CUS004467,91.58,High,2026-06-30
RSK004468,CUS004468,30.72,Medium,2026-06-30
RSK004469,CUS004469,100.0,High,2026-06-30
RSK004470,CUS004470,86.3,High,2026-06-30
RSK004471,CUS004471,19.08,Low,2026-06-30
RSK004472,CUS004472,34.68,Medium,2026-06-30
RSK004473,CUS004473,30.24,Medium,2026-06-30
RSK004474,CUS004474,86.59,High,2026-06-30
RSK004475,CUS004475,45.11,Medium,2026-06-30
RSK004476,CUS004476,25.59,Low,2026-06-30
RSK004477,CUS004477,100.0,High,2026-06-30
RSK004478,CUS004478,100.0,High,2026-06-30
RSK004479,CUS004479,84.13,High,2026-06-30
RSK004480,CUS004480,100.0,High,2026-06-30
RSK004481,CUS004481,100.0,High,2026-06-30
RSK004482,CUS004482,100.0,High,2026-06-30
RSK004483,CUS004483,19.96,Low,2026-06-30
RSK004484,CUS004484,100.0,High,2026-06-30
RSK004485,CUS004485,94.06,High,2026-06-30
RSK004486,CUS004486,35.46,Medium,2026-06-30
RSK004487,CUS004487,25.84,Low,2026-06-30
RSK004488,CUS004488,39.71,Medium,2026-06-30
RSK004489,CUS004489,79.2,High,2026-06-30
RSK004490,CUS004490,37.87,Medium,2026-06-30
RSK004491,CUS004491,15.73,Low,2026-06-30
RSK004492,CUS004492,36.07,Medium,2026-06-30
RSK004493,CUS004493,45.21,Medium,2026-06-30
RSK004494,CUS004494,100.0,High,2026-06-30
RSK004495,CUS004495,27.22,Low,2026-06-30
RSK004496,CUS004496,37.3,Medium,2026-06-30
RSK004497,CUS004497,21.86,Low,2026-06-30
RSK004498,CUS004498,38.9,Medium,2026-06-30
RSK004499,CUS004499,32.51,Medium,2026-06-30
RSK004500,CUS004500,14.44,Low,2026-06-30
RSK004501,CUS004501,12.43,Low,2026-06-30
RSK004502,CUS004502,73.24,High,2026-06-30
RSK004503,CUS004503,43.0,Medium,2026-06-30
RSK004504,CUS004504,100.0,High,2026-06-30
RSK004505,CUS004505,100.0,High,2026-06-30
RSK004506,CUS004506,19.8,Low,2026-06-30
RSK004507,CUS004507,55.86,Medium,2026-06-30
RSK004508,CUS004508,32.83,Medium,2026-06-30
RSK004509,CUS004509,32.72,Medium,2026-06-30
RSK004510,CUS004510,23.44,Low,2026-06-30
RSK004511,CUS004511,49.03,Medium,2026-06-30
RSK004512,CUS004512,100.0,High,2026-06-30
RSK004513,CUS004513,45.18,Medium,2026-06-30
RSK004514,CUS004514,100.0,High,2026-06-30
RSK004515,CUS004515,100.0,High,2026-06-30
RSK004516,CUS004516,17.37,Low,2026-06-30
RSK004517,CUS004517,36.5,Medium,2026-06-30
RSK004518,CUS004518,23.91,Low,2026-06-30
RSK004519,CUS004519,30.5,Medium,2026-06-30
RSK004520,CUS004520,98.33,High,2026-06-30
RSK004521,CUS004521,18.82,Low,2026-06-30
RSK004522,CUS004522,36.0,Medium,2026-06-30
RSK004523,CUS004523,24.09,Low,2026-06-30
RSK004524,CUS004524,55.75,Medium,2026-06-30
RSK004525,CUS004525,17.1,Low,2026-06-30
RSK004526,CUS004526,21.76,Low,2026-06-30
RSK004527,CUS004527,48.56,Medium,2026-06-30
RSK004528,CUS004528,100.0,High,2026-06-30
RSK004529,CUS004529,68.78,High,2026-06-30
RSK004530,CUS004530,100.0,High,2026-06-30
RSK004531,CUS004531,16.59,Low,2026-06-30
RSK004532,CUS004532,82.16,High,2026-06-30
RSK004533,CUS004533,47.28,Medium,2026-06-30
RSK004534,CUS004534,51.21,Medium,2026-06-30
RSK004535,CUS004535,48.52,Medium,2026-06-30
RSK004536,CUS004536,39.19,Medium,2026-06-30
RSK004537,CUS004537,100.0,High,2026-06-30
RSK004538,CUS004538,20.65,Low,2026-06-30
RSK004539,CUS004539,100.0,High,2026-06-30
RSK004540,CUS004540,64.45,High,2026-06-30
RSK004541,CUS004541,100.0,High,2026-06-30
RSK004542,CUS004542,31.89,Medium,2026-06-30
RSK004543,CUS004543,57.5,Medium,2026-06-30
RSK004544,CUS004544,31.07,Medium,2026-06-30
RSK004545,CUS004545,28.89,Low,2026-06-30
RSK004546,CUS004546,44.48,Medium,2026-06-30
RSK004547,CUS004547,44.76,Medium,2026-06-30
RSK004548,CUS004548,43.4,Medium,2026-06-30
RSK004549,CUS004549,44.5,Medium,2026-06-30
RSK004550,CUS004550,21.68,Low,2026-06-30
RSK004551,CUS004551,44.59,Medium,2026-06-30
RSK004552,CUS004552,100.0,High,2026-06-30
RSK004553,CUS004553,36.13,Medium,2026-06-30
RSK004554,CUS004554,68.63,High,2026-06-30
RSK004555,CUS004555,38.87,Medium,2026-06-30
RSK004556,CUS004556,44.62,Medium,2026-06-30
RSK004557,CUS004557,30.54,Medium,2026-06-30
RSK004558,CUS004558,41.3,Medium,2026-06-30
RSK004559,CUS004559,40.75,Medium,2026-06-30
RSK004560,CUS004560,39.39,Medium,2026-06-30
RSK004561,CUS004561,12.73,Low,2026-06-30
RSK004562,CUS004562,85.07,High,2026-06-30
RSK004563,CUS004563,80.13,High,2026-06-30
RSK004564,CUS004564,20.06,Low,2026-06-30
RSK004565,CUS004565,100.0,High,2026-06-30
RSK004566,CUS004566,40.6,Medium,2026-06-30
RSK004567,CUS004567,44.17,Medium,2026-06-30
RSK004568,CUS004568,50.94,Medium,2026-06-30
RSK004569,CUS004569,29.05,Low,2026-06-30
RSK004570,CUS004570,43.47,Medium,2026-06-30
RSK004571,CUS004571,50.42,Medium,2026-06-30
RSK004572,CUS004572,100.0,High,2026-06-30
RSK004573,CUS004573,18.77,Low,2026-06-30
RSK004574,CUS004574,31.82,Medium,2026-06-30
RSK004575,CUS004575,78.85,High,2026-06-30
RSK004576,CUS004576,29.88,Low,2026-06-30
RSK004577,CUS004577,88.35,High,2026-06-30
RSK004578,CUS004578,70.06,High,2026-06-30
RSK004579,CUS004579,31.67,Medium,2026-06-30
RSK004580,CUS004580,24.24,Low,2026-06-30
RSK004581,CUS004581,100.0,High,2026-06-30
RSK004582,CUS004582,65.98,High,2026-06-30
RSK004583,CUS004583,67.13,High,2026-06-30
RSK004584,CUS004584,67.16,High,2026-06-30
RSK004585,CUS004585,41.11,Medium,2026-06-30
RSK004586,CUS004586,46.47,Medium,2026-06-30
RSK004587,CUS004587,47.25,Medium,2026-06-30
RSK004588,CUS004588,7.54,Low,2026-06-30
RSK004589,CUS004589,32.51,Medium,2026-06-30
RSK004590,CUS004590,29.33,Low,2026-06-30
RSK004591,CUS004591,26.71,Low,2026-06-30
RSK004592,CUS004592,37.98,Medium,2026-06-30
RSK004593,CUS004593,80.64,High,2026-06-30
RSK004594,CUS004594,57.58,Medium,2026-06-30
RSK004595,CUS004595,97.99,High,2026-06-30
RSK004596,CUS004596,26.14,Low,2026-06-30
RSK004597,CUS004597,36.74,Medium,2026-06-30
RSK004598,CUS004598,18.14,Low,2026-06-30
RSK004599,CUS004599,42.08,Medium,2026-06-30
RSK004600,CUS004600,40.05,Medium,2026-06-30
RSK004601,CUS004601,87.59,High,2026-06-30
RSK004602,CUS004602,100.0,High,2026-06-30
RSK004603,CUS004603,95.17,High,2026-06-30
RSK004604,CUS004604,47.03,Medium,2026-06-30
RSK004605,CUS004605,69.57,High,2026-06-30
RSK004606,CUS004606,50.82,Medium,2026-06-30
RSK004607,CUS004607,7.45,Low,2026-06-30
RSK004608,CUS004608,29.0,Low,2026-06-30
RSK004609,CUS004609,44.87,Medium,2026-06-30
RSK004610,CUS004610,26.32,Low,2026-06-30
RSK004611,CUS004611,40.14,Medium,2026-06-30
RSK004612,CUS004612,88.78,High,2026-06-30
RSK004613,CUS004613,100.0,High,2026-06-30
RSK004614,CUS004614,35.15,Medium,2026-06-30
RSK004615,CUS004615,94.51,High,2026-06-30
RSK004616,CUS004616,36.33,Medium,2026-06-30
RSK004617,CUS004617,48.71,Medium,2026-06-30
RSK004618,CUS004618,40.11,Medium,2026-06-30
RSK004619,CUS004619,13.82,Low,2026-06-30
RSK004620,CUS004620,100.0,High,2026-06-30
RSK004621,CUS004621,100.0,High,2026-06-30
RSK004622,CUS004622,95.91,High,2026-06-30
RSK004623,CUS004623,59.05,Medium,2026-06-30
RSK004624,CUS004624,41.41,Medium,2026-06-30
RSK004625,CUS004625,23.71,Low,2026-06-30
RSK004626,CUS004626,6.33,Low,2026-06-30
RSK004627,CUS004627,19.33,Low,2026-06-30
RSK004628,CUS004628,28.13,Low,2026-06-30
RSK004629,CUS004629,48.84,Medium,2026-06-30
RSK004630,CUS004630,98.95,High,2026-06-30
RSK004631,CUS004631,33.26,Medium,2026-06-30
RSK004632,CUS004632,62.69,High,2026-06-30
RSK004633,CUS004633,52.51,Medium,2026-06-30
RSK004634,CUS004634,50.9,Medium,2026-06-30
RSK004635,CUS004635,56.0,Medium,2026-06-30
RSK004636,CUS004636,15.23,Low,2026-06-30
RSK004637,CUS004637,40.06,Medium,2026-06-30
RSK004638,CUS004638,99.6,High,2026-06-30
RSK004639,CUS004639,100.0,High,2026-06-30
RSK004640,CUS004640,100.0,High,2026-06-30
RSK004641,CUS004641,62.05,High,2026-06-30
RSK004642,CUS004642,40.47,Medium,2026-06-30
RSK004643,CUS004643,68.02,High,2026-06-30
RSK004644,CUS004644,9.69,Low,2026-06-30
RSK004645,CUS004645,100.0,High,2026-06-30
RSK004646,CUS004646,58.73,Medium,2026-06-30
RSK004647,CUS004647,29.81,Low,2026-06-30
RSK004648,CUS004648,77.52,High,2026-06-30
RSK004649,CUS004649,32.95,Medium,2026-06-30
RSK004650,CUS004650,100.0,High,2026-06-30
RSK004651,CUS004651,38.57,Medium,2026-06-30
RSK004652,CUS004652,69.33,High,2026-06-30
RSK004653,CUS004653,34.95,Medium,2026-06-30
RSK004654,CUS004654,3.53,Low,2026-06-30
RSK004655,CUS004655,100.0,High,2026-06-30
RSK004656,CUS004656,62.61,High,2026-06-30
RSK004657,CUS004657,100.0,High,2026-06-30
RSK004658,CUS004658,3.74,Low,2026-06-30
RSK004659,CUS004659,100.0,High,2026-06-30
RSK004660,CUS004660,72.06,High,2026-06-30
RSK004661,CUS004661,93.36,High,2026-06-30
RSK004662,CUS004662,91.39,High,2026-06-30
RSK004663,CUS004663,96.3,High,2026-06-30
RSK004664,CUS004664,6.48,Low,2026-06-30
RSK004665,CUS004665,55.94,Medium,2026-06-30
RSK004666,CUS004666,25.04,Low,2026-06-30
RSK004667,CUS004667,30.12,Medium,2026-06-30
RSK004668,CUS004668,28.77,Low,2026-06-30
RSK004669,CUS004669,90.46,High,2026-06-30
RSK004670,CUS004670,100.0,High,2026-06-30
RSK004671,CUS004671,40.35,Medium,2026-06-30
RSK004672,CUS004672,12.3,Low,2026-06-30
RSK004673,CUS004673,31.65,Medium,2026-06-30
RSK004674,CUS004674,100.0,High,2026-06-30
RSK004675,CUS004675,43.33,Medium,2026-06-30
RSK004676,CUS004676,43.56,Medium,2026-06-30
RSK004677,CUS004677,14.49,Low,2026-06-30
RSK004678,CUS004678,22.99,Low,2026-06-30
RSK004679,CUS004679,100.0,High,2026-06-30
RSK004680,CUS004680,27.06,Low,2026-06-30
RSK004681,CUS004681,20.37,Low,2026-06-30
RSK004682,CUS004682,37.35,Medium,2026-06-30
RSK004683,CUS004683,24.21,Low,2026-06-30
RSK004684,CUS004684,44.16,Medium,2026-06-30
RSK004685,CUS004685,23.48,Low,2026-06-30
RSK004686,CUS004686,49.36,Medium,2026-06-30
RSK004687,CUS004687,45.26,Medium,2026-06-30
RSK004688,CUS004688,14.85,Low,2026-06-30
RSK004689,CUS004689,100.0,High,2026-06-30
RSK004690,CUS004690,21.1,Low,2026-06-30
RSK004691,CUS004691,100.0,High,2026-06-30
RSK004692,CUS004692,31.17,Medium,2026-06-30
RSK004693,CUS004693,55.97,Medium,2026-06-30
RSK004694,CUS004694,30.5,Medium,2026-06-30
RSK004695,CUS004695,12.24,Low,2026-06-30
RSK004696,CUS004696,68.59,High,2026-06-30
RSK004697,CUS004697,44.73,Medium,2026-06-30
RSK004698,CUS004698,14.45,Low,2026-06-30
RSK004699,CUS004699,54.76,Medium,2026-06-30
RSK004700,CUS004700,15.44,Low,2026-06-30
RSK004701,CUS004701,33.98,Medium,2026-06-30
RSK004702,CUS004702,47.37,Medium,2026-06-30
RSK004703,CUS004703,96.39,High,2026-06-30
RSK004704,CUS004704,41.12,Medium,2026-06-30
RSK004705,CUS004705,15.83,Low,2026-06-30
RSK004706,CUS004706,13.78,Low,2026-06-30
RSK004707,CUS004707,21.76,Low,2026-06-30
RSK004708,CUS004708,12.25,Low,2026-06-30
RSK004709,CUS004709,81.91,High,2026-06-30
RSK004710,CUS004710,43.72,Medium,2026-06-30
RSK004711,CUS004711,16.14,Low,2026-06-30
RSK004712,CUS004712,39.11,Medium,2026-06-30
RSK004713,CUS004713,100.0,High,2026-06-30
RSK004714,CUS004714,47.93,Medium,2026-06-30
RSK004715,CUS004715,26.86,Low,2026-06-30
RSK004716,CUS004716,100.0,High,2026-06-30
RSK004717,CUS004717,94.21,High,2026-06-30
RSK004718,CUS004718,81.82,High,2026-06-30
RSK004719,CUS004719,52.65,Medium,2026-06-30
RSK004720,CUS004720,11.3,Low,2026-06-30
RSK004721,CUS004721,100.0,High,2026-06-30
RSK004722,CUS004722,11.84,Low,2026-06-30
RSK004723,CUS004723,81.55,High,2026-06-30
RSK004724,CUS004724,44.78,Medium,2026-06-30
RSK004725,CUS004725,51.99,Medium,2026-06-30
RSK004726,CUS004726,100.0,High,2026-06-30
RSK004727,CUS004727,39.95,Medium,2026-06-30
RSK004728,CUS004728,9.22,Low,2026-06-30
RSK004729,CUS004729,82.3,High,2026-06-30
RSK004730,CUS004730,60.59,High,2026-06-30
RSK004731,CUS004731,81.1,High,2026-06-30
RSK004732,CUS004732,22.78,Low,2026-06-30
RSK004733,CUS004733,75.76,High,2026-06-30
RSK004734,CUS004734,32.44,Medium,2026-06-30
RSK004735,CUS004735,67.62,High,2026-06-30
RSK004736,CUS004736,44.36,Medium,2026-06-30
RSK004737,CUS004737,24.75,Low,2026-06-30
RSK004738,CUS004738,93.96,High,2026-06-30
RSK004739,CUS004739,100.0,High,2026-06-30
RSK004740,CUS004740,100.0,High,2026-06-30
RSK004741,CUS004741,40.46,Medium,2026-06-30
RSK004742,CUS004742,79.36,High,2026-06-30
RSK004743,CUS004743,100.0,High,2026-06-30
RSK004744,CUS004744,31.58,Medium,2026-06-30
RSK004745,CUS004745,47.3,Medium,2026-06-30
RSK004746,CUS004746,22.07,Low,2026-06-30
RSK004747,CUS004747,16.99,Low,2026-06-30
RSK004748,CUS004748,100.0,High,2026-06-30
RSK004749,CUS004749,32.52,Medium,2026-06-30
RSK004750,CUS004750,31.38,Medium,2026-06-30
RSK004751,CUS004751,52.79,Medium,2026-06-30
RSK004752,CUS004752,80.0,High,2026-06-30
RSK004753,CUS004753,83.93,High,2026-06-30
RSK004754,CUS004754,100.0,High,2026-06-30
RSK004755,CUS004755,100.0,High,2026-06-30
RSK004756,CUS004756,43.94,Medium,2026-06-30
RSK004757,CUS004757,45.19,Medium,2026-06-30
RSK004758,CUS004758,4.85,Low,2026-06-30
RSK004759,CUS004759,30.93,Medium,2026-06-30
RSK004760,CUS004760,100.0,High,2026-06-30
RSK004761,CUS004761,63.93,High,2026-06-30
RSK004762,CUS004762,100.0,High,2026-06-30
RSK004763,CUS004763,48.87,Medium,2026-06-30
RSK004764,CUS004764,31.09,Medium,2026-06-30
RSK004765,CUS004765,4.91,Low,2026-06-30
RSK004766,CUS004766,13.35,Low,2026-06-30
RSK004767,CUS004767,59.09,Medium,2026-06-30
RSK004768,CUS004768,100.0,High,2026-06-30
RSK004769,CUS004769,32.96,Medium,2026-06-30
RSK004770,CUS004770,47.56,Medium,2026-06-30
RSK004771,CUS004771,16.79,Low,2026-06-30
RSK004772,CUS004772,71.94,High,2026-06-30
RSK004773,CUS004773,28.97,Low,2026-06-30
RSK004774,CUS004774,100.0,High,2026-06-30
RSK004775,CUS004775,89.43,High,2026-06-30
RSK004776,CUS004776,89.43,High,2026-06-30
RSK004777,CUS004777,82.19,High,2026-06-30
RSK004778,CUS004778,35.51,Medium,2026-06-30
RSK004779,CUS004779,37.84,Medium,2026-06-30
RSK004780,CUS004780,100.0,High,2026-06-30
RSK004781,CUS004781,100.0,High,2026-06-30
RSK004782,CUS004782,46.42,Medium,2026-06-30
RSK004783,CUS004783,100.0,High,2026-06-30
RSK004784,CUS004784,50.66,Medium,2026-06-30
RSK004785,CUS004785,36.17,Medium,2026-06-30
RSK004786,CUS004786,37.92,Medium,2026-06-30
RSK004787,CUS004787,3.45,Low,2026-06-30
RSK004788,CUS004788,20.89,Low,2026-06-30
RSK004789,CUS004789,27.5,Low,2026-06-30
RSK004790,CUS004790,37.58,Medium,2026-06-30
RSK004791,CUS004791,30.74,Medium,2026-06-30
RSK004792,CUS004792,43.58,Medium,2026-06-30
RSK004793,CUS004793,26.19,Low,2026-06-30
RSK004794,CUS004794,99.08,High,2026-06-30
RSK004795,CUS004795,19.64,Low,2026-06-30
RSK004796,CUS004796,28.46,Low,2026-06-30
RSK004797,CUS004797,60.61,High,2026-06-30
RSK004798,CUS004798,35.49,Medium,2026-06-30
RSK004799,CUS004799,27.48,Low,2026-06-30
RSK004800,CUS004800,31.71,Medium,2026-06-30
RSK004801,CUS004801,36.44,Medium,2026-06-30
RSK004802,CUS004802,52.99,Medium,2026-06-30
RSK004803,CUS004803,42.21,Medium,2026-06-30
RSK004804,CUS004804,28.4,Low,2026-06-30
RSK004805,CUS004805,40.13,Medium,2026-06-30
RSK004806,CUS004806,65.75,High,2026-06-30
RSK004807,CUS004807,46.12,Medium,2026-06-30
RSK004808,CUS004808,22.01,Low,2026-06-30
RSK004809,CUS004809,6.86,Low,2026-06-30
RSK004810,CUS004810,10.86,Low,2026-06-30
RSK004811,CUS004811,18.36,Low,2026-06-30
RSK004812,CUS004812,7.05,Low,2026-06-30
RSK004813,CUS004813,28.2,Low,2026-06-30
RSK004814,CUS004814,41.43,Medium,2026-06-30
RSK004815,CUS004815,100.0,High,2026-06-30
RSK004816,CUS004816,31.14,Medium,2026-06-30
RSK004817,CUS004817,50.11,Medium,2026-06-30
RSK004818,CUS004818,33.06,Medium,2026-06-30
RSK004819,CUS004819,100.0,High,2026-06-30
RSK004820,CUS004820,45.1,Medium,2026-06-30
RSK004821,CUS004821,67.18,High,2026-06-30
RSK004822,CUS004822,100.0,High,2026-06-30
RSK004823,CUS004823,68.01,High,2026-06-30
RSK004824,CUS004824,46.74,Medium,2026-06-30
RSK004825,CUS004825,26.34,Low,2026-06-30
RSK004826,CUS004826,100.0,High,2026-06-30
RSK004827,CUS004827,77.89,High,2026-06-30
RSK004828,CUS004828,38.04,Medium,2026-06-30
RSK004829,CUS004829,70.21,High,2026-06-30
RSK004830,CUS004830,80.53,High,2026-06-30
RSK004831,CUS004831,76.86,High,2026-06-30
RSK004832,CUS004832,100.0,High,2026-06-30
RSK004833,CUS004833,40.88,Medium,2026-06-30
RSK004834,CUS004834,21.27,Low,2026-06-30
RSK004835,CUS004835,34.54,Medium,2026-06-30
RSK004836,CUS004836,38.76,Medium,2026-06-30
RSK004837,CUS004837,35.68,Medium,2026-06-30
RSK004838,CUS004838,32.77,Medium,2026-06-30
RSK004839,CUS004839,30.81,Medium,2026-06-30
RSK004840,CUS004840,73.73,High,2026-06-30
RSK004841,CUS004841,31.62,Medium,2026-06-30
RSK004842,CUS004842,52.17,Medium,2026-06-30
RSK004843,CUS004843,100.0,High,2026-06-30
RSK004844,CUS004844,45.92,Medium,2026-06-30
RSK004845,CUS004845,13.35,Low,2026-06-30
RSK004846,CUS004846,36.37,Medium,2026-06-30
RSK004847,CUS004847,17.49,Low,2026-06-30
RSK004848,CUS004848,100.0,High,2026-06-30
RSK004849,CUS004849,58.43,Medium,2026-06-30
RSK004850,CUS004850,13.02,Low,2026-06-30
RSK004851,CUS004851,52.07,Medium,2026-06-30
RSK004852,CUS004852,25.27,Low,2026-06-30
RSK004853,CUS004853,40.53,Medium,2026-06-30
RSK004854,CUS004854,93.67,High,2026-06-30
RSK004855,CUS004855,56.29,Medium,2026-06-30
RSK004856,CUS004856,100.0,High,2026-06-30
RSK004857,CUS004857,6.54,Low,2026-06-30
RSK004858,CUS004858,22.2,Low,2026-06-30
RSK004859,CUS004859,23.72,Low,2026-06-30
RSK004860,CUS004860,4.12,Low,2026-06-30
RSK004861,CUS004861,19.82,Low,2026-06-30
RSK004862,CUS004862,27.25,Low,2026-06-30
RSK004863,CUS004863,18.26,Low,2026-06-30
RSK004864,CUS004864,40.64,Medium,2026-06-30
RSK004865,CUS004865,78.71,High,2026-06-30
RSK004866,CUS004866,16.58,Low,2026-06-30
RSK004867,CUS004867,66.48,High,2026-06-30
RSK004868,CUS004868,68.09,High,2026-06-30
RSK004869,CUS004869,48.18,Medium,2026-06-30
RSK004870,CUS004870,23.84,Low,2026-06-30
RSK004871,CUS004871,29.59,Low,2026-06-30
RSK004872,CUS004872,50.78,Medium,2026-06-30
RSK004873,CUS004873,33.97,Medium,2026-06-30
RSK004874,CUS004874,100.0,High,2026-06-30
RSK004875,CUS004875,49.58,Medium,2026-06-30
RSK004876,CUS004876,6.42,Low,2026-06-30
RSK004877,CUS004877,19.5,Low,2026-06-30
RSK004878,CUS004878,100.0,High,2026-06-30
RSK004879,CUS004879,31.35,Medium,2026-06-30
RSK004880,CUS004880,3.84,Low,2026-06-30
RSK004881,CUS004881,100.0,High,2026-06-30
RSK004882,CUS004882,99.08,High,2026-06-30
RSK004883,CUS004883,90.82,High,2026-06-30
RSK004884,CUS004884,28.43,Low,2026-06-30
RSK004885,CUS004885,100.0,High,2026-06-30
RSK004886,CUS004886,100.0,High,2026-06-30
RSK004887,CUS004887,29.79,Low,2026-06-30
RSK004888,CUS004888,51.38,Medium,2026-06-30
RSK004889,CUS004889,100.0,High,2026-06-30
RSK004890,CUS004890,25.89,Low,2026-06-30
RSK004891,CUS004891,100.0,High,2026-06-30
RSK004892,CUS004892,32.86,Medium,2026-06-30
RSK004893,CUS004893,46.01,Medium,2026-06-30
RSK004894,CUS004894,40.07,Medium,2026-06-30
RSK004895,CUS004895,20.31,Low,2026-06-30
RSK004896,CUS004896,44.49,Medium,2026-06-30
RSK004897,CUS004897,16.26,Low,2026-06-30
RSK004898,CUS004898,100.0,High,2026-06-30
RSK004899,CUS004899,38.06,Medium,2026-06-30
RSK004900,CUS004900,100.0,High,2026-06-30
RSK004901,CUS004901,57.59,Medium,2026-06-30
RSK004902,CUS004902,100.0,High,2026-06-30
RSK004903,CUS004903,17.76,Low,2026-06-30
RSK004904,CUS004904,36.17,Medium,2026-06-30
RSK004905,CUS004905,81.95,High,2026-06-30
RSK004906,CUS004906,45.46,Medium,2026-06-30
RSK004907,CUS004907,85.87,High,2026-06-30
RSK004908,CUS004908,40.81,Medium,2026-06-30
RSK004909,CUS004909,90.82,High,2026-06-30
RSK004910,CUS004910,24.39,Low,2026-06-30
RSK004911,CUS004911,24.41,Low,2026-06-30
RSK004912,CUS004912,27.84,Low,2026-06-30
RSK004913,CUS004913,21.17,Low,2026-06-30
RSK004914,CUS004914,52.2,Medium,2026-06-30
RSK004915,CUS004915,61.41,High,2026-06-30
RSK004916,CUS004916,42.27,Medium,2026-06-30
RSK004917,CUS004917,11.63,Low,2026-06-30
RSK004918,CUS004918,28.99,Low,2026-06-30
RSK004919,CUS004919,46.12,Medium,2026-06-30
RSK004920,CUS004920,100.0,High,2026-06-30
RSK004921,CUS004921,100.0,High,2026-06-30
RSK004922,CUS004922,18.96,Low,2026-06-30
RSK004923,CUS004923,87.74,High,2026-06-30
RSK004924,CUS004924,28.92,Low,2026-06-30
RSK004925,CUS004925,34.88,Medium,2026-06-30
RSK004926,CUS004926,68.99,High,2026-06-30
RSK004927,CUS004927,46.24,Medium,2026-06-30
RSK004928,CUS004928,31.9,Medium,2026-06-30
RSK004929,CUS004929,61.76,High,2026-06-30
RSK004930,CUS004930,49.69,Medium,2026-06-30
RSK004931,CUS004931,26.06,Low,2026-06-30
RSK004932,CUS004932,45.14,Medium,2026-06-30
RSK004933,CUS004933,100.0,High,2026-06-30
RSK004934,CUS004934,28.32,Low,2026-06-30
RSK004935,CUS004935,40.39,Medium,2026-06-30
RSK004936,CUS004936,24.93,Low,2026-06-30
RSK004937,CUS004937,15.99,Low,2026-06-30
RSK004938,CUS004938,84.31,High,2026-06-30
RSK004939,CUS004939,100.0,High,2026-06-30
RSK004940,CUS004940,16.52,Low,2026-06-30
RSK004941,CUS004941,6.49,Low,2026-06-30
RSK004942,CUS004942,25.81,Low,2026-06-30
RSK004943,CUS004943,42.93,Medium,2026-06-30
RSK004944,CUS004944,32.34,Medium,2026-06-30
RSK004945,CUS004945,43.58,Medium,2026-06-30
RSK004946,CUS004946,82.46,High,2026-06-30
RSK004947,CUS004947,84.52,High,2026-06-30
RSK004948,CUS004948,45.94,Medium,2026-06-30
RSK004949,CUS004949,22.53,Low,2026-06-30
RSK004950,CUS004950,28.63,Low,2026-06-30
RSK004951,CUS004951,7.65,Low,2026-06-30
RSK004952,CUS004952,18.84,Low,2026-06-30
RSK004953,CUS004953,44.81,Medium,2026-06-30
RSK004954,CUS004954,78.11,High,2026-06-30
RSK004955,CUS004955,21.55,Low,2026-06-30
RSK004956,CUS004956,66.71,High,2026-06-30
RSK004957,CUS004957,24.55,Low,2026-06-30
RSK004958,CUS004958,27.19,Low,2026-06-30
RSK004959,CUS004959,21.61,Low,2026-06-30
RSK004960,CUS004960,100.0,High,2026-06-30
RSK004961,CUS004961,16.43,Low,2026-06-30
RSK004962,CUS004962,28.79,Low,2026-06-30
RSK004963,CUS004963,13.99,Low,2026-06-30
RSK004964,CUS004964,100.0,High,2026-06-30
RSK004965,CUS004965,64.94,High,2026-06-30
RSK004966,CUS004966,100.0,High,2026-06-30
RSK004967,CUS004967,36.37,Medium,2026-06-30
RSK004968,CUS004968,84.12,High,2026-06-30
RSK004969,CUS004969,82.11,High,2026-06-30
RSK004970,CUS004970,32.97,Medium,2026-06-30
RSK004971,CUS004971,100.0,High,2026-06-30
RSK004972,CUS004972,29.89,Low,2026-06-30
RSK004973,CUS004973,34.77,Medium,2026-06-30
RSK004974,CUS004974,38.38,Medium,2026-06-30
RSK004975,CUS004975,48.93,Medium,2026-06-30
RSK004976,CUS004976,29.69,Low,2026-06-30
RSK004977,CUS004977,68.26,High,2026-06-30
RSK004978,CUS004978,62.99,High,2026-06-30
RSK004979,CUS004979,15.41,Low,2026-06-30
RSK004980,CUS004980,37.41,Medium,2026-06-30
RSK004981,CUS004981,14.73,Low,2026-06-30
RSK004982,CUS004982,100.0,High,2026-06-30
RSK004983,CUS004983,9.25,Low,2026-06-30
RSK004984,CUS004984,87.14,High,2026-06-30
RSK004985,CUS004985,23.37,Low,2026-06-30
RSK004986,CUS004986,46.46,Medium,2026-06-30
RSK004987,CUS004987,29.79,Low,2026-06-30
RSK004988,CUS004988,19.57,Low,2026-06-30
RSK004989,CUS004989,33.23,Medium,2026-06-30
RSK004990,CUS004990,23.57,Low,2026-06-30
RSK004991,CUS004991,32.72,Medium,2026-06-30
RSK004992,CUS004992,79.04,High,2026-06-30
RSK004993,CUS004993,40.28,Medium,2026-06-30
RSK004994,CUS004994,63.3,High,2026-06-30
RSK004995,CUS004995,100.0,High,2026-06-30
RSK004996,CUS004996,76.78,High,2026-06-30
RSK004997,CUS004997,53.04,Medium,2026-06-30
RSK004998,CUS004998,100.0,High,2026-06-30
RSK004999,CUS004999,31.79,Medium,2026-06-30
RSK005000,CUS005000,58.04,Medium,2026-06-30
RSK005001,CUS005001,73.8,High,2026-06-30
RSK005002,CUS005002,100.0,High,2026-06-30
RSK005003,CUS005003,68.29,High,2026-06-30
RSK005004,CUS005004,98.26,High,2026-06-30
RSK005005,CUS005005,24.24,Low,2026-06-30
RSK005006,CUS005006,44.6,Medium,2026-06-30
RSK005007,CUS005007,13.17,Low,2026-06-30
RSK005008,CUS005008,100.0,High,2026-06-30
RSK005009,CUS005009,23.84,Low,2026-06-30
RSK005010,CUS005010,51.79,Medium,2026-06-30
RSK005011,CUS005011,86.19,High,2026-06-30
RSK005012,CUS005012,38.52,Medium,2026-06-30
RSK005013,CUS005013,43.0,Medium,2026-06-30
RSK005014,CUS005014,22.29,Low,2026-06-30
RSK005015,CUS005015,36.0,Medium,2026-06-30
RSK005016,CUS005016,86.14,High,2026-06-30
RSK005017,CUS005017,22.53,Low,2026-06-30
RSK005018,CUS005018,41.08,Medium,2026-06-30
RSK005019,CUS005019,39.75,Medium,2026-06-30
RSK005020,CUS005020,100.0,High,2026-06-30
RSK005021,CUS005021,75.59,High,2026-06-30
RSK005022,CUS005022,38.77,Medium,2026-06-30
RSK005023,CUS005023,27.29,Low,2026-06-30
RSK005024,CUS005024,50.9,Medium,2026-06-30
RSK005025,CUS005025,4.6,Low,2026-06-30
RSK005026,CUS005026,49.77,Medium,2026-06-30
RSK005027,CUS005027,10.9,Low,2026-06-30
RSK005028,CUS005028,100.0,High,2026-06-30
RSK005029,CUS005029,39.5,Medium,2026-06-30
RSK005030,CUS005030,93.33,High,2026-06-30
RSK005031,CUS005031,35.51,Medium,2026-06-30
RSK005032,CUS005032,42.34,Medium,2026-06-30
RSK005033,CUS005033,19.8,Low,2026-06-30
RSK005034,CUS005034,28.87,Low,2026-06-30
RSK005035,CUS005035,34.09,Medium,2026-06-30
RSK005036,CUS005036,100.0,High,2026-06-30
RSK005037,CUS005037,100.0,High,2026-06-30
RSK005038,CUS005038,100.0,High,2026-06-30
RSK005039,CUS005039,47.63,Medium,2026-06-30
RSK005040,CUS005040,6.11,Low,2026-06-30
RSK005041,CUS005041,91.28,High,2026-06-30
RSK005042,CUS005042,79.08,High,2026-06-30
RSK005043,CUS005043,56.79,Medium,2026-06-30
RSK005044,CUS005044,21.73,Low,2026-06-30
RSK005045,CUS005045,10.77,Low,2026-06-30
RSK005046,CUS005046,33.55,Medium,2026-06-30
RSK005047,CUS005047,27.88,Low,2026-06-30
RSK005048,CUS005048,22.28,Low,2026-06-30
RSK005049,CUS005049,42.54,Medium,2026-06-30
RSK005050,CUS005050,82.63,High,2026-06-30
RSK005051,CUS005051,23.71,Low,2026-06-30
RSK005052,CUS005052,34.45,Medium,2026-06-30
RSK005053,CUS005053,100.0,High,2026-06-30
RSK005054,CUS005054,33.07,Medium,2026-06-30
RSK005055,CUS005055,45.84,Medium,2026-06-30
RSK005056,CUS005056,13.2,Low,2026-06-30
RSK005057,CUS005057,14.45,Low,2026-06-30
RSK005058,CUS005058,82.7,High,2026-06-30
RSK005059,CUS005059,36.01,Medium,2026-06-30
RSK005060,CUS005060,32.01,Medium,2026-06-30
RSK005061,CUS005061,97.49,High,2026-06-30
RSK005062,CUS005062,37.21,Medium,2026-06-30
RSK005063,CUS005063,35.49,Medium,2026-06-30
RSK005064,CUS005064,100.0,High,2026-06-30
RSK005065,CUS005065,21.22,Low,2026-06-30
RSK005066,CUS005066,19.66,Low,2026-06-30
RSK005067,CUS005067,73.66,High,2026-06-30
RSK005068,CUS005068,45.7,Medium,2026-06-30
RSK005069,CUS005069,6.69,Low,2026-06-30
RSK005070,CUS005070,4.31,Low,2026-06-30
RSK005071,CUS005071,16.66,Low,2026-06-30
RSK005072,CUS005072,51.24,Medium,2026-06-30
RSK005073,CUS005073,100.0,High,2026-06-30
RSK005074,CUS005074,33.25,Medium,2026-06-30
RSK005075,CUS005075,52.68,Medium,2026-06-30
RSK005076,CUS005076,96.64,High,2026-06-30
RSK005077,CUS005077,30.24,Medium,2026-06-30
RSK005078,CUS005078,99.02,High,2026-06-30
RSK005079,CUS005079,100.0,High,2026-06-30
RSK005080,CUS005080,97.18,High,2026-06-30
RSK005081,CUS005081,21.15,Low,2026-06-30
RSK005082,CUS005082,81.38,High,2026-06-30
RSK005083,CUS005083,93.42,High,2026-06-30
RSK005084,CUS005084,18.08,Low,2026-06-30
RSK005085,CUS005085,15.86,Low,2026-06-30
RSK005086,CUS005086,84.17,High,2026-06-30
RSK005087,CUS005087,7.51,Low,2026-06-30
RSK005088,CUS005088,31.43,Medium,2026-06-30
RSK005089,CUS005089,25.38,Low,2026-06-30
RSK005090,CUS005090,100.0,High,2026-06-30
RSK005091,CUS005091,100.0,High,2026-06-30
RSK005092,CUS005092,100.0,High,2026-06-30
RSK005093,CUS005093,40.81,Medium,2026-06-30
RSK005094,CUS005094,36.92,Medium,2026-06-30
RSK005095,CUS005095,44.5,Medium,2026-06-30
RSK005096,CUS005096,28.34,Low,2026-06-30
RSK005097,CUS005097,26.07,Low,2026-06-30
RSK005098,CUS005098,34.87,Medium,2026-06-30
RSK005099,CUS005099,33.55,Medium,2026-06-30
RSK005100,CUS005100,9.33,Low,2026-06-30
RSK005101,CUS005101,4.63,Low,2026-06-30
RSK005102,CUS005102,28.64,Low,2026-06-30
RSK005103,CUS005103,31.09,Medium,2026-06-30
RSK005104,CUS005104,58.48,Medium,2026-06-30
RSK005105,CUS005105,44.16,Medium,2026-06-30
RSK005106,CUS005106,51.37,Medium,2026-06-30
RSK005107,CUS005107,83.06,High,2026-06-30
RSK005108,CUS005108,37.32,Medium,2026-06-30
RSK005109,CUS005109,37.54,Medium,2026-06-30
RSK005110,CUS005110,29.5,Low,2026-06-30
RSK005111,CUS005111,18.37,Low,2026-06-30
RSK005112,CUS005112,8.72,Low,2026-06-30
RSK005113,CUS005113,89.93,High,2026-06-30
RSK005114,CUS005114,38.23,Medium,2026-06-30
RSK005115,CUS005115,23.27,Low,2026-06-30
RSK005116,CUS005116,33.11,Medium,2026-06-30
RSK005117,CUS005117,47.44,Medium,2026-06-30
RSK005118,CUS005118,41.43,Medium,2026-06-30
RSK005119,CUS005119,47.88,Medium,2026-06-30
RSK005120,CUS005120,79.15,High,2026-06-30
RSK005121,CUS005121,64.41,High,2026-06-30
RSK005122,CUS005122,44.37,Medium,2026-06-30
RSK005123,CUS005123,92.44,High,2026-06-30
RSK005124,CUS005124,56.04,Medium,2026-06-30
RSK005125,CUS005125,100.0,High,2026-06-30
RSK005126,CUS005126,67.22,High,2026-06-30
RSK005127,CUS005127,22.92,Low,2026-06-30
RSK005128,CUS005128,76.55,High,2026-06-30
RSK005129,CUS005129,23.66,Low,2026-06-30
RSK005130,CUS005130,29.58,Low,2026-06-30
RSK005131,CUS005131,21.49,Low,2026-06-30
RSK005132,CUS005132,24.43,Low,2026-06-30
RSK005133,CUS005133,14.42,Low,2026-06-30
RSK005134,CUS005134,62.31,High,2026-06-30
RSK005135,CUS005135,15.73,Low,2026-06-30
RSK005136,CUS005136,100.0,High,2026-06-30
RSK005137,CUS005137,46.56,Medium,2026-06-30
RSK005138,CUS005138,9.94,Low,2026-06-30
RSK005139,CUS005139,81.13,High,2026-06-30
RSK005140,CUS005140,37.94,Medium,2026-06-30
RSK005141,CUS005141,33.52,Medium,2026-06-30
RSK005142,CUS005142,42.46,Medium,2026-06-30
RSK005143,CUS005143,28.81,Low,2026-06-30
RSK005144,CUS005144,100.0,High,2026-06-30
RSK005145,CUS005145,39.61,Medium,2026-06-30
RSK005146,CUS005146,25.0,Low,2026-06-30
RSK005147,CUS005147,15.46,Low,2026-06-30
RSK005148,CUS005148,23.99,Low,2026-06-30
RSK005149,CUS005149,77.35,High,2026-06-30
RSK005150,CUS005150,49.13,Medium,2026-06-30
RSK005151,CUS005151,18.19,Low,2026-06-30
RSK005152,CUS005152,20.35,Low,2026-06-30
RSK005153,CUS005153,96.74,High,2026-06-30
RSK005154,CUS005154,18.67,Low,2026-06-30
RSK005155,CUS005155,6.44,Low,2026-06-30
RSK005156,CUS005156,100.0,High,2026-06-30
RSK005157,CUS005157,48.35,Medium,2026-06-30
RSK005158,CUS005158,4.62,Low,2026-06-30
RSK005159,CUS005159,29.81,Low,2026-06-30
RSK005160,CUS005160,100.0,High,2026-06-30
RSK005161,CUS005161,66.33,High,2026-06-30
RSK005162,CUS005162,33.83,Medium,2026-06-30
RSK005163,CUS005163,100.0,High,2026-06-30
RSK005164,CUS005164,13.67,Low,2026-06-30
RSK005165,CUS005165,45.56,Medium,2026-06-30
RSK005166,CUS005166,48.98,Medium,2026-06-30
RSK005167,CUS005167,32.1,Medium,2026-06-30
RSK005168,CUS005168,46.03,Medium,2026-06-30
RSK005169,CUS005169,40.02,Medium,2026-06-30
RSK005170,CUS005170,28.33,Low,2026-06-30
RSK005171,CUS005171,100.0,High,2026-06-30
RSK005172,CUS005172,97.24,High,2026-06-30
RSK005173,CUS005173,90.1,High,2026-06-30
RSK005174,CUS005174,25.6,Low,2026-06-30
RSK005175,CUS005175,100.0,High,2026-06-30
RSK005176,CUS005176,11.47,Low,2026-06-30
RSK005177,CUS005177,28.49,Low,2026-06-30
RSK005178,CUS005178,78.27,High,2026-06-30
RSK005179,CUS005179,25.52,Low,2026-06-30
RSK005180,CUS005180,84.42,High,2026-06-30
RSK005181,CUS005181,88.17,High,2026-06-30
RSK005182,CUS005182,84.39,High,2026-06-30
RSK005183,CUS005183,36.57,Medium,2026-06-30
RSK005184,CUS005184,100.0,High,2026-06-30
RSK005185,CUS005185,27.76,Low,2026-06-30
RSK005186,CUS005186,88.46,High,2026-06-30
RSK005187,CUS005187,52.64,Medium,2026-06-30
RSK005188,CUS005188,100.0,High,2026-06-30
RSK005189,CUS005189,50.06,Medium,2026-06-30
RSK005190,CUS005190,85.8,High,2026-06-30
RSK005191,CUS005191,32.92,Medium,2026-06-30
RSK005192,CUS005192,39.11,Medium,2026-06-30
RSK005193,CUS005193,56.01,Medium,2026-06-30
RSK005194,CUS005194,57.13,Medium,2026-06-30
RSK005195,CUS005195,24.02,Low,2026-06-30
RSK005196,CUS005196,47.01,Medium,2026-06-30
RSK005197,CUS005197,81.89,High,2026-06-30
RSK005198,CUS005198,24.73,Low,2026-06-30
RSK005199,CUS005199,15.32,Low,2026-06-30
RSK005200,CUS005200,47.83,Medium,2026-06-30
RSK005201,CUS005201,48.63,Medium,2026-06-30
RSK005202,CUS005202,79.54,High,2026-06-30
RSK005203,CUS005203,40.1,Medium,2026-06-30
RSK005204,CUS005204,30.89,Medium,2026-06-30
RSK005205,CUS005205,40.79,Medium,2026-06-30
RSK005206,CUS005206,21.39,Low,2026-06-30
RSK005207,CUS005207,19.14,Low,2026-06-30
RSK005208,CUS005208,100.0,High,2026-06-30
RSK005209,CUS005209,84.57,High,2026-06-30
RSK005210,CUS005210,76.92,High,2026-06-30
RSK005211,CUS005211,22.81,Low,2026-06-30
RSK005212,CUS005212,36.72,Medium,2026-06-30
RSK005213,CUS005213,90.57,High,2026-06-30
RSK005214,CUS005214,68.63,High,2026-06-30
RSK005215,CUS005215,13.35,Low,2026-06-30
RSK005216,CUS005216,40.62,Medium,2026-06-30
RSK005217,CUS005217,22.0,Low,2026-06-30
RSK005218,CUS005218,30.6,Medium,2026-06-30
RSK005219,CUS005219,100.0,High,2026-06-30
RSK005220,CUS005220,17.15,Low,2026-06-30
RSK005221,CUS005221,100.0,High,2026-06-30
RSK005222,CUS005222,54.42,Medium,2026-06-30
RSK005223,CUS005223,31.08,Medium,2026-06-30
RSK005224,CUS005224,20.21,Low,2026-06-30
RSK005225,CUS005225,27.04,Low,2026-06-30
RSK005226,CUS005226,100.0,High,2026-06-30
RSK005227,CUS005227,10.05,Low,2026-06-30
RSK005228,CUS005228,96.82,High,2026-06-30
RSK005229,CUS005229,91.59,High,2026-06-30
RSK005230,CUS005230,79.42,High,2026-06-30
RSK005231,CUS005231,35.83,Medium,2026-06-30
RSK005232,CUS005232,50.89,Medium,2026-06-30
RSK005233,CUS005233,42.43,Medium,2026-06-30
RSK005234,CUS005234,100.0,High,2026-06-30
RSK005235,CUS005235,100.0,High,2026-06-30
RSK005236,CUS005236,26.08,Low,2026-06-30
RSK005237,CUS005237,98.83,High,2026-06-30
RSK005238,CUS005238,35.05,Medium,2026-06-30
RSK005239,CUS005239,55.03,Medium,2026-06-30
RSK005240,CUS005240,100.0,High,2026-06-30
RSK005241,CUS005241,43.13,Medium,2026-06-30
RSK005242,CUS005242,100.0,High,2026-06-30
RSK005243,CUS005243,28.18,Low,2026-06-30
RSK005244,CUS005244,14.14,Low,2026-06-30
RSK005245,CUS005245,4.3,Low,2026-06-30
RSK005246,CUS005246,17.91,Low,2026-06-30
RSK005247,CUS005247,31.86,Medium,2026-06-30
RSK005248,CUS005248,28.93,Low,2026-06-30
RSK005249,CUS005249,52.12,Medium,2026-06-30
RSK005250,CUS005250,100.0,High,2026-06-30
RSK005251,CUS005251,27.64,Low,2026-06-30
RSK005252,CUS005252,23.75,Low,2026-06-30
RSK005253,CUS005253,21.18,Low,2026-06-30
RSK005254,CUS005254,29.89,Low,2026-06-30
RSK005255,CUS005255,34.71,Medium,2026-06-30
RSK005256,CUS005256,49.05,Medium,2026-06-30
RSK005257,CUS005257,18.96,Low,2026-06-30
RSK005258,CUS005258,62.04,High,2026-06-30
RSK005259,CUS005259,19.55,Low,2026-06-30
RSK005260,CUS005260,90.33,High,2026-06-30
RSK005261,CUS005261,29.56,Low,2026-06-30
RSK005262,CUS005262,77.2,High,2026-06-30
RSK005263,CUS005263,100.0,High,2026-06-30
RSK005264,CUS005264,35.42,Medium,2026-06-30
RSK005265,CUS005265,98.0,High,2026-06-30
RSK005266,CUS005266,22.98,Low,2026-06-30
RSK005267,CUS005267,100.0,High,2026-06-30
RSK005268,CUS005268,18.1,Low,2026-06-30
RSK005269,CUS005269,93.03,High,2026-06-30
RSK005270,CUS005270,82.16,High,2026-06-30
RSK005271,CUS005271,25.82,Low,2026-06-30
RSK005272,CUS005272,22.29,Low,2026-06-30
RSK005273,CUS005273,72.73,High,2026-06-30
RSK005274,CUS005274,16.97,Low,2026-06-30
RSK005275,CUS005275,81.7,High,2026-06-30
RSK005276,CUS005276,38.01,Medium,2026-06-30
RSK005277,CUS005277,69.39,High,2026-06-30
RSK005278,CUS005278,52.55,Medium,2026-06-30
RSK005279,CUS005279,82.51,High,2026-06-30
RSK005280,CUS005280,32.27,Medium,2026-06-30
RSK005281,CUS005281,50.78,Medium,2026-06-30
RSK005282,CUS005282,23.38,Low,2026-06-30
RSK005283,CUS005283,100.0,High,2026-06-30
RSK005284,CUS005284,77.95,High,2026-06-30
RSK005285,CUS005285,65.21,High,2026-06-30
RSK005286,CUS005286,53.49,Medium,2026-06-30
RSK005287,CUS005287,37.29,Medium,2026-06-30
RSK005288,CUS005288,32.07,Medium,2026-06-30
RSK005289,CUS005289,69.95,High,2026-06-30
RSK005290,CUS005290,68.71,High,2026-06-30
RSK005291,CUS005291,43.68,Medium,2026-06-30
RSK005292,CUS005292,100.0,High,2026-06-30
RSK005293,CUS005293,64.47,High,2026-06-30
RSK005294,CUS005294,43.19,Medium,2026-06-30
RSK005295,CUS005295,100.0,High,2026-06-30
RSK005296,CUS005296,34.77,Medium,2026-06-30
RSK005297,CUS005297,43.82,Medium,2026-06-30
RSK005298,CUS005298,21.87,Low,2026-06-30
RSK005299,CUS005299,47.57,Medium,2026-06-30
RSK005300,CUS005300,59.64,Medium,2026-06-30
RSK005301,CUS005301,44.63,Medium,2026-06-30
RSK005302,CUS005302,52.29,Medium,2026-06-30
RSK005303,CUS005303,24.4,Low,2026-06-30
RSK005304,CUS005304,100.0,High,2026-06-30
RSK005305,CUS005305,34.02,Medium,2026-06-30
RSK005306,CUS005306,32.36,Medium,2026-06-30
RSK005307,CUS005307,76.15,High,2026-06-30
RSK005308,CUS005308,31.4,Medium,2026-06-30
RSK005309,CUS005309,35.14,Medium,2026-06-30
RSK005310,CUS005310,41.28,Medium,2026-06-30
RSK005311,CUS005311,31.55,Medium,2026-06-30
RSK005312,CUS005312,20.47,Low,2026-06-30
RSK005313,CUS005313,18.84,Low,2026-06-30
RSK005314,CUS005314,49.13,Medium,2026-06-30
RSK005315,CUS005315,25.12,Low,2026-06-30
RSK005316,CUS005316,20.75,Low,2026-06-30
RSK005317,CUS005317,8.93,Low,2026-06-30
RSK005318,CUS005318,18.55,Low,2026-06-30
RSK005319,CUS005319,27.91,Low,2026-06-30
RSK005320,CUS005320,99.53,High,2026-06-30
RSK005321,CUS005321,47.07,Medium,2026-06-30
RSK005322,CUS005322,40.2,Medium,2026-06-30
RSK005323,CUS005323,20.26,Low,2026-06-30
RSK005324,CUS005324,69.72,High,2026-06-30
RSK005325,CUS005325,36.32,Medium,2026-06-30
RSK005326,CUS005326,19.34,Low,2026-06-30
RSK005327,CUS005327,43.12,Medium,2026-06-30
RSK005328,CUS005328,36.48,Medium,2026-06-30
RSK005329,CUS005329,61.86,High,2026-06-30
RSK005330,CUS005330,13.81,Low,2026-06-30
RSK005331,CUS005331,23.93,Low,2026-06-30
RSK005332,CUS005332,13.13,Low,2026-06-30
RSK005333,CUS005333,100.0,High,2026-06-30
RSK005334,CUS005334,19.89,Low,2026-06-30
RSK005335,CUS005335,70.18,High,2026-06-30
RSK005336,CUS005336,100.0,High,2026-06-30
RSK005337,CUS005337,38.7,Medium,2026-06-30
RSK005338,CUS005338,100.0,High,2026-06-30
RSK005339,CUS005339,52.82,Medium,2026-06-30
RSK005340,CUS005340,55.46,Medium,2026-06-30
RSK005341,CUS005341,6.71,Low,2026-06-30
RSK005342,CUS005342,68.15,High,2026-06-30
RSK005343,CUS005343,15.02,Low,2026-06-30
RSK005344,CUS005344,25.76,Low,2026-06-30
RSK005345,CUS005345,33.78,Medium,2026-06-30
RSK005346,CUS005346,23.7,Low,2026-06-30
RSK005347,CUS005347,73.86,High,2026-06-30
RSK005348,CUS005348,39.33,Medium,2026-06-30
RSK005349,CUS005349,100.0,High,2026-06-30
RSK005350,CUS005350,30.89,Medium,2026-06-30
RSK005351,CUS005351,37.36,Medium,2026-06-30
RSK005352,CUS005352,20.89,Low,2026-06-30
RSK005353,CUS005353,97.72,High,2026-06-30
RSK005354,CUS005354,56.51,Medium,2026-06-30
RSK005355,CUS005355,100.0,High,2026-06-30
RSK005356,CUS005356,75.7,High,2026-06-30
RSK005357,CUS005357,41.2,Medium,2026-06-30
RSK005358,CUS005358,25.39,Low,2026-06-30
RSK005359,CUS005359,100.0,High,2026-06-30
RSK005360,CUS005360,33.99,Medium,2026-06-30
RSK005361,CUS005361,45.29,Medium,2026-06-30
RSK005362,CUS005362,38.16,Medium,2026-06-30
RSK005363,CUS005363,34.9,Medium,2026-06-30
RSK005364,CUS005364,29.74,Low,2026-06-30
RSK005365,CUS005365,47.37,Medium,2026-06-30
RSK005366,CUS005366,71.47,High,2026-06-30
RSK005367,CUS005367,41.53,Medium,2026-06-30
RSK005368,CUS005368,14.19,Low,2026-06-30
RSK005369,CUS005369,45.38,Medium,2026-06-30
RSK005370,CUS005370,29.93,Low,2026-06-30
RSK005371,CUS005371,64.87,High,2026-06-30
RSK005372,CUS005372,44.92,Medium,2026-06-30
RSK005373,CUS005373,22.33,Low,2026-06-30
RSK005374,CUS005374,60.37,High,2026-06-30
RSK005375,CUS005375,35.9,Medium,2026-06-30
RSK005376,CUS005376,100.0,High,2026-06-30
RSK005377,CUS005377,42.54,Medium,2026-06-30
RSK005378,CUS005378,37.71,Medium,2026-06-30
RSK005379,CUS005379,47.32,Medium,2026-06-30
RSK005380,CUS005380,24.37,Low,2026-06-30
RSK005381,CUS005381,76.6,High,2026-06-30
RSK005382,CUS005382,94.78,High,2026-06-30
RSK005383,CUS005383,83.61,High,2026-06-30
RSK005384,CUS005384,35.66,Medium,2026-06-30
RSK005385,CUS005385,19.27,Low,2026-06-30
RSK005386,CUS005386,100.0,High,2026-06-30
RSK005387,CUS005387,35.63,Medium,2026-06-30
RSK005388,CUS005388,84.58,High,2026-06-30
RSK005389,CUS005389,40.36,Medium,2026-06-30
RSK005390,CUS005390,28.65,Low,2026-06-30
RSK005391,CUS005391,15.78,Low,2026-06-30
RSK005392,CUS005392,34.71,Medium,2026-06-30
RSK005393,CUS005393,100.0,High,2026-06-30
RSK005394,CUS005394,46.09,Medium,2026-06-30
RSK005395,CUS005395,100.0,High,2026-06-30
RSK005396,CUS005396,46.45,Medium,2026-06-30
RSK005397,CUS005397,15.14,Low,2026-06-30
RSK005398,CUS005398,100.0,High,2026-06-30
RSK005399,CUS005399,34.05,Medium,2026-06-30
RSK005400,CUS005400,3.82,Low,2026-06-30
RSK005401,CUS005401,19.2,Low,2026-06-30
RSK005402,CUS005402,20.87,Low,2026-06-30
RSK005403,CUS005403,23.84,Low,2026-06-30
RSK005404,CUS005404,40.26,Medium,2026-06-30
RSK005405,CUS005405,30.2,Medium,2026-06-30
RSK005406,CUS005406,45.8,Medium,2026-06-30
RSK005407,CUS005407,100.0,High,2026-06-30
RSK005408,CUS005408,44.33,Medium,2026-06-30
RSK005409,CUS005409,25.22,Low,2026-06-30
RSK005410,CUS005410,11.84,Low,2026-06-30
RSK005411,CUS005411,54.77,Medium,2026-06-30
RSK005412,CUS005412,100.0,High,2026-06-30
RSK005413,CUS005413,75.18,High,2026-06-30
RSK005414,CUS005414,43.93,Medium,2026-06-30
RSK005415,CUS005415,100.0,High,2026-06-30
RSK005416,CUS005416,35.27,Medium,2026-06-30
RSK005417,CUS005417,100.0,High,2026-06-30
RSK005418,CUS005418,41.41,Medium,2026-06-30
RSK005419,CUS005419,81.71,High,2026-06-30
RSK005420,CUS005420,92.67,High,2026-06-30
RSK005421,CUS005421,6.49,Low,2026-06-30
RSK005422,CUS005422,27.81,Low,2026-06-30
RSK005423,CUS005423,92.8,High,2026-06-30
RSK005424,CUS005424,40.93,Medium,2026-06-30
RSK005425,CUS005425,78.63,High,2026-06-30
RSK005426,CUS005426,76.97,High,2026-06-30
RSK005427,CUS005427,37.91,Medium,2026-06-30
RSK005428,CUS005428,13.42,Low,2026-06-30
RSK005429,CUS005429,28.1,Low,2026-06-30
RSK005430,CUS005430,63.81,High,2026-06-30
RSK005431,CUS005431,47.21,Medium,2026-06-30
RSK005432,CUS005432,37.94,Medium,2026-06-30
RSK005433,CUS005433,27.69,Low,2026-06-30
RSK005434,CUS005434,36.51,Medium,2026-06-30
RSK005435,CUS005435,43.41,Medium,2026-06-30
RSK005436,CUS005436,33.1,Medium,2026-06-30
RSK005437,CUS005437,100.0,High,2026-06-30
RSK005438,CUS005438,45.78,Medium,2026-06-30
RSK005439,CUS005439,100.0,High,2026-06-30
RSK005440,CUS005440,61.81,High,2026-06-30
RSK005441,CUS005441,38.26,Medium,2026-06-30
RSK005442,CUS005442,22.67,Low,2026-06-30
RSK005443,CUS005443,30.81,Medium,2026-06-30
RSK005444,CUS005444,85.58,High,2026-06-30
RSK005445,CUS005445,78.92,High,2026-06-30
RSK005446,CUS005446,27.07,Low,2026-06-30
RSK005447,CUS005447,26.94,Low,2026-06-30
RSK005448,CUS005448,32.76,Medium,2026-06-30
RSK005449,CUS005449,46.3,Medium,2026-06-30
RSK005450,CUS005450,100.0,High,2026-06-30
RSK005451,CUS005451,66.9,High,2026-06-30
RSK005452,CUS005452,35.18,Medium,2026-06-30
RSK005453,CUS005453,69.1,High,2026-06-30
RSK005454,CUS005454,100.0,High,2026-06-30
RSK005455,CUS005455,100.0,High,2026-06-30
RSK005456,CUS005456,100.0,High,2026-06-30
RSK005457,CUS005457,27.49,Low,2026-06-30
RSK005458,CUS005458,95.45,High,2026-06-30
RSK005459,CUS005459,51.15,Medium,2026-06-30
RSK005460,CUS005460,33.01,Medium,2026-06-30
RSK005461,CUS005461,20.96,Low,2026-06-30
RSK005462,CUS005462,67.64,High,2026-06-30
RSK005463,CUS005463,49.37,Medium,2026-06-30
RSK005464,CUS005464,67.14,High,2026-06-30
RSK005465,CUS005465,94.35,High,2026-06-30
RSK005466,CUS005466,2.07,Low,2026-06-30
RSK005467,CUS005467,8.41,Low,2026-06-30
RSK005468,CUS005468,47.47,Medium,2026-06-30
RSK005469,CUS005469,33.26,Medium,2026-06-30
RSK005470,CUS005470,100.0,High,2026-06-30
RSK005471,CUS005471,57.73,Medium,2026-06-30
RSK005472,CUS005472,17.17,Low,2026-06-30
RSK005473,CUS005473,27.13,Low,2026-06-30
RSK005474,CUS005474,74.9,High,2026-06-30
RSK005475,CUS005475,39.98,Medium,2026-06-30
RSK005476,CUS005476,13.94,Low,2026-06-30
RSK005477,CUS005477,47.02,Medium,2026-06-30
RSK005478,CUS005478,64.75,High,2026-06-30
RSK005479,CUS005479,36.7,Medium,2026-06-30
RSK005480,CUS005480,62.64,High,2026-06-30
RSK005481,CUS005481,19.65,Low,2026-06-30
RSK005482,CUS005482,100.0,High,2026-06-30
RSK005483,CUS005483,48.13,Medium,2026-06-30
RSK005484,CUS005484,100.0,High,2026-06-30
RSK005485,CUS005485,13.73,Low,2026-06-30
RSK005486,CUS005486,45.08,Medium,2026-06-30
RSK005487,CUS005487,9.26,Low,2026-06-30
RSK005488,CUS005488,26.71,Low,2026-06-30
RSK005489,CUS005489,24.55,Low,2026-06-30
RSK005490,CUS005490,55.0,Medium,2026-06-30
RSK005491,CUS005491,34.84,Medium,2026-06-30
RSK005492,CUS005492,44.36,Medium,2026-06-30
RSK005493,CUS005493,24.93,Low,2026-06-30
RSK005494,CUS005494,100.0,High,2026-06-30
RSK005495,CUS005495,99.13,High,2026-06-30
RSK005496,CUS005496,81.23,High,2026-06-30
RSK005497,CUS005497,25.87,Low,2026-06-30
RSK005498,CUS005498,43.45,Medium,2026-06-30
RSK005499,CUS005499,32.33,Medium,2026-06-30
RSK005500,CUS005500,41.37,Medium,2026-06-30
RSK005501,CUS005501,26.79,Low,2026-06-30
RSK005502,CUS005502,62.85,High,2026-06-30
RSK005503,CUS005503,13.68,Low,2026-06-30
RSK005504,CUS005504,48.75,Medium,2026-06-30
RSK005505,CUS005505,69.07,High,2026-06-30
RSK005506,CUS005506,42.19,Medium,2026-06-30
RSK005507,CUS005507,62.3,High,2026-06-30
RSK005508,CUS005508,55.18,Medium,2026-06-30
RSK005509,CUS005509,43.46,Medium,2026-06-30
RSK005510,CUS005510,49.11,Medium,2026-06-30
RSK005511,CUS005511,19.58,Low,2026-06-30
RSK005512,CUS005512,36.79,Medium,2026-06-30
RSK005513,CUS005513,49.55,Medium,2026-06-30
RSK005514,CUS005514,88.48,High,2026-06-30
RSK005515,CUS005515,50.0,Medium,2026-06-30
RSK005516,CUS005516,100.0,High,2026-06-30
RSK005517,CUS005517,100.0,High,2026-06-30
RSK005518,CUS005518,27.47,Low,2026-06-30
RSK005519,CUS005519,29.71,Low,2026-06-30
RSK005520,CUS005520,66.35,High,2026-06-30
RSK005521,CUS005521,78.84,High,2026-06-30
RSK005522,CUS005522,45.53,Medium,2026-06-30
RSK005523,CUS005523,42.19,Medium,2026-06-30
RSK005524,CUS005524,100.0,High,2026-06-30
RSK005525,CUS005525,67.47,High,2026-06-30
RSK005526,CUS005526,51.99,Medium,2026-06-30
RSK005527,CUS005527,26.59,Low,2026-06-30
RSK005528,CUS005528,14.4,Low,2026-06-30
RSK005529,CUS005529,91.26,High,2026-06-30
RSK005530,CUS005530,86.12,High,2026-06-30
RSK005531,CUS005531,71.8,High,2026-06-30
RSK005532,CUS005532,68.71,High,2026-06-30
RSK005533,CUS005533,34.68,Medium,2026-06-30
RSK005534,CUS005534,12.15,Low,2026-06-30
RSK005535,CUS005535,32.54,Medium,2026-06-30
RSK005536,CUS005536,49.97,Medium,2026-06-30
RSK005537,CUS005537,20.64,Low,2026-06-30
RSK005538,CUS005538,10.11,Low,2026-06-30
RSK005539,CUS005539,40.85,Medium,2026-06-30
RSK005540,CUS005540,43.89,Medium,2026-06-30
RSK005541,CUS005541,14.99,Low,2026-06-30
RSK005542,CUS005542,75.37,High,2026-06-30
RSK005543,CUS005543,87.31,High,2026-06-30
RSK005544,CUS005544,100.0,High,2026-06-30
RSK005545,CUS005545,100.0,High,2026-06-30
RSK005546,CUS005546,81.41,High,2026-06-30
RSK005547,CUS005547,29.17,Low,2026-06-30
RSK005548,CUS005548,28.04,Low,2026-06-30
RSK005549,CUS005549,10.35,Low,2026-06-30
RSK005550,CUS005550,24.28,Low,2026-06-30
RSK005551,CUS005551,30.69,Medium,2026-06-30
RSK005552,CUS005552,35.12,Medium,2026-06-30
RSK005553,CUS005553,22.15,Low,2026-06-30
RSK005554,CUS005554,36.6,Medium,2026-06-30
RSK005555,CUS005555,21.73,Low,2026-06-30
RSK005556,CUS005556,55.49,Medium,2026-06-30
RSK005557,CUS005557,44.66,Medium,2026-06-30
RSK005558,CUS005558,21.97,Low,2026-06-30
RSK005559,CUS005559,10.27,Low,2026-06-30
RSK005560,CUS005560,76.54,High,2026-06-30
RSK005561,CUS005561,40.15,Medium,2026-06-30
RSK005562,CUS005562,72.69,High,2026-06-30
RSK005563,CUS005563,3.8,Low,2026-06-30
RSK005564,CUS005564,100.0,High,2026-06-30
RSK005565,CUS005565,35.96,Medium,2026-06-30
RSK005566,CUS005566,24.79,Low,2026-06-30
RSK005567,CUS005567,9.89,Low,2026-06-30
RSK005568,CUS005568,14.56,Low,2026-06-30
RSK005569,CUS005569,54.87,Medium,2026-06-30
RSK005570,CUS005570,100.0,High,2026-06-30
RSK005571,CUS005571,55.94,Medium,2026-06-30
RSK005572,CUS005572,97.75,High,2026-06-30
RSK005573,CUS005573,58.36,Medium,2026-06-30
RSK005574,CUS005574,34.91,Medium,2026-06-30
RSK005575,CUS005575,33.29,Medium,2026-06-30
RSK005576,CUS005576,26.13,Low,2026-06-30
RSK005577,CUS005577,26.51,Low,2026-06-30
RSK005578,CUS005578,33.32,Medium,2026-06-30
RSK005579,CUS005579,98.88,High,2026-06-30
RSK005580,CUS005580,38.22,Medium,2026-06-30
RSK005581,CUS005581,75.2,High,2026-06-30
RSK005582,CUS005582,100.0,High,2026-06-30
RSK005583,CUS005583,42.39,Medium,2026-06-30
RSK005584,CUS005584,20.51,Low,2026-06-30
RSK005585,CUS005585,70.63,High,2026-06-30
RSK005586,CUS005586,25.1,Low,2026-06-30
RSK005587,CUS005587,100.0,High,2026-06-30
RSK005588,CUS005588,46.29,Medium,2026-06-30
RSK005589,CUS005589,79.62,High,2026-06-30
RSK005590,CUS005590,72.61,High,2026-06-30
RSK005591,CUS005591,100.0,High,2026-06-30
RSK005592,CUS005592,32.07,Medium,2026-06-30
RSK005593,CUS005593,100.0,High,2026-06-30
RSK005594,CUS005594,39.36,Medium,2026-06-30
RSK005595,CUS005595,32.64,Medium,2026-06-30
RSK005596,CUS005596,90.69,High,2026-06-30
RSK005597,CUS005597,57.1,Medium,2026-06-30
RSK005598,CUS005598,30.74,Medium,2026-06-30
RSK005599,CUS005599,36.02,Medium,2026-06-30
RSK005600,CUS005600,73.3,High,2026-06-30
RSK005601,CUS005601,100.0,High,2026-06-30
RSK005602,CUS005602,54.29,Medium,2026-06-30
RSK005603,CUS005603,45.03,Medium,2026-06-30
RSK005604,CUS005604,67.02,High,2026-06-30
RSK005605,CUS005605,22.04,Low,2026-06-30
RSK005606,CUS005606,21.87,Low,2026-06-30
RSK005607,CUS005607,86.11,High,2026-06-30
RSK005608,CUS005608,14.64,Low,2026-06-30
RSK005609,CUS005609,22.73,Low,2026-06-30
RSK005610,CUS005610,80.22,High,2026-06-30
RSK005611,CUS005611,41.76,Medium,2026-06-30
RSK005612,CUS005612,25.35,Low,2026-06-30
RSK005613,CUS005613,93.22,High,2026-06-30
RSK005614,CUS005614,100.0,High,2026-06-30
RSK005615,CUS005615,100.0,High,2026-06-30
RSK005616,CUS005616,29.75,Low,2026-06-30
RSK005617,CUS005617,89.78,High,2026-06-30
RSK005618,CUS005618,83.54,High,2026-06-30
RSK005619,CUS005619,24.52,Low,2026-06-30
RSK005620,CUS005620,42.93,Medium,2026-06-30
RSK005621,CUS005621,15.7,Low,2026-06-30
RSK005622,CUS005622,37.5,Medium,2026-06-30
RSK005623,CUS005623,28.09,Low,2026-06-30
RSK005624,CUS005624,38.71,Medium,2026-06-30
RSK005625,CUS005625,37.5,Medium,2026-06-30
RSK005626,CUS005626,40.14,Medium,2026-06-30
RSK005627,CUS005627,100.0,High,2026-06-30
RSK005628,CUS005628,25.99,Low,2026-06-30
RSK005629,CUS005629,62.7,High,2026-06-30
RSK005630,CUS005630,8.01,Low,2026-06-30
RSK005631,CUS005631,100.0,High,2026-06-30
RSK005632,CUS005632,8.06,Low,2026-06-30
RSK005633,CUS005633,48.71,Medium,2026-06-30
RSK005634,CUS005634,100.0,High,2026-06-30
RSK005635,CUS005635,36.24,Medium,2026-06-30
RSK005636,CUS005636,7.93,Low,2026-06-30
RSK005637,CUS005637,35.97,Medium,2026-06-30
RSK005638,CUS005638,58.38,Medium,2026-06-30
RSK005639,CUS005639,30.89,Medium,2026-06-30
RSK005640,CUS005640,100.0,High,2026-06-30
RSK005641,CUS005641,24.82,Low,2026-06-30
RSK005642,CUS005642,32.49,Medium,2026-06-30
RSK005643,CUS005643,100.0,High,2026-06-30
RSK005644,CUS005644,54.27,Medium,2026-06-30
RSK005645,CUS005645,16.94,Low,2026-06-30
RSK005646,CUS005646,100.0,High,2026-06-30
RSK005647,CUS005647,19.98,Low,2026-06-30
RSK005648,CUS005648,22.02,Low,2026-06-30
RSK005649,CUS005649,58.79,Medium,2026-06-30
RSK005650,CUS005650,25.74,Low,2026-06-30
RSK005651,CUS005651,100.0,High,2026-06-30
RSK005652,CUS005652,28.97,Low,2026-06-30
RSK005653,CUS005653,46.52,Medium,2026-06-30
RSK005654,CUS005654,23.67,Low,2026-06-30
RSK005655,CUS005655,18.77,Low,2026-06-30
RSK005656,CUS005656,25.09,Low,2026-06-30
RSK005657,CUS005657,24.31,Low,2026-06-30
RSK005658,CUS005658,100.0,High,2026-06-30
RSK005659,CUS005659,46.64,Medium,2026-06-30
RSK005660,CUS005660,100.0,High,2026-06-30
RSK005661,CUS005661,24.91,Low,2026-06-30
RSK005662,CUS005662,5.27,Low,2026-06-30
RSK005663,CUS005663,14.83,Low,2026-06-30
RSK005664,CUS005664,25.47,Low,2026-06-30
RSK005665,CUS005665,100.0,High,2026-06-30
RSK005666,CUS005666,71.73,High,2026-06-30
RSK005667,CUS005667,60.88,High,2026-06-30
RSK005668,CUS005668,98.79,High,2026-06-30
RSK005669,CUS005669,7.38,Low,2026-06-30
RSK005670,CUS005670,100.0,High,2026-06-30
RSK005671,CUS005671,53.46,Medium,2026-06-30
RSK005672,CUS005672,17.47,Low,2026-06-30
RSK005673,CUS005673,21.96,Low,2026-06-30
RSK005674,CUS005674,14.8,Low,2026-06-30
RSK005675,CUS005675,68.49,High,2026-06-30
RSK005676,CUS005676,100.0,High,2026-06-30
RSK005677,CUS005677,31.67,Medium,2026-06-30
RSK005678,CUS005678,35.85,Medium,2026-06-30
RSK005679,CUS005679,19.43,Low,2026-06-30
RSK005680,CUS005680,10.96,Low,2026-06-30
RSK005681,CUS005681,41.04,Medium,2026-06-30
RSK005682,CUS005682,30.28,Medium,2026-06-30
RSK005683,CUS005683,37.13,Medium,2026-06-30
RSK005684,CUS005684,67.12,High,2026-06-30
RSK005685,CUS005685,59.26,Medium,2026-06-30
RSK005686,CUS005686,48.99,Medium,2026-06-30
RSK005687,CUS005687,31.75,Medium,2026-06-30
RSK005688,CUS005688,100.0,High,2026-06-30
RSK005689,CUS005689,29.9,Low,2026-06-30
RSK005690,CUS005690,22.89,Low,2026-06-30
RSK005691,CUS005691,27.85,Low,2026-06-30
RSK005692,CUS005692,36.52,Medium,2026-06-30
RSK005693,CUS005693,19.25,Low,2026-06-30
RSK005694,CUS005694,98.33,High,2026-06-30
RSK005695,CUS005695,86.75,High,2026-06-30
RSK005696,CUS005696,100.0,High,2026-06-30
RSK005697,CUS005697,36.58,Medium,2026-06-30
RSK005698,CUS005698,32.95,Medium,2026-06-30
RSK005699,CUS005699,23.76,Low,2026-06-30
RSK005700,CUS005700,100.0,High,2026-06-30
RSK005701,CUS005701,75.78,High,2026-06-30
RSK005702,CUS005702,14.93,Low,2026-06-30
RSK005703,CUS005703,32.88,Medium,2026-06-30
RSK005704,CUS005704,100.0,High,2026-06-30
RSK005705,CUS005705,20.56,Low,2026-06-30
RSK005706,CUS005706,46.15,Medium,2026-06-30
RSK005707,CUS005707,18.48,Low,2026-06-30
RSK005708,CUS005708,55.76,Medium,2026-06-30
RSK005709,CUS005709,100.0,High,2026-06-30
RSK005710,CUS005710,53.94,Medium,2026-06-30
RSK005711,CUS005711,100.0,High,2026-06-30
RSK005712,CUS005712,100.0,High,2026-06-30
RSK005713,CUS005713,32.0,Medium,2026-06-30
RSK005714,CUS005714,22.97,Low,2026-06-30
RSK005715,CUS005715,30.5,Medium,2026-06-30
RSK005716,CUS005716,28.83,Low,2026-06-30
RSK005717,CUS005717,42.52,Medium,2026-06-30
RSK005718,CUS005718,41.51,Medium,2026-06-30
RSK005719,CUS005719,28.88,Low,2026-06-30
RSK005720,CUS005720,38.85,Medium,2026-06-30
RSK005721,CUS005721,100.0,High,2026-06-30
RSK005722,CUS005722,100.0,High,2026-06-30
RSK005723,CUS005723,43.5,Medium,2026-06-30
RSK005724,CUS005724,100.0,High,2026-06-30
RSK005725,CUS005725,33.22,Medium,2026-06-30
RSK005726,CUS005726,100.0,High,2026-06-30
RSK005727,CUS005727,6.66,Low,2026-06-30
RSK005728,CUS005728,53.37,Medium,2026-06-30
RSK005729,CUS005729,23.98,Low,2026-06-30
RSK005730,CUS005730,88.62,High,2026-06-30
RSK005731,CUS005731,32.0,Medium,2026-06-30
RSK005732,CUS005732,56.57,Medium,2026-06-30
RSK005733,CUS005733,38.11,Medium,2026-06-30
RSK005734,CUS005734,42.59,Medium,2026-06-30
RSK005735,CUS005735,17.97,Low,2026-06-30
RSK005736,CUS005736,33.35,Medium,2026-06-30
RSK005737,CUS005737,51.13,Medium,2026-06-30
RSK005738,CUS005738,26.86,Low,2026-06-30
RSK005739,CUS005739,57.86,Medium,2026-06-30
RSK005740,CUS005740,9.33,Low,2026-06-30
RSK005741,CUS005741,15.72,Low,2026-06-30
RSK005742,CUS005742,33.29,Medium,2026-06-30
RSK005743,CUS005743,16.79,Low,2026-06-30
RSK005744,CUS005744,15.05,Low,2026-06-30
RSK005745,CUS005745,30.63,Medium,2026-06-30
RSK005746,CUS005746,31.98,Medium,2026-06-30
RSK005747,CUS005747,100.0,High,2026-06-30
RSK005748,CUS005748,29.13,Low,2026-06-30
RSK005749,CUS005749,33.32,Medium,2026-06-30
RSK005750,CUS005750,41.6,Medium,2026-06-30
RSK005751,CUS005751,29.02,Low,2026-06-30
RSK005752,CUS005752,100.0,High,2026-06-30
RSK005753,CUS005753,100.0,High,2026-06-30
RSK005754,CUS005754,33.34,Medium,2026-06-30
RSK005755,CUS005755,10.4,Low,2026-06-30
RSK005756,CUS005756,25.56,Low,2026-06-30
RSK005757,CUS005757,100.0,High,2026-06-30
RSK005758,CUS005758,100.0,High,2026-06-30
RSK005759,CUS005759,11.31,Low,2026-06-30
RSK005760,CUS005760,100.0,High,2026-06-30
RSK005761,CUS005761,78.68,High,2026-06-30
RSK005762,CUS005762,100.0,High,2026-06-30
RSK005763,CUS005763,47.1,Medium,2026-06-30
RSK005764,CUS005764,28.02,Low,2026-06-30
RSK005765,CUS005765,28.28,Low,2026-06-30
RSK005766,CUS005766,70.05,High,2026-06-30
RSK005767,CUS005767,78.1,High,2026-06-30
RSK005768,CUS005768,37.64,Medium,2026-06-30
RSK005769,CUS005769,49.56,Medium,2026-06-30
RSK005770,CUS005770,35.37,Medium,2026-06-30
RSK005771,CUS005771,12.95,Low,2026-06-30
RSK005772,CUS005772,13.56,Low,2026-06-30
RSK005773,CUS005773,52.01,Medium,2026-06-30
RSK005774,CUS005774,100.0,High,2026-06-30
RSK005775,CUS005775,73.36,High,2026-06-30
RSK005776,CUS005776,24.98,Low,2026-06-30
RSK005777,CUS005777,9.87,Low,2026-06-30
RSK005778,CUS005778,68.56,High,2026-06-30
RSK005779,CUS005779,100.0,High,2026-06-30
RSK005780,CUS005780,19.63,Low,2026-06-30
RSK005781,CUS005781,40.44,Medium,2026-06-30
RSK005782,CUS005782,84.38,High,2026-06-30
RSK005783,CUS005783,51.84,Medium,2026-06-30
RSK005784,CUS005784,44.22,Medium,2026-06-30
RSK005785,CUS005785,55.13,Medium,2026-06-30
RSK005786,CUS005786,34.95,Medium,2026-06-30
RSK005787,CUS005787,53.73,Medium,2026-06-30
RSK005788,CUS005788,54.36,Medium,2026-06-30
RSK005789,CUS005789,15.52,Low,2026-06-30
RSK005790,CUS005790,23.62,Low,2026-06-30
RSK005791,CUS005791,25.71,Low,2026-06-30
RSK005792,CUS005792,38.96,Medium,2026-06-30
RSK005793,CUS005793,100.0,High,2026-06-30
RSK005794,CUS005794,48.39,Medium,2026-06-30
RSK005795,CUS005795,11.76,Low,2026-06-30
RSK005796,CUS005796,96.78,High,2026-06-30
RSK005797,CUS005797,39.09,Medium,2026-06-30
RSK005798,CUS005798,69.11,High,2026-06-30
RSK005799,CUS005799,10.71,Low,2026-06-30
RSK005800,CUS005800,38.55,Medium,2026-06-30
RSK005801,CUS005801,64.18,High,2026-06-30
RSK005802,CUS005802,70.91,High,2026-06-30
RSK005803,CUS005803,80.26,High,2026-06-30
RSK005804,CUS005804,15.83,Low,2026-06-30
RSK005805,CUS005805,59.02,Medium,2026-06-30
RSK005806,CUS005806,19.53,Low,2026-06-30
RSK005807,CUS005807,86.67,High,2026-06-30
RSK005808,CUS005808,17.31,Low,2026-06-30
RSK005809,CUS005809,45.27,Medium,2026-06-30
RSK005810,CUS005810,31.44,Medium,2026-06-30
RSK005811,CUS005811,41.13,Medium,2026-06-30
RSK005812,CUS005812,27.53,Low,2026-06-30
RSK005813,CUS005813,3.84,Low,2026-06-30
RSK005814,CUS005814,5.14,Low,2026-06-30
RSK005815,CUS005815,40.67,Medium,2026-06-30
RSK005816,CUS005816,20.48,Low,2026-06-30
RSK005817,CUS005817,74.46,High,2026-06-30
RSK005818,CUS005818,46.24,Medium,2026-06-30
RSK005819,CUS005819,53.94,Medium,2026-06-30
RSK005820,CUS005820,99.5,High,2026-06-30
RSK005821,CUS005821,25.8,Low,2026-06-30
RSK005822,CUS005822,77.82,High,2026-06-30
RSK005823,CUS005823,76.1,High,2026-06-30
RSK005824,CUS005824,29.28,Low,2026-06-30
RSK005825,CUS005825,38.47,Medium,2026-06-30
RSK005826,CUS005826,13.34,Low,2026-06-30
RSK005827,CUS005827,31.04,Medium,2026-06-30
RSK005828,CUS005828,98.29,High,2026-06-30
RSK005829,CUS005829,22.2,Low,2026-06-30
RSK005830,CUS005830,67.87,High,2026-06-30
RSK005831,CUS005831,74.53,High,2026-06-30
RSK005832,CUS005832,29.84,Low,2026-06-30
RSK005833,CUS005833,33.26,Medium,2026-06-30
RSK005834,CUS005834,48.63,Medium,2026-06-30
RSK005835,CUS005835,6.16,Low,2026-06-30
RSK005836,CUS005836,48.56,Medium,2026-06-30
RSK005837,CUS005837,20.33,Low,2026-06-30
RSK005838,CUS005838,36.18,Medium,2026-06-30
RSK005839,CUS005839,86.92,High,2026-06-30
RSK005840,CUS005840,100.0,High,2026-06-30
RSK005841,CUS005841,65.38,High,2026-06-30
RSK005842,CUS005842,18.09,Low,2026-06-30
RSK005843,CUS005843,48.81,Medium,2026-06-30
RSK005844,CUS005844,40.62,Medium,2026-06-30
RSK005845,CUS005845,38.54,Medium,2026-06-30
RSK005846,CUS005846,14.46,Low,2026-06-30
RSK005847,CUS005847,37.87,Medium,2026-06-30
RSK005848,CUS005848,100.0,High,2026-06-30
RSK005849,CUS005849,100.0,High,2026-06-30
RSK005850,CUS005850,95.16,High,2026-06-30
RSK005851,CUS005851,100.0,High,2026-06-30
RSK005852,CUS005852,40.7,Medium,2026-06-30
RSK005853,CUS005853,46.24,Medium,2026-06-30
RSK005854,CUS005854,32.5,Medium,2026-06-30
RSK005855,CUS005855,22.95,Low,2026-06-30
RSK005856,CUS005856,9.33,Low,2026-06-30
RSK005857,CUS005857,33.03,Medium,2026-06-30
RSK005858,CUS005858,47.21,Medium,2026-06-30
RSK005859,CUS005859,30.93,Medium,2026-06-30
RSK005860,CUS005860,44.31,Medium,2026-06-30
RSK005861,CUS005861,6.05,Low,2026-06-30
RSK005862,CUS005862,41.67,Medium,2026-06-30
RSK005863,CUS005863,31.7,Medium,2026-06-30
RSK005864,CUS005864,89.61,High,2026-06-30
RSK005865,CUS005865,61.59,High,2026-06-30
RSK005866,CUS005866,57.78,Medium,2026-06-30
RSK005867,CUS005867,61.27,High,2026-06-30
RSK005868,CUS005868,98.45,High,2026-06-30
RSK005869,CUS005869,34.61,Medium,2026-06-30
RSK005870,CUS005870,22.08,Low,2026-06-30
RSK005871,CUS005871,34.0,Medium,2026-06-30
RSK005872,CUS005872,37.9,Medium,2026-06-30
RSK005873,CUS005873,100.0,High,2026-06-30
RSK005874,CUS005874,97.14,High,2026-06-30
RSK005875,CUS005875,75.82,High,2026-06-30
RSK005876,CUS005876,33.82,Medium,2026-06-30
RSK005877,CUS005877,46.34,Medium,2026-06-30
RSK005878,CUS005878,14.94,Low,2026-06-30
RSK005879,CUS005879,57.67,Medium,2026-06-30
RSK005880,CUS005880,35.01,Medium,2026-06-30
RSK005881,CUS005881,25.05,Low,2026-06-30
RSK005882,CUS005882,65.11,High,2026-06-30
RSK005883,CUS005883,28.33,Low,2026-06-30
RSK005884,CUS005884,82.77,High,2026-06-30
RSK005885,CUS005885,34.23,Medium,2026-06-30
RSK005886,CUS005886,38.98,Medium,2026-06-30
RSK005887,CUS005887,71.22,High,2026-06-30
RSK005888,CUS005888,27.53,Low,2026-06-30
RSK005889,CUS005889,26.72,Low,2026-06-30
RSK005890,CUS005890,38.55,Medium,2026-06-30
RSK005891,CUS005891,100.0,High,2026-06-30
RSK005892,CUS005892,92.35,High,2026-06-30
RSK005893,CUS005893,46.11,Medium,2026-06-30
RSK005894,CUS005894,62.36,High,2026-06-30
RSK005895,CUS005895,100.0,High,2026-06-30
RSK005896,CUS005896,12.54,Low,2026-06-30
RSK005897,CUS005897,78.49,High,2026-06-30
RSK005898,CUS005898,46.56,Medium,2026-06-30
RSK005899,CUS005899,51.73,Medium,2026-06-30
RSK005900,CUS005900,18.69,Low,2026-06-30
RSK005901,CUS005901,100.0,High,2026-06-30
RSK005902,CUS005902,22.06,Low,2026-06-30
RSK005903,CUS005903,58.53,Medium,2026-06-30
RSK005904,CUS005904,12.07,Low,2026-06-30
RSK005905,CUS005905,31.91,Medium,2026-06-30
RSK005906,CUS005906,55.61,Medium,2026-06-30
RSK005907,CUS005907,7.48,Low,2026-06-30
RSK005908,CUS005908,38.29,Medium,2026-06-30
RSK005909,CUS005909,14.89,Low,2026-06-30
RSK005910,CUS005910,56.8,Medium,2026-06-30
RSK005911,CUS005911,53.21,Medium,2026-06-30
RSK005912,CUS005912,69.02,High,2026-06-30
RSK005913,CUS005913,38.52,Medium,2026-06-30
RSK005914,CUS005914,100.0,High,2026-06-30
RSK005915,CUS005915,12.25,Low,2026-06-30
RSK005916,CUS005916,29.82,Low,2026-06-30
RSK005917,CUS005917,9.36,Low,2026-06-30
RSK005918,CUS005918,47.85,Medium,2026-06-30
RSK005919,CUS005919,28.16,Low,2026-06-30
RSK005920,CUS005920,39.68,Medium,2026-06-30
RSK005921,CUS005921,24.16,Low,2026-06-30
RSK005922,CUS005922,100.0,High,2026-06-30
RSK005923,CUS005923,39.7,Medium,2026-06-30
RSK005924,CUS005924,27.49,Low,2026-06-30
RSK005925,CUS005925,22.6,Low,2026-06-30
RSK005926,CUS005926,49.26,Medium,2026-06-30
RSK005927,CUS005927,79.71,High,2026-06-30
RSK005928,CUS005928,40.22,Medium,2026-06-30
RSK005929,CUS005929,19.52,Low,2026-06-30
RSK005930,CUS005930,47.48,Medium,2026-06-30
RSK005931,CUS005931,54.07,Medium,2026-06-30
RSK005932,CUS005932,16.63,Low,2026-06-30
RSK005933,CUS005933,30.48,Medium,2026-06-30
RSK005934,CUS005934,19.94,Low,2026-06-30
RSK005935,CUS005935,100.0,High,2026-06-30
RSK005936,CUS005936,14.74,Low,2026-06-30
RSK005937,CUS005937,31.54,Medium,2026-06-30
RSK005938,CUS005938,52.12,Medium,2026-06-30
RSK005939,CUS005939,19.7,Low,2026-06-30
RSK005940,CUS005940,44.44,Medium,2026-06-30
RSK005941,CUS005941,9.74,Low,2026-06-30
RSK005942,CUS005942,94.43,High,2026-06-30
RSK005943,CUS005943,47.59,Medium,2026-06-30
RSK005944,CUS005944,100.0,High,2026-06-30
RSK005945,CUS005945,35.26,Medium,2026-06-30
RSK005946,CUS005946,19.89,Low,2026-06-30
RSK005947,CUS005947,7.34,Low,2026-06-30
RSK005948,CUS005948,27.13,Low,2026-06-30
RSK005949,CUS005949,25.84,Low,2026-06-30
RSK005950,CUS005950,100.0,High,2026-06-30
RSK005951,CUS005951,32.28,Medium,2026-06-30
RSK005952,CUS005952,100.0,High,2026-06-30
RSK005953,CUS005953,9.96,Low,2026-06-30
RSK005954,CUS005954,85.4,High,2026-06-30
RSK005955,CUS005955,32.04,Medium,2026-06-30
RSK005956,CUS005956,27.64,Low,2026-06-30
RSK005957,CUS005957,90.89,High,2026-06-30
RSK005958,CUS005958,36.98,Medium,2026-06-30
RSK005959,CUS005959,100.0,High,2026-06-30
RSK005960,CUS005960,48.34,Medium,2026-06-30
RSK005961,CUS005961,17.89,Low,2026-06-30
RSK005962,CUS005962,44.16,Medium,2026-06-30
RSK005963,CUS005963,29.15,Low,2026-06-30
RSK005964,CUS005964,23.29,Low,2026-06-30
RSK005965,CUS005965,63.46,High,2026-06-30
RSK005966,CUS005966,37.74,Medium,2026-06-30
RSK005967,CUS005967,24.71,Low,2026-06-30
RSK005968,CUS005968,21.03,Low,2026-06-30
RSK005969,CUS005969,100.0,High,2026-06-30
RSK005970,CUS005970,11.03,Low,2026-06-30
RSK005971,CUS005971,15.02,Low,2026-06-30
RSK005972,CUS005972,53.07,Medium,2026-06-30
RSK005973,CUS005973,3.59,Low,2026-06-30
RSK005974,CUS005974,100.0,High,2026-06-30
RSK005975,CUS005975,91.97,High,2026-06-30
RSK005976,CUS005976,34.4,Medium,2026-06-30
RSK005977,CUS005977,100.0,High,2026-06-30
RSK005978,CUS005978,22.88,Low,2026-06-30
RSK005979,CUS005979,37.74,Medium,2026-06-30
RSK005980,CUS005980,38.19,Medium,2026-06-30
RSK005981,CUS005981,72.92,High,2026-06-30
RSK005982,CUS005982,32.46,Medium,2026-06-30
RSK005983,CUS005983,28.1,Low,2026-06-30
RSK005984,CUS005984,40.67,Medium,2026-06-30
RSK005985,CUS005985,40.53,Medium,2026-06-30
RSK005986,CUS005986,16.91,Low,2026-06-30
RSK005987,CUS005987,24.15,Low,2026-06-30
RSK005988,CUS005988,100.0,High,2026-06-30
RSK005989,CUS005989,17.68,Low,2026-06-30
RSK005990,CUS005990,15.19,Low,2026-06-30
RSK005991,CUS005991,100.0,High,2026-06-30
RSK005992,CUS005992,26.22,Low,2026-06-30
RSK005993,CUS005993,94.25,High,2026-06-30
RSK005994,CUS005994,65.17,High,2026-06-30
RSK005995,CUS005995,26.39,Low,2026-06-30
RSK005996,CUS005996,9.32,Low,2026-06-30
RSK005997,CUS005997,100.0,High,2026-06-30
RSK005998,CUS005998,26.83,Low,2026-06-30
RSK005999,CUS005999,27.48,Low,2026-06-30
RSK006000,CUS006000,8.49,Low,2026-06-30
RSK006001,CUS006001,35.7,Medium,2026-06-30
RSK006002,CUS006002,14.04,Low,2026-06-30
RSK006003,CUS006003,22.29,Low,2026-06-30
RSK006004,CUS006004,76.18,High,2026-06-30
RSK006005,CUS006005,60.17,High,2026-06-30
RSK006006,CUS006006,21.41,Low,2026-06-30
RSK006007,CUS006007,100.0,High,2026-06-30
RSK006008,CUS006008,26.0,Low,2026-06-30
RSK006009,CUS006009,100.0,High,2026-06-30
RSK006010,CUS006010,38.99,Medium,2026-06-30
RSK006011,CUS006011,100.0,High,2026-06-30
RSK006012,CUS006012,100.0,High,2026-06-30
RSK006013,CUS006013,85.94,High,2026-06-30
RSK006014,CUS006014,13.2,Low,2026-06-30
RSK006015,CUS006015,83.9,High,2026-06-30
RSK006016,CUS006016,38.45,Medium,2026-06-30
RSK006017,CUS006017,27.84,Low,2026-06-30
RSK006018,CUS006018,100.0,High,2026-06-30
RSK006019,CUS006019,95.55,High,2026-06-30
RSK006020,CUS006020,48.72,Medium,2026-06-30
RSK006021,CUS006021,64.67,High,2026-06-30
RSK006022,CUS006022,58.87,Medium,2026-06-30
RSK006023,CUS006023,9.45,Low,2026-06-30
RSK006024,CUS006024,43.7,Medium,2026-06-30
RSK006025,CUS006025,82.67,High,2026-06-30
RSK006026,CUS006026,54.99,Medium,2026-06-30
RSK006027,CUS006027,34.63,Medium,2026-06-30
RSK006028,CUS006028,32.46,Medium,2026-06-30
RSK006029,CUS006029,24.83,Low,2026-06-30
RSK006030,CUS006030,93.3,High,2026-06-30
RSK006031,CUS006031,83.6,High,2026-06-30
RSK006032,CUS006032,100.0,High,2026-06-30
RSK006033,CUS006033,26.17,Low,2026-06-30
RSK006034,CUS006034,69.36,High,2026-06-30
RSK006035,CUS006035,29.08,Low,2026-06-30
RSK006036,CUS006036,40.25,Medium,2026-06-30
RSK006037,CUS006037,39.32,Medium,2026-06-30
RSK006038,CUS006038,92.32,High,2026-06-30
RSK006039,CUS006039,24.34,Low,2026-06-30
RSK006040,CUS006040,100.0,High,2026-06-30
RSK006041,CUS006041,29.06,Low,2026-06-30
RSK006042,CUS006042,85.23,High,2026-06-30
RSK006043,CUS006043,59.12,Medium,2026-06-30
RSK006044,CUS006044,56.74,Medium,2026-06-30
RSK006045,CUS006045,27.04,Low,2026-06-30
RSK006046,CUS006046,32.14,Medium,2026-06-30
RSK006047,CUS006047,29.02,Low,2026-06-30
RSK006048,CUS006048,100.0,High,2026-06-30
RSK006049,CUS006049,20.13,Low,2026-06-30
RSK006050,CUS006050,79.03,High,2026-06-30
RSK006051,CUS006051,100.0,High,2026-06-30
RSK006052,CUS006052,55.75,Medium,2026-06-30
RSK006053,CUS006053,63.06,High,2026-06-30
RSK006054,CUS006054,64.27,High,2026-06-30
RSK006055,CUS006055,100.0,High,2026-06-30
RSK006056,CUS006056,25.35,Low,2026-06-30
RSK006057,CUS006057,22.98,Low,2026-06-30
RSK006058,CUS006058,45.76,Medium,2026-06-30
RSK006059,CUS006059,11.14,Low,2026-06-30
RSK006060,CUS006060,100.0,High,2026-06-30
RSK006061,CUS006061,74.09,High,2026-06-30
RSK006062,CUS006062,43.37,Medium,2026-06-30
RSK006063,CUS006063,55.04,Medium,2026-06-30
RSK006064,CUS006064,53.66,Medium,2026-06-30
RSK006065,CUS006065,100.0,High,2026-06-30
RSK006066,CUS006066,17.31,Low,2026-06-30
RSK006067,CUS006067,48.9,Medium,2026-06-30
RSK006068,CUS006068,100.0,High,2026-06-30
RSK006069,CUS006069,39.71,Medium,2026-06-30
RSK006070,CUS006070,64.28,High,2026-06-30
RSK006071,CUS006071,100.0,High,2026-06-30
RSK006072,CUS006072,55.7,Medium,2026-06-30
RSK006073,CUS006073,90.36,High,2026-06-30
RSK006074,CUS006074,22.75,Low,2026-06-30
RSK006075,CUS006075,100.0,High,2026-06-30
RSK006076,CUS006076,16.31,Low,2026-06-30
RSK006077,CUS006077,33.92,Medium,2026-06-30
RSK006078,CUS006078,37.02,Medium,2026-06-30
RSK006079,CUS006079,34.35,Medium,2026-06-30
RSK006080,CUS006080,31.92,Medium,2026-06-30
RSK006081,CUS006081,44.72,Medium,2026-06-30
RSK006082,CUS006082,67.79,High,2026-06-30
RSK006083,CUS006083,75.12,High,2026-06-30
RSK006084,CUS006084,100.0,High,2026-06-30
RSK006085,CUS006085,18.42,Low,2026-06-30
RSK006086,CUS006086,100.0,High,2026-06-30
RSK006087,CUS006087,100.0,High,2026-06-30
RSK006088,CUS006088,34.72,Medium,2026-06-30
RSK006089,CUS006089,100.0,High,2026-06-30
RSK006090,CUS006090,81.33,High,2026-06-30
RSK006091,CUS006091,83.24,High,2026-06-30
RSK006092,CUS006092,27.6,Low,2026-06-30
RSK006093,CUS006093,35.22,Medium,2026-06-30
RSK006094,CUS006094,100.0,High,2026-06-30
RSK006095,CUS006095,100.0,High,2026-06-30
RSK006096,CUS006096,27.06,Low,2026-06-30
RSK006097,CUS006097,75.88,High,2026-06-30
RSK006098,CUS006098,100.0,High,2026-06-30
RSK006099,CUS006099,78.69,High,2026-06-30
RSK006100,CUS006100,74.45,High,2026-06-30
RSK006101,CUS006101,47.56,Medium,2026-06-30
RSK006102,CUS006102,90.79,High,2026-06-30
RSK006103,CUS006103,100.0,High,2026-06-30
RSK006104,CUS006104,72.92,High,2026-06-30
RSK006105,CUS006105,100.0,High,2026-06-30
RSK006106,CUS006106,28.02,Low,2026-06-30
RSK006107,CUS006107,32.1,Medium,2026-06-30
RSK006108,CUS006108,16.4,Low,2026-06-30
RSK006109,CUS006109,25.49,Low,2026-06-30
RSK006110,CUS006110,47.4,Medium,2026-06-30
RSK006111,CUS006111,39.18,Medium,2026-06-30
RSK006112,CUS006112,77.77,High,2026-06-30
RSK006113,CUS006113,33.96,Medium,2026-06-30
RSK006114,CUS006114,27.0,Low,2026-06-30
RSK006115,CUS006115,100.0,High,2026-06-30
RSK006116,CUS006116,99.4,High,2026-06-30
RSK006117,CUS006117,44.21,Medium,2026-06-30
RSK006118,CUS006118,64.68,High,2026-06-30
RSK006119,CUS006119,19.95,Low,2026-06-30
RSK006120,CUS006120,17.93,Low,2026-06-30
RSK006121,CUS006121,91.4,High,2026-06-30
RSK006122,CUS006122,100.0,High,2026-06-30
RSK006123,CUS006123,43.61,Medium,2026-06-30
RSK006124,CUS006124,19.83,Low,2026-06-30
RSK006125,CUS006125,23.57,Low,2026-06-30
RSK006126,CUS006126,41.25,Medium,2026-06-30
RSK006127,CUS006127,6.42,Low,2026-06-30
RSK006128,CUS006128,3.82,Low,2026-06-30
RSK006129,CUS006129,100.0,High,2026-06-30
RSK006130,CUS006130,100.0,High,2026-06-30
RSK006131,CUS006131,41.3,Medium,2026-06-30
RSK006132,CUS006132,100.0,High,2026-06-30
RSK006133,CUS006133,79.75,High,2026-06-30
RSK006134,CUS006134,27.54,Low,2026-06-30
RSK006135,CUS006135,100.0,High,2026-06-30
RSK006136,CUS006136,29.04,Low,2026-06-30
RSK006137,CUS006137,39.81,Medium,2026-06-30
RSK006138,CUS006138,21.74,Low,2026-06-30
RSK006139,CUS006139,26.75,Low,2026-06-30
RSK006140,CUS006140,92.09,High,2026-06-30
RSK006141,CUS006141,34.36,Medium,2026-06-30
RSK006142,CUS006142,35.44,Medium,2026-06-30
RSK006143,CUS006143,70.25,High,2026-06-30
RSK006144,CUS006144,49.72,Medium,2026-06-30
RSK006145,CUS006145,80.79,High,2026-06-30
RSK006146,CUS006146,9.27,Low,2026-06-30
RSK006147,CUS006147,50.22,Medium,2026-06-30
RSK006148,CUS006148,62.13,High,2026-06-30
RSK006149,CUS006149,6.01,Low,2026-06-30
RSK006150,CUS006150,70.2,High,2026-06-30
RSK006151,CUS006151,35.98,Medium,2026-06-30
RSK006152,CUS006152,57.0,Medium,2026-06-30
RSK006153,CUS006153,100.0,High,2026-06-30
RSK006154,CUS006154,86.24,High,2026-06-30
RSK006155,CUS006155,30.31,Medium,2026-06-30
RSK006156,CUS006156,58.33,Medium,2026-06-30
RSK006157,CUS006157,62.48,High,2026-06-30
RSK006158,CUS006158,17.8,Low,2026-06-30
RSK006159,CUS006159,32.84,Medium,2026-06-30
RSK006160,CUS006160,17.11,Low,2026-06-30
RSK006161,CUS006161,100.0,High,2026-06-30
RSK006162,CUS006162,87.22,High,2026-06-30
RSK006163,CUS006163,39.26,Medium,2026-06-30
RSK006164,CUS006164,94.27,High,2026-06-30
RSK006165,CUS006165,36.35,Medium,2026-06-30
RSK006166,CUS006166,25.68,Low,2026-06-30
RSK006167,CUS006167,17.02,Low,2026-06-30
RSK006168,CUS006168,12.94,Low,2026-06-30
RSK006169,CUS006169,100.0,High,2026-06-30
RSK006170,CUS006170,100.0,High,2026-06-30
RSK006171,CUS006171,44.05,Medium,2026-06-30
RSK006172,CUS006172,20.1,Low,2026-06-30
RSK006173,CUS006173,33.03,Medium,2026-06-30
RSK006174,CUS006174,44.93,Medium,2026-06-30
RSK006175,CUS006175,100.0,High,2026-06-30
RSK006176,CUS006176,35.02,Medium,2026-06-30
RSK006177,CUS006177,7.29,Low,2026-06-30
RSK006178,CUS006178,25.26,Low,2026-06-30
RSK006179,CUS006179,100.0,High,2026-06-30
RSK006180,CUS006180,60.4,High,2026-06-30
RSK006181,CUS006181,43.15,Medium,2026-06-30
RSK006182,CUS006182,25.14,Low,2026-06-30
RSK006183,CUS006183,43.44,Medium,2026-06-30
RSK006184,CUS006184,85.6,High,2026-06-30
RSK006185,CUS006185,7.47,Low,2026-06-30
RSK006186,CUS006186,42.81,Medium,2026-06-30
RSK006187,CUS006187,30.33,Medium,2026-06-30
RSK006188,CUS006188,39.85,Medium,2026-06-30
RSK006189,CUS006189,54.42,Medium,2026-06-30
RSK006190,CUS006190,100.0,High,2026-06-30
RSK006191,CUS006191,39.36,Medium,2026-06-30
RSK006192,CUS006192,41.48,Medium,2026-06-30
RSK006193,CUS006193,69.33,High,2026-06-30
RSK006194,CUS006194,36.94,Medium,2026-06-30
RSK006195,CUS006195,34.61,Medium,2026-06-30
RSK006196,CUS006196,25.18,Low,2026-06-30
RSK006197,CUS006197,18.35,Low,2026-06-30
RSK006198,CUS006198,39.71,Medium,2026-06-30
RSK006199,CUS006199,84.83,High,2026-06-30
RSK006200,CUS006200,37.41,Medium,2026-06-30
RSK006201,CUS006201,29.52,Low,2026-06-30
RSK006202,CUS006202,17.51,Low,2026-06-30
RSK006203,CUS006203,21.9,Low,2026-06-30
RSK006204,CUS006204,62.5,High,2026-06-30
RSK006205,CUS006205,100.0,High,2026-06-30
RSK006206,CUS006206,21.09,Low,2026-06-30
RSK006207,CUS006207,100.0,High,2026-06-30
RSK006208,CUS006208,44.6,Medium,2026-06-30
RSK006209,CUS006209,42.91,Medium,2026-06-30
RSK006210,CUS006210,83.97,High,2026-06-30
RSK006211,CUS006211,53.02,Medium,2026-06-30
RSK006212,CUS006212,36.1,Medium,2026-06-30
RSK006213,CUS006213,33.19,Medium,2026-06-30
RSK006214,CUS006214,54.5,Medium,2026-06-30
RSK006215,CUS006215,20.72,Low,2026-06-30
RSK006216,CUS006216,100.0,High,2026-06-30
RSK006217,CUS006217,95.11,High,2026-06-30
RSK006218,CUS006218,42.11,Medium,2026-06-30
RSK006219,CUS006219,53.2,Medium,2026-06-30
RSK006220,CUS006220,46.21,Medium,2026-06-30
RSK006221,CUS006221,31.11,Medium,2026-06-30
RSK006222,CUS006222,100.0,High,2026-06-30
RSK006223,CUS006223,66.8,High,2026-06-30
RSK006224,CUS006224,100.0,High,2026-06-30
RSK006225,CUS006225,44.32,Medium,2026-06-30
RSK006226,CUS006226,47.8,Medium,2026-06-30
RSK006227,CUS006227,75.14,High,2026-06-30
RSK006228,CUS006228,16.86,Low,2026-06-30
RSK006229,CUS006229,21.03,Low,2026-06-30
RSK006230,CUS006230,12.15,Low,2026-06-30
RSK006231,CUS006231,14.01,Low,2026-06-30
RSK006232,CUS006232,75.17,High,2026-06-30
RSK006233,CUS006233,100.0,High,2026-06-30
RSK006234,CUS006234,100.0,High,2026-06-30
RSK006235,CUS006235,42.5,Medium,2026-06-30
RSK006236,CUS006236,82.57,High,2026-06-30
RSK006237,CUS006237,26.05,Low,2026-06-30
RSK006238,CUS006238,36.55,Medium,2026-06-30
RSK006239,CUS006239,63.84,High,2026-06-30
RSK006240,CUS006240,100.0,High,2026-06-30
RSK006241,CUS006241,40.11,Medium,2026-06-30
RSK006242,CUS006242,64.83,High,2026-06-30
RSK006243,CUS006243,15.16,Low,2026-06-30
RSK006244,CUS006244,45.86,Medium,2026-06-30
RSK006245,CUS006245,30.72,Medium,2026-06-30
RSK006246,CUS006246,67.94,High,2026-06-30
RSK006247,CUS006247,93.73,High,2026-06-30
RSK006248,CUS006248,51.55,Medium,2026-06-30
RSK006249,CUS006249,100.0,High,2026-06-30
RSK006250,CUS006250,42.26,Medium,2026-06-30
RSK006251,CUS006251,88.17,High,2026-06-30
RSK006252,CUS006252,36.65,Medium,2026-06-30
RSK006253,CUS006253,71.14,High,2026-06-30
RSK006254,CUS006254,19.95,Low,2026-06-30
RSK006255,CUS006255,38.86,Medium,2026-06-30
RSK006256,CUS006256,47.17,Medium,2026-06-30
RSK006257,CUS006257,18.96,Low,2026-06-30
RSK006258,CUS006258,33.5,Medium,2026-06-30
RSK006259,CUS006259,32.43,Medium,2026-06-30
RSK006260,CUS006260,41.67,Medium,2026-06-30
RSK006261,CUS006261,21.32,Low,2026-06-30
RSK006262,CUS006262,50.28,Medium,2026-06-30
RSK006263,CUS006263,19.79,Low,2026-06-30
RSK006264,CUS006264,24.44,Low,2026-06-30
RSK006265,CUS006265,36.86,Medium,2026-06-30
RSK006266,CUS006266,25.36,Low,2026-06-30
RSK006267,CUS006267,8.37,Low,2026-06-30
RSK006268,CUS006268,33.48,Medium,2026-06-30
RSK006269,CUS006269,100.0,High,2026-06-30
RSK006270,CUS006270,37.48,Medium,2026-06-30
RSK006271,CUS006271,24.18,Low,2026-06-30
RSK006272,CUS006272,57.57,Medium,2026-06-30
RSK006273,CUS006273,59.07,Medium,2026-06-30
RSK006274,CUS006274,48.18,Medium,2026-06-30
RSK006275,CUS006275,19.89,Low,2026-06-30
RSK006276,CUS006276,86.68,High,2026-06-30
RSK006277,CUS006277,58.1,Medium,2026-06-30
RSK006278,CUS006278,100.0,High,2026-06-30
RSK006279,CUS006279,85.86,High,2026-06-30
RSK006280,CUS006280,44.36,Medium,2026-06-30
RSK006281,CUS006281,88.9,High,2026-06-30
RSK006282,CUS006282,21.66,Low,2026-06-30
RSK006283,CUS006283,71.67,High,2026-06-30
RSK006284,CUS006284,45.07,Medium,2026-06-30
RSK006285,CUS006285,35.15,Medium,2026-06-30
RSK006286,CUS006286,46.74,Medium,2026-06-30
RSK006287,CUS006287,32.5,Medium,2026-06-30
RSK006288,CUS006288,42.74,Medium,2026-06-30
RSK006289,CUS006289,29.24,Low,2026-06-30
RSK006290,CUS006290,45.55,Medium,2026-06-30
RSK006291,CUS006291,98.94,High,2026-06-30
RSK006292,CUS006292,25.02,Low,2026-06-30
RSK006293,CUS006293,77.77,High,2026-06-30
RSK006294,CUS006294,10.06,Low,2026-06-30
RSK006295,CUS006295,62.24,High,2026-06-30
RSK006296,CUS006296,7.89,Low,2026-06-30
RSK006297,CUS006297,100.0,High,2026-06-30
RSK006298,CUS006298,17.38,Low,2026-06-30
RSK006299,CUS006299,90.31,High,2026-06-30
RSK006300,CUS006300,50.31,Medium,2026-06-30
RSK006301,CUS006301,90.05,High,2026-06-30
RSK006302,CUS006302,22.94,Low,2026-06-30
RSK006303,CUS006303,47.59,Medium,2026-06-30
RSK006304,CUS006304,44.42,Medium,2026-06-30
RSK006305,CUS006305,66.45,High,2026-06-30
RSK006306,CUS006306,24.91,Low,2026-06-30
RSK006307,CUS006307,33.33,Medium,2026-06-30
RSK006308,CUS006308,22.06,Low,2026-06-30
RSK006309,CUS006309,100.0,High,2026-06-30
RSK006310,CUS006310,23.63,Low,2026-06-30
RSK006311,CUS006311,66.63,High,2026-06-30
RSK006312,CUS006312,65.89,High,2026-06-30
RSK006313,CUS006313,71.0,High,2026-06-30
RSK006314,CUS006314,100.0,High,2026-06-30
RSK006315,CUS006315,100.0,High,2026-06-30
RSK006316,CUS006316,29.8,Low,2026-06-30
RSK006317,CUS006317,40.77,Medium,2026-06-30
RSK006318,CUS006318,49.75,Medium,2026-06-30
RSK006319,CUS006319,28.04,Low,2026-06-30
RSK006320,CUS006320,24.31,Low,2026-06-30
RSK006321,CUS006321,67.23,High,2026-06-30
RSK006322,CUS006322,36.09,Medium,2026-06-30
RSK006323,CUS006323,100.0,High,2026-06-30
RSK006324,CUS006324,34.01,Medium,2026-06-30
RSK006325,CUS006325,63.33,High,2026-06-30
RSK006326,CUS006326,38.62,Medium,2026-06-30
RSK006327,CUS006327,66.32,High,2026-06-30
RSK006328,CUS006328,100.0,High,2026-06-30
RSK006329,CUS006329,69.17,High,2026-06-30
RSK006330,CUS006330,26.07,Low,2026-06-30
RSK006331,CUS006331,18.08,Low,2026-06-30
RSK006332,CUS006332,93.24,High,2026-06-30
RSK006333,CUS006333,95.84,High,2026-06-30
RSK006334,CUS006334,24.7,Low,2026-06-30
RSK006335,CUS006335,13.04,Low,2026-06-30
RSK006336,CUS006336,70.88,High,2026-06-30
RSK006337,CUS006337,17.24,Low,2026-06-30
RSK006338,CUS006338,19.57,Low,2026-06-30
RSK006339,CUS006339,14.06,Low,2026-06-30
RSK006340,CUS006340,52.29,Medium,2026-06-30
RSK006341,CUS006341,49.87,Medium,2026-06-30
RSK006342,CUS006342,20.7,Low,2026-06-30
RSK006343,CUS006343,24.85,Low,2026-06-30
RSK006344,CUS006344,60.21,High,2026-06-30
RSK006345,CUS006345,53.47,Medium,2026-06-30
RSK006346,CUS006346,100.0,High,2026-06-30
RSK006347,CUS006347,14.56,Low,2026-06-30
RSK006348,CUS006348,39.11,Medium,2026-06-30
RSK006349,CUS006349,100.0,High,2026-06-30
RSK006350,CUS006350,37.36,Medium,2026-06-30
RSK006351,CUS006351,36.14,Medium,2026-06-30
RSK006352,CUS006352,95.37,High,2026-06-30
RSK006353,CUS006353,15.3,Low,2026-06-30
RSK006354,CUS006354,30.26,Medium,2026-06-30
RSK006355,CUS006355,46.21,Medium,2026-06-30
RSK006356,CUS006356,24.62,Low,2026-06-30
RSK006357,CUS006357,17.41,Low,2026-06-30
RSK006358,CUS006358,100.0,High,2026-06-30
RSK006359,CUS006359,43.25,Medium,2026-06-30
RSK006360,CUS006360,70.54,High,2026-06-30
RSK006361,CUS006361,72.25,High,2026-06-30
RSK006362,CUS006362,25.42,Low,2026-06-30
RSK006363,CUS006363,40.79,Medium,2026-06-30
RSK006364,CUS006364,43.58,Medium,2026-06-30
RSK006365,CUS006365,37.44,Medium,2026-06-30
RSK006366,CUS006366,100.0,High,2026-06-30
RSK006367,CUS006367,40.84,Medium,2026-06-30
RSK006368,CUS006368,12.94,Low,2026-06-30
RSK006369,CUS006369,37.8,Medium,2026-06-30
RSK006370,CUS006370,38.11,Medium,2026-06-30
RSK006371,CUS006371,8.18,Low,2026-06-30
RSK006372,CUS006372,62.89,High,2026-06-30
RSK006373,CUS006373,45.39,Medium,2026-06-30
RSK006374,CUS006374,91.38,High,2026-06-30
RSK006375,CUS006375,12.02,Low,2026-06-30
RSK006376,CUS006376,21.4,Low,2026-06-30
RSK006377,CUS006377,100.0,High,2026-06-30
RSK006378,CUS006378,74.82,High,2026-06-30
RSK006379,CUS006379,28.47,Low,2026-06-30
RSK006380,CUS006380,23.94,Low,2026-06-30
RSK006381,CUS006381,19.64,Low,2026-06-30
RSK006382,CUS006382,98.54,High,2026-06-30
RSK006383,CUS006383,22.73,Low,2026-06-30
RSK006384,CUS006384,18.23,Low,2026-06-30
RSK006385,CUS006385,21.48,Low,2026-06-30
RSK006386,CUS006386,43.74,Medium,2026-06-30
RSK006387,CUS006387,58.15,Medium,2026-06-30
RSK006388,CUS006388,27.0,Low,2026-06-30
RSK006389,CUS006389,62.15,High,2026-06-30
RSK006390,CUS006390,39.84,Medium,2026-06-30
RSK006391,CUS006391,49.05,Medium,2026-06-30
RSK006392,CUS006392,33.48,Medium,2026-06-30
RSK006393,CUS006393,25.9,Low,2026-06-30
RSK006394,CUS006394,37.17,Medium,2026-06-30
RSK006395,CUS006395,9.93,Low,2026-06-30
RSK006396,CUS006396,86.67,High,2026-06-30
RSK006397,CUS006397,100.0,High,2026-06-30
RSK006398,CUS006398,100.0,High,2026-06-30
RSK006399,CUS006399,43.06,Medium,2026-06-30
RSK006400,CUS006400,39.05,Medium,2026-06-30
RSK006401,CUS006401,26.33,Low,2026-06-30
RSK006402,CUS006402,52.19,Medium,2026-06-30
RSK006403,CUS006403,76.35,High,2026-06-30
RSK006404,CUS006404,34.74,Medium,2026-06-30
RSK006405,CUS006405,36.08,Medium,2026-06-30
RSK006406,CUS006406,7.97,Low,2026-06-30
RSK006407,CUS006407,37.1,Medium,2026-06-30
RSK006408,CUS006408,43.74,Medium,2026-06-30
RSK006409,CUS006409,43.04,Medium,2026-06-30
RSK006410,CUS006410,30.51,Medium,2026-06-30
RSK006411,CUS006411,22.29,Low,2026-06-30
RSK006412,CUS006412,40.57,Medium,2026-06-30
RSK006413,CUS006413,79.93,High,2026-06-30
RSK006414,CUS006414,23.89,Low,2026-06-30
RSK006415,CUS006415,21.72,Low,2026-06-30
RSK006416,CUS006416,71.66,High,2026-06-30
RSK006417,CUS006417,100.0,High,2026-06-30
RSK006418,CUS006418,27.53,Low,2026-06-30
RSK006419,CUS006419,85.08,High,2026-06-30
RSK006420,CUS006420,30.76,Medium,2026-06-30
RSK006421,CUS006421,51.3,Medium,2026-06-30
RSK006422,CUS006422,100.0,High,2026-06-30
RSK006423,CUS006423,29.98,Low,2026-06-30
RSK006424,CUS006424,48.99,Medium,2026-06-30
RSK006425,CUS006425,18.8,Low,2026-06-30
RSK006426,CUS006426,21.54,Low,2026-06-30
RSK006427,CUS006427,33.46,Medium,2026-06-30
RSK006428,CUS006428,90.79,High,2026-06-30
RSK006429,CUS006429,28.58,Low,2026-06-30
RSK006430,CUS006430,51.67,Medium,2026-06-30
RSK006431,CUS006431,18.16,Low,2026-06-30
RSK006432,CUS006432,8.44,Low,2026-06-30
RSK006433,CUS006433,38.46,Medium,2026-06-30
RSK006434,CUS006434,30.82,Medium,2026-06-30
RSK006435,CUS006435,3.66,Low,2026-06-30
RSK006436,CUS006436,100.0,High,2026-06-30
RSK006437,CUS006437,76.81,High,2026-06-30
RSK006438,CUS006438,77.99,High,2026-06-30
RSK006439,CUS006439,97.21,High,2026-06-30
RSK006440,CUS006440,31.36,Medium,2026-06-30
RSK006441,CUS006441,41.29,Medium,2026-06-30
RSK006442,CUS006442,86.35,High,2026-06-30
RSK006443,CUS006443,76.4,High,2026-06-30
RSK006444,CUS006444,26.42,Low,2026-06-30
RSK006445,CUS006445,45.42,Medium,2026-06-30
RSK006446,CUS006446,80.33,High,2026-06-30
RSK006447,CUS006447,100.0,High,2026-06-30
RSK006448,CUS006448,12.63,Low,2026-06-30
RSK006449,CUS006449,78.41,High,2026-06-30
RSK006450,CUS006450,27.71,Low,2026-06-30
RSK006451,CUS006451,55.7,Medium,2026-06-30
RSK006452,CUS006452,20.31,Low,2026-06-30
RSK006453,CUS006453,91.81,High,2026-06-30
RSK006454,CUS006454,33.75,Medium,2026-06-30
RSK006455,CUS006455,100.0,High,2026-06-30
RSK006456,CUS006456,31.59,Medium,2026-06-30
RSK006457,CUS006457,15.13,Low,2026-06-30
RSK006458,CUS006458,31.81,Medium,2026-06-30
RSK006459,CUS006459,56.96,Medium,2026-06-30
RSK006460,CUS006460,100.0,High,2026-06-30
RSK006461,CUS006461,40.88,Medium,2026-06-30
RSK006462,CUS006462,6.82,Low,2026-06-30
RSK006463,CUS006463,16.39,Low,2026-06-30
RSK006464,CUS006464,100.0,High,2026-06-30
RSK006465,CUS006465,53.84,Medium,2026-06-30
RSK006466,CUS006466,40.57,Medium,2026-06-30
RSK006467,CUS006467,51.71,Medium,2026-06-30
RSK006468,CUS006468,100.0,High,2026-06-30
RSK006469,CUS006469,100.0,High,2026-06-30
RSK006470,CUS006470,36.36,Medium,2026-06-30
RSK006471,CUS006471,100.0,High,2026-06-30
RSK006472,CUS006472,100.0,High,2026-06-30
RSK006473,CUS006473,16.91,Low,2026-06-30
RSK006474,CUS006474,34.94,Medium,2026-06-30
RSK006475,CUS006475,69.45,High,2026-06-30
RSK006476,CUS006476,38.75,Medium,2026-06-30
RSK006477,CUS006477,43.94,Medium,2026-06-30
RSK006478,CUS006478,83.14,High,2026-06-30
RSK006479,CUS006479,100.0,High,2026-06-30
RSK006480,CUS006480,40.04,Medium,2026-06-30
RSK006481,CUS006481,94.52,High,2026-06-30
RSK006482,CUS006482,31.2,Medium,2026-06-30
RSK006483,CUS006483,66.04,High,2026-06-30
RSK006484,CUS006484,28.96,Low,2026-06-30
RSK006485,CUS006485,5.42,Low,2026-06-30
RSK006486,CUS006486,25.07,Low,2026-06-30
RSK006487,CUS006487,23.39,Low,2026-06-30
RSK006488,CUS006488,64.89,High,2026-06-30
RSK006489,CUS006489,49.02,Medium,2026-06-30
RSK006490,CUS006490,81.15,High,2026-06-30
RSK006491,CUS006491,66.68,High,2026-06-30
RSK006492,CUS006492,25.27,Low,2026-06-30
RSK006493,CUS006493,75.85,High,2026-06-30
RSK006494,CUS006494,100.0,High,2026-06-30
RSK006495,CUS006495,6.53,Low,2026-06-30
RSK006496,CUS006496,24.68,Low,2026-06-30
RSK006497,CUS006497,17.94,Low,2026-06-30
RSK006498,CUS006498,67.52,High,2026-06-30
RSK006499,CUS006499,97.98,High,2026-06-30
RSK006500,CUS006500,99.12,High,2026-06-30
RSK006501,CUS006501,100.0,High,2026-06-30
RSK006502,CUS006502,21.62,Low,2026-06-30
RSK006503,CUS006503,95.85,High,2026-06-30
RSK006504,CUS006504,38.75,Medium,2026-06-30
RSK006505,CUS006505,100.0,High,2026-06-30
RSK006506,CUS006506,28.57,Low,2026-06-30
RSK006507,CUS006507,49.55,Medium,2026-06-30
RSK006508,CUS006508,13.35,Low,2026-06-30
RSK006509,CUS006509,32.39,Medium,2026-06-30
RSK006510,CUS006510,30.34,Medium,2026-06-30
RSK006511,CUS006511,40.62,Medium,2026-06-30
RSK006512,CUS006512,6.82,Low,2026-06-30
RSK006513,CUS006513,82.01,High,2026-06-30
RSK006514,CUS006514,10.24,Low,2026-06-30
RSK006515,CUS006515,35.66,Medium,2026-06-30
RSK006516,CUS006516,25.34,Low,2026-06-30
RSK006517,CUS006517,59.63,Medium,2026-06-30
RSK006518,CUS006518,61.14,High,2026-06-30
RSK006519,CUS006519,100.0,High,2026-06-30
RSK006520,CUS006520,43.43,Medium,2026-06-30
RSK006521,CUS006521,100.0,High,2026-06-30
RSK006522,CUS006522,70.59,High,2026-06-30
RSK006523,CUS006523,73.45,High,2026-06-30
RSK006524,CUS006524,100.0,High,2026-06-30
RSK006525,CUS006525,77.19,High,2026-06-30
RSK006526,CUS006526,37.99,Medium,2026-06-30
RSK006527,CUS006527,21.37,Low,2026-06-30
RSK006528,CUS006528,89.65,High,2026-06-30
RSK006529,CUS006529,36.41,Medium,2026-06-30
RSK006530,CUS006530,46.87,Medium,2026-06-30
RSK006531,CUS006531,14.96,Low,2026-06-30
RSK006532,CUS006532,30.15,Medium,2026-06-30
RSK006533,CUS006533,30.89,Medium,2026-06-30
RSK006534,CUS006534,79.72,High,2026-06-30
RSK006535,CUS006535,100.0,High,2026-06-30
RSK006536,CUS006536,100.0,High,2026-06-30
RSK006537,CUS006537,100.0,High,2026-06-30
RSK006538,CUS006538,36.65,Medium,2026-06-30
RSK006539,CUS006539,32.54,Medium,2026-06-30
RSK006540,CUS006540,94.36,High,2026-06-30
RSK006541,CUS006541,59.64,Medium,2026-06-30
RSK006542,CUS006542,48.83,Medium,2026-06-30
RSK006543,CUS006543,67.69,High,2026-06-30
RSK006544,CUS006544,50.62,Medium,2026-06-30
RSK006545,CUS006545,86.14,High,2026-06-30
RSK006546,CUS006546,99.02,High,2026-06-30
RSK006547,CUS006547,44.17,Medium,2026-06-30
RSK006548,CUS006548,51.81,Medium,2026-06-30
RSK006549,CUS006549,100.0,High,2026-06-30
RSK006550,CUS006550,29.96,Low,2026-06-30
RSK006551,CUS006551,97.65,High,2026-06-30
RSK006552,CUS006552,8.28,Low,2026-06-30
RSK006553,CUS006553,30.4,Medium,2026-06-30
RSK006554,CUS006554,33.25,Medium,2026-06-30
RSK006555,CUS006555,61.2,High,2026-06-30
RSK006556,CUS006556,50.71,Medium,2026-06-30
RSK006557,CUS006557,38.29,Medium,2026-06-30
RSK006558,CUS006558,43.06,Medium,2026-06-30
RSK006559,CUS006559,38.28,Medium,2026-06-30
RSK006560,CUS006560,22.22,Low,2026-06-30
RSK006561,CUS006561,29.26,Low,2026-06-30
RSK006562,CUS006562,10.29,Low,2026-06-30
RSK006563,CUS006563,67.81,High,2026-06-30
RSK006564,CUS006564,20.32,Low,2026-06-30
RSK006565,CUS006565,23.12,Low,2026-06-30
RSK006566,CUS006566,100.0,High,2026-06-30
RSK006567,CUS006567,74.5,High,2026-06-30
RSK006568,CUS006568,37.56,Medium,2026-06-30
RSK006569,CUS006569,70.27,High,2026-06-30
RSK006570,CUS006570,21.46,Low,2026-06-30
RSK006571,CUS006571,100.0,High,2026-06-30
RSK006572,CUS006572,85.93,High,2026-06-30
RSK006573,CUS006573,41.99,Medium,2026-06-30
RSK006574,CUS006574,41.03,Medium,2026-06-30
RSK006575,CUS006575,6.64,Low,2026-06-30
RSK006576,CUS006576,13.21,Low,2026-06-30
RSK006577,CUS006577,83.47,High,2026-06-30
RSK006578,CUS006578,100.0,High,2026-06-30
RSK006579,CUS006579,58.72,Medium,2026-06-30
RSK006580,CUS006580,97.5,High,2026-06-30
RSK006581,CUS006581,100.0,High,2026-06-30
RSK006582,CUS006582,28.35,Low,2026-06-30
RSK006583,CUS006583,41.5,Medium,2026-06-30
RSK006584,CUS006584,100.0,High,2026-06-30
RSK006585,CUS006585,100.0,High,2026-06-30
RSK006586,CUS006586,39.17,Medium,2026-06-30
RSK006587,CUS006587,14.52,Low,2026-06-30
RSK006588,CUS006588,22.51,Low,2026-06-30
RSK006589,CUS006589,30.75,Medium,2026-06-30
RSK006590,CUS006590,92.35,High,2026-06-30
RSK006591,CUS006591,100.0,High,2026-06-30
RSK006592,CUS006592,59.89,Medium,2026-06-30
RSK006593,CUS006593,100.0,High,2026-06-30
RSK006594,CUS006594,24.84,Low,2026-06-30
RSK006595,CUS006595,23.69,Low,2026-06-30
RSK006596,CUS006596,30.7,Medium,2026-06-30
RSK006597,CUS006597,97.16,High,2026-06-30
RSK006598,CUS006598,40.09,Medium,2026-06-30
RSK006599,CUS006599,14.32,Low,2026-06-30
RSK006600,CUS006600,50.29,Medium,2026-06-30
RSK006601,CUS006601,68.23,High,2026-06-30
RSK006602,CUS006602,45.8,Medium,2026-06-30
RSK006603,CUS006603,23.91,Low,2026-06-30
RSK006604,CUS006604,38.52,Medium,2026-06-30
RSK006605,CUS006605,25.77,Low,2026-06-30
RSK006606,CUS006606,60.08,High,2026-06-30
RSK006607,CUS006607,31.0,Medium,2026-06-30
RSK006608,CUS006608,42.41,Medium,2026-06-30
RSK006609,CUS006609,58.36,Medium,2026-06-30
RSK006610,CUS006610,53.19,Medium,2026-06-30
RSK006611,CUS006611,31.94,Medium,2026-06-30
RSK006612,CUS006612,29.22,Low,2026-06-30
RSK006613,CUS006613,100.0,High,2026-06-30
RSK006614,CUS006614,33.43,Medium,2026-06-30
RSK006615,CUS006615,31.76,Medium,2026-06-30
RSK006616,CUS006616,15.61,Low,2026-06-30
RSK006617,CUS006617,22.79,Low,2026-06-30
RSK006618,CUS006618,43.3,Medium,2026-06-30
RSK006619,CUS006619,42.03,Medium,2026-06-30
RSK006620,CUS006620,100.0,High,2026-06-30
RSK006621,CUS006621,38.29,Medium,2026-06-30
RSK006622,CUS006622,44.12,Medium,2026-06-30
RSK006623,CUS006623,100.0,High,2026-06-30
RSK006624,CUS006624,30.84,Medium,2026-06-30
RSK006625,CUS006625,32.64,Medium,2026-06-30
RSK006626,CUS006626,18.77,Low,2026-06-30
RSK006627,CUS006627,11.61,Low,2026-06-30
RSK006628,CUS006628,19.35,Low,2026-06-30
RSK006629,CUS006629,50.24,Medium,2026-06-30
RSK006630,CUS006630,25.31,Low,2026-06-30
RSK006631,CUS006631,54.23,Medium,2026-06-30
RSK006632,CUS006632,32.42,Medium,2026-06-30
RSK006633,CUS006633,100.0,High,2026-06-30
RSK006634,CUS006634,13.08,Low,2026-06-30
RSK006635,CUS006635,18.41,Low,2026-06-30
RSK006636,CUS006636,30.32,Medium,2026-06-30
RSK006637,CUS006637,38.82,Medium,2026-06-30
RSK006638,CUS006638,13.03,Low,2026-06-30
RSK006639,CUS006639,51.02,Medium,2026-06-30
RSK006640,CUS006640,49.78,Medium,2026-06-30
RSK006641,CUS006641,46.49,Medium,2026-06-30
RSK006642,CUS006642,58.42,Medium,2026-06-30
RSK006643,CUS006643,42.13,Medium,2026-06-30
RSK006644,CUS006644,46.96,Medium,2026-06-30
RSK006645,CUS006645,19.53,Low,2026-06-30
RSK006646,CUS006646,52.12,Medium,2026-06-30
RSK006647,CUS006647,46.27,Medium,2026-06-30
RSK006648,CUS006648,100.0,High,2026-06-30
RSK006649,CUS006649,21.19,Low,2026-06-30
RSK006650,CUS006650,100.0,High,2026-06-30
RSK006651,CUS006651,100.0,High,2026-06-30
RSK006652,CUS006652,24.48,Low,2026-06-30
RSK006653,CUS006653,99.82,High,2026-06-30
RSK006654,CUS006654,50.39,Medium,2026-06-30
RSK006655,CUS006655,32.19,Medium,2026-06-30
RSK006656,CUS006656,82.61,High,2026-06-30
RSK006657,CUS006657,14.35,Low,2026-06-30
RSK006658,CUS006658,17.59,Low,2026-06-30
RSK006659,CUS006659,60.15,High,2026-06-30
RSK006660,CUS006660,41.74,Medium,2026-06-30
RSK006661,CUS006661,100.0,High,2026-06-30
RSK006662,CUS006662,31.78,Medium,2026-06-30
RSK006663,CUS006663,25.58,Low,2026-06-30
RSK006664,CUS006664,100.0,High,2026-06-30
RSK006665,CUS006665,35.2,Medium,2026-06-30
RSK006666,CUS006666,24.16,Low,2026-06-30
RSK006667,CUS006667,78.47,High,2026-06-30
RSK006668,CUS006668,23.6,Low,2026-06-30
RSK006669,CUS006669,76.13,High,2026-06-30
RSK006670,CUS006670,11.58,Low,2026-06-30
RSK006671,CUS006671,48.29,Medium,2026-06-30
RSK006672,CUS006672,63.87,High,2026-06-30
RSK006673,CUS006673,25.31,Low,2026-06-30
RSK006674,CUS006674,71.77,High,2026-06-30
RSK006675,CUS006675,100.0,High,2026-06-30
RSK006676,CUS006676,32.6,Medium,2026-06-30
RSK006677,CUS006677,22.77,Low,2026-06-30
RSK006678,CUS006678,8.99,Low,2026-06-30
RSK006679,CUS006679,91.75,High,2026-06-30
RSK006680,CUS006680,46.06,Medium,2026-06-30
RSK006681,CUS006681,16.82,Low,2026-06-30
RSK006682,CUS006682,66.28,High,2026-06-30
RSK006683,CUS006683,13.13,Low,2026-06-30
RSK006684,CUS006684,30.67,Medium,2026-06-30
RSK006685,CUS006685,52.4,Medium,2026-06-30
RSK006686,CUS006686,34.65,Medium,2026-06-30
RSK006687,CUS006687,33.92,Medium,2026-06-30
RSK006688,CUS006688,59.68,Medium,2026-06-30
RSK006689,CUS006689,27.87,Low,2026-06-30
RSK006690,CUS006690,100.0,High,2026-06-30
RSK006691,CUS006691,47.02,Medium,2026-06-30
RSK006692,CUS006692,31.67,Medium,2026-06-30
RSK006693,CUS006693,44.25,Medium,2026-06-30
RSK006694,CUS006694,42.27,Medium,2026-06-30
RSK006695,CUS006695,35.9,Medium,2026-06-30
RSK006696,CUS006696,76.92,High,2026-06-30
RSK006697,CUS006697,9.83,Low,2026-06-30
RSK006698,CUS006698,22.76,Low,2026-06-30
RSK006699,CUS006699,87.28,High,2026-06-30
RSK006700,CUS006700,97.73,High,2026-06-30
RSK006701,CUS006701,12.88,Low,2026-06-30
RSK006702,CUS006702,52.91,Medium,2026-06-30
RSK006703,CUS006703,14.14,Low,2026-06-30
RSK006704,CUS006704,15.95,Low,2026-06-30
RSK006705,CUS006705,58.11,Medium,2026-06-30
RSK006706,CUS006706,41.17,Medium,2026-06-30
RSK006707,CUS006707,18.96,Low,2026-06-30
RSK006708,CUS006708,91.06,High,2026-06-30
RSK006709,CUS006709,33.92,Medium,2026-06-30
RSK006710,CUS006710,14.81,Low,2026-06-30
RSK006711,CUS006711,91.71,High,2026-06-30
RSK006712,CUS006712,44.62,Medium,2026-06-30
RSK006713,CUS006713,63.08,High,2026-06-30
RSK006714,CUS006714,100.0,High,2026-06-30
RSK006715,CUS006715,50.12,Medium,2026-06-30
RSK006716,CUS006716,59.58,Medium,2026-06-30
RSK006717,CUS006717,28.8,Low,2026-06-30
RSK006718,CUS006718,100.0,High,2026-06-30
RSK006719,CUS006719,49.14,Medium,2026-06-30
RSK006720,CUS006720,23.66,Low,2026-06-30
RSK006721,CUS006721,38.75,Medium,2026-06-30
RSK006722,CUS006722,30.46,Medium,2026-06-30
RSK006723,CUS006723,100.0,High,2026-06-30
RSK006724,CUS006724,31.99,Medium,2026-06-30
RSK006725,CUS006725,36.26,Medium,2026-06-30
RSK006726,CUS006726,65.13,High,2026-06-30
RSK006727,CUS006727,100.0,High,2026-06-30
RSK006728,CUS006728,53.29,Medium,2026-06-30
RSK006729,CUS006729,73.52,High,2026-06-30
RSK006730,CUS006730,32.76,Medium,2026-06-30
RSK006731,CUS006731,21.81,Low,2026-06-30
RSK006732,CUS006732,100.0,High,2026-06-30
RSK006733,CUS006733,16.98,Low,2026-06-30
RSK006734,CUS006734,21.92,Low,2026-06-30
RSK006735,CUS006735,81.5,High,2026-06-30
RSK006736,CUS006736,3.88,Low,2026-06-30
RSK006737,CUS006737,49.96,Medium,2026-06-30
RSK006738,CUS006738,30.08,Medium,2026-06-30
RSK006739,CUS006739,37.58,Medium,2026-06-30
RSK006740,CUS006740,45.3,Medium,2026-06-30
RSK006741,CUS006741,100.0,High,2026-06-30
RSK006742,CUS006742,49.11,Medium,2026-06-30
RSK006743,CUS006743,100.0,High,2026-06-30
RSK006744,CUS006744,33.54,Medium,2026-06-30
RSK006745,CUS006745,49.04,Medium,2026-06-30
RSK006746,CUS006746,51.95,Medium,2026-06-30
RSK006747,CUS006747,87.49,High,2026-06-30
RSK006748,CUS006748,100.0,High,2026-06-30
RSK006749,CUS006749,74.97,High,2026-06-30
RSK006750,CUS006750,38.54,Medium,2026-06-30
RSK006751,CUS006751,11.72,Low,2026-06-30
RSK006752,CUS006752,38.16,Medium,2026-06-30
RSK006753,CUS006753,88.96,High,2026-06-30
RSK006754,CUS006754,59.2,Medium,2026-06-30
RSK006755,CUS006755,70.14,High,2026-06-30
RSK006756,CUS006756,30.48,Medium,2026-06-30
RSK006757,CUS006757,34.56,Medium,2026-06-30
RSK006758,CUS006758,61.52,High,2026-06-30
RSK006759,CUS006759,25.37,Low,2026-06-30
RSK006760,CUS006760,16.97,Low,2026-06-30
RSK006761,CUS006761,22.03,Low,2026-06-30
RSK006762,CUS006762,67.0,High,2026-06-30
RSK006763,CUS006763,30.46,Medium,2026-06-30
RSK006764,CUS006764,7.66,Low,2026-06-30
RSK006765,CUS006765,36.71,Medium,2026-06-30
RSK006766,CUS006766,89.4,High,2026-06-30
RSK006767,CUS006767,100.0,High,2026-06-30
RSK006768,CUS006768,18.75,Low,2026-06-30
RSK006769,CUS006769,24.39,Low,2026-06-30
RSK006770,CUS006770,77.95,High,2026-06-30
RSK006771,CUS006771,18.02,Low,2026-06-30
RSK006772,CUS006772,27.3,Low,2026-06-30
RSK006773,CUS006773,23.51,Low,2026-06-30
RSK006774,CUS006774,27.32,Low,2026-06-30
RSK006775,CUS006775,56.08,Medium,2026-06-30
RSK006776,CUS006776,100.0,High,2026-06-30
RSK006777,CUS006777,25.16,Low,2026-06-30
RSK006778,CUS006778,5.62,Low,2026-06-30
RSK006779,CUS006779,66.67,High,2026-06-30
RSK006780,CUS006780,44.98,Medium,2026-06-30
RSK006781,CUS006781,65.33,High,2026-06-30
RSK006782,CUS006782,32.68,Medium,2026-06-30
RSK006783,CUS006783,18.94,Low,2026-06-30
RSK006784,CUS006784,64.83,High,2026-06-30
RSK006785,CUS006785,29.97,Low,2026-06-30
RSK006786,CUS006786,34.03,Medium,2026-06-30
RSK006787,CUS006787,21.64,Low,2026-06-30
RSK006788,CUS006788,100.0,High,2026-06-30
RSK006789,CUS006789,43.61,Medium,2026-06-30
RSK006790,CUS006790,72.18,High,2026-06-30
RSK006791,CUS006791,12.2,Low,2026-06-30
RSK006792,CUS006792,24.71,Low,2026-06-30
RSK006793,CUS006793,45.34,Medium,2026-06-30
RSK006794,CUS006794,20.26,Low,2026-06-30
RSK006795,CUS006795,32.93,Medium,2026-06-30
RSK006796,CUS006796,49.48,Medium,2026-06-30
RSK006797,CUS006797,100.0,High,2026-06-30
RSK006798,CUS006798,67.29,High,2026-06-30
RSK006799,CUS006799,41.54,Medium,2026-06-30
RSK006800,CUS006800,28.88,Low,2026-06-30
RSK006801,CUS006801,43.62,Medium,2026-06-30
RSK006802,CUS006802,17.01,Low,2026-06-30
RSK006803,CUS006803,29.11,Low,2026-06-30
RSK006804,CUS006804,48.35,Medium,2026-06-30
RSK006805,CUS006805,38.34,Medium,2026-06-30
RSK006806,CUS006806,55.14,Medium,2026-06-30
RSK006807,CUS006807,100.0,High,2026-06-30
RSK006808,CUS006808,100.0,High,2026-06-30
RSK006809,CUS006809,100.0,High,2026-06-30
RSK006810,CUS006810,33.74,Medium,2026-06-30
RSK006811,CUS006811,100.0,High,2026-06-30
RSK006812,CUS006812,27.61,Low,2026-06-30
RSK006813,CUS006813,24.19,Low,2026-06-30
RSK006814,CUS006814,39.51,Medium,2026-06-30
RSK006815,CUS006815,100.0,High,2026-06-30
RSK006816,CUS006816,31.57,Medium,2026-06-30
RSK006817,CUS006817,100.0,High,2026-06-30
RSK006818,CUS006818,100.0,High,2026-06-30
RSK006819,CUS006819,100.0,High,2026-06-30
RSK006820,CUS006820,30.58,Medium,2026-06-30
RSK006821,CUS006821,44.92,Medium,2026-06-30
RSK006822,CUS006822,16.86,Low,2026-06-30
RSK006823,CUS006823,11.72,Low,2026-06-30
RSK006824,CUS006824,87.1,High,2026-06-30
RSK006825,CUS006825,100.0,High,2026-06-30
RSK006826,CUS006826,100.0,High,2026-06-30
RSK006827,CUS006827,9.07,Low,2026-06-30
RSK006828,CUS006828,34.08,Medium,2026-06-30
RSK006829,CUS006829,70.0,High,2026-06-30
RSK006830,CUS006830,25.23,Low,2026-06-30
RSK006831,CUS006831,83.52,High,2026-06-30
RSK006832,CUS006832,31.93,Medium,2026-06-30
RSK006833,CUS006833,23.94,Low,2026-06-30
RSK006834,CUS006834,42.1,Medium,2026-06-30
RSK006835,CUS006835,36.51,Medium,2026-06-30
RSK006836,CUS006836,20.88,Low,2026-06-30
RSK006837,CUS006837,100.0,High,2026-06-30
RSK006838,CUS006838,65.46,High,2026-06-30
RSK006839,CUS006839,75.38,High,2026-06-30
RSK006840,CUS006840,66.83,High,2026-06-30
RSK006841,CUS006841,36.27,Medium,2026-06-30
RSK006842,CUS006842,73.18,High,2026-06-30
RSK006843,CUS006843,100.0,High,2026-06-30
RSK006844,CUS006844,79.99,High,2026-06-30
RSK006845,CUS006845,50.12,Medium,2026-06-30
RSK006846,CUS006846,40.86,Medium,2026-06-30
RSK006847,CUS006847,6.86,Low,2026-06-30
RSK006848,CUS006848,84.08,High,2026-06-30
RSK006849,CUS006849,100.0,High,2026-06-30
RSK006850,CUS006850,25.66,Low,2026-06-30
RSK006851,CUS006851,5.23,Low,2026-06-30
RSK006852,CUS006852,66.95,High,2026-06-30
RSK006853,CUS006853,40.58,Medium,2026-06-30
RSK006854,CUS006854,100.0,High,2026-06-30
RSK006855,CUS006855,37.46,Medium,2026-06-30
RSK006856,CUS006856,52.04,Medium,2026-06-30
RSK006857,CUS006857,71.38,High,2026-06-30
RSK006858,CUS006858,17.78,Low,2026-06-30
RSK006859,CUS006859,24.68,Low,2026-06-30
RSK006860,CUS006860,42.96,Medium,2026-06-30
RSK006861,CUS006861,21.66,Low,2026-06-30
RSK006862,CUS006862,63.78,High,2026-06-30
RSK006863,CUS006863,75.96,High,2026-06-30
RSK006864,CUS006864,38.45,Medium,2026-06-30
RSK006865,CUS006865,86.61,High,2026-06-30
RSK006866,CUS006866,100.0,High,2026-06-30
RSK006867,CUS006867,33.06,Medium,2026-06-30
RSK006868,CUS006868,32.05,Medium,2026-06-30
RSK006869,CUS006869,53.51,Medium,2026-06-30
RSK006870,CUS006870,23.35,Low,2026-06-30
RSK006871,CUS006871,70.46,High,2026-06-30
RSK006872,CUS006872,13.58,Low,2026-06-30
RSK006873,CUS006873,35.16,Medium,2026-06-30
RSK006874,CUS006874,100.0,High,2026-06-30
RSK006875,CUS006875,30.92,Medium,2026-06-30
RSK006876,CUS006876,52.99,Medium,2026-06-30
RSK006877,CUS006877,61.46,High,2026-06-30
RSK006878,CUS006878,18.18,Low,2026-06-30
RSK006879,CUS006879,30.71,Medium,2026-06-30
RSK006880,CUS006880,61.48,High,2026-06-30
RSK006881,CUS006881,33.35,Medium,2026-06-30
RSK006882,CUS006882,37.66,Medium,2026-06-30
RSK006883,CUS006883,12.94,Low,2026-06-30
RSK006884,CUS006884,98.19,High,2026-06-30
RSK006885,CUS006885,80.94,High,2026-06-30
RSK006886,CUS006886,50.51,Medium,2026-06-30
RSK006887,CUS006887,40.41,Medium,2026-06-30
RSK006888,CUS006888,34.86,Medium,2026-06-30
RSK006889,CUS006889,25.28,Low,2026-06-30
RSK006890,CUS006890,2.82,Low,2026-06-30
RSK006891,CUS006891,46.53,Medium,2026-06-30
RSK006892,CUS006892,75.3,High,2026-06-30
RSK006893,CUS006893,51.77,Medium,2026-06-30
RSK006894,CUS006894,60.93,High,2026-06-30
RSK006895,CUS006895,20.6,Low,2026-06-30
RSK006896,CUS006896,39.83,Medium,2026-06-30
RSK006897,CUS006897,87.36,High,2026-06-30
RSK006898,CUS006898,87.52,High,2026-06-30
RSK006899,CUS006899,43.54,Medium,2026-06-30
RSK006900,CUS006900,25.62,Low,2026-06-30
RSK006901,CUS006901,21.45,Low,2026-06-30
RSK006902,CUS006902,100.0,High,2026-06-30
RSK006903,CUS006903,80.58,High,2026-06-30
RSK006904,CUS006904,100.0,High,2026-06-30
RSK006905,CUS006905,100.0,High,2026-06-30
RSK006906,CUS006906,76.68,High,2026-06-30
RSK006907,CUS006907,19.02,Low,2026-06-30
RSK006908,CUS006908,44.47,Medium,2026-06-30
RSK006909,CUS006909,81.46,High,2026-06-30
RSK006910,CUS006910,45.9,Medium,2026-06-30
RSK006911,CUS006911,31.15,Medium,2026-06-30
RSK006912,CUS006912,24.66,Low,2026-06-30
RSK006913,CUS006913,94.66,High,2026-06-30
RSK006914,CUS006914,23.02,Low,2026-06-30
RSK006915,CUS006915,56.36,Medium,2026-06-30
RSK006916,CUS006916,78.63,High,2026-06-30
RSK006917,CUS006917,55.88,Medium,2026-06-30
RSK006918,CUS006918,44.13,Medium,2026-06-30
RSK006919,CUS006919,35.21,Medium,2026-06-30
RSK006920,CUS006920,25.33,Low,2026-06-30
RSK006921,CUS006921,53.82,Medium,2026-06-30
RSK006922,CUS006922,27.36,Low,2026-06-30
RSK006923,CUS006923,16.03,Low,2026-06-30
RSK006924,CUS006924,100.0,High,2026-06-30
RSK006925,CUS006925,0.98,Low,2026-06-30
RSK006926,CUS006926,90.98,High,2026-06-30
RSK006927,CUS006927,71.99,High,2026-06-30
RSK006928,CUS006928,43.62,Medium,2026-06-30
RSK006929,CUS006929,38.25,Medium,2026-06-30
RSK006930,CUS006930,89.72,High,2026-06-30
RSK006931,CUS006931,100.0,High,2026-06-30
RSK006932,CUS006932,48.1,Medium,2026-06-30
RSK006933,CUS006933,43.6,Medium,2026-06-30
RSK006934,CUS006934,87.76,High,2026-06-30
RSK006935,CUS006935,35.78,Medium,2026-06-30
RSK006936,CUS006936,81.99,High,2026-06-30
RSK006937,CUS006937,37.3,Medium,2026-06-30
RSK006938,CUS006938,35.08,Medium,2026-06-30
RSK006939,CUS006939,43.55,Medium,2026-06-30
RSK006940,CUS006940,20.07,Low,2026-06-30
RSK006941,CUS006941,45.25,Medium,2026-06-30
RSK006942,CUS006942,13.92,Low,2026-06-30
RSK006943,CUS006943,37.57,Medium,2026-06-30
RSK006944,CUS006944,88.93,High,2026-06-30
RSK006945,CUS006945,77.33,High,2026-06-30
RSK006946,CUS006946,56.4,Medium,2026-06-30
RSK006947,CUS006947,36.45,Medium,2026-06-30
RSK006948,CUS006948,58.81,Medium,2026-06-30
RSK006949,CUS006949,16.32,Low,2026-06-30
RSK006950,CUS006950,31.6,Medium,2026-06-30
RSK006951,CUS006951,19.54,Low,2026-06-30
RSK006952,CUS006952,41.86,Medium,2026-06-30
RSK006953,CUS006953,87.22,High,2026-06-30
RSK006954,CUS006954,100.0,High,2026-06-30
RSK006955,CUS006955,23.84,Low,2026-06-30
RSK006956,CUS006956,17.54,Low,2026-06-30
RSK006957,CUS006957,30.2,Medium,2026-06-30
RSK006958,CUS006958,65.61,High,2026-06-30
RSK006959,CUS006959,79.92,High,2026-06-30
RSK006960,CUS006960,37.18,Medium,2026-06-30
RSK006961,CUS006961,100.0,High,2026-06-30
RSK006962,CUS006962,56.16,Medium,2026-06-30
RSK006963,CUS006963,44.49,Medium,2026-06-30
RSK006964,CUS006964,27.9,Low,2026-06-30
RSK006965,CUS006965,70.86,High,2026-06-30
RSK006966,CUS006966,41.6,Medium,2026-06-30
RSK006967,CUS006967,24.67,Low,2026-06-30
RSK006968,CUS006968,98.61,High,2026-06-30
RSK006969,CUS006969,44.76,Medium,2026-06-30
RSK006970,CUS006970,5.54,Low,2026-06-30
RSK006971,CUS006971,6.12,Low,2026-06-30
RSK006972,CUS006972,41.07,Medium,2026-06-30
RSK006973,CUS006973,100.0,High,2026-06-30
RSK006974,CUS006974,30.26,Medium,2026-06-30
RSK006975,CUS006975,100.0,High,2026-06-30
RSK006976,CUS006976,53.62,Medium,2026-06-30
RSK006977,CUS006977,17.67,Low,2026-06-30
RSK006978,CUS006978,70.12,High,2026-06-30
RSK006979,CUS006979,49.02,Medium,2026-06-30
RSK006980,CUS006980,34.35,Medium,2026-06-30
RSK006981,CUS006981,58.97,Medium,2026-06-30
RSK006982,CUS006982,50.4,Medium,2026-06-30
RSK006983,CUS006983,20.46,Low,2026-06-30
RSK006984,CUS006984,88.51,High,2026-06-30
RSK006985,CUS006985,38.96,Medium,2026-06-30
RSK006986,CUS006986,53.32,Medium,2026-06-30
RSK006987,CUS006987,25.41,Low,2026-06-30
RSK006988,CUS006988,100.0,High,2026-06-30
RSK006989,CUS006989,66.16,High,2026-06-30
RSK006990,CUS006990,19.09,Low,2026-06-30
RSK006991,CUS006991,88.57,High,2026-06-30
RSK006992,CUS006992,90.69,High,2026-06-30
RSK006993,CUS006993,27.28,Low,2026-06-30
RSK006994,CUS006994,35.63,Medium,2026-06-30
RSK006995,CUS006995,52.82,Medium,2026-06-30
RSK006996,CUS006996,49.87,Medium,2026-06-30
RSK006997,CUS006997,28.1,Low,2026-06-30
RSK006998,CUS006998,19.89,Low,2026-06-30
RSK006999,CUS006999,33.06,Medium,2026-06-30
RSK007000,CUS007000,55.7,Medium,2026-06-30
RSK007001,CUS007001,30.05,Medium,2026-06-30
RSK007002,CUS007002,18.25,Low,2026-06-30
RSK007003,CUS007003,66.06,High,2026-06-30
RSK007004,CUS007004,100.0,High,2026-06-30
RSK007005,CUS007005,41.95,Medium,2026-06-30
RSK007006,CUS007006,100.0,High,2026-06-30
RSK007007,CUS007007,76.01,High,2026-06-30
RSK007008,CUS007008,63.48,High,2026-06-30
RSK007009,CUS007009,97.0,High,2026-06-30
RSK007010,CUS007010,90.91,High,2026-06-30
RSK007011,CUS007011,14.6,Low,2026-06-30
RSK007012,CUS007012,27.46,Low,2026-06-30
RSK007013,CUS007013,100.0,High,2026-06-30
RSK007014,CUS007014,18.02,Low,2026-06-30
RSK007015,CUS007015,52.98,Medium,2026-06-30
RSK007016,CUS007016,100.0,High,2026-06-30
RSK007017,CUS007017,33.58,Medium,2026-06-30
RSK007018,CUS007018,43.85,Medium,2026-06-30
RSK007019,CUS007019,85.33,High,2026-06-30
RSK007020,CUS007020,35.51,Medium,2026-06-30
RSK007021,CUS007021,30.17,Medium,2026-06-30
RSK007022,CUS007022,31.32,Medium,2026-06-30
RSK007023,CUS007023,33.4,Medium,2026-06-30
RSK007024,CUS007024,100.0,High,2026-06-30
RSK007025,CUS007025,38.9,Medium,2026-06-30
RSK007026,CUS007026,9.17,Low,2026-06-30
RSK007027,CUS007027,10.22,Low,2026-06-30
RSK007028,CUS007028,24.14,Low,2026-06-30
RSK007029,CUS007029,31.2,Medium,2026-06-30
RSK007030,CUS007030,53.73,Medium,2026-06-30
RSK007031,CUS007031,19.72,Low,2026-06-30
RSK007032,CUS007032,73.31,High,2026-06-30
RSK007033,CUS007033,52.91,Medium,2026-06-30
RSK007034,CUS007034,94.83,High,2026-06-30
RSK007035,CUS007035,100.0,High,2026-06-30
RSK007036,CUS007036,58.18,Medium,2026-06-30
RSK007037,CUS007037,24.97,Low,2026-06-30
RSK007038,CUS007038,27.89,Low,2026-06-30
RSK007039,CUS007039,60.75,High,2026-06-30
RSK007040,CUS007040,41.19,Medium,2026-06-30
RSK007041,CUS007041,38.56,Medium,2026-06-30
RSK007042,CUS007042,40.64,Medium,2026-06-30
RSK007043,CUS007043,47.13,Medium,2026-06-30
RSK007044,CUS007044,46.88,Medium,2026-06-30
RSK007045,CUS007045,18.92,Low,2026-06-30
RSK007046,CUS007046,38.0,Medium,2026-06-30
RSK007047,CUS007047,35.03,Medium,2026-06-30
RSK007048,CUS007048,57.17,Medium,2026-06-30
RSK007049,CUS007049,48.83,Medium,2026-06-30
RSK007050,CUS007050,29.28,Low,2026-06-30
RSK007051,CUS007051,41.55,Medium,2026-06-30
RSK007052,CUS007052,54.81,Medium,2026-06-30
RSK007053,CUS007053,60.81,High,2026-06-30
RSK007054,CUS007054,100.0,High,2026-06-30
RSK007055,CUS007055,100.0,High,2026-06-30
RSK007056,CUS007056,27.52,Low,2026-06-30
RSK007057,CUS007057,46.18,Medium,2026-06-30
RSK007058,CUS007058,34.22,Medium,2026-06-30
RSK007059,CUS007059,49.47,Medium,2026-06-30
RSK007060,CUS007060,18.23,Low,2026-06-30
RSK007061,CUS007061,24.14,Low,2026-06-30
RSK007062,CUS007062,38.86,Medium,2026-06-30
RSK007063,CUS007063,100.0,High,2026-06-30
RSK007064,CUS007064,42.05,Medium,2026-06-30
RSK007065,CUS007065,29.24,Low,2026-06-30
RSK007066,CUS007066,52.34,Medium,2026-06-30
RSK007067,CUS007067,55.94,Medium,2026-06-30
RSK007068,CUS007068,25.42,Low,2026-06-30
RSK007069,CUS007069,48.34,Medium,2026-06-30
RSK007070,CUS007070,100.0,High,2026-06-30
RSK007071,CUS007071,100.0,High,2026-06-30
RSK007072,CUS007072,86.15,High,2026-06-30
RSK007073,CUS007073,7.77,Low,2026-06-30
RSK007074,CUS007074,95.41,High,2026-06-30
RSK007075,CUS007075,100.0,High,2026-06-30
RSK007076,CUS007076,39.55,Medium,2026-06-30
RSK007077,CUS007077,97.99,High,2026-06-30
RSK007078,CUS007078,47.94,Medium,2026-06-30
RSK007079,CUS007079,96.53,High,2026-06-30
RSK007080,CUS007080,87.66,High,2026-06-30
RSK007081,CUS007081,23.14,Low,2026-06-30
RSK007082,CUS007082,100.0,High,2026-06-30
RSK007083,CUS007083,26.81,Low,2026-06-30
RSK007084,CUS007084,21.37,Low,2026-06-30
RSK007085,CUS007085,97.08,High,2026-06-30
RSK007086,CUS007086,22.96,Low,2026-06-30
RSK007087,CUS007087,12.64,Low,2026-06-30
RSK007088,CUS007088,23.43,Low,2026-06-30
RSK007089,CUS007089,100.0,High,2026-06-30
RSK007090,CUS007090,67.65,High,2026-06-30
RSK007091,CUS007091,77.39,High,2026-06-30
RSK007092,CUS007092,27.48,Low,2026-06-30
RSK007093,CUS007093,50.01,Medium,2026-06-30
RSK007094,CUS007094,12.46,Low,2026-06-30
RSK007095,CUS007095,79.18,High,2026-06-30
RSK007096,CUS007096,70.52,High,2026-06-30
RSK007097,CUS007097,64.46,High,2026-06-30
RSK007098,CUS007098,84.07,High,2026-06-30
RSK007099,CUS007099,49.83,Medium,2026-06-30
RSK007100,CUS007100,41.96,Medium,2026-06-30
RSK007101,CUS007101,100.0,High,2026-06-30
RSK007102,CUS007102,45.71,Medium,2026-06-30
RSK007103,CUS007103,27.0,Low,2026-06-30
RSK007104,CUS007104,53.26,Medium,2026-06-30
RSK007105,CUS007105,99.95,High,2026-06-30
RSK007106,CUS007106,47.42,Medium,2026-06-30
RSK007107,CUS007107,23.33,Low,2026-06-30
RSK007108,CUS007108,28.16,Low,2026-06-30
RSK007109,CUS007109,57.1,Medium,2026-06-30
RSK007110,CUS007110,62.43,High,2026-06-30
RSK007111,CUS007111,18.36,Low,2026-06-30
RSK007112,CUS007112,23.94,Low,2026-06-30
RSK007113,CUS007113,59.0,Medium,2026-06-30
RSK007114,CUS007114,75.81,High,2026-06-30
RSK007115,CUS007115,44.94,Medium,2026-06-30
RSK007116,CUS007116,100.0,High,2026-06-30
RSK007117,CUS007117,88.5,High,2026-06-30
RSK007118,CUS007118,29.59,Low,2026-06-30
RSK007119,CUS007119,38.28,Medium,2026-06-30
RSK007120,CUS007120,18.9,Low,2026-06-30
RSK007121,CUS007121,16.18,Low,2026-06-30
RSK007122,CUS007122,50.89,Medium,2026-06-30
RSK007123,CUS007123,76.09,High,2026-06-30
RSK007124,CUS007124,17.66,Low,2026-06-30
RSK007125,CUS007125,30.22,Medium,2026-06-30
RSK007126,CUS007126,78.81,High,2026-06-30
RSK007127,CUS007127,67.79,High,2026-06-30
RSK007128,CUS007128,45.66,Medium,2026-06-30
RSK007129,CUS007129,14.54,Low,2026-06-30
RSK007130,CUS007130,40.8,Medium,2026-06-30
RSK007131,CUS007131,44.77,Medium,2026-06-30
RSK007132,CUS007132,19.7,Low,2026-06-30
RSK007133,CUS007133,100.0,High,2026-06-30
RSK007134,CUS007134,100.0,High,2026-06-30
RSK007135,CUS007135,28.33,Low,2026-06-30
RSK007136,CUS007136,99.1,High,2026-06-30
RSK007137,CUS007137,77.29,High,2026-06-30
RSK007138,CUS007138,47.58,Medium,2026-06-30
RSK007139,CUS007139,60.59,High,2026-06-30
RSK007140,CUS007140,80.87,High,2026-06-30
RSK007141,CUS007141,100.0,High,2026-06-30
RSK007142,CUS007142,41.26,Medium,2026-06-30
RSK007143,CUS007143,58.38,Medium,2026-06-30
RSK007144,CUS007144,77.27,High,2026-06-30
RSK007145,CUS007145,85.29,High,2026-06-30
RSK007146,CUS007146,100.0,High,2026-06-30
RSK007147,CUS007147,30.05,Medium,2026-06-30
RSK007148,CUS007148,14.43,Low,2026-06-30
RSK007149,CUS007149,86.25,High,2026-06-30
RSK007150,CUS007150,29.16,Low,2026-06-30
RSK007151,CUS007151,22.6,Low,2026-06-30
RSK007152,CUS007152,100.0,High,2026-06-30
RSK007153,CUS007153,64.24,High,2026-06-30
RSK007154,CUS007154,39.91,Medium,2026-06-30
RSK007155,CUS007155,100.0,High,2026-06-30
RSK007156,CUS007156,32.73,Medium,2026-06-30
RSK007157,CUS007157,57.08,Medium,2026-06-30
RSK007158,CUS007158,35.46,Medium,2026-06-30
RSK007159,CUS007159,52.35,Medium,2026-06-30
RSK007160,CUS007160,48.62,Medium,2026-06-30
RSK007161,CUS007161,100.0,High,2026-06-30
RSK007162,CUS007162,12.63,Low,2026-06-30
RSK007163,CUS007163,12.87,Low,2026-06-30
RSK007164,CUS007164,84.89,High,2026-06-30
RSK007165,CUS007165,100.0,High,2026-06-30
RSK007166,CUS007166,32.94,Medium,2026-06-30
RSK007167,CUS007167,20.05,Low,2026-06-30
RSK007168,CUS007168,29.5,Low,2026-06-30
RSK007169,CUS007169,32.13,Medium,2026-06-30
RSK007170,CUS007170,100.0,High,2026-06-30
RSK007171,CUS007171,21.08,Low,2026-06-30
RSK007172,CUS007172,32.54,Medium,2026-06-30
RSK007173,CUS007173,100.0,High,2026-06-30
RSK007174,CUS007174,59.32,Medium,2026-06-30
RSK007175,CUS007175,41.08,Medium,2026-06-30
RSK007176,CUS007176,89.82,High,2026-06-30
RSK007177,CUS007177,52.3,Medium,2026-06-30
RSK007178,CUS007178,23.86,Low,2026-06-30
RSK007179,CUS007179,42.77,Medium,2026-06-30
RSK007180,CUS007180,100.0,High,2026-06-30
RSK007181,CUS007181,100.0,High,2026-06-30
RSK007182,CUS007182,100.0,High,2026-06-30
RSK007183,CUS007183,42.41,Medium,2026-06-30
RSK007184,CUS007184,93.77,High,2026-06-30
RSK007185,CUS007185,28.66,Low,2026-06-30
RSK007186,CUS007186,37.94,Medium,2026-06-30
RSK007187,CUS007187,26.16,Low,2026-06-30
RSK007188,CUS007188,19.86,Low,2026-06-30
RSK007189,CUS007189,67.15,High,2026-06-30
RSK007190,CUS007190,81.27,High,2026-06-30
RSK007191,CUS007191,99.27,High,2026-06-30
RSK007192,CUS007192,27.2,Low,2026-06-30
RSK007193,CUS007193,100.0,High,2026-06-30
RSK007194,CUS007194,22.19,Low,2026-06-30
RSK007195,CUS007195,86.81,High,2026-06-30
RSK007196,CUS007196,19.8,Low,2026-06-30
RSK007197,CUS007197,73.34,High,2026-06-30
RSK007198,CUS007198,35.31,Medium,2026-06-30
RSK007199,CUS007199,43.46,Medium,2026-06-30
RSK007200,CUS007200,8.01,Low,2026-06-30
RSK007201,CUS007201,19.51,Low,2026-06-30
RSK007202,CUS007202,76.34,High,2026-06-30
RSK007203,CUS007203,97.98,High,2026-06-30
RSK007204,CUS007204,55.62,Medium,2026-06-30
RSK007205,CUS007205,54.53,Medium,2026-06-30
RSK007206,CUS007206,81.98,High,2026-06-30
RSK007207,CUS007207,100.0,High,2026-06-30
RSK007208,CUS007208,38.47,Medium,2026-06-30
RSK007209,CUS007209,15.3,Low,2026-06-30
RSK007210,CUS007210,84.27,High,2026-06-30
RSK007211,CUS007211,100.0,High,2026-06-30
RSK007212,CUS007212,28.93,Low,2026-06-30
RSK007213,CUS007213,35.76,Medium,2026-06-30
RSK007214,CUS007214,41.22,Medium,2026-06-30
RSK007215,CUS007215,5.82,Low,2026-06-30
RSK007216,CUS007216,100.0,High,2026-06-30
RSK007217,CUS007217,10.75,Low,2026-06-30
RSK007218,CUS007218,34.19,Medium,2026-06-30
RSK007219,CUS007219,100.0,High,2026-06-30
RSK007220,CUS007220,96.84,High,2026-06-30
RSK007221,CUS007221,43.05,Medium,2026-06-30
RSK007222,CUS007222,33.07,Medium,2026-06-30
RSK007223,CUS007223,53.61,Medium,2026-06-30
RSK007224,CUS007224,80.16,High,2026-06-30
RSK007225,CUS007225,100.0,High,2026-06-30
RSK007226,CUS007226,14.23,Low,2026-06-30
RSK007227,CUS007227,46.77,Medium,2026-06-30
RSK007228,CUS007228,100.0,High,2026-06-30
RSK007229,CUS007229,52.46,Medium,2026-06-30
RSK007230,CUS007230,85.92,High,2026-06-30
RSK007231,CUS007231,33.54,Medium,2026-06-30
RSK007232,CUS007232,100.0,High,2026-06-30
RSK007233,CUS007233,34.31,Medium,2026-06-30
RSK007234,CUS007234,15.04,Low,2026-06-30
RSK007235,CUS007235,100.0,High,2026-06-30
RSK007236,CUS007236,26.13,Low,2026-06-30
RSK007237,CUS007237,58.67,Medium,2026-06-30
RSK007238,CUS007238,100.0,High,2026-06-30
RSK007239,CUS007239,38.05,Medium,2026-06-30
RSK007240,CUS007240,17.42,Low,2026-06-30
RSK007241,CUS007241,35.04,Medium,2026-06-30
RSK007242,CUS007242,31.64,Medium,2026-06-30
RSK007243,CUS007243,36.87,Medium,2026-06-30
RSK007244,CUS007244,65.34,High,2026-06-30
RSK007245,CUS007245,12.15,Low,2026-06-30
RSK007246,CUS007246,42.12,Medium,2026-06-30
RSK007247,CUS007247,14.14,Low,2026-06-30
RSK007248,CUS007248,28.69,Low,2026-06-30
RSK007249,CUS007249,45.24,Medium,2026-06-30
RSK007250,CUS007250,33.02,Medium,2026-06-30
RSK007251,CUS007251,26.7,Low,2026-06-30
RSK007252,CUS007252,29.2,Low,2026-06-30
RSK007253,CUS007253,97.33,High,2026-06-30
RSK007254,CUS007254,71.12,High,2026-06-30
RSK007255,CUS007255,86.33,High,2026-06-30
RSK007256,CUS007256,3.36,Low,2026-06-30
RSK007257,CUS007257,100.0,High,2026-06-30
RSK007258,CUS007258,31.26,Medium,2026-06-30
RSK007259,CUS007259,56.6,Medium,2026-06-30
RSK007260,CUS007260,86.73,High,2026-06-30
RSK007261,CUS007261,100.0,High,2026-06-30
RSK007262,CUS007262,35.89,Medium,2026-06-30
RSK007263,CUS007263,100.0,High,2026-06-30
RSK007264,CUS007264,15.87,Low,2026-06-30
RSK007265,CUS007265,52.08,Medium,2026-06-30
RSK007266,CUS007266,100.0,High,2026-06-30
RSK007267,CUS007267,72.17,High,2026-06-30
RSK007268,CUS007268,43.32,Medium,2026-06-30
RSK007269,CUS007269,100.0,High,2026-06-30
RSK007270,CUS007270,43.05,Medium,2026-06-30
RSK007271,CUS007271,20.36,Low,2026-06-30
RSK007272,CUS007272,77.63,High,2026-06-30
RSK007273,CUS007273,35.43,Medium,2026-06-30
RSK007274,CUS007274,100.0,High,2026-06-30
RSK007275,CUS007275,100.0,High,2026-06-30
RSK007276,CUS007276,100.0,High,2026-06-30
RSK007277,CUS007277,32.64,Medium,2026-06-30
RSK007278,CUS007278,21.66,Low,2026-06-30
RSK007279,CUS007279,42.92,Medium,2026-06-30
RSK007280,CUS007280,73.7,High,2026-06-30
RSK007281,CUS007281,76.33,High,2026-06-30
RSK007282,CUS007282,41.47,Medium,2026-06-30
RSK007283,CUS007283,23.52,Low,2026-06-30
RSK007284,CUS007284,39.98,Medium,2026-06-30
RSK007285,CUS007285,39.86,Medium,2026-06-30
RSK007286,CUS007286,52.42,Medium,2026-06-30
RSK007287,CUS007287,49.9,Medium,2026-06-30
RSK007288,CUS007288,24.45,Low,2026-06-30
RSK007289,CUS007289,26.07,Low,2026-06-30
RSK007290,CUS007290,68.73,High,2026-06-30
RSK007291,CUS007291,37.05,Medium,2026-06-30
RSK007292,CUS007292,31.14,Medium,2026-06-30
RSK007293,CUS007293,100.0,High,2026-06-30
RSK007294,CUS007294,98.28,High,2026-06-30
RSK007295,CUS007295,10.73,Low,2026-06-30
RSK007296,CUS007296,61.6,High,2026-06-30
RSK007297,CUS007297,8.52,Low,2026-06-30
RSK007298,CUS007298,90.52,High,2026-06-30
RSK007299,CUS007299,100.0,High,2026-06-30
RSK007300,CUS007300,27.05,Low,2026-06-30
RSK007301,CUS007301,64.18,High,2026-06-30
RSK007302,CUS007302,38.73,Medium,2026-06-30
RSK007303,CUS007303,34.04,Medium,2026-06-30
RSK007304,CUS007304,66.39,High,2026-06-30
RSK007305,CUS007305,100.0,High,2026-06-30
RSK007306,CUS007306,41.18,Medium,2026-06-30
RSK007307,CUS007307,88.25,High,2026-06-30
RSK007308,CUS007308,34.08,Medium,2026-06-30
RSK007309,CUS007309,31.32,Medium,2026-06-30
RSK007310,CUS007310,100.0,High,2026-06-30
RSK007311,CUS007311,42.71,Medium,2026-06-30
RSK007312,CUS007312,100.0,High,2026-06-30
RSK007313,CUS007313,50.77,Medium,2026-06-30
RSK007314,CUS007314,87.25,High,2026-06-30
RSK007315,CUS007315,36.55,Medium,2026-06-30
RSK007316,CUS007316,15.44,Low,2026-06-30
RSK007317,CUS007317,28.52,Low,2026-06-30
RSK007318,CUS007318,73.14,High,2026-06-30
RSK007319,CUS007319,34.73,Medium,2026-06-30
RSK007320,CUS007320,100.0,High,2026-06-30
RSK007321,CUS007321,71.47,High,2026-06-30
RSK007322,CUS007322,10.94,Low,2026-06-30
RSK007323,CUS007323,9.83,Low,2026-06-30
RSK007324,CUS007324,8.76,Low,2026-06-30
RSK007325,CUS007325,38.41,Medium,2026-06-30
RSK007326,CUS007326,100.0,High,2026-06-30
RSK007327,CUS007327,87.96,High,2026-06-30
RSK007328,CUS007328,7.21,Low,2026-06-30
RSK007329,CUS007329,100.0,High,2026-06-30
RSK007330,CUS007330,31.17,Medium,2026-06-30
RSK007331,CUS007331,100.0,High,2026-06-30
RSK007332,CUS007332,76.58,High,2026-06-30
RSK007333,CUS007333,100.0,High,2026-06-30
RSK007334,CUS007334,79.77,High,2026-06-30
RSK007335,CUS007335,86.59,High,2026-06-30
RSK007336,CUS007336,24.05,Low,2026-06-30
RSK007337,CUS007337,68.57,High,2026-06-30
RSK007338,CUS007338,39.42,Medium,2026-06-30
RSK007339,CUS007339,90.59,High,2026-06-30
RSK007340,CUS007340,100.0,High,2026-06-30
RSK007341,CUS007341,50.05,Medium,2026-06-30
RSK007342,CUS007342,43.08,Medium,2026-06-30
RSK007343,CUS007343,22.51,Low,2026-06-30
RSK007344,CUS007344,43.33,Medium,2026-06-30
RSK007345,CUS007345,29.91,Low,2026-06-30
RSK007346,CUS007346,19.57,Low,2026-06-30
RSK007347,CUS007347,35.88,Medium,2026-06-30
RSK007348,CUS007348,89.41,High,2026-06-30
RSK007349,CUS007349,46.0,Medium,2026-06-30
RSK007350,CUS007350,11.06,Low,2026-06-30
RSK007351,CUS007351,47.82,Medium,2026-06-30
RSK007352,CUS007352,100.0,High,2026-06-30
RSK007353,CUS007353,35.08,Medium,2026-06-30
RSK007354,CUS007354,23.94,Low,2026-06-30
RSK007355,CUS007355,41.2,Medium,2026-06-30
RSK007356,CUS007356,34.36,Medium,2026-06-30
RSK007357,CUS007357,52.62,Medium,2026-06-30
RSK007358,CUS007358,20.08,Low,2026-06-30
RSK007359,CUS007359,72.26,High,2026-06-30
RSK007360,CUS007360,41.15,Medium,2026-06-30
RSK007361,CUS007361,92.99,High,2026-06-30
RSK007362,CUS007362,30.78,Medium,2026-06-30
RSK007363,CUS007363,6.35,Low,2026-06-30
RSK007364,CUS007364,31.02,Medium,2026-06-30
RSK007365,CUS007365,92.98,High,2026-06-30
RSK007366,CUS007366,39.95,Medium,2026-06-30
RSK007367,CUS007367,38.02,Medium,2026-06-30
RSK007368,CUS007368,100.0,High,2026-06-30
RSK007369,CUS007369,24.88,Low,2026-06-30
RSK007370,CUS007370,100.0,High,2026-06-30
RSK007371,CUS007371,100.0,High,2026-06-30
RSK007372,CUS007372,100.0,High,2026-06-30
RSK007373,CUS007373,55.72,Medium,2026-06-30
RSK007374,CUS007374,28.27,Low,2026-06-30
RSK007375,CUS007375,27.54,Low,2026-06-30
RSK007376,CUS007376,15.3,Low,2026-06-30
RSK007377,CUS007377,39.96,Medium,2026-06-30
RSK007378,CUS007378,95.56,High,2026-06-30
RSK007379,CUS007379,30.51,Medium,2026-06-30
RSK007380,CUS007380,100.0,High,2026-06-30
RSK007381,CUS007381,43.8,Medium,2026-06-30
RSK007382,CUS007382,100.0,High,2026-06-30
RSK007383,CUS007383,22.67,Low,2026-06-30
RSK007384,CUS007384,34.54,Medium,2026-06-30
RSK007385,CUS007385,64.15,High,2026-06-30
RSK007386,CUS007386,48.11,Medium,2026-06-30
RSK007387,CUS007387,19.65,Low,2026-06-30
RSK007388,CUS007388,40.76,Medium,2026-06-30
RSK007389,CUS007389,90.47,High,2026-06-30
RSK007390,CUS007390,100.0,High,2026-06-30
RSK007391,CUS007391,22.43,Low,2026-06-30
RSK007392,CUS007392,74.0,High,2026-06-30
RSK007393,CUS007393,24.44,Low,2026-06-30
RSK007394,CUS007394,40.31,Medium,2026-06-30
RSK007395,CUS007395,81.25,High,2026-06-30
RSK007396,CUS007396,35.71,Medium,2026-06-30
RSK007397,CUS007397,45.34,Medium,2026-06-30
RSK007398,CUS007398,100.0,High,2026-06-30
RSK007399,CUS007399,95.98,High,2026-06-30
RSK007400,CUS007400,51.7,Medium,2026-06-30
RSK007401,CUS007401,11.38,Low,2026-06-30
RSK007402,CUS007402,37.94,Medium,2026-06-30
RSK007403,CUS007403,95.28,High,2026-06-30
RSK007404,CUS007404,45.45,Medium,2026-06-30
RSK007405,CUS007405,37.13,Medium,2026-06-30
RSK007406,CUS007406,49.77,Medium,2026-06-30
RSK007407,CUS007407,45.91,Medium,2026-06-30
RSK007408,CUS007408,34.1,Medium,2026-06-30
RSK007409,CUS007409,82.35,High,2026-06-30
RSK007410,CUS007410,69.76,High,2026-06-30
RSK007411,CUS007411,100.0,High,2026-06-30
RSK007412,CUS007412,20.59,Low,2026-06-30
RSK007413,CUS007413,96.75,High,2026-06-30
RSK007414,CUS007414,14.77,Low,2026-06-30
RSK007415,CUS007415,29.23,Low,2026-06-30
RSK007416,CUS007416,100.0,High,2026-06-30
RSK007417,CUS007417,21.26,Low,2026-06-30
RSK007418,CUS007418,71.84,High,2026-06-30
RSK007419,CUS007419,35.62,Medium,2026-06-30
RSK007420,CUS007420,15.66,Low,2026-06-30
RSK007421,CUS007421,8.27,Low,2026-06-30
RSK007422,CUS007422,34.95,Medium,2026-06-30
RSK007423,CUS007423,69.39,High,2026-06-30
RSK007424,CUS007424,47.36,Medium,2026-06-30
RSK007425,CUS007425,88.95,High,2026-06-30
RSK007426,CUS007426,37.49,Medium,2026-06-30
RSK007427,CUS007427,62.13,High,2026-06-30
RSK007428,CUS007428,9.57,Low,2026-06-30
RSK007429,CUS007429,100.0,High,2026-06-30
RSK007430,CUS007430,78.14,High,2026-06-30
RSK007431,CUS007431,42.69,Medium,2026-06-30
RSK007432,CUS007432,20.62,Low,2026-06-30
RSK007433,CUS007433,100.0,High,2026-06-30
RSK007434,CUS007434,87.87,High,2026-06-30
RSK007435,CUS007435,57.76,Medium,2026-06-30
RSK007436,CUS007436,100.0,High,2026-06-30
RSK007437,CUS007437,43.64,Medium,2026-06-30
RSK007438,CUS007438,39.02,Medium,2026-06-30
RSK007439,CUS007439,33.21,Medium,2026-06-30
RSK007440,CUS007440,56.86,Medium,2026-06-30
RSK007441,CUS007441,9.78,Low,2026-06-30
RSK007442,CUS007442,7.97,Low,2026-06-30
RSK007443,CUS007443,24.04,Low,2026-06-30
RSK007444,CUS007444,93.67,High,2026-06-30
RSK007445,CUS007445,85.77,High,2026-06-30
RSK007446,CUS007446,100.0,High,2026-06-30
RSK007447,CUS007447,25.63,Low,2026-06-30
RSK007448,CUS007448,9.47,Low,2026-06-30
RSK007449,CUS007449,9.81,Low,2026-06-30
RSK007450,CUS007450,53.76,Medium,2026-06-30
RSK007451,CUS007451,94.75,High,2026-06-30
RSK007452,CUS007452,36.06,Medium,2026-06-30
RSK007453,CUS007453,12.23,Low,2026-06-30
RSK007454,CUS007454,100.0,High,2026-06-30
RSK007455,CUS007455,44.35,Medium,2026-06-30
RSK007456,CUS007456,31.78,Medium,2026-06-30
RSK007457,CUS007457,79.8,High,2026-06-30
RSK007458,CUS007458,38.88,Medium,2026-06-30
RSK007459,CUS007459,64.93,High,2026-06-30
RSK007460,CUS007460,44.66,Medium,2026-06-30
RSK007461,CUS007461,100.0,High,2026-06-30
RSK007462,CUS007462,100.0,High,2026-06-30
RSK007463,CUS007463,75.95,High,2026-06-30
RSK007464,CUS007464,38.75,Medium,2026-06-30
RSK007465,CUS007465,83.3,High,2026-06-30
RSK007466,CUS007466,45.41,Medium,2026-06-30
RSK007467,CUS007467,35.43,Medium,2026-06-30
RSK007468,CUS007468,6.05,Low,2026-06-30
RSK007469,CUS007469,43.57,Medium,2026-06-30
RSK007470,CUS007470,26.46,Low,2026-06-30
RSK007471,CUS007471,51.29,Medium,2026-06-30
RSK007472,CUS007472,98.92,High,2026-06-30
RSK007473,CUS007473,29.7,Low,2026-06-30
RSK007474,CUS007474,48.79,Medium,2026-06-30
RSK007475,CUS007475,97.46,High,2026-06-30
RSK007476,CUS007476,50.98,Medium,2026-06-30
RSK007477,CUS007477,99.01,High,2026-06-30
RSK007478,CUS007478,100.0,High,2026-06-30
RSK007479,CUS007479,56.49,Medium,2026-06-30
RSK007480,CUS007480,34.54,Medium,2026-06-30
RSK007481,CUS007481,47.05,Medium,2026-06-30
RSK007482,CUS007482,21.16,Low,2026-06-30
RSK007483,CUS007483,74.47,High,2026-06-30
RSK007484,CUS007484,26.06,Low,2026-06-30
RSK007485,CUS007485,91.24,High,2026-06-30
RSK007486,CUS007486,40.82,Medium,2026-06-30
RSK007487,CUS007487,38.35,Medium,2026-06-30
RSK007488,CUS007488,53.6,Medium,2026-06-30
RSK007489,CUS007489,64.41,High,2026-06-30
RSK007490,CUS007490,93.11,High,2026-06-30
RSK007491,CUS007491,36.63,Medium,2026-06-30
RSK007492,CUS007492,45.12,Medium,2026-06-30
RSK007493,CUS007493,33.89,Medium,2026-06-30
RSK007494,CUS007494,33.19,Medium,2026-06-30
RSK007495,CUS007495,16.61,Low,2026-06-30
RSK007496,CUS007496,60.94,High,2026-06-30
RSK007497,CUS007497,44.43,Medium,2026-06-30
RSK007498,CUS007498,45.0,Medium,2026-06-30
RSK007499,CUS007499,15.08,Low,2026-06-30
RSK007500,CUS007500,27.17,Low,2026-06-30
RSK007501,CUS007501,14.26,Low,2026-06-30
RSK007502,CUS007502,15.63,Low,2026-06-30
RSK007503,CUS007503,45.02,Medium,2026-06-30
RSK007504,CUS007504,46.63,Medium,2026-06-30
RSK007505,CUS007505,27.91,Low,2026-06-30
RSK007506,CUS007506,78.32,High,2026-06-30
RSK007507,CUS007507,23.53,Low,2026-06-30
RSK007508,CUS007508,23.67,Low,2026-06-30
RSK007509,CUS007509,88.54,High,2026-06-30
RSK007510,CUS007510,40.8,Medium,2026-06-30
RSK007511,CUS007511,33.64,Medium,2026-06-30
RSK007512,CUS007512,36.85,Medium,2026-06-30
RSK007513,CUS007513,19.24,Low,2026-06-30
RSK007514,CUS007514,32.95,Medium,2026-06-30
RSK007515,CUS007515,28.57,Low,2026-06-30
RSK007516,CUS007516,100.0,High,2026-06-30
RSK007517,CUS007517,8.68,Low,2026-06-30
RSK007518,CUS007518,20.78,Low,2026-06-30
RSK007519,CUS007519,89.27,High,2026-06-30
RSK007520,CUS007520,50.49,Medium,2026-06-30
RSK007521,CUS007521,29.6,Low,2026-06-30
RSK007522,CUS007522,36.44,Medium,2026-06-30
RSK007523,CUS007523,15.95,Low,2026-06-30
RSK007524,CUS007524,12.88,Low,2026-06-30
RSK007525,CUS007525,9.52,Low,2026-06-30
RSK007526,CUS007526,21.49,Low,2026-06-30
RSK007527,CUS007527,41.36,Medium,2026-06-30
RSK007528,CUS007528,52.36,Medium,2026-06-30
RSK007529,CUS007529,100.0,High,2026-06-30
RSK007530,CUS007530,24.71,Low,2026-06-30
RSK007531,CUS007531,16.06,Low,2026-06-30
RSK007532,CUS007532,22.04,Low,2026-06-30
RSK007533,CUS007533,35.19,Medium,2026-06-30
RSK007534,CUS007534,19.27,Low,2026-06-30
RSK007535,CUS007535,100.0,High,2026-06-30
RSK007536,CUS007536,100.0,High,2026-06-30
RSK007537,CUS007537,42.8,Medium,2026-06-30
RSK007538,CUS007538,100.0,High,2026-06-30
RSK007539,CUS007539,34.48,Medium,2026-06-30
RSK007540,CUS007540,76.15,High,2026-06-30
RSK007541,CUS007541,31.37,Medium,2026-06-30
RSK007542,CUS007542,26.44,Low,2026-06-30
RSK007543,CUS007543,64.43,High,2026-06-30
RSK007544,CUS007544,100.0,High,2026-06-30
RSK007545,CUS007545,100.0,High,2026-06-30
RSK007546,CUS007546,13.17,Low,2026-06-30
RSK007547,CUS007547,41.23,Medium,2026-06-30
RSK007548,CUS007548,46.8,Medium,2026-06-30
RSK007549,CUS007549,26.49,Low,2026-06-30
RSK007550,CUS007550,100.0,High,2026-06-30
RSK007551,CUS007551,2.47,Low,2026-06-30
RSK007552,CUS007552,72.71,High,2026-06-30
RSK007553,CUS007553,40.27,Medium,2026-06-30
RSK007554,CUS007554,31.78,Medium,2026-06-30
RSK007555,CUS007555,100.0,High,2026-06-30
RSK007556,CUS007556,41.66,Medium,2026-06-30
RSK007557,CUS007557,14.6,Low,2026-06-30
RSK007558,CUS007558,29.98,Low,2026-06-30
RSK007559,CUS007559,38.51,Medium,2026-06-30
RSK007560,CUS007560,91.92,High,2026-06-30
RSK007561,CUS007561,38.02,Medium,2026-06-30
RSK007562,CUS007562,79.3,High,2026-06-30
RSK007563,CUS007563,42.73,Medium,2026-06-30
RSK007564,CUS007564,11.05,Low,2026-06-30
RSK007565,CUS007565,100.0,High,2026-06-30
RSK007566,CUS007566,33.82,Medium,2026-06-30
RSK007567,CUS007567,37.83,Medium,2026-06-30
RSK007568,CUS007568,92.69,High,2026-06-30
RSK007569,CUS007569,26.14,Low,2026-06-30
RSK007570,CUS007570,32.1,Medium,2026-06-30
RSK007571,CUS007571,93.92,High,2026-06-30
RSK007572,CUS007572,83.48,High,2026-06-30
RSK007573,CUS007573,38.82,Medium,2026-06-30
RSK007574,CUS007574,42.08,Medium,2026-06-30
RSK007575,CUS007575,54.89,Medium,2026-06-30
RSK007576,CUS007576,24.18,Low,2026-06-30
RSK007577,CUS007577,28.43,Low,2026-06-30
RSK007578,CUS007578,33.69,Medium,2026-06-30
RSK007579,CUS007579,75.23,High,2026-06-30
RSK007580,CUS007580,88.83,High,2026-06-30
RSK007581,CUS007581,87.55,High,2026-06-30
RSK007582,CUS007582,100.0,High,2026-06-30
RSK007583,CUS007583,96.47,High,2026-06-30
RSK007584,CUS007584,100.0,High,2026-06-30
RSK007585,CUS007585,69.79,High,2026-06-30
RSK007586,CUS007586,11.3,Low,2026-06-30
RSK007587,CUS007587,43.02,Medium,2026-06-30
RSK007588,CUS007588,27.5,Low,2026-06-30
RSK007589,CUS007589,9.9,Low,2026-06-30
RSK007590,CUS007590,100.0,High,2026-06-30
RSK007591,CUS007591,69.57,High,2026-06-30
RSK007592,CUS007592,99.99,High,2026-06-30
RSK007593,CUS007593,100.0,High,2026-06-30
RSK007594,CUS007594,44.16,Medium,2026-06-30
RSK007595,CUS007595,12.03,Low,2026-06-30
RSK007596,CUS007596,9.03,Low,2026-06-30
RSK007597,CUS007597,24.73,Low,2026-06-30
RSK007598,CUS007598,48.95,Medium,2026-06-30
RSK007599,CUS007599,100.0,High,2026-06-30
RSK007600,CUS007600,71.37,High,2026-06-30
RSK007601,CUS007601,50.92,Medium,2026-06-30
RSK007602,CUS007602,72.14,High,2026-06-30
RSK007603,CUS007603,18.47,Low,2026-06-30
RSK007604,CUS007604,22.73,Low,2026-06-30
RSK007605,CUS007605,86.89,High,2026-06-30
RSK007606,CUS007606,100.0,High,2026-06-30
RSK007607,CUS007607,34.26,Medium,2026-06-30
RSK007608,CUS007608,100.0,High,2026-06-30
RSK007609,CUS007609,42.05,Medium,2026-06-30
RSK007610,CUS007610,27.8,Low,2026-06-30
RSK007611,CUS007611,37.9,Medium,2026-06-30
RSK007612,CUS007612,51.67,Medium,2026-06-30
RSK007613,CUS007613,72.63,High,2026-06-30
RSK007614,CUS007614,18.69,Low,2026-06-30
RSK007615,CUS007615,42.31,Medium,2026-06-30
RSK007616,CUS007616,36.29,Medium,2026-06-30
RSK007617,CUS007617,85.69,High,2026-06-30
RSK007618,CUS007618,56.37,Medium,2026-06-30
RSK007619,CUS007619,56.42,Medium,2026-06-30
RSK007620,CUS007620,100.0,High,2026-06-30
RSK007621,CUS007621,20.85,Low,2026-06-30
RSK007622,CUS007622,39.91,Medium,2026-06-30
RSK007623,CUS007623,36.29,Medium,2026-06-30
RSK007624,CUS007624,100.0,High,2026-06-30
RSK007625,CUS007625,89.96,High,2026-06-30
RSK007626,CUS007626,57.13,Medium,2026-06-30
RSK007627,CUS007627,40.01,Medium,2026-06-30
RSK007628,CUS007628,100.0,High,2026-06-30
RSK007629,CUS007629,47.62,Medium,2026-06-30
RSK007630,CUS007630,42.58,Medium,2026-06-30
RSK007631,CUS007631,41.81,Medium,2026-06-30
RSK007632,CUS007632,27.27,Low,2026-06-30
RSK007633,CUS007633,100.0,High,2026-06-30
RSK007634,CUS007634,100.0,High,2026-06-30
RSK007635,CUS007635,84.03,High,2026-06-30
RSK007636,CUS007636,21.63,Low,2026-06-30
RSK007637,CUS007637,98.96,High,2026-06-30
RSK007638,CUS007638,39.35,Medium,2026-06-30
RSK007639,CUS007639,38.05,Medium,2026-06-30
RSK007640,CUS007640,63.47,High,2026-06-30
RSK007641,CUS007641,51.35,Medium,2026-06-30
RSK007642,CUS007642,24.73,Low,2026-06-30
RSK007643,CUS007643,100.0,High,2026-06-30
RSK007644,CUS007644,45.29,Medium,2026-06-30
RSK007645,CUS007645,38.79,Medium,2026-06-30
RSK007646,CUS007646,43.89,Medium,2026-06-30
RSK007647,CUS007647,100.0,High,2026-06-30
RSK007648,CUS007648,95.48,High,2026-06-30
RSK007649,CUS007649,100.0,High,2026-06-30
RSK007650,CUS007650,100.0,High,2026-06-30
RSK007651,CUS007651,14.11,Low,2026-06-30
RSK007652,CUS007652,18.47,Low,2026-06-30
RSK007653,CUS007653,7.64,Low,2026-06-30
RSK007654,CUS007654,32.31,Medium,2026-06-30
RSK007655,CUS007655,90.38,High,2026-06-30
RSK007656,CUS007656,96.12,High,2026-06-30
RSK007657,CUS007657,73.92,High,2026-06-30
RSK007658,CUS007658,82.36,High,2026-06-30
RSK007659,CUS007659,53.05,Medium,2026-06-30
RSK007660,CUS007660,46.71,Medium,2026-06-30
RSK007661,CUS007661,18.26,Low,2026-06-30
RSK007662,CUS007662,11.42,Low,2026-06-30
RSK007663,CUS007663,27.69,Low,2026-06-30
RSK007664,CUS007664,17.84,Low,2026-06-30
RSK007665,CUS007665,36.88,Medium,2026-06-30
RSK007666,CUS007666,25.9,Low,2026-06-30
RSK007667,CUS007667,22.04,Low,2026-06-30
RSK007668,CUS007668,9.73,Low,2026-06-30
RSK007669,CUS007669,90.67,High,2026-06-30
RSK007670,CUS007670,69.4,High,2026-06-30
RSK007671,CUS007671,56.25,Medium,2026-06-30
RSK007672,CUS007672,55.99,Medium,2026-06-30
RSK007673,CUS007673,50.76,Medium,2026-06-30
RSK007674,CUS007674,28.6,Low,2026-06-30
RSK007675,CUS007675,98.07,High,2026-06-30
RSK007676,CUS007676,37.84,Medium,2026-06-30
RSK007677,CUS007677,51.05,Medium,2026-06-30
RSK007678,CUS007678,27.64,Low,2026-06-30
RSK007679,CUS007679,37.39,Medium,2026-06-30
RSK007680,CUS007680,44.07,Medium,2026-06-30
RSK007681,CUS007681,100.0,High,2026-06-30
RSK007682,CUS007682,60.42,High,2026-06-30
RSK007683,CUS007683,91.83,High,2026-06-30
RSK007684,CUS007684,35.97,Medium,2026-06-30
RSK007685,CUS007685,61.42,High,2026-06-30
RSK007686,CUS007686,34.69,Medium,2026-06-30
RSK007687,CUS007687,84.44,High,2026-06-30
RSK007688,CUS007688,99.14,High,2026-06-30
RSK007689,CUS007689,53.14,Medium,2026-06-30
RSK007690,CUS007690,45.62,Medium,2026-06-30
RSK007691,CUS007691,30.93,Medium,2026-06-30
RSK007692,CUS007692,47.45,Medium,2026-06-30
RSK007693,CUS007693,18.25,Low,2026-06-30
RSK007694,CUS007694,30.47,Medium,2026-06-30
RSK007695,CUS007695,38.75,Medium,2026-06-30
RSK007696,CUS007696,46.75,Medium,2026-06-30
RSK007697,CUS007697,72.2,High,2026-06-30
RSK007698,CUS007698,8.63,Low,2026-06-30
RSK007699,CUS007699,50.95,Medium,2026-06-30
RSK007700,CUS007700,21.73,Low,2026-06-30
RSK007701,CUS007701,87.58,High,2026-06-30
RSK007702,CUS007702,20.03,Low,2026-06-30
RSK007703,CUS007703,28.02,Low,2026-06-30
RSK007704,CUS007704,63.6,High,2026-06-30
RSK007705,CUS007705,57.97,Medium,2026-06-30
RSK007706,CUS007706,43.86,Medium,2026-06-30
RSK007707,CUS007707,56.66,Medium,2026-06-30
RSK007708,CUS007708,31.02,Medium,2026-06-30
RSK007709,CUS007709,100.0,High,2026-06-30
RSK007710,CUS007710,100.0,High,2026-06-30
RSK007711,CUS007711,24.6,Low,2026-06-30
RSK007712,CUS007712,27.43,Low,2026-06-30
RSK007713,CUS007713,12.14,Low,2026-06-30
RSK007714,CUS007714,84.02,High,2026-06-30
RSK007715,CUS007715,20.21,Low,2026-06-30
RSK007716,CUS007716,16.26,Low,2026-06-30
RSK007717,CUS007717,78.52,High,2026-06-30
RSK007718,CUS007718,33.41,Medium,2026-06-30
RSK007719,CUS007719,24.46,Low,2026-06-30
RSK007720,CUS007720,45.78,Medium,2026-06-30
RSK007721,CUS007721,31.24,Medium,2026-06-30
RSK007722,CUS007722,40.0,Medium,2026-06-30
RSK007723,CUS007723,34.09,Medium,2026-06-30
RSK007724,CUS007724,100.0,High,2026-06-30
RSK007725,CUS007725,28.24,Low,2026-06-30
RSK007726,CUS007726,12.42,Low,2026-06-30
RSK007727,CUS007727,100.0,High,2026-06-30
RSK007728,CUS007728,11.84,Low,2026-06-30
RSK007729,CUS007729,76.87,High,2026-06-30
RSK007730,CUS007730,100.0,High,2026-06-30
RSK007731,CUS007731,27.41,Low,2026-06-30
RSK007732,CUS007732,27.98,Low,2026-06-30
RSK007733,CUS007733,13.1,Low,2026-06-30
RSK007734,CUS007734,20.37,Low,2026-06-30
RSK007735,CUS007735,47.35,Medium,2026-06-30
RSK007736,CUS007736,100.0,High,2026-06-30
RSK007737,CUS007737,61.34,High,2026-06-30
RSK007738,CUS007738,38.19,Medium,2026-06-30
RSK007739,CUS007739,32.9,Medium,2026-06-30
RSK007740,CUS007740,49.26,Medium,2026-06-30
RSK007741,CUS007741,52.6,Medium,2026-06-30
RSK007742,CUS007742,41.15,Medium,2026-06-30
RSK007743,CUS007743,41.29,Medium,2026-06-30
RSK007744,CUS007744,23.47,Low,2026-06-30
RSK007745,CUS007745,78.28,High,2026-06-30
RSK007746,CUS007746,19.84,Low,2026-06-30
RSK007747,CUS007747,30.19,Medium,2026-06-30
RSK007748,CUS007748,54.73,Medium,2026-06-30
RSK007749,CUS007749,38.41,Medium,2026-06-30
RSK007750,CUS007750,44.05,Medium,2026-06-30
RSK007751,CUS007751,14.71,Low,2026-06-30
RSK007752,CUS007752,100.0,High,2026-06-30
RSK007753,CUS007753,37.97,Medium,2026-06-30
RSK007754,CUS007754,49.46,Medium,2026-06-30
RSK007755,CUS007755,100.0,High,2026-06-30
RSK007756,CUS007756,78.49,High,2026-06-30
RSK007757,CUS007757,52.47,Medium,2026-06-30
RSK007758,CUS007758,94.07,High,2026-06-30
RSK007759,CUS007759,72.86,High,2026-06-30
RSK007760,CUS007760,33.51,Medium,2026-06-30
RSK007761,CUS007761,21.42,Low,2026-06-30
RSK007762,CUS007762,48.14,Medium,2026-06-30
RSK007763,CUS007763,50.59,Medium,2026-06-30
RSK007764,CUS007764,32.5,Medium,2026-06-30
RSK007765,CUS007765,76.19,High,2026-06-30
RSK007766,CUS007766,72.49,High,2026-06-30
RSK007767,CUS007767,47.87,Medium,2026-06-30
RSK007768,CUS007768,43.11,Medium,2026-06-30
RSK007769,CUS007769,39.42,Medium,2026-06-30
RSK007770,CUS007770,58.4,Medium,2026-06-30
RSK007771,CUS007771,85.49,High,2026-06-30
RSK007772,CUS007772,36.37,Medium,2026-06-30
RSK007773,CUS007773,77.57,High,2026-06-30
RSK007774,CUS007774,32.44,Medium,2026-06-30
RSK007775,CUS007775,35.82,Medium,2026-06-30
RSK007776,CUS007776,37.18,Medium,2026-06-30
RSK007777,CUS007777,95.07,High,2026-06-30
RSK007778,CUS007778,50.0,Medium,2026-06-30
RSK007779,CUS007779,57.67,Medium,2026-06-30
RSK007780,CUS007780,16.96,Low,2026-06-30
RSK007781,CUS007781,37.47,Medium,2026-06-30
RSK007782,CUS007782,28.09,Low,2026-06-30
RSK007783,CUS007783,39.0,Medium,2026-06-30
RSK007784,CUS007784,12.86,Low,2026-06-30
RSK007785,CUS007785,56.95,Medium,2026-06-30
RSK007786,CUS007786,100.0,High,2026-06-30
RSK007787,CUS007787,27.93,Low,2026-06-30
RSK007788,CUS007788,19.14,Low,2026-06-30
RSK007789,CUS007789,100.0,High,2026-06-30
RSK007790,CUS007790,100.0,High,2026-06-30
RSK007791,CUS007791,45.12,Medium,2026-06-30
RSK007792,CUS007792,39.32,Medium,2026-06-30
RSK007793,CUS007793,100.0,High,2026-06-30
RSK007794,CUS007794,37.72,Medium,2026-06-30
RSK007795,CUS007795,50.99,Medium,2026-06-30
RSK007796,CUS007796,26.06,Low,2026-06-30
RSK007797,CUS007797,45.67,Medium,2026-06-30
RSK007798,CUS007798,100.0,High,2026-06-30
RSK007799,CUS007799,17.49,Low,2026-06-30
RSK007800,CUS007800,100.0,High,2026-06-30
RSK007801,CUS007801,100.0,High,2026-06-30
RSK007802,CUS007802,33.88,Medium,2026-06-30
RSK007803,CUS007803,100.0,High,2026-06-30
RSK007804,CUS007804,100.0,High,2026-06-30
RSK007805,CUS007805,82.3,High,2026-06-30
RSK007806,CUS007806,71.24,High,2026-06-30
RSK007807,CUS007807,20.98,Low,2026-06-30
RSK007808,CUS007808,62.18,High,2026-06-30
RSK007809,CUS007809,85.5,High,2026-06-30
RSK007810,CUS007810,14.75,Low,2026-06-30
RSK007811,CUS007811,84.6,High,2026-06-30
RSK007812,CUS007812,2.62,Low,2026-06-30
RSK007813,CUS007813,47.88,Medium,2026-06-30
RSK007814,CUS007814,31.0,Medium,2026-06-30
RSK007815,CUS007815,63.37,High,2026-06-30
RSK007816,CUS007816,40.44,Medium,2026-06-30
RSK007817,CUS007817,67.22,High,2026-06-30
RSK007818,CUS007818,85.26,High,2026-06-30
RSK007819,CUS007819,67.77,High,2026-06-30
RSK007820,CUS007820,75.37,High,2026-06-30
RSK007821,CUS007821,33.8,Medium,2026-06-30
RSK007822,CUS007822,100.0,High,2026-06-30
RSK007823,CUS007823,80.78,High,2026-06-30
RSK007824,CUS007824,44.95,Medium,2026-06-30
RSK007825,CUS007825,21.38,Low,2026-06-30
RSK007826,CUS007826,78.95,High,2026-06-30
RSK007827,CUS007827,89.84,High,2026-06-30
RSK007828,CUS007828,30.9,Medium,2026-06-30
RSK007829,CUS007829,54.14,Medium,2026-06-30
RSK007830,CUS007830,23.63,Low,2026-06-30
RSK007831,CUS007831,80.89,High,2026-06-30
RSK007832,CUS007832,100.0,High,2026-06-30
RSK007833,CUS007833,26.17,Low,2026-06-30
RSK007834,CUS007834,36.85,Medium,2026-06-30
RSK007835,CUS007835,83.47,High,2026-06-30
RSK007836,CUS007836,84.71,High,2026-06-30
RSK007837,CUS007837,17.38,Low,2026-06-30
RSK007838,CUS007838,70.81,High,2026-06-30
RSK007839,CUS007839,21.44,Low,2026-06-30
RSK007840,CUS007840,15.5,Low,2026-06-30
RSK007841,CUS007841,44.03,Medium,2026-06-30
RSK007842,CUS007842,72.89,High,2026-06-30
RSK007843,CUS007843,33.15,Medium,2026-06-30
RSK007844,CUS007844,25.75,Low,2026-06-30
RSK007845,CUS007845,100.0,High,2026-06-30
RSK007846,CUS007846,33.61,Medium,2026-06-30
RSK007847,CUS007847,37.2,Medium,2026-06-30
RSK007848,CUS007848,36.78,Medium,2026-06-30
RSK007849,CUS007849,10.9,Low,2026-06-30
RSK007850,CUS007850,32.99,Medium,2026-06-30
RSK007851,CUS007851,33.15,Medium,2026-06-30
RSK007852,CUS007852,38.22,Medium,2026-06-30
RSK007853,CUS007853,100.0,High,2026-06-30
RSK007854,CUS007854,48.56,Medium,2026-06-30
RSK007855,CUS007855,100.0,High,2026-06-30
RSK007856,CUS007856,30.26,Medium,2026-06-30
RSK007857,CUS007857,27.03,Low,2026-06-30
RSK007858,CUS007858,23.24,Low,2026-06-30
RSK007859,CUS007859,41.17,Medium,2026-06-30
RSK007860,CUS007860,40.61,Medium,2026-06-30
RSK007861,CUS007861,94.03,High,2026-06-30
RSK007862,CUS007862,52.17,Medium,2026-06-30
RSK007863,CUS007863,100.0,High,2026-06-30
RSK007864,CUS007864,19.98,Low,2026-06-30
RSK007865,CUS007865,29.72,Low,2026-06-30
RSK007866,CUS007866,100.0,High,2026-06-30
RSK007867,CUS007867,77.87,High,2026-06-30
RSK007868,CUS007868,100.0,High,2026-06-30
RSK007869,CUS007869,100.0,High,2026-06-30
RSK007870,CUS007870,17.28,Low,2026-06-30
RSK007871,CUS007871,83.07,High,2026-06-30
RSK007872,CUS007872,45.57,Medium,2026-06-30
RSK007873,CUS007873,47.26,Medium,2026-06-30
RSK007874,CUS007874,41.12,Medium,2026-06-30
RSK007875,CUS007875,27.34,Low,2026-06-30
RSK007876,CUS007876,11.48,Low,2026-06-30
RSK007877,CUS007877,19.67,Low,2026-06-30
RSK007878,CUS007878,100.0,High,2026-06-30
RSK007879,CUS007879,23.13,Low,2026-06-30
RSK007880,CUS007880,21.32,Low,2026-06-30
RSK007881,CUS007881,25.0,Low,2026-06-30
RSK007882,CUS007882,99.21,High,2026-06-30
RSK007883,CUS007883,51.58,Medium,2026-06-30
RSK007884,CUS007884,100.0,High,2026-06-30
RSK007885,CUS007885,28.87,Low,2026-06-30
RSK007886,CUS007886,67.58,High,2026-06-30
RSK007887,CUS007887,38.32,Medium,2026-06-30
RSK007888,CUS007888,91.72,High,2026-06-30
RSK007889,CUS007889,28.99,Low,2026-06-30
RSK007890,CUS007890,14.03,Low,2026-06-30
RSK007891,CUS007891,49.8,Medium,2026-06-30
RSK007892,CUS007892,100.0,High,2026-06-30
RSK007893,CUS007893,54.46,Medium,2026-06-30
RSK007894,CUS007894,100.0,High,2026-06-30
RSK007895,CUS007895,30.64,Medium,2026-06-30
RSK007896,CUS007896,55.18,Medium,2026-06-30
RSK007897,CUS007897,75.52,High,2026-06-30
RSK007898,CUS007898,34.13,Medium,2026-06-30
RSK007899,CUS007899,51.08,Medium,2026-06-30
RSK007900,CUS007900,90.25,High,2026-06-30
RSK007901,CUS007901,93.58,High,2026-06-30
RSK007902,CUS007902,38.26,Medium,2026-06-30
RSK007903,CUS007903,100.0,High,2026-06-30
RSK007904,CUS007904,36.28,Medium,2026-06-30
RSK007905,CUS007905,49.16,Medium,2026-06-30
RSK007906,CUS007906,28.34,Low,2026-06-30
RSK007907,CUS007907,56.26,Medium,2026-06-30
RSK007908,CUS007908,42.04,Medium,2026-06-30
RSK007909,CUS007909,100.0,High,2026-06-30
RSK007910,CUS007910,78.66,High,2026-06-30
RSK007911,CUS007911,100.0,High,2026-06-30
RSK007912,CUS007912,54.17,Medium,2026-06-30
RSK007913,CUS007913,67.42,High,2026-06-30
RSK007914,CUS007914,40.31,Medium,2026-06-30
RSK007915,CUS007915,100.0,High,2026-06-30
RSK007916,CUS007916,40.12,Medium,2026-06-30
RSK007917,CUS007917,4.61,Low,2026-06-30
RSK007918,CUS007918,5.05,Low,2026-06-30
RSK007919,CUS007919,36.78,Medium,2026-06-30
RSK007920,CUS007920,42.5,Medium,2026-06-30
RSK007921,CUS007921,30.72,Medium,2026-06-30
RSK007922,CUS007922,43.03,Medium,2026-06-30
RSK007923,CUS007923,10.31,Low,2026-06-30
RSK007924,CUS007924,100.0,High,2026-06-30
RSK007925,CUS007925,28.86,Low,2026-06-30
RSK007926,CUS007926,41.61,Medium,2026-06-30
RSK007927,CUS007927,100.0,High,2026-06-30
RSK007928,CUS007928,100.0,High,2026-06-30
RSK007929,CUS007929,29.32,Low,2026-06-30
RSK007930,CUS007930,26.2,Low,2026-06-30
RSK007931,CUS007931,91.36,High,2026-06-30
RSK007932,CUS007932,17.81,Low,2026-06-30
RSK007933,CUS007933,60.19,High,2026-06-30
RSK007934,CUS007934,48.04,Medium,2026-06-30
RSK007935,CUS007935,100.0,High,2026-06-30
RSK007936,CUS007936,55.36,Medium,2026-06-30
RSK007937,CUS007937,37.96,Medium,2026-06-30
RSK007938,CUS007938,57.91,Medium,2026-06-30
RSK007939,CUS007939,32.33,Medium,2026-06-30
RSK007940,CUS007940,64.83,High,2026-06-30
RSK007941,CUS007941,71.44,High,2026-06-30
RSK007942,CUS007942,77.5,High,2026-06-30
RSK007943,CUS007943,100.0,High,2026-06-30
RSK007944,CUS007944,100.0,High,2026-06-30
RSK007945,CUS007945,13.24,Low,2026-06-30
RSK007946,CUS007946,27.13,Low,2026-06-30
RSK007947,CUS007947,100.0,High,2026-06-30
RSK007948,CUS007948,5.21,Low,2026-06-30
RSK007949,CUS007949,39.87,Medium,2026-06-30
RSK007950,CUS007950,92.05,High,2026-06-30
RSK007951,CUS007951,100.0,High,2026-06-30
RSK007952,CUS007952,25.9,Low,2026-06-30
RSK007953,CUS007953,28.71,Low,2026-06-30
RSK007954,CUS007954,39.64,Medium,2026-06-30
RSK007955,CUS007955,53.96,Medium,2026-06-30
RSK007956,CUS007956,25.34,Low,2026-06-30
RSK007957,CUS007957,98.38,High,2026-06-30
RSK007958,CUS007958,32.3,Medium,2026-06-30
RSK007959,CUS007959,85.14,High,2026-06-30
RSK007960,CUS007960,100.0,High,2026-06-30
RSK007961,CUS007961,59.27,Medium,2026-06-30
RSK007962,CUS007962,30.02,Medium,2026-06-30
RSK007963,CUS007963,99.85,High,2026-06-30
RSK007964,CUS007964,8.43,Low,2026-06-30
RSK007965,CUS007965,9.1,Low,2026-06-30
RSK007966,CUS007966,65.93,High,2026-06-30
RSK007967,CUS007967,54.0,Medium,2026-06-30
RSK007968,CUS007968,16.07,Low,2026-06-30
RSK007969,CUS007969,85.48,High,2026-06-30
RSK007970,CUS007970,100.0,High,2026-06-30
RSK007971,CUS007971,97.83,High,2026-06-30
RSK007972,CUS007972,39.72,Medium,2026-06-30
RSK007973,CUS007973,26.2,Low,2026-06-30
RSK007974,CUS007974,41.2,Medium,2026-06-30
RSK007975,CUS007975,58.05,Medium,2026-06-30
RSK007976,CUS007976,25.25,Low,2026-06-30
RSK007977,CUS007977,22.73,Low,2026-06-30
RSK007978,CUS007978,65.1,High,2026-06-30
RSK007979,CUS007979,100.0,High,2026-06-30
RSK007980,CUS007980,11.32,Low,2026-06-30
RSK007981,CUS007981,12.46,Low,2026-06-30
RSK007982,CUS007982,40.82,Medium,2026-06-30
RSK007983,CUS007983,20.9,Low,2026-06-30
RSK007984,CUS007984,35.89,Medium,2026-06-30
RSK007985,CUS007985,10.81,Low,2026-06-30
RSK007986,CUS007986,60.84,High,2026-06-30
RSK007987,CUS007987,100.0,High,2026-06-30
RSK007988,CUS007988,32.66,Medium,2026-06-30
RSK007989,CUS007989,82.47,High,2026-06-30
RSK007990,CUS007990,60.51,High,2026-06-30
RSK007991,CUS007991,4.77,Low,2026-06-30
RSK007992,CUS007992,51.28,Medium,2026-06-30
RSK007993,CUS007993,20.82,Low,2026-06-30
RSK007994,CUS007994,100.0,High,2026-06-30
RSK007995,CUS007995,8.62,Low,2026-06-30
RSK007996,CUS007996,11.17,Low,2026-06-30
RSK007997,CUS007997,72.52,High,2026-06-30
RSK007998,CUS007998,37.12,Medium,2026-06-30
RSK007999,CUS007999,94.09,High,2026-06-30
RSK008000,CUS008000,42.23,Medium,2026-06-30
RSK008001,CUS008001,37.94,Medium,2026-06-30
RSK008002,CUS008002,47.74,Medium,2026-06-30
RSK008003,CUS008003,96.24,High,2026-06-30
RSK008004,CUS008004,16.01,Low,2026-06-30
RSK008005,CUS008005,88.77,High,2026-06-30
RSK008006,CUS008006,100.0,High,2026-06-30
RSK008007,CUS008007,26.74,Low,2026-06-30
RSK008008,CUS008008,32.08,Medium,2026-06-30
RSK008009,CUS008009,26.9,Low,2026-06-30
RSK008010,CUS008010,32.11,Medium,2026-06-30
RSK008011,CUS008011,82.58,High,2026-06-30
RSK008012,CUS008012,98.55,High,2026-06-30
RSK008013,CUS008013,42.12,Medium,2026-06-30
RSK008014,CUS008014,23.3,Low,2026-06-30
RSK008015,CUS008015,56.41,Medium,2026-06-30
RSK008016,CUS008016,84.93,High,2026-06-30
RSK008017,CUS008017,25.01,Low,2026-06-30
RSK008018,CUS008018,34.52,Medium,2026-06-30
RSK008019,CUS008019,22.48,Low,2026-06-30
RSK008020,CUS008020,40.56,Medium,2026-06-30
RSK008021,CUS008021,100.0,High,2026-06-30
RSK008022,CUS008022,50.73,Medium,2026-06-30
RSK008023,CUS008023,100.0,High,2026-06-30
RSK008024,CUS008024,100.0,High,2026-06-30
RSK008025,CUS008025,43.27,Medium,2026-06-30
RSK008026,CUS008026,21.04,Low,2026-06-30
RSK008027,CUS008027,41.61,Medium,2026-06-30
RSK008028,CUS008028,39.9,Medium,2026-06-30
RSK008029,CUS008029,98.04,High,2026-06-30
RSK008030,CUS008030,93.97,High,2026-06-30
RSK008031,CUS008031,3.31,Low,2026-06-30
RSK008032,CUS008032,72.92,High,2026-06-30
RSK008033,CUS008033,44.28,Medium,2026-06-30
RSK008034,CUS008034,38.8,Medium,2026-06-30
RSK008035,CUS008035,54.35,Medium,2026-06-30
RSK008036,CUS008036,100.0,High,2026-06-30
RSK008037,CUS008037,44.52,Medium,2026-06-30
RSK008038,CUS008038,37.13,Medium,2026-06-30
RSK008039,CUS008039,72.74,High,2026-06-30
RSK008040,CUS008040,100.0,High,2026-06-30
RSK008041,CUS008041,10.32,Low,2026-06-30
RSK008042,CUS008042,53.62,Medium,2026-06-30
RSK008043,CUS008043,20.04,Low,2026-06-30
RSK008044,CUS008044,70.95,High,2026-06-30
RSK008045,CUS008045,27.8,Low,2026-06-30
RSK008046,CUS008046,46.21,Medium,2026-06-30
RSK008047,CUS008047,82.06,High,2026-06-30
RSK008048,CUS008048,87.2,High,2026-06-30
RSK008049,CUS008049,33.79,Medium,2026-06-30
RSK008050,CUS008050,89.5,High,2026-06-30
RSK008051,CUS008051,53.36,Medium,2026-06-30
RSK008052,CUS008052,47.68,Medium,2026-06-30
RSK008053,CUS008053,8.02,Low,2026-06-30
RSK008054,CUS008054,25.94,Low,2026-06-30
RSK008055,CUS008055,21.29,Low,2026-06-30
RSK008056,CUS008056,41.52,Medium,2026-06-30
RSK008057,CUS008057,37.05,Medium,2026-06-30
RSK008058,CUS008058,21.96,Low,2026-06-30
RSK008059,CUS008059,8.73,Low,2026-06-30
RSK008060,CUS008060,33.41,Medium,2026-06-30
RSK008061,CUS008061,90.23,High,2026-06-30
RSK008062,CUS008062,84.19,High,2026-06-30
RSK008063,CUS008063,100.0,High,2026-06-30
RSK008064,CUS008064,45.18,Medium,2026-06-30
RSK008065,CUS008065,24.42,Low,2026-06-30
RSK008066,CUS008066,13.78,Low,2026-06-30
RSK008067,CUS008067,26.09,Low,2026-06-30
RSK008068,CUS008068,40.75,Medium,2026-06-30
RSK008069,CUS008069,100.0,High,2026-06-30
RSK008070,CUS008070,14.06,Low,2026-06-30
RSK008071,CUS008071,27.72,Low,2026-06-30
RSK008072,CUS008072,32.49,Medium,2026-06-30
RSK008073,CUS008073,32.1,Medium,2026-06-30
RSK008074,CUS008074,100.0,High,2026-06-30
RSK008075,CUS008075,62.78,High,2026-06-30
RSK008076,CUS008076,25.77,Low,2026-06-30
RSK008077,CUS008077,77.99,High,2026-06-30
RSK008078,CUS008078,57.18,Medium,2026-06-30
RSK008079,CUS008079,26.31,Low,2026-06-30
RSK008080,CUS008080,100.0,High,2026-06-30
RSK008081,CUS008081,78.99,High,2026-06-30
RSK008082,CUS008082,56.58,Medium,2026-06-30
RSK008083,CUS008083,45.92,Medium,2026-06-30
RSK008084,CUS008084,41.32,Medium,2026-06-30
RSK008085,CUS008085,100.0,High,2026-06-30
RSK008086,CUS008086,21.88,Low,2026-06-30
RSK008087,CUS008087,80.52,High,2026-06-30
RSK008088,CUS008088,21.01,Low,2026-06-30
RSK008089,CUS008089,18.76,Low,2026-06-30
RSK008090,CUS008090,100.0,High,2026-06-30
RSK008091,CUS008091,45.19,Medium,2026-06-30
RSK008092,CUS008092,100.0,High,2026-06-30
RSK008093,CUS008093,100.0,High,2026-06-30
RSK008094,CUS008094,45.59,Medium,2026-06-30
RSK008095,CUS008095,100.0,High,2026-06-30
RSK008096,CUS008096,64.0,High,2026-06-30
RSK008097,CUS008097,6.92,Low,2026-06-30
RSK008098,CUS008098,31.8,Medium,2026-06-30
RSK008099,CUS008099,39.35,Medium,2026-06-30
RSK008100,CUS008100,33.26,Medium,2026-06-30
RSK008101,CUS008101,97.03,High,2026-06-30
RSK008102,CUS008102,13.37,Low,2026-06-30
RSK008103,CUS008103,100.0,High,2026-06-30
RSK008104,CUS008104,71.17,High,2026-06-30
RSK008105,CUS008105,26.36,Low,2026-06-30
RSK008106,CUS008106,24.6,Low,2026-06-30
RSK008107,CUS008107,65.74,High,2026-06-30
RSK008108,CUS008108,76.83,High,2026-06-30
RSK008109,CUS008109,100.0,High,2026-06-30
RSK008110,CUS008110,87.28,High,2026-06-30
RSK008111,CUS008111,26.38,Low,2026-06-30
RSK008112,CUS008112,20.87,Low,2026-06-30
RSK008113,CUS008113,5.77,Low,2026-06-30
RSK008114,CUS008114,100.0,High,2026-06-30
RSK008115,CUS008115,27.15,Low,2026-06-30
RSK008116,CUS008116,100.0,High,2026-06-30
RSK008117,CUS008117,21.19,Low,2026-06-30
RSK008118,CUS008118,28.5,Low,2026-06-30
RSK008119,CUS008119,92.08,High,2026-06-30
RSK008120,CUS008120,32.43,Medium,2026-06-30
RSK008121,CUS008121,100.0,High,2026-06-30
RSK008122,CUS008122,30.94,Medium,2026-06-30
RSK008123,CUS008123,100.0,High,2026-06-30
RSK008124,CUS008124,100.0,High,2026-06-30
RSK008125,CUS008125,88.14,High,2026-06-30
RSK008126,CUS008126,69.41,High,2026-06-30
RSK008127,CUS008127,44.68,Medium,2026-06-30
RSK008128,CUS008128,45.39,Medium,2026-06-30
RSK008129,CUS008129,63.2,High,2026-06-30
RSK008130,CUS008130,100.0,High,2026-06-30
RSK008131,CUS008131,85.37,High,2026-06-30
RSK008132,CUS008132,63.91,High,2026-06-30
RSK008133,CUS008133,26.16,Low,2026-06-30
RSK008134,CUS008134,60.23,High,2026-06-30
RSK008135,CUS008135,100.0,High,2026-06-30
RSK008136,CUS008136,35.23,Medium,2026-06-30
RSK008137,CUS008137,28.52,Low,2026-06-30
RSK008138,CUS008138,48.6,Medium,2026-06-30
RSK008139,CUS008139,45.58,Medium,2026-06-30
RSK008140,CUS008140,35.56,Medium,2026-06-30
RSK008141,CUS008141,100.0,High,2026-06-30
RSK008142,CUS008142,33.37,Medium,2026-06-30
RSK008143,CUS008143,40.76,Medium,2026-06-30
RSK008144,CUS008144,35.21,Medium,2026-06-30
RSK008145,CUS008145,78.38,High,2026-06-30
RSK008146,CUS008146,85.76,High,2026-06-30
RSK008147,CUS008147,83.17,High,2026-06-30
RSK008148,CUS008148,25.72,Low,2026-06-30
RSK008149,CUS008149,75.34,High,2026-06-30
RSK008150,CUS008150,29.98,Low,2026-06-30
RSK008151,CUS008151,27.12,Low,2026-06-30
RSK008152,CUS008152,75.51,High,2026-06-30
RSK008153,CUS008153,31.52,Medium,2026-06-30
RSK008154,CUS008154,23.69,Low,2026-06-30
RSK008155,CUS008155,26.85,Low,2026-06-30
RSK008156,CUS008156,53.82,Medium,2026-06-30
RSK008157,CUS008157,28.76,Low,2026-06-30
RSK008158,CUS008158,57.36,Medium,2026-06-30
RSK008159,CUS008159,42.35,Medium,2026-06-30
RSK008160,CUS008160,18.39,Low,2026-06-30
RSK008161,CUS008161,11.39,Low,2026-06-30
RSK008162,CUS008162,22.3,Low,2026-06-30
RSK008163,CUS008163,45.03,Medium,2026-06-30
RSK008164,CUS008164,6.19,Low,2026-06-30
RSK008165,CUS008165,28.04,Low,2026-06-30
RSK008166,CUS008166,53.29,Medium,2026-06-30
RSK008167,CUS008167,29.82,Low,2026-06-30
RSK008168,CUS008168,33.04,Medium,2026-06-30
RSK008169,CUS008169,45.48,Medium,2026-06-30
RSK008170,CUS008170,100.0,High,2026-06-30
RSK008171,CUS008171,41.72,Medium,2026-06-30
RSK008172,CUS008172,37.28,Medium,2026-06-30
RSK008173,CUS008173,100.0,High,2026-06-30
RSK008174,CUS008174,28.24,Low,2026-06-30
RSK008175,CUS008175,88.69,High,2026-06-30
RSK008176,CUS008176,52.47,Medium,2026-06-30
RSK008177,CUS008177,31.83,Medium,2026-06-30
RSK008178,CUS008178,97.51,High,2026-06-30
RSK008179,CUS008179,40.01,Medium,2026-06-30
RSK008180,CUS008180,20.28,Low,2026-06-30
RSK008181,CUS008181,39.22,Medium,2026-06-30
RSK008182,CUS008182,38.88,Medium,2026-06-30
RSK008183,CUS008183,47.6,Medium,2026-06-30
RSK008184,CUS008184,62.53,High,2026-06-30
RSK008185,CUS008185,82.79,High,2026-06-30
RSK008186,CUS008186,55.87,Medium,2026-06-30
RSK008187,CUS008187,77.69,High,2026-06-30
RSK008188,CUS008188,38.29,Medium,2026-06-30
RSK008189,CUS008189,22.17,Low,2026-06-30
RSK008190,CUS008190,33.09,Medium,2026-06-30
RSK008191,CUS008191,92.17,High,2026-06-30
RSK008192,CUS008192,30.22,Medium,2026-06-30
RSK008193,CUS008193,82.92,High,2026-06-30
RSK008194,CUS008194,29.91,Low,2026-06-30
RSK008195,CUS008195,100.0,High,2026-06-30
RSK008196,CUS008196,48.34,Medium,2026-06-30
RSK008197,CUS008197,11.98,Low,2026-06-30
RSK008198,CUS008198,13.24,Low,2026-06-30
RSK008199,CUS008199,19.24,Low,2026-06-30
RSK008200,CUS008200,0.83,Low,2026-06-30
RSK008201,CUS008201,43.43,Medium,2026-06-30
RSK008202,CUS008202,28.2,Low,2026-06-30
RSK008203,CUS008203,19.42,Low,2026-06-30
RSK008204,CUS008204,73.45,High,2026-06-30
RSK008205,CUS008205,84.81,High,2026-06-30
RSK008206,CUS008206,71.32,High,2026-06-30
RSK008207,CUS008207,31.65,Medium,2026-06-30
RSK008208,CUS008208,55.97,Medium,2026-06-30
RSK008209,CUS008209,55.11,Medium,2026-06-30
RSK008210,CUS008210,54.48,Medium,2026-06-30
RSK008211,CUS008211,31.19,Medium,2026-06-30
RSK008212,CUS008212,100.0,High,2026-06-30
RSK008213,CUS008213,100.0,High,2026-06-30
RSK008214,CUS008214,39.14,Medium,2026-06-30
RSK008215,CUS008215,22.74,Low,2026-06-30
RSK008216,CUS008216,19.1,Low,2026-06-30
RSK008217,CUS008217,27.22,Low,2026-06-30
RSK008218,CUS008218,60.09,High,2026-06-30
RSK008219,CUS008219,74.47,High,2026-06-30
RSK008220,CUS008220,100.0,High,2026-06-30
RSK008221,CUS008221,100.0,High,2026-06-30
RSK008222,CUS008222,88.36,High,2026-06-30
RSK008223,CUS008223,5.83,Low,2026-06-30
RSK008224,CUS008224,39.97,Medium,2026-06-30
RSK008225,CUS008225,54.03,Medium,2026-06-30
RSK008226,CUS008226,30.75,Medium,2026-06-30
RSK008227,CUS008227,81.59,High,2026-06-30
RSK008228,CUS008228,31.05,Medium,2026-06-30
RSK008229,CUS008229,38.22,Medium,2026-06-30
RSK008230,CUS008230,29.84,Low,2026-06-30
RSK008231,CUS008231,38.78,Medium,2026-06-30
RSK008232,CUS008232,100.0,High,2026-06-30
RSK008233,CUS008233,69.11,High,2026-06-30
RSK008234,CUS008234,26.68,Low,2026-06-30
RSK008235,CUS008235,32.82,Medium,2026-06-30
RSK008236,CUS008236,100.0,High,2026-06-30
RSK008237,CUS008237,100.0,High,2026-06-30
RSK008238,CUS008238,100.0,High,2026-06-30
RSK008239,CUS008239,62.84,High,2026-06-30
RSK008240,CUS008240,100.0,High,2026-06-30
RSK008241,CUS008241,37.58,Medium,2026-06-30
RSK008242,CUS008242,39.11,Medium,2026-06-30
RSK008243,CUS008243,100.0,High,2026-06-30
RSK008244,CUS008244,7.47,Low,2026-06-30
RSK008245,CUS008245,27.91,Low,2026-06-30
RSK008246,CUS008246,61.99,High,2026-06-30
RSK008247,CUS008247,24.37,Low,2026-06-30
RSK008248,CUS008248,22.44,Low,2026-06-30
RSK008249,CUS008249,100.0,High,2026-06-30
RSK008250,CUS008250,96.75,High,2026-06-30
RSK008251,CUS008251,37.83,Medium,2026-06-30
RSK008252,CUS008252,63.77,High,2026-06-30
RSK008253,CUS008253,78.4,High,2026-06-30
RSK008254,CUS008254,93.7,High,2026-06-30
RSK008255,CUS008255,13.35,Low,2026-06-30
RSK008256,CUS008256,100.0,High,2026-06-30
RSK008257,CUS008257,23.82,Low,2026-06-30
RSK008258,CUS008258,100.0,High,2026-06-30
RSK008259,CUS008259,38.29,Medium,2026-06-30
RSK008260,CUS008260,20.48,Low,2026-06-30
RSK008261,CUS008261,100.0,High,2026-06-30
RSK008262,CUS008262,25.66,Low,2026-06-30
RSK008263,CUS008263,82.31,High,2026-06-30
RSK008264,CUS008264,40.58,Medium,2026-06-30
RSK008265,CUS008265,44.81,Medium,2026-06-30
RSK008266,CUS008266,36.62,Medium,2026-06-30
RSK008267,CUS008267,100.0,High,2026-06-30
RSK008268,CUS008268,19.88,Low,2026-06-30
RSK008269,CUS008269,30.3,Medium,2026-06-30
RSK008270,CUS008270,100.0,High,2026-06-30
RSK008271,CUS008271,36.69,Medium,2026-06-30
RSK008272,CUS008272,92.69,High,2026-06-30
RSK008273,CUS008273,18.84,Low,2026-06-30
RSK008274,CUS008274,91.88,High,2026-06-30
RSK008275,CUS008275,79.71,High,2026-06-30
RSK008276,CUS008276,74.19,High,2026-06-30
RSK008277,CUS008277,7.12,Low,2026-06-30
RSK008278,CUS008278,33.91,Medium,2026-06-30
RSK008279,CUS008279,17.59,Low,2026-06-30
RSK008280,CUS008280,52.8,Medium,2026-06-30
RSK008281,CUS008281,25.58,Low,2026-06-30
RSK008282,CUS008282,100.0,High,2026-06-30
RSK008283,CUS008283,26.06,Low,2026-06-30
RSK008284,CUS008284,52.68,Medium,2026-06-30
RSK008285,CUS008285,27.42,Low,2026-06-30
RSK008286,CUS008286,31.55,Medium,2026-06-30
RSK008287,CUS008287,100.0,High,2026-06-30
RSK008288,CUS008288,6.92,Low,2026-06-30
RSK008289,CUS008289,33.07,Medium,2026-06-30
RSK008290,CUS008290,100.0,High,2026-06-30
RSK008291,CUS008291,85.99,High,2026-06-30
RSK008292,CUS008292,23.78,Low,2026-06-30
RSK008293,CUS008293,51.29,Medium,2026-06-30
RSK008294,CUS008294,24.86,Low,2026-06-30
RSK008295,CUS008295,34.19,Medium,2026-06-30
RSK008296,CUS008296,78.27,High,2026-06-30
RSK008297,CUS008297,13.48,Low,2026-06-30
RSK008298,CUS008298,92.7,High,2026-06-30
RSK008299,CUS008299,47.71,Medium,2026-06-30
RSK008300,CUS008300,31.17,Medium,2026-06-30
RSK008301,CUS008301,26.88,Low,2026-06-30
RSK008302,CUS008302,8.83,Low,2026-06-30
RSK008303,CUS008303,100.0,High,2026-06-30
RSK008304,CUS008304,64.6,High,2026-06-30
RSK008305,CUS008305,49.16,Medium,2026-06-30
RSK008306,CUS008306,50.71,Medium,2026-06-30
RSK008307,CUS008307,8.51,Low,2026-06-30
RSK008308,CUS008308,18.79,Low,2026-06-30
RSK008309,CUS008309,25.54,Low,2026-06-30
RSK008310,CUS008310,54.2,Medium,2026-06-30
RSK008311,CUS008311,35.37,Medium,2026-06-30
RSK008312,CUS008312,38.73,Medium,2026-06-30
RSK008313,CUS008313,35.45,Medium,2026-06-30
RSK008314,CUS008314,22.5,Low,2026-06-30
RSK008315,CUS008315,70.06,High,2026-06-30
RSK008316,CUS008316,11.3,Low,2026-06-30
RSK008317,CUS008317,23.98,Low,2026-06-30
RSK008318,CUS008318,21.66,Low,2026-06-30
RSK008319,CUS008319,31.46,Medium,2026-06-30
RSK008320,CUS008320,37.45,Medium,2026-06-30
RSK008321,CUS008321,14.18,Low,2026-06-30
RSK008322,CUS008322,29.02,Low,2026-06-30
RSK008323,CUS008323,6.73,Low,2026-06-30
RSK008324,CUS008324,36.48,Medium,2026-06-30
RSK008325,CUS008325,50.57,Medium,2026-06-30
RSK008326,CUS008326,68.19,High,2026-06-30
RSK008327,CUS008327,44.91,Medium,2026-06-30
RSK008328,CUS008328,79.13,High,2026-06-30
RSK008329,CUS008329,42.83,Medium,2026-06-30
RSK008330,CUS008330,100.0,High,2026-06-30
RSK008331,CUS008331,31.73,Medium,2026-06-30
RSK008332,CUS008332,36.95,Medium,2026-06-30
RSK008333,CUS008333,34.5,Medium,2026-06-30
RSK008334,CUS008334,6.49,Low,2026-06-30
RSK008335,CUS008335,16.75,Low,2026-06-30
RSK008336,CUS008336,85.22,High,2026-06-30
RSK008337,CUS008337,40.56,Medium,2026-06-30
RSK008338,CUS008338,35.78,Medium,2026-06-30
RSK008339,CUS008339,47.04,Medium,2026-06-30
RSK008340,CUS008340,69.11,High,2026-06-30
RSK008341,CUS008341,18.11,Low,2026-06-30
RSK008342,CUS008342,12.44,Low,2026-06-30
RSK008343,CUS008343,25.28,Low,2026-06-30
RSK008344,CUS008344,44.42,Medium,2026-06-30
RSK008345,CUS008345,47.06,Medium,2026-06-30
RSK008346,CUS008346,54.2,Medium,2026-06-30
RSK008347,CUS008347,35.82,Medium,2026-06-30
RSK008348,CUS008348,25.42,Low,2026-06-30
RSK008349,CUS008349,75.38,High,2026-06-30
RSK008350,CUS008350,86.35,High,2026-06-30
RSK008351,CUS008351,34.15,Medium,2026-06-30
RSK008352,CUS008352,50.8,Medium,2026-06-30
RSK008353,CUS008353,8.36,Low,2026-06-30
RSK008354,CUS008354,100.0,High,2026-06-30
RSK008355,CUS008355,64.06,High,2026-06-30
RSK008356,CUS008356,100.0,High,2026-06-30
RSK008357,CUS008357,36.13,Medium,2026-06-30
RSK008358,CUS008358,87.06,High,2026-06-30
RSK008359,CUS008359,51.75,Medium,2026-06-30
RSK008360,CUS008360,93.13,High,2026-06-30
RSK008361,CUS008361,55.75,Medium,2026-06-30
RSK008362,CUS008362,45.96,Medium,2026-06-30
RSK008363,CUS008363,9.45,Low,2026-06-30
RSK008364,CUS008364,73.6,High,2026-06-30
RSK008365,CUS008365,58.63,Medium,2026-06-30
RSK008366,CUS008366,85.74,High,2026-06-30
RSK008367,CUS008367,44.78,Medium,2026-06-30
RSK008368,CUS008368,34.7,Medium,2026-06-30
RSK008369,CUS008369,49.92,Medium,2026-06-30
RSK008370,CUS008370,21.94,Low,2026-06-30
RSK008371,CUS008371,63.49,High,2026-06-30
RSK008372,CUS008372,34.88,Medium,2026-06-30
RSK008373,CUS008373,100.0,High,2026-06-30
RSK008374,CUS008374,76.74,High,2026-06-30
RSK008375,CUS008375,17.61,Low,2026-06-30
RSK008376,CUS008376,40.48,Medium,2026-06-30
RSK008377,CUS008377,94.23,High,2026-06-30
RSK008378,CUS008378,63.98,High,2026-06-30
RSK008379,CUS008379,100.0,High,2026-06-30
RSK008380,CUS008380,47.56,Medium,2026-06-30
RSK008381,CUS008381,20.51,Low,2026-06-30
RSK008382,CUS008382,100.0,High,2026-06-30
RSK008383,CUS008383,66.61,High,2026-06-30
RSK008384,CUS008384,15.21,Low,2026-06-30
RSK008385,CUS008385,91.12,High,2026-06-30
RSK008386,CUS008386,39.2,Medium,2026-06-30
RSK008387,CUS008387,9.29,Low,2026-06-30
RSK008388,CUS008388,49.34,Medium,2026-06-30
RSK008389,CUS008389,44.53,Medium,2026-06-30
RSK008390,CUS008390,46.88,Medium,2026-06-30
RSK008391,CUS008391,3.28,Low,2026-06-30
RSK008392,CUS008392,58.8,Medium,2026-06-30
RSK008393,CUS008393,100.0,High,2026-06-30
RSK008394,CUS008394,37.79,Medium,2026-06-30
RSK008395,CUS008395,100.0,High,2026-06-30
RSK008396,CUS008396,54.81,Medium,2026-06-30
RSK008397,CUS008397,42.31,Medium,2026-06-30
RSK008398,CUS008398,13.13,Low,2026-06-30
RSK008399,CUS008399,12.42,Low,2026-06-30
RSK008400,CUS008400,88.87,High,2026-06-30
RSK008401,CUS008401,49.24,Medium,2026-06-30
RSK008402,CUS008402,100.0,High,2026-06-30
RSK008403,CUS008403,100.0,High,2026-06-30
RSK008404,CUS008404,30.1,Medium,2026-06-30
RSK008405,CUS008405,50.13,Medium,2026-06-30
RSK008406,CUS008406,45.67,Medium,2026-06-30
RSK008407,CUS008407,42.32,Medium,2026-06-30
RSK008408,CUS008408,1.73,Low,2026-06-30
RSK008409,CUS008409,53.82,Medium,2026-06-30
RSK008410,CUS008410,46.27,Medium,2026-06-30
RSK008411,CUS008411,50.96,Medium,2026-06-30
RSK008412,CUS008412,11.39,Low,2026-06-30
RSK008413,CUS008413,54.51,Medium,2026-06-30
RSK008414,CUS008414,79.86,High,2026-06-30
RSK008415,CUS008415,65.44,High,2026-06-30
RSK008416,CUS008416,32.79,Medium,2026-06-30
RSK008417,CUS008417,49.44,Medium,2026-06-30
RSK008418,CUS008418,36.14,Medium,2026-06-30
RSK008419,CUS008419,100.0,High,2026-06-30
RSK008420,CUS008420,86.32,High,2026-06-30
RSK008421,CUS008421,43.28,Medium,2026-06-30
RSK008422,CUS008422,100.0,High,2026-06-30
RSK008423,CUS008423,45.41,Medium,2026-06-30
RSK008424,CUS008424,100.0,High,2026-06-30
RSK008425,CUS008425,48.29,Medium,2026-06-30
RSK008426,CUS008426,67.93,High,2026-06-30
RSK008427,CUS008427,49.19,Medium,2026-06-30
RSK008428,CUS008428,33.83,Medium,2026-06-30
RSK008429,CUS008429,18.79,Low,2026-06-30
RSK008430,CUS008430,36.07,Medium,2026-06-30
RSK008431,CUS008431,74.77,High,2026-06-30
RSK008432,CUS008432,11.47,Low,2026-06-30
RSK008433,CUS008433,31.73,Medium,2026-06-30
RSK008434,CUS008434,37.84,Medium,2026-06-30
RSK008435,CUS008435,28.15,Low,2026-06-30
RSK008436,CUS008436,100.0,High,2026-06-30
RSK008437,CUS008437,43.33,Medium,2026-06-30
RSK008438,CUS008438,33.03,Medium,2026-06-30
RSK008439,CUS008439,100.0,High,2026-06-30
RSK008440,CUS008440,51.09,Medium,2026-06-30
RSK008441,CUS008441,19.7,Low,2026-06-30
RSK008442,CUS008442,23.53,Low,2026-06-30
RSK008443,CUS008443,4.94,Low,2026-06-30
RSK008444,CUS008444,43.43,Medium,2026-06-30
RSK008445,CUS008445,100.0,High,2026-06-30
RSK008446,CUS008446,29.06,Low,2026-06-30
RSK008447,CUS008447,71.6,High,2026-06-30
RSK008448,CUS008448,33.55,Medium,2026-06-30
RSK008449,CUS008449,100.0,High,2026-06-30
RSK008450,CUS008450,4.85,Low,2026-06-30
RSK008451,CUS008451,19.18,Low,2026-06-30
RSK008452,CUS008452,24.94,Low,2026-06-30
RSK008453,CUS008453,57.97,Medium,2026-06-30
RSK008454,CUS008454,43.12,Medium,2026-06-30
RSK008455,CUS008455,5.08,Low,2026-06-30
RSK008456,CUS008456,38.46,Medium,2026-06-30
RSK008457,CUS008457,100.0,High,2026-06-30
RSK008458,CUS008458,28.48,Low,2026-06-30
RSK008459,CUS008459,100.0,High,2026-06-30
RSK008460,CUS008460,100.0,High,2026-06-30
RSK008461,CUS008461,21.8,Low,2026-06-30
RSK008462,CUS008462,100.0,High,2026-06-30
RSK008463,CUS008463,29.41,Low,2026-06-30
RSK008464,CUS008464,26.5,Low,2026-06-30
RSK008465,CUS008465,38.29,Medium,2026-06-30
RSK008466,CUS008466,9.49,Low,2026-06-30
RSK008467,CUS008467,100.0,High,2026-06-30
RSK008468,CUS008468,55.13,Medium,2026-06-30
RSK008469,CUS008469,100.0,High,2026-06-30
RSK008470,CUS008470,55.45,Medium,2026-06-30
RSK008471,CUS008471,31.12,Medium,2026-06-30
RSK008472,CUS008472,94.88,High,2026-06-30
RSK008473,CUS008473,55.45,Medium,2026-06-30
RSK008474,CUS008474,29.22,Low,2026-06-30
RSK008475,CUS008475,41.99,Medium,2026-06-30
RSK008476,CUS008476,85.73,High,2026-06-30
RSK008477,CUS008477,23.18,Low,2026-06-30
RSK008478,CUS008478,38.14,Medium,2026-06-30
RSK008479,CUS008479,13.24,Low,2026-06-30
RSK008480,CUS008480,100.0,High,2026-06-30
RSK008481,CUS008481,43.43,Medium,2026-06-30
RSK008482,CUS008482,74.2,High,2026-06-30
RSK008483,CUS008483,39.75,Medium,2026-06-30
RSK008484,CUS008484,95.93,High,2026-06-30
RSK008485,CUS008485,25.53,Low,2026-06-30
RSK008486,CUS008486,44.23,Medium,2026-06-30
RSK008487,CUS008487,34.64,Medium,2026-06-30
RSK008488,CUS008488,100.0,High,2026-06-30
RSK008489,CUS008489,31.59,Medium,2026-06-30
RSK008490,CUS008490,34.18,Medium,2026-06-30
RSK008491,CUS008491,18.72,Low,2026-06-30
RSK008492,CUS008492,68.77,High,2026-06-30
RSK008493,CUS008493,8.5,Low,2026-06-30
RSK008494,CUS008494,100.0,High,2026-06-30
RSK008495,CUS008495,100.0,High,2026-06-30
RSK008496,CUS008496,88.74,High,2026-06-30
RSK008497,CUS008497,33.26,Medium,2026-06-30
RSK008498,CUS008498,41.57,Medium,2026-06-30
RSK008499,CUS008499,24.77,Low,2026-06-30
RSK008500,CUS008500,81.38,High,2026-06-30
RSK008501,CUS008501,67.03,High,2026-06-30
RSK008502,CUS008502,22.6,Low,2026-06-30
RSK008503,CUS008503,8.63,Low,2026-06-30
RSK008504,CUS008504,39.97,Medium,2026-06-30
RSK008505,CUS008505,9.35,Low,2026-06-30
RSK008506,CUS008506,45.34,Medium,2026-06-30
RSK008507,CUS008507,17.31,Low,2026-06-30
RSK008508,CUS008508,32.66,Medium,2026-06-30
RSK008509,CUS008509,49.8,Medium,2026-06-30
RSK008510,CUS008510,35.64,Medium,2026-06-30
RSK008511,CUS008511,28.7,Low,2026-06-30
RSK008512,CUS008512,34.33,Medium,2026-06-30
RSK008513,CUS008513,14.08,Low,2026-06-30
RSK008514,CUS008514,17.63,Low,2026-06-30
RSK008515,CUS008515,74.76,High,2026-06-30
RSK008516,CUS008516,86.09,High,2026-06-30
RSK008517,CUS008517,92.7,High,2026-06-30
RSK008518,CUS008518,100.0,High,2026-06-30
RSK008519,CUS008519,50.11,Medium,2026-06-30
RSK008520,CUS008520,91.3,High,2026-06-30
RSK008521,CUS008521,49.13,Medium,2026-06-30
RSK008522,CUS008522,65.8,High,2026-06-30
RSK008523,CUS008523,100.0,High,2026-06-30
RSK008524,CUS008524,29.58,Low,2026-06-30
RSK008525,CUS008525,100.0,High,2026-06-30
RSK008526,CUS008526,25.02,Low,2026-06-30
RSK008527,CUS008527,69.23,High,2026-06-30
RSK008528,CUS008528,74.71,High,2026-06-30
RSK008529,CUS008529,40.14,Medium,2026-06-30
RSK008530,CUS008530,7.48,Low,2026-06-30
RSK008531,CUS008531,77.05,High,2026-06-30
RSK008532,CUS008532,40.28,Medium,2026-06-30
RSK008533,CUS008533,28.84,Low,2026-06-30
RSK008534,CUS008534,24.61,Low,2026-06-30
RSK008535,CUS008535,25.2,Low,2026-06-30
RSK008536,CUS008536,7.19,Low,2026-06-30
RSK008537,CUS008537,36.15,Medium,2026-06-30
RSK008538,CUS008538,21.57,Low,2026-06-30
RSK008539,CUS008539,23.75,Low,2026-06-30
RSK008540,CUS008540,79.12,High,2026-06-30
RSK008541,CUS008541,32.19,Medium,2026-06-30
RSK008542,CUS008542,97.45,High,2026-06-30
RSK008543,CUS008543,41.51,Medium,2026-06-30
RSK008544,CUS008544,35.22,Medium,2026-06-30
RSK008545,CUS008545,100.0,High,2026-06-30
RSK008546,CUS008546,46.24,Medium,2026-06-30
RSK008547,CUS008547,38.73,Medium,2026-06-30
RSK008548,CUS008548,72.46,High,2026-06-30
RSK008549,CUS008549,33.01,Medium,2026-06-30
RSK008550,CUS008550,24.67,Low,2026-06-30
RSK008551,CUS008551,100.0,High,2026-06-30
RSK008552,CUS008552,99.98,High,2026-06-30
RSK008553,CUS008553,85.71,High,2026-06-30
RSK008554,CUS008554,100.0,High,2026-06-30
RSK008555,CUS008555,36.35,Medium,2026-06-30
RSK008556,CUS008556,34.67,Medium,2026-06-30
RSK008557,CUS008557,14.88,Low,2026-06-30
RSK008558,CUS008558,26.35,Low,2026-06-30
RSK008559,CUS008559,100.0,High,2026-06-30
RSK008560,CUS008560,100.0,High,2026-06-30
RSK008561,CUS008561,24.22,Low,2026-06-30
RSK008562,CUS008562,37.26,Medium,2026-06-30
RSK008563,CUS008563,46.55,Medium,2026-06-30
RSK008564,CUS008564,45.86,Medium,2026-06-30
RSK008565,CUS008565,43.6,Medium,2026-06-30
RSK008566,CUS008566,44.54,Medium,2026-06-30
RSK008567,CUS008567,19.57,Low,2026-06-30
RSK008568,CUS008568,30.89,Medium,2026-06-30
RSK008569,CUS008569,100.0,High,2026-06-30
RSK008570,CUS008570,100.0,High,2026-06-30
RSK008571,CUS008571,9.53,Low,2026-06-30
RSK008572,CUS008572,100.0,High,2026-06-30
RSK008573,CUS008573,28.67,Low,2026-06-30
RSK008574,CUS008574,19.41,Low,2026-06-30
RSK008575,CUS008575,30.66,Medium,2026-06-30
RSK008576,CUS008576,80.87,High,2026-06-30
RSK008577,CUS008577,56.99,Medium,2026-06-30
RSK008578,CUS008578,60.42,High,2026-06-30
RSK008579,CUS008579,37.14,Medium,2026-06-30
RSK008580,CUS008580,25.77,Low,2026-06-30
RSK008581,CUS008581,14.92,Low,2026-06-30
RSK008582,CUS008582,100.0,High,2026-06-30
RSK008583,CUS008583,20.75,Low,2026-06-30
RSK008584,CUS008584,17.66,Low,2026-06-30
RSK008585,CUS008585,26.5,Low,2026-06-30
RSK008586,CUS008586,14.49,Low,2026-06-30
RSK008587,CUS008587,46.7,Medium,2026-06-30
RSK008588,CUS008588,52.01,Medium,2026-06-30
RSK008589,CUS008589,25.61,Low,2026-06-30
RSK008590,CUS008590,26.82,Low,2026-06-30
RSK008591,CUS008591,28.17,Low,2026-06-30
RSK008592,CUS008592,57.07,Medium,2026-06-30
RSK008593,CUS008593,21.61,Low,2026-06-30
RSK008594,CUS008594,92.75,High,2026-06-30
RSK008595,CUS008595,21.4,Low,2026-06-30
RSK008596,CUS008596,97.6,High,2026-06-30
RSK008597,CUS008597,75.19,High,2026-06-30
RSK008598,CUS008598,28.83,Low,2026-06-30
RSK008599,CUS008599,70.19,High,2026-06-30
RSK008600,CUS008600,79.98,High,2026-06-30
RSK008601,CUS008601,72.07,High,2026-06-30
RSK008602,CUS008602,24.07,Low,2026-06-30
RSK008603,CUS008603,100.0,High,2026-06-30
RSK008604,CUS008604,62.41,High,2026-06-30
RSK008605,CUS008605,97.27,High,2026-06-30
RSK008606,CUS008606,41.94,Medium,2026-06-30
RSK008607,CUS008607,18.0,Low,2026-06-30
RSK008608,CUS008608,47.59,Medium,2026-06-30
RSK008609,CUS008609,22.5,Low,2026-06-30
RSK008610,CUS008610,39.65,Medium,2026-06-30
RSK008611,CUS008611,46.37,Medium,2026-06-30
RSK008612,CUS008612,100.0,High,2026-06-30
RSK008613,CUS008613,25.78,Low,2026-06-30
RSK008614,CUS008614,55.16,Medium,2026-06-30
RSK008615,CUS008615,17.12,Low,2026-06-30
RSK008616,CUS008616,20.27,Low,2026-06-30
RSK008617,CUS008617,24.66,Low,2026-06-30
RSK008618,CUS008618,18.32,Low,2026-06-30
RSK008619,CUS008619,29.04,Low,2026-06-30
RSK008620,CUS008620,47.34,Medium,2026-06-30
RSK008621,CUS008621,67.69,High,2026-06-30
RSK008622,CUS008622,56.66,Medium,2026-06-30
RSK008623,CUS008623,83.29,High,2026-06-30
RSK008624,CUS008624,48.36,Medium,2026-06-30
RSK008625,CUS008625,49.17,Medium,2026-06-30
RSK008626,CUS008626,66.39,High,2026-06-30
RSK008627,CUS008627,68.07,High,2026-06-30
RSK008628,CUS008628,47.56,Medium,2026-06-30
RSK008629,CUS008629,27.73,Low,2026-06-30
RSK008630,CUS008630,89.99,High,2026-06-30
RSK008631,CUS008631,35.48,Medium,2026-06-30
RSK008632,CUS008632,34.39,Medium,2026-06-30
RSK008633,CUS008633,50.92,Medium,2026-06-30
RSK008634,CUS008634,31.3,Medium,2026-06-30
RSK008635,CUS008635,23.72,Low,2026-06-30
RSK008636,CUS008636,8.84,Low,2026-06-30
RSK008637,CUS008637,55.1,Medium,2026-06-30
RSK008638,CUS008638,100.0,High,2026-06-30
RSK008639,CUS008639,100.0,High,2026-06-30
RSK008640,CUS008640,37.29,Medium,2026-06-30
RSK008641,CUS008641,23.81,Low,2026-06-30
RSK008642,CUS008642,75.36,High,2026-06-30
RSK008643,CUS008643,22.85,Low,2026-06-30
RSK008644,CUS008644,56.21,Medium,2026-06-30
RSK008645,CUS008645,63.71,High,2026-06-30
RSK008646,CUS008646,74.23,High,2026-06-30
RSK008647,CUS008647,82.23,High,2026-06-30
RSK008648,CUS008648,51.32,Medium,2026-06-30
RSK008649,CUS008649,89.52,High,2026-06-30
RSK008650,CUS008650,7.38,Low,2026-06-30
RSK008651,CUS008651,74.68,High,2026-06-30
RSK008652,CUS008652,92.71,High,2026-06-30
RSK008653,CUS008653,50.04,Medium,2026-06-30
RSK008654,CUS008654,59.46,Medium,2026-06-30
RSK008655,CUS008655,75.6,High,2026-06-30
RSK008656,CUS008656,80.61,High,2026-06-30
RSK008657,CUS008657,83.2,High,2026-06-30
RSK008658,CUS008658,34.9,Medium,2026-06-30
RSK008659,CUS008659,32.33,Medium,2026-06-30
RSK008660,CUS008660,43.86,Medium,2026-06-30
RSK008661,CUS008661,33.4,Medium,2026-06-30
RSK008662,CUS008662,11.75,Low,2026-06-30
RSK008663,CUS008663,44.43,Medium,2026-06-30
RSK008664,CUS008664,100.0,High,2026-06-30
RSK008665,CUS008665,36.52,Medium,2026-06-30
RSK008666,CUS008666,32.64,Medium,2026-06-30
RSK008667,CUS008667,78.17,High,2026-06-30
RSK008668,CUS008668,32.35,Medium,2026-06-30
RSK008669,CUS008669,100.0,High,2026-06-30
RSK008670,CUS008670,75.3,High,2026-06-30
RSK008671,CUS008671,28.45,Low,2026-06-30
RSK008672,CUS008672,72.72,High,2026-06-30
RSK008673,CUS008673,100.0,High,2026-06-30
RSK008674,CUS008674,37.89,Medium,2026-06-30
RSK008675,CUS008675,40.41,Medium,2026-06-30
RSK008676,CUS008676,37.84,Medium,2026-06-30
RSK008677,CUS008677,29.82,Low,2026-06-30
RSK008678,CUS008678,26.72,Low,2026-06-30
RSK008679,CUS008679,36.1,Medium,2026-06-30
RSK008680,CUS008680,13.39,Low,2026-06-30
RSK008681,CUS008681,92.32,High,2026-06-30
RSK008682,CUS008682,21.95,Low,2026-06-30
RSK008683,CUS008683,89.06,High,2026-06-30
RSK008684,CUS008684,100.0,High,2026-06-30
RSK008685,CUS008685,25.16,Low,2026-06-30
RSK008686,CUS008686,100.0,High,2026-06-30
RSK008687,CUS008687,38.35,Medium,2026-06-30
RSK008688,CUS008688,100.0,High,2026-06-30
RSK008689,CUS008689,36.63,Medium,2026-06-30
RSK008690,CUS008690,81.45,High,2026-06-30
RSK008691,CUS008691,24.16,Low,2026-06-30
RSK008692,CUS008692,88.36,High,2026-06-30
RSK008693,CUS008693,100.0,High,2026-06-30
RSK008694,CUS008694,51.95,Medium,2026-06-30
RSK008695,CUS008695,58.85,Medium,2026-06-30
RSK008696,CUS008696,41.69,Medium,2026-06-30
RSK008697,CUS008697,40.21,Medium,2026-06-30
RSK008698,CUS008698,59.26,Medium,2026-06-30
RSK008699,CUS008699,100.0,High,2026-06-30
RSK008700,CUS008700,100.0,High,2026-06-30
RSK008701,CUS008701,27.8,Low,2026-06-30
RSK008702,CUS008702,91.58,High,2026-06-30
RSK008703,CUS008703,19.83,Low,2026-06-30
RSK008704,CUS008704,35.51,Medium,2026-06-30
RSK008705,CUS008705,77.71,High,2026-06-30
RSK008706,CUS008706,78.79,High,2026-06-30
RSK008707,CUS008707,55.36,Medium,2026-06-30
RSK008708,CUS008708,89.99,High,2026-06-30
RSK008709,CUS008709,30.82,Medium,2026-06-30
RSK008710,CUS008710,100.0,High,2026-06-30
RSK008711,CUS008711,13.95,Low,2026-06-30
RSK008712,CUS008712,35.37,Medium,2026-06-30
RSK008713,CUS008713,46.22,Medium,2026-06-30
RSK008714,CUS008714,51.22,Medium,2026-06-30
RSK008715,CUS008715,37.7,Medium,2026-06-30
RSK008716,CUS008716,16.69,Low,2026-06-30
RSK008717,CUS008717,23.13,Low,2026-06-30
RSK008718,CUS008718,100.0,High,2026-06-30
RSK008719,CUS008719,52.15,Medium,2026-06-30
RSK008720,CUS008720,22.83,Low,2026-06-30
RSK008721,CUS008721,61.84,High,2026-06-30
RSK008722,CUS008722,92.61,High,2026-06-30
RSK008723,CUS008723,54.84,Medium,2026-06-30
RSK008724,CUS008724,79.66,High,2026-06-30
RSK008725,CUS008725,19.02,Low,2026-06-30
RSK008726,CUS008726,90.78,High,2026-06-30
RSK008727,CUS008727,11.28,Low,2026-06-30
RSK008728,CUS008728,28.91,Low,2026-06-30
RSK008729,CUS008729,20.97,Low,2026-06-30
RSK008730,CUS008730,4.11,Low,2026-06-30
RSK008731,CUS008731,40.81,Medium,2026-06-30
RSK008732,CUS008732,15.94,Low,2026-06-30
RSK008733,CUS008733,73.69,High,2026-06-30
RSK008734,CUS008734,25.17,Low,2026-06-30
RSK008735,CUS008735,55.04,Medium,2026-06-30
RSK008736,CUS008736,63.12,High,2026-06-30
RSK008737,CUS008737,75.57,High,2026-06-30
RSK008738,CUS008738,47.34,Medium,2026-06-30
RSK008739,CUS008739,50.27,Medium,2026-06-30
RSK008740,CUS008740,88.05,High,2026-06-30
RSK008741,CUS008741,100.0,High,2026-06-30
RSK008742,CUS008742,33.5,Medium,2026-06-30
RSK008743,CUS008743,44.39,Medium,2026-06-30
RSK008744,CUS008744,8.01,Low,2026-06-30
RSK008745,CUS008745,100.0,High,2026-06-30
RSK008746,CUS008746,27.92,Low,2026-06-30
RSK008747,CUS008747,43.72,Medium,2026-06-30
RSK008748,CUS008748,92.32,High,2026-06-30
RSK008749,CUS008749,33.79,Medium,2026-06-30
RSK008750,CUS008750,42.02,Medium,2026-06-30
RSK008751,CUS008751,34.14,Medium,2026-06-30
RSK008752,CUS008752,30.57,Medium,2026-06-30
RSK008753,CUS008753,87.75,High,2026-06-30
RSK008754,CUS008754,26.3,Low,2026-06-30
RSK008755,CUS008755,11.41,Low,2026-06-30
RSK008756,CUS008756,32.03,Medium,2026-06-30
RSK008757,CUS008757,100.0,High,2026-06-30
RSK008758,CUS008758,49.28,Medium,2026-06-30
RSK008759,CUS008759,36.11,Medium,2026-06-30
RSK008760,CUS008760,72.51,High,2026-06-30
RSK008761,CUS008761,37.99,Medium,2026-06-30
RSK008762,CUS008762,15.48,Low,2026-06-30
RSK008763,CUS008763,27.89,Low,2026-06-30
RSK008764,CUS008764,55.21,Medium,2026-06-30
RSK008765,CUS008765,18.49,Low,2026-06-30
RSK008766,CUS008766,31.84,Medium,2026-06-30
RSK008767,CUS008767,78.62,High,2026-06-30
RSK008768,CUS008768,33.07,Medium,2026-06-30
RSK008769,CUS008769,20.46,Low,2026-06-30
RSK008770,CUS008770,23.81,Low,2026-06-30
RSK008771,CUS008771,14.83,Low,2026-06-30
RSK008772,CUS008772,100.0,High,2026-06-30
RSK008773,CUS008773,90.13,High,2026-06-30
RSK008774,CUS008774,37.49,Medium,2026-06-30
RSK008775,CUS008775,34.96,Medium,2026-06-30
RSK008776,CUS008776,13.25,Low,2026-06-30
RSK008777,CUS008777,38.52,Medium,2026-06-30
RSK008778,CUS008778,35.86,Medium,2026-06-30
RSK008779,CUS008779,27.52,Low,2026-06-30
RSK008780,CUS008780,60.7,High,2026-06-30
RSK008781,CUS008781,67.82,High,2026-06-30
RSK008782,CUS008782,29.55,Low,2026-06-30
RSK008783,CUS008783,57.39,Medium,2026-06-30
RSK008784,CUS008784,100.0,High,2026-06-30
RSK008785,CUS008785,79.78,High,2026-06-30
RSK008786,CUS008786,83.53,High,2026-06-30
RSK008787,CUS008787,100.0,High,2026-06-30
RSK008788,CUS008788,78.73,High,2026-06-30
RSK008789,CUS008789,34.52,Medium,2026-06-30
RSK008790,CUS008790,96.25,High,2026-06-30
RSK008791,CUS008791,38.04,Medium,2026-06-30
RSK008792,CUS008792,51.76,Medium,2026-06-30
RSK008793,CUS008793,39.84,Medium,2026-06-30
RSK008794,CUS008794,34.55,Medium,2026-06-30
RSK008795,CUS008795,100.0,High,2026-06-30
RSK008796,CUS008796,25.39,Low,2026-06-30
RSK008797,CUS008797,81.73,High,2026-06-30
RSK008798,CUS008798,55.05,Medium,2026-06-30
RSK008799,CUS008799,100.0,High,2026-06-30
RSK008800,CUS008800,19.07,Low,2026-06-30
RSK008801,CUS008801,51.82,Medium,2026-06-30
RSK008802,CUS008802,80.06,High,2026-06-30
RSK008803,CUS008803,30.28,Medium,2026-06-30
RSK008804,CUS008804,43.49,Medium,2026-06-30
RSK008805,CUS008805,26.55,Low,2026-06-30
RSK008806,CUS008806,100.0,High,2026-06-30
RSK008807,CUS008807,100.0,High,2026-06-30
RSK008808,CUS008808,46.23,Medium,2026-06-30
RSK008809,CUS008809,12.68,Low,2026-06-30
RSK008810,CUS008810,22.61,Low,2026-06-30
RSK008811,CUS008811,100.0,High,2026-06-30
RSK008812,CUS008812,71.74,High,2026-06-30
RSK008813,CUS008813,87.13,High,2026-06-30
RSK008814,CUS008814,33.05,Medium,2026-06-30
RSK008815,CUS008815,8.24,Low,2026-06-30
RSK008816,CUS008816,13.52,Low,2026-06-30
RSK008817,CUS008817,81.34,High,2026-06-30
RSK008818,CUS008818,100.0,High,2026-06-30
RSK008819,CUS008819,40.59,Medium,2026-06-30
RSK008820,CUS008820,87.03,High,2026-06-30
RSK008821,CUS008821,100.0,High,2026-06-30
RSK008822,CUS008822,78.01,High,2026-06-30
RSK008823,CUS008823,8.33,Low,2026-06-30
RSK008824,CUS008824,31.98,Medium,2026-06-30
RSK008825,CUS008825,7.08,Low,2026-06-30
RSK008826,CUS008826,9.14,Low,2026-06-30
RSK008827,CUS008827,100.0,High,2026-06-30
RSK008828,CUS008828,22.54,Low,2026-06-30
RSK008829,CUS008829,93.02,High,2026-06-30
RSK008830,CUS008830,14.51,Low,2026-06-30
RSK008831,CUS008831,31.33,Medium,2026-06-30
RSK008832,CUS008832,14.91,Low,2026-06-30
RSK008833,CUS008833,42.95,Medium,2026-06-30
RSK008834,CUS008834,19.22,Low,2026-06-30
RSK008835,CUS008835,43.04,Medium,2026-06-30
RSK008836,CUS008836,100.0,High,2026-06-30
RSK008837,CUS008837,26.94,Low,2026-06-30
RSK008838,CUS008838,19.4,Low,2026-06-30
RSK008839,CUS008839,35.75,Medium,2026-06-30
RSK008840,CUS008840,81.76,High,2026-06-30
RSK008841,CUS008841,33.43,Medium,2026-06-30
RSK008842,CUS008842,45.6,Medium,2026-06-30
RSK008843,CUS008843,48.35,Medium,2026-06-30
RSK008844,CUS008844,71.95,High,2026-06-30
RSK008845,CUS008845,38.23,Medium,2026-06-30
RSK008846,CUS008846,24.83,Low,2026-06-30
RSK008847,CUS008847,82.69,High,2026-06-30
RSK008848,CUS008848,24.17,Low,2026-06-30
RSK008849,CUS008849,100.0,High,2026-06-30
RSK008850,CUS008850,66.47,High,2026-06-30
RSK008851,CUS008851,31.97,Medium,2026-06-30
RSK008852,CUS008852,49.06,Medium,2026-06-30
RSK008853,CUS008853,47.84,Medium,2026-06-30
RSK008854,CUS008854,100.0,High,2026-06-30
RSK008855,CUS008855,44.05,Medium,2026-06-30
RSK008856,CUS008856,95.62,High,2026-06-30
RSK008857,CUS008857,30.58,Medium,2026-06-30
RSK008858,CUS008858,15.72,Low,2026-06-30
RSK008859,CUS008859,100.0,High,2026-06-30
RSK008860,CUS008860,100.0,High,2026-06-30
RSK008861,CUS008861,67.44,High,2026-06-30
RSK008862,CUS008862,42.88,Medium,2026-06-30
RSK008863,CUS008863,100.0,High,2026-06-30
RSK008864,CUS008864,24.25,Low,2026-06-30
RSK008865,CUS008865,21.6,Low,2026-06-30
RSK008866,CUS008866,58.93,Medium,2026-06-30
RSK008867,CUS008867,46.44,Medium,2026-06-30
RSK008868,CUS008868,100.0,High,2026-06-30
RSK008869,CUS008869,21.02,Low,2026-06-30
RSK008870,CUS008870,29.27,Low,2026-06-30
RSK008871,CUS008871,74.25,High,2026-06-30
RSK008872,CUS008872,36.86,Medium,2026-06-30
RSK008873,CUS008873,46.47,Medium,2026-06-30
RSK008874,CUS008874,24.03,Low,2026-06-30
RSK008875,CUS008875,26.31,Low,2026-06-30
RSK008876,CUS008876,23.72,Low,2026-06-30
RSK008877,CUS008877,81.39,High,2026-06-30
RSK008878,CUS008878,100.0,High,2026-06-30
RSK008879,CUS008879,15.29,Low,2026-06-30
RSK008880,CUS008880,34.88,Medium,2026-06-30
RSK008881,CUS008881,29.87,Low,2026-06-30
RSK008882,CUS008882,27.38,Low,2026-06-30
RSK008883,CUS008883,100.0,High,2026-06-30
RSK008884,CUS008884,74.45,High,2026-06-30
RSK008885,CUS008885,86.85,High,2026-06-30
RSK008886,CUS008886,23.34,Low,2026-06-30
RSK008887,CUS008887,59.02,Medium,2026-06-30
RSK008888,CUS008888,37.24,Medium,2026-06-30
RSK008889,CUS008889,66.4,High,2026-06-30
RSK008890,CUS008890,13.74,Low,2026-06-30
RSK008891,CUS008891,50.06,Medium,2026-06-30
RSK008892,CUS008892,97.27,High,2026-06-30
RSK008893,CUS008893,100.0,High,2026-06-30
RSK008894,CUS008894,27.97,Low,2026-06-30
RSK008895,CUS008895,44.06,Medium,2026-06-30
RSK008896,CUS008896,9.74,Low,2026-06-30
RSK008897,CUS008897,27.37,Low,2026-06-30
RSK008898,CUS008898,69.21,High,2026-06-30
RSK008899,CUS008899,23.0,Low,2026-06-30
RSK008900,CUS008900,40.69,Medium,2026-06-30
RSK008901,CUS008901,86.48,High,2026-06-30
RSK008902,CUS008902,92.89,High,2026-06-30
RSK008903,CUS008903,62.66,High,2026-06-30
RSK008904,CUS008904,100.0,High,2026-06-30
RSK008905,CUS008905,45.3,Medium,2026-06-30
RSK008906,CUS008906,18.6,Low,2026-06-30
RSK008907,CUS008907,30.24,Medium,2026-06-30
RSK008908,CUS008908,100.0,High,2026-06-30
RSK008909,CUS008909,79.02,High,2026-06-30
RSK008910,CUS008910,25.9,Low,2026-06-30
RSK008911,CUS008911,16.58,Low,2026-06-30
RSK008912,CUS008912,100.0,High,2026-06-30
RSK008913,CUS008913,54.26,Medium,2026-06-30
RSK008914,CUS008914,37.28,Medium,2026-06-30
RSK008915,CUS008915,21.53,Low,2026-06-30
RSK008916,CUS008916,41.08,Medium,2026-06-30
RSK008917,CUS008917,38.98,Medium,2026-06-30
RSK008918,CUS008918,7.53,Low,2026-06-30
RSK008919,CUS008919,19.72,Low,2026-06-30
RSK008920,CUS008920,100.0,High,2026-06-30
RSK008921,CUS008921,100.0,High,2026-06-30
RSK008922,CUS008922,62.67,High,2026-06-30
RSK008923,CUS008923,34.7,Medium,2026-06-30
RSK008924,CUS008924,17.0,Low,2026-06-30
RSK008925,CUS008925,51.11,Medium,2026-06-30
RSK008926,CUS008926,33.63,Medium,2026-06-30
RSK008927,CUS008927,27.06,Low,2026-06-30
RSK008928,CUS008928,85.02,High,2026-06-30
RSK008929,CUS008929,80.77,High,2026-06-30
RSK008930,CUS008930,91.15,High,2026-06-30
RSK008931,CUS008931,49.61,Medium,2026-06-30
RSK008932,CUS008932,100.0,High,2026-06-30
RSK008933,CUS008933,10.73,Low,2026-06-30
RSK008934,CUS008934,100.0,High,2026-06-30
RSK008935,CUS008935,48.78,Medium,2026-06-30
RSK008936,CUS008936,75.15,High,2026-06-30
RSK008937,CUS008937,34.87,Medium,2026-06-30
RSK008938,CUS008938,31.56,Medium,2026-06-30
RSK008939,CUS008939,68.0,High,2026-06-30
RSK008940,CUS008940,100.0,High,2026-06-30
RSK008941,CUS008941,31.16,Medium,2026-06-30
RSK008942,CUS008942,80.43,High,2026-06-30
RSK008943,CUS008943,27.62,Low,2026-06-30
RSK008944,CUS008944,23.44,Low,2026-06-30
RSK008945,CUS008945,95.58,High,2026-06-30
RSK008946,CUS008946,43.51,Medium,2026-06-30
RSK008947,CUS008947,36.23,Medium,2026-06-30
RSK008948,CUS008948,31.18,Medium,2026-06-30
RSK008949,CUS008949,22.62,Low,2026-06-30
RSK008950,CUS008950,31.71,Medium,2026-06-30
RSK008951,CUS008951,7.49,Low,2026-06-30
RSK008952,CUS008952,100.0,High,2026-06-30
RSK008953,CUS008953,14.78,Low,2026-06-30
RSK008954,CUS008954,27.74,Low,2026-06-30
RSK008955,CUS008955,61.05,High,2026-06-30
RSK008956,CUS008956,22.95,Low,2026-06-30
RSK008957,CUS008957,38.87,Medium,2026-06-30
RSK008958,CUS008958,28.24,Low,2026-06-30
RSK008959,CUS008959,27.11,Low,2026-06-30
RSK008960,CUS008960,31.77,Medium,2026-06-30
RSK008961,CUS008961,68.71,High,2026-06-30
RSK008962,CUS008962,23.85,Low,2026-06-30
RSK008963,CUS008963,72.83,High,2026-06-30
RSK008964,CUS008964,32.48,Medium,2026-06-30
RSK008965,CUS008965,100.0,High,2026-06-30
RSK008966,CUS008966,40.64,Medium,2026-06-30
RSK008967,CUS008967,39.6,Medium,2026-06-30
RSK008968,CUS008968,50.68,Medium,2026-06-30
RSK008969,CUS008969,100.0,High,2026-06-30
RSK008970,CUS008970,19.69,Low,2026-06-30
RSK008971,CUS008971,47.41,Medium,2026-06-30
RSK008972,CUS008972,24.54,Low,2026-06-30
RSK008973,CUS008973,100.0,High,2026-06-30
RSK008974,CUS008974,100.0,High,2026-06-30
RSK008975,CUS008975,100.0,High,2026-06-30
RSK008976,CUS008976,35.89,Medium,2026-06-30
RSK008977,CUS008977,62.25,High,2026-06-30
RSK008978,CUS008978,52.81,Medium,2026-06-30
RSK008979,CUS008979,100.0,High,2026-06-30
RSK008980,CUS008980,25.15,Low,2026-06-30
RSK008981,CUS008981,100.0,High,2026-06-30
RSK008982,CUS008982,24.97,Low,2026-06-30
RSK008983,CUS008983,51.29,Medium,2026-06-30
RSK008984,CUS008984,33.76,Medium,2026-06-30
RSK008985,CUS008985,51.66,Medium,2026-06-30
RSK008986,CUS008986,77.48,High,2026-06-30
RSK008987,CUS008987,91.4,High,2026-06-30
RSK008988,CUS008988,35.13,Medium,2026-06-30
RSK008989,CUS008989,26.81,Low,2026-06-30
RSK008990,CUS008990,10.32,Low,2026-06-30
RSK008991,CUS008991,26.45,Low,2026-06-30
RSK008992,CUS008992,31.35,Medium,2026-06-30
RSK008993,CUS008993,100.0,High,2026-06-30
RSK008994,CUS008994,21.7,Low,2026-06-30
RSK008995,CUS008995,100.0,High,2026-06-30
RSK008996,CUS008996,93.55,High,2026-06-30
RSK008997,CUS008997,89.58,High,2026-06-30
RSK008998,CUS008998,12.8,Low,2026-06-30
RSK008999,CUS008999,100.0,High,2026-06-30
RSK009000,CUS009000,29.42,Low,2026-06-30
RSK009001,CUS009001,3.14,Low,2026-06-30
RSK009002,CUS009002,72.75,High,2026-06-30
RSK009003,CUS009003,14.95,Low,2026-06-30
RSK009004,CUS009004,47.75,Medium,2026-06-30
RSK009005,CUS009005,75.12,High,2026-06-30
RSK009006,CUS009006,36.28,Medium,2026-06-30
RSK009007,CUS009007,63.61,High,2026-06-30
RSK009008,CUS009008,23.68,Low,2026-06-30
RSK009009,CUS009009,48.79,Medium,2026-06-30
RSK009010,CUS009010,18.68,Low,2026-06-30
RSK009011,CUS009011,43.78,Medium,2026-06-30
RSK009012,CUS009012,22.63,Low,2026-06-30
RSK009013,CUS009013,26.6,Low,2026-06-30
RSK009014,CUS009014,78.82,High,2026-06-30
RSK009015,CUS009015,21.69,Low,2026-06-30
RSK009016,CUS009016,24.63,Low,2026-06-30
RSK009017,CUS009017,17.99,Low,2026-06-30
RSK009018,CUS009018,17.51,Low,2026-06-30
RSK009019,CUS009019,100.0,High,2026-06-30
RSK009020,CUS009020,43.0,Medium,2026-06-30
RSK009021,CUS009021,100.0,High,2026-06-30
RSK009022,CUS009022,19.75,Low,2026-06-30
RSK009023,CUS009023,40.42,Medium,2026-06-30
RSK009024,CUS009024,40.13,Medium,2026-06-30
RSK009025,CUS009025,34.42,Medium,2026-06-30
RSK009026,CUS009026,16.96,Low,2026-06-30
RSK009027,CUS009027,17.46,Low,2026-06-30
RSK009028,CUS009028,55.28,Medium,2026-06-30
RSK009029,CUS009029,100.0,High,2026-06-30
RSK009030,CUS009030,14.16,Low,2026-06-30
RSK009031,CUS009031,22.83,Low,2026-06-30
RSK009032,CUS009032,41.74,Medium,2026-06-30
RSK009033,CUS009033,22.15,Low,2026-06-30
RSK009034,CUS009034,21.96,Low,2026-06-30
RSK009035,CUS009035,80.47,High,2026-06-30
RSK009036,CUS009036,100.0,High,2026-06-30
RSK009037,CUS009037,58.3,Medium,2026-06-30
RSK009038,CUS009038,100.0,High,2026-06-30
RSK009039,CUS009039,65.72,High,2026-06-30
RSK009040,CUS009040,37.85,Medium,2026-06-30
RSK009041,CUS009041,48.02,Medium,2026-06-30
RSK009042,CUS009042,17.84,Low,2026-06-30
RSK009043,CUS009043,36.83,Medium,2026-06-30
RSK009044,CUS009044,41.82,Medium,2026-06-30
RSK009045,CUS009045,90.43,High,2026-06-30
RSK009046,CUS009046,100.0,High,2026-06-30
RSK009047,CUS009047,68.93,High,2026-06-30
RSK009048,CUS009048,33.96,Medium,2026-06-30
RSK009049,CUS009049,53.17,Medium,2026-06-30
RSK009050,CUS009050,92.57,High,2026-06-30
RSK009051,CUS009051,18.25,Low,2026-06-30
RSK009052,CUS009052,77.35,High,2026-06-30
RSK009053,CUS009053,39.86,Medium,2026-06-30
RSK009054,CUS009054,38.2,Medium,2026-06-30
RSK009055,CUS009055,20.46,Low,2026-06-30
RSK009056,CUS009056,43.4,Medium,2026-06-30
RSK009057,CUS009057,66.86,High,2026-06-30
RSK009058,CUS009058,30.0,Low,2026-06-30
RSK009059,CUS009059,60.32,High,2026-06-30
RSK009060,CUS009060,64.01,High,2026-06-30
RSK009061,CUS009061,44.05,Medium,2026-06-30
RSK009062,CUS009062,86.01,High,2026-06-30
RSK009063,CUS009063,64.32,High,2026-06-30
RSK009064,CUS009064,100.0,High,2026-06-30
RSK009065,CUS009065,51.28,Medium,2026-06-30
RSK009066,CUS009066,64.43,High,2026-06-30
RSK009067,CUS009067,85.67,High,2026-06-30
RSK009068,CUS009068,33.48,Medium,2026-06-30
RSK009069,CUS009069,33.91,Medium,2026-06-30
RSK009070,CUS009070,28.76,Low,2026-06-30
RSK009071,CUS009071,56.3,Medium,2026-06-30
RSK009072,CUS009072,21.33,Low,2026-06-30
RSK009073,CUS009073,21.77,Low,2026-06-30
RSK009074,CUS009074,48.82,Medium,2026-06-30
RSK009075,CUS009075,44.38,Medium,2026-06-30
RSK009076,CUS009076,34.2,Medium,2026-06-30
RSK009077,CUS009077,41.3,Medium,2026-06-30
RSK009078,CUS009078,87.29,High,2026-06-30
RSK009079,CUS009079,28.11,Low,2026-06-30
RSK009080,CUS009080,35.69,Medium,2026-06-30
RSK009081,CUS009081,100.0,High,2026-06-30
RSK009082,CUS009082,80.44,High,2026-06-30
RSK009083,CUS009083,33.18,Medium,2026-06-30
RSK009084,CUS009084,38.06,Medium,2026-06-30
RSK009085,CUS009085,72.34,High,2026-06-30
RSK009086,CUS009086,27.34,Low,2026-06-30
RSK009087,CUS009087,29.63,Low,2026-06-30
RSK009088,CUS009088,35.15,Medium,2026-06-30
RSK009089,CUS009089,36.85,Medium,2026-06-30
RSK009090,CUS009090,76.93,High,2026-06-30
RSK009091,CUS009091,15.83,Low,2026-06-30
RSK009092,CUS009092,93.96,High,2026-06-30
RSK009093,CUS009093,58.14,Medium,2026-06-30
RSK009094,CUS009094,17.3,Low,2026-06-30
RSK009095,CUS009095,31.16,Medium,2026-06-30
RSK009096,CUS009096,40.39,Medium,2026-06-30
RSK009097,CUS009097,67.04,High,2026-06-30
RSK009098,CUS009098,38.52,Medium,2026-06-30
RSK009099,CUS009099,73.35,High,2026-06-30
RSK009100,CUS009100,39.99,Medium,2026-06-30
RSK009101,CUS009101,47.14,Medium,2026-06-30
RSK009102,CUS009102,29.54,Low,2026-06-30
RSK009103,CUS009103,29.7,Low,2026-06-30
RSK009104,CUS009104,40.76,Medium,2026-06-30
RSK009105,CUS009105,100.0,High,2026-06-30
RSK009106,CUS009106,27.83,Low,2026-06-30
RSK009107,CUS009107,61.34,High,2026-06-30
RSK009108,CUS009108,54.37,Medium,2026-06-30
RSK009109,CUS009109,9.5,Low,2026-06-30
RSK009110,CUS009110,20.18,Low,2026-06-30
RSK009111,CUS009111,77.24,High,2026-06-30
RSK009112,CUS009112,56.81,Medium,2026-06-30
RSK009113,CUS009113,42.22,Medium,2026-06-30
RSK009114,CUS009114,49.57,Medium,2026-06-30
RSK009115,CUS009115,73.51,High,2026-06-30
RSK009116,CUS009116,26.9,Low,2026-06-30
RSK009117,CUS009117,37.79,Medium,2026-06-30
RSK009118,CUS009118,28.55,Low,2026-06-30
RSK009119,CUS009119,36.97,Medium,2026-06-30
RSK009120,CUS009120,100.0,High,2026-06-30
RSK009121,CUS009121,30.34,Medium,2026-06-30
RSK009122,CUS009122,91.94,High,2026-06-30
RSK009123,CUS009123,16.65,Low,2026-06-30
RSK009124,CUS009124,33.08,Medium,2026-06-30
RSK009125,CUS009125,92.6,High,2026-06-30
RSK009126,CUS009126,100.0,High,2026-06-30
RSK009127,CUS009127,18.84,Low,2026-06-30
RSK009128,CUS009128,20.57,Low,2026-06-30
RSK009129,CUS009129,54.56,Medium,2026-06-30
RSK009130,CUS009130,36.19,Medium,2026-06-30
RSK009131,CUS009131,100.0,High,2026-06-30
RSK009132,CUS009132,17.1,Low,2026-06-30
RSK009133,CUS009133,100.0,High,2026-06-30
RSK009134,CUS009134,42.53,Medium,2026-06-30
RSK009135,CUS009135,8.28,Low,2026-06-30
RSK009136,CUS009136,87.16,High,2026-06-30
RSK009137,CUS009137,30.04,Medium,2026-06-30
RSK009138,CUS009138,42.61,Medium,2026-06-30
RSK009139,CUS009139,40.16,Medium,2026-06-30
RSK009140,CUS009140,100.0,High,2026-06-30
RSK009141,CUS009141,100.0,High,2026-06-30
RSK009142,CUS009142,89.27,High,2026-06-30
RSK009143,CUS009143,36.78,Medium,2026-06-30
RSK009144,CUS009144,32.52,Medium,2026-06-30
RSK009145,CUS009145,100.0,High,2026-06-30
RSK009146,CUS009146,27.31,Low,2026-06-30
RSK009147,CUS009147,41.98,Medium,2026-06-30
RSK009148,CUS009148,62.2,High,2026-06-30
RSK009149,CUS009149,38.08,Medium,2026-06-30
RSK009150,CUS009150,31.84,Medium,2026-06-30
RSK009151,CUS009151,20.83,Low,2026-06-30
RSK009152,CUS009152,22.01,Low,2026-06-30
RSK009153,CUS009153,86.15,High,2026-06-30
RSK009154,CUS009154,31.88,Medium,2026-06-30
RSK009155,CUS009155,100.0,High,2026-06-30
RSK009156,CUS009156,31.27,Medium,2026-06-30
RSK009157,CUS009157,8.44,Low,2026-06-30
RSK009158,CUS009158,25.35,Low,2026-06-30
RSK009159,CUS009159,86.93,High,2026-06-30
RSK009160,CUS009160,22.92,Low,2026-06-30
RSK009161,CUS009161,65.25,High,2026-06-30
RSK009162,CUS009162,51.76,Medium,2026-06-30
RSK009163,CUS009163,100.0,High,2026-06-30
RSK009164,CUS009164,56.0,Medium,2026-06-30
RSK009165,CUS009165,38.33,Medium,2026-06-30
RSK009166,CUS009166,100.0,High,2026-06-30
RSK009167,CUS009167,61.27,High,2026-06-30
RSK009168,CUS009168,100.0,High,2026-06-30
RSK009169,CUS009169,97.4,High,2026-06-30
RSK009170,CUS009170,43.29,Medium,2026-06-30
RSK009171,CUS009171,100.0,High,2026-06-30
RSK009172,CUS009172,25.21,Low,2026-06-30
RSK009173,CUS009173,78.11,High,2026-06-30
RSK009174,CUS009174,78.02,High,2026-06-30
RSK009175,CUS009175,73.55,High,2026-06-30
RSK009176,CUS009176,59.96,Medium,2026-06-30
RSK009177,CUS009177,9.75,Low,2026-06-30
RSK009178,CUS009178,82.95,High,2026-06-30
RSK009179,CUS009179,20.67,Low,2026-06-30
RSK009180,CUS009180,30.46,Medium,2026-06-30
RSK009181,CUS009181,34.46,Medium,2026-06-30
RSK009182,CUS009182,23.11,Low,2026-06-30
RSK009183,CUS009183,66.52,High,2026-06-30
RSK009184,CUS009184,66.97,High,2026-06-30
RSK009185,CUS009185,12.93,Low,2026-06-30
RSK009186,CUS009186,47.09,Medium,2026-06-30
RSK009187,CUS009187,34.42,Medium,2026-06-30
RSK009188,CUS009188,55.52,Medium,2026-06-30
RSK009189,CUS009189,39.31,Medium,2026-06-30
RSK009190,CUS009190,100.0,High,2026-06-30
RSK009191,CUS009191,100.0,High,2026-06-30
RSK009192,CUS009192,27.64,Low,2026-06-30
RSK009193,CUS009193,11.58,Low,2026-06-30
RSK009194,CUS009194,100.0,High,2026-06-30
RSK009195,CUS009195,26.04,Low,2026-06-30
RSK009196,CUS009196,11.25,Low,2026-06-30
RSK009197,CUS009197,37.32,Medium,2026-06-30
RSK009198,CUS009198,20.43,Low,2026-06-30
RSK009199,CUS009199,54.26,Medium,2026-06-30
RSK009200,CUS009200,20.2,Low,2026-06-30
RSK009201,CUS009201,26.89,Low,2026-06-30
RSK009202,CUS009202,20.86,Low,2026-06-30
RSK009203,CUS009203,100.0,High,2026-06-30
RSK009204,CUS009204,64.62,High,2026-06-30
RSK009205,CUS009205,86.18,High,2026-06-30
RSK009206,CUS009206,100.0,High,2026-06-30
RSK009207,CUS009207,25.19,Low,2026-06-30
RSK009208,CUS009208,24.33,Low,2026-06-30
RSK009209,CUS009209,97.39,High,2026-06-30
RSK009210,CUS009210,21.96,Low,2026-06-30
RSK009211,CUS009211,18.76,Low,2026-06-30
RSK009212,CUS009212,100.0,High,2026-06-30
RSK009213,CUS009213,59.78,Medium,2026-06-30
RSK009214,CUS009214,40.26,Medium,2026-06-30
RSK009215,CUS009215,75.06,High,2026-06-30
RSK009216,CUS009216,19.02,Low,2026-06-30
RSK009217,CUS009217,95.98,High,2026-06-30
RSK009218,CUS009218,100.0,High,2026-06-30
RSK009219,CUS009219,70.49,High,2026-06-30
RSK009220,CUS009220,31.89,Medium,2026-06-30
RSK009221,CUS009221,63.92,High,2026-06-30
RSK009222,CUS009222,18.58,Low,2026-06-30
RSK009223,CUS009223,3.78,Low,2026-06-30
RSK009224,CUS009224,28.55,Low,2026-06-30
RSK009225,CUS009225,82.82,High,2026-06-30
RSK009226,CUS009226,33.74,Medium,2026-06-30
RSK009227,CUS009227,21.09,Low,2026-06-30
RSK009228,CUS009228,100.0,High,2026-06-30
RSK009229,CUS009229,24.74,Low,2026-06-30
RSK009230,CUS009230,42.28,Medium,2026-06-30
RSK009231,CUS009231,37.67,Medium,2026-06-30
RSK009232,CUS009232,25.1,Low,2026-06-30
RSK009233,CUS009233,100.0,High,2026-06-30
RSK009234,CUS009234,100.0,High,2026-06-30
RSK009235,CUS009235,36.03,Medium,2026-06-30
RSK009236,CUS009236,48.71,Medium,2026-06-30
RSK009237,CUS009237,20.14,Low,2026-06-30
RSK009238,CUS009238,14.87,Low,2026-06-30
RSK009239,CUS009239,46.47,Medium,2026-06-30
RSK009240,CUS009240,100.0,High,2026-06-30
RSK009241,CUS009241,41.57,Medium,2026-06-30
RSK009242,CUS009242,51.34,Medium,2026-06-30
RSK009243,CUS009243,75.58,High,2026-06-30
RSK009244,CUS009244,78.86,High,2026-06-30
RSK009245,CUS009245,50.65,Medium,2026-06-30
RSK009246,CUS009246,53.66,Medium,2026-06-30
RSK009247,CUS009247,100.0,High,2026-06-30
RSK009248,CUS009248,46.7,Medium,2026-06-30
RSK009249,CUS009249,24.35,Low,2026-06-30
RSK009250,CUS009250,26.36,Low,2026-06-30
RSK009251,CUS009251,31.8,Medium,2026-06-30
RSK009252,CUS009252,100.0,High,2026-06-30
RSK009253,CUS009253,100.0,High,2026-06-30
RSK009254,CUS009254,55.03,Medium,2026-06-30
RSK009255,CUS009255,85.54,High,2026-06-30
RSK009256,CUS009256,58.57,Medium,2026-06-30
RSK009257,CUS009257,100.0,High,2026-06-30
RSK009258,CUS009258,100.0,High,2026-06-30
RSK009259,CUS009259,30.23,Medium,2026-06-30
RSK009260,CUS009260,27.87,Low,2026-06-30
RSK009261,CUS009261,100.0,High,2026-06-30
RSK009262,CUS009262,41.68,Medium,2026-06-30
RSK009263,CUS009263,25.04,Low,2026-06-30
RSK009264,CUS009264,46.93,Medium,2026-06-30
RSK009265,CUS009265,100.0,High,2026-06-30
RSK009266,CUS009266,94.1,High,2026-06-30
RSK009267,CUS009267,23.42,Low,2026-06-30
RSK009268,CUS009268,35.07,Medium,2026-06-30
RSK009269,CUS009269,22.78,Low,2026-06-30
RSK009270,CUS009270,26.78,Low,2026-06-30
RSK009271,CUS009271,75.5,High,2026-06-30
RSK009272,CUS009272,100.0,High,2026-06-30
RSK009273,CUS009273,73.06,High,2026-06-30
RSK009274,CUS009274,51.46,Medium,2026-06-30
RSK009275,CUS009275,47.13,Medium,2026-06-30
RSK009276,CUS009276,11.19,Low,2026-06-30
RSK009277,CUS009277,39.98,Medium,2026-06-30
RSK009278,CUS009278,29.4,Low,2026-06-30
RSK009279,CUS009279,10.66,Low,2026-06-30
RSK009280,CUS009280,63.85,High,2026-06-30
RSK009281,CUS009281,100.0,High,2026-06-30
RSK009282,CUS009282,77.83,High,2026-06-30
RSK009283,CUS009283,25.08,Low,2026-06-30
RSK009284,CUS009284,35.25,Medium,2026-06-30
RSK009285,CUS009285,100.0,High,2026-06-30
RSK009286,CUS009286,100.0,High,2026-06-30
RSK009287,CUS009287,100.0,High,2026-06-30
RSK009288,CUS009288,85.22,High,2026-06-30
RSK009289,CUS009289,74.95,High,2026-06-30
RSK009290,CUS009290,18.59,Low,2026-06-30
RSK009291,CUS009291,100.0,High,2026-06-30
RSK009292,CUS009292,31.72,Medium,2026-06-30
RSK009293,CUS009293,46.06,Medium,2026-06-30
RSK009294,CUS009294,75.3,High,2026-06-30
RSK009295,CUS009295,24.27,Low,2026-06-30
RSK009296,CUS009296,99.53,High,2026-06-30
RSK009297,CUS009297,95.9,High,2026-06-30
RSK009298,CUS009298,37.86,Medium,2026-06-30
RSK009299,CUS009299,35.33,Medium,2026-06-30
RSK009300,CUS009300,45.51,Medium,2026-06-30
RSK009301,CUS009301,24.46,Low,2026-06-30
RSK009302,CUS009302,42.49,Medium,2026-06-30
RSK009303,CUS009303,33.06,Medium,2026-06-30
RSK009304,CUS009304,8.94,Low,2026-06-30
RSK009305,CUS009305,46.04,Medium,2026-06-30
RSK009306,CUS009306,49.59,Medium,2026-06-30
RSK009307,CUS009307,15.75,Low,2026-06-30
RSK009308,CUS009308,39.08,Medium,2026-06-30
RSK009309,CUS009309,35.56,Medium,2026-06-30
RSK009310,CUS009310,22.19,Low,2026-06-30
RSK009311,CUS009311,42.05,Medium,2026-06-30
RSK009312,CUS009312,38.72,Medium,2026-06-30
RSK009313,CUS009313,4.23,Low,2026-06-30
RSK009314,CUS009314,27.74,Low,2026-06-30
RSK009315,CUS009315,4.48,Low,2026-06-30
RSK009316,CUS009316,38.25,Medium,2026-06-30
RSK009317,CUS009317,42.77,Medium,2026-06-30
RSK009318,CUS009318,54.61,Medium,2026-06-30
RSK009319,CUS009319,71.84,High,2026-06-30
RSK009320,CUS009320,43.8,Medium,2026-06-30
RSK009321,CUS009321,100.0,High,2026-06-30
RSK009322,CUS009322,100.0,High,2026-06-30
RSK009323,CUS009323,67.67,High,2026-06-30
RSK009324,CUS009324,78.67,High,2026-06-30
RSK009325,CUS009325,100.0,High,2026-06-30
RSK009326,CUS009326,57.5,Medium,2026-06-30
RSK009327,CUS009327,22.34,Low,2026-06-30
RSK009328,CUS009328,96.56,High,2026-06-30
RSK009329,CUS009329,28.93,Low,2026-06-30
RSK009330,CUS009330,25.77,Low,2026-06-30
RSK009331,CUS009331,52.51,Medium,2026-06-30
RSK009332,CUS009332,100.0,High,2026-06-30
RSK009333,CUS009333,36.38,Medium,2026-06-30
RSK009334,CUS009334,92.34,High,2026-06-30
RSK009335,CUS009335,26.3,Low,2026-06-30
RSK009336,CUS009336,15.95,Low,2026-06-30
RSK009337,CUS009337,76.48,High,2026-06-30
RSK009338,CUS009338,41.1,Medium,2026-06-30
RSK009339,CUS009339,18.95,Low,2026-06-30
RSK009340,CUS009340,75.53,High,2026-06-30
RSK009341,CUS009341,5.26,Low,2026-06-30
RSK009342,CUS009342,47.24,Medium,2026-06-30
RSK009343,CUS009343,31.62,Medium,2026-06-30
RSK009344,CUS009344,23.15,Low,2026-06-30
RSK009345,CUS009345,81.92,High,2026-06-30
RSK009346,CUS009346,38.92,Medium,2026-06-30
RSK009347,CUS009347,100.0,High,2026-06-30
RSK009348,CUS009348,31.11,Medium,2026-06-30
RSK009349,CUS009349,40.51,Medium,2026-06-30
RSK009350,CUS009350,100.0,High,2026-06-30
RSK009351,CUS009351,27.52,Low,2026-06-30
RSK009352,CUS009352,100.0,High,2026-06-30
RSK009353,CUS009353,28.96,Low,2026-06-30
RSK009354,CUS009354,27.29,Low,2026-06-30
RSK009355,CUS009355,45.32,Medium,2026-06-30
RSK009356,CUS009356,100.0,High,2026-06-30
RSK009357,CUS009357,100.0,High,2026-06-30
RSK009358,CUS009358,38.7,Medium,2026-06-30
RSK009359,CUS009359,23.4,Low,2026-06-30
RSK009360,CUS009360,45.81,Medium,2026-06-30
RSK009361,CUS009361,41.14,Medium,2026-06-30
RSK009362,CUS009362,34.82,Medium,2026-06-30
RSK009363,CUS009363,76.25,High,2026-06-30
RSK009364,CUS009364,78.0,High,2026-06-30
RSK009365,CUS009365,96.25,High,2026-06-30
RSK009366,CUS009366,41.14,Medium,2026-06-30
RSK009367,CUS009367,45.5,Medium,2026-06-30
RSK009368,CUS009368,100.0,High,2026-06-30
RSK009369,CUS009369,18.09,Low,2026-06-30
RSK009370,CUS009370,91.28,High,2026-06-30
RSK009371,CUS009371,16.19,Low,2026-06-30
RSK009372,CUS009372,17.85,Low,2026-06-30
RSK009373,CUS009373,33.76,Medium,2026-06-30
RSK009374,CUS009374,24.8,Low,2026-06-30
RSK009375,CUS009375,100.0,High,2026-06-30
RSK009376,CUS009376,35.28,Medium,2026-06-30
RSK009377,CUS009377,42.24,Medium,2026-06-30
RSK009378,CUS009378,84.58,High,2026-06-30
RSK009379,CUS009379,28.34,Low,2026-06-30
RSK009380,CUS009380,90.38,High,2026-06-30
RSK009381,CUS009381,37.41,Medium,2026-06-30
RSK009382,CUS009382,51.27,Medium,2026-06-30
RSK009383,CUS009383,37.06,Medium,2026-06-30
RSK009384,CUS009384,33.64,Medium,2026-06-30
RSK009385,CUS009385,76.81,High,2026-06-30
RSK009386,CUS009386,20.51,Low,2026-06-30
RSK009387,CUS009387,100.0,High,2026-06-30
RSK009388,CUS009388,51.24,Medium,2026-06-30
RSK009389,CUS009389,29.46,Low,2026-06-30
RSK009390,CUS009390,38.95,Medium,2026-06-30
RSK009391,CUS009391,20.14,Low,2026-06-30
RSK009392,CUS009392,100.0,High,2026-06-30
RSK009393,CUS009393,13.33,Low,2026-06-30
RSK009394,CUS009394,13.66,Low,2026-06-30
RSK009395,CUS009395,100.0,High,2026-06-30
RSK009396,CUS009396,100.0,High,2026-06-30
RSK009397,CUS009397,21.5,Low,2026-06-30
RSK009398,CUS009398,9.93,Low,2026-06-30
RSK009399,CUS009399,95.51,High,2026-06-30
RSK009400,CUS009400,55.69,Medium,2026-06-30
RSK009401,CUS009401,54.21,Medium,2026-06-30
RSK009402,CUS009402,31.05,Medium,2026-06-30
RSK009403,CUS009403,34.51,Medium,2026-06-30
RSK009404,CUS009404,29.28,Low,2026-06-30
RSK009405,CUS009405,20.61,Low,2026-06-30
RSK009406,CUS009406,36.17,Medium,2026-06-30
RSK009407,CUS009407,39.98,Medium,2026-06-30
RSK009408,CUS009408,100.0,High,2026-06-30
RSK009409,CUS009409,23.2,Low,2026-06-30
RSK009410,CUS009410,19.16,Low,2026-06-30
RSK009411,CUS009411,37.28,Medium,2026-06-30
RSK009412,CUS009412,34.97,Medium,2026-06-30
RSK009413,CUS009413,37.48,Medium,2026-06-30
RSK009414,CUS009414,100.0,High,2026-06-30
RSK009415,CUS009415,64.44,High,2026-06-30
RSK009416,CUS009416,20.24,Low,2026-06-30
RSK009417,CUS009417,85.45,High,2026-06-30
RSK009418,CUS009418,100.0,High,2026-06-30
RSK009419,CUS009419,55.41,Medium,2026-06-30
RSK009420,CUS009420,33.36,Medium,2026-06-30
RSK009421,CUS009421,99.82,High,2026-06-30
RSK009422,CUS009422,75.06,High,2026-06-30
RSK009423,CUS009423,63.93,High,2026-06-30
RSK009424,CUS009424,51.4,Medium,2026-06-30
RSK009425,CUS009425,35.98,Medium,2026-06-30
RSK009426,CUS009426,80.4,High,2026-06-30
RSK009427,CUS009427,100.0,High,2026-06-30
RSK009428,CUS009428,23.71,Low,2026-06-30
RSK009429,CUS009429,16.82,Low,2026-06-30
RSK009430,CUS009430,100.0,High,2026-06-30
RSK009431,CUS009431,21.26,Low,2026-06-30
RSK009432,CUS009432,69.17,High,2026-06-30
RSK009433,CUS009433,46.03,Medium,2026-06-30
RSK009434,CUS009434,10.41,Low,2026-06-30
RSK009435,CUS009435,27.42,Low,2026-06-30
RSK009436,CUS009436,26.08,Low,2026-06-30
RSK009437,CUS009437,46.65,Medium,2026-06-30
RSK009438,CUS009438,12.1,Low,2026-06-30
RSK009439,CUS009439,71.43,High,2026-06-30
RSK009440,CUS009440,46.23,Medium,2026-06-30
RSK009441,CUS009441,31.42,Medium,2026-06-30
RSK009442,CUS009442,39.64,Medium,2026-06-30
RSK009443,CUS009443,100.0,High,2026-06-30
RSK009444,CUS009444,27.82,Low,2026-06-30
RSK009445,CUS009445,46.92,Medium,2026-06-30
RSK009446,CUS009446,100.0,High,2026-06-30
RSK009447,CUS009447,100.0,High,2026-06-30
RSK009448,CUS009448,67.75,High,2026-06-30
RSK009449,CUS009449,73.47,High,2026-06-30
RSK009450,CUS009450,44.34,Medium,2026-06-30
RSK009451,CUS009451,48.71,Medium,2026-06-30
RSK009452,CUS009452,24.48,Low,2026-06-30
RSK009453,CUS009453,100.0,High,2026-06-30
RSK009454,CUS009454,17.4,Low,2026-06-30
RSK009455,CUS009455,20.56,Low,2026-06-30
RSK009456,CUS009456,1.91,Low,2026-06-30
RSK009457,CUS009457,17.07,Low,2026-06-30
RSK009458,CUS009458,35.49,Medium,2026-06-30
RSK009459,CUS009459,51.9,Medium,2026-06-30
RSK009460,CUS009460,100.0,High,2026-06-30
RSK009461,CUS009461,17.9,Low,2026-06-30
RSK009462,CUS009462,16.59,Low,2026-06-30
RSK009463,CUS009463,100.0,High,2026-06-30
RSK009464,CUS009464,33.38,Medium,2026-06-30
RSK009465,CUS009465,37.08,Medium,2026-06-30
RSK009466,CUS009466,54.21,Medium,2026-06-30
RSK009467,CUS009467,37.27,Medium,2026-06-30
RSK009468,CUS009468,5.34,Low,2026-06-30
RSK009469,CUS009469,25.22,Low,2026-06-30
RSK009470,CUS009470,51.93,Medium,2026-06-30
RSK009471,CUS009471,27.07,Low,2026-06-30
RSK009472,CUS009472,89.19,High,2026-06-30
RSK009473,CUS009473,77.96,High,2026-06-30
RSK009474,CUS009474,45.79,Medium,2026-06-30
RSK009475,CUS009475,30.25,Medium,2026-06-30
RSK009476,CUS009476,100.0,High,2026-06-30
RSK009477,CUS009477,19.19,Low,2026-06-30
RSK009478,CUS009478,98.36,High,2026-06-30
RSK009479,CUS009479,80.38,High,2026-06-30
RSK009480,CUS009480,46.83,Medium,2026-06-30
RSK009481,CUS009481,26.6,Low,2026-06-30
RSK009482,CUS009482,100.0,High,2026-06-30
RSK009483,CUS009483,89.96,High,2026-06-30
RSK009484,CUS009484,47.48,Medium,2026-06-30
RSK009485,CUS009485,42.37,Medium,2026-06-30
RSK009486,CUS009486,17.71,Low,2026-06-30
RSK009487,CUS009487,68.14,High,2026-06-30
RSK009488,CUS009488,23.27,Low,2026-06-30
RSK009489,CUS009489,98.47,High,2026-06-30
RSK009490,CUS009490,98.2,High,2026-06-30
RSK009491,CUS009491,13.96,Low,2026-06-30
RSK009492,CUS009492,44.63,Medium,2026-06-30
RSK009493,CUS009493,48.26,Medium,2026-06-30
RSK009494,CUS009494,40.21,Medium,2026-06-30
RSK009495,CUS009495,44.74,Medium,2026-06-30
RSK009496,CUS009496,40.38,Medium,2026-06-30
RSK009497,CUS009497,33.27,Medium,2026-06-30
RSK009498,CUS009498,96.93,High,2026-06-30
RSK009499,CUS009499,30.24,Medium,2026-06-30
RSK009500,CUS009500,100.0,High,2026-06-30
RSK009501,CUS009501,32.04,Medium,2026-06-30
RSK009502,CUS009502,58.32,Medium,2026-06-30
RSK009503,CUS009503,35.85,Medium,2026-06-30
RSK009504,CUS009504,35.65,Medium,2026-06-30
RSK009505,CUS009505,100.0,High,2026-06-30
RSK009506,CUS009506,100.0,High,2026-06-30
RSK009507,CUS009507,35.26,Medium,2026-06-30
RSK009508,CUS009508,100.0,High,2026-06-30
RSK009509,CUS009509,22.48,Low,2026-06-30
RSK009510,CUS009510,63.73,High,2026-06-30
RSK009511,CUS009511,100.0,High,2026-06-30
RSK009512,CUS009512,100.0,High,2026-06-30
RSK009513,CUS009513,67.08,High,2026-06-30
RSK009514,CUS009514,100.0,High,2026-06-30
RSK009515,CUS009515,22.36,Low,2026-06-30
RSK009516,CUS009516,84.88,High,2026-06-30
RSK009517,CUS009517,100.0,High,2026-06-30
RSK009518,CUS009518,91.36,High,2026-06-30
RSK009519,CUS009519,58.47,Medium,2026-06-30
RSK009520,CUS009520,37.47,Medium,2026-06-30
RSK009521,CUS009521,22.15,Low,2026-06-30
RSK009522,CUS009522,45.47,Medium,2026-06-30
RSK009523,CUS009523,100.0,High,2026-06-30
RSK009524,CUS009524,33.32,Medium,2026-06-30
RSK009525,CUS009525,100.0,High,2026-06-30
RSK009526,CUS009526,60.0,Medium,2026-06-30
RSK009527,CUS009527,49.84,Medium,2026-06-30
RSK009528,CUS009528,42.72,Medium,2026-06-30
RSK009529,CUS009529,40.62,Medium,2026-06-30
RSK009530,CUS009530,45.89,Medium,2026-06-30
RSK009531,CUS009531,73.93,High,2026-06-30
RSK009532,CUS009532,50.84,Medium,2026-06-30
RSK009533,CUS009533,83.48,High,2026-06-30
RSK009534,CUS009534,100.0,High,2026-06-30
RSK009535,CUS009535,32.68,Medium,2026-06-30
RSK009536,CUS009536,28.78,Low,2026-06-30
RSK009537,CUS009537,100.0,High,2026-06-30
RSK009538,CUS009538,100.0,High,2026-06-30
RSK009539,CUS009539,100.0,High,2026-06-30
RSK009540,CUS009540,51.07,Medium,2026-06-30
RSK009541,CUS009541,94.84,High,2026-06-30
RSK009542,CUS009542,76.63,High,2026-06-30
RSK009543,CUS009543,45.9,Medium,2026-06-30
RSK009544,CUS009544,95.93,High,2026-06-30
RSK009545,CUS009545,92.61,High,2026-06-30
RSK009546,CUS009546,64.62,High,2026-06-30
RSK009547,CUS009547,100.0,High,2026-06-30
RSK009548,CUS009548,21.69,Low,2026-06-30
RSK009549,CUS009549,33.76,Medium,2026-06-30
RSK009550,CUS009550,100.0,High,2026-06-30
RSK009551,CUS009551,8.93,Low,2026-06-30
RSK009552,CUS009552,53.21,Medium,2026-06-30
RSK009553,CUS009553,52.8,Medium,2026-06-30
RSK009554,CUS009554,30.42,Medium,2026-06-30
RSK009555,CUS009555,64.04,High,2026-06-30
RSK009556,CUS009556,31.99,Medium,2026-06-30
RSK009557,CUS009557,18.97,Low,2026-06-30
RSK009558,CUS009558,43.95,Medium,2026-06-30
RSK009559,CUS009559,52.26,Medium,2026-06-30
RSK009560,CUS009560,42.62,Medium,2026-06-30
RSK009561,CUS009561,41.26,Medium,2026-06-30
RSK009562,CUS009562,79.68,High,2026-06-30
RSK009563,CUS009563,95.36,High,2026-06-30
RSK009564,CUS009564,35.03,Medium,2026-06-30
RSK009565,CUS009565,49.25,Medium,2026-06-30
RSK009566,CUS009566,100.0,High,2026-06-30
RSK009567,CUS009567,33.37,Medium,2026-06-30
RSK009568,CUS009568,89.67,High,2026-06-30
RSK009569,CUS009569,13.07,Low,2026-06-30
RSK009570,CUS009570,51.29,Medium,2026-06-30
RSK009571,CUS009571,39.73,Medium,2026-06-30
RSK009572,CUS009572,54.99,Medium,2026-06-30
RSK009573,CUS009573,100.0,High,2026-06-30
RSK009574,CUS009574,25.96,Low,2026-06-30
RSK009575,CUS009575,49.95,Medium,2026-06-30
RSK009576,CUS009576,34.2,Medium,2026-06-30
RSK009577,CUS009577,31.42,Medium,2026-06-30
RSK009578,CUS009578,51.14,Medium,2026-06-30
RSK009579,CUS009579,33.97,Medium,2026-06-30
RSK009580,CUS009580,24.31,Low,2026-06-30
RSK009581,CUS009581,42.32,Medium,2026-06-30
RSK009582,CUS009582,85.08,High,2026-06-30
RSK009583,CUS009583,86.8,High,2026-06-30
RSK009584,CUS009584,53.86,Medium,2026-06-30
RSK009585,CUS009585,72.65,High,2026-06-30
RSK009586,CUS009586,21.47,Low,2026-06-30
RSK009587,CUS009587,13.42,Low,2026-06-30
RSK009588,CUS009588,27.68,Low,2026-06-30
RSK009589,CUS009589,36.87,Medium,2026-06-30
RSK009590,CUS009590,49.91,Medium,2026-06-30
RSK009591,CUS009591,50.53,Medium,2026-06-30
RSK009592,CUS009592,64.91,High,2026-06-30
RSK009593,CUS009593,15.03,Low,2026-06-30
RSK009594,CUS009594,63.32,High,2026-06-30
RSK009595,CUS009595,100.0,High,2026-06-30
RSK009596,CUS009596,36.1,Medium,2026-06-30
RSK009597,CUS009597,17.4,Low,2026-06-30
RSK009598,CUS009598,88.71,High,2026-06-30
RSK009599,CUS009599,16.68,Low,2026-06-30
RSK009600,CUS009600,30.64,Medium,2026-06-30
RSK009601,CUS009601,100.0,High,2026-06-30
RSK009602,CUS009602,32.31,Medium,2026-06-30
RSK009603,CUS009603,53.99,Medium,2026-06-30
RSK009604,CUS009604,32.22,Medium,2026-06-30
RSK009605,CUS009605,95.58,High,2026-06-30
RSK009606,CUS009606,83.48,High,2026-06-30
RSK009607,CUS009607,86.65,High,2026-06-30
RSK009608,CUS009608,44.31,Medium,2026-06-30
RSK009609,CUS009609,31.32,Medium,2026-06-30
RSK009610,CUS009610,19.85,Low,2026-06-30
RSK009611,CUS009611,33.44,Medium,2026-06-30
RSK009612,CUS009612,100.0,High,2026-06-30
RSK009613,CUS009613,63.92,High,2026-06-30
RSK009614,CUS009614,91.52,High,2026-06-30
RSK009615,CUS009615,96.05,High,2026-06-30
RSK009616,CUS009616,44.93,Medium,2026-06-30
RSK009617,CUS009617,22.67,Low,2026-06-30
RSK009618,CUS009618,89.16,High,2026-06-30
RSK009619,CUS009619,12.87,Low,2026-06-30
RSK009620,CUS009620,95.51,High,2026-06-30
RSK009621,CUS009621,50.86,Medium,2026-06-30
RSK009622,CUS009622,45.58,Medium,2026-06-30
RSK009623,CUS009623,37.01,Medium,2026-06-30
RSK009624,CUS009624,36.78,Medium,2026-06-30
RSK009625,CUS009625,31.26,Medium,2026-06-30
RSK009626,CUS009626,15.34,Low,2026-06-30
RSK009627,CUS009627,51.74,Medium,2026-06-30
RSK009628,CUS009628,44.56,Medium,2026-06-30
RSK009629,CUS009629,59.1,Medium,2026-06-30
RSK009630,CUS009630,84.73,High,2026-06-30
RSK009631,CUS009631,39.85,Medium,2026-06-30
RSK009632,CUS009632,100.0,High,2026-06-30
RSK009633,CUS009633,11.9,Low,2026-06-30
RSK009634,CUS009634,46.14,Medium,2026-06-30
RSK009635,CUS009635,25.33,Low,2026-06-30
RSK009636,CUS009636,25.91,Low,2026-06-30
RSK009637,CUS009637,36.36,Medium,2026-06-30
RSK009638,CUS009638,41.69,Medium,2026-06-30
RSK009639,CUS009639,70.46,High,2026-06-30
RSK009640,CUS009640,9.79,Low,2026-06-30
RSK009641,CUS009641,53.02,Medium,2026-06-30
RSK009642,CUS009642,17.58,Low,2026-06-30
RSK009643,CUS009643,50.62,Medium,2026-06-30
RSK009644,CUS009644,52.33,Medium,2026-06-30
RSK009645,CUS009645,86.92,High,2026-06-30
RSK009646,CUS009646,100.0,High,2026-06-30
RSK009647,CUS009647,21.24,Low,2026-06-30
RSK009648,CUS009648,20.78,Low,2026-06-30
RSK009649,CUS009649,39.86,Medium,2026-06-30
RSK009650,CUS009650,78.78,High,2026-06-30
RSK009651,CUS009651,35.35,Medium,2026-06-30
RSK009652,CUS009652,47.54,Medium,2026-06-30
RSK009653,CUS009653,41.1,Medium,2026-06-30
RSK009654,CUS009654,3.2,Low,2026-06-30
RSK009655,CUS009655,66.51,High,2026-06-30
RSK009656,CUS009656,53.48,Medium,2026-06-30
RSK009657,CUS009657,47.37,Medium,2026-06-30
RSK009658,CUS009658,74.74,High,2026-06-30
RSK009659,CUS009659,17.88,Low,2026-06-30
RSK009660,CUS009660,94.69,High,2026-06-30
RSK009661,CUS009661,100.0,High,2026-06-30
RSK009662,CUS009662,100.0,High,2026-06-30
RSK009663,CUS009663,51.51,Medium,2026-06-30
RSK009664,CUS009664,50.19,Medium,2026-06-30
RSK009665,CUS009665,74.77,High,2026-06-30
RSK009666,CUS009666,50.19,Medium,2026-06-30
RSK009667,CUS009667,19.37,Low,2026-06-30
RSK009668,CUS009668,26.48,Low,2026-06-30
RSK009669,CUS009669,18.06,Low,2026-06-30
RSK009670,CUS009670,41.35,Medium,2026-06-30
RSK009671,CUS009671,36.04,Medium,2026-06-30
RSK009672,CUS009672,54.37,Medium,2026-06-30
RSK009673,CUS009673,42.85,Medium,2026-06-30
RSK009674,CUS009674,83.7,High,2026-06-30
RSK009675,CUS009675,23.95,Low,2026-06-30
RSK009676,CUS009676,2.32,Low,2026-06-30
RSK009677,CUS009677,34.23,Medium,2026-06-30
RSK009678,CUS009678,15.05,Low,2026-06-30
RSK009679,CUS009679,21.68,Low,2026-06-30
RSK009680,CUS009680,50.11,Medium,2026-06-30
RSK009681,CUS009681,48.97,Medium,2026-06-30
RSK009682,CUS009682,7.84,Low,2026-06-30
RSK009683,CUS009683,100.0,High,2026-06-30
RSK009684,CUS009684,48.9,Medium,2026-06-30
RSK009685,CUS009685,15.69,Low,2026-06-30
RSK009686,CUS009686,54.4,Medium,2026-06-30
RSK009687,CUS009687,45.73,Medium,2026-06-30
RSK009688,CUS009688,31.36,Medium,2026-06-30
RSK009689,CUS009689,100.0,High,2026-06-30
RSK009690,CUS009690,38.13,Medium,2026-06-30
RSK009691,CUS009691,15.89,Low,2026-06-30
RSK009692,CUS009692,24.02,Low,2026-06-30
RSK009693,CUS009693,29.58,Low,2026-06-30
RSK009694,CUS009694,46.39,Medium,2026-06-30
RSK009695,CUS009695,59.06,Medium,2026-06-30
RSK009696,CUS009696,25.85,Low,2026-06-30
RSK009697,CUS009697,49.95,Medium,2026-06-30
RSK009698,CUS009698,12.79,Low,2026-06-30
RSK009699,CUS009699,35.02,Medium,2026-06-30
RSK009700,CUS009700,41.16,Medium,2026-06-30
RSK009701,CUS009701,60.55,High,2026-06-30
RSK009702,CUS009702,2.79,Low,2026-06-30
RSK009703,CUS009703,26.46,Low,2026-06-30
RSK009704,CUS009704,88.38,High,2026-06-30
RSK009705,CUS009705,24.26,Low,2026-06-30
RSK009706,CUS009706,49.42,Medium,2026-06-30
RSK009707,CUS009707,24.02,Low,2026-06-30
RSK009708,CUS009708,56.31,Medium,2026-06-30
RSK009709,CUS009709,100.0,High,2026-06-30
RSK009710,CUS009710,24.85,Low,2026-06-30
RSK009711,CUS009711,39.94,Medium,2026-06-30
RSK009712,CUS009712,5.5,Low,2026-06-30
RSK009713,CUS009713,20.69,Low,2026-06-30
RSK009714,CUS009714,42.54,Medium,2026-06-30
RSK009715,CUS009715,12.41,Low,2026-06-30
RSK009716,CUS009716,34.69,Medium,2026-06-30
RSK009717,CUS009717,30.12,Medium,2026-06-30
RSK009718,CUS009718,34.61,Medium,2026-06-30
RSK009719,CUS009719,17.61,Low,2026-06-30
RSK009720,CUS009720,25.61,Low,2026-06-30
RSK009721,CUS009721,8.92,Low,2026-06-30
RSK009722,CUS009722,60.56,High,2026-06-30
RSK009723,CUS009723,49.46,Medium,2026-06-30
RSK009724,CUS009724,82.08,High,2026-06-30
RSK009725,CUS009725,100.0,High,2026-06-30
RSK009726,CUS009726,47.53,Medium,2026-06-30
RSK009727,CUS009727,20.98,Low,2026-06-30
RSK009728,CUS009728,28.55,Low,2026-06-30
RSK009729,CUS009729,21.64,Low,2026-06-30
RSK009730,CUS009730,100.0,High,2026-06-30
RSK009731,CUS009731,100.0,High,2026-06-30
RSK009732,CUS009732,40.35,Medium,2026-06-30
RSK009733,CUS009733,100.0,High,2026-06-30
RSK009734,CUS009734,91.56,High,2026-06-30
RSK009735,CUS009735,60.0,Medium,2026-06-30
RSK009736,CUS009736,29.89,Low,2026-06-30
RSK009737,CUS009737,34.24,Medium,2026-06-30
RSK009738,CUS009738,46.59,Medium,2026-06-30
RSK009739,CUS009739,93.3,High,2026-06-30
RSK009740,CUS009740,94.83,High,2026-06-30
RSK009741,CUS009741,10.13,Low,2026-06-30
RSK009742,CUS009742,74.11,High,2026-06-30
RSK009743,CUS009743,21.05,Low,2026-06-30
RSK009744,CUS009744,43.68,Medium,2026-06-30
RSK009745,CUS009745,36.43,Medium,2026-06-30
RSK009746,CUS009746,51.38,Medium,2026-06-30
RSK009747,CUS009747,10.31,Low,2026-06-30
RSK009748,CUS009748,70.24,High,2026-06-30
RSK009749,CUS009749,100.0,High,2026-06-30
RSK009750,CUS009750,33.66,Medium,2026-06-30
RSK009751,CUS009751,64.33,High,2026-06-30
RSK009752,CUS009752,29.0,Low,2026-06-30
RSK009753,CUS009753,30.39,Medium,2026-06-30
RSK009754,CUS009754,37.51,Medium,2026-06-30
RSK009755,CUS009755,12.27,Low,2026-06-30
RSK009756,CUS009756,31.6,Medium,2026-06-30
RSK009757,CUS009757,4.81,Low,2026-06-30
RSK009758,CUS009758,31.37,Medium,2026-06-30
RSK009759,CUS009759,25.72,Low,2026-06-30
RSK009760,CUS009760,33.03,Medium,2026-06-30
RSK009761,CUS009761,49.16,Medium,2026-06-30
RSK009762,CUS009762,25.37,Low,2026-06-30
RSK009763,CUS009763,40.81,Medium,2026-06-30
RSK009764,CUS009764,38.49,Medium,2026-06-30
RSK009765,CUS009765,64.78,High,2026-06-30
RSK009766,CUS009766,24.18,Low,2026-06-30
RSK009767,CUS009767,39.67,Medium,2026-06-30
RSK009768,CUS009768,48.67,Medium,2026-06-30
RSK009769,CUS009769,56.0,Medium,2026-06-30
RSK009770,CUS009770,57.42,Medium,2026-06-30
RSK009771,CUS009771,34.0,Medium,2026-06-30
RSK009772,CUS009772,99.21,High,2026-06-30
RSK009773,CUS009773,24.52,Low,2026-06-30
RSK009774,CUS009774,66.31,High,2026-06-30
RSK009775,CUS009775,35.86,Medium,2026-06-30
RSK009776,CUS009776,75.81,High,2026-06-30
RSK009777,CUS009777,100.0,High,2026-06-30
RSK009778,CUS009778,39.19,Medium,2026-06-30
RSK009779,CUS009779,58.93,Medium,2026-06-30
RSK009780,CUS009780,41.76,Medium,2026-06-30
RSK009781,CUS009781,44.15,Medium,2026-06-30
RSK009782,CUS009782,19.62,Low,2026-06-30
RSK009783,CUS009783,100.0,High,2026-06-30
RSK009784,CUS009784,57.93,Medium,2026-06-30
RSK009785,CUS009785,13.63,Low,2026-06-30
RSK009786,CUS009786,24.98,Low,2026-06-30
RSK009787,CUS009787,28.58,Low,2026-06-30
RSK009788,CUS009788,16.44,Low,2026-06-30
RSK009789,CUS009789,97.57,High,2026-06-30
RSK009790,CUS009790,33.47,Medium,2026-06-30
RSK009791,CUS009791,62.7,High,2026-06-30
RSK009792,CUS009792,17.15,Low,2026-06-30
RSK009793,CUS009793,70.05,High,2026-06-30
RSK009794,CUS009794,37.51,Medium,2026-06-30
RSK009795,CUS009795,22.98,Low,2026-06-30
RSK009796,CUS009796,23.58,Low,2026-06-30
RSK009797,CUS009797,20.02,Low,2026-06-30
RSK009798,CUS009798,23.14,Low,2026-06-30
RSK009799,CUS009799,19.54,Low,2026-06-30
RSK009800,CUS009800,31.05,Medium,2026-06-30
RSK009801,CUS009801,100.0,High,2026-06-30
RSK009802,CUS009802,31.84,Medium,2026-06-30
RSK009803,CUS009803,15.49,Low,2026-06-30
RSK009804,CUS009804,100.0,High,2026-06-30
RSK009805,CUS009805,46.44,Medium,2026-06-30
RSK009806,CUS009806,51.52,Medium,2026-06-30
RSK009807,CUS009807,76.57,High,2026-06-30
RSK009808,CUS009808,5.32,Low,2026-06-30
RSK009809,CUS009809,64.65,High,2026-06-30
RSK009810,CUS009810,100.0,High,2026-06-30
RSK009811,CUS009811,55.52,Medium,2026-06-30
RSK009812,CUS009812,100.0,High,2026-06-30
RSK009813,CUS009813,33.44,Medium,2026-06-30
RSK009814,CUS009814,100.0,High,2026-06-30
RSK009815,CUS009815,59.75,Medium,2026-06-30
RSK009816,CUS009816,100.0,High,2026-06-30
RSK009817,CUS009817,64.45,High,2026-06-30
RSK009818,CUS009818,34.87,Medium,2026-06-30
RSK009819,CUS009819,31.02,Medium,2026-06-30
RSK009820,CUS009820,50.54,Medium,2026-06-30
RSK009821,CUS009821,49.44,Medium,2026-06-30
RSK009822,CUS009822,100.0,High,2026-06-30
RSK009823,CUS009823,14.27,Low,2026-06-30
RSK009824,CUS009824,33.21,Medium,2026-06-30
RSK009825,CUS009825,26.32,Low,2026-06-30
RSK009826,CUS009826,100.0,High,2026-06-30
RSK009827,CUS009827,100.0,High,2026-06-30
RSK009828,CUS009828,50.86,Medium,2026-06-30
RSK009829,CUS009829,100.0,High,2026-06-30
RSK009830,CUS009830,15.98,Low,2026-06-30
RSK009831,CUS009831,78.79,High,2026-06-30
RSK009832,CUS009832,40.91,Medium,2026-06-30
RSK009833,CUS009833,32.53,Medium,2026-06-30
RSK009834,CUS009834,28.01,Low,2026-06-30
RSK009835,CUS009835,97.34,High,2026-06-30
RSK009836,CUS009836,34.14,Medium,2026-06-30
RSK009837,CUS009837,15.65,Low,2026-06-30
RSK009838,CUS009838,31.27,Medium,2026-06-30
RSK009839,CUS009839,100.0,High,2026-06-30
RSK009840,CUS009840,19.6,Low,2026-06-30
RSK009841,CUS009841,38.01,Medium,2026-06-30
RSK009842,CUS009842,9.0,Low,2026-06-30
RSK009843,CUS009843,36.43,Medium,2026-06-30
RSK009844,CUS009844,99.88,High,2026-06-30
RSK009845,CUS009845,3.13,Low,2026-06-30
RSK009846,CUS009846,100.0,High,2026-06-30
RSK009847,CUS009847,60.69,High,2026-06-30
RSK009848,CUS009848,50.28,Medium,2026-06-30
RSK009849,CUS009849,13.53,Low,2026-06-30
RSK009850,CUS009850,45.14,Medium,2026-06-30
RSK009851,CUS009851,72.26,High,2026-06-30
RSK009852,CUS009852,85.41,High,2026-06-30
RSK009853,CUS009853,34.26,Medium,2026-06-30
RSK009854,CUS009854,21.06,Low,2026-06-30
RSK009855,CUS009855,100.0,High,2026-06-30
RSK009856,CUS009856,27.39,Low,2026-06-30
RSK009857,CUS009857,48.18,Medium,2026-06-30
RSK009858,CUS009858,54.32,Medium,2026-06-30
RSK009859,CUS009859,11.88,Low,2026-06-30
RSK009860,CUS009860,78.59,High,2026-06-30
RSK009861,CUS009861,39.46,Medium,2026-06-30
RSK009862,CUS009862,48.09,Medium,2026-06-30
RSK009863,CUS009863,47.19,Medium,2026-06-30
RSK009864,CUS009864,66.71,High,2026-06-30
RSK009865,CUS009865,27.87,Low,2026-06-30
RSK009866,CUS009866,31.54,Medium,2026-06-30
RSK009867,CUS009867,20.03,Low,2026-06-30
RSK009868,CUS009868,51.1,Medium,2026-06-30
RSK009869,CUS009869,100.0,High,2026-06-30
RSK009870,CUS009870,21.5,Low,2026-06-30
RSK009871,CUS009871,47.57,Medium,2026-06-30
RSK009872,CUS009872,16.35,Low,2026-06-30
RSK009873,CUS009873,5.17,Low,2026-06-30
RSK009874,CUS009874,32.78,Medium,2026-06-30
RSK009875,CUS009875,43.12,Medium,2026-06-30
RSK009876,CUS009876,32.35,Medium,2026-06-30
RSK009877,CUS009877,40.49,Medium,2026-06-30
RSK009878,CUS009878,48.62,Medium,2026-06-30
RSK009879,CUS009879,100.0,High,2026-06-30
RSK009880,CUS009880,100.0,High,2026-06-30
RSK009881,CUS009881,14.9,Low,2026-06-30
RSK009882,CUS009882,44.08,Medium,2026-06-30
RSK009883,CUS009883,27.28,Low,2026-06-30
RSK009884,CUS009884,32.66,Medium,2026-06-30
RSK009885,CUS009885,42.71,Medium,2026-06-30
RSK009886,CUS009886,7.91,Low,2026-06-30
RSK009887,CUS009887,19.75,Low,2026-06-30
RSK009888,CUS009888,9.41,Low,2026-06-30
RSK009889,CUS009889,84.98,High,2026-06-30
RSK009890,CUS009890,32.63,Medium,2026-06-30
RSK009891,CUS009891,51.16,Medium,2026-06-30
RSK009892,CUS009892,29.34,Low,2026-06-30
RSK009893,CUS009893,20.91,Low,2026-06-30
RSK009894,CUS009894,39.04,Medium,2026-06-30
RSK009895,CUS009895,26.51,Low,2026-06-30
RSK009896,CUS009896,73.34,High,2026-06-30
RSK009897,CUS009897,84.36,High,2026-06-30
RSK009898,CUS009898,5.79,Low,2026-06-30
RSK009899,CUS009899,33.37,Medium,2026-06-30
RSK009900,CUS009900,26.27,Low,2026-06-30
RSK009901,CUS009901,100.0,High,2026-06-30
RSK009902,CUS009902,76.76,High,2026-06-30
RSK009903,CUS009903,35.54,Medium,2026-06-30
RSK009904,CUS009904,78.87,High,2026-06-30
RSK009905,CUS009905,100.0,High,2026-06-30
RSK009906,CUS009906,62.47,High,2026-06-30
RSK009907,CUS009907,27.62,Low,2026-06-30
RSK009908,CUS009908,34.02,Medium,2026-06-30
RSK009909,CUS009909,29.79,Low,2026-06-30
RSK009910,CUS009910,34.44,Medium,2026-06-30
RSK009911,CUS009911,72.06,High,2026-06-30
RSK009912,CUS009912,100.0,High,2026-06-30
RSK009913,CUS009913,100.0,High,2026-06-30
RSK009914,CUS009914,100.0,High,2026-06-30
RSK009915,CUS009915,32.23,Medium,2026-06-30
RSK009916,CUS009916,5.03,Low,2026-06-30
RSK009917,CUS009917,32.16,Medium,2026-06-30
RSK009918,CUS009918,62.91,High,2026-06-30
RSK009919,CUS009919,100.0,High,2026-06-30
RSK009920,CUS009920,23.85,Low,2026-06-30
RSK009921,CUS009921,25.55,Low,2026-06-30
RSK009922,CUS009922,73.1,High,2026-06-30
RSK009923,CUS009923,42.16,Medium,2026-06-30
RSK009924,CUS009924,65.81,High,2026-06-30
RSK009925,CUS009925,74.81,High,2026-06-30
RSK009926,CUS009926,100.0,High,2026-06-30
RSK009927,CUS009927,42.68,Medium,2026-06-30
RSK009928,CUS009928,30.35,Medium,2026-06-30
RSK009929,CUS009929,37.36,Medium,2026-06-30
RSK009930,CUS009930,75.48,High,2026-06-30
RSK009931,CUS009931,16.38,Low,2026-06-30
RSK009932,CUS009932,63.57,High,2026-06-30
RSK009933,CUS009933,35.58,Medium,2026-06-30
RSK009934,CUS009934,25.32,Low,2026-06-30
RSK009935,CUS009935,21.28,Low,2026-06-30
RSK009936,CUS009936,19.8,Low,2026-06-30
RSK009937,CUS009937,76.93,High,2026-06-30
RSK009938,CUS009938,37.17,Medium,2026-06-30
RSK009939,CUS009939,18.06,Low,2026-06-30
RSK009940,CUS009940,18.04,Low,2026-06-30
RSK009941,CUS009941,42.18,Medium,2026-06-30
RSK009942,CUS009942,34.49,Medium,2026-06-30
RSK009943,CUS009943,85.32,High,2026-06-30
RSK009944,CUS009944,8.39,Low,2026-06-30
RSK009945,CUS009945,16.32,Low,2026-06-30
RSK009946,CUS009946,20.94,Low,2026-06-30
RSK009947,CUS009947,45.65,Medium,2026-06-30
RSK009948,CUS009948,100.0,High,2026-06-30
RSK009949,CUS009949,78.2,High,2026-06-30
RSK009950,CUS009950,75.37,High,2026-06-30
RSK009951,CUS009951,38.51,Medium,2026-06-30
RSK009952,CUS009952,49.64,Medium,2026-06-30
RSK009953,CUS009953,9.82,Low,2026-06-30
RSK009954,CUS009954,63.36,High,2026-06-30
RSK009955,CUS009955,25.73,Low,2026-06-30
RSK009956,CUS009956,6.66,Low,2026-06-30
RSK009957,CUS009957,21.9,Low,2026-06-30
RSK009958,CUS009958,100.0,High,2026-06-30
RSK009959,CUS009959,100.0,High,2026-06-30
RSK009960,CUS009960,100.0,High,2026-06-30
RSK009961,CUS009961,100.0,High,2026-06-30
RSK009962,CUS009962,92.25,High,2026-06-30
RSK009963,CUS009963,38.86,Medium,2026-06-30
RSK009964,CUS009964,100.0,High,2026-06-30
RSK009965,CUS009965,35.28,Medium,2026-06-30
RSK009966,CUS009966,72.65,High,2026-06-30
RSK009967,CUS009967,45.1,Medium,2026-06-30
RSK009968,CUS009968,43.02,Medium,2026-06-30
RSK009969,CUS009969,92.23,High,2026-06-30
RSK009970,CUS009970,100.0,High,2026-06-30
RSK009971,CUS009971,17.65,Low,2026-06-30
RSK009972,CUS009972,28.82,Low,2026-06-30
RSK009973,CUS009973,10.43,Low,2026-06-30
RSK009974,CUS009974,17.22,Low,2026-06-30
RSK009975,CUS009975,43.22,Medium,2026-06-30
RSK009976,CUS009976,15.63,Low,2026-06-30
RSK009977,CUS009977,86.3,High,2026-06-30
RSK009978,CUS009978,60.19,High,2026-06-30
RSK009979,CUS009979,34.51,Medium,2026-06-30
RSK009980,CUS009980,100.0,High,2026-06-30
RSK009981,CUS009981,29.69,Low,2026-06-30
RSK009982,CUS009982,65.64,High,2026-06-30
RSK009983,CUS009983,80.07,High,2026-06-30
RSK009984,CUS009984,88.03,High,2026-06-30
RSK009985,CUS009985,13.73,Low,2026-06-30
RSK009986,CUS009986,26.16,Low,2026-06-30
RSK009987,CUS009987,33.33,Medium,2026-06-30
RSK009988,CUS009988,67.68,High,2026-06-30
RSK009989,CUS009989,61.52,High,2026-06-30
RSK009990,CUS009990,92.14,High,2026-06-30
RSK009991,CUS009991,44.95,Medium,2026-06-30
RSK009992,CUS009992,43.83,Medium,2026-06-30
RSK009993,CUS009993,82.09,High,2026-06-30
RSK009994,CUS009994,91.92,High,2026-06-30
RSK009995,CUS009995,12.48,Low,2026-06-30
RSK009996,CUS009996,56.28,Medium,2026-06-30
RSK009997,CUS009997,14.78,Low,2026-06-30
RSK009998,CUS009998,100.0,High,2026-06-30
RSK009999,CUS009999,34.3,Medium,2026-06-30
RSK010000,CUS010000,100.0,High,2026-06-30
