ticket_id,customer_id,institution_id,ticket_category,priority,status,channel,created_date,resolution_days
TKT000001,CUS009753,INS000001,Loan Query,High,Resolved,Email,2026-01-28,2
TKT000002,CUS001221,INS000002,Fraud Report,Low,Closed,Email,2025-07-13,6
TKT000003,CUS004502,INS000005,Account Issue,High,Closed,Email,2026-05-03,5
TKT000004,CUS002511,INS000002,Transaction Issue,Low,Closed,Mobile App,2026-04-26,3
TKT000005,CUS007785,INS000002,Payment Issue,Medium,Resolved,Mobile App,2026-03-28,1
TKT000006,CUS000224,INS000004,Fraud Report,Low,Resolved,Mobile App,2025-11-02,7
TKT000007,CUS008178,INS000005,Transaction Issue,Low,Closed,Website,2025-10-08,2
TKT000008,CUS008606,INS000002,Payment Issue,Low,Open,Website,2025-03-20,3
TKT000009,CUS001972,INS000005,Payment Issue,Low,Closed,Mobile App,2025-07-25,3
TKT000010,CUS006959,INS000003,Fraud Report,Critical,Resolved,Phone,2024-11-17,1
TKT000011,CUS001081,INS000001,Payment Issue,Low,Resolved,Branch,2025-12-05,3
TKT000012,CUS006317,INS000004,Fraud Report,Medium,Closed,Mobile App,2025-11-01,6
TKT000013,CUS001716,INS000002,Technical Issue,Medium,Resolved,Email,2024-09-10,7
TKT000014,CUS004570,INS000001,Payment Issue,Low,In Progress,Mobile App,2026-05-20,3
TKT000015,CUS001343,INS000003,Card Issue,Low,Resolved,Mobile App,2024-12-23,2
TKT000016,CUS000082,INS000001,Transaction Issue,Low,Resolved,Mobile App,2025-11-27,4
TKT000017,CUS004560,INS000004,Account Issue,Low,Resolved,Email,2024-09-16,3
TKT000018,CUS009240,INS000001,Account Issue,Low,Resolved,Branch,2026-07-11,3
TKT000019,CUS004582,INS000003,Transaction Issue,Low,Resolved,Phone,2026-06-25,5
TKT000020,CUS007046,INS000005,Transaction Issue,Low,Open,Branch,2025-11-01,2
TKT000021,CUS002195,INS000004,Transaction Issue,Medium,Resolved,Website,2026-02-12,7
TKT000022,CUS003066,INS000002,Transaction Issue,Low,Closed,Email,2025-04-22,5
TKT000023,CUS009626,INS000001,Loan Query,Medium,Resolved,Email,2026-08-02,6
TKT000024,CUS005836,INS000002,Card Issue,Low,In Progress,Phone,2026-07-09,5
TKT000025,CUS006258,INS000003,Transaction Issue,High,Closed,Phone,2024-11-16,6
TKT000026,CUS001158,INS000001,Card Issue,Medium,Resolved,Email,2024-11-03,2
TKT000027,CUS007727,INS000002,Technical Issue,Medium,Open,Website,2026-04-08,6
TKT000028,CUS002427,INS000005,Technical Issue,Medium,Closed,Branch,2024-09-19,6
TKT000029,CUS003985,INS000001,Card Issue,Low,Closed,Mobile App,2025-07-02,7
TKT000030,CUS000697,INS000004,Fraud Report,High,Resolved,Mobile App,2026-07-29,6
TKT000031,CUS004214,INS000004,Account Issue,High,Closed,Mobile App,2026-06-17,7
TKT000032,CUS003167,INS000001,Card Issue,Medium,Closed,Phone,2026-05-21,2
TKT000033,CUS004164,INS000004,Fraud Report,High,Resolved,Phone,2026-06-09,4
TKT000034,CUS003881,INS000004,Account Issue,Low,Resolved,Website,2025-11-18,7
TKT000035,CUS006222,INS000002,Account Issue,Low,Closed,Email,2026-07-28,6
TKT000036,CUS006269,INS000005,Account Issue,Low,Closed,Email,2025-07-01,3
TKT000037,CUS003615,INS000003,Payment Issue,High,Resolved,Email,2024-11-01,7
TKT000038,CUS001985,INS000002,Card Issue,Low,Closed,Phone,2025-01-08,1
TKT000039,CUS004364,INS000005,Payment Issue,High,Closed,Branch,2025-10-02,6
TKT000040,CUS001518,INS000003,Account Issue,Low,Resolved,Website,2025-10-03,2
TKT000041,CUS005933,INS000001,Card Issue,Medium,In Progress,Branch,2024-12-19,5
TKT000042,CUS007735,INS000005,Transaction Issue,Medium,Resolved,Branch,2026-03-25,3
TKT000043,CUS001227,INS000003,Card Issue,Low,Resolved,Phone,2026-05-22,5
TKT000044,CUS001966,INS000001,Card Issue,Medium,Resolved,Mobile App,2025-01-13,4
TKT000045,CUS009874,INS000002,Transaction Issue,Critical,Open,Mobile App,2026-05-28,1
TKT000046,CUS008634,INS000002,Card Issue,Low,Resolved,Mobile App,2025-07-27,3
TKT000047,CUS001932,INS000005,Payment Issue,Low,In Progress,Mobile App,2026-05-12,3
TKT000048,CUS000342,INS000004,Fraud Report,Medium,Resolved,Mobile App,2026-07-04,6
TKT000049,CUS003690,INS000005,Technical Issue,Medium,Closed,Mobile App,2025-01-15,6
TKT000050,CUS007520,INS000003,Transaction Issue,Low,Resolved,Mobile App,2025-07-28,4
TKT000051,CUS001276,INS000002,Fraud Report,High,Open,Email,2025-05-25,5
TKT000052,CUS003048,INS000005,Payment Issue,High,Open,Website,2026-03-31,4
TKT000053,CUS009932,INS000005,Transaction Issue,Critical,Resolved,Mobile App,2025-01-29,2
TKT000054,CUS008120,INS000004,Payment Issue,Medium,Open,Website,2026-06-18,7
TKT000055,CUS006759,INS000001,Card Issue,Medium,Resolved,Mobile App,2026-02-06,1
TKT000056,CUS003319,INS000001,Fraud Report,High,Resolved,Branch,2026-07-30,7
TKT000057,CUS006573,INS000003,Fraud Report,Medium,Resolved,Website,2026-01-21,5
TKT000058,CUS004315,INS000005,Loan Query,Low,Resolved,Mobile App,2025-04-17,1
TKT000059,CUS005262,INS000005,Card Issue,Medium,Resolved,Mobile App,2026-01-17,2
TKT000060,CUS000938,INS000001,Card Issue,Low,Closed,Branch,2024-11-22,1
TKT000061,CUS003223,INS000002,Card Issue,Low,Open,Website,2024-12-02,1
TKT000062,CUS007825,INS000002,Account Issue,Low,Resolved,Mobile App,2025-11-09,6
TKT000063,CUS005383,INS000002,Fraud Report,Low,Closed,Website,2026-01-27,7
TKT000064,CUS004735,INS000002,Transaction Issue,Low,Resolved,Mobile App,2026-08-03,5
TKT000065,CUS002108,INS000004,Transaction Issue,Low,Resolved,Phone,2025-04-04,2
TKT000066,CUS000755,INS000003,Payment Issue,Low,Resolved,Mobile App,2025-08-05,1
TKT000067,CUS007334,INS000004,Payment Issue,Medium,Resolved,Email,2026-04-05,7
TKT000068,CUS005892,INS000002,Transaction Issue,Medium,Resolved,Branch,2025-01-15,4
TKT000069,CUS009056,INS000003,Payment Issue,High,Closed,Website,2025-08-25,7
TKT000070,CUS009266,INS000001,Fraud Report,Low,Closed,Mobile App,2026-01-02,4
TKT000071,CUS009550,INS000001,Transaction Issue,High,Resolved,Mobile App,2026-07-09,5
TKT000072,CUS005050,INS000002,Transaction Issue,Medium,Resolved,Mobile App,2025-12-22,3
TKT000073,CUS006968,INS000005,Payment Issue,Low,Resolved,Website,2026-04-29,1
TKT000074,CUS008792,INS000001,Card Issue,Low,Resolved,Mobile App,2025-07-10,6
TKT000075,CUS009603,INS000002,Technical Issue,Medium,Open,Mobile App,2025-01-11,3
TKT000076,CUS009093,INS000003,Payment Issue,Medium,Resolved,Mobile App,2025-05-13,2
TKT000077,CUS000642,INS000005,Payment Issue,Medium,Resolved,Phone,2024-12-21,1
TKT000078,CUS008727,INS000001,Transaction Issue,Medium,Resolved,Website,2026-05-10,3
TKT000079,CUS000554,INS000005,Technical Issue,Low,Closed,Mobile App,2025-04-29,6
TKT000080,CUS003055,INS000004,Loan Query,Low,Closed,Mobile App,2024-08-23,4
TKT000081,CUS003871,INS000002,Card Issue,Medium,Closed,Mobile App,2026-01-02,6
TKT000082,CUS008413,INS000004,Payment Issue,Medium,Resolved,Mobile App,2024-09-18,7
TKT000083,CUS000601,INS000003,Payment Issue,High,Resolved,Phone,2024-10-09,6
TKT000084,CUS000029,INS000004,Account Issue,Medium,Resolved,Website,2024-11-20,3
TKT000085,CUS003303,INS000003,Payment Issue,Low,Resolved,Website,2024-08-07,1
TKT000086,CUS002680,INS000005,Technical Issue,High,Closed,Mobile App,2025-03-27,7
TKT000087,CUS002902,INS000002,Technical Issue,High,Resolved,Phone,2024-12-21,3
TKT000088,CUS003039,INS000001,Fraud Report,High,Resolved,Website,2025-12-24,1
TKT000089,CUS003630,INS000001,Card Issue,Low,Closed,Mobile App,2025-01-21,4
TKT000090,CUS002365,INS000003,Payment Issue,Medium,In Progress,Branch,2024-10-17,5
TKT000091,CUS000660,INS000003,Transaction Issue,Medium,Closed,Website,2026-05-18,4
TKT000092,CUS005290,INS000003,Technical Issue,Medium,Resolved,Website,2025-04-13,1
TKT000093,CUS001083,INS000002,Payment Issue,Medium,Resolved,Mobile App,2024-08-16,2
TKT000094,CUS005029,INS000005,Payment Issue,High,In Progress,Email,2025-03-08,1
TKT000095,CUS004001,INS000003,Payment Issue,Medium,Resolved,Phone,2025-08-28,5
TKT000096,CUS001141,INS000005,Payment Issue,High,Open,Branch,2024-08-31,4
TKT000097,CUS006882,INS000005,Card Issue,Medium,Closed,Phone,2025-08-25,5
TKT000098,CUS008646,INS000003,Transaction Issue,Low,Resolved,Website,2024-10-15,2
TKT000099,CUS007571,INS000002,Transaction Issue,Critical,In Progress,Mobile App,2026-03-24,2
TKT000100,CUS009202,INS000003,Transaction Issue,Low,Resolved,Mobile App,2025-12-28,3
TKT000101,CUS007344,INS000005,Payment Issue,Medium,Closed,Mobile App,2026-05-31,2
TKT000102,CUS005969,INS000005,Loan Query,Medium,Resolved,Website,2026-05-25,6
TKT000103,CUS003819,INS000005,Transaction Issue,Medium,Open,Website,2026-04-06,1
TKT000104,CUS002763,INS000001,Technical Issue,Medium,Resolved,Phone,2025-07-16,4
TKT000105,CUS008162,INS000002,Loan Query,High,In Progress,Mobile App,2026-03-12,4
TKT000106,CUS008472,INS000001,Card Issue,Low,Open,Mobile App,2026-07-06,2
TKT000107,CUS004114,INS000001,Payment Issue,Medium,Resolved,Mobile App,2024-11-01,2
TKT000108,CUS003734,INS000001,Payment Issue,High,Resolved,Website,2024-10-03,2
TKT000109,CUS000760,INS000002,Fraud Report,Medium,Resolved,Mobile App,2025-08-18,1
TKT000110,CUS001836,INS000002,Fraud Report,Low,Resolved,Mobile App,2026-04-21,5
TKT000111,CUS007109,INS000001,Account Issue,Low,Open,Website,2025-03-25,1
TKT000112,CUS009395,INS000004,Loan Query,Low,Closed,Mobile App,2024-12-26,2
TKT000113,CUS004688,INS000003,Card Issue,Medium,Open,Branch,2026-03-31,4
TKT000114,CUS005917,INS000004,Payment Issue,High,Resolved,Mobile App,2025-07-18,3
TKT000115,CUS008987,INS000003,Payment Issue,Low,Closed,Phone,2026-04-25,6
TKT000116,CUS005815,INS000005,Payment Issue,Medium,In Progress,Branch,2026-07-08,2
TKT000117,CUS006949,INS000005,Payment Issue,High,In Progress,Phone,2026-02-04,7
TKT000118,CUS008261,INS000001,Card Issue,Low,Closed,Phone,2025-08-10,6
TKT000119,CUS003384,INS000005,Technical Issue,Low,Closed,Website,2026-03-03,4
TKT000120,CUS004471,INS000004,Transaction Issue,Low,Closed,Mobile App,2025-03-12,6
TKT000121,CUS009183,INS000003,Loan Query,Medium,Resolved,Mobile App,2025-12-05,2
TKT000122,CUS006023,INS000001,Fraud Report,Medium,Closed,Mobile App,2026-06-09,5
TKT000123,CUS007118,INS000003,Transaction Issue,Medium,Resolved,Mobile App,2024-12-22,7
TKT000124,CUS006314,INS000003,Fraud Report,Low,Resolved,Branch,2025-04-25,2
TKT000125,CUS008924,INS000005,Loan Query,High,Closed,Mobile App,2026-01-19,5
TKT000126,CUS004380,INS000003,Payment Issue,Medium,Closed,Email,2025-07-25,2
TKT000127,CUS000446,INS000004,Payment Issue,Medium,Closed,Email,2026-07-25,6
TKT000128,CUS007106,INS000005,Loan Query,Low,Closed,Email,2025-07-18,4
TKT000129,CUS002289,INS000004,Payment Issue,Low,In Progress,Email,2024-11-10,2
TKT000130,CUS007915,INS000001,Technical Issue,Low,Resolved,Website,2025-09-25,1
TKT000131,CUS005486,INS000005,Card Issue,Medium,In Progress,Mobile App,2024-10-26,6
TKT000132,CUS009149,INS000001,Payment Issue,Medium,Resolved,Mobile App,2026-03-25,2
TKT000133,CUS007929,INS000005,Payment Issue,Medium,Closed,Email,2024-10-28,5
TKT000134,CUS004272,INS000003,Card Issue,Medium,Resolved,Website,2026-07-03,2
TKT000135,CUS008461,INS000004,Transaction Issue,Low,In Progress,Mobile App,2025-12-25,6
TKT000136,CUS009322,INS000005,Fraud Report,Medium,Closed,Branch,2026-04-28,5
TKT000137,CUS000568,INS000005,Account Issue,Medium,Closed,Mobile App,2025-09-11,5
TKT000138,CUS001144,INS000002,Transaction Issue,Medium,Resolved,Website,2024-09-26,6
TKT000139,CUS001786,INS000002,Fraud Report,High,Resolved,Mobile App,2024-08-18,5
TKT000140,CUS003691,INS000001,Transaction Issue,Medium,Resolved,Email,2025-10-14,6
TKT000141,CUS006878,INS000004,Loan Query,Low,Open,Email,2026-01-06,3
TKT000142,CUS001010,INS000002,Payment Issue,Low,Resolved,Phone,2025-08-07,6
TKT000143,CUS000518,INS000005,Fraud Report,Medium,Resolved,Mobile App,2026-01-19,4
TKT000144,CUS009815,INS000005,Technical Issue,High,Open,Mobile App,2025-11-17,3
TKT000145,CUS008199,INS000001,Fraud Report,Low,Resolved,Mobile App,2024-10-23,3
TKT000146,CUS003840,INS000005,Card Issue,Low,Closed,Branch,2026-01-09,6
TKT000147,CUS009453,INS000003,Card Issue,Low,Closed,Website,2025-01-12,2
TKT000148,CUS007454,INS000004,Fraud Report,Medium,Open,Phone,2024-12-18,5
TKT000149,CUS006794,INS000002,Payment Issue,Medium,Open,Mobile App,2025-04-21,5
TKT000150,CUS002379,INS000005,Card Issue,Low,In Progress,Phone,2025-12-13,7
TKT000151,CUS000965,INS000003,Loan Query,Low,Closed,Phone,2024-08-29,5
TKT000152,CUS006024,INS000004,Fraud Report,Low,Closed,Website,2025-10-09,6
TKT000153,CUS006039,INS000002,Transaction Issue,Medium,Resolved,Mobile App,2025-03-13,3
TKT000154,CUS004823,INS000002,Fraud Report,Medium,Resolved,Branch,2025-08-04,4
TKT000155,CUS005223,INS000001,Card Issue,Medium,Resolved,Mobile App,2025-10-28,4
TKT000156,CUS002964,INS000002,Transaction Issue,Low,Closed,Branch,2024-08-30,4
TKT000157,CUS003390,INS000001,Payment Issue,High,Resolved,Mobile App,2025-07-31,7
TKT000158,CUS007961,INS000004,Technical Issue,Low,Open,Branch,2025-11-04,3
TKT000159,CUS007828,INS000004,Card Issue,High,Resolved,Email,2026-05-06,1
TKT000160,CUS003533,INS000002,Transaction Issue,Medium,Open,Phone,2024-08-09,1
TKT000161,CUS000741,INS000002,Payment Issue,Low,Resolved,Email,2026-02-24,1
TKT000162,CUS005925,INS000001,Transaction Issue,Critical,Resolved,Mobile App,2025-01-24,7
TKT000163,CUS001203,INS000003,Card Issue,Medium,Open,Email,2025-02-23,2
TKT000164,CUS004072,INS000005,Technical Issue,Medium,Resolved,Phone,2026-07-14,2
TKT000165,CUS000727,INS000004,Account Issue,Medium,Resolved,Mobile App,2025-10-05,5
TKT000166,CUS009814,INS000004,Transaction Issue,Medium,Resolved,Website,2025-04-06,3
TKT000167,CUS001350,INS000001,Account Issue,High,Open,Phone,2025-12-26,3
TKT000168,CUS000398,INS000003,Payment Issue,High,Resolved,Branch,2025-12-26,6
TKT000169,CUS009629,INS000004,Payment Issue,Low,Closed,Mobile App,2024-11-29,3
TKT000170,CUS007370,INS000003,Payment Issue,Low,Closed,Mobile App,2024-08-30,5
TKT000171,CUS004461,INS000003,Loan Query,Low,Resolved,Mobile App,2025-04-25,7
TKT000172,CUS007822,INS000002,Account Issue,High,Resolved,Phone,2025-12-30,3
TKT000173,CUS008307,INS000001,Technical Issue,Medium,Open,Mobile App,2024-10-31,1
TKT000174,CUS005506,INS000001,Technical Issue,Medium,Closed,Mobile App,2025-11-19,1
TKT000175,CUS009958,INS000004,Loan Query,Medium,Resolved,Phone,2025-04-04,5
TKT000176,CUS007542,INS000002,Account Issue,Critical,Closed,Branch,2024-09-10,3
TKT000177,CUS005600,INS000005,Card Issue,Medium,Closed,Mobile App,2026-03-06,6
TKT000178,CUS004715,INS000002,Transaction Issue,High,Closed,Mobile App,2025-06-04,6
TKT000179,CUS002654,INS000004,Account Issue,Medium,In Progress,Mobile App,2025-04-21,6
TKT000180,CUS001320,INS000002,Card Issue,Medium,Resolved,Mobile App,2025-10-03,4
TKT000181,CUS008322,INS000001,Loan Query,Low,Open,Phone,2026-05-14,7
TKT000182,CUS006109,INS000001,Transaction Issue,Medium,In Progress,Mobile App,2024-09-09,7
TKT000183,CUS005944,INS000002,Transaction Issue,Medium,Resolved,Mobile App,2024-11-01,4
TKT000184,CUS006943,INS000005,Transaction Issue,Low,Resolved,Mobile App,2025-11-03,4
TKT000185,CUS002304,INS000001,Transaction Issue,Medium,Resolved,Mobile App,2026-02-27,2
TKT000186,CUS003597,INS000005,Technical Issue,Medium,Resolved,Mobile App,2025-04-19,6
TKT000187,CUS007889,INS000004,Transaction Issue,Medium,Resolved,Mobile App,2026-05-07,4
TKT000188,CUS002159,INS000002,Payment Issue,High,Closed,Mobile App,2025-06-05,6
TKT000189,CUS005732,INS000003,Card Issue,Medium,Resolved,Mobile App,2026-04-29,5
TKT000190,CUS005859,INS000003,Card Issue,Medium,Closed,Mobile App,2025-04-25,4
TKT000191,CUS008095,INS000002,Transaction Issue,High,Resolved,Phone,2026-05-15,7
TKT000192,CUS002236,INS000002,Account Issue,Medium,Closed,Website,2026-01-28,7
TKT000193,CUS000374,INS000003,Loan Query,Medium,Closed,Website,2024-10-10,4
TKT000194,CUS006593,INS000005,Transaction Issue,High,Resolved,Email,2024-11-28,6
TKT000195,CUS000844,INS000001,Payment Issue,Low,Resolved,Email,2025-06-11,5
TKT000196,CUS001496,INS000004,Account Issue,Critical,Resolved,Branch,2025-04-30,5
TKT000197,CUS009118,INS000004,Technical Issue,Medium,Open,Website,2025-07-17,1
TKT000198,CUS001787,INS000002,Payment Issue,Medium,In Progress,Email,2025-12-10,3
TKT000199,CUS004085,INS000004,Transaction Issue,High,Closed,Phone,2025-04-18,7
TKT000200,CUS003809,INS000003,Card Issue,Medium,Resolved,Phone,2026-01-08,4
TKT000201,CUS001573,INS000001,Fraud Report,Low,Closed,Phone,2025-10-19,4
TKT000202,CUS007688,INS000004,Payment Issue,Critical,Resolved,Phone,2026-03-19,4
TKT000203,CUS006846,INS000001,Payment Issue,Medium,Closed,Email,2026-02-15,1
TKT000204,CUS000316,INS000002,Payment Issue,High,Closed,Website,2024-10-22,4
TKT000205,CUS005317,INS000004,Card Issue,Low,Closed,Mobile App,2026-03-15,7
TKT000206,CUS007212,INS000003,Card Issue,Low,Closed,Mobile App,2025-12-30,5
TKT000207,CUS002632,INS000004,Card Issue,Medium,Resolved,Branch,2025-10-27,4
TKT000208,CUS004677,INS000003,Transaction Issue,Low,Resolved,Phone,2026-06-17,6
TKT000209,CUS000036,INS000005,Account Issue,Low,Closed,Mobile App,2026-06-08,7
TKT000210,CUS006140,INS000002,Account Issue,Medium,Resolved,Phone,2025-05-19,2
TKT000211,CUS009582,INS000004,Loan Query,Medium,In Progress,Website,2026-06-30,1
TKT000212,CUS008392,INS000002,Payment Issue,Low,Resolved,Mobile App,2025-12-02,7
TKT000213,CUS003341,INS000004,Technical Issue,High,Resolved,Branch,2025-10-17,2
TKT000214,CUS008748,INS000002,Card Issue,Medium,Closed,Website,2026-06-29,5
TKT000215,CUS004085,INS000004,Card Issue,Low,Closed,Phone,2024-10-28,7
TKT000216,CUS003840,INS000005,Payment Issue,Low,Open,Mobile App,2024-08-27,5
TKT000217,CUS002611,INS000005,Card Issue,Medium,Resolved,Branch,2024-10-15,1
TKT000218,CUS000461,INS000001,Loan Query,Medium,Resolved,Phone,2026-02-24,4
TKT000219,CUS005408,INS000002,Payment Issue,Medium,Closed,Phone,2025-11-09,4
TKT000220,CUS002613,INS000002,Account Issue,Medium,Closed,Website,2024-12-20,3
TKT000221,CUS009028,INS000003,Payment Issue,Low,Resolved,Website,2024-08-09,5
TKT000222,CUS005230,INS000003,Payment Issue,Low,Closed,Mobile App,2026-04-12,1
TKT000223,CUS003823,INS000004,Payment Issue,Medium,Resolved,Phone,2026-04-29,1
TKT000224,CUS008623,INS000005,Card Issue,High,Open,Mobile App,2025-01-30,4
TKT000225,CUS008806,INS000005,Card Issue,Medium,Resolved,Mobile App,2024-09-29,2
TKT000226,CUS009985,INS000001,Loan Query,Medium,Resolved,Mobile App,2026-03-21,3
TKT000227,CUS000874,INS000004,Technical Issue,Low,Resolved,Mobile App,2025-12-08,5
TKT000228,CUS005059,INS000004,Transaction Issue,Low,Resolved,Phone,2025-03-14,1
TKT000229,CUS009355,INS000003,Transaction Issue,Medium,Resolved,Mobile App,2026-01-07,2
TKT000230,CUS007814,INS000002,Payment Issue,High,Resolved,Phone,2025-06-15,2
TKT000231,CUS008074,INS000003,Account Issue,Medium,Resolved,Email,2024-08-25,7
TKT000232,CUS008138,INS000004,Payment Issue,High,Resolved,Mobile App,2025-05-05,5
TKT000233,CUS008694,INS000004,Payment Issue,Low,Open,Mobile App,2025-08-31,5
TKT000234,CUS002186,INS000001,Card Issue,Low,In Progress,Mobile App,2024-08-12,2
TKT000235,CUS009917,INS000003,Fraud Report,Low,Resolved,Email,2024-08-17,4
TKT000236,CUS001691,INS000001,Loan Query,Medium,Resolved,Email,2026-04-14,4
TKT000237,CUS001573,INS000001,Payment Issue,Medium,Closed,Phone,2025-10-11,7
TKT000238,CUS002374,INS000003,Transaction Issue,Medium,Resolved,Mobile App,2024-12-18,7
TKT000239,CUS003133,INS000005,Payment Issue,Medium,Closed,Mobile App,2026-05-02,5
TKT000240,CUS001047,INS000004,Account Issue,Medium,Resolved,Email,2025-11-05,3
TKT000241,CUS009885,INS000003,Payment Issue,Low,Resolved,Mobile App,2025-10-21,6
TKT000242,CUS007800,INS000004,Transaction Issue,Low,Closed,Mobile App,2025-12-05,6
TKT000243,CUS002207,INS000002,Payment Issue,Medium,Resolved,Branch,2025-12-26,7
TKT000244,CUS005006,INS000005,Card Issue,Critical,Resolved,Mobile App,2024-11-03,5
TKT000245,CUS007836,INS000004,Card Issue,Medium,Resolved,Website,2026-04-01,5
TKT000246,CUS001475,INS000002,Card Issue,Medium,Resolved,Website,2025-09-11,3
TKT000247,CUS005130,INS000003,Technical Issue,Medium,Resolved,Mobile App,2026-01-03,6
TKT000248,CUS005080,INS000005,Technical Issue,High,Resolved,Email,2024-12-31,5
TKT000249,CUS007113,INS000001,Transaction Issue,Medium,Closed,Phone,2025-07-04,1
TKT000250,CUS006619,INS000002,Fraud Report,Low,Resolved,Phone,2025-08-02,5
TKT000251,CUS001125,INS000005,Card Issue,Medium,Resolved,Branch,2025-03-28,3
TKT000252,CUS000615,INS000001,Card Issue,High,Resolved,Mobile App,2025-01-04,2
TKT000253,CUS001299,INS000004,Fraud Report,Low,Resolved,Mobile App,2024-11-22,2
TKT000254,CUS009999,INS000004,Transaction Issue,Low,Resolved,Website,2024-11-30,3
TKT000255,CUS002988,INS000001,Loan Query,Medium,Closed,Phone,2024-10-22,4
TKT000256,CUS000778,INS000005,Payment Issue,Low,Resolved,Phone,2026-01-26,5
TKT000257,CUS003233,INS000005,Card Issue,Medium,Resolved,Mobile App,2024-08-12,5
TKT000258,CUS005916,INS000003,Account Issue,Low,Closed,Mobile App,2025-12-08,6
TKT000259,CUS004061,INS000004,Card Issue,Low,Resolved,Mobile App,2025-05-10,4
TKT000260,CUS002286,INS000004,Technical Issue,Medium,Resolved,Phone,2024-09-05,1
TKT000261,CUS000786,INS000001,Account Issue,Low,In Progress,Website,2025-12-20,5
TKT000262,CUS001244,INS000002,Technical Issue,High,Resolved,Mobile App,2025-11-24,1
TKT000263,CUS001682,INS000001,Payment Issue,Low,Resolved,Phone,2025-12-31,5
TKT000264,CUS006105,INS000002,Card Issue,Medium,Resolved,Phone,2026-06-13,6
TKT000265,CUS006335,INS000005,Transaction Issue,Medium,Resolved,Email,2025-05-27,1
TKT000266,CUS006394,INS000001,Transaction Issue,Medium,Closed,Website,2025-08-16,7
TKT000267,CUS007822,INS000002,Transaction Issue,Medium,Resolved,Mobile App,2025-03-01,4
TKT000268,CUS005129,INS000002,Loan Query,Medium,Resolved,Website,2025-02-15,6
TKT000269,CUS009624,INS000005,Technical Issue,Medium,Resolved,Mobile App,2024-11-20,7
TKT000270,CUS003937,INS000003,Technical Issue,Medium,Closed,Website,2026-01-08,5
TKT000271,CUS005773,INS000003,Card Issue,Medium,Open,Mobile App,2026-04-05,5
TKT000272,CUS002765,INS000004,Account Issue,High,Resolved,Phone,2025-08-12,6
TKT000273,CUS000528,INS000001,Account Issue,Medium,Resolved,Phone,2025-04-17,3
TKT000274,CUS001220,INS000001,Card Issue,Medium,Resolved,Website,2024-12-13,1
TKT000275,CUS006077,INS000003,Transaction Issue,Low,In Progress,Mobile App,2024-08-29,2
TKT000276,CUS009145,INS000001,Card Issue,Low,Resolved,Email,2026-08-02,7
TKT000277,CUS002503,INS000004,Transaction Issue,Medium,Closed,Website,2024-09-15,1
TKT000278,CUS007527,INS000005,Payment Issue,Medium,Resolved,Website,2025-03-13,6
TKT000279,CUS002079,INS000005,Card Issue,Medium,In Progress,Mobile App,2025-04-05,3
TKT000280,CUS004778,INS000002,Card Issue,Low,Resolved,Mobile App,2025-07-11,2
TKT000281,CUS003388,INS000005,Fraud Report,Medium,Resolved,Mobile App,2026-07-10,5
TKT000282,CUS005232,INS000003,Card Issue,Low,Resolved,Mobile App,2025-09-07,5
TKT000283,CUS001692,INS000004,Transaction Issue,Medium,Resolved,Website,2026-05-13,3
TKT000284,CUS007649,INS000004,Transaction Issue,Medium,Closed,Mobile App,2026-04-26,7
TKT000285,CUS000855,INS000004,Account Issue,Low,Resolved,Email,2026-06-16,6
TKT000286,CUS006463,INS000002,Loan Query,Critical,Resolved,Phone,2025-11-18,6
TKT000287,CUS006391,INS000005,Account Issue,Low,Resolved,Website,2025-07-27,5
TKT000288,CUS005260,INS000003,Payment Issue,Low,Resolved,Website,2025-03-05,6
TKT000289,CUS003651,INS000002,Card Issue,Critical,Closed,Branch,2026-06-08,6
TKT000290,CUS006951,INS000005,Account Issue,High,Closed,Phone,2026-06-25,3
TKT000291,CUS007000,INS000004,Payment Issue,Medium,Resolved,Phone,2024-08-25,5
TKT000292,CUS005886,INS000004,Card Issue,Low,Closed,Email,2024-09-03,3
TKT000293,CUS009058,INS000001,Transaction Issue,Medium,Closed,Mobile App,2025-03-31,2
TKT000294,CUS009686,INS000004,Transaction Issue,High,Closed,Website,2026-05-20,5
TKT000295,CUS009473,INS000001,Transaction Issue,Medium,Closed,Mobile App,2026-06-02,4
TKT000296,CUS004510,INS000005,Card Issue,Low,In Progress,Phone,2024-10-28,6
TKT000297,CUS005564,INS000001,Loan Query,Medium,Resolved,Phone,2026-05-10,1
TKT000298,CUS005260,INS000003,Transaction Issue,High,In Progress,Website,2025-04-02,6
TKT000299,CUS000823,INS000002,Technical Issue,Low,Open,Mobile App,2025-11-03,4
TKT000300,CUS002453,INS000005,Account Issue,Low,Closed,Mobile App,2024-08-09,4
TKT000301,CUS000919,INS000005,Payment Issue,High,Resolved,Mobile App,2026-05-03,2
TKT000302,CUS001054,INS000001,Fraud Report,High,Closed,Mobile App,2025-04-12,4
TKT000303,CUS009534,INS000001,Payment Issue,Low,Resolved,Phone,2025-09-11,3
TKT000304,CUS000542,INS000002,Account Issue,Low,Resolved,Phone,2025-02-15,7
TKT000305,CUS004151,INS000005,Card Issue,Low,Closed,Phone,2025-11-16,1
TKT000306,CUS000261,INS000002,Transaction Issue,Low,In Progress,Mobile App,2024-10-03,5
TKT000307,CUS000710,INS000001,Payment Issue,Low,Resolved,Website,2025-01-18,6
TKT000308,CUS003182,INS000001,Fraud Report,High,Resolved,Email,2024-12-11,3
TKT000309,CUS003530,INS000003,Technical Issue,Medium,Open,Website,2025-07-03,7
TKT000310,CUS007039,INS000003,Card Issue,Critical,Closed,Phone,2024-08-31,3
TKT000311,CUS009143,INS000001,Transaction Issue,High,Resolved,Website,2025-01-25,7
TKT000312,CUS006475,INS000004,Payment Issue,Low,Open,Branch,2025-09-25,5
TKT000313,CUS008021,INS000003,Card Issue,Low,Closed,Website,2025-01-29,1
TKT000314,CUS003072,INS000004,Transaction Issue,Low,Resolved,Phone,2025-03-28,7
TKT000315,CUS005980,INS000001,Account Issue,Low,In Progress,Phone,2024-08-10,4
TKT000316,CUS003996,INS000004,Payment Issue,Low,In Progress,Email,2026-03-08,1
TKT000317,CUS001648,INS000004,Card Issue,High,Resolved,Mobile App,2025-07-14,3
TKT000318,CUS008875,INS000002,Loan Query,Medium,Resolved,Branch,2026-03-29,7
TKT000319,CUS003107,INS000004,Transaction Issue,Medium,Resolved,Mobile App,2025-01-19,2
TKT000320,CUS000605,INS000003,Technical Issue,Medium,Resolved,Mobile App,2026-04-05,4
TKT000321,CUS002553,INS000002,Card Issue,Critical,Closed,Phone,2025-08-27,2
TKT000322,CUS000170,INS000004,Loan Query,High,Closed,Mobile App,2025-08-07,5
TKT000323,CUS000387,INS000002,Transaction Issue,Medium,Closed,Phone,2026-07-27,4
TKT000324,CUS005578,INS000004,Loan Query,High,Resolved,Phone,2024-10-05,5
TKT000325,CUS007481,INS000001,Transaction Issue,Medium,Closed,Website,2025-12-23,3
TKT000326,CUS008397,INS000002,Account Issue,Critical,Closed,Phone,2025-12-04,2
TKT000327,CUS007082,INS000001,Loan Query,Low,Open,Mobile App,2026-05-06,7
TKT000328,CUS004416,INS000003,Payment Issue,Low,Closed,Email,2025-02-05,3
TKT000329,CUS001129,INS000004,Technical Issue,High,Closed,Phone,2025-08-15,1
TKT000330,CUS008909,INS000005,Account Issue,Medium,Resolved,Phone,2025-04-21,2
TKT000331,CUS009219,INS000003,Payment Issue,Medium,Resolved,Mobile App,2024-09-22,2
TKT000332,CUS000664,INS000003,Loan Query,Low,Resolved,Mobile App,2024-09-07,4
TKT000333,CUS006318,INS000001,Account Issue,Medium,Resolved,Website,2024-09-06,7
TKT000334,CUS001690,INS000005,Card Issue,Critical,Closed,Phone,2026-03-15,1
TKT000335,CUS004645,INS000003,Payment Issue,Low,Resolved,Mobile App,2025-07-02,7
TKT000336,CUS005166,INS000002,Loan Query,High,Resolved,Phone,2026-03-14,2
TKT000337,CUS004947,INS000003,Payment Issue,Critical,Closed,Website,2026-06-04,1
TKT000338,CUS003828,INS000004,Technical Issue,Medium,Closed,Mobile App,2026-03-23,2
TKT000339,CUS004718,INS000004,Loan Query,Medium,In Progress,Website,2026-04-19,4
TKT000340,CUS004325,INS000004,Card Issue,Low,Closed,Mobile App,2026-04-24,5
TKT000341,CUS001187,INS000001,Payment Issue,Low,Resolved,Mobile App,2025-04-17,7
TKT000342,CUS004234,INS000001,Fraud Report,Medium,In Progress,Website,2025-04-10,6
TKT000343,CUS006995,INS000004,Account Issue,High,Resolved,Mobile App,2025-09-17,7
TKT000344,CUS008194,INS000002,Fraud Report,Medium,Resolved,Website,2026-05-30,2
TKT000345,CUS007744,INS000004,Card Issue,Low,Resolved,Website,2026-07-01,2
TKT000346,CUS001792,INS000005,Card Issue,Low,Resolved,Email,2025-08-01,7
TKT000347,CUS009406,INS000004,Fraud Report,High,Open,Branch,2024-09-21,3
TKT000348,CUS001832,INS000002,Payment Issue,Low,Resolved,Phone,2026-05-12,5
TKT000349,CUS009788,INS000004,Payment Issue,Medium,Closed,Email,2026-04-06,1
TKT000350,CUS007191,INS000002,Transaction Issue,Medium,Closed,Email,2025-10-12,4
TKT000351,CUS009446,INS000002,Card Issue,Medium,Resolved,Mobile App,2025-02-27,5
TKT000352,CUS005453,INS000002,Card Issue,High,Closed,Phone,2025-01-21,1
TKT000353,CUS003238,INS000002,Card Issue,Low,Resolved,Phone,2025-01-21,7
TKT000354,CUS008723,INS000001,Loan Query,Low,In Progress,Mobile App,2025-04-22,1
TKT000355,CUS004455,INS000004,Card Issue,High,Open,Mobile App,2025-08-17,2
TKT000356,CUS000369,INS000004,Loan Query,Critical,Closed,Website,2026-05-11,4
TKT000357,CUS006091,INS000001,Transaction Issue,High,Open,Website,2024-08-31,4
TKT000358,CUS001375,INS000005,Card Issue,Medium,Open,Branch,2025-04-24,1
TKT000359,CUS006874,INS000004,Technical Issue,High,Resolved,Branch,2026-03-12,7
TKT000360,CUS003599,INS000003,Payment Issue,High,Closed,Website,2026-05-27,4
TKT000361,CUS006063,INS000005,Card Issue,Medium,Open,Website,2025-03-23,2
TKT000362,CUS002796,INS000004,Card Issue,High,Resolved,Website,2026-07-11,6
TKT000363,CUS001483,INS000003,Card Issue,Medium,Resolved,Website,2025-12-07,1
TKT000364,CUS009447,INS000004,Payment Issue,Low,Resolved,Website,2025-10-03,4
TKT000365,CUS003377,INS000004,Technical Issue,High,Resolved,Email,2025-04-17,3
TKT000366,CUS001030,INS000001,Account Issue,Low,Closed,Phone,2025-07-06,2
TKT000367,CUS004679,INS000004,Account Issue,Medium,Open,Email,2025-07-04,1
TKT000368,CUS008580,INS000005,Loan Query,Low,Resolved,Phone,2024-08-10,3
TKT000369,CUS001748,INS000003,Fraud Report,High,Closed,Website,2026-04-26,5
TKT000370,CUS009979,INS000005,Loan Query,High,Resolved,Website,2025-08-28,7
TKT000371,CUS001879,INS000002,Payment Issue,Critical,In Progress,Mobile App,2025-02-26,5
TKT000372,CUS009244,INS000005,Technical Issue,Critical,Resolved,Mobile App,2025-03-23,6
TKT000373,CUS001603,INS000002,Transaction Issue,High,In Progress,Email,2025-04-25,6
TKT000374,CUS002134,INS000001,Payment Issue,High,Closed,Phone,2025-04-29,1
TKT000375,CUS009142,INS000001,Transaction Issue,Low,Resolved,Email,2026-04-04,2
TKT000376,CUS000515,INS000004,Account Issue,High,Closed,Phone,2026-02-11,5
TKT000377,CUS001927,INS000005,Payment Issue,Low,Closed,Mobile App,2026-02-12,1
TKT000378,CUS003492,INS000001,Account Issue,Low,Closed,Mobile App,2025-04-02,3
TKT000379,CUS007124,INS000001,Transaction Issue,Medium,Resolved,Mobile App,2024-11-04,5
TKT000380,CUS008396,INS000002,Transaction Issue,Low,Closed,Mobile App,2024-10-05,4
TKT000381,CUS001985,INS000002,Loan Query,Low,Resolved,Phone,2025-09-03,1
TKT000382,CUS004913,INS000005,Account Issue,Low,Open,Website,2025-07-16,2
TKT000383,CUS002756,INS000001,Technical Issue,Low,Resolved,Email,2025-01-09,6
TKT000384,CUS004155,INS000004,Technical Issue,Medium,Closed,Mobile App,2025-05-22,5
TKT000385,CUS006245,INS000004,Card Issue,High,In Progress,Website,2025-05-23,2
TKT000386,CUS002447,INS000003,Account Issue,High,Closed,Branch,2026-03-30,5
TKT000387,CUS008215,INS000005,Transaction Issue,Low,Resolved,Mobile App,2026-06-12,4
TKT000388,CUS002898,INS000003,Fraud Report,Medium,In Progress,Mobile App,2025-02-23,6
TKT000389,CUS001100,INS000002,Account Issue,Low,Open,Website,2025-09-26,1
TKT000390,CUS002145,INS000005,Transaction Issue,Medium,Resolved,Mobile App,2025-06-29,3
TKT000391,CUS004703,INS000005,Loan Query,High,Resolved,Phone,2025-03-30,2
TKT000392,CUS001252,INS000003,Fraud Report,Medium,Closed,Branch,2025-11-19,1
TKT000393,CUS000532,INS000002,Card Issue,Medium,Resolved,Phone,2025-04-24,6
TKT000394,CUS009997,INS000003,Transaction Issue,Medium,Open,Mobile App,2025-12-14,6
TKT000395,CUS004508,INS000005,Account Issue,Medium,Resolved,Website,2026-05-02,2
TKT000396,CUS007616,INS000005,Payment Issue,High,In Progress,Mobile App,2026-01-16,2
TKT000397,CUS003651,INS000002,Payment Issue,Low,Closed,Phone,2025-07-05,3
TKT000398,CUS004472,INS000005,Card Issue,High,Resolved,Mobile App,2025-02-06,5
TKT000399,CUS007572,INS000004,Technical Issue,Medium,In Progress,Website,2024-10-27,3
TKT000400,CUS006970,INS000003,Loan Query,Medium,Closed,Mobile App,2025-12-02,6
TKT000401,CUS001387,INS000001,Account Issue,Medium,Resolved,Website,2024-10-20,6
TKT000402,CUS009905,INS000002,Loan Query,High,Resolved,Phone,2026-01-20,2
TKT000403,CUS002854,INS000005,Technical Issue,Medium,In Progress,Mobile App,2026-02-03,3
TKT000404,CUS009133,INS000001,Card Issue,Low,Closed,Email,2025-05-30,5
TKT000405,CUS004833,INS000001,Card Issue,High,Resolved,Website,2025-12-28,6
TKT000406,CUS006589,INS000005,Payment Issue,Low,Closed,Website,2026-04-10,3
TKT000407,CUS001759,INS000005,Card Issue,Medium,Closed,Email,2025-09-26,7
TKT000408,CUS009097,INS000005,Card Issue,Low,Closed,Mobile App,2026-07-16,6
TKT000409,CUS002810,INS000005,Card Issue,Medium,Open,Mobile App,2025-05-02,3
TKT000410,CUS007635,INS000003,Fraud Report,High,Resolved,Email,2026-02-26,5
TKT000411,CUS004973,INS000004,Transaction Issue,Low,Closed,Mobile App,2025-04-05,6
TKT000412,CUS003827,INS000001,Transaction Issue,Low,Closed,Website,2025-08-07,3
TKT000413,CUS005735,INS000005,Technical Issue,Medium,Resolved,Email,2026-04-26,1
TKT000414,CUS005833,INS000001,Loan Query,Low,Resolved,Email,2025-03-22,3
TKT000415,CUS009283,INS000001,Payment Issue,Medium,In Progress,Mobile App,2026-02-16,1
TKT000416,CUS007743,INS000005,Account Issue,High,Closed,Branch,2026-04-16,2
TKT000417,CUS008317,INS000004,Fraud Report,Medium,Resolved,Website,2024-08-28,4
TKT000418,CUS006732,INS000001,Card Issue,Medium,Closed,Email,2026-06-28,3
TKT000419,CUS006548,INS000003,Loan Query,Medium,Closed,Branch,2025-03-01,2
TKT000420,CUS000443,INS000003,Loan Query,High,Resolved,Mobile App,2025-05-31,3
TKT000421,CUS004087,INS000001,Transaction Issue,Medium,In Progress,Email,2025-09-24,2
TKT000422,CUS005202,INS000003,Account Issue,High,Resolved,Website,2025-05-19,2
TKT000423,CUS001518,INS000003,Card Issue,High,Resolved,Phone,2025-02-06,5
TKT000424,CUS004416,INS000003,Payment Issue,Low,Closed,Phone,2024-09-05,4
TKT000425,CUS005473,INS000005,Payment Issue,Low,In Progress,Mobile App,2025-10-01,7
TKT000426,CUS006670,INS000003,Fraud Report,Medium,Resolved,Mobile App,2026-07-06,6
TKT000427,CUS001393,INS000005,Loan Query,Medium,Resolved,Phone,2026-06-11,1
TKT000428,CUS004006,INS000003,Account Issue,High,Resolved,Branch,2025-09-16,5
TKT000429,CUS008252,INS000003,Technical Issue,Low,Closed,Mobile App,2025-06-05,4
TKT000430,CUS003930,INS000004,Payment Issue,Low,Closed,Mobile App,2025-12-25,5
TKT000431,CUS009651,INS000002,Payment Issue,Medium,In Progress,Mobile App,2026-03-06,2
TKT000432,CUS002305,INS000002,Loan Query,Medium,Resolved,Website,2024-08-17,4
TKT000433,CUS009834,INS000002,Account Issue,High,Resolved,Website,2025-10-31,4
TKT000434,CUS000912,INS000003,Transaction Issue,Low,Open,Website,2024-12-06,1
TKT000435,CUS001071,INS000005,Payment Issue,Medium,Resolved,Phone,2024-11-21,7
TKT000436,CUS007289,INS000003,Transaction Issue,Medium,Resolved,Mobile App,2025-04-09,2
TKT000437,CUS007449,INS000001,Account Issue,Medium,Resolved,Mobile App,2025-04-09,6
TKT000438,CUS002103,INS000002,Transaction Issue,Low,Resolved,Mobile App,2025-12-23,5
TKT000439,CUS007957,INS000002,Fraud Report,Medium,Closed,Phone,2026-01-06,5
TKT000440,CUS001243,INS000003,Technical Issue,High,Closed,Mobile App,2024-10-01,7
TKT000441,CUS008717,INS000004,Loan Query,Medium,Resolved,Branch,2025-12-10,4
TKT000442,CUS002893,INS000001,Card Issue,Low,Resolved,Email,2024-08-24,6
TKT000443,CUS002427,INS000005,Payment Issue,Medium,Resolved,Mobile App,2024-11-26,6
TKT000444,CUS003884,INS000004,Account Issue,Medium,Open,Mobile App,2026-04-24,4
TKT000445,CUS000690,INS000003,Fraud Report,High,Resolved,Website,2026-02-15,3
TKT000446,CUS006363,INS000003,Transaction Issue,Low,Open,Website,2025-04-24,4
TKT000447,CUS009760,INS000004,Technical Issue,Medium,Resolved,Mobile App,2026-01-24,3
TKT000448,CUS009735,INS000003,Account Issue,High,Resolved,Phone,2024-11-12,3
TKT000449,CUS005747,INS000004,Loan Query,Low,Resolved,Website,2026-01-08,2
TKT000450,CUS002031,INS000001,Payment Issue,Low,Closed,Mobile App,2025-09-05,3
TKT000451,CUS002405,INS000002,Payment Issue,Low,In Progress,Mobile App,2025-03-29,7
TKT000452,CUS006513,INS000002,Payment Issue,Medium,Closed,Website,2026-05-22,3
TKT000453,CUS007681,INS000003,Payment Issue,Low,In Progress,Website,2026-07-11,3
TKT000454,CUS009333,INS000001,Payment Issue,Low,Resolved,Email,2024-08-24,5
TKT000455,CUS007493,INS000003,Payment Issue,Low,Resolved,Website,2025-03-14,5
TKT000456,CUS000471,INS000002,Payment Issue,Medium,Open,Mobile App,2025-10-14,1
TKT000457,CUS005940,INS000002,Loan Query,Medium,Resolved,Branch,2025-04-30,3
TKT000458,CUS007028,INS000001,Card Issue,Medium,Resolved,Mobile App,2024-09-29,2
TKT000459,CUS001311,INS000001,Card Issue,Low,Closed,Website,2025-06-13,1
TKT000460,CUS008727,INS000001,Transaction Issue,Low,Resolved,Mobile App,2024-09-25,7
TKT000461,CUS002802,INS000005,Technical Issue,Medium,Resolved,Website,2026-03-30,2
TKT000462,CUS000323,INS000002,Account Issue,Medium,Resolved,Phone,2025-12-22,7
TKT000463,CUS001817,INS000004,Transaction Issue,Medium,Open,Email,2025-05-28,3
TKT000464,CUS008625,INS000002,Fraud Report,Low,Closed,Website,2025-04-28,7
TKT000465,CUS003863,INS000001,Account Issue,High,Closed,Website,2025-01-31,4
TKT000466,CUS003522,INS000003,Card Issue,Medium,Closed,Mobile App,2025-06-01,7
TKT000467,CUS006436,INS000004,Technical Issue,Medium,Closed,Mobile App,2025-10-30,4
TKT000468,CUS005820,INS000001,Account Issue,Low,Resolved,Phone,2025-12-02,7
TKT000469,CUS000414,INS000004,Loan Query,Medium,Open,Email,2025-02-20,2
TKT000470,CUS002907,INS000003,Account Issue,Critical,Closed,Mobile App,2025-12-21,5
TKT000471,CUS006035,INS000004,Transaction Issue,Medium,Closed,Website,2026-08-04,1
TKT000472,CUS008106,INS000004,Card Issue,Medium,Resolved,Email,2026-02-05,2
TKT000473,CUS002005,INS000005,Account Issue,High,Closed,Phone,2025-12-21,2
TKT000474,CUS007786,INS000004,Transaction Issue,Low,Resolved,Phone,2025-05-10,2
TKT000475,CUS004955,INS000005,Loan Query,High,Closed,Mobile App,2024-10-06,1
TKT000476,CUS001523,INS000003,Loan Query,Low,Closed,Phone,2024-10-30,6
TKT000477,CUS000044,INS000002,Technical Issue,Critical,Closed,Branch,2025-10-21,6
TKT000478,CUS008349,INS000002,Transaction Issue,Medium,Closed,Website,2026-04-28,5
TKT000479,CUS008514,INS000004,Payment Issue,Medium,Closed,Branch,2025-06-26,6
TKT000480,CUS000008,INS000003,Technical Issue,Medium,Resolved,Mobile App,2026-08-02,5
TKT000481,CUS008480,INS000001,Transaction Issue,Medium,Resolved,Mobile App,2024-08-31,1
TKT000482,CUS009963,INS000001,Fraud Report,Medium,Resolved,Branch,2024-09-28,7
TKT000483,CUS002153,INS000005,Transaction Issue,Medium,Closed,Mobile App,2025-12-31,3
TKT000484,CUS008690,INS000004,Account Issue,Medium,Closed,Branch,2025-05-27,4
TKT000485,CUS001153,INS000003,Card Issue,Low,Resolved,Phone,2026-06-13,3
TKT000486,CUS005676,INS000005,Account Issue,Low,In Progress,Email,2024-10-18,6
TKT000487,CUS006615,INS000005,Card Issue,Medium,Resolved,Website,2026-01-23,2
TKT000488,CUS009888,INS000005,Account Issue,Medium,Resolved,Mobile App,2025-04-06,4
TKT000489,CUS006834,INS000005,Loan Query,High,Resolved,Website,2024-12-17,3
TKT000490,CUS008207,INS000003,Account Issue,Low,Resolved,Phone,2025-05-27,7
TKT000491,CUS009650,INS000004,Account Issue,Medium,Resolved,Phone,2025-01-11,5
TKT000492,CUS009678,INS000001,Account Issue,Low,Resolved,Phone,2025-07-15,2
TKT000493,CUS009489,INS000001,Transaction Issue,Medium,In Progress,Mobile App,2024-11-22,3
TKT000494,CUS002669,INS000003,Account Issue,Medium,Resolved,Phone,2024-10-18,7
TKT000495,CUS006893,INS000002,Transaction Issue,Medium,Resolved,Website,2024-11-13,6
TKT000496,CUS008037,INS000005,Technical Issue,Low,Resolved,Email,2025-03-27,2
TKT000497,CUS005307,INS000003,Technical Issue,Low,In Progress,Phone,2025-09-15,4
TKT000498,CUS008883,INS000001,Card Issue,Medium,Closed,Website,2025-04-07,3
TKT000499,CUS003133,INS000005,Transaction Issue,Medium,Closed,Phone,2026-08-06,6
TKT000500,CUS009037,INS000005,Card Issue,Low,Closed,Email,2025-06-23,4
TKT000501,CUS007415,INS000002,Fraud Report,Low,Open,Website,2025-02-17,7
TKT000502,CUS009012,INS000001,Transaction Issue,Critical,Closed,Mobile App,2025-07-17,7
TKT000503,CUS007505,INS000002,Fraud Report,Medium,Closed,Branch,2024-10-02,6
TKT000504,CUS009693,INS000004,Account Issue,Medium,Closed,Mobile App,2025-04-03,3
TKT000505,CUS003130,INS000004,Payment Issue,Low,Resolved,Phone,2025-07-16,4
TKT000506,CUS004958,INS000002,Payment Issue,Medium,Resolved,Website,2025-04-02,6
TKT000507,CUS000415,INS000001,Payment Issue,High,In Progress,Mobile App,2025-08-20,7
TKT000508,CUS005713,INS000003,Payment Issue,Low,Resolved,Website,2025-02-12,5
TKT000509,CUS001675,INS000005,Account Issue,Medium,Resolved,Phone,2025-10-13,4
TKT000510,CUS002062,INS000005,Payment Issue,Medium,Resolved,Phone,2025-02-16,2
TKT000511,CUS007461,INS000004,Loan Query,Medium,Resolved,Phone,2025-04-09,2
TKT000512,CUS008114,INS000003,Card Issue,High,Resolved,Mobile App,2026-05-29,4
TKT000513,CUS003050,INS000005,Account Issue,Low,Closed,Mobile App,2025-03-31,2
TKT000514,CUS005996,INS000002,Card Issue,High,Resolved,Website,2025-06-11,5
TKT000515,CUS007459,INS000005,Loan Query,Medium,Closed,Branch,2025-05-22,4
TKT000516,CUS001885,INS000001,Payment Issue,Low,Closed,Phone,2026-07-24,2
TKT000517,CUS001520,INS000005,Transaction Issue,Medium,Closed,Branch,2026-01-06,1
TKT000518,CUS007274,INS000004,Payment Issue,Low,Closed,Phone,2026-07-10,6
TKT000519,CUS000841,INS000005,Technical Issue,High,Closed,Mobile App,2025-09-07,6
TKT000520,CUS000662,INS000002,Fraud Report,Medium,Open,Email,2025-06-24,6
TKT000521,CUS001393,INS000005,Payment Issue,High,In Progress,Phone,2026-02-04,1
TKT000522,CUS004245,INS000005,Account Issue,Low,Closed,Email,2025-10-21,3
TKT000523,CUS003933,INS000002,Transaction Issue,Low,Closed,Branch,2026-05-08,1
TKT000524,CUS002505,INS000005,Payment Issue,Low,Resolved,Email,2025-09-22,4
TKT000525,CUS004128,INS000005,Card Issue,Low,Closed,Mobile App,2026-08-07,7
TKT000526,CUS005641,INS000001,Card Issue,High,Closed,Website,2025-03-21,7
TKT000527,CUS005543,INS000004,Transaction Issue,Low,In Progress,Email,2025-05-08,4
TKT000528,CUS004737,INS000001,Card Issue,Low,Open,Phone,2025-09-26,6
TKT000529,CUS005399,INS000002,Loan Query,Low,Closed,Mobile App,2026-02-12,3
TKT000530,CUS001247,INS000003,Payment Issue,Critical,Resolved,Mobile App,2025-08-04,5
TKT000531,CUS008761,INS000003,Fraud Report,Medium,Closed,Phone,2026-07-03,7
TKT000532,CUS000557,INS000003,Loan Query,Low,Closed,Phone,2025-08-23,4
TKT000533,CUS009415,INS000005,Fraud Report,High,Resolved,Mobile App,2024-10-28,6
TKT000534,CUS006505,INS000003,Account Issue,Medium,Closed,Website,2026-04-05,5
TKT000535,CUS006099,INS000003,Transaction Issue,Low,Open,Mobile App,2025-06-26,7
TKT000536,CUS004693,INS000002,Card Issue,High,Resolved,Phone,2025-03-30,7
TKT000537,CUS009061,INS000003,Account Issue,Low,Closed,Phone,2026-01-02,3
TKT000538,CUS006969,INS000002,Technical Issue,Medium,Resolved,Phone,2026-07-14,5
TKT000539,CUS007508,INS000005,Account Issue,Medium,Resolved,Email,2025-11-23,1
TKT000540,CUS003103,INS000001,Payment Issue,Low,Resolved,Website,2026-02-04,4
TKT000541,CUS008621,INS000001,Account Issue,High,Resolved,Branch,2025-08-25,3
TKT000542,CUS006301,INS000002,Payment Issue,High,Open,Email,2025-03-13,5
TKT000543,CUS002770,INS000003,Card Issue,Medium,In Progress,Website,2026-07-13,7
TKT000544,CUS006395,INS000003,Account Issue,Medium,Resolved,Phone,2024-11-28,3
TKT000545,CUS000913,INS000003,Loan Query,Medium,Closed,Email,2024-11-14,3
TKT000546,CUS004594,INS000005,Transaction Issue,High,Resolved,Mobile App,2026-06-29,2
TKT000547,CUS002948,INS000001,Technical Issue,Low,Resolved,Mobile App,2026-03-07,4
TKT000548,CUS009142,INS000001,Fraud Report,High,Resolved,Mobile App,2026-03-07,6
TKT000549,CUS007431,INS000002,Card Issue,Medium,Resolved,Mobile App,2025-02-07,4
TKT000550,CUS006567,INS000001,Account Issue,Medium,Closed,Phone,2025-03-16,1
TKT000551,CUS007623,INS000001,Technical Issue,High,Resolved,Phone,2025-08-07,1
TKT000552,CUS000873,INS000001,Loan Query,Medium,Closed,Branch,2026-07-19,2
TKT000553,CUS006057,INS000002,Payment Issue,Low,Closed,Phone,2025-02-03,7
TKT000554,CUS001103,INS000001,Transaction Issue,Low,Closed,Branch,2025-05-02,1
TKT000555,CUS004979,INS000004,Transaction Issue,Medium,Resolved,Email,2025-06-24,2
TKT000556,CUS005060,INS000003,Technical Issue,High,Resolved,Mobile App,2024-10-25,7
TKT000557,CUS008916,INS000002,Fraud Report,Low,Open,Phone,2024-10-15,1
TKT000558,CUS008954,INS000005,Transaction Issue,Low,Open,Mobile App,2025-02-08,5
TKT000559,CUS003899,INS000004,Account Issue,Low,In Progress,Phone,2026-05-27,4
TKT000560,CUS007283,INS000002,Card Issue,High,Closed,Phone,2026-06-14,3
TKT000561,CUS000273,INS000001,Card Issue,Low,Open,Email,2025-12-17,3
TKT000562,CUS009482,INS000002,Transaction Issue,High,Resolved,Mobile App,2025-07-03,3
TKT000563,CUS005160,INS000004,Technical Issue,High,Resolved,Email,2026-07-25,6
TKT000564,CUS001756,INS000002,Card Issue,Medium,Resolved,Phone,2026-01-08,1
TKT000565,CUS009946,INS000003,Card Issue,Low,Closed,Mobile App,2026-04-23,4
TKT000566,CUS008302,INS000002,Account Issue,High,Resolved,Mobile App,2024-12-29,3
TKT000567,CUS007055,INS000005,Fraud Report,Low,Resolved,Mobile App,2025-11-10,6
TKT000568,CUS006203,INS000001,Account Issue,Low,Resolved,Branch,2024-11-29,1
TKT000569,CUS005339,INS000003,Payment Issue,Medium,Resolved,Phone,2025-12-08,4
TKT000570,CUS005475,INS000005,Account Issue,Medium,In Progress,Phone,2025-08-22,1
TKT000571,CUS002024,INS000005,Transaction Issue,Medium,Resolved,Phone,2026-06-28,2
TKT000572,CUS002164,INS000002,Transaction Issue,Medium,Resolved,Mobile App,2024-12-11,1
TKT000573,CUS003262,INS000001,Loan Query,Medium,Open,Phone,2026-06-26,1
TKT000574,CUS002667,INS000005,Payment Issue,High,Resolved,Mobile App,2025-02-06,3
TKT000575,CUS009099,INS000001,Account Issue,Medium,Closed,Website,2026-01-05,1
TKT000576,CUS005788,INS000002,Payment Issue,Low,Open,Branch,2026-01-30,2
TKT000577,CUS002289,INS000004,Card Issue,High,Open,Phone,2024-09-21,5
TKT000578,CUS009234,INS000002,Payment Issue,Medium,Closed,Phone,2026-02-12,4
TKT000579,CUS001813,INS000001,Fraud Report,Medium,Closed,Phone,2025-10-22,3
TKT000580,CUS004407,INS000002,Payment Issue,Medium,Resolved,Email,2026-05-12,1
TKT000581,CUS006414,INS000005,Card Issue,Medium,Resolved,Website,2025-06-12,5
TKT000582,CUS009161,INS000002,Fraud Report,Medium,Open,Mobile App,2024-08-20,7
TKT000583,CUS002016,INS000001,Transaction Issue,Low,Resolved,Email,2024-10-12,1
TKT000584,CUS003899,INS000004,Transaction Issue,Low,Resolved,Website,2026-02-02,1
TKT000585,CUS003155,INS000004,Transaction Issue,Medium,In Progress,Mobile App,2025-09-22,2
TKT000586,CUS003589,INS000002,Transaction Issue,Medium,Resolved,Phone,2026-06-27,3
TKT000587,CUS000975,INS000004,Transaction Issue,High,Resolved,Email,2024-09-22,1
TKT000588,CUS004402,INS000003,Card Issue,Medium,Closed,Website,2026-01-31,3
TKT000589,CUS006352,INS000005,Loan Query,Medium,Open,Mobile App,2026-06-16,5
TKT000590,CUS004850,INS000001,Transaction Issue,Low,Open,Website,2026-05-17,1
TKT000591,CUS005038,INS000003,Payment Issue,Medium,Resolved,Phone,2025-06-29,6
TKT000592,CUS007787,INS000004,Payment Issue,Medium,Resolved,Website,2025-06-08,5
TKT000593,CUS007295,INS000002,Fraud Report,Medium,Resolved,Mobile App,2025-09-16,1
TKT000594,CUS002524,INS000005,Fraud Report,Medium,Open,Branch,2026-07-12,1
TKT000595,CUS005756,INS000004,Card Issue,Medium,Closed,Website,2025-07-07,1
TKT000596,CUS006442,INS000004,Transaction Issue,High,Resolved,Mobile App,2025-07-05,7
TKT000597,CUS000408,INS000004,Loan Query,Medium,Resolved,Website,2024-08-27,7
TKT000598,CUS001390,INS000004,Payment Issue,High,Closed,Email,2024-10-12,1
TKT000599,CUS009542,INS000003,Payment Issue,Low,Open,Branch,2025-03-18,4
TKT000600,CUS004657,INS000002,Loan Query,Medium,In Progress,Mobile App,2026-02-11,2
TKT000601,CUS008197,INS000002,Loan Query,High,Closed,Email,2024-08-09,6
TKT000602,CUS002506,INS000002,Fraud Report,High,Closed,Email,2026-07-05,6
TKT000603,CUS003715,INS000001,Card Issue,Low,Resolved,Website,2025-05-20,2
TKT000604,CUS008503,INS000003,Account Issue,Low,In Progress,Phone,2025-01-23,1
TKT000605,CUS001142,INS000005,Payment Issue,High,In Progress,Mobile App,2025-02-09,3
TKT000606,CUS001885,INS000001,Account Issue,Low,In Progress,Mobile App,2025-11-07,2
TKT000607,CUS002781,INS000001,Fraud Report,Medium,Resolved,Website,2025-10-28,1
TKT000608,CUS008658,INS000005,Transaction Issue,Medium,Resolved,Mobile App,2025-08-31,1
TKT000609,CUS003628,INS000003,Payment Issue,Medium,Resolved,Email,2026-04-26,6
TKT000610,CUS003217,INS000001,Transaction Issue,Low,Closed,Phone,2026-05-02,4
TKT000611,CUS004164,INS000004,Card Issue,High,Resolved,Phone,2025-07-22,6
TKT000612,CUS001799,INS000001,Technical Issue,Low,Resolved,Website,2026-04-21,3
TKT000613,CUS000743,INS000002,Transaction Issue,Low,Resolved,Email,2025-03-28,2
TKT000614,CUS004435,INS000002,Account Issue,Medium,Resolved,Mobile App,2026-04-08,3
TKT000615,CUS007936,INS000003,Technical Issue,High,In Progress,Phone,2024-10-27,5
TKT000616,CUS009913,INS000001,Payment Issue,High,Closed,Email,2026-06-06,3
TKT000617,CUS006387,INS000005,Account Issue,High,Open,Email,2025-03-08,4
TKT000618,CUS000160,INS000003,Account Issue,Medium,In Progress,Website,2025-10-19,5
TKT000619,CUS000543,INS000002,Technical Issue,Low,Resolved,Mobile App,2024-08-14,1
TKT000620,CUS001521,INS000004,Fraud Report,Low,Resolved,Mobile App,2025-08-09,6
TKT000621,CUS007509,INS000003,Account Issue,Medium,Resolved,Phone,2025-03-15,1
TKT000622,CUS005590,INS000005,Transaction Issue,Low,Resolved,Website,2024-11-03,6
TKT000623,CUS008481,INS000002,Account Issue,Medium,Resolved,Website,2025-08-31,3
TKT000624,CUS002648,INS000004,Payment Issue,Low,Resolved,Email,2024-11-23,6
TKT000625,CUS000105,INS000001,Transaction Issue,Low,Open,Branch,2024-11-29,2
TKT000626,CUS003024,INS000004,Payment Issue,High,Open,Mobile App,2026-05-02,3
TKT000627,CUS004552,INS000003,Account Issue,Medium,Resolved,Email,2026-05-08,1
TKT000628,CUS005812,INS000005,Card Issue,Medium,Open,Mobile App,2026-03-29,5
TKT000629,CUS000722,INS000003,Transaction Issue,High,Resolved,Mobile App,2024-12-17,1
TKT000630,CUS003098,INS000002,Card Issue,Medium,Closed,Phone,2026-01-18,3
TKT000631,CUS002383,INS000004,Card Issue,Medium,Open,Mobile App,2025-11-25,6
TKT000632,CUS005934,INS000004,Loan Query,High,Resolved,Website,2026-06-17,7
TKT000633,CUS000606,INS000003,Technical Issue,Medium,Resolved,Branch,2025-03-19,2
TKT000634,CUS002175,INS000002,Technical Issue,Low,Resolved,Website,2025-07-21,7
TKT000635,CUS000923,INS000005,Transaction Issue,Low,Resolved,Website,2025-06-23,4
TKT000636,CUS003035,INS000003,Transaction Issue,Medium,Resolved,Website,2025-06-24,4
TKT000637,CUS002806,INS000001,Card Issue,Medium,Resolved,Mobile App,2025-09-25,1
TKT000638,CUS006635,INS000004,Technical Issue,High,Resolved,Mobile App,2025-06-13,5
TKT000639,CUS000749,INS000001,Fraud Report,Low,Closed,Website,2026-03-25,6
TKT000640,CUS000555,INS000005,Card Issue,Medium,Closed,Email,2025-05-01,5
TKT000641,CUS008516,INS000005,Transaction Issue,High,Resolved,Mobile App,2025-09-06,5
TKT000642,CUS003437,INS000005,Fraud Report,High,Closed,Branch,2025-08-23,4
TKT000643,CUS007348,INS000005,Technical Issue,Low,In Progress,Phone,2024-10-26,4
TKT000644,CUS007908,INS000001,Technical Issue,Medium,Open,Email,2026-02-20,3
TKT000645,CUS005862,INS000003,Fraud Report,Medium,In Progress,Mobile App,2026-03-14,6
TKT000646,CUS009740,INS000004,Card Issue,Medium,Closed,Phone,2026-08-04,3
TKT000647,CUS005860,INS000002,Payment Issue,High,Closed,Phone,2025-04-23,7
TKT000648,CUS004011,INS000002,Account Issue,High,Open,Mobile App,2026-01-29,1
TKT000649,CUS001225,INS000003,Payment Issue,Medium,Closed,Mobile App,2025-03-18,2
TKT000650,CUS008487,INS000003,Card Issue,Medium,Resolved,Phone,2024-09-12,7
TKT000651,CUS005272,INS000002,Payment Issue,Medium,Resolved,Mobile App,2024-12-06,6
TKT000652,CUS001123,INS000005,Fraud Report,Low,In Progress,Branch,2026-03-02,5
TKT000653,CUS003248,INS000003,Account Issue,Medium,In Progress,Phone,2024-08-12,1
TKT000654,CUS009899,INS000003,Payment Issue,Medium,Resolved,Phone,2026-03-05,6
TKT000655,CUS004785,INS000001,Payment Issue,High,Closed,Mobile App,2026-02-17,2
TKT000656,CUS005002,INS000005,Fraud Report,Low,Closed,Phone,2025-12-15,7
TKT000657,CUS000971,INS000004,Card Issue,Medium,Resolved,Mobile App,2025-10-15,3
TKT000658,CUS004503,INS000001,Payment Issue,Low,Resolved,Phone,2025-08-28,7
TKT000659,CUS000756,INS000003,Payment Issue,High,Resolved,Website,2026-08-01,2
TKT000660,CUS009779,INS000005,Card Issue,Medium,Closed,Branch,2025-12-11,7
TKT000661,CUS006315,INS000003,Transaction Issue,High,In Progress,Website,2025-12-19,1
TKT000662,CUS000108,INS000004,Technical Issue,High,Resolved,Phone,2026-06-20,3
TKT000663,CUS009483,INS000003,Transaction Issue,High,Resolved,Mobile App,2025-06-23,3
TKT000664,CUS001104,INS000003,Technical Issue,Critical,In Progress,Phone,2025-01-14,5
TKT000665,CUS003769,INS000002,Loan Query,Medium,In Progress,Mobile App,2025-01-22,3
TKT000666,CUS005946,INS000001,Fraud Report,Low,Closed,Branch,2025-03-21,3
TKT000667,CUS004095,INS000003,Loan Query,High,Resolved,Phone,2026-01-02,4
TKT000668,CUS006879,INS000005,Payment Issue,High,Open,Mobile App,2025-06-16,6
TKT000669,CUS004130,INS000005,Transaction Issue,Low,Resolved,Mobile App,2025-08-05,6
TKT000670,CUS000862,INS000002,Payment Issue,Critical,Closed,Website,2025-12-04,4
TKT000671,CUS009975,INS000004,Payment Issue,High,Closed,Email,2025-06-16,1
TKT000672,CUS000707,INS000005,Payment Issue,Medium,Open,Website,2024-09-22,3
TKT000673,CUS004191,INS000005,Transaction Issue,Low,Open,Mobile App,2025-09-15,3
TKT000674,CUS000915,INS000004,Card Issue,Critical,Closed,Mobile App,2025-01-26,3
TKT000675,CUS002874,INS000001,Payment Issue,Low,Closed,Mobile App,2025-11-30,2
TKT000676,CUS008857,INS000001,Payment Issue,Medium,Resolved,Mobile App,2026-01-22,3
TKT000677,CUS007020,INS000005,Transaction Issue,Low,Resolved,Phone,2026-03-10,4
TKT000678,CUS005580,INS000004,Payment Issue,Medium,Resolved,Mobile App,2025-02-25,4
TKT000679,CUS003683,INS000005,Loan Query,Low,Closed,Phone,2025-05-06,6
TKT000680,CUS003487,INS000003,Loan Query,Medium,Closed,Mobile App,2025-11-04,3
TKT000681,CUS006791,INS000005,Account Issue,Medium,Resolved,Website,2024-12-02,7
TKT000682,CUS000341,INS000001,Payment Issue,Medium,Resolved,Mobile App,2026-01-04,7
TKT000683,CUS002903,INS000005,Payment Issue,Low,Open,Phone,2025-11-11,7
TKT000684,CUS005894,INS000001,Loan Query,High,Closed,Email,2025-01-18,4
TKT000685,CUS008235,INS000004,Account Issue,High,Closed,Phone,2026-06-17,5
TKT000686,CUS005173,INS000004,Transaction Issue,High,Resolved,Branch,2025-06-12,6
TKT000687,CUS008170,INS000004,Loan Query,High,Resolved,Mobile App,2025-03-26,1
TKT000688,CUS000530,INS000005,Technical Issue,Medium,Closed,Mobile App,2026-01-18,1
TKT000689,CUS002484,INS000002,Fraud Report,High,Resolved,Website,2026-01-10,5
TKT000690,CUS009257,INS000003,Transaction Issue,Medium,In Progress,Phone,2026-03-31,4
TKT000691,CUS002461,INS000004,Payment Issue,Medium,Resolved,Phone,2024-09-01,6
TKT000692,CUS003983,INS000003,Payment Issue,Low,Open,Website,2026-05-19,1
TKT000693,CUS008106,INS000004,Technical Issue,High,Open,Mobile App,2025-01-28,2
TKT000694,CUS006328,INS000004,Transaction Issue,Medium,Resolved,Website,2025-09-12,4
TKT000695,CUS001292,INS000004,Loan Query,Medium,Resolved,Mobile App,2025-07-06,5
TKT000696,CUS000683,INS000002,Transaction Issue,Medium,In Progress,Website,2025-03-22,7
TKT000697,CUS000942,INS000005,Payment Issue,High,Open,Phone,2025-10-06,7
TKT000698,CUS002354,INS000003,Account Issue,High,Resolved,Website,2025-09-02,6
TKT000699,CUS001428,INS000003,Payment Issue,Low,Closed,Email,2026-04-03,7
TKT000700,CUS005446,INS000001,Payment Issue,High,Closed,Phone,2024-08-31,2
TKT000701,CUS009815,INS000005,Card Issue,Critical,Open,Email,2024-10-15,6
TKT000702,CUS008155,INS000001,Account Issue,High,Closed,Mobile App,2026-02-05,7
TKT000703,CUS005838,INS000001,Account Issue,Low,Closed,Phone,2026-07-09,6
TKT000704,CUS006726,INS000003,Card Issue,Medium,Open,Mobile App,2025-11-07,7
TKT000705,CUS009794,INS000003,Fraud Report,Low,Resolved,Phone,2025-04-23,5
TKT000706,CUS000958,INS000005,Card Issue,Medium,Resolved,Mobile App,2024-11-19,2
TKT000707,CUS002625,INS000001,Transaction Issue,Low,Closed,Mobile App,2026-03-27,1
TKT000708,CUS004645,INS000003,Payment Issue,Critical,Resolved,Phone,2024-10-07,4
TKT000709,CUS005643,INS000001,Loan Query,Low,Open,Branch,2025-10-30,1
TKT000710,CUS009990,INS000002,Transaction Issue,High,Resolved,Phone,2025-05-03,2
TKT000711,CUS006618,INS000002,Card Issue,High,Closed,Mobile App,2026-05-28,7
TKT000712,CUS004793,INS000005,Fraud Report,Medium,Resolved,Phone,2025-11-09,4
TKT000713,CUS003944,INS000004,Technical Issue,Low,Resolved,Website,2024-11-24,6
TKT000714,CUS009754,INS000002,Technical Issue,Medium,Resolved,Website,2026-07-30,1
TKT000715,CUS003307,INS000002,Transaction Issue,Low,Resolved,Mobile App,2025-11-24,4
TKT000716,CUS001573,INS000001,Fraud Report,Medium,Resolved,Mobile App,2025-08-27,2
TKT000717,CUS007782,INS000002,Transaction Issue,Low,Closed,Mobile App,2025-01-01,7
TKT000718,CUS004504,INS000001,Fraud Report,Low,In Progress,Branch,2026-01-14,4
TKT000719,CUS005369,INS000004,Transaction Issue,Low,Closed,Mobile App,2026-03-16,4
TKT000720,CUS007644,INS000003,Fraud Report,Medium,Resolved,Mobile App,2025-12-02,2
TKT000721,CUS001409,INS000003,Technical Issue,High,Closed,Mobile App,2024-09-03,1
TKT000722,CUS001645,INS000001,Payment Issue,Low,In Progress,Mobile App,2025-04-24,7
TKT000723,CUS003920,INS000001,Transaction Issue,Low,Resolved,Mobile App,2024-11-04,1
TKT000724,CUS009941,INS000001,Payment Issue,Medium,Resolved,Mobile App,2024-09-19,7
TKT000725,CUS001605,INS000005,Payment Issue,Medium,Closed,Website,2024-12-22,1
TKT000726,CUS008274,INS000005,Payment Issue,Medium,Open,Phone,2024-08-07,2
TKT000727,CUS006632,INS000005,Fraud Report,Medium,Resolved,Website,2024-09-12,5
TKT000728,CUS001104,INS000003,Fraud Report,Medium,Resolved,Phone,2025-10-02,5
TKT000729,CUS008757,INS000005,Loan Query,High,Resolved,Email,2025-05-16,5
TKT000730,CUS000583,INS000001,Loan Query,Low,Resolved,Phone,2025-08-26,3
TKT000731,CUS001447,INS000005,Transaction Issue,Medium,Resolved,Mobile App,2025-12-07,3
TKT000732,CUS008376,INS000001,Payment Issue,High,Resolved,Phone,2026-04-20,6
TKT000733,CUS007342,INS000004,Payment Issue,Low,Closed,Email,2026-03-12,3
TKT000734,CUS003850,INS000002,Payment Issue,Low,Resolved,Mobile App,2024-11-20,1
TKT000735,CUS000854,INS000002,Technical Issue,Low,Resolved,Website,2025-06-22,3
TKT000736,CUS002979,INS000002,Payment Issue,Medium,Resolved,Email,2024-12-12,2
TKT000737,CUS003704,INS000003,Account Issue,Medium,Resolved,Mobile App,2025-05-01,7
TKT000738,CUS009462,INS000003,Account Issue,Medium,Closed,Phone,2025-12-17,7
TKT000739,CUS001186,INS000003,Account Issue,Medium,Closed,Email,2025-09-25,1
TKT000740,CUS004665,INS000004,Transaction Issue,Medium,Resolved,Email,2026-03-02,2
TKT000741,CUS007542,INS000002,Transaction Issue,Low,Closed,Mobile App,2026-02-05,2
TKT000742,CUS009800,INS000002,Payment Issue,Medium,Open,Email,2025-06-02,4
TKT000743,CUS006679,INS000004,Payment Issue,High,Closed,Email,2024-11-17,6
TKT000744,CUS007022,INS000005,Payment Issue,High,Resolved,Phone,2026-08-02,2
TKT000745,CUS002160,INS000005,Payment Issue,Medium,Closed,Website,2025-09-04,7
TKT000746,CUS005618,INS000005,Card Issue,Medium,Closed,Mobile App,2024-12-27,7
TKT000747,CUS008104,INS000002,Fraud Report,Medium,Resolved,Website,2025-11-05,5
TKT000748,CUS005710,INS000002,Transaction Issue,High,Resolved,Mobile App,2025-02-13,4
TKT000749,CUS007004,INS000001,Card Issue,Medium,In Progress,Mobile App,2025-03-17,1
TKT000750,CUS006366,INS000004,Payment Issue,High,Closed,Mobile App,2024-11-06,1
TKT000751,CUS005631,INS000001,Transaction Issue,Low,Resolved,Mobile App,2026-01-28,4
TKT000752,CUS006592,INS000005,Transaction Issue,Critical,Resolved,Email,2024-10-20,6
TKT000753,CUS002412,INS000004,Fraud Report,Medium,Open,Phone,2024-11-07,5
TKT000754,CUS004812,INS000005,Fraud Report,Low,Closed,Website,2025-09-27,2
TKT000755,CUS005422,INS000002,Transaction Issue,Medium,Closed,Mobile App,2025-08-23,1
TKT000756,CUS008122,INS000003,Fraud Report,Medium,Closed,Mobile App,2025-06-09,1
TKT000757,CUS004879,INS000002,Technical Issue,Medium,Closed,Website,2024-12-02,4
TKT000758,CUS004007,INS000003,Transaction Issue,Medium,Open,Branch,2024-12-20,5
TKT000759,CUS001591,INS000004,Transaction Issue,Low,Open,Branch,2026-07-31,6
TKT000760,CUS000297,INS000005,Transaction Issue,Low,Resolved,Branch,2025-02-03,2
TKT000761,CUS008320,INS000005,Technical Issue,Medium,Resolved,Email,2025-10-09,1
TKT000762,CUS002782,INS000001,Account Issue,Low,Resolved,Mobile App,2025-03-20,2
TKT000763,CUS000816,INS000004,Transaction Issue,High,In Progress,Branch,2026-01-15,3
TKT000764,CUS004016,INS000002,Fraud Report,Medium,Open,Website,2025-06-11,4
TKT000765,CUS001144,INS000002,Card Issue,Medium,Resolved,Mobile App,2025-11-04,3
TKT000766,CUS005991,INS000001,Fraud Report,Low,In Progress,Phone,2025-07-10,6
TKT000767,CUS008072,INS000001,Payment Issue,High,Resolved,Phone,2026-05-25,4
TKT000768,CUS000719,INS000002,Loan Query,Low,In Progress,Phone,2024-12-10,5
TKT000769,CUS007893,INS000001,Payment Issue,Critical,Resolved,Website,2025-10-08,2
TKT000770,CUS005520,INS000001,Account Issue,High,Closed,Phone,2025-10-15,5
TKT000771,CUS000041,INS000004,Transaction Issue,Low,Resolved,Mobile App,2025-09-07,5
TKT000772,CUS002500,INS000005,Card Issue,High,Closed,Branch,2024-11-09,4
TKT000773,CUS008558,INS000005,Technical Issue,Medium,Resolved,Phone,2025-07-03,1
TKT000774,CUS007275,INS000005,Loan Query,Medium,Closed,Email,2025-12-01,7
TKT000775,CUS005708,INS000005,Transaction Issue,Medium,Open,Mobile App,2025-06-27,7
TKT000776,CUS008903,INS000004,Fraud Report,Low,Closed,Mobile App,2025-12-06,3
TKT000777,CUS004851,INS000003,Payment Issue,Low,Open,Phone,2026-06-09,7
TKT000778,CUS007076,INS000004,Account Issue,Medium,Resolved,Email,2025-05-25,7
TKT000779,CUS001566,INS000001,Transaction Issue,Medium,Resolved,Website,2025-09-25,5
TKT000780,CUS001888,INS000003,Transaction Issue,Low,Open,Mobile App,2026-07-08,3
TKT000781,CUS007883,INS000002,Technical Issue,High,Closed,Phone,2025-07-27,4
TKT000782,CUS009029,INS000003,Loan Query,High,Resolved,Phone,2026-07-08,6
TKT000783,CUS007490,INS000005,Loan Query,Medium,Resolved,Phone,2025-02-22,5
TKT000784,CUS001967,INS000002,Technical Issue,High,Closed,Email,2025-08-12,6
TKT000785,CUS007996,INS000002,Fraud Report,Low,Resolved,Mobile App,2025-02-16,5
TKT000786,CUS008316,INS000003,Transaction Issue,Low,Resolved,Mobile App,2026-04-18,1
TKT000787,CUS003372,INS000002,Loan Query,Medium,Resolved,Phone,2025-08-30,6
TKT000788,CUS002659,INS000005,Payment Issue,Medium,Resolved,Mobile App,2025-02-11,6
TKT000789,CUS007111,INS000001,Account Issue,Low,Resolved,Email,2024-09-06,5
TKT000790,CUS002497,INS000003,Card Issue,Medium,Resolved,Website,2026-01-28,4
TKT000791,CUS004644,INS000003,Payment Issue,Medium,Resolved,Website,2026-06-23,4
TKT000792,CUS009891,INS000004,Card Issue,High,Resolved,Website,2026-08-05,5
TKT000793,CUS007725,INS000002,Transaction Issue,Medium,Resolved,Mobile App,2025-05-19,2
TKT000794,CUS001005,INS000005,Card Issue,High,Resolved,Website,2026-06-21,4
TKT000795,CUS004195,INS000002,Transaction Issue,Medium,Closed,Email,2025-12-16,5
TKT000796,CUS007543,INS000001,Payment Issue,Medium,Closed,Mobile App,2025-05-26,4
TKT000797,CUS000623,INS000004,Payment Issue,Medium,Resolved,Email,2024-09-16,1
TKT000798,CUS000493,INS000004,Account Issue,Low,Closed,Mobile App,2025-01-10,7
TKT000799,CUS006300,INS000002,Payment Issue,Medium,Resolved,Website,2026-04-29,7
TKT000800,CUS004141,INS000001,Transaction Issue,Low,Closed,Mobile App,2025-09-28,2
TKT000801,CUS003855,INS000002,Payment Issue,Medium,Resolved,Phone,2026-06-12,7
TKT000802,CUS001409,INS000003,Payment Issue,Low,Closed,Phone,2025-06-28,3
TKT000803,CUS002276,INS000005,Account Issue,Low,Resolved,Email,2024-09-22,4
TKT000804,CUS003216,INS000004,Card Issue,High,Resolved,Mobile App,2024-09-17,4
TKT000805,CUS001444,INS000003,Account Issue,Low,Resolved,Mobile App,2024-12-22,4
TKT000806,CUS003348,INS000005,Account Issue,Critical,Resolved,Phone,2025-11-06,2
TKT000807,CUS007540,INS000002,Card Issue,High,Closed,Branch,2025-06-16,1
TKT000808,CUS002729,INS000002,Transaction Issue,Low,Closed,Branch,2024-08-19,2
TKT000809,CUS007256,INS000004,Payment Issue,Low,Closed,Phone,2025-01-21,5
TKT000810,CUS004068,INS000005,Transaction Issue,Low,Resolved,Website,2025-01-13,2
TKT000811,CUS002561,INS000005,Fraud Report,High,Open,Website,2025-12-24,5
TKT000812,CUS005634,INS000005,Payment Issue,Low,Resolved,Website,2026-05-12,6
TKT000813,CUS001433,INS000004,Account Issue,Medium,Closed,Branch,2026-01-16,3
TKT000814,CUS009444,INS000005,Payment Issue,Medium,Resolved,Website,2026-07-12,4
TKT000815,CUS003387,INS000003,Account Issue,High,Resolved,Phone,2026-06-20,4
TKT000816,CUS001764,INS000005,Technical Issue,Low,Resolved,Phone,2025-11-20,5
TKT000817,CUS008038,INS000005,Transaction Issue,Medium,In Progress,Website,2026-06-13,1
TKT000818,CUS000777,INS000002,Technical Issue,Low,Resolved,Branch,2025-12-25,3
TKT000819,CUS009253,INS000003,Account Issue,Low,Closed,Email,2026-03-27,5
TKT000820,CUS000655,INS000005,Card Issue,Medium,Closed,Mobile App,2026-06-21,4
TKT000821,CUS005697,INS000002,Fraud Report,Low,Closed,Phone,2026-07-15,6
TKT000822,CUS001927,INS000005,Account Issue,Medium,Resolved,Branch,2025-09-02,7
TKT000823,CUS006346,INS000002,Account Issue,Low,Resolved,Website,2025-09-26,5
TKT000824,CUS008317,INS000004,Loan Query,Medium,Closed,Phone,2025-02-24,4
TKT000825,CUS003397,INS000005,Card Issue,High,Resolved,Branch,2025-10-10,3
TKT000826,CUS009680,INS000003,Transaction Issue,Medium,Resolved,Mobile App,2025-10-24,1
TKT000827,CUS005761,INS000005,Card Issue,Low,Resolved,Website,2026-06-25,1
TKT000828,CUS004278,INS000002,Technical Issue,Critical,Closed,Phone,2026-08-06,4
TKT000829,CUS001064,INS000001,Card Issue,Medium,Open,Branch,2024-08-09,4
TKT000830,CUS009699,INS000005,Card Issue,Low,Closed,Website,2025-12-01,5
TKT000831,CUS001721,INS000004,Loan Query,Low,Resolved,Branch,2026-02-20,6
TKT000832,CUS000798,INS000002,Technical Issue,High,Closed,Mobile App,2026-01-14,6
TKT000833,CUS003525,INS000003,Account Issue,High,Open,Mobile App,2025-11-14,1
TKT000834,CUS005123,INS000001,Technical Issue,Medium,Closed,Mobile App,2025-03-16,3
TKT000835,CUS005773,INS000003,Account Issue,Medium,Closed,Email,2024-10-26,4
TKT000836,CUS006289,INS000002,Card Issue,Low,Closed,Website,2025-03-26,6
TKT000837,CUS005036,INS000001,Payment Issue,Medium,Resolved,Website,2026-03-09,2
TKT000838,CUS002390,INS000002,Transaction Issue,High,Resolved,Mobile App,2026-04-28,2
TKT000839,CUS003631,INS000005,Account Issue,Medium,Resolved,Website,2025-02-21,2
TKT000840,CUS007154,INS000002,Payment Issue,Medium,Resolved,Branch,2024-12-02,6
TKT000841,CUS007957,INS000002,Account Issue,Medium,Closed,Phone,2024-12-10,1
TKT000842,CUS001972,INS000005,Payment Issue,High,Resolved,Mobile App,2026-01-16,1
TKT000843,CUS007336,INS000003,Payment Issue,Low,In Progress,Phone,2026-02-18,6
TKT000844,CUS002465,INS000003,Account Issue,Medium,Resolved,Mobile App,2025-10-27,5
TKT000845,CUS004686,INS000004,Technical Issue,Medium,In Progress,Phone,2024-12-14,2
TKT000846,CUS002949,INS000004,Payment Issue,Critical,Resolved,Website,2025-03-25,7
TKT000847,CUS009070,INS000001,Account Issue,Low,Resolved,Phone,2025-07-24,5
TKT000848,CUS007790,INS000004,Transaction Issue,Medium,Resolved,Mobile App,2025-09-25,3
TKT000849,CUS001889,INS000004,Technical Issue,Medium,Closed,Branch,2025-01-03,5
TKT000850,CUS004250,INS000005,Account Issue,Medium,Closed,Email,2025-11-04,4
TKT000851,CUS000445,INS000005,Fraud Report,Medium,Closed,Mobile App,2025-02-15,5
TKT000852,CUS004982,INS000003,Card Issue,High,Resolved,Mobile App,2026-04-20,4
TKT000853,CUS000642,INS000005,Technical Issue,Low,Resolved,Mobile App,2025-01-28,4
TKT000854,CUS003701,INS000004,Payment Issue,Medium,Open,Phone,2024-10-24,2
TKT000855,CUS007104,INS000002,Card Issue,Low,Resolved,Phone,2026-08-07,3
TKT000856,CUS000310,INS000005,Payment Issue,Medium,Resolved,Mobile App,2025-10-10,6
TKT000857,CUS008086,INS000002,Fraud Report,Medium,Closed,Branch,2024-08-20,7
TKT000858,CUS008088,INS000002,Account Issue,High,Resolved,Mobile App,2025-04-12,4
TKT000859,CUS003984,INS000002,Fraud Report,High,Resolved,Mobile App,2025-04-04,7
TKT000860,CUS001932,INS000005,Fraud Report,Medium,Resolved,Mobile App,2024-11-20,3
TKT000861,CUS003152,INS000003,Payment Issue,Medium,Open,Email,2025-12-30,3
TKT000862,CUS005638,INS000005,Technical Issue,Medium,Resolved,Mobile App,2025-02-28,3
TKT000863,CUS002698,INS000005,Loan Query,Low,Closed,Mobile App,2026-02-20,7
TKT000864,CUS006214,INS000004,Card Issue,Low,Resolved,Mobile App,2025-01-20,7
TKT000865,CUS007577,INS000001,Card Issue,Low,Closed,Branch,2025-07-07,1
TKT000866,CUS007436,INS000001,Technical Issue,Medium,Closed,Branch,2025-11-28,7
TKT000867,CUS001562,INS000002,Payment Issue,Low,Resolved,Website,2025-10-09,6
TKT000868,CUS005876,INS000002,Account Issue,Medium,Closed,Mobile App,2025-11-25,3
TKT000869,CUS000820,INS000004,Transaction Issue,Low,Resolved,Branch,2025-11-20,4
TKT000870,CUS007323,INS000003,Fraud Report,High,Resolved,Phone,2024-10-01,7
TKT000871,CUS002372,INS000005,Technical Issue,Low,Closed,Email,2025-11-14,3
TKT000872,CUS004432,INS000003,Transaction Issue,High,Resolved,Phone,2025-05-13,6
TKT000873,CUS008764,INS000001,Payment Issue,High,Resolved,Phone,2026-02-07,7
TKT000874,CUS003754,INS000001,Account Issue,Medium,Closed,Mobile App,2026-03-21,7
TKT000875,CUS005503,INS000004,Fraud Report,Low,Resolved,Mobile App,2026-07-08,2
TKT000876,CUS006364,INS000002,Fraud Report,Low,Open,Phone,2025-06-11,7
TKT000877,CUS002393,INS000002,Transaction Issue,Medium,In Progress,Mobile App,2025-11-04,2
TKT000878,CUS002164,INS000002,Transaction Issue,Low,Resolved,Website,2025-02-18,4
TKT000879,CUS006306,INS000005,Card Issue,High,Resolved,Phone,2025-03-05,4
TKT000880,CUS005933,INS000001,Payment Issue,High,Resolved,Branch,2025-12-15,4
TKT000881,CUS004354,INS000005,Payment Issue,Medium,In Progress,Branch,2024-09-09,2
TKT000882,CUS004190,INS000005,Card Issue,Medium,Resolved,Phone,2026-03-07,2
TKT000883,CUS009406,INS000004,Payment Issue,High,Closed,Email,2025-03-27,2
TKT000884,CUS000443,INS000003,Transaction Issue,Medium,Resolved,Email,2025-09-21,7
TKT000885,CUS001030,INS000001,Technical Issue,Medium,Closed,Email,2025-08-19,7
TKT000886,CUS000563,INS000005,Transaction Issue,Low,Resolved,Mobile App,2026-01-19,6
TKT000887,CUS006780,INS000004,Payment Issue,Low,In Progress,Branch,2025-04-15,6
TKT000888,CUS007319,INS000002,Payment Issue,High,In Progress,Branch,2026-02-04,6
TKT000889,CUS001482,INS000005,Payment Issue,High,Closed,Mobile App,2026-01-08,4
TKT000890,CUS009364,INS000005,Account Issue,Medium,In Progress,Phone,2025-04-21,2
TKT000891,CUS008656,INS000001,Account Issue,Low,Resolved,Phone,2024-12-19,4
TKT000892,CUS005638,INS000005,Card Issue,Medium,Open,Website,2026-04-14,1
TKT000893,CUS005576,INS000003,Account Issue,Medium,Closed,Website,2024-09-22,2
TKT000894,CUS006408,INS000003,Transaction Issue,Low,Resolved,Branch,2025-12-06,4
TKT000895,CUS004079,INS000003,Loan Query,High,Closed,Mobile App,2024-09-19,4
TKT000896,CUS004910,INS000001,Transaction Issue,Medium,Resolved,Email,2025-02-28,2
TKT000897,CUS001448,INS000005,Fraud Report,Critical,Resolved,Phone,2025-03-27,2
TKT000898,CUS000380,INS000005,Payment Issue,Medium,Closed,Website,2026-07-13,2
TKT000899,CUS006841,INS000004,Transaction Issue,High,Closed,Mobile App,2025-04-08,3
TKT000900,CUS002580,INS000001,Payment Issue,Critical,Resolved,Mobile App,2026-07-05,2
TKT000901,CUS001957,INS000004,Account Issue,High,Resolved,Website,2025-01-05,2
TKT000902,CUS000837,INS000002,Payment Issue,Critical,Resolved,Mobile App,2025-04-19,1
TKT000903,CUS001130,INS000002,Account Issue,Medium,In Progress,Email,2025-05-10,4
TKT000904,CUS002034,INS000004,Account Issue,High,In Progress,Branch,2024-12-15,1
TKT000905,CUS000578,INS000004,Transaction Issue,Medium,Resolved,Phone,2026-07-17,1
TKT000906,CUS002661,INS000003,Fraud Report,Medium,Resolved,Branch,2024-11-29,3
TKT000907,CUS005339,INS000003,Account Issue,High,Closed,Mobile App,2024-12-11,1
TKT000908,CUS006355,INS000001,Transaction Issue,Medium,Resolved,Website,2026-03-02,6
TKT000909,CUS002753,INS000001,Transaction Issue,Low,Closed,Email,2025-04-29,5
TKT000910,CUS007916,INS000005,Card Issue,Medium,Closed,Email,2026-06-20,3
TKT000911,CUS008871,INS000003,Account Issue,Medium,Open,Email,2025-12-26,1
TKT000912,CUS009768,INS000003,Transaction Issue,Low,Resolved,Mobile App,2025-07-14,4
TKT000913,CUS003116,INS000002,Technical Issue,Medium,In Progress,Phone,2024-10-29,2
TKT000914,CUS006618,INS000002,Card Issue,Medium,Resolved,Mobile App,2025-02-04,2
TKT000915,CUS005635,INS000005,Transaction Issue,High,Closed,Mobile App,2025-12-12,5
TKT000916,CUS008645,INS000004,Transaction Issue,Low,Resolved,Website,2025-08-12,5
TKT000917,CUS003371,INS000005,Technical Issue,Low,Closed,Branch,2026-08-04,2
TKT000918,CUS000205,INS000004,Payment Issue,Low,Resolved,Mobile App,2026-01-18,5
TKT000919,CUS008107,INS000003,Payment Issue,Critical,Resolved,Website,2026-06-26,1
TKT000920,CUS007422,INS000003,Loan Query,Medium,Resolved,Mobile App,2025-09-19,2
TKT000921,CUS000328,INS000005,Transaction Issue,High,Closed,Phone,2024-09-06,5
TKT000922,CUS007374,INS000002,Card Issue,Medium,Open,Website,2025-09-18,7
TKT000923,CUS007542,INS000002,Technical Issue,Medium,Closed,Mobile App,2026-07-01,7
TKT000924,CUS009945,INS000004,Transaction Issue,Low,Resolved,Mobile App,2024-10-24,6
TKT000925,CUS000257,INS000001,Payment Issue,Medium,Open,Website,2025-03-03,4
TKT000926,CUS005341,INS000005,Fraud Report,Low,Resolved,Email,2025-09-24,5
TKT000927,CUS003723,INS000002,Transaction Issue,Low,Closed,Email,2025-08-04,5
TKT000928,CUS003157,INS000004,Technical Issue,Medium,In Progress,Branch,2026-08-02,5
TKT000929,CUS004251,INS000003,Transaction Issue,Medium,Closed,Mobile App,2025-04-22,2
TKT000930,CUS001898,INS000002,Card Issue,Medium,In Progress,Website,2024-10-06,2
TKT000931,CUS003561,INS000001,Transaction Issue,Low,Closed,Phone,2024-12-24,5
TKT000932,CUS005978,INS000003,Card Issue,High,Resolved,Phone,2025-07-17,4
TKT000933,CUS001129,INS000004,Payment Issue,Medium,Resolved,Phone,2025-09-11,2
TKT000934,CUS005890,INS000003,Card Issue,Medium,In Progress,Website,2026-02-11,5
TKT000935,CUS009087,INS000001,Loan Query,Medium,Closed,Mobile App,2024-12-12,2
TKT000936,CUS001668,INS000005,Fraud Report,Low,Resolved,Branch,2025-04-18,2
TKT000937,CUS007128,INS000004,Payment Issue,High,Closed,Mobile App,2024-08-28,1
TKT000938,CUS009979,INS000005,Account Issue,High,Resolved,Mobile App,2025-12-24,4
TKT000939,CUS003319,INS000001,Account Issue,High,Resolved,Email,2026-05-19,6
TKT000940,CUS006221,INS000004,Card Issue,Medium,Open,Mobile App,2026-05-14,6
TKT000941,CUS001821,INS000002,Transaction Issue,Critical,Resolved,Email,2026-04-20,6
TKT000942,CUS000605,INS000003,Account Issue,Medium,Resolved,Mobile App,2025-07-02,2
TKT000943,CUS000486,INS000003,Transaction Issue,High,Resolved,Mobile App,2025-09-23,7
TKT000944,CUS000319,INS000002,Card Issue,Low,Resolved,Website,2026-05-12,5
TKT000945,CUS006764,INS000004,Transaction Issue,High,Resolved,Mobile App,2025-10-02,4
TKT000946,CUS004845,INS000003,Fraud Report,Medium,Resolved,Mobile App,2024-11-17,4
TKT000947,CUS006786,INS000001,Payment Issue,Low,Closed,Email,2025-12-06,7
TKT000948,CUS003361,INS000005,Account Issue,Low,Resolved,Phone,2026-02-17,3
TKT000949,CUS001167,INS000005,Technical Issue,Low,Resolved,Mobile App,2025-06-13,2
TKT000950,CUS004641,INS000003,Payment Issue,Low,Closed,Email,2026-01-17,2
TKT000951,CUS009931,INS000004,Technical Issue,Low,Open,Email,2026-07-21,5
TKT000952,CUS008386,INS000002,Card Issue,Low,Open,Mobile App,2025-06-28,1
TKT000953,CUS005552,INS000005,Account Issue,Medium,Closed,Mobile App,2025-10-02,5
TKT000954,CUS007832,INS000002,Card Issue,Low,Resolved,Website,2025-05-01,6
TKT000955,CUS007407,INS000002,Transaction Issue,High,In Progress,Phone,2025-08-08,7
TKT000956,CUS002682,INS000004,Transaction Issue,Low,Resolved,Phone,2025-01-27,2
TKT000957,CUS000196,INS000003,Account Issue,Critical,Open,Email,2025-09-11,6
TKT000958,CUS002423,INS000003,Payment Issue,Medium,Resolved,Website,2026-02-06,6
TKT000959,CUS002603,INS000005,Payment Issue,Medium,Closed,Website,2025-04-28,3
TKT000960,CUS003744,INS000001,Account Issue,Low,In Progress,Mobile App,2024-10-27,6
TKT000961,CUS003319,INS000001,Account Issue,Low,Resolved,Website,2025-01-28,4
TKT000962,CUS004710,INS000001,Payment Issue,Low,Open,Phone,2025-05-07,4
TKT000963,CUS007615,INS000005,Payment Issue,Critical,Resolved,Email,2026-03-19,3
TKT000964,CUS001881,INS000003,Loan Query,Medium,Open,Mobile App,2026-01-21,2
TKT000965,CUS004361,INS000004,Card Issue,Low,Resolved,Mobile App,2026-03-21,5
TKT000966,CUS008789,INS000001,Technical Issue,Medium,In Progress,Email,2025-10-18,7
TKT000967,CUS004061,INS000004,Transaction Issue,Low,Resolved,Phone,2026-03-10,7
TKT000968,CUS000782,INS000001,Payment Issue,Medium,Open,Email,2025-08-11,5
TKT000969,CUS003498,INS000005,Account Issue,Low,Resolved,Website,2025-06-11,6
TKT000970,CUS002255,INS000002,Payment Issue,Low,Open,Website,2025-10-16,7
TKT000971,CUS008545,INS000001,Transaction Issue,Medium,Resolved,Mobile App,2024-08-12,1
TKT000972,CUS008669,INS000003,Fraud Report,High,Resolved,Email,2026-05-29,6
TKT000973,CUS003607,INS000002,Payment Issue,Low,Closed,Email,2025-11-25,3
TKT000974,CUS006080,INS000003,Account Issue,Low,Closed,Email,2025-06-14,7
TKT000975,CUS001962,INS000003,Fraud Report,Medium,Resolved,Website,2026-05-19,2
TKT000976,CUS002534,INS000004,Technical Issue,Medium,Resolved,Mobile App,2024-12-26,6
TKT000977,CUS002884,INS000001,Payment Issue,Medium,Closed,Website,2025-05-14,1
TKT000978,CUS006187,INS000001,Fraud Report,Critical,Resolved,Phone,2025-04-11,4
TKT000979,CUS008151,INS000003,Loan Query,Medium,Resolved,Phone,2025-12-12,1
TKT000980,CUS003151,INS000001,Card Issue,Low,Open,Phone,2025-05-11,1
TKT000981,CUS005261,INS000005,Loan Query,Medium,Resolved,Email,2025-03-02,3
TKT000982,CUS003275,INS000005,Loan Query,Low,Resolved,Email,2026-03-27,2
TKT000983,CUS006610,INS000002,Payment Issue,Medium,Closed,Mobile App,2026-03-25,2
TKT000984,CUS005842,INS000001,Card Issue,High,Resolved,Website,2025-11-07,2
TKT000985,CUS006680,INS000004,Payment Issue,Medium,Resolved,Website,2025-08-03,1
TKT000986,CUS003695,INS000002,Transaction Issue,Low,Resolved,Phone,2026-02-07,7
TKT000987,CUS005047,INS000004,Fraud Report,Low,Resolved,Mobile App,2024-09-26,1
TKT000988,CUS005674,INS000001,Account Issue,Low,Resolved,Website,2025-01-01,7
TKT000989,CUS009617,INS000001,Payment Issue,Low,Resolved,Mobile App,2024-11-20,7
TKT000990,CUS008686,INS000003,Payment Issue,Medium,In Progress,Mobile App,2024-12-06,7
TKT000991,CUS004147,INS000001,Payment Issue,High,Resolved,Mobile App,2026-02-11,2
TKT000992,CUS006393,INS000004,Account Issue,Low,Resolved,Mobile App,2024-12-19,3
TKT000993,CUS002067,INS000001,Fraud Report,Medium,Resolved,Mobile App,2024-08-18,6
TKT000994,CUS007619,INS000002,Payment Issue,Low,Closed,Branch,2026-02-13,2
TKT000995,CUS000852,INS000005,Technical Issue,Medium,Closed,Email,2025-11-18,5
TKT000996,CUS004670,INS000001,Payment Issue,High,Resolved,Phone,2024-11-03,7
TKT000997,CUS007175,INS000005,Card Issue,Low,Resolved,Phone,2026-02-07,3
TKT000998,CUS008381,INS000003,Card Issue,Low,Resolved,Phone,2026-01-09,5
TKT000999,CUS003489,INS000001,Account Issue,Low,Closed,Phone,2025-02-10,6
TKT001000,CUS009319,INS000004,Payment Issue,Medium,Closed,Email,2026-04-06,4
TKT001001,CUS006819,INS000003,Fraud Report,High,Resolved,Website,2024-12-27,1
TKT001002,CUS000233,INS000004,Account Issue,Medium,Resolved,Mobile App,2025-07-26,2
TKT001003,CUS006308,INS000002,Payment Issue,Low,Resolved,Mobile App,2025-09-02,1
TKT001004,CUS002053,INS000001,Card Issue,High,Closed,Mobile App,2026-03-17,4
TKT001005,CUS006701,INS000003,Payment Issue,Medium,Resolved,Phone,2025-09-28,7
TKT001006,CUS003969,INS000003,Account Issue,High,Resolved,Mobile App,2024-09-09,2
TKT001007,CUS006064,INS000005,Payment Issue,Critical,Resolved,Mobile App,2026-08-03,2
TKT001008,CUS005760,INS000001,Loan Query,Low,Resolved,Branch,2026-06-10,6
TKT001009,CUS000934,INS000003,Technical Issue,Low,In Progress,Phone,2025-01-31,5
TKT001010,CUS003899,INS000004,Loan Query,High,Resolved,Mobile App,2025-02-14,1
TKT001011,CUS003921,INS000001,Transaction Issue,Low,Resolved,Email,2025-01-16,5
TKT001012,CUS002195,INS000004,Account Issue,Medium,Closed,Mobile App,2026-02-15,7
TKT001013,CUS005439,INS000002,Loan Query,Medium,Resolved,Phone,2025-06-03,5
TKT001014,CUS004823,INS000002,Transaction Issue,Low,In Progress,Mobile App,2026-03-05,5
TKT001015,CUS004900,INS000002,Transaction Issue,Low,Resolved,Email,2026-07-20,5
TKT001016,CUS008196,INS000004,Transaction Issue,Low,In Progress,Website,2026-07-07,1
TKT001017,CUS007772,INS000002,Card Issue,Medium,Resolved,Website,2026-04-30,3
TKT001018,CUS004892,INS000004,Account Issue,Medium,Resolved,Phone,2025-10-23,2
TKT001019,CUS006387,INS000005,Card Issue,Low,Resolved,Email,2024-10-26,6
TKT001020,CUS008443,INS000002,Technical Issue,Medium,Resolved,Mobile App,2025-03-13,4
TKT001021,CUS001631,INS000002,Transaction Issue,High,Resolved,Phone,2025-06-19,5
TKT001022,CUS005348,INS000004,Fraud Report,Medium,Closed,Mobile App,2025-03-26,5
TKT001023,CUS004572,INS000001,Payment Issue,Medium,Resolved,Phone,2025-08-14,2
TKT001024,CUS003226,INS000003,Transaction Issue,Low,Closed,Mobile App,2025-07-14,6
TKT001025,CUS003924,INS000001,Fraud Report,Low,Closed,Mobile App,2026-03-23,7
TKT001026,CUS000940,INS000001,Fraud Report,Low,In Progress,Mobile App,2025-01-11,5
TKT001027,CUS000654,INS000005,Transaction Issue,Low,Closed,Mobile App,2025-09-28,7
TKT001028,CUS009462,INS000003,Card Issue,Medium,Closed,Website,2025-11-01,6
TKT001029,CUS005317,INS000004,Loan Query,Low,Resolved,Phone,2026-02-04,3
TKT001030,CUS000256,INS000003,Fraud Report,Medium,Closed,Mobile App,2026-04-27,2
TKT001031,CUS003531,INS000004,Loan Query,Medium,Closed,Email,2025-03-19,7
TKT001032,CUS000632,INS000001,Account Issue,Medium,In Progress,Email,2025-07-17,3
TKT001033,CUS000766,INS000004,Account Issue,High,Closed,Website,2026-01-19,4
TKT001034,CUS005770,INS000004,Payment Issue,Low,Closed,Phone,2025-08-29,5
TKT001035,CUS007888,INS000001,Transaction Issue,Low,Closed,Mobile App,2026-07-14,4
TKT001036,CUS006283,INS000003,Fraud Report,Low,Closed,Phone,2025-07-11,6
TKT001037,CUS006802,INS000001,Account Issue,Medium,Resolved,Email,2025-07-15,3
TKT001038,CUS003367,INS000001,Card Issue,Low,Closed,Mobile App,2026-06-26,3
TKT001039,CUS004910,INS000001,Technical Issue,Medium,Resolved,Mobile App,2025-06-17,3
TKT001040,CUS002290,INS000003,Account Issue,Low,Open,Email,2025-12-19,3
TKT001041,CUS000474,INS000005,Payment Issue,Medium,In Progress,Mobile App,2026-02-16,2
TKT001042,CUS006689,INS000001,Payment Issue,Medium,Closed,Website,2025-07-15,3
TKT001043,CUS008425,INS000003,Payment Issue,Low,Resolved,Website,2026-05-29,3
TKT001044,CUS002513,INS000001,Technical Issue,Low,Closed,Email,2025-09-25,3
TKT001045,CUS003310,INS000004,Transaction Issue,Low,Closed,Branch,2026-04-25,6
TKT001046,CUS005075,INS000001,Account Issue,Low,Resolved,Phone,2026-05-13,7
TKT001047,CUS000656,INS000001,Payment Issue,High,Open,Website,2024-12-03,6
TKT001048,CUS000310,INS000005,Payment Issue,Medium,In Progress,Email,2025-05-31,1
TKT001049,CUS000043,INS000004,Transaction Issue,Medium,Resolved,Phone,2026-05-24,5
TKT001050,CUS003542,INS000002,Account Issue,Medium,Resolved,Email,2024-12-25,6
TKT001051,CUS007550,INS000005,Payment Issue,Critical,Open,Email,2026-02-17,7
TKT001052,CUS006664,INS000001,Technical Issue,High,Closed,Mobile App,2025-03-28,3
TKT001053,CUS009855,INS000004,Loan Query,Critical,Resolved,Email,2024-10-06,4
TKT001054,CUS002333,INS000004,Transaction Issue,Low,Resolved,Mobile App,2025-02-07,3
TKT001055,CUS003206,INS000001,Transaction Issue,Medium,Closed,Mobile App,2025-05-16,2
TKT001056,CUS009022,INS000003,Technical Issue,Medium,Resolved,Email,2025-09-27,5
TKT001057,CUS008902,INS000001,Transaction Issue,Medium,Resolved,Phone,2026-05-22,1
TKT001058,CUS009460,INS000002,Account Issue,Medium,Open,Mobile App,2026-08-06,5
TKT001059,CUS006398,INS000002,Technical Issue,High,Closed,Website,2026-05-07,7
TKT001060,CUS001291,INS000002,Payment Issue,Medium,Resolved,Phone,2026-08-02,6
TKT001061,CUS005384,INS000004,Fraud Report,Low,Resolved,Website,2026-05-25,1
TKT001062,CUS007673,INS000005,Card Issue,Medium,Resolved,Phone,2024-10-22,1
TKT001063,CUS009057,INS000005,Payment Issue,Medium,Resolved,Email,2026-03-11,6
TKT001064,CUS008101,INS000002,Payment Issue,Medium,Resolved,Mobile App,2024-08-07,1
TKT001065,CUS005258,INS000003,Fraud Report,Low,In Progress,Phone,2025-10-30,2
TKT001066,CUS006731,INS000003,Account Issue,Low,Resolved,Phone,2025-07-30,3
TKT001067,CUS000908,INS000003,Transaction Issue,Low,In Progress,Branch,2025-11-08,4
TKT001068,CUS009660,INS000004,Payment Issue,High,Closed,Branch,2025-02-13,3
TKT001069,CUS007570,INS000004,Payment Issue,Medium,Closed,Mobile App,2025-01-17,7
TKT001070,CUS001305,INS000003,Payment Issue,Low,Open,Website,2025-05-04,7
TKT001071,CUS007935,INS000002,Card Issue,Medium,Closed,Phone,2025-03-24,5
TKT001072,CUS005090,INS000004,Payment Issue,High,Resolved,Phone,2024-12-07,5
TKT001073,CUS001928,INS000003,Loan Query,Medium,Resolved,Phone,2025-03-11,7
TKT001074,CUS001445,INS000002,Fraud Report,Medium,Resolved,Phone,2024-11-27,3
TKT001075,CUS004502,INS000005,Payment Issue,Medium,Closed,Website,2025-06-11,6
TKT001076,CUS003692,INS000004,Transaction Issue,Low,Resolved,Phone,2025-01-06,3
TKT001077,CUS003329,INS000005,Transaction Issue,Medium,Closed,Email,2026-07-01,2
TKT001078,CUS006554,INS000004,Payment Issue,Low,Resolved,Mobile App,2025-12-24,6
TKT001079,CUS008542,INS000003,Transaction Issue,Low,Resolved,Mobile App,2025-12-19,4
TKT001080,CUS007000,INS000004,Card Issue,Low,Closed,Website,2024-10-25,7
TKT001081,CUS006048,INS000002,Card Issue,Low,Resolved,Phone,2025-10-25,2
TKT001082,CUS000015,INS000004,Account Issue,Medium,Resolved,Phone,2025-03-19,6
TKT001083,CUS008337,INS000002,Fraud Report,High,Closed,Mobile App,2026-08-04,5
TKT001084,CUS008203,INS000001,Payment Issue,Critical,Resolved,Branch,2025-07-25,7
TKT001085,CUS009498,INS000004,Payment Issue,Critical,Resolved,Website,2025-12-28,5
TKT001086,CUS008172,INS000005,Payment Issue,Medium,Closed,Phone,2025-10-05,7
TKT001087,CUS005354,INS000001,Technical Issue,Medium,Closed,Mobile App,2025-12-17,3
TKT001088,CUS009320,INS000002,Technical Issue,Low,Resolved,Email,2024-09-03,4
TKT001089,CUS005653,INS000003,Account Issue,Medium,Resolved,Website,2025-05-07,1
TKT001090,CUS000952,INS000003,Loan Query,High,Open,Mobile App,2025-02-13,6
TKT001091,CUS009173,INS000003,Loan Query,Low,Closed,Email,2026-01-01,5
TKT001092,CUS009142,INS000001,Payment Issue,Medium,Resolved,Mobile App,2024-08-20,6
TKT001093,CUS007963,INS000005,Transaction Issue,High,Open,Mobile App,2026-04-21,6
TKT001094,CUS000760,INS000002,Transaction Issue,High,Resolved,Email,2026-03-12,2
TKT001095,CUS008299,INS000001,Account Issue,High,In Progress,Branch,2025-05-30,1
TKT001096,CUS005275,INS000002,Loan Query,Low,Closed,Website,2025-02-23,3
TKT001097,CUS008335,INS000004,Transaction Issue,Critical,Closed,Mobile App,2024-08-26,6
TKT001098,CUS000559,INS000001,Account Issue,Medium,Resolved,Email,2025-02-09,3
TKT001099,CUS002027,INS000001,Transaction Issue,Medium,Open,Mobile App,2025-04-04,2
TKT001100,CUS001454,INS000003,Card Issue,High,Resolved,Phone,2026-08-07,1
TKT001101,CUS001347,INS000002,Card Issue,Low,Closed,Mobile App,2024-11-05,4
TKT001102,CUS003630,INS000001,Loan Query,Medium,Closed,Website,2024-09-13,4
TKT001103,CUS008025,INS000004,Transaction Issue,Medium,Resolved,Mobile App,2026-05-21,6
TKT001104,CUS002438,INS000005,Account Issue,Medium,Resolved,Phone,2025-10-03,1
TKT001105,CUS007834,INS000004,Transaction Issue,Low,Open,Mobile App,2026-05-18,7
TKT001106,CUS002687,INS000005,Account Issue,High,Closed,Email,2025-03-05,6
TKT001107,CUS000972,INS000005,Transaction Issue,Medium,Resolved,Branch,2024-12-16,6
TKT001108,CUS009494,INS000003,Card Issue,Medium,Closed,Phone,2026-01-31,6
TKT001109,CUS002970,INS000002,Payment Issue,Medium,Closed,Website,2026-08-07,2
TKT001110,CUS002851,INS000003,Fraud Report,Medium,Open,Website,2024-10-19,5
TKT001111,CUS004868,INS000003,Card Issue,Low,Closed,Phone,2026-06-05,2
TKT001112,CUS004788,INS000002,Loan Query,Medium,Open,Phone,2025-03-01,7
TKT001113,CUS007476,INS000002,Card Issue,Medium,Resolved,Phone,2025-10-17,3
TKT001114,CUS001693,INS000001,Account Issue,Medium,Resolved,Mobile App,2025-01-25,6
TKT001115,CUS005002,INS000005,Fraud Report,Medium,Resolved,Website,2025-08-05,1
TKT001116,CUS000207,INS000005,Account Issue,Medium,Closed,Phone,2025-03-19,4
TKT001117,CUS006914,INS000003,Account Issue,Low,Open,Email,2025-02-26,6
TKT001118,CUS008799,INS000003,Card Issue,Low,In Progress,Mobile App,2026-07-19,6
TKT001119,CUS004334,INS000002,Payment Issue,Critical,In Progress,Phone,2026-03-31,3
TKT001120,CUS007879,INS000001,Account Issue,Low,In Progress,Phone,2024-11-24,7
TKT001121,CUS004117,INS000002,Account Issue,Medium,Closed,Phone,2025-04-08,1
TKT001122,CUS001194,INS000002,Loan Query,Medium,Closed,Website,2026-07-09,1
TKT001123,CUS007994,INS000001,Payment Issue,Critical,Open,Phone,2026-04-28,1
TKT001124,CUS003798,INS000003,Account Issue,High,Resolved,Mobile App,2025-05-18,7
TKT001125,CUS004683,INS000001,Loan Query,Critical,Open,Mobile App,2025-01-21,5
TKT001126,CUS004127,INS000005,Transaction Issue,Medium,Resolved,Email,2025-02-11,6
TKT001127,CUS009458,INS000002,Technical Issue,Medium,Resolved,Website,2024-09-21,1
TKT001128,CUS005800,INS000001,Account Issue,Low,Closed,Mobile App,2025-12-14,3
TKT001129,CUS002499,INS000003,Card Issue,High,Open,Email,2026-01-26,2
TKT001130,CUS009710,INS000002,Card Issue,Low,Resolved,Website,2024-10-16,7
TKT001131,CUS000464,INS000002,Fraud Report,High,Resolved,Phone,2025-11-05,2
TKT001132,CUS008891,INS000004,Loan Query,Low,Resolved,Phone,2025-11-14,3
TKT001133,CUS004684,INS000004,Payment Issue,Medium,Closed,Phone,2026-03-30,3
TKT001134,CUS002997,INS000005,Account Issue,Low,Closed,Mobile App,2025-11-15,4
TKT001135,CUS009994,INS000004,Transaction Issue,High,Closed,Email,2024-08-30,7
TKT001136,CUS009345,INS000001,Payment Issue,Medium,Resolved,Phone,2026-05-30,2
TKT001137,CUS005377,INS000001,Payment Issue,Medium,Closed,Email,2025-02-21,5
TKT001138,CUS007103,INS000002,Account Issue,Low,Closed,Website,2025-07-24,2
TKT001139,CUS006780,INS000004,Technical Issue,Medium,Resolved,Branch,2024-11-08,1
TKT001140,CUS000913,INS000003,Transaction Issue,Low,Resolved,Website,2025-10-25,7
TKT001141,CUS001413,INS000004,Payment Issue,Medium,In Progress,Branch,2026-01-20,3
TKT001142,CUS006039,INS000002,Account Issue,Low,Open,Mobile App,2025-10-28,4
TKT001143,CUS006704,INS000003,Account Issue,Low,Closed,Mobile App,2024-11-16,7
TKT001144,CUS002822,INS000001,Loan Query,High,Resolved,Phone,2024-11-27,1
TKT001145,CUS005601,INS000004,Card Issue,High,Resolved,Mobile App,2026-02-13,1
TKT001146,CUS002727,INS000001,Technical Issue,Medium,Resolved,Email,2025-03-26,4
TKT001147,CUS008341,INS000002,Payment Issue,Low,Resolved,Website,2024-09-07,3
TKT001148,CUS003580,INS000003,Payment Issue,Low,Resolved,Mobile App,2026-07-29,3
TKT001149,CUS000774,INS000002,Account Issue,Medium,Resolved,Mobile App,2024-08-07,5
TKT001150,CUS004885,INS000004,Loan Query,High,Resolved,Mobile App,2025-04-20,2
TKT001151,CUS006466,INS000005,Transaction Issue,High,Resolved,Mobile App,2025-08-25,7
TKT001152,CUS002318,INS000004,Fraud Report,Medium,Resolved,Email,2025-05-27,2
TKT001153,CUS006333,INS000002,Loan Query,Low,Resolved,Email,2025-06-07,1
TKT001154,CUS005117,INS000005,Transaction Issue,Medium,In Progress,Website,2026-04-10,7
TKT001155,CUS001425,INS000003,Account Issue,Low,Resolved,Mobile App,2025-02-04,1
TKT001156,CUS005642,INS000004,Account Issue,Medium,Closed,Mobile App,2025-02-15,7
TKT001157,CUS003663,INS000004,Loan Query,Low,Open,Mobile App,2026-04-16,7
TKT001158,CUS007574,INS000005,Transaction Issue,Medium,Resolved,Branch,2025-02-05,7
TKT001159,CUS001103,INS000001,Account Issue,Low,Closed,Mobile App,2025-11-04,4
TKT001160,CUS007163,INS000004,Payment Issue,Medium,Resolved,Website,2025-02-11,6
TKT001161,CUS000482,INS000004,Transaction Issue,Low,Resolved,Phone,2026-06-10,6
TKT001162,CUS008663,INS000002,Payment Issue,Medium,Resolved,Mobile App,2025-12-30,2
TKT001163,CUS009484,INS000004,Technical Issue,Low,Resolved,Mobile App,2025-10-31,2
TKT001164,CUS007918,INS000004,Fraud Report,Low,In Progress,Email,2026-05-12,6
TKT001165,CUS005361,INS000003,Card Issue,Medium,Closed,Mobile App,2026-03-12,3
TKT001166,CUS000053,INS000004,Payment Issue,Low,Resolved,Branch,2025-02-02,3
TKT001167,CUS006828,INS000002,Payment Issue,High,Resolved,Mobile App,2026-06-19,3
TKT001168,CUS005167,INS000002,Transaction Issue,Low,Closed,Website,2026-06-24,3
TKT001169,CUS005748,INS000005,Transaction Issue,Low,Resolved,Mobile App,2026-01-30,4
TKT001170,CUS002888,INS000001,Payment Issue,Medium,Resolved,Mobile App,2025-11-05,5
TKT001171,CUS004919,INS000003,Account Issue,Low,Resolved,Mobile App,2025-09-15,2
TKT001172,CUS002125,INS000003,Account Issue,Medium,Resolved,Branch,2025-06-26,3
TKT001173,CUS006199,INS000002,Transaction Issue,Low,In Progress,Mobile App,2025-09-23,5
TKT001174,CUS004936,INS000001,Payment Issue,Medium,Resolved,Email,2025-12-12,3
TKT001175,CUS009399,INS000005,Technical Issue,Low,Closed,Mobile App,2026-03-30,7
TKT001176,CUS004177,INS000002,Technical Issue,Low,Resolved,Mobile App,2026-01-01,7
TKT001177,CUS009865,INS000003,Card Issue,Medium,Open,Mobile App,2025-04-29,3
TKT001178,CUS009450,INS000001,Loan Query,Medium,Resolved,Website,2024-09-17,5
TKT001179,CUS000378,INS000002,Transaction Issue,Medium,Resolved,Branch,2026-03-26,5
TKT001180,CUS005841,INS000005,Technical Issue,Medium,Closed,Phone,2025-07-20,6
TKT001181,CUS005047,INS000004,Transaction Issue,Medium,Resolved,Email,2024-11-20,5
TKT001182,CUS009661,INS000003,Payment Issue,High,Resolved,Phone,2026-07-31,5
TKT001183,CUS006028,INS000001,Payment Issue,High,Open,Branch,2025-08-23,5
TKT001184,CUS008593,INS000002,Payment Issue,Low,Closed,Branch,2024-11-01,1
TKT001185,CUS008197,INS000002,Loan Query,High,Open,Branch,2026-04-20,7
TKT001186,CUS004907,INS000001,Card Issue,Medium,Resolved,Mobile App,2025-07-04,2
TKT001187,CUS005080,INS000005,Account Issue,Low,Resolved,Website,2025-05-11,3
TKT001188,CUS006314,INS000003,Transaction Issue,Medium,Closed,Email,2025-06-23,4
TKT001189,CUS009245,INS000002,Technical Issue,Medium,Resolved,Website,2026-01-21,2
TKT001190,CUS005449,INS000002,Technical Issue,High,Resolved,Phone,2024-12-04,5
TKT001191,CUS001750,INS000005,Card Issue,High,Resolved,Mobile App,2024-12-11,7
TKT001192,CUS000161,INS000003,Payment Issue,Critical,Resolved,Phone,2025-05-25,1
TKT001193,CUS007914,INS000003,Account Issue,High,In Progress,Website,2026-06-09,2
TKT001194,CUS006163,INS000005,Account Issue,Medium,Resolved,Branch,2025-09-10,6
TKT001195,CUS006116,INS000005,Technical Issue,Medium,Resolved,Phone,2025-10-09,6
TKT001196,CUS006061,INS000003,Payment Issue,Low,Closed,Phone,2024-08-17,6
TKT001197,CUS007373,INS000001,Transaction Issue,Medium,Resolved,Email,2025-07-09,7
TKT001198,CUS008061,INS000002,Loan Query,Medium,Closed,Website,2025-09-19,1
TKT001199,CUS003295,INS000005,Transaction Issue,Low,Resolved,Phone,2026-03-30,3
TKT001200,CUS002958,INS000002,Loan Query,Medium,Open,Mobile App,2025-08-08,2
TKT001201,CUS005346,INS000003,Transaction Issue,High,Resolved,Website,2025-02-10,2
TKT001202,CUS008274,INS000005,Payment Issue,Critical,Closed,Website,2025-06-27,7
TKT001203,CUS006386,INS000002,Transaction Issue,Medium,Resolved,Website,2025-05-21,3
TKT001204,CUS002322,INS000005,Payment Issue,Medium,In Progress,Mobile App,2025-12-09,3
TKT001205,CUS006205,INS000002,Account Issue,Critical,Open,Branch,2025-05-15,4
TKT001206,CUS008963,INS000004,Technical Issue,Medium,Resolved,Branch,2024-09-22,5
TKT001207,CUS002714,INS000002,Account Issue,Low,Closed,Mobile App,2024-09-17,5
TKT001208,CUS003218,INS000001,Payment Issue,Low,Closed,Website,2025-10-15,5
TKT001209,CUS006423,INS000003,Loan Query,Low,Open,Branch,2025-08-30,2
TKT001210,CUS005248,INS000003,Card Issue,Low,Resolved,Mobile App,2025-10-27,7
TKT001211,CUS000027,INS000003,Loan Query,Medium,Resolved,Website,2024-11-27,3
TKT001212,CUS001926,INS000005,Technical Issue,Critical,Resolved,Mobile App,2026-05-27,3
TKT001213,CUS007092,INS000002,Transaction Issue,Medium,Open,Phone,2025-11-29,5
TKT001214,CUS003560,INS000003,Transaction Issue,Low,Resolved,Website,2025-05-27,3
TKT001215,CUS008289,INS000004,Transaction Issue,Medium,In Progress,Branch,2025-03-10,5
TKT001216,CUS001946,INS000001,Payment Issue,Low,Closed,Branch,2026-01-16,5
TKT001217,CUS006825,INS000005,Card Issue,High,Open,Mobile App,2025-04-22,1
TKT001218,CUS003586,INS000004,Payment Issue,Medium,Closed,Phone,2025-03-30,3
TKT001219,CUS001379,INS000001,Technical Issue,Low,Resolved,Phone,2026-06-15,3
TKT001220,CUS007049,INS000002,Payment Issue,Medium,Closed,Mobile App,2024-10-27,7
TKT001221,CUS006643,INS000001,Loan Query,Medium,Open,Branch,2024-08-08,2
TKT001222,CUS002325,INS000002,Technical Issue,Medium,Resolved,Website,2024-10-30,6
TKT001223,CUS003399,INS000001,Payment Issue,Low,Resolved,Website,2025-09-09,7
TKT001224,CUS005496,INS000003,Card Issue,High,Open,Phone,2026-03-15,2
TKT001225,CUS002723,INS000005,Fraud Report,Low,Closed,Email,2026-05-07,2
TKT001226,CUS000047,INS000002,Fraud Report,High,Resolved,Mobile App,2025-06-10,6
TKT001227,CUS003719,INS000005,Fraud Report,High,Closed,Mobile App,2025-11-17,3
TKT001228,CUS003835,INS000005,Fraud Report,Low,Open,Phone,2025-12-27,2
TKT001229,CUS009879,INS000005,Account Issue,Medium,Closed,Website,2025-03-23,4
TKT001230,CUS001215,INS000001,Transaction Issue,Medium,Resolved,Branch,2024-11-20,2
TKT001231,CUS004091,INS000004,Payment Issue,High,Resolved,Phone,2024-09-02,4
TKT001232,CUS000287,INS000004,Technical Issue,Medium,Closed,Website,2025-06-22,7
TKT001233,CUS009054,INS000004,Payment Issue,Medium,Resolved,Email,2025-03-30,7
TKT001234,CUS006373,INS000001,Card Issue,High,Resolved,Website,2025-07-12,6
TKT001235,CUS004154,INS000002,Technical Issue,Medium,Resolved,Mobile App,2026-06-22,1
TKT001236,CUS000337,INS000001,Account Issue,Low,Closed,Mobile App,2026-02-02,1
TKT001237,CUS009424,INS000001,Card Issue,High,Resolved,Phone,2025-12-08,1
TKT001238,CUS007792,INS000005,Card Issue,Low,In Progress,Website,2024-12-07,7
TKT001239,CUS004166,INS000001,Card Issue,Medium,Resolved,Mobile App,2025-08-11,1
TKT001240,CUS001051,INS000004,Payment Issue,Medium,In Progress,Phone,2026-06-07,4
TKT001241,CUS003714,INS000003,Fraud Report,Low,In Progress,Email,2026-05-15,6
TKT001242,CUS005649,INS000003,Loan Query,Low,Open,Mobile App,2025-08-07,6
TKT001243,CUS007601,INS000005,Card Issue,Medium,Open,Mobile App,2025-05-11,2
TKT001244,CUS005664,INS000005,Technical Issue,Medium,Resolved,Mobile App,2025-06-28,3
TKT001245,CUS008068,INS000004,Card Issue,High,Resolved,Mobile App,2026-02-03,2
TKT001246,CUS006846,INS000001,Card Issue,Medium,Resolved,Email,2025-06-04,2
TKT001247,CUS006926,INS000001,Fraud Report,Medium,Resolved,Mobile App,2025-02-27,6
TKT001248,CUS007795,INS000002,Technical Issue,Medium,Open,Phone,2024-08-17,2
TKT001249,CUS000995,INS000005,Technical Issue,High,Resolved,Email,2024-08-17,6
TKT001250,CUS006063,INS000005,Account Issue,Medium,Closed,Phone,2025-08-13,7
TKT001251,CUS007248,INS000002,Account Issue,Medium,Open,Email,2025-11-03,4
TKT001252,CUS007227,INS000001,Technical Issue,Medium,Resolved,Email,2026-07-27,2
TKT001253,CUS001190,INS000004,Transaction Issue,Low,Open,Mobile App,2026-02-10,2
TKT001254,CUS006079,INS000002,Payment Issue,Medium,Closed,Branch,2024-10-08,1
TKT001255,CUS006545,INS000001,Account Issue,Low,Resolved,Website,2024-09-29,1
TKT001256,CUS002050,INS000002,Transaction Issue,Low,Open,Mobile App,2024-12-18,6
TKT001257,CUS000029,INS000004,Payment Issue,Medium,Closed,Email,2025-03-22,2
TKT001258,CUS007552,INS000004,Fraud Report,High,Resolved,Mobile App,2026-05-18,6
TKT001259,CUS003677,INS000002,Transaction Issue,Medium,Closed,Mobile App,2025-01-09,5
TKT001260,CUS009852,INS000001,Card Issue,High,Resolved,Email,2024-12-08,2
TKT001261,CUS005016,INS000003,Card Issue,Medium,Resolved,Branch,2024-08-28,3
TKT001262,CUS008824,INS000001,Transaction Issue,Low,Open,Website,2025-11-18,7
TKT001263,CUS001455,INS000001,Card Issue,Medium,Resolved,Branch,2025-02-04,7
TKT001264,CUS001281,INS000001,Payment Issue,High,In Progress,Mobile App,2024-12-30,4
TKT001265,CUS005505,INS000005,Fraud Report,Low,Closed,Website,2024-08-16,5
TKT001266,CUS008096,INS000001,Payment Issue,Low,Resolved,Branch,2024-12-18,5
TKT001267,CUS001835,INS000001,Technical Issue,Low,Closed,Phone,2024-12-02,7
TKT001268,CUS001742,INS000001,Fraud Report,Medium,Closed,Branch,2025-04-10,3
TKT001269,CUS006866,INS000004,Account Issue,Medium,Resolved,Email,2026-03-27,1
TKT001270,CUS004630,INS000003,Fraud Report,Medium,Closed,Mobile App,2025-06-14,7
TKT001271,CUS005596,INS000004,Technical Issue,Medium,Resolved,Mobile App,2025-10-23,4
TKT001272,CUS004943,INS000001,Payment Issue,Low,Closed,Mobile App,2026-07-12,4
TKT001273,CUS004352,INS000002,Transaction Issue,Low,Resolved,Mobile App,2025-01-13,7
TKT001274,CUS008101,INS000002,Transaction Issue,Low,Resolved,Branch,2026-01-05,1
TKT001275,CUS001853,INS000001,Account Issue,Low,Resolved,Website,2025-05-21,5
TKT001276,CUS000867,INS000004,Transaction Issue,Low,Closed,Mobile App,2025-08-21,5
TKT001277,CUS006258,INS000003,Transaction Issue,High,Resolved,Mobile App,2025-04-23,3
TKT001278,CUS003101,INS000003,Transaction Issue,Low,Resolved,Phone,2025-05-18,7
TKT001279,CUS002545,INS000004,Payment Issue,Medium,Closed,Mobile App,2025-04-22,4
TKT001280,CUS000450,INS000002,Transaction Issue,Critical,Resolved,Mobile App,2025-01-10,3
TKT001281,CUS003744,INS000001,Card Issue,Low,Resolved,Mobile App,2024-08-19,2
TKT001282,CUS004301,INS000003,Account Issue,Low,Resolved,Website,2025-10-05,7
TKT001283,CUS008749,INS000004,Payment Issue,Medium,Closed,Mobile App,2025-11-20,6
TKT001284,CUS005149,INS000003,Payment Issue,High,In Progress,Website,2025-02-01,3
TKT001285,CUS007664,INS000005,Transaction Issue,High,Resolved,Branch,2025-12-12,3
TKT001286,CUS006846,INS000001,Fraud Report,Medium,Resolved,Mobile App,2026-05-11,5
TKT001287,CUS006017,INS000005,Card Issue,Medium,In Progress,Branch,2026-05-05,2
TKT001288,CUS003141,INS000004,Transaction Issue,Low,Closed,Phone,2025-05-23,6
TKT001289,CUS008306,INS000002,Payment Issue,Low,Closed,Mobile App,2026-01-11,6
TKT001290,CUS006536,INS000005,Account Issue,Low,Closed,Phone,2024-09-23,7
TKT001291,CUS001741,INS000002,Account Issue,Low,Closed,Mobile App,2025-06-27,5
TKT001292,CUS005095,INS000004,Fraud Report,Medium,Resolved,Mobile App,2024-11-17,5
TKT001293,CUS003402,INS000003,Card Issue,Medium,Resolved,Mobile App,2025-08-20,6
TKT001294,CUS000986,INS000003,Technical Issue,High,Closed,Website,2026-01-18,1
TKT001295,CUS005414,INS000002,Loan Query,High,Open,Branch,2025-02-14,6
TKT001296,CUS007755,INS000003,Account Issue,Medium,Resolved,Mobile App,2025-07-29,6
TKT001297,CUS005653,INS000003,Payment Issue,High,Open,Mobile App,2025-12-31,1
TKT001298,CUS001780,INS000004,Fraud Report,High,Resolved,Branch,2026-06-10,7
TKT001299,CUS006752,INS000003,Card Issue,Low,Closed,Website,2025-05-21,1
TKT001300,CUS007191,INS000002,Technical Issue,High,In Progress,Phone,2025-06-24,2
TKT001301,CUS004265,INS000004,Transaction Issue,Low,Resolved,Email,2024-09-03,4
TKT001302,CUS003290,INS000002,Payment Issue,Low,In Progress,Mobile App,2026-04-02,1
TKT001303,CUS005491,INS000003,Loan Query,Medium,In Progress,Branch,2025-09-02,7
TKT001304,CUS009637,INS000001,Loan Query,Medium,Resolved,Mobile App,2026-01-11,1
TKT001305,CUS008272,INS000004,Transaction Issue,Medium,Resolved,Phone,2025-02-06,5
TKT001306,CUS003409,INS000003,Loan Query,Low,Resolved,Mobile App,2025-03-12,6
TKT001307,CUS005579,INS000004,Fraud Report,Low,Open,Branch,2025-11-18,4
TKT001308,CUS005783,INS000004,Technical Issue,Critical,Resolved,Website,2025-03-28,7
TKT001309,CUS003879,INS000003,Payment Issue,Low,Closed,Mobile App,2024-11-03,5
TKT001310,CUS006328,INS000004,Loan Query,Medium,Closed,Phone,2024-09-01,6
TKT001311,CUS007182,INS000004,Payment Issue,Low,Resolved,Phone,2026-05-19,7
TKT001312,CUS001796,INS000005,Payment Issue,Medium,Open,Mobile App,2025-02-15,7
TKT001313,CUS000765,INS000002,Transaction Issue,Medium,Closed,Mobile App,2025-12-18,3
TKT001314,CUS004955,INS000005,Transaction Issue,Medium,Resolved,Email,2024-11-03,3
TKT001315,CUS002656,INS000004,Payment Issue,High,Open,Phone,2026-01-05,5
TKT001316,CUS009342,INS000005,Loan Query,Medium,Resolved,Email,2026-06-27,2
TKT001317,CUS000069,INS000004,Payment Issue,Medium,Resolved,Email,2025-08-20,4
TKT001318,CUS006727,INS000004,Payment Issue,High,In Progress,Mobile App,2025-11-22,6
TKT001319,CUS002873,INS000001,Transaction Issue,Medium,Resolved,Mobile App,2025-12-12,1
TKT001320,CUS009079,INS000002,Account Issue,Medium,Open,Website,2025-07-03,7
TKT001321,CUS006051,INS000005,Card Issue,Low,In Progress,Website,2026-01-06,4
TKT001322,CUS009932,INS000005,Account Issue,High,Closed,Phone,2024-10-21,4
TKT001323,CUS006020,INS000005,Transaction Issue,Low,Open,Website,2026-02-16,1
TKT001324,CUS008050,INS000002,Payment Issue,Low,Resolved,Mobile App,2024-09-01,3
TKT001325,CUS004351,INS000003,Loan Query,Medium,Closed,Website,2025-10-17,2
TKT001326,CUS004381,INS000005,Loan Query,Low,Resolved,Mobile App,2025-07-27,1
TKT001327,CUS007887,INS000004,Fraud Report,Medium,Resolved,Mobile App,2025-11-16,1
TKT001328,CUS005453,INS000002,Payment Issue,Medium,In Progress,Website,2025-09-09,5
TKT001329,CUS009324,INS000003,Transaction Issue,Critical,Closed,Email,2025-06-25,6
TKT001330,CUS000304,INS000005,Card Issue,Low,Closed,Website,2024-12-02,2
TKT001331,CUS008612,INS000005,Transaction Issue,Low,Closed,Email,2025-12-19,6
TKT001332,CUS009485,INS000002,Transaction Issue,Medium,Resolved,Phone,2026-05-12,5
TKT001333,CUS002782,INS000001,Payment Issue,Critical,In Progress,Website,2026-03-31,4
TKT001334,CUS003690,INS000005,Loan Query,Critical,Closed,Mobile App,2025-05-28,4
TKT001335,CUS006288,INS000001,Account Issue,High,Resolved,Branch,2025-08-27,3
TKT001336,CUS002891,INS000005,Payment Issue,Low,Resolved,Website,2025-11-29,6
TKT001337,CUS001791,INS000002,Fraud Report,Medium,In Progress,Phone,2025-08-31,6
TKT001338,CUS000984,INS000002,Account Issue,Low,Open,Email,2026-05-22,4
TKT001339,CUS000657,INS000001,Transaction Issue,Medium,In Progress,Mobile App,2024-12-26,1
TKT001340,CUS005156,INS000005,Account Issue,High,Resolved,Phone,2025-09-18,5
TKT001341,CUS006592,INS000005,Card Issue,Medium,Closed,Email,2026-03-26,5
TKT001342,CUS006383,INS000004,Fraud Report,Low,Resolved,Mobile App,2025-04-13,6
TKT001343,CUS006613,INS000002,Payment Issue,Medium,Resolved,Branch,2025-08-21,1
TKT001344,CUS000629,INS000004,Fraud Report,High,Resolved,Mobile App,2025-07-10,7
TKT001345,CUS001047,INS000004,Fraud Report,Low,Closed,Branch,2026-06-15,4
TKT001346,CUS009647,INS000005,Payment Issue,Medium,Closed,Website,2026-04-14,7
TKT001347,CUS006221,INS000004,Transaction Issue,Medium,Closed,Mobile App,2024-11-14,1
TKT001348,CUS004847,INS000004,Card Issue,Low,Closed,Website,2024-10-30,4
TKT001349,CUS009643,INS000002,Account Issue,Low,Resolved,Email,2024-12-20,4
TKT001350,CUS004566,INS000001,Payment Issue,Medium,Resolved,Phone,2025-08-23,5
TKT001351,CUS008583,INS000005,Account Issue,Medium,Closed,Email,2025-01-19,7
TKT001352,CUS006574,INS000001,Technical Issue,Medium,In Progress,Mobile App,2026-06-01,2
TKT001353,CUS007948,INS000004,Transaction Issue,High,Resolved,Mobile App,2026-02-28,2
TKT001354,CUS007154,INS000002,Payment Issue,Medium,Resolved,Mobile App,2025-06-21,3
TKT001355,CUS002316,INS000002,Transaction Issue,Medium,Resolved,Email,2026-05-11,7
TKT001356,CUS007943,INS000001,Loan Query,Critical,Closed,Website,2025-07-02,7
TKT001357,CUS003239,INS000002,Loan Query,Low,In Progress,Mobile App,2026-02-01,1
TKT001358,CUS004352,INS000002,Payment Issue,Medium,Resolved,Mobile App,2026-05-25,4
TKT001359,CUS001040,INS000002,Card Issue,Low,Resolved,Mobile App,2026-04-20,1
TKT001360,CUS001713,INS000002,Loan Query,Medium,Resolved,Email,2026-07-10,7
TKT001361,CUS009115,INS000005,Payment Issue,Medium,Closed,Website,2026-08-05,7
TKT001362,CUS004267,INS000002,Fraud Report,High,Open,Mobile App,2026-01-27,4
TKT001363,CUS001481,INS000002,Fraud Report,Medium,Resolved,Website,2025-10-27,3
TKT001364,CUS008671,INS000003,Payment Issue,Low,Resolved,Mobile App,2024-08-11,4
TKT001365,CUS000146,INS000004,Payment Issue,Low,Open,Phone,2026-05-16,5
TKT001366,CUS003410,INS000001,Transaction Issue,Critical,Closed,Website,2026-07-27,6
TKT001367,CUS005190,INS000005,Card Issue,Medium,Closed,Mobile App,2025-02-04,3
TKT001368,CUS009763,INS000004,Transaction Issue,High,Closed,Mobile App,2026-06-18,2
TKT001369,CUS006642,INS000005,Payment Issue,High,Resolved,Phone,2024-09-20,1
TKT001370,CUS004825,INS000005,Fraud Report,Low,Resolved,Mobile App,2026-04-01,3
TKT001371,CUS000512,INS000004,Card Issue,Low,Closed,Email,2024-09-23,7
TKT001372,CUS006847,INS000005,Card Issue,Low,Resolved,Website,2025-01-28,1
TKT001373,CUS007387,INS000003,Loan Query,High,Resolved,Mobile App,2025-09-12,2
TKT001374,CUS008240,INS000001,Account Issue,Medium,In Progress,Phone,2025-05-24,7
TKT001375,CUS003131,INS000005,Fraud Report,High,Closed,Email,2026-03-28,5
TKT001376,CUS006530,INS000001,Card Issue,Medium,Closed,Email,2026-05-25,5
TKT001377,CUS000381,INS000002,Technical Issue,Low,Resolved,Mobile App,2026-06-26,3
TKT001378,CUS009880,INS000002,Technical Issue,Medium,Closed,Email,2024-09-20,3
TKT001379,CUS001735,INS000005,Account Issue,Medium,Closed,Mobile App,2026-01-09,6
TKT001380,CUS002109,INS000005,Payment Issue,High,Resolved,Mobile App,2025-09-15,3
TKT001381,CUS009067,INS000002,Payment Issue,Medium,In Progress,Website,2025-02-09,6
TKT001382,CUS009979,INS000005,Technical Issue,Medium,In Progress,Branch,2026-02-04,2
TKT001383,CUS005394,INS000003,Card Issue,Medium,Closed,Website,2024-10-04,7
TKT001384,CUS000579,INS000002,Transaction Issue,Low,Open,Email,2026-04-19,3
TKT001385,CUS000543,INS000002,Technical Issue,Medium,Resolved,Email,2026-05-11,3
TKT001386,CUS004775,INS000004,Loan Query,Low,Closed,Email,2026-01-07,3
TKT001387,CUS008713,INS000001,Account Issue,Medium,Resolved,Mobile App,2024-10-12,2
TKT001388,CUS004271,INS000003,Fraud Report,Medium,Closed,Website,2025-07-04,4
TKT001389,CUS007117,INS000001,Fraud Report,High,Closed,Phone,2026-01-11,7
TKT001390,CUS009273,INS000002,Payment Issue,High,Closed,Mobile App,2026-02-18,6
TKT001391,CUS008770,INS000005,Card Issue,High,Closed,Branch,2025-03-14,1
TKT001392,CUS003597,INS000005,Payment Issue,Medium,Resolved,Mobile App,2026-02-02,6
TKT001393,CUS007836,INS000004,Loan Query,High,Resolved,Mobile App,2025-04-17,7
TKT001394,CUS000464,INS000002,Loan Query,Medium,Closed,Email,2025-10-15,7
TKT001395,CUS007772,INS000002,Account Issue,High,Resolved,Website,2024-09-17,7
TKT001396,CUS003726,INS000001,Transaction Issue,High,Closed,Phone,2025-03-03,6
TKT001397,CUS001574,INS000005,Transaction Issue,High,Closed,Mobile App,2024-12-06,6
TKT001398,CUS001133,INS000005,Payment Issue,High,Resolved,Email,2026-06-14,2
TKT001399,CUS004289,INS000004,Account Issue,Medium,Resolved,Branch,2025-01-17,7
TKT001400,CUS000614,INS000003,Fraud Report,High,Resolved,Mobile App,2025-01-05,4
TKT001401,CUS003904,INS000004,Loan Query,Low,In Progress,Branch,2024-10-03,6
TKT001402,CUS003496,INS000001,Account Issue,Low,Resolved,Email,2026-07-09,3
TKT001403,CUS008549,INS000005,Payment Issue,Medium,Resolved,Phone,2026-08-06,5
TKT001404,CUS003971,INS000002,Transaction Issue,Critical,Closed,Mobile App,2026-05-04,7
TKT001405,CUS001834,INS000002,Transaction Issue,High,Resolved,Phone,2026-04-30,3
TKT001406,CUS001448,INS000005,Transaction Issue,Medium,Closed,Mobile App,2025-03-05,5
TKT001407,CUS007805,INS000002,Loan Query,Low,Resolved,Website,2024-09-21,2
TKT001408,CUS006942,INS000002,Transaction Issue,Medium,Closed,Website,2026-04-30,4
TKT001409,CUS001616,INS000004,Payment Issue,High,Resolved,Phone,2025-07-16,5
TKT001410,CUS003728,INS000003,Transaction Issue,Low,Resolved,Website,2026-05-03,7
TKT001411,CUS006947,INS000004,Payment Issue,High,Open,Website,2024-09-15,5
TKT001412,CUS003457,INS000004,Technical Issue,Low,Resolved,Mobile App,2025-06-18,5
TKT001413,CUS009629,INS000004,Payment Issue,Low,Resolved,Mobile App,2024-10-08,2
TKT001414,CUS002134,INS000001,Transaction Issue,Low,Resolved,Phone,2026-02-24,2
TKT001415,CUS007379,INS000005,Loan Query,Critical,Resolved,Email,2025-02-03,6
TKT001416,CUS008575,INS000004,Card Issue,High,Resolved,Mobile App,2026-01-07,2
TKT001417,CUS009704,INS000002,Transaction Issue,Low,Closed,Email,2026-06-05,6
TKT001418,CUS002460,INS000002,Card Issue,High,Open,Mobile App,2026-06-12,4
TKT001419,CUS001372,INS000005,Account Issue,High,Resolved,Website,2026-03-07,7
TKT001420,CUS009787,INS000004,Card Issue,Low,In Progress,Branch,2024-08-15,2
TKT001421,CUS001618,INS000001,Payment Issue,Low,Resolved,Phone,2026-01-15,4
TKT001422,CUS000307,INS000001,Loan Query,Medium,Resolved,Email,2026-02-01,7
TKT001423,CUS007075,INS000004,Card Issue,Medium,Resolved,Mobile App,2025-03-19,2
TKT001424,CUS001467,INS000005,Fraud Report,Low,Resolved,Phone,2026-02-12,6
TKT001425,CUS001148,INS000004,Technical Issue,High,Resolved,Phone,2026-02-23,1
TKT001426,CUS001056,INS000003,Transaction Issue,High,Closed,Email,2026-05-14,4
TKT001427,CUS004460,INS000004,Transaction Issue,Medium,Resolved,Email,2026-05-20,5
TKT001428,CUS005649,INS000003,Account Issue,Medium,Resolved,Branch,2025-08-16,6
TKT001429,CUS006556,INS000003,Payment Issue,High,Resolved,Website,2025-06-11,4
TKT001430,CUS003239,INS000002,Payment Issue,Low,Closed,Mobile App,2025-08-25,7
TKT001431,CUS009634,INS000003,Card Issue,High,Closed,Email,2025-11-08,7
TKT001432,CUS002253,INS000001,Account Issue,Medium,Closed,Email,2025-12-10,7
TKT001433,CUS008068,INS000004,Payment Issue,High,Closed,Phone,2026-01-27,4
TKT001434,CUS002137,INS000004,Transaction Issue,High,Open,Mobile App,2025-11-12,3
TKT001435,CUS002221,INS000005,Account Issue,Medium,Resolved,Mobile App,2024-10-18,6
TKT001436,CUS009467,INS000005,Fraud Report,Medium,Open,Mobile App,2026-07-13,2
TKT001437,CUS001131,INS000002,Fraud Report,Low,Resolved,Phone,2024-11-21,3
TKT001438,CUS003640,INS000005,Account Issue,Low,Resolved,Website,2025-05-09,7
TKT001439,CUS007023,INS000002,Account Issue,Low,In Progress,Mobile App,2026-02-18,5
TKT001440,CUS009514,INS000001,Fraud Report,High,Resolved,Phone,2024-10-14,1
TKT001441,CUS000185,INS000002,Payment Issue,High,Resolved,Branch,2024-12-03,5
TKT001442,CUS001482,INS000005,Card Issue,High,Closed,Mobile App,2025-02-28,5
TKT001443,CUS007330,INS000001,Transaction Issue,Low,Closed,Phone,2026-06-09,3
TKT001444,CUS002096,INS000003,Loan Query,Low,Closed,Phone,2024-08-08,5
TKT001445,CUS006931,INS000005,Fraud Report,Low,In Progress,Branch,2025-07-21,2
TKT001446,CUS009802,INS000003,Card Issue,Low,Resolved,Mobile App,2025-09-22,6
TKT001447,CUS002481,INS000004,Card Issue,Low,Closed,Website,2025-02-25,5
TKT001448,CUS009700,INS000004,Account Issue,Medium,Closed,Website,2025-03-24,7
TKT001449,CUS004966,INS000003,Technical Issue,Medium,Closed,Website,2024-08-21,6
TKT001450,CUS002785,INS000003,Card Issue,Medium,Resolved,Mobile App,2025-05-17,1
TKT001451,CUS003300,INS000003,Loan Query,Medium,Resolved,Mobile App,2026-05-02,4
TKT001452,CUS002559,INS000005,Account Issue,High,Closed,Mobile App,2025-09-29,7
TKT001453,CUS000078,INS000004,Payment Issue,Medium,Closed,Branch,2026-04-10,3
TKT001454,CUS009635,INS000005,Account Issue,Medium,Closed,Email,2025-01-30,7
TKT001455,CUS007297,INS000004,Transaction Issue,Medium,Resolved,Branch,2026-01-01,3
TKT001456,CUS001774,INS000005,Transaction Issue,High,Resolved,Mobile App,2025-09-15,5
TKT001457,CUS005331,INS000001,Transaction Issue,High,Resolved,Email,2026-05-01,5
TKT001458,CUS001985,INS000002,Transaction Issue,Medium,Resolved,Email,2026-03-14,2
TKT001459,CUS007540,INS000002,Card Issue,Medium,In Progress,Mobile App,2026-02-06,5
TKT001460,CUS006781,INS000002,Account Issue,Medium,Resolved,Website,2025-06-28,3
TKT001461,CUS005865,INS000002,Account Issue,High,Resolved,Mobile App,2025-03-11,2
TKT001462,CUS006011,INS000005,Account Issue,High,Closed,Website,2024-09-26,2
TKT001463,CUS003671,INS000003,Fraud Report,High,Resolved,Mobile App,2026-03-29,4
TKT001464,CUS008379,INS000003,Transaction Issue,Medium,Resolved,Website,2026-01-27,7
TKT001465,CUS006532,INS000001,Technical Issue,Low,Resolved,Phone,2025-03-17,2
TKT001466,CUS008045,INS000001,Loan Query,Critical,Open,Website,2025-10-26,1
TKT001467,CUS008653,INS000002,Fraud Report,Medium,Closed,Phone,2025-10-21,7
TKT001468,CUS007870,INS000003,Card Issue,High,Resolved,Email,2025-12-09,6
TKT001469,CUS001560,INS000002,Account Issue,Medium,Closed,Website,2026-04-19,7
TKT001470,CUS003951,INS000003,Transaction Issue,Low,Resolved,Website,2026-06-10,3
TKT001471,CUS000963,INS000002,Card Issue,High,Open,Phone,2025-08-02,4
TKT001472,CUS001691,INS000001,Transaction Issue,Medium,Resolved,Mobile App,2026-07-03,5
TKT001473,CUS009693,INS000004,Transaction Issue,Medium,In Progress,Email,2026-01-14,5
TKT001474,CUS004466,INS000005,Payment Issue,Medium,Resolved,Mobile App,2026-04-09,4
TKT001475,CUS000395,INS000005,Card Issue,Medium,Closed,Phone,2025-07-16,1
TKT001476,CUS004503,INS000001,Payment Issue,Medium,Closed,Branch,2025-02-09,7
TKT001477,CUS004737,INS000001,Fraud Report,Medium,Closed,Mobile App,2024-10-25,6
TKT001478,CUS001646,INS000001,Account Issue,Medium,Resolved,Phone,2025-09-27,1
TKT001479,CUS007091,INS000002,Account Issue,Medium,Resolved,Mobile App,2026-05-25,6
TKT001480,CUS000338,INS000004,Technical Issue,Low,Closed,Mobile App,2024-11-05,7
TKT001481,CUS004796,INS000001,Account Issue,Medium,Resolved,Mobile App,2026-06-25,5
TKT001482,CUS000915,INS000004,Technical Issue,Medium,Closed,Branch,2025-07-13,7
TKT001483,CUS001961,INS000002,Account Issue,Low,Resolved,Phone,2026-07-31,1
TKT001484,CUS009892,INS000004,Transaction Issue,Medium,Closed,Website,2025-05-10,7
TKT001485,CUS000167,INS000004,Card Issue,Low,Resolved,Mobile App,2026-04-04,2
TKT001486,CUS004417,INS000004,Card Issue,Medium,Resolved,Website,2025-05-18,7
TKT001487,CUS009970,INS000001,Transaction Issue,Medium,In Progress,Mobile App,2026-06-01,4
TKT001488,CUS009741,INS000004,Account Issue,Low,Resolved,Mobile App,2024-09-14,3
TKT001489,CUS008930,INS000005,Transaction Issue,Medium,Closed,Branch,2025-02-08,7
TKT001490,CUS000771,INS000005,Payment Issue,Medium,Resolved,Phone,2026-04-05,2
TKT001491,CUS005974,INS000002,Fraud Report,Medium,Resolved,Mobile App,2024-08-23,4
TKT001492,CUS007574,INS000005,Card Issue,Low,Resolved,Phone,2025-10-14,7
TKT001493,CUS000613,INS000005,Loan Query,Medium,Closed,Mobile App,2026-03-21,7
TKT001494,CUS008621,INS000001,Transaction Issue,Low,In Progress,Website,2026-08-05,6
TKT001495,CUS008181,INS000003,Card Issue,Low,Closed,Email,2026-05-29,7
TKT001496,CUS001027,INS000001,Payment Issue,Low,Resolved,Branch,2025-10-18,6
TKT001497,CUS006639,INS000004,Fraud Report,Low,Resolved,Website,2025-08-20,7
TKT001498,CUS003016,INS000003,Technical Issue,Medium,Resolved,Website,2025-10-05,6
TKT001499,CUS006225,INS000005,Technical Issue,Low,Resolved,Website,2026-05-31,2
TKT001500,CUS008866,INS000002,Loan Query,Critical,Resolved,Phone,2025-12-06,4
TKT001501,CUS005105,INS000004,Technical Issue,Medium,Open,Email,2025-08-06,6
TKT001502,CUS001963,INS000005,Card Issue,High,Resolved,Branch,2025-08-13,5
TKT001503,CUS009203,INS000005,Fraud Report,Low,Open,Mobile App,2025-01-01,4
TKT001504,CUS006115,INS000001,Card Issue,Medium,Resolved,Mobile App,2026-03-03,1
TKT001505,CUS009722,INS000003,Card Issue,High,Resolved,Phone,2025-06-04,4
TKT001506,CUS000411,INS000002,Account Issue,Medium,Resolved,Website,2025-04-30,1
TKT001507,CUS004261,INS000001,Transaction Issue,High,Resolved,Mobile App,2024-09-04,4
TKT001508,CUS003427,INS000002,Payment Issue,Medium,In Progress,Mobile App,2025-08-22,1
TKT001509,CUS008546,INS000001,Technical Issue,Medium,Closed,Mobile App,2025-10-22,6
TKT001510,CUS004038,INS000005,Account Issue,Low,Resolved,Mobile App,2026-03-07,6
TKT001511,CUS001980,INS000003,Loan Query,High,Closed,Email,2026-04-24,5
TKT001512,CUS007932,INS000002,Loan Query,Medium,Closed,Phone,2025-03-17,7
TKT001513,CUS005504,INS000005,Account Issue,Medium,Resolved,Mobile App,2026-07-01,2
TKT001514,CUS006964,INS000002,Loan Query,Medium,Resolved,Mobile App,2025-06-03,5
TKT001515,CUS003803,INS000004,Loan Query,Medium,Resolved,Mobile App,2025-02-28,5
TKT001516,CUS003475,INS000002,Payment Issue,High,Open,Website,2025-08-23,2
TKT001517,CUS002917,INS000001,Payment Issue,Low,Resolved,Mobile App,2026-01-18,6
TKT001518,CUS009329,INS000003,Loan Query,Medium,Resolved,Mobile App,2025-08-17,4
TKT001519,CUS009615,INS000004,Fraud Report,Medium,Resolved,Mobile App,2024-09-02,1
TKT001520,CUS006407,INS000005,Card Issue,Medium,Closed,Phone,2026-03-17,5
TKT001521,CUS004522,INS000005,Payment Issue,Medium,Closed,Website,2024-12-18,6
TKT001522,CUS006164,INS000003,Card Issue,Medium,Resolved,Mobile App,2025-09-12,5
TKT001523,CUS003150,INS000004,Loan Query,Low,Resolved,Email,2025-03-04,2
TKT001524,CUS002917,INS000001,Technical Issue,Critical,Resolved,Mobile App,2026-04-11,4
TKT001525,CUS006661,INS000005,Fraud Report,Low,Resolved,Branch,2026-02-17,5
TKT001526,CUS005717,INS000005,Account Issue,Low,Resolved,Website,2025-05-10,1
TKT001527,CUS007748,INS000005,Fraud Report,High,Resolved,Branch,2026-03-15,3
TKT001528,CUS007043,INS000005,Account Issue,Low,In Progress,Mobile App,2026-02-18,5
TKT001529,CUS000779,INS000003,Payment Issue,Medium,Resolved,Mobile App,2026-08-06,5
TKT001530,CUS002921,INS000003,Account Issue,High,Resolved,Mobile App,2025-09-01,1
TKT001531,CUS002088,INS000004,Loan Query,Critical,In Progress,Phone,2025-06-03,7
TKT001532,CUS008238,INS000005,Payment Issue,Low,Closed,Website,2025-10-12,2
TKT001533,CUS005543,INS000004,Payment Issue,Medium,Closed,Phone,2026-05-22,7
TKT001534,CUS004306,INS000003,Loan Query,Critical,In Progress,Email,2025-04-11,3
TKT001535,CUS006326,INS000005,Fraud Report,Low,Closed,Mobile App,2025-01-16,4
TKT001536,CUS000213,INS000003,Account Issue,High,Resolved,Mobile App,2025-10-17,2
TKT001537,CUS005297,INS000003,Loan Query,Low,Resolved,Website,2025-06-17,7
TKT001538,CUS007452,INS000005,Card Issue,Medium,Closed,Mobile App,2025-09-27,5
TKT001539,CUS005976,INS000003,Payment Issue,Low,Resolved,Mobile App,2025-06-01,1
TKT001540,CUS007296,INS000003,Transaction Issue,Critical,Resolved,Mobile App,2025-03-17,5
TKT001541,CUS006189,INS000003,Technical Issue,High,Resolved,Mobile App,2026-02-01,7
TKT001542,CUS000508,INS000004,Payment Issue,Medium,Resolved,Mobile App,2024-10-22,4
TKT001543,CUS001773,INS000003,Payment Issue,Medium,Closed,Mobile App,2024-11-04,7
TKT001544,CUS000041,INS000004,Payment Issue,Medium,Closed,Branch,2026-04-16,5
TKT001545,CUS009665,INS000003,Technical Issue,Medium,Open,Branch,2025-05-26,3
TKT001546,CUS000685,INS000003,Transaction Issue,High,In Progress,Mobile App,2025-04-16,6
TKT001547,CUS001657,INS000002,Transaction Issue,Low,Resolved,Mobile App,2025-09-21,1
TKT001548,CUS001851,INS000002,Transaction Issue,Low,In Progress,Mobile App,2025-01-02,3
TKT001549,CUS009315,INS000001,Payment Issue,Medium,Open,Mobile App,2025-08-21,1
TKT001550,CUS009669,INS000001,Card Issue,Medium,Resolved,Website,2026-03-28,3
TKT001551,CUS001330,INS000001,Transaction Issue,Low,Closed,Email,2025-02-18,2
TKT001552,CUS002217,INS000002,Payment Issue,Medium,Closed,Website,2025-07-11,1
TKT001553,CUS001430,INS000002,Loan Query,Medium,Closed,Website,2024-12-24,1
TKT001554,CUS008764,INS000001,Fraud Report,Medium,Resolved,Website,2026-07-19,6
TKT001555,CUS006829,INS000004,Transaction Issue,Low,Resolved,Branch,2026-07-11,5
TKT001556,CUS004419,INS000004,Loan Query,Low,Resolved,Website,2024-11-25,5
TKT001557,CUS000038,INS000005,Card Issue,High,Resolved,Mobile App,2024-10-09,2
TKT001558,CUS005546,INS000001,Card Issue,Medium,Closed,Email,2025-09-20,6
TKT001559,CUS003866,INS000001,Account Issue,Medium,Resolved,Mobile App,2024-10-25,1
TKT001560,CUS006424,INS000002,Fraud Report,High,Resolved,Phone,2025-06-24,6
TKT001561,CUS006915,INS000005,Payment Issue,High,Resolved,Email,2024-12-16,3
TKT001562,CUS004101,INS000003,Card Issue,Medium,Closed,Website,2026-07-27,5
TKT001563,CUS001623,INS000002,Payment Issue,Medium,In Progress,Phone,2026-06-22,6
TKT001564,CUS003226,INS000003,Fraud Report,Low,Closed,Website,2026-03-31,5
TKT001565,CUS000635,INS000001,Card Issue,Medium,Closed,Branch,2024-11-30,6
TKT001566,CUS007793,INS000002,Card Issue,High,Closed,Mobile App,2024-10-19,2
TKT001567,CUS008314,INS000002,Technical Issue,Medium,Resolved,Branch,2024-08-16,7
TKT001568,CUS002690,INS000001,Payment Issue,Medium,Resolved,Phone,2024-08-09,4
TKT001569,CUS007456,INS000001,Transaction Issue,Low,Resolved,Phone,2025-03-05,2
TKT001570,CUS004187,INS000005,Payment Issue,Medium,Closed,Phone,2026-04-22,3
TKT001571,CUS006422,INS000005,Payment Issue,Medium,Closed,Email,2026-06-29,1
TKT001572,CUS007967,INS000004,Technical Issue,High,Resolved,Mobile App,2024-10-19,3
TKT001573,CUS006240,INS000004,Transaction Issue,High,Resolved,Mobile App,2025-02-25,2
TKT001574,CUS007787,INS000004,Payment Issue,Low,Resolved,Branch,2025-12-29,3
TKT001575,CUS007553,INS000001,Loan Query,High,Closed,Email,2026-05-29,7
TKT001576,CUS006991,INS000004,Transaction Issue,Low,Resolved,Mobile App,2025-06-01,5
TKT001577,CUS007909,INS000003,Fraud Report,Medium,Closed,Branch,2025-03-19,5
TKT001578,CUS009234,INS000002,Card Issue,High,Resolved,Website,2026-02-22,2
TKT001579,CUS002725,INS000004,Technical Issue,Low,Resolved,Website,2025-10-20,7
TKT001580,CUS005249,INS000004,Transaction Issue,Low,Closed,Email,2025-01-29,2
TKT001581,CUS002067,INS000001,Account Issue,Medium,Closed,Mobile App,2025-10-28,1
TKT001582,CUS008642,INS000001,Payment Issue,Low,Closed,Branch,2024-11-23,4
TKT001583,CUS003105,INS000004,Loan Query,Medium,In Progress,Branch,2026-02-02,5
TKT001584,CUS001561,INS000004,Account Issue,Medium,Open,Branch,2025-03-15,5
TKT001585,CUS008985,INS000004,Fraud Report,High,Resolved,Mobile App,2024-09-05,4
TKT001586,CUS008642,INS000001,Account Issue,High,Resolved,Website,2025-04-04,4
TKT001587,CUS001654,INS000004,Card Issue,Low,Closed,Phone,2025-01-13,5
TKT001588,CUS002634,INS000004,Payment Issue,Medium,Closed,Branch,2026-05-10,2
TKT001589,CUS001808,INS000003,Technical Issue,Critical,Resolved,Website,2026-05-01,7
TKT001590,CUS004341,INS000005,Transaction Issue,Medium,Resolved,Website,2025-07-20,4
TKT001591,CUS009568,INS000001,Card Issue,Medium,Resolved,Email,2025-05-10,4
TKT001592,CUS002518,INS000004,Loan Query,Low,Resolved,Website,2026-03-28,2
TKT001593,CUS001043,INS000003,Fraud Report,Low,In Progress,Mobile App,2025-05-28,5
TKT001594,CUS006194,INS000005,Account Issue,Low,Resolved,Mobile App,2025-07-01,1
TKT001595,CUS005807,INS000003,Account Issue,High,Closed,Branch,2025-07-26,1
TKT001596,CUS009100,INS000003,Payment Issue,Low,Resolved,Mobile App,2026-01-23,1
TKT001597,CUS004186,INS000001,Card Issue,High,In Progress,Phone,2025-01-06,6
TKT001598,CUS007065,INS000001,Transaction Issue,High,Resolved,Website,2025-05-08,4
TKT001599,CUS006149,INS000001,Card Issue,Medium,Resolved,Mobile App,2025-01-15,7
TKT001600,CUS008813,INS000001,Fraud Report,Low,In Progress,Phone,2024-11-09,6
TKT001601,CUS000890,INS000004,Loan Query,Low,Resolved,Email,2026-05-25,5
TKT001602,CUS004691,INS000005,Card Issue,Low,Resolved,Mobile App,2025-03-14,1
TKT001603,CUS003706,INS000001,Loan Query,Low,Closed,Mobile App,2025-01-28,4
TKT001604,CUS007824,INS000002,Transaction Issue,Medium,Closed,Phone,2025-08-16,1
TKT001605,CUS006763,INS000002,Loan Query,Low,In Progress,Mobile App,2025-03-24,4
TKT001606,CUS009503,INS000001,Technical Issue,Low,Resolved,Website,2025-05-30,3
TKT001607,CUS002080,INS000004,Technical Issue,Medium,Resolved,Phone,2025-08-23,2
TKT001608,CUS009452,INS000001,Account Issue,High,Resolved,Mobile App,2025-04-15,7
TKT001609,CUS005854,INS000004,Payment Issue,Medium,Closed,Website,2024-09-24,5
TKT001610,CUS008518,INS000002,Transaction Issue,Low,In Progress,Email,2026-06-26,3
TKT001611,CUS003195,INS000002,Technical Issue,High,Closed,Phone,2026-06-01,6
TKT001612,CUS005253,INS000004,Card Issue,Low,Resolved,Mobile App,2025-04-20,7
TKT001613,CUS007544,INS000001,Payment Issue,Low,Closed,Website,2025-02-07,3
TKT001614,CUS000120,INS000002,Transaction Issue,Low,Open,Branch,2025-06-09,4
TKT001615,CUS000891,INS000002,Card Issue,High,Open,Website,2025-03-10,6
TKT001616,CUS008177,INS000001,Payment Issue,Medium,Resolved,Website,2026-04-30,5
TKT001617,CUS008505,INS000005,Transaction Issue,Medium,In Progress,Branch,2025-07-23,7
TKT001618,CUS008577,INS000005,Transaction Issue,Low,Closed,Branch,2024-08-22,7
TKT001619,CUS002612,INS000004,Loan Query,Critical,Resolved,Branch,2025-04-12,5
TKT001620,CUS004535,INS000005,Loan Query,Medium,Closed,Mobile App,2026-06-06,3
TKT001621,CUS000148,INS000003,Account Issue,High,Closed,Phone,2024-12-20,5
TKT001622,CUS001960,INS000005,Card Issue,Medium,In Progress,Mobile App,2025-02-23,5
TKT001623,CUS002892,INS000004,Card Issue,Low,Resolved,Phone,2025-11-03,2
TKT001624,CUS000030,INS000004,Transaction Issue,Medium,Resolved,Email,2025-09-02,7
TKT001625,CUS000579,INS000002,Payment Issue,Medium,In Progress,Phone,2026-01-31,5
TKT001626,CUS002100,INS000003,Loan Query,Medium,Resolved,Mobile App,2026-08-03,1
TKT001627,CUS007005,INS000002,Card Issue,High,Resolved,Website,2026-03-07,7
TKT001628,CUS001144,INS000002,Payment Issue,Medium,Resolved,Email,2024-11-15,1
TKT001629,CUS000951,INS000004,Transaction Issue,Low,Closed,Website,2024-10-09,1
TKT001630,CUS001743,INS000003,Card Issue,Low,Closed,Branch,2026-03-05,2
TKT001631,CUS005767,INS000003,Technical Issue,Low,Resolved,Branch,2025-03-15,5
TKT001632,CUS004520,INS000003,Payment Issue,Medium,In Progress,Mobile App,2024-08-11,5
TKT001633,CUS001904,INS000001,Account Issue,Low,Open,Email,2026-03-23,7
TKT001634,CUS000958,INS000005,Account Issue,Medium,Resolved,Mobile App,2025-10-29,4
TKT001635,CUS002338,INS000004,Card Issue,Critical,Resolved,Mobile App,2025-12-25,4
TKT001636,CUS009298,INS000002,Technical Issue,High,Resolved,Phone,2024-10-01,7
TKT001637,CUS004229,INS000003,Payment Issue,Low,Closed,Mobile App,2025-10-19,4
TKT001638,CUS003790,INS000005,Loan Query,Low,Open,Mobile App,2025-05-11,7
TKT001639,CUS003084,INS000001,Technical Issue,Critical,Open,Email,2026-03-29,3
TKT001640,CUS000983,INS000004,Payment Issue,Medium,Closed,Website,2025-09-20,6
TKT001641,CUS000839,INS000003,Technical Issue,High,Closed,Email,2025-07-09,7
TKT001642,CUS008686,INS000003,Payment Issue,Low,Closed,Mobile App,2026-06-13,3
TKT001643,CUS007304,INS000002,Transaction Issue,Low,Closed,Website,2026-02-09,7
TKT001644,CUS000644,INS000003,Transaction Issue,Medium,Resolved,Phone,2025-12-23,6
TKT001645,CUS004604,INS000004,Card Issue,Low,Closed,Mobile App,2025-09-21,2
TKT001646,CUS001969,INS000002,Transaction Issue,Low,Closed,Branch,2025-11-27,5
TKT001647,CUS001406,INS000004,Transaction Issue,Critical,Closed,Email,2026-05-05,3
TKT001648,CUS003482,INS000005,Loan Query,Medium,Resolved,Mobile App,2026-04-16,2
TKT001649,CUS007440,INS000001,Payment Issue,High,Resolved,Mobile App,2026-06-24,2
TKT001650,CUS009764,INS000005,Transaction Issue,High,Resolved,Phone,2024-09-05,2
TKT001651,CUS004317,INS000003,Card Issue,Low,Resolved,Phone,2025-04-26,5
TKT001652,CUS002294,INS000004,Fraud Report,Medium,Open,Website,2025-09-06,2
TKT001653,CUS006896,INS000002,Account Issue,Low,In Progress,Branch,2024-10-18,4
TKT001654,CUS008385,INS000002,Payment Issue,Critical,Resolved,Email,2026-05-09,6
TKT001655,CUS000220,INS000001,Card Issue,Critical,Resolved,Mobile App,2025-08-17,3
TKT001656,CUS000419,INS000005,Transaction Issue,High,In Progress,Email,2024-12-04,4
TKT001657,CUS003020,INS000001,Technical Issue,Medium,Closed,Phone,2025-06-23,1
TKT001658,CUS002426,INS000005,Transaction Issue,Medium,Resolved,Phone,2025-08-23,6
TKT001659,CUS002926,INS000003,Payment Issue,High,Closed,Phone,2025-09-06,1
TKT001660,CUS000444,INS000003,Card Issue,Low,Resolved,Mobile App,2024-08-14,7
TKT001661,CUS006712,INS000005,Account Issue,Low,Closed,Email,2024-09-28,6
TKT001662,CUS008205,INS000001,Card Issue,Low,Resolved,Phone,2026-07-13,5
TKT001663,CUS002480,INS000001,Loan Query,Low,Resolved,Website,2025-06-15,1
TKT001664,CUS007151,INS000003,Payment Issue,Medium,Open,Phone,2026-07-10,7
TKT001665,CUS005151,INS000004,Payment Issue,Medium,Closed,Branch,2025-09-13,6
TKT001666,CUS004807,INS000001,Account Issue,Low,Resolved,Branch,2026-02-13,6
TKT001667,CUS002346,INS000001,Transaction Issue,Low,Closed,Website,2025-07-07,1
TKT001668,CUS007211,INS000002,Fraud Report,Medium,Resolved,Mobile App,2025-04-20,6
TKT001669,CUS002699,INS000004,Account Issue,High,Closed,Mobile App,2025-05-09,2
TKT001670,CUS006758,INS000003,Technical Issue,High,Open,Branch,2024-11-06,7
TKT001671,CUS002797,INS000001,Transaction Issue,Medium,Resolved,Mobile App,2025-10-20,2
TKT001672,CUS004835,INS000004,Transaction Issue,Low,Closed,Mobile App,2026-02-19,1
TKT001673,CUS007174,INS000001,Card Issue,Medium,In Progress,Mobile App,2024-09-07,3
TKT001674,CUS005651,INS000005,Fraud Report,High,Resolved,Branch,2024-12-30,2
TKT001675,CUS004661,INS000004,Transaction Issue,Low,Closed,Branch,2024-10-16,5
TKT001676,CUS002540,INS000002,Account Issue,Low,Resolved,Mobile App,2026-01-13,3
TKT001677,CUS009616,INS000001,Transaction Issue,Critical,In Progress,Mobile App,2025-03-22,6
TKT001678,CUS002962,INS000005,Transaction Issue,Low,Open,Mobile App,2025-03-30,3
TKT001679,CUS002897,INS000001,Transaction Issue,High,Closed,Website,2024-09-14,5
TKT001680,CUS004643,INS000001,Payment Issue,Low,Resolved,Mobile App,2025-06-25,2
TKT001681,CUS006171,INS000004,Account Issue,Medium,Closed,Mobile App,2024-11-16,2
TKT001682,CUS007086,INS000001,Card Issue,Medium,Resolved,Phone,2025-10-29,6
TKT001683,CUS009430,INS000005,Account Issue,Low,Closed,Mobile App,2026-03-14,5
TKT001684,CUS008807,INS000001,Account Issue,Medium,Closed,Website,2026-07-10,3
TKT001685,CUS005232,INS000003,Transaction Issue,Low,Closed,Mobile App,2025-07-09,1
TKT001686,CUS005474,INS000002,Transaction Issue,Medium,Resolved,Phone,2026-05-19,3
TKT001687,CUS002722,INS000001,Payment Issue,Low,Closed,Mobile App,2025-11-27,3
TKT001688,CUS009206,INS000005,Loan Query,Medium,Resolved,Website,2025-07-28,2
TKT001689,CUS003631,INS000005,Card Issue,Medium,In Progress,Mobile App,2024-08-19,7
TKT001690,CUS008260,INS000005,Fraud Report,High,Closed,Mobile App,2026-06-06,5
TKT001691,CUS000606,INS000003,Card Issue,Medium,Resolved,Mobile App,2024-10-19,6
TKT001692,CUS001975,INS000002,Card Issue,Low,Closed,Email,2024-09-01,5
TKT001693,CUS000218,INS000004,Transaction Issue,Low,Closed,Phone,2026-07-30,2
TKT001694,CUS004859,INS000004,Payment Issue,Medium,Closed,Mobile App,2024-11-15,2
TKT001695,CUS001284,INS000002,Payment Issue,Critical,Resolved,Branch,2024-11-04,7
TKT001696,CUS001270,INS000005,Transaction Issue,Medium,Closed,Phone,2025-06-03,5
TKT001697,CUS008262,INS000005,Account Issue,Critical,Resolved,Branch,2025-11-24,3
TKT001698,CUS003138,INS000002,Card Issue,Medium,Resolved,Phone,2026-02-11,5
TKT001699,CUS001741,INS000002,Payment Issue,High,Resolved,Website,2025-01-12,3
TKT001700,CUS000485,INS000001,Payment Issue,Low,Resolved,Mobile App,2025-08-07,1
TKT001701,CUS009877,INS000003,Transaction Issue,Medium,Resolved,Phone,2024-09-05,6
TKT001702,CUS006684,INS000005,Card Issue,High,Resolved,Mobile App,2025-07-28,2
TKT001703,CUS005820,INS000001,Technical Issue,Medium,Resolved,Phone,2026-04-05,5
TKT001704,CUS009606,INS000003,Fraud Report,Low,Resolved,Website,2025-02-08,6
TKT001705,CUS007087,INS000001,Payment Issue,Critical,Closed,Mobile App,2026-02-22,2
TKT001706,CUS001149,INS000002,Technical Issue,Medium,Closed,Mobile App,2024-11-28,6
TKT001707,CUS000875,INS000001,Card Issue,Low,Closed,Website,2026-04-06,4
TKT001708,CUS007371,INS000005,Technical Issue,High,Closed,Email,2025-01-18,6
TKT001709,CUS004397,INS000002,Transaction Issue,Critical,Closed,Branch,2026-04-21,1
TKT001710,CUS008622,INS000004,Loan Query,Low,Resolved,Website,2025-04-28,6
TKT001711,CUS003328,INS000005,Payment Issue,High,Resolved,Mobile App,2025-03-07,6
TKT001712,CUS000236,INS000002,Account Issue,Medium,Open,Mobile App,2025-07-18,1
TKT001713,CUS002600,INS000002,Fraud Report,Critical,Closed,Website,2025-10-18,7
TKT001714,CUS009177,INS000004,Transaction Issue,Medium,Resolved,Branch,2025-09-19,1
TKT001715,CUS007971,INS000002,Payment Issue,Medium,Closed,Branch,2024-08-31,5
TKT001716,CUS004175,INS000005,Payment Issue,Low,Closed,Website,2025-06-11,3
TKT001717,CUS003392,INS000005,Payment Issue,Low,Closed,Email,2025-01-14,3
TKT001718,CUS004832,INS000001,Loan Query,Medium,Open,Phone,2025-06-16,5
TKT001719,CUS008590,INS000004,Payment Issue,High,Closed,Website,2024-09-10,7
TKT001720,CUS008230,INS000005,Loan Query,Medium,Open,Branch,2025-12-15,3
TKT001721,CUS005125,INS000005,Fraud Report,Medium,Resolved,Mobile App,2024-10-02,4
TKT001722,CUS008739,INS000003,Transaction Issue,Low,In Progress,Mobile App,2026-01-22,1
TKT001723,CUS004567,INS000004,Transaction Issue,Medium,Resolved,Website,2024-09-25,5
TKT001724,CUS003041,INS000005,Card Issue,Low,Resolved,Phone,2025-12-26,7
TKT001725,CUS005469,INS000001,Fraud Report,Low,Resolved,Mobile App,2026-01-02,1
TKT001726,CUS004982,INS000003,Account Issue,Medium,Closed,Email,2026-07-07,7
TKT001727,CUS007929,INS000005,Technical Issue,Low,Resolved,Email,2025-10-24,2
TKT001728,CUS008171,INS000003,Technical Issue,Low,Closed,Website,2026-01-22,4
TKT001729,CUS005524,INS000004,Transaction Issue,Medium,Open,Phone,2025-02-07,7
TKT001730,CUS008642,INS000001,Transaction Issue,Medium,Closed,Branch,2024-10-11,6
TKT001731,CUS008592,INS000005,Fraud Report,Low,Resolved,Branch,2025-02-01,5
TKT001732,CUS000231,INS000002,Account Issue,Low,Resolved,Website,2024-10-05,2
TKT001733,CUS005140,INS000002,Payment Issue,Low,Resolved,Mobile App,2024-10-23,5
TKT001734,CUS004594,INS000005,Card Issue,Medium,Resolved,Email,2025-09-10,4
TKT001735,CUS007666,INS000002,Payment Issue,Low,Resolved,Email,2025-05-12,3
TKT001736,CUS006475,INS000004,Account Issue,Low,Closed,Website,2025-09-05,7
TKT001737,CUS001266,INS000004,Loan Query,Low,Open,Email,2024-12-22,2
TKT001738,CUS009361,INS000005,Account Issue,Low,Closed,Phone,2024-12-11,6
TKT001739,CUS007841,INS000002,Card Issue,High,Closed,Mobile App,2025-12-29,4
TKT001740,CUS002230,INS000003,Account Issue,Medium,In Progress,Website,2025-07-10,6
TKT001741,CUS002885,INS000001,Transaction Issue,High,Resolved,Mobile App,2026-05-07,4
TKT001742,CUS002338,INS000004,Account Issue,Low,Resolved,Email,2024-12-14,5
TKT001743,CUS007483,INS000003,Payment Issue,Low,Resolved,Mobile App,2026-06-27,7
TKT001744,CUS001385,INS000005,Payment Issue,Low,In Progress,Mobile App,2025-04-16,1
TKT001745,CUS006412,INS000004,Card Issue,Medium,Closed,Branch,2026-07-26,5
TKT001746,CUS008803,INS000002,Account Issue,Medium,In Progress,Website,2024-10-12,5
TKT001747,CUS009407,INS000003,Transaction Issue,Medium,Closed,Website,2024-11-04,7
TKT001748,CUS006399,INS000004,Account Issue,Low,Closed,Phone,2025-10-30,7
TKT001749,CUS006474,INS000005,Card Issue,Low,Closed,Branch,2026-06-19,1
TKT001750,CUS002886,INS000005,Loan Query,Medium,Resolved,Mobile App,2024-11-15,7
TKT001751,CUS001366,INS000002,Account Issue,Low,Resolved,Mobile App,2025-06-26,6
TKT001752,CUS006130,INS000001,Transaction Issue,Medium,Resolved,Branch,2025-05-11,5
TKT001753,CUS005940,INS000002,Payment Issue,Low,Closed,Phone,2024-11-02,2
TKT001754,CUS001494,INS000002,Payment Issue,Medium,Resolved,Email,2025-01-14,7
TKT001755,CUS005736,INS000002,Technical Issue,Medium,Closed,Website,2025-11-11,4
TKT001756,CUS009446,INS000002,Loan Query,Medium,In Progress,Phone,2026-04-11,6
TKT001757,CUS007034,INS000005,Card Issue,Medium,In Progress,Website,2024-12-12,1
TKT001758,CUS005630,INS000005,Technical Issue,Medium,In Progress,Email,2026-03-20,7
TKT001759,CUS004851,INS000003,Payment Issue,Medium,Resolved,Mobile App,2025-10-15,3
TKT001760,CUS007170,INS000001,Loan Query,Low,Closed,Phone,2025-03-02,6
TKT001761,CUS001847,INS000001,Payment Issue,Low,Resolved,Phone,2025-06-16,6
TKT001762,CUS008635,INS000003,Card Issue,Low,In Progress,Mobile App,2026-02-21,1
TKT001763,CUS005465,INS000004,Card Issue,Medium,In Progress,Mobile App,2024-10-04,7
TKT001764,CUS005880,INS000003,Payment Issue,Medium,Resolved,Email,2024-11-14,6
TKT001765,CUS009029,INS000003,Technical Issue,High,Closed,Website,2026-06-03,1
TKT001766,CUS008795,INS000005,Technical Issue,Medium,Resolved,Mobile App,2026-01-31,7
TKT001767,CUS002447,INS000003,Card Issue,Low,Resolved,Website,2024-10-04,1
TKT001768,CUS000276,INS000003,Card Issue,Low,Resolved,Mobile App,2025-05-07,3
TKT001769,CUS006663,INS000002,Transaction Issue,Low,Resolved,Mobile App,2026-05-02,4
TKT001770,CUS007343,INS000004,Payment Issue,High,Closed,Branch,2025-10-30,2
TKT001771,CUS002678,INS000005,Account Issue,Medium,Resolved,Mobile App,2026-05-17,7
TKT001772,CUS000050,INS000004,Card Issue,Low,Resolved,Mobile App,2025-05-21,1
TKT001773,CUS001002,INS000004,Technical Issue,Low,Resolved,Mobile App,2026-04-30,4
TKT001774,CUS002271,INS000005,Fraud Report,Medium,Resolved,Website,2024-09-18,3
TKT001775,CUS005573,INS000001,Account Issue,Low,Resolved,Phone,2025-04-21,5
TKT001776,CUS005665,INS000003,Transaction Issue,Low,Open,Mobile App,2026-06-06,2
TKT001777,CUS008608,INS000003,Technical Issue,High,Resolved,Website,2026-01-29,5
TKT001778,CUS008980,INS000005,Card Issue,Medium,Resolved,Mobile App,2026-01-22,4
TKT001779,CUS000433,INS000004,Transaction Issue,Critical,Resolved,Website,2026-06-01,7
TKT001780,CUS003521,INS000001,Loan Query,Medium,Resolved,Website,2026-04-26,7
TKT001781,CUS007211,INS000002,Payment Issue,Medium,Closed,Mobile App,2025-11-13,2
TKT001782,CUS000439,INS000004,Account Issue,High,Closed,Mobile App,2025-10-28,2
TKT001783,CUS001438,INS000001,Payment Issue,Medium,Resolved,Branch,2026-01-08,6
TKT001784,CUS001699,INS000004,Transaction Issue,Low,Resolved,Branch,2025-03-23,7
TKT001785,CUS002775,INS000004,Account Issue,High,Resolved,Branch,2025-09-22,1
TKT001786,CUS004402,INS000003,Fraud Report,Low,Resolved,Phone,2024-10-31,4
TKT001787,CUS005527,INS000005,Payment Issue,Low,Open,Phone,2025-10-20,3
TKT001788,CUS007971,INS000002,Transaction Issue,High,Resolved,Branch,2025-11-07,6
TKT001789,CUS001123,INS000005,Transaction Issue,Low,Closed,Email,2025-08-06,3
TKT001790,CUS009630,INS000005,Card Issue,Medium,Resolved,Phone,2025-11-08,1
TKT001791,CUS002552,INS000005,Card Issue,Medium,In Progress,Branch,2026-05-04,5
TKT001792,CUS005556,INS000002,Loan Query,Low,Resolved,Mobile App,2026-04-30,3
TKT001793,CUS003569,INS000002,Transaction Issue,High,Resolved,Website,2026-05-19,2
TKT001794,CUS004547,INS000002,Fraud Report,High,Resolved,Branch,2026-07-15,6
TKT001795,CUS009209,INS000004,Transaction Issue,Low,Open,Phone,2026-06-12,2
TKT001796,CUS004032,INS000005,Technical Issue,Medium,In Progress,Mobile App,2025-03-27,2
TKT001797,CUS007080,INS000002,Technical Issue,High,Closed,Email,2026-03-30,7
TKT001798,CUS004980,INS000002,Transaction Issue,Low,Resolved,Phone,2024-11-16,7
TKT001799,CUS005074,INS000004,Card Issue,Medium,In Progress,Mobile App,2024-09-30,2
TKT001800,CUS001721,INS000004,Loan Query,High,Resolved,Mobile App,2026-05-24,2
TKT001801,CUS000679,INS000005,Loan Query,Low,Closed,Website,2025-11-28,7
TKT001802,CUS009140,INS000005,Technical Issue,Medium,Closed,Email,2025-05-09,3
TKT001803,CUS002737,INS000003,Transaction Issue,Medium,Resolved,Phone,2025-10-12,6
TKT001804,CUS005536,INS000004,Transaction Issue,Low,Closed,Website,2026-08-02,4
TKT001805,CUS009408,INS000005,Loan Query,Medium,Resolved,Website,2024-10-11,3
TKT001806,CUS003394,INS000005,Payment Issue,High,In Progress,Email,2025-03-11,5
TKT001807,CUS001229,INS000003,Fraud Report,Medium,Closed,Mobile App,2025-12-16,6
TKT001808,CUS005576,INS000003,Account Issue,High,Closed,Website,2026-03-18,2
TKT001809,CUS009051,INS000001,Payment Issue,Critical,Resolved,Email,2024-11-23,5
TKT001810,CUS008758,INS000001,Loan Query,Low,Closed,Email,2026-07-30,3
TKT001811,CUS006973,INS000005,Transaction Issue,Critical,Resolved,Mobile App,2025-12-26,3
TKT001812,CUS001438,INS000001,Account Issue,Low,Resolved,Mobile App,2025-02-26,6
TKT001813,CUS009751,INS000001,Payment Issue,Low,Resolved,Website,2026-06-15,4
TKT001814,CUS009002,INS000002,Technical Issue,Low,Resolved,Website,2025-10-08,6
TKT001815,CUS000271,INS000003,Payment Issue,Medium,Closed,Phone,2024-09-25,2
TKT001816,CUS001489,INS000005,Card Issue,Medium,In Progress,Website,2026-03-30,6
TKT001817,CUS000451,INS000003,Account Issue,Low,Resolved,Email,2025-05-19,7
TKT001818,CUS002428,INS000002,Account Issue,Low,Open,Phone,2025-10-15,2
TKT001819,CUS006750,INS000002,Technical Issue,Medium,Resolved,Phone,2025-09-14,2
TKT001820,CUS000872,INS000004,Account Issue,Medium,Open,Mobile App,2025-10-10,1
TKT001821,CUS002837,INS000005,Card Issue,Medium,Resolved,Mobile App,2024-11-07,7
TKT001822,CUS009821,INS000003,Card Issue,Low,Resolved,Mobile App,2026-06-24,2
TKT001823,CUS007178,INS000005,Payment Issue,Low,In Progress,Website,2026-01-25,5
TKT001824,CUS000696,INS000002,Transaction Issue,Medium,In Progress,Email,2025-01-14,5
TKT001825,CUS006446,INS000005,Transaction Issue,Medium,In Progress,Phone,2025-06-29,3
TKT001826,CUS002324,INS000004,Account Issue,Low,In Progress,Phone,2026-05-22,1
TKT001827,CUS003074,INS000003,Card Issue,Low,Resolved,Mobile App,2026-04-26,3
TKT001828,CUS007141,INS000003,Payment Issue,High,In Progress,Email,2026-04-28,7
TKT001829,CUS006330,INS000002,Transaction Issue,Medium,Closed,Mobile App,2025-04-03,6
TKT001830,CUS008577,INS000005,Transaction Issue,High,Resolved,Website,2025-06-24,6
TKT001831,CUS000966,INS000002,Account Issue,Low,Resolved,Branch,2025-11-16,4
TKT001832,CUS008167,INS000001,Transaction Issue,Medium,Closed,Mobile App,2025-08-27,1
TKT001833,CUS001518,INS000003,Payment Issue,High,Resolved,Phone,2026-02-03,1
TKT001834,CUS009546,INS000001,Fraud Report,Low,Closed,Email,2025-07-18,3
TKT001835,CUS000527,INS000005,Fraud Report,Low,Resolved,Phone,2024-09-10,2
TKT001836,CUS008372,INS000005,Transaction Issue,Medium,Closed,Email,2024-08-14,4
TKT001837,CUS008928,INS000005,Card Issue,High,Resolved,Mobile App,2025-08-16,3
TKT001838,CUS002173,INS000002,Payment Issue,Medium,Closed,Mobile App,2025-03-21,5
TKT001839,CUS002896,INS000001,Loan Query,Medium,Closed,Website,2024-09-27,5
TKT001840,CUS001784,INS000005,Fraud Report,High,Open,Phone,2026-06-04,5
TKT001841,CUS005316,INS000001,Account Issue,Low,Resolved,Mobile App,2025-06-13,3
TKT001842,CUS005320,INS000001,Payment Issue,Medium,Closed,Mobile App,2025-05-03,3
TKT001843,CUS003587,INS000005,Card Issue,Low,Resolved,Branch,2025-05-08,6
TKT001844,CUS007615,INS000005,Transaction Issue,Low,Open,Phone,2025-01-04,3
TKT001845,CUS009887,INS000002,Card Issue,High,Closed,Mobile App,2026-01-25,2
TKT001846,CUS005030,INS000003,Technical Issue,Low,Closed,Phone,2025-10-28,7
TKT001847,CUS002372,INS000005,Payment Issue,Low,In Progress,Phone,2026-05-22,1
TKT001848,CUS000316,INS000002,Account Issue,Medium,Resolved,Phone,2026-05-08,2
TKT001849,CUS004835,INS000004,Loan Query,High,Resolved,Mobile App,2024-09-13,5
TKT001850,CUS002834,INS000003,Fraud Report,Low,In Progress,Website,2025-05-13,6
TKT001851,CUS000184,INS000002,Account Issue,Medium,Resolved,Phone,2025-10-09,3
TKT001852,CUS008685,INS000005,Technical Issue,Medium,Open,Mobile App,2024-09-23,4
TKT001853,CUS004888,INS000005,Card Issue,Medium,Closed,Phone,2026-04-17,7
TKT001854,CUS000492,INS000005,Card Issue,Low,In Progress,Website,2024-12-26,1
TKT001855,CUS004585,INS000001,Account Issue,High,Closed,Mobile App,2024-12-03,3
TKT001856,CUS005918,INS000002,Account Issue,Medium,Open,Phone,2026-06-08,2
TKT001857,CUS008749,INS000004,Loan Query,Medium,Resolved,Mobile App,2025-07-15,3
TKT001858,CUS008295,INS000005,Technical Issue,Medium,In Progress,Mobile App,2026-05-17,7
TKT001859,CUS008478,INS000001,Technical Issue,Low,In Progress,Mobile App,2024-11-14,4
TKT001860,CUS002228,INS000001,Loan Query,Low,Closed,Mobile App,2025-12-26,6
TKT001861,CUS000988,INS000004,Fraud Report,Medium,Resolved,Website,2025-06-15,1
TKT001862,CUS005266,INS000004,Card Issue,Medium,Closed,Phone,2025-09-24,7
TKT001863,CUS003362,INS000004,Card Issue,Medium,Resolved,Mobile App,2025-03-27,4
TKT001864,CUS004077,INS000001,Payment Issue,Critical,Open,Website,2024-08-29,4
TKT001865,CUS007533,INS000005,Fraud Report,Low,In Progress,Mobile App,2025-11-08,7
TKT001866,CUS004261,INS000001,Card Issue,High,Resolved,Email,2024-10-15,1
TKT001867,CUS008287,INS000003,Loan Query,Medium,Closed,Website,2026-05-14,7
TKT001868,CUS009015,INS000005,Card Issue,Medium,Closed,Website,2024-09-02,2
TKT001869,CUS007488,INS000001,Payment Issue,Low,Resolved,Mobile App,2026-03-13,5
TKT001870,CUS000630,INS000004,Account Issue,Medium,Resolved,Mobile App,2026-07-18,3
TKT001871,CUS008428,INS000005,Technical Issue,Low,Resolved,Mobile App,2026-02-22,1
TKT001872,CUS008379,INS000003,Payment Issue,High,In Progress,Website,2025-10-20,4
TKT001873,CUS000898,INS000001,Loan Query,Low,Resolved,Phone,2024-10-28,6
TKT001874,CUS002764,INS000003,Account Issue,Medium,Resolved,Mobile App,2025-01-15,7
TKT001875,CUS008610,INS000003,Payment Issue,Low,Resolved,Branch,2026-01-13,6
TKT001876,CUS002717,INS000004,Account Issue,High,Resolved,Email,2025-05-05,4
TKT001877,CUS000211,INS000003,Card Issue,Low,Closed,Mobile App,2025-12-21,4
TKT001878,CUS000227,INS000002,Transaction Issue,High,Closed,Website,2024-10-20,3
TKT001879,CUS002948,INS000001,Card Issue,Medium,Closed,Mobile App,2025-03-19,5
TKT001880,CUS005451,INS000004,Card Issue,Low,Resolved,Mobile App,2026-06-28,6
TKT001881,CUS003814,INS000004,Loan Query,Medium,Resolved,Mobile App,2025-10-02,4
TKT001882,CUS005940,INS000002,Transaction Issue,Critical,Resolved,Email,2024-09-16,4
TKT001883,CUS004574,INS000005,Account Issue,Medium,Resolved,Branch,2024-10-01,2
TKT001884,CUS000887,INS000002,Payment Issue,Medium,Closed,Phone,2026-05-09,4
TKT001885,CUS008509,INS000002,Payment Issue,Low,Resolved,Mobile App,2024-10-31,5
TKT001886,CUS009463,INS000002,Transaction Issue,Low,Closed,Mobile App,2026-04-18,6
TKT001887,CUS008346,INS000004,Transaction Issue,Medium,Resolved,Mobile App,2025-05-18,6
TKT001888,CUS005216,INS000001,Payment Issue,Medium,Resolved,Mobile App,2025-09-09,6
TKT001889,CUS002634,INS000004,Transaction Issue,Low,Closed,Website,2025-07-19,7
TKT001890,CUS003336,INS000001,Technical Issue,Medium,Closed,Email,2025-03-21,4
TKT001891,CUS004562,INS000005,Technical Issue,Low,In Progress,Mobile App,2024-09-24,5
TKT001892,CUS001564,INS000003,Card Issue,High,Resolved,Mobile App,2026-07-01,3
TKT001893,CUS004043,INS000003,Card Issue,Medium,Resolved,Branch,2025-06-06,4
TKT001894,CUS009992,INS000005,Payment Issue,Low,Resolved,Email,2026-03-21,3
TKT001895,CUS000434,INS000003,Transaction Issue,Medium,Resolved,Mobile App,2026-05-24,4
TKT001896,CUS001874,INS000001,Payment Issue,Medium,Resolved,Website,2025-06-07,4
TKT001897,CUS007565,INS000004,Card Issue,Medium,Resolved,Email,2024-09-24,7
TKT001898,CUS008417,INS000004,Transaction Issue,High,Resolved,Mobile App,2024-09-05,7
TKT001899,CUS007162,INS000005,Technical Issue,High,Resolved,Website,2025-08-07,2
TKT001900,CUS006539,INS000002,Card Issue,Critical,Closed,Phone,2025-02-27,3
TKT001901,CUS004251,INS000003,Loan Query,Medium,Resolved,Mobile App,2025-03-23,2
TKT001902,CUS005809,INS000004,Technical Issue,Medium,Resolved,Website,2026-04-03,3
TKT001903,CUS004813,INS000003,Fraud Report,Medium,Closed,Phone,2024-11-13,7
TKT001904,CUS008303,INS000003,Card Issue,Medium,Open,Mobile App,2025-10-26,2
TKT001905,CUS003460,INS000004,Transaction Issue,Low,Resolved,Website,2025-01-01,6
TKT001906,CUS006555,INS000001,Transaction Issue,Low,Resolved,Branch,2024-09-07,5
TKT001907,CUS001530,INS000002,Fraud Report,Low,Closed,Email,2026-03-06,7
TKT001908,CUS009180,INS000005,Card Issue,High,Closed,Mobile App,2025-10-13,2
TKT001909,CUS008834,INS000003,Account Issue,High,Resolved,Branch,2025-03-26,6
TKT001910,CUS005933,INS000001,Payment Issue,Low,Resolved,Phone,2025-01-05,2
TKT001911,CUS009530,INS000003,Loan Query,Low,Resolved,Mobile App,2025-10-20,3
TKT001912,CUS005347,INS000005,Loan Query,Low,Resolved,Mobile App,2026-04-28,1
TKT001913,CUS002948,INS000001,Payment Issue,High,Open,Mobile App,2025-11-22,1
TKT001914,CUS008884,INS000004,Card Issue,Low,In Progress,Website,2025-05-08,2
TKT001915,CUS003461,INS000002,Transaction Issue,Medium,Closed,Website,2026-05-21,4
TKT001916,CUS000409,INS000005,Transaction Issue,Medium,Resolved,Mobile App,2026-01-02,7
TKT001917,CUS006665,INS000005,Account Issue,Medium,Closed,Mobile App,2025-07-06,4
TKT001918,CUS004896,INS000002,Fraud Report,Low,Closed,Mobile App,2024-08-29,1
TKT001919,CUS003811,INS000003,Card Issue,Low,Closed,Website,2025-02-09,4
TKT001920,CUS005294,INS000002,Card Issue,High,In Progress,Phone,2025-08-30,1
TKT001921,CUS007911,INS000002,Transaction Issue,Medium,Resolved,Email,2025-10-10,3
TKT001922,CUS000063,INS000005,Payment Issue,Critical,Resolved,Mobile App,2025-06-14,5
TKT001923,CUS003139,INS000003,Card Issue,Low,In Progress,Phone,2024-11-15,7
TKT001924,CUS008235,INS000004,Fraud Report,Critical,Resolved,Phone,2024-12-07,2
TKT001925,CUS003354,INS000004,Transaction Issue,High,Resolved,Mobile App,2025-10-17,1
TKT001926,CUS003670,INS000001,Card Issue,Medium,Resolved,Mobile App,2025-02-01,5
TKT001927,CUS007326,INS000005,Card Issue,Low,Open,Mobile App,2025-04-06,4
TKT001928,CUS003008,INS000002,Payment Issue,Critical,In Progress,Phone,2026-05-08,6
TKT001929,CUS004472,INS000005,Account Issue,Low,Resolved,Branch,2025-12-26,2
TKT001930,CUS001048,INS000003,Technical Issue,High,Closed,Mobile App,2025-08-29,2
TKT001931,CUS006484,INS000004,Transaction Issue,Medium,In Progress,Website,2026-07-23,6
TKT001932,CUS003081,INS000005,Transaction Issue,Critical,Resolved,Mobile App,2025-04-18,4
TKT001933,CUS007209,INS000003,Payment Issue,Medium,Resolved,Website,2026-07-16,4
TKT001934,CUS005409,INS000005,Technical Issue,High,Resolved,Mobile App,2026-01-06,1
TKT001935,CUS008423,INS000004,Payment Issue,Critical,Resolved,Email,2025-06-16,2
TKT001936,CUS000160,INS000003,Transaction Issue,Medium,Resolved,Phone,2024-09-11,6
TKT001937,CUS005288,INS000003,Payment Issue,Low,Closed,Email,2025-09-13,6
TKT001938,CUS007510,INS000005,Transaction Issue,Medium,In Progress,Phone,2025-06-07,1
TKT001939,CUS001941,INS000002,Loan Query,Medium,Closed,Mobile App,2025-10-30,5
TKT001940,CUS000950,INS000001,Payment Issue,Critical,Resolved,Email,2026-04-03,7
TKT001941,CUS007518,INS000004,Technical Issue,Medium,Resolved,Email,2024-12-06,7
TKT001942,CUS008027,INS000004,Payment Issue,Low,Resolved,Mobile App,2026-01-03,7
TKT001943,CUS001445,INS000002,Fraud Report,High,Resolved,Email,2025-11-18,3
TKT001944,CUS003467,INS000004,Card Issue,High,Closed,Mobile App,2025-11-06,6
TKT001945,CUS008506,INS000005,Transaction Issue,Low,Closed,Phone,2024-11-10,5
TKT001946,CUS006926,INS000001,Account Issue,Low,Open,Mobile App,2024-08-11,2
TKT001947,CUS004706,INS000003,Card Issue,Critical,Closed,Mobile App,2026-07-28,2
TKT001948,CUS006173,INS000002,Card Issue,Low,Resolved,Mobile App,2025-11-17,4
TKT001949,CUS009023,INS000002,Loan Query,Low,Closed,Phone,2026-02-03,4
TKT001950,CUS007599,INS000002,Payment Issue,Medium,Closed,Mobile App,2025-11-20,6
TKT001951,CUS009977,INS000003,Fraud Report,Low,Resolved,Phone,2026-02-02,1
TKT001952,CUS002805,INS000001,Card Issue,Medium,Open,Website,2026-05-24,4
TKT001953,CUS006401,INS000005,Loan Query,Low,Closed,Branch,2026-02-02,3
TKT001954,CUS000085,INS000001,Loan Query,Low,Resolved,Website,2024-12-24,6
TKT001955,CUS004957,INS000001,Transaction Issue,Low,Resolved,Mobile App,2026-02-25,7
TKT001956,CUS000113,INS000005,Account Issue,Medium,Resolved,Phone,2024-11-26,1
TKT001957,CUS002495,INS000003,Fraud Report,Medium,Closed,Website,2025-01-05,5
TKT001958,CUS003380,INS000005,Payment Issue,Low,Resolved,Mobile App,2026-07-20,7
TKT001959,CUS008592,INS000005,Transaction Issue,Low,Resolved,Phone,2024-09-13,4
TKT001960,CUS008145,INS000005,Technical Issue,Low,Resolved,Mobile App,2025-05-21,3
TKT001961,CUS007831,INS000004,Payment Issue,Medium,Closed,Phone,2026-03-02,4
TKT001962,CUS000885,INS000001,Card Issue,High,Closed,Phone,2026-07-24,7
TKT001963,CUS004094,INS000001,Payment Issue,High,Open,Phone,2025-04-26,7
TKT001964,CUS003951,INS000003,Account Issue,Medium,Resolved,Mobile App,2025-10-28,4
TKT001965,CUS005220,INS000004,Payment Issue,High,Resolved,Website,2025-10-20,4
TKT001966,CUS009167,INS000001,Payment Issue,High,Open,Phone,2024-12-25,2
TKT001967,CUS000052,INS000004,Transaction Issue,Medium,Resolved,Email,2024-08-17,1
TKT001968,CUS004073,INS000003,Technical Issue,High,Open,Mobile App,2025-06-14,6
TKT001969,CUS005215,INS000005,Fraud Report,Low,Resolved,Phone,2025-12-24,1
TKT001970,CUS001503,INS000004,Card Issue,Medium,Open,Website,2024-09-03,4
TKT001971,CUS003059,INS000003,Payment Issue,Medium,Resolved,Phone,2025-01-23,2
TKT001972,CUS002281,INS000005,Account Issue,Medium,Open,Email,2025-07-22,6
TKT001973,CUS009669,INS000001,Fraud Report,Medium,In Progress,Email,2025-09-24,4
TKT001974,CUS008832,INS000005,Card Issue,Low,Resolved,Mobile App,2024-10-11,5
TKT001975,CUS002513,INS000001,Transaction Issue,Medium,Closed,Mobile App,2026-03-20,7
TKT001976,CUS002598,INS000001,Card Issue,Critical,Closed,Branch,2025-06-21,5
TKT001977,CUS003934,INS000001,Technical Issue,Medium,Closed,Branch,2025-10-15,7
TKT001978,CUS009418,INS000005,Payment Issue,Critical,Resolved,Phone,2026-03-11,4
TKT001979,CUS000789,INS000001,Card Issue,Medium,Resolved,Website,2026-01-31,2
TKT001980,CUS002548,INS000003,Loan Query,Low,Closed,Phone,2026-01-14,4
TKT001981,CUS006643,INS000001,Card Issue,Critical,In Progress,Email,2024-12-22,7
TKT001982,CUS008156,INS000005,Transaction Issue,Medium,Resolved,Email,2026-01-04,1
TKT001983,CUS000507,INS000004,Card Issue,Low,Resolved,Phone,2025-06-12,7
TKT001984,CUS005209,INS000005,Transaction Issue,High,Resolved,Mobile App,2025-03-27,1
TKT001985,CUS004366,INS000005,Transaction Issue,Medium,Closed,Website,2025-11-28,5
TKT001986,CUS004803,INS000001,Card Issue,High,Open,Email,2026-01-30,4
TKT001987,CUS006447,INS000003,Technical Issue,Medium,Open,Mobile App,2025-08-25,3
TKT001988,CUS008298,INS000002,Loan Query,Low,Resolved,Website,2026-05-14,1
TKT001989,CUS009310,INS000002,Fraud Report,Medium,Closed,Phone,2026-07-07,1
TKT001990,CUS002314,INS000002,Account Issue,Medium,Closed,Website,2025-07-17,6
TKT001991,CUS005504,INS000005,Fraud Report,Medium,Resolved,Website,2025-08-25,3
TKT001992,CUS000186,INS000004,Account Issue,High,Closed,Email,2024-11-29,5
TKT001993,CUS006289,INS000002,Payment Issue,Medium,In Progress,Mobile App,2025-10-25,2
TKT001994,CUS005080,INS000005,Card Issue,High,Resolved,Website,2025-11-17,2
TKT001995,CUS002671,INS000004,Payment Issue,Low,Resolved,Branch,2025-01-02,6
TKT001996,CUS001141,INS000005,Account Issue,Low,Resolved,Mobile App,2024-11-04,2
TKT001997,CUS008565,INS000001,Card Issue,Low,Closed,Mobile App,2025-02-04,4
TKT001998,CUS004133,INS000002,Technical Issue,Low,Resolved,Mobile App,2025-03-03,6
TKT001999,CUS006195,INS000001,Transaction Issue,Medium,Resolved,Phone,2025-12-02,7
TKT002000,CUS002545,INS000004,Card Issue,High,Resolved,Email,2026-06-24,6
TKT002001,CUS005675,INS000002,Account Issue,Low,Resolved,Email,2025-12-29,5
TKT002002,CUS009960,INS000004,Card Issue,Medium,Resolved,Website,2026-04-10,6
TKT002003,CUS008988,INS000001,Technical Issue,Medium,Open,Website,2026-02-26,5
TKT002004,CUS006910,INS000001,Transaction Issue,Low,Closed,Mobile App,2024-11-02,3
TKT002005,CUS000901,INS000003,Card Issue,Medium,Resolved,Phone,2026-02-23,7
TKT002006,CUS008692,INS000003,Account Issue,Medium,Resolved,Branch,2025-04-07,1
TKT002007,CUS000686,INS000001,Card Issue,Low,Resolved,Branch,2025-03-13,7
TKT002008,CUS000410,INS000004,Payment Issue,Low,Closed,Mobile App,2024-09-17,4
TKT002009,CUS000582,INS000005,Card Issue,Medium,In Progress,Mobile App,2025-05-01,2
TKT002010,CUS003657,INS000002,Account Issue,Low,Closed,Mobile App,2025-09-17,4
TKT002011,CUS002787,INS000003,Transaction Issue,High,Resolved,Mobile App,2025-03-10,5
TKT002012,CUS006415,INS000001,Payment Issue,High,In Progress,Email,2025-10-29,6
TKT002013,CUS007673,INS000005,Transaction Issue,Medium,Resolved,Email,2024-08-16,1
TKT002014,CUS005849,INS000003,Account Issue,Low,Resolved,Mobile App,2025-07-15,6
TKT002015,CUS000515,INS000004,Fraud Report,High,Closed,Mobile App,2026-02-13,3
TKT002016,CUS003287,INS000001,Fraud Report,Medium,Resolved,Email,2026-04-25,2
TKT002017,CUS003064,INS000005,Fraud Report,Low,In Progress,Website,2025-09-05,6
TKT002018,CUS005200,INS000004,Technical Issue,Critical,Resolved,Mobile App,2025-08-17,3
TKT002019,CUS004469,INS000004,Payment Issue,Low,Resolved,Mobile App,2024-09-23,7
TKT002020,CUS002524,INS000005,Fraud Report,High,In Progress,Mobile App,2024-12-24,5
TKT002021,CUS009821,INS000003,Account Issue,Low,Resolved,Mobile App,2026-02-09,5
TKT002022,CUS001292,INS000004,Account Issue,Low,Closed,Email,2025-04-29,1
TKT002023,CUS008389,INS000003,Account Issue,Low,Resolved,Mobile App,2025-12-21,5
TKT002024,CUS009221,INS000005,Loan Query,Low,Closed,Email,2025-01-04,3
TKT002025,CUS008092,INS000003,Fraud Report,Low,Resolved,Website,2025-04-09,4
TKT002026,CUS003585,INS000003,Transaction Issue,High,Closed,Mobile App,2025-04-14,4
TKT002027,CUS004989,INS000001,Transaction Issue,Medium,Resolved,Mobile App,2024-11-12,5
TKT002028,CUS008954,INS000005,Payment Issue,Low,Resolved,Mobile App,2026-02-23,2
TKT002029,CUS009619,INS000002,Account Issue,High,Resolved,Mobile App,2026-05-19,1
TKT002030,CUS002525,INS000004,Technical Issue,Medium,Resolved,Phone,2025-12-17,3
TKT002031,CUS000443,INS000003,Fraud Report,Low,Closed,Phone,2026-01-30,4
TKT002032,CUS006648,INS000002,Transaction Issue,High,Closed,Mobile App,2025-08-13,5
TKT002033,CUS006271,INS000005,Fraud Report,Low,Closed,Phone,2024-10-29,4
TKT002034,CUS009515,INS000004,Account Issue,Medium,Resolved,Website,2025-10-16,5
TKT002035,CUS004605,INS000002,Transaction Issue,Medium,Resolved,Website,2024-09-23,1
TKT002036,CUS006646,INS000001,Loan Query,Medium,Resolved,Email,2025-02-09,2
TKT002037,CUS003818,INS000004,Fraud Report,Low,Resolved,Mobile App,2024-09-02,5
TKT002038,CUS008493,INS000002,Transaction Issue,High,Resolved,Mobile App,2024-08-10,6
TKT002039,CUS008705,INS000005,Fraud Report,Medium,In Progress,Mobile App,2025-10-26,4
TKT002040,CUS004655,INS000003,Account Issue,High,Resolved,Phone,2024-09-12,5
TKT002041,CUS002583,INS000005,Card Issue,Low,Closed,Phone,2025-12-04,5
TKT002042,CUS000253,INS000004,Account Issue,Medium,Resolved,Branch,2024-10-28,1
TKT002043,CUS008520,INS000002,Fraud Report,Low,Closed,Mobile App,2026-03-19,1
TKT002044,CUS005189,INS000001,Transaction Issue,High,Resolved,Mobile App,2025-10-13,4
TKT002045,CUS001362,INS000003,Fraud Report,Low,Resolved,Mobile App,2026-02-14,7
TKT002046,CUS001877,INS000001,Payment Issue,Medium,Resolved,Mobile App,2026-01-13,2
TKT002047,CUS003193,INS000003,Card Issue,High,Resolved,Website,2024-08-07,1
TKT002048,CUS007712,INS000004,Card Issue,Medium,Resolved,Mobile App,2024-09-11,4
TKT002049,CUS000743,INS000002,Transaction Issue,Low,Resolved,Website,2026-05-27,4
TKT002050,CUS005866,INS000005,Payment Issue,Low,Resolved,Website,2026-06-23,3
TKT002051,CUS007773,INS000005,Account Issue,Medium,Closed,Mobile App,2026-04-30,1
TKT002052,CUS004841,INS000003,Account Issue,High,Resolved,Phone,2025-11-19,5
TKT002053,CUS006279,INS000001,Account Issue,Medium,Resolved,Mobile App,2025-12-07,3
TKT002054,CUS006254,INS000004,Payment Issue,Low,Resolved,Phone,2025-08-28,1
TKT002055,CUS004656,INS000004,Payment Issue,Low,Resolved,Website,2025-09-01,6
TKT002056,CUS003271,INS000004,Fraud Report,Low,Resolved,Phone,2025-05-23,6
TKT002057,CUS007226,INS000005,Account Issue,Low,Closed,Email,2025-08-20,6
TKT002058,CUS000759,INS000005,Transaction Issue,Low,Resolved,Website,2024-09-03,5
TKT002059,CUS005409,INS000005,Card Issue,Low,Open,Phone,2025-12-17,6
TKT002060,CUS001388,INS000001,Transaction Issue,Medium,Open,Mobile App,2024-11-14,1
TKT002061,CUS006218,INS000002,Transaction Issue,Low,In Progress,Mobile App,2025-04-08,2
TKT002062,CUS003342,INS000003,Payment Issue,Low,Open,Mobile App,2025-08-26,7
TKT002063,CUS008025,INS000004,Transaction Issue,Medium,Closed,Branch,2024-10-26,4
TKT002064,CUS006567,INS000001,Account Issue,Medium,In Progress,Email,2024-11-08,2
TKT002065,CUS006994,INS000003,Payment Issue,Low,Closed,Mobile App,2025-10-30,3
TKT002066,CUS000478,INS000001,Payment Issue,Low,Closed,Email,2025-03-12,2
TKT002067,CUS000305,INS000003,Fraud Report,Critical,Resolved,Website,2025-09-02,2
TKT002068,CUS003500,INS000004,Loan Query,Low,Closed,Website,2026-01-29,3
TKT002069,CUS003931,INS000001,Account Issue,Medium,Resolved,Phone,2025-05-12,4
TKT002070,CUS009592,INS000002,Payment Issue,Medium,Resolved,Website,2026-08-04,7
TKT002071,CUS008314,INS000002,Fraud Report,Low,Closed,Email,2025-07-20,6
TKT002072,CUS008789,INS000001,Transaction Issue,Low,Resolved,Phone,2024-11-12,1
TKT002073,CUS007964,INS000004,Account Issue,High,Resolved,Branch,2024-08-24,7
TKT002074,CUS002485,INS000003,Account Issue,Low,Resolved,Mobile App,2026-02-16,5
TKT002075,CUS009358,INS000005,Transaction Issue,Low,In Progress,Mobile App,2026-07-02,7
TKT002076,CUS008221,INS000001,Transaction Issue,Low,In Progress,Mobile App,2026-08-01,6
TKT002077,CUS004417,INS000004,Transaction Issue,Low,Resolved,Branch,2025-01-31,5
TKT002078,CUS006065,INS000002,Payment Issue,Critical,Open,Email,2025-07-08,3
TKT002079,CUS002862,INS000004,Technical Issue,Medium,Resolved,Website,2026-06-20,4
TKT002080,CUS008009,INS000005,Card Issue,Low,Resolved,Mobile App,2024-10-01,7
TKT002081,CUS001807,INS000003,Card Issue,Low,In Progress,Phone,2026-01-23,4
TKT002082,CUS009894,INS000002,Payment Issue,Medium,Closed,Email,2025-09-21,3
TKT002083,CUS006853,INS000005,Fraud Report,Low,Resolved,Phone,2025-01-16,5
TKT002084,CUS005589,INS000001,Payment Issue,Medium,Resolved,Phone,2025-05-16,3
TKT002085,CUS001204,INS000001,Technical Issue,High,Resolved,Email,2025-05-10,2
TKT002086,CUS001008,INS000001,Fraud Report,Low,Closed,Website,2025-10-19,2
TKT002087,CUS007025,INS000002,Card Issue,Low,Open,Mobile App,2025-07-09,2
TKT002088,CUS008914,INS000005,Card Issue,Medium,In Progress,Mobile App,2025-10-21,5
TKT002089,CUS005786,INS000001,Technical Issue,Medium,In Progress,Mobile App,2025-10-20,4
TKT002090,CUS000417,INS000002,Fraud Report,Low,Closed,Mobile App,2026-06-29,5
TKT002091,CUS001232,INS000002,Loan Query,Medium,Open,Mobile App,2025-05-14,4
TKT002092,CUS005819,INS000003,Account Issue,Low,Resolved,Website,2025-08-17,2
TKT002093,CUS003385,INS000004,Fraud Report,Medium,Resolved,Branch,2026-04-04,1
TKT002094,CUS000039,INS000001,Payment Issue,High,Closed,Email,2025-12-20,5
TKT002095,CUS009144,INS000001,Payment Issue,Critical,Closed,Phone,2025-09-06,1
TKT002096,CUS000451,INS000003,Account Issue,Medium,Resolved,Phone,2024-12-13,4
TKT002097,CUS000999,INS000004,Transaction Issue,Medium,Resolved,Email,2025-05-11,4
TKT002098,CUS001600,INS000001,Payment Issue,High,Resolved,Branch,2025-10-13,1
TKT002099,CUS003596,INS000001,Transaction Issue,High,Closed,Website,2024-09-13,7
TKT002100,CUS009293,INS000003,Transaction Issue,Low,Closed,Email,2026-02-01,1
TKT002101,CUS003661,INS000001,Account Issue,Medium,Resolved,Mobile App,2024-11-13,3
TKT002102,CUS001528,INS000002,Fraud Report,Low,Resolved,Email,2025-10-05,1
TKT002103,CUS003069,INS000005,Card Issue,Medium,Resolved,Mobile App,2025-06-27,5
TKT002104,CUS003831,INS000001,Account Issue,Medium,Closed,Phone,2025-04-19,6
TKT002105,CUS000244,INS000003,Fraud Report,High,In Progress,Mobile App,2025-02-05,1
TKT002106,CUS006790,INS000002,Card Issue,High,Closed,Branch,2026-06-22,3
TKT002107,CUS002832,INS000004,Card Issue,Medium,Open,Mobile App,2026-03-15,4
TKT002108,CUS004618,INS000001,Technical Issue,Medium,Resolved,Mobile App,2025-12-02,3
TKT002109,CUS001989,INS000001,Card Issue,Medium,Closed,Phone,2024-12-17,4
TKT002110,CUS001441,INS000005,Card Issue,Low,Resolved,Website,2026-05-17,2
TKT002111,CUS005141,INS000001,Payment Issue,High,Resolved,Email,2026-04-25,1
TKT002112,CUS008827,INS000001,Payment Issue,Low,Closed,Branch,2025-04-06,5
TKT002113,CUS003146,INS000001,Fraud Report,High,Resolved,Mobile App,2025-11-27,7
TKT002114,CUS008692,INS000003,Payment Issue,Low,Closed,Phone,2025-09-04,5
TKT002115,CUS006189,INS000003,Transaction Issue,Low,Resolved,Mobile App,2024-10-17,5
TKT002116,CUS009316,INS000004,Technical Issue,Low,Resolved,Branch,2025-08-18,6
TKT002117,CUS005842,INS000001,Technical Issue,Low,Closed,Phone,2025-06-14,4
TKT002118,CUS002822,INS000001,Transaction Issue,Low,Resolved,Mobile App,2024-12-30,4
TKT002119,CUS004417,INS000004,Card Issue,Low,Closed,Website,2025-01-05,2
TKT002120,CUS004423,INS000004,Payment Issue,High,Resolved,Phone,2024-10-17,5
TKT002121,CUS000358,INS000005,Account Issue,Medium,Closed,Phone,2025-11-02,6
TKT002122,CUS006258,INS000003,Transaction Issue,Low,Closed,Email,2024-12-02,2
TKT002123,CUS006108,INS000005,Account Issue,Low,Resolved,Email,2024-10-20,3
TKT002124,CUS006396,INS000002,Transaction Issue,Medium,Open,Mobile App,2025-04-06,3
TKT002125,CUS005627,INS000003,Transaction Issue,High,Closed,Mobile App,2024-10-19,6
TKT002126,CUS001476,INS000004,Payment Issue,Medium,Open,Email,2024-11-08,1
TKT002127,CUS009924,INS000003,Payment Issue,High,Resolved,Website,2025-07-08,5
TKT002128,CUS009635,INS000005,Technical Issue,Low,Resolved,Email,2026-07-06,2
TKT002129,CUS005917,INS000004,Transaction Issue,Medium,In Progress,Mobile App,2025-02-24,2
TKT002130,CUS000254,INS000003,Fraud Report,Medium,Resolved,Phone,2025-01-09,6
TKT002131,CUS002226,INS000001,Fraud Report,Medium,Open,Phone,2025-08-19,1
TKT002132,CUS004795,INS000001,Payment Issue,Low,Resolved,Mobile App,2025-03-18,1
TKT002133,CUS001602,INS000002,Transaction Issue,Medium,Closed,Email,2026-07-10,4
TKT002134,CUS007534,INS000005,Fraud Report,Low,Resolved,Phone,2026-05-21,6
TKT002135,CUS004597,INS000003,Account Issue,High,In Progress,Mobile App,2025-10-18,1
TKT002136,CUS006938,INS000001,Loan Query,High,Resolved,Email,2024-12-16,4
TKT002137,CUS000895,INS000001,Account Issue,Low,Resolved,Phone,2025-11-12,1
TKT002138,CUS002808,INS000001,Loan Query,Medium,Resolved,Branch,2025-12-22,5
TKT002139,CUS007198,INS000005,Transaction Issue,Low,Resolved,Mobile App,2024-09-01,1
TKT002140,CUS000817,INS000001,Payment Issue,Medium,In Progress,Website,2025-06-27,6
TKT002141,CUS007535,INS000004,Fraud Report,Low,Closed,Branch,2026-01-20,4
TKT002142,CUS002436,INS000005,Transaction Issue,High,Resolved,Email,2024-09-05,1
TKT002143,CUS003840,INS000005,Account Issue,Critical,Resolved,Mobile App,2025-07-01,4
TKT002144,CUS005789,INS000004,Technical Issue,Low,Resolved,Mobile App,2024-11-08,3
TKT002145,CUS008167,INS000001,Transaction Issue,Low,Closed,Email,2026-02-07,7
TKT002146,CUS002483,INS000002,Technical Issue,Low,In Progress,Phone,2026-02-03,6
TKT002147,CUS005524,INS000004,Payment Issue,Medium,Resolved,Email,2026-06-24,2
TKT002148,CUS004104,INS000001,Transaction Issue,Low,Resolved,Email,2024-11-01,7
TKT002149,CUS000869,INS000002,Fraud Report,Low,Closed,Mobile App,2026-03-29,5
TKT002150,CUS008688,INS000004,Account Issue,Low,Closed,Branch,2025-04-14,1
TKT002151,CUS007082,INS000001,Loan Query,Medium,Resolved,Mobile App,2026-04-25,1
TKT002152,CUS009175,INS000001,Payment Issue,Low,Resolved,Phone,2025-10-06,3
TKT002153,CUS009390,INS000005,Payment Issue,Medium,Open,Website,2025-06-01,4
TKT002154,CUS003922,INS000005,Card Issue,High,Resolved,Email,2025-11-17,1
TKT002155,CUS003125,INS000001,Account Issue,Low,Resolved,Phone,2024-08-10,3
TKT002156,CUS005354,INS000001,Account Issue,Low,Closed,Website,2026-02-07,4
TKT002157,CUS005134,INS000002,Account Issue,High,Open,Email,2025-04-12,4
TKT002158,CUS002148,INS000005,Account Issue,Low,Closed,Branch,2025-01-02,1
TKT002159,CUS006679,INS000004,Loan Query,Low,In Progress,Mobile App,2025-07-06,5
TKT002160,CUS005126,INS000005,Account Issue,High,Closed,Mobile App,2025-12-24,6
TKT002161,CUS006010,INS000005,Loan Query,Medium,Resolved,Phone,2025-07-13,4
TKT002162,CUS000222,INS000001,Transaction Issue,Low,Closed,Mobile App,2024-12-03,7
TKT002163,CUS008451,INS000001,Card Issue,Medium,Resolved,Branch,2024-10-21,2
TKT002164,CUS001250,INS000004,Transaction Issue,Medium,Closed,Website,2025-03-19,7
TKT002165,CUS008735,INS000003,Card Issue,Medium,Resolved,Email,2025-08-28,5
TKT002166,CUS002181,INS000005,Transaction Issue,Low,In Progress,Website,2025-07-25,4
TKT002167,CUS008677,INS000003,Account Issue,Critical,Open,Email,2024-12-12,5
TKT002168,CUS009698,INS000005,Transaction Issue,Medium,Resolved,Email,2025-04-30,6
TKT002169,CUS003959,INS000004,Technical Issue,High,Resolved,Branch,2025-11-09,2
TKT002170,CUS007789,INS000003,Payment Issue,Low,Open,Website,2025-03-05,1
TKT002171,CUS002954,INS000004,Account Issue,Medium,Resolved,Mobile App,2025-01-11,7
TKT002172,CUS000337,INS000001,Transaction Issue,Medium,Open,Mobile App,2025-02-04,3
TKT002173,CUS001281,INS000001,Loan Query,Low,Resolved,Email,2025-09-05,2
TKT002174,CUS005391,INS000004,Card Issue,Low,Resolved,Mobile App,2026-06-15,1
TKT002175,CUS008801,INS000002,Transaction Issue,Critical,Closed,Phone,2026-02-24,1
TKT002176,CUS009118,INS000004,Account Issue,Critical,Closed,Phone,2026-02-21,3
TKT002177,CUS008312,INS000003,Account Issue,High,Resolved,Branch,2024-09-07,4
TKT002178,CUS003423,INS000005,Fraud Report,Low,Resolved,Phone,2025-02-06,3
TKT002179,CUS000191,INS000002,Card Issue,High,Resolved,Website,2026-07-15,6
TKT002180,CUS005057,INS000001,Technical Issue,High,Resolved,Website,2025-12-07,2
TKT002181,CUS009795,INS000003,Card Issue,Medium,Resolved,Mobile App,2025-08-16,5
TKT002182,CUS003099,INS000002,Transaction Issue,Medium,In Progress,Mobile App,2024-12-04,1
TKT002183,CUS004724,INS000005,Payment Issue,Low,Resolved,Mobile App,2025-11-12,2
TKT002184,CUS005419,INS000002,Payment Issue,Critical,Resolved,Branch,2026-07-13,5
TKT002185,CUS008807,INS000001,Loan Query,Low,Resolved,Phone,2025-06-13,4
TKT002186,CUS008452,INS000005,Account Issue,Medium,Closed,Mobile App,2026-03-06,5
TKT002187,CUS003754,INS000001,Card Issue,Low,Resolved,Mobile App,2026-04-14,1
TKT002188,CUS007955,INS000004,Payment Issue,High,Resolved,Phone,2025-05-13,2
TKT002189,CUS004968,INS000003,Loan Query,High,Closed,Mobile App,2025-01-18,2
TKT002190,CUS002546,INS000002,Payment Issue,Medium,In Progress,Email,2025-01-04,5
TKT002191,CUS004499,INS000004,Transaction Issue,Low,Resolved,Phone,2025-01-12,7
TKT002192,CUS009913,INS000001,Payment Issue,Medium,Open,Email,2025-02-06,3
TKT002193,CUS008153,INS000004,Payment Issue,Medium,In Progress,Mobile App,2026-01-16,3
TKT002194,CUS008660,INS000004,Payment Issue,High,Resolved,Mobile App,2024-12-06,1
TKT002195,CUS008305,INS000003,Account Issue,High,Closed,Mobile App,2024-09-21,5
TKT002196,CUS004912,INS000003,Card Issue,Low,Resolved,Email,2024-11-26,7
TKT002197,CUS006723,INS000002,Card Issue,Critical,Resolved,Website,2026-02-08,2
TKT002198,CUS009816,INS000005,Card Issue,Low,Closed,Mobile App,2025-11-24,5
TKT002199,CUS000599,INS000005,Card Issue,High,Closed,Email,2025-01-27,1
TKT002200,CUS009066,INS000005,Payment Issue,Critical,In Progress,Email,2025-06-22,6
TKT002201,CUS002493,INS000003,Payment Issue,Medium,Resolved,Mobile App,2025-11-23,3
TKT002202,CUS007637,INS000002,Technical Issue,Low,In Progress,Website,2025-09-17,4
TKT002203,CUS006444,INS000005,Loan Query,Low,In Progress,Website,2025-04-21,1
TKT002204,CUS002329,INS000002,Loan Query,Low,Resolved,Email,2024-10-18,1
TKT002205,CUS006467,INS000005,Payment Issue,Low,Resolved,Mobile App,2025-12-25,6
TKT002206,CUS000249,INS000004,Transaction Issue,Low,In Progress,Phone,2026-05-06,2
TKT002207,CUS001740,INS000004,Account Issue,Medium,In Progress,Website,2026-02-18,5
TKT002208,CUS002407,INS000001,Transaction Issue,Medium,Closed,Website,2026-06-12,5
TKT002209,CUS001535,INS000005,Technical Issue,Medium,In Progress,Mobile App,2025-08-14,3
TKT002210,CUS006545,INS000001,Payment Issue,Medium,Resolved,Mobile App,2026-07-31,2
TKT002211,CUS003243,INS000002,Transaction Issue,Low,Closed,Website,2024-12-23,5
TKT002212,CUS000657,INS000001,Account Issue,High,Resolved,Mobile App,2025-07-21,1
TKT002213,CUS006046,INS000001,Card Issue,High,Closed,Phone,2025-12-29,7
TKT002214,CUS006342,INS000005,Card Issue,Low,Resolved,Mobile App,2025-07-10,1
TKT002215,CUS000100,INS000001,Payment Issue,Low,Resolved,Mobile App,2026-05-28,7
TKT002216,CUS000583,INS000001,Loan Query,Low,Closed,Phone,2024-08-30,3
TKT002217,CUS000523,INS000004,Transaction Issue,High,Resolved,Website,2024-12-16,6
TKT002218,CUS000737,INS000001,Transaction Issue,Critical,Resolved,Mobile App,2025-02-13,3
TKT002219,CUS008867,INS000001,Technical Issue,Low,Resolved,Email,2025-07-20,3
TKT002220,CUS008783,INS000001,Account Issue,Medium,Resolved,Website,2026-06-27,1
TKT002221,CUS000571,INS000002,Payment Issue,High,In Progress,Mobile App,2025-03-14,3
TKT002222,CUS004623,INS000001,Fraud Report,Medium,Resolved,Website,2025-08-19,7
TKT002223,CUS006369,INS000002,Payment Issue,Medium,Resolved,Mobile App,2025-09-29,6
TKT002224,CUS003989,INS000001,Account Issue,Medium,Resolved,Mobile App,2026-01-06,3
TKT002225,CUS007329,INS000002,Technical Issue,Low,In Progress,Phone,2025-07-27,2
TKT002226,CUS000058,INS000002,Account Issue,Critical,Open,Email,2024-12-08,7
TKT002227,CUS009961,INS000004,Technical Issue,Low,Closed,Website,2025-03-04,4
TKT002228,CUS005561,INS000004,Payment Issue,Medium,In Progress,Website,2025-06-13,7
TKT002229,CUS008996,INS000003,Loan Query,Medium,Closed,Phone,2024-11-14,7
TKT002230,CUS007138,INS000004,Card Issue,Low,Closed,Mobile App,2025-01-14,2
TKT002231,CUS007886,INS000005,Payment Issue,Medium,Closed,Phone,2024-12-27,1
TKT002232,CUS001007,INS000002,Technical Issue,Low,Resolved,Mobile App,2025-12-10,2
TKT002233,CUS004152,INS000005,Payment Issue,Low,Resolved,Email,2025-04-28,3
TKT002234,CUS002303,INS000001,Transaction Issue,Critical,Closed,Branch,2026-07-22,2
TKT002235,CUS000293,INS000001,Loan Query,Medium,In Progress,Website,2025-08-14,6
TKT002236,CUS002650,INS000005,Transaction Issue,Critical,Closed,Phone,2024-11-21,1
TKT002237,CUS000771,INS000005,Loan Query,Medium,Closed,Phone,2026-07-09,7
TKT002238,CUS000149,INS000002,Account Issue,Medium,Closed,Mobile App,2025-05-26,5
TKT002239,CUS003711,INS000005,Technical Issue,Medium,Closed,Website,2025-03-27,3
TKT002240,CUS007781,INS000005,Payment Issue,High,Resolved,Website,2025-03-17,5
TKT002241,CUS000247,INS000004,Fraud Report,Low,Resolved,Website,2025-04-11,5
TKT002242,CUS003887,INS000004,Card Issue,Medium,Resolved,Mobile App,2025-05-29,3
TKT002243,CUS005347,INS000005,Fraud Report,Medium,Closed,Website,2025-06-18,3
TKT002244,CUS009018,INS000005,Transaction Issue,Low,Resolved,Phone,2024-08-31,5
TKT002245,CUS008338,INS000001,Transaction Issue,Low,In Progress,Mobile App,2026-07-24,2
TKT002246,CUS006504,INS000005,Payment Issue,Low,In Progress,Mobile App,2026-05-12,4
TKT002247,CUS002403,INS000002,Transaction Issue,High,Resolved,Mobile App,2025-06-13,1
TKT002248,CUS006390,INS000004,Card Issue,Low,Open,Mobile App,2025-06-21,6
TKT002249,CUS003455,INS000004,Card Issue,Medium,Closed,Mobile App,2025-05-03,5
TKT002250,CUS004703,INS000005,Payment Issue,Low,Resolved,Mobile App,2026-07-27,6
TKT002251,CUS004114,INS000001,Card Issue,Low,In Progress,Mobile App,2026-01-08,2
TKT002252,CUS000782,INS000001,Payment Issue,High,In Progress,Phone,2025-06-24,5
TKT002253,CUS006781,INS000002,Payment Issue,Medium,Resolved,Phone,2025-03-21,5
TKT002254,CUS006057,INS000002,Payment Issue,High,Resolved,Mobile App,2025-10-28,3
TKT002255,CUS000348,INS000001,Loan Query,High,Closed,Website,2025-09-25,4
TKT002256,CUS003869,INS000003,Transaction Issue,Medium,Open,Email,2026-04-01,6
TKT002257,CUS002150,INS000004,Account Issue,Medium,Closed,Mobile App,2024-10-27,7
TKT002258,CUS001301,INS000005,Transaction Issue,Low,Resolved,Branch,2025-12-01,3
TKT002259,CUS004599,INS000005,Card Issue,Low,Closed,Website,2026-05-05,6
TKT002260,CUS001075,INS000005,Fraud Report,High,Resolved,Mobile App,2026-02-24,5
TKT002261,CUS004952,INS000003,Account Issue,Critical,Closed,Email,2024-08-09,7
TKT002262,CUS003319,INS000001,Loan Query,High,Resolved,Website,2026-02-07,3
TKT002263,CUS004223,INS000005,Account Issue,Low,Open,Mobile App,2024-10-20,7
TKT002264,CUS005076,INS000005,Transaction Issue,Critical,Resolved,Email,2024-11-25,1
TKT002265,CUS005750,INS000002,Payment Issue,Medium,Resolved,Mobile App,2025-12-29,5
TKT002266,CUS008903,INS000004,Account Issue,Medium,Closed,Mobile App,2026-02-02,7
TKT002267,CUS003324,INS000004,Transaction Issue,Medium,Open,Phone,2026-07-20,1
TKT002268,CUS006284,INS000002,Payment Issue,Low,Closed,Email,2025-02-10,2
TKT002269,CUS003808,INS000005,Payment Issue,Medium,Resolved,Mobile App,2025-10-05,7
TKT002270,CUS005235,INS000005,Loan Query,Medium,Open,Mobile App,2025-10-06,2
TKT002271,CUS005326,INS000002,Fraud Report,High,Open,Mobile App,2026-04-03,7
TKT002272,CUS005830,INS000001,Fraud Report,High,Resolved,Website,2025-10-07,2
TKT002273,CUS004080,INS000001,Payment Issue,High,Closed,Mobile App,2026-02-10,6
TKT002274,CUS007407,INS000002,Payment Issue,Low,Closed,Branch,2026-04-03,3
TKT002275,CUS002297,INS000002,Technical Issue,Critical,Resolved,Website,2024-10-27,7
TKT002276,CUS000055,INS000003,Account Issue,Medium,Resolved,Phone,2026-07-01,3
TKT002277,CUS003849,INS000001,Technical Issue,Low,Closed,Email,2025-10-03,5
TKT002278,CUS002738,INS000003,Transaction Issue,Medium,Resolved,Branch,2025-06-14,6
TKT002279,CUS004196,INS000005,Transaction Issue,High,Closed,Email,2026-05-09,6
TKT002280,CUS000364,INS000005,Transaction Issue,Medium,Closed,Phone,2025-02-07,2
TKT002281,CUS004122,INS000002,Payment Issue,Medium,Closed,Phone,2025-06-01,5
TKT002282,CUS009702,INS000005,Payment Issue,Medium,Closed,Website,2025-09-28,5
TKT002283,CUS008057,INS000001,Technical Issue,Medium,Resolved,Mobile App,2025-09-06,3
TKT002284,CUS009135,INS000002,Account Issue,Low,Closed,Branch,2026-06-25,6
TKT002285,CUS006394,INS000001,Loan Query,Low,Resolved,Mobile App,2025-02-10,1
TKT002286,CUS001209,INS000002,Payment Issue,Medium,Resolved,Email,2025-06-20,4
TKT002287,CUS008343,INS000004,Transaction Issue,Low,Closed,Mobile App,2025-05-30,6
TKT002288,CUS002442,INS000002,Loan Query,Critical,Closed,Email,2024-09-24,7
TKT002289,CUS006971,INS000004,Loan Query,Medium,In Progress,Mobile App,2026-07-25,7
TKT002290,CUS002897,INS000001,Transaction Issue,Medium,Open,Mobile App,2026-05-28,1
TKT002291,CUS002892,INS000004,Transaction Issue,Low,Resolved,Branch,2024-09-16,7
TKT002292,CUS008938,INS000005,Card Issue,High,Closed,Phone,2025-04-04,5
TKT002293,CUS001935,INS000005,Payment Issue,High,Resolved,Mobile App,2025-10-28,2
TKT002294,CUS007160,INS000004,Payment Issue,High,In Progress,Mobile App,2025-04-27,5
TKT002295,CUS002338,INS000004,Fraud Report,Low,Closed,Mobile App,2026-03-02,4
TKT002296,CUS007922,INS000001,Payment Issue,Medium,Resolved,Website,2024-10-30,7
TKT002297,CUS003716,INS000003,Technical Issue,Medium,Closed,Mobile App,2025-11-25,2
TKT002298,CUS007720,INS000002,Payment Issue,High,Closed,Mobile App,2024-12-28,6
TKT002299,CUS002546,INS000002,Payment Issue,Low,Resolved,Mobile App,2025-04-06,5
TKT002300,CUS006581,INS000005,Technical Issue,High,Resolved,Website,2025-02-24,7
TKT002301,CUS009985,INS000001,Card Issue,Medium,Resolved,Mobile App,2026-05-09,3
TKT002302,CUS002515,INS000004,Payment Issue,Low,Resolved,Phone,2025-01-08,3
TKT002303,CUS006176,INS000002,Payment Issue,Medium,Open,Website,2026-01-27,2
TKT002304,CUS001092,INS000003,Fraud Report,Critical,Resolved,Branch,2025-02-16,7
TKT002305,CUS003684,INS000004,Transaction Issue,High,Open,Phone,2026-03-06,1
TKT002306,CUS003624,INS000004,Transaction Issue,Medium,Resolved,Phone,2024-12-03,6
TKT002307,CUS007433,INS000003,Payment Issue,High,Resolved,Website,2025-04-13,4
TKT002308,CUS003681,INS000001,Technical Issue,Low,Resolved,Email,2025-02-24,3
TKT002309,CUS008704,INS000001,Card Issue,Medium,Resolved,Website,2026-04-27,6
TKT002310,CUS002502,INS000005,Account Issue,Low,Closed,Mobile App,2025-03-04,4
TKT002311,CUS000544,INS000004,Account Issue,Medium,Open,Website,2026-03-24,7
TKT002312,CUS008592,INS000005,Account Issue,Low,Closed,Phone,2026-04-15,1
TKT002313,CUS000910,INS000002,Card Issue,Low,In Progress,Mobile App,2024-12-23,2
TKT002314,CUS002862,INS000004,Card Issue,Medium,Resolved,Phone,2026-07-16,5
TKT002315,CUS007485,INS000002,Loan Query,Critical,In Progress,Email,2025-05-14,5
TKT002316,CUS008757,INS000005,Account Issue,Medium,Closed,Mobile App,2024-08-11,4
TKT002317,CUS009104,INS000003,Fraud Report,High,Closed,Mobile App,2024-09-09,5
TKT002318,CUS009738,INS000002,Account Issue,Low,Resolved,Email,2026-06-27,4
TKT002319,CUS008012,INS000001,Technical Issue,Medium,Resolved,Mobile App,2025-02-11,6
TKT002320,CUS009073,INS000001,Fraud Report,Low,Resolved,Email,2026-06-08,6
TKT002321,CUS008796,INS000004,Technical Issue,Low,Resolved,Website,2025-06-24,1
TKT002322,CUS003911,INS000003,Payment Issue,High,In Progress,Email,2025-10-20,3
TKT002323,CUS002139,INS000005,Loan Query,Low,Closed,Email,2026-01-09,5
TKT002324,CUS005883,INS000005,Payment Issue,Medium,Closed,Mobile App,2025-08-28,7
TKT002325,CUS000876,INS000004,Transaction Issue,High,Closed,Email,2026-03-31,1
TKT002326,CUS006186,INS000003,Transaction Issue,Low,Open,Mobile App,2026-04-05,1
TKT002327,CUS000757,INS000005,Card Issue,Medium,Open,Mobile App,2024-09-06,5
TKT002328,CUS007628,INS000002,Technical Issue,Low,Resolved,Email,2025-05-09,3
TKT002329,CUS003963,INS000004,Payment Issue,High,Resolved,Branch,2025-07-31,3
TKT002330,CUS001231,INS000003,Fraud Report,Medium,Resolved,Website,2025-03-06,7
TKT002331,CUS005948,INS000003,Fraud Report,High,Closed,Mobile App,2025-11-09,6
TKT002332,CUS006173,INS000002,Technical Issue,Medium,Closed,Website,2025-03-14,7
TKT002333,CUS002549,INS000002,Card Issue,Low,In Progress,Email,2026-02-05,3
TKT002334,CUS004180,INS000004,Account Issue,Low,Resolved,Website,2026-04-27,6
TKT002335,CUS007399,INS000002,Transaction Issue,High,Resolved,Website,2025-10-30,4
TKT002336,CUS008499,INS000005,Account Issue,Low,Closed,Phone,2026-02-08,5
TKT002337,CUS009753,INS000001,Transaction Issue,Low,Closed,Website,2025-06-18,5
TKT002338,CUS002428,INS000002,Card Issue,Medium,Closed,Website,2025-06-16,7
TKT002339,CUS006498,INS000003,Fraud Report,Low,Open,Mobile App,2025-10-23,5
TKT002340,CUS009479,INS000001,Fraud Report,Low,Resolved,Mobile App,2024-11-20,5
TKT002341,CUS008074,INS000003,Transaction Issue,High,Closed,Phone,2024-12-15,5
TKT002342,CUS000375,INS000001,Payment Issue,High,In Progress,Branch,2025-08-03,3
TKT002343,CUS009302,INS000004,Fraud Report,Low,Closed,Email,2025-10-12,5
TKT002344,CUS000637,INS000001,Technical Issue,Medium,Closed,Branch,2026-03-24,1
TKT002345,CUS004492,INS000005,Account Issue,High,In Progress,Phone,2024-08-15,6
TKT002346,CUS008866,INS000002,Card Issue,High,Open,Email,2025-12-20,7
TKT002347,CUS003195,INS000002,Payment Issue,Medium,Closed,Branch,2025-04-23,2
TKT002348,CUS001076,INS000001,Fraud Report,Low,Resolved,Mobile App,2024-11-16,5
TKT002349,CUS004018,INS000003,Fraud Report,High,Open,Mobile App,2025-06-06,3
TKT002350,CUS009271,INS000002,Payment Issue,Medium,Resolved,Mobile App,2025-08-22,3
TKT002351,CUS001257,INS000004,Payment Issue,High,Resolved,Branch,2024-10-30,4
TKT002352,CUS002677,INS000005,Technical Issue,Medium,Resolved,Phone,2025-11-04,4
TKT002353,CUS000733,INS000004,Fraud Report,Medium,Closed,Phone,2025-10-22,3
TKT002354,CUS001644,INS000001,Technical Issue,Medium,Closed,Branch,2026-05-31,6
TKT002355,CUS001030,INS000001,Card Issue,Low,Closed,Phone,2026-04-28,2
TKT002356,CUS006927,INS000002,Card Issue,Critical,Closed,Website,2026-01-04,7
TKT002357,CUS008475,INS000002,Fraud Report,Low,Resolved,Phone,2026-06-27,6
TKT002358,CUS002183,INS000004,Technical Issue,Low,Closed,Website,2025-07-05,2
TKT002359,CUS004979,INS000004,Transaction Issue,Medium,Resolved,Mobile App,2026-04-11,5
TKT002360,CUS005745,INS000004,Technical Issue,Medium,Resolved,Mobile App,2026-03-11,4
TKT002361,CUS005264,INS000001,Loan Query,Low,Closed,Website,2025-12-01,2
TKT002362,CUS005511,INS000004,Payment Issue,High,Closed,Email,2024-10-04,4
TKT002363,CUS005683,INS000002,Account Issue,Low,Resolved,Phone,2024-12-04,6
TKT002364,CUS003514,INS000003,Fraud Report,High,Closed,Phone,2025-05-08,6
TKT002365,CUS007520,INS000003,Loan Query,Low,Closed,Mobile App,2025-11-16,3
TKT002366,CUS007143,INS000002,Fraud Report,High,In Progress,Mobile App,2026-06-03,4
TKT002367,CUS004437,INS000001,Account Issue,Low,Open,Phone,2025-01-21,3
TKT002368,CUS002664,INS000001,Fraud Report,Medium,Open,Mobile App,2026-07-14,4
TKT002369,CUS004114,INS000001,Payment Issue,Low,Resolved,Mobile App,2025-10-10,1
TKT002370,CUS008339,INS000002,Card Issue,Medium,Resolved,Email,2025-02-04,5
TKT002371,CUS005871,INS000002,Payment Issue,Low,Resolved,Mobile App,2026-01-11,3
TKT002372,CUS009692,INS000004,Payment Issue,Low,In Progress,Phone,2025-09-06,5
TKT002373,CUS007859,INS000003,Transaction Issue,Low,In Progress,Phone,2025-10-06,5
TKT002374,CUS002576,INS000005,Loan Query,Medium,Resolved,Mobile App,2025-04-05,5
TKT002375,CUS000504,INS000003,Loan Query,Medium,Resolved,Phone,2024-12-30,3
TKT002376,CUS002562,INS000003,Transaction Issue,Low,Open,Mobile App,2024-10-19,1
TKT002377,CUS009266,INS000001,Payment Issue,Low,Closed,Branch,2025-08-24,6
TKT002378,CUS004826,INS000002,Transaction Issue,Low,Resolved,Mobile App,2026-06-16,5
TKT002379,CUS006767,INS000003,Account Issue,High,In Progress,Phone,2026-08-04,6
TKT002380,CUS001473,INS000003,Card Issue,Medium,Resolved,Phone,2026-01-21,1
TKT002381,CUS008528,INS000005,Transaction Issue,High,In Progress,Phone,2025-05-10,2
TKT002382,CUS009985,INS000001,Transaction Issue,High,Resolved,Website,2026-02-24,5
TKT002383,CUS000237,INS000001,Loan Query,Medium,Resolved,Phone,2024-08-17,6
TKT002384,CUS008721,INS000005,Fraud Report,Medium,Resolved,Phone,2024-12-21,3
TKT002385,CUS004155,INS000004,Payment Issue,Medium,Resolved,Website,2026-01-03,2
TKT002386,CUS007387,INS000003,Loan Query,High,Resolved,Mobile App,2025-11-16,3
TKT002387,CUS003625,INS000004,Fraud Report,Low,Closed,Email,2024-10-03,4
TKT002388,CUS003782,INS000004,Loan Query,Low,Closed,Phone,2024-10-11,6
TKT002389,CUS006096,INS000003,Card Issue,Low,Closed,Mobile App,2026-04-17,5
TKT002390,CUS007053,INS000002,Loan Query,High,Closed,Mobile App,2024-11-22,4
TKT002391,CUS007787,INS000004,Payment Issue,Medium,Closed,Phone,2026-07-10,4
TKT002392,CUS007994,INS000001,Payment Issue,Low,Closed,Phone,2025-09-15,1
TKT002393,CUS005095,INS000004,Technical Issue,Low,Open,Mobile App,2025-11-10,3
TKT002394,CUS000243,INS000001,Payment Issue,Medium,Resolved,Email,2025-11-20,1
TKT002395,CUS008257,INS000002,Loan Query,Medium,Resolved,Branch,2025-04-25,2
TKT002396,CUS004463,INS000001,Technical Issue,Low,Closed,Phone,2026-01-28,6
TKT002397,CUS000599,INS000005,Payment Issue,Critical,Resolved,Mobile App,2026-03-21,5
TKT002398,CUS003537,INS000005,Fraud Report,High,Resolved,Mobile App,2026-03-12,4
TKT002399,CUS005129,INS000002,Payment Issue,Medium,In Progress,Website,2025-02-14,4
TKT002400,CUS006283,INS000003,Loan Query,Low,Resolved,Website,2026-02-17,4
TKT002401,CUS007960,INS000005,Account Issue,Low,Closed,Website,2025-04-03,5
TKT002402,CUS008144,INS000001,Payment Issue,Medium,Resolved,Phone,2025-10-07,2
TKT002403,CUS003425,INS000003,Transaction Issue,Low,Closed,Phone,2025-03-07,3
TKT002404,CUS004437,INS000001,Technical Issue,Medium,Resolved,Website,2025-01-21,4
TKT002405,CUS000229,INS000003,Account Issue,Medium,In Progress,Phone,2025-12-25,4
TKT002406,CUS009035,INS000004,Transaction Issue,Medium,Closed,Phone,2025-09-12,4
TKT002407,CUS007379,INS000005,Technical Issue,Low,Open,Website,2025-08-02,5
TKT002408,CUS002559,INS000005,Card Issue,Medium,Resolved,Mobile App,2026-04-23,2
TKT002409,CUS006497,INS000002,Technical Issue,Low,Resolved,Website,2024-08-26,7
TKT002410,CUS007242,INS000001,Transaction Issue,High,Closed,Mobile App,2025-08-27,2
TKT002411,CUS006894,INS000003,Payment Issue,Critical,Resolved,Mobile App,2026-03-11,5
TKT002412,CUS000824,INS000003,Transaction Issue,Low,Resolved,Mobile App,2025-06-29,2
TKT002413,CUS004536,INS000003,Card Issue,Medium,Open,Mobile App,2025-12-13,6
TKT002414,CUS005395,INS000003,Loan Query,Medium,Resolved,Mobile App,2024-10-03,3
TKT002415,CUS001570,INS000003,Technical Issue,Low,Closed,Email,2024-09-02,6
TKT002416,CUS009558,INS000002,Technical Issue,Low,Resolved,Phone,2025-05-14,5
TKT002417,CUS002599,INS000002,Fraud Report,Low,Open,Branch,2025-10-15,6
TKT002418,CUS007912,INS000003,Technical Issue,Medium,In Progress,Mobile App,2024-09-30,4
TKT002419,CUS008881,INS000002,Account Issue,Medium,Open,Mobile App,2025-10-30,3
TKT002420,CUS002811,INS000003,Account Issue,Medium,Closed,Website,2026-07-06,4
TKT002421,CUS002083,INS000005,Account Issue,Medium,Resolved,Phone,2026-07-16,4
TKT002422,CUS005691,INS000005,Account Issue,Medium,Resolved,Phone,2026-02-14,6
TKT002423,CUS004818,INS000004,Transaction Issue,Medium,Closed,Phone,2026-07-02,7
TKT002424,CUS001219,INS000005,Account Issue,Medium,Resolved,Website,2025-07-03,1
TKT002425,CUS000529,INS000005,Payment Issue,Low,Resolved,Phone,2025-10-13,3
TKT002426,CUS005682,INS000001,Card Issue,High,Resolved,Website,2026-08-07,7
TKT002427,CUS003298,INS000005,Account Issue,Low,Resolved,Phone,2025-08-27,4
TKT002428,CUS006123,INS000005,Account Issue,Medium,Closed,Branch,2026-03-17,3
TKT002429,CUS002265,INS000003,Fraud Report,Medium,Open,Mobile App,2024-11-29,1
TKT002430,CUS005272,INS000002,Account Issue,Low,Closed,Mobile App,2026-07-16,2
TKT002431,CUS007867,INS000005,Payment Issue,Medium,Resolved,Email,2025-01-28,7
TKT002432,CUS007762,INS000001,Card Issue,High,Resolved,Mobile App,2024-12-08,6
TKT002433,CUS005308,INS000003,Transaction Issue,Medium,In Progress,Mobile App,2025-07-22,2
TKT002434,CUS002804,INS000001,Account Issue,Low,In Progress,Email,2025-08-16,4
TKT002435,CUS007410,INS000002,Transaction Issue,Medium,Resolved,Mobile App,2025-05-08,1
TKT002436,CUS002007,INS000001,Transaction Issue,Medium,Resolved,Phone,2026-05-26,5
TKT002437,CUS001283,INS000005,Loan Query,Medium,Closed,Branch,2025-11-02,2
TKT002438,CUS009623,INS000003,Fraud Report,Low,Resolved,Mobile App,2026-04-07,6
TKT002439,CUS009528,INS000004,Card Issue,High,Closed,Mobile App,2024-12-11,1
TKT002440,CUS009074,INS000002,Card Issue,Low,Closed,Email,2026-07-10,1
TKT002441,CUS006418,INS000005,Fraud Report,Low,Resolved,Mobile App,2026-02-08,4
TKT002442,CUS009240,INS000001,Card Issue,Low,Closed,Mobile App,2024-11-30,7
TKT002443,CUS004687,INS000004,Payment Issue,Medium,In Progress,Mobile App,2025-09-30,1
TKT002444,CUS003946,INS000005,Payment Issue,Medium,Resolved,Phone,2025-08-16,3
TKT002445,CUS009958,INS000004,Transaction Issue,High,Closed,Phone,2025-02-08,4
TKT002446,CUS003823,INS000004,Card Issue,Medium,Resolved,Branch,2025-01-12,3
TKT002447,CUS008792,INS000001,Transaction Issue,High,Closed,Mobile App,2025-09-13,4
TKT002448,CUS002179,INS000001,Technical Issue,Low,Closed,Phone,2024-12-20,2
TKT002449,CUS003894,INS000002,Transaction Issue,Critical,Resolved,Mobile App,2024-10-01,7
TKT002450,CUS009672,INS000004,Account Issue,Low,Resolved,Phone,2025-09-28,1
TKT002451,CUS009621,INS000005,Account Issue,Low,Resolved,Email,2025-11-08,5
TKT002452,CUS003966,INS000005,Technical Issue,Medium,Resolved,Email,2025-07-19,4
TKT002453,CUS003755,INS000005,Card Issue,Medium,Resolved,Phone,2025-08-16,6
TKT002454,CUS008532,INS000004,Payment Issue,Low,Resolved,Phone,2025-12-09,2
TKT002455,CUS003940,INS000004,Fraud Report,Medium,Closed,Mobile App,2025-01-29,4
TKT002456,CUS009164,INS000004,Fraud Report,Medium,Resolved,Email,2025-04-12,2
TKT002457,CUS007929,INS000005,Transaction Issue,High,In Progress,Website,2026-03-16,7
TKT002458,CUS001716,INS000002,Payment Issue,Low,Resolved,Phone,2026-05-08,7
TKT002459,CUS008931,INS000004,Technical Issue,Medium,Closed,Website,2026-02-21,1
TKT002460,CUS003775,INS000003,Account Issue,Low,Closed,Mobile App,2026-03-30,7
TKT002461,CUS009806,INS000004,Payment Issue,Low,Resolved,Website,2025-11-12,4
TKT002462,CUS000174,INS000004,Payment Issue,Medium,Resolved,Mobile App,2026-03-31,2
TKT002463,CUS000535,INS000003,Transaction Issue,Low,Resolved,Phone,2025-02-22,5
TKT002464,CUS001260,INS000001,Loan Query,Medium,Resolved,Phone,2025-12-06,1
TKT002465,CUS005068,INS000002,Account Issue,High,Resolved,Website,2024-08-27,3
TKT002466,CUS004806,INS000005,Payment Issue,Low,Resolved,Phone,2025-12-24,6
TKT002467,CUS007201,INS000003,Account Issue,Medium,Closed,Website,2026-07-21,5
TKT002468,CUS003000,INS000004,Transaction Issue,Low,Resolved,Mobile App,2025-07-23,7
TKT002469,CUS000973,INS000005,Transaction Issue,High,Closed,Mobile App,2025-12-05,7
TKT002470,CUS007039,INS000003,Payment Issue,High,Resolved,Website,2026-03-16,7
TKT002471,CUS003614,INS000005,Fraud Report,Low,Closed,Mobile App,2026-01-19,7
TKT002472,CUS001900,INS000004,Card Issue,Medium,Resolved,Mobile App,2025-03-09,2
TKT002473,CUS006838,INS000005,Transaction Issue,Medium,Resolved,Mobile App,2025-05-31,3
TKT002474,CUS005557,INS000002,Account Issue,Medium,Closed,Mobile App,2026-01-17,3
TKT002475,CUS009681,INS000003,Loan Query,Medium,Resolved,Website,2026-01-13,3
TKT002476,CUS006568,INS000005,Technical Issue,Low,Resolved,Phone,2025-05-19,1
TKT002477,CUS002475,INS000004,Card Issue,Low,In Progress,Phone,2026-07-11,3
TKT002478,CUS009538,INS000001,Transaction Issue,Medium,Resolved,Phone,2025-11-05,7
TKT002479,CUS000924,INS000005,Transaction Issue,Low,Closed,Branch,2024-10-31,7
TKT002480,CUS007434,INS000002,Transaction Issue,Low,Resolved,Email,2025-02-01,2
TKT002481,CUS002398,INS000001,Account Issue,Medium,Resolved,Mobile App,2025-05-16,3
TKT002482,CUS008465,INS000002,Card Issue,High,In Progress,Phone,2025-01-17,5
TKT002483,CUS007541,INS000001,Transaction Issue,Low,Resolved,Mobile App,2025-01-19,6
TKT002484,CUS006409,INS000002,Payment Issue,Medium,Resolved,Mobile App,2024-10-02,2
TKT002485,CUS005168,INS000004,Technical Issue,Medium,Closed,Website,2025-10-17,3
TKT002486,CUS006864,INS000004,Card Issue,Low,In Progress,Mobile App,2025-11-13,3
TKT002487,CUS008232,INS000002,Card Issue,Medium,Resolved,Mobile App,2025-03-20,2
TKT002488,CUS003682,INS000001,Loan Query,Medium,Closed,Phone,2024-08-14,7
TKT002489,CUS003858,INS000001,Loan Query,Low,Resolved,Email,2025-02-10,3
TKT002490,CUS008820,INS000005,Loan Query,Medium,Resolved,Phone,2026-07-28,4
TKT002491,CUS005651,INS000005,Loan Query,High,Resolved,Website,2026-01-21,4
TKT002492,CUS006689,INS000001,Card Issue,Low,Resolved,Branch,2026-03-16,7
TKT002493,CUS002883,INS000002,Loan Query,Medium,Open,Branch,2025-04-15,7
TKT002494,CUS006549,INS000003,Transaction Issue,Medium,Open,Mobile App,2026-03-10,5
TKT002495,CUS004163,INS000003,Account Issue,Medium,In Progress,Phone,2025-02-16,7
TKT002496,CUS008230,INS000005,Card Issue,Low,Resolved,Email,2026-02-04,5
TKT002497,CUS006619,INS000002,Transaction Issue,Medium,Resolved,Phone,2024-10-07,7
TKT002498,CUS006105,INS000002,Fraud Report,Low,Closed,Website,2025-08-28,4
TKT002499,CUS000252,INS000004,Account Issue,Medium,Resolved,Mobile App,2025-07-11,4
TKT002500,CUS006841,INS000004,Card Issue,High,Resolved,Branch,2024-10-12,2
TKT002501,CUS007042,INS000001,Fraud Report,Low,Resolved,Mobile App,2025-01-07,3
TKT002502,CUS000571,INS000002,Account Issue,Low,Resolved,Mobile App,2025-04-15,4
TKT002503,CUS004841,INS000003,Card Issue,Medium,Closed,Mobile App,2025-07-22,5
TKT002504,CUS009863,INS000002,Fraud Report,Low,Resolved,Mobile App,2025-04-11,3
TKT002505,CUS009360,INS000004,Loan Query,Low,Resolved,Phone,2026-05-27,6
TKT002506,CUS000550,INS000002,Account Issue,Medium,Open,Website,2026-03-14,7
TKT002507,CUS001921,INS000001,Card Issue,High,Resolved,Branch,2026-07-15,7
TKT002508,CUS001250,INS000004,Loan Query,Medium,Resolved,Branch,2025-11-21,7
TKT002509,CUS002362,INS000005,Payment Issue,Medium,Resolved,Mobile App,2024-09-04,4
TKT002510,CUS006853,INS000005,Transaction Issue,Medium,Open,Mobile App,2026-03-12,3
TKT002511,CUS001280,INS000002,Card Issue,High,In Progress,Website,2026-01-30,2
TKT002512,CUS009822,INS000003,Loan Query,Low,Resolved,Mobile App,2025-03-24,4
TKT002513,CUS000139,INS000002,Transaction Issue,Medium,Resolved,Website,2024-12-29,2
TKT002514,CUS007038,INS000002,Payment Issue,Low,Resolved,Phone,2025-12-11,6
TKT002515,CUS005807,INS000003,Card Issue,Medium,Resolved,Mobile App,2025-10-17,1
TKT002516,CUS003539,INS000002,Transaction Issue,High,Resolved,Website,2025-05-28,3
TKT002517,CUS004980,INS000002,Card Issue,Low,Resolved,Branch,2025-10-06,1
TKT002518,CUS008412,INS000001,Loan Query,Low,Resolved,Phone,2025-03-11,4
TKT002519,CUS006852,INS000004,Card Issue,High,Closed,Email,2025-01-06,2
TKT002520,CUS005728,INS000001,Payment Issue,Medium,Resolved,Mobile App,2024-12-24,7
TKT002521,CUS001992,INS000001,Transaction Issue,Medium,Resolved,Phone,2025-05-09,5
TKT002522,CUS001843,INS000001,Account Issue,Low,Open,Branch,2025-08-29,2
TKT002523,CUS005921,INS000001,Transaction Issue,Low,Closed,Branch,2025-02-12,4
TKT002524,CUS001064,INS000001,Loan Query,Low,Closed,Email,2025-10-27,4
TKT002525,CUS002038,INS000002,Transaction Issue,Low,Closed,Email,2025-09-27,4
TKT002526,CUS002934,INS000005,Account Issue,Medium,Resolved,Website,2024-09-01,4
TKT002527,CUS008231,INS000001,Technical Issue,Medium,Resolved,Email,2025-01-06,6
TKT002528,CUS008288,INS000004,Card Issue,High,Resolved,Email,2025-12-31,6
TKT002529,CUS009593,INS000002,Payment Issue,Medium,In Progress,Mobile App,2026-07-21,2
TKT002530,CUS001514,INS000005,Card Issue,Medium,Resolved,Phone,2025-05-09,5
TKT002531,CUS005215,INS000005,Card Issue,High,In Progress,Mobile App,2026-07-04,1
TKT002532,CUS006734,INS000004,Technical Issue,Medium,Resolved,Mobile App,2025-01-28,3
TKT002533,CUS001853,INS000001,Payment Issue,Medium,Closed,Website,2024-10-25,1
TKT002534,CUS006939,INS000003,Account Issue,Low,Resolved,Phone,2025-05-10,4
TKT002535,CUS009381,INS000003,Loan Query,Low,Closed,Email,2026-04-25,2
TKT002536,CUS003375,INS000002,Account Issue,Medium,Resolved,Branch,2026-07-09,4
TKT002537,CUS003516,INS000004,Technical Issue,Medium,Resolved,Website,2025-11-03,3
TKT002538,CUS004232,INS000003,Account Issue,High,Resolved,Phone,2026-01-24,2
TKT002539,CUS007988,INS000005,Account Issue,High,Open,Phone,2024-12-02,1
TKT002540,CUS009922,INS000001,Payment Issue,Low,Resolved,Phone,2026-03-19,2
TKT002541,CUS001550,INS000005,Account Issue,High,Resolved,Mobile App,2024-10-05,3
TKT002542,CUS004395,INS000001,Account Issue,Medium,Closed,Mobile App,2025-02-05,3
TKT002543,CUS006276,INS000002,Transaction Issue,Low,Open,Phone,2024-08-12,5
TKT002544,CUS003408,INS000005,Account Issue,Medium,Closed,Mobile App,2024-09-07,4
TKT002545,CUS004619,INS000004,Fraud Report,Medium,In Progress,Mobile App,2025-12-02,5
TKT002546,CUS004360,INS000002,Loan Query,Medium,Resolved,Phone,2025-10-16,1
TKT002547,CUS001768,INS000001,Card Issue,Critical,In Progress,Branch,2024-08-20,2
TKT002548,CUS005456,INS000002,Payment Issue,High,Closed,Mobile App,2025-01-19,1
TKT002549,CUS009087,INS000001,Card Issue,Medium,Resolved,Mobile App,2026-07-13,7
TKT002550,CUS003931,INS000001,Payment Issue,Low,Closed,Mobile App,2024-08-21,3
TKT002551,CUS000070,INS000004,Account Issue,Low,Resolved,Mobile App,2025-03-17,7
TKT002552,CUS000539,INS000002,Account Issue,Medium,Resolved,Branch,2024-09-25,3
TKT002553,CUS006597,INS000004,Payment Issue,Low,In Progress,Phone,2024-12-23,4
TKT002554,CUS005914,INS000002,Transaction Issue,Critical,Resolved,Phone,2026-08-02,2
TKT002555,CUS000430,INS000004,Loan Query,Low,Resolved,Mobile App,2025-03-23,5
TKT002556,CUS001539,INS000003,Payment Issue,Low,Resolved,Mobile App,2025-06-23,5
TKT002557,CUS009472,INS000003,Account Issue,Medium,Resolved,Phone,2025-06-16,5
TKT002558,CUS002301,INS000004,Payment Issue,Low,Resolved,Website,2025-01-05,1
TKT002559,CUS005057,INS000001,Fraud Report,Medium,Resolved,Phone,2026-06-30,4
TKT002560,CUS007529,INS000002,Account Issue,Medium,Resolved,Mobile App,2026-01-29,6
TKT002561,CUS009822,INS000003,Card Issue,Low,Resolved,Phone,2026-03-21,6
TKT002562,CUS005142,INS000002,Transaction Issue,Low,In Progress,Mobile App,2026-02-01,4
TKT002563,CUS006003,INS000002,Account Issue,Medium,Resolved,Phone,2025-03-04,7
TKT002564,CUS005120,INS000002,Account Issue,Critical,Closed,Mobile App,2026-07-27,2
TKT002565,CUS007937,INS000001,Transaction Issue,Low,Resolved,Website,2025-12-10,7
TKT002566,CUS003240,INS000004,Loan Query,High,Closed,Email,2025-01-18,2
TKT002567,CUS000929,INS000001,Payment Issue,High,Closed,Website,2025-02-18,7
TKT002568,CUS000301,INS000005,Card Issue,High,Resolved,Website,2025-04-03,2
TKT002569,CUS008747,INS000004,Loan Query,Medium,Resolved,Mobile App,2026-02-02,4
TKT002570,CUS001561,INS000004,Card Issue,Medium,Closed,Mobile App,2026-03-25,5
TKT002571,CUS004371,INS000002,Fraud Report,Low,Resolved,Mobile App,2025-07-24,7
TKT002572,CUS004392,INS000001,Account Issue,Medium,Resolved,Phone,2024-11-11,1
TKT002573,CUS003165,INS000003,Transaction Issue,Low,In Progress,Mobile App,2025-01-28,4
TKT002574,CUS006723,INS000002,Technical Issue,Low,Open,Website,2026-03-05,7
TKT002575,CUS001547,INS000004,Payment Issue,Medium,Resolved,Website,2025-05-28,4
TKT002576,CUS004924,INS000004,Payment Issue,Medium,Closed,Mobile App,2025-12-27,2
TKT002577,CUS005613,INS000002,Account Issue,Low,In Progress,Email,2025-04-05,3
TKT002578,CUS005077,INS000003,Transaction Issue,Medium,Open,Website,2025-01-09,7
TKT002579,CUS008021,INS000003,Transaction Issue,Medium,Closed,Mobile App,2026-04-12,7
TKT002580,CUS003198,INS000002,Transaction Issue,High,Closed,Website,2026-01-12,5
TKT002581,CUS001215,INS000001,Card Issue,Medium,Resolved,Email,2024-12-31,4
TKT002582,CUS007389,INS000003,Technical Issue,Low,Resolved,Mobile App,2025-09-30,6
TKT002583,CUS007371,INS000005,Transaction Issue,Critical,Resolved,Mobile App,2025-04-11,6
TKT002584,CUS007694,INS000004,Transaction Issue,High,Closed,Mobile App,2024-12-09,5
TKT002585,CUS005747,INS000004,Card Issue,Medium,Closed,Website,2025-01-28,5
TKT002586,CUS005366,INS000005,Loan Query,High,Resolved,Email,2025-02-24,2
TKT002587,CUS002281,INS000005,Transaction Issue,Low,Resolved,Website,2024-12-09,3
TKT002588,CUS004531,INS000002,Fraud Report,Medium,Closed,Email,2025-08-28,3
TKT002589,CUS001150,INS000004,Fraud Report,Low,Resolved,Mobile App,2025-11-05,1
TKT002590,CUS008592,INS000005,Account Issue,Low,In Progress,Mobile App,2025-04-29,7
TKT002591,CUS000159,INS000001,Transaction Issue,High,Resolved,Phone,2024-08-15,6
TKT002592,CUS000870,INS000004,Account Issue,Medium,Resolved,Mobile App,2026-02-09,2
TKT002593,CUS009493,INS000004,Card Issue,Low,Open,Website,2025-02-05,6
TKT002594,CUS004466,INS000005,Transaction Issue,Medium,Open,Email,2025-11-10,5
TKT002595,CUS009802,INS000003,Payment Issue,Low,Resolved,Phone,2026-04-03,3
TKT002596,CUS004805,INS000002,Loan Query,Medium,Closed,Website,2025-10-31,5
TKT002597,CUS006600,INS000004,Account Issue,Low,Open,Mobile App,2026-05-24,2
TKT002598,CUS005047,INS000004,Card Issue,Medium,Open,Website,2024-08-18,1
TKT002599,CUS009985,INS000001,Transaction Issue,Critical,Closed,Phone,2024-10-08,5
TKT002600,CUS007337,INS000002,Payment Issue,Low,Closed,Mobile App,2026-03-28,7
TKT002601,CUS007609,INS000003,Payment Issue,Medium,Open,Website,2025-07-01,2
TKT002602,CUS005831,INS000003,Technical Issue,Medium,Closed,Branch,2026-06-06,1
TKT002603,CUS009330,INS000002,Payment Issue,High,Closed,Email,2025-02-06,7
TKT002604,CUS009055,INS000003,Fraud Report,Medium,Resolved,Branch,2025-12-28,5
TKT002605,CUS000209,INS000004,Payment Issue,Low,Resolved,Branch,2026-03-10,2
TKT002606,CUS009020,INS000002,Loan Query,Low,Closed,Mobile App,2026-06-23,5
TKT002607,CUS003671,INS000003,Technical Issue,Medium,Resolved,Mobile App,2025-01-25,5
TKT002608,CUS005354,INS000001,Transaction Issue,Medium,Resolved,Website,2025-11-01,1
TKT002609,CUS008631,INS000001,Transaction Issue,High,Closed,Email,2025-03-29,6
TKT002610,CUS005837,INS000005,Transaction Issue,High,Open,Website,2025-06-29,3
TKT002611,CUS006787,INS000001,Loan Query,Medium,Open,Branch,2025-08-29,2
TKT002612,CUS001001,INS000004,Loan Query,Low,In Progress,Email,2026-07-09,7
TKT002613,CUS000355,INS000002,Account Issue,Low,Closed,Branch,2025-04-15,1
TKT002614,CUS007574,INS000005,Loan Query,High,Closed,Email,2025-07-18,2
TKT002615,CUS005301,INS000005,Payment Issue,Medium,Resolved,Phone,2024-11-20,2
TKT002616,CUS001817,INS000004,Transaction Issue,Low,Resolved,Phone,2026-04-20,2
TKT002617,CUS004039,INS000002,Transaction Issue,High,Open,Mobile App,2026-04-29,4
TKT002618,CUS007653,INS000004,Payment Issue,Low,Closed,Email,2026-02-14,5
TKT002619,CUS008291,INS000003,Card Issue,High,Closed,Mobile App,2025-08-25,5
TKT002620,CUS000996,INS000002,Fraud Report,High,Open,Website,2026-04-08,2
TKT002621,CUS003736,INS000005,Loan Query,Medium,Closed,Website,2024-11-03,7
TKT002622,CUS004991,INS000001,Transaction Issue,Medium,Closed,Email,2025-10-30,5
TKT002623,CUS001665,INS000004,Technical Issue,Low,Resolved,Mobile App,2025-08-26,3
TKT002624,CUS000570,INS000003,Technical Issue,Critical,Resolved,Email,2025-03-31,6
TKT002625,CUS005228,INS000005,Fraud Report,Low,Resolved,Branch,2025-08-02,2
TKT002626,CUS006452,INS000005,Transaction Issue,Medium,Resolved,Mobile App,2025-11-12,5
TKT002627,CUS003956,INS000001,Payment Issue,Low,Resolved,Mobile App,2025-03-04,1
TKT002628,CUS000411,INS000002,Loan Query,Medium,Resolved,Branch,2024-10-31,5
TKT002629,CUS007437,INS000003,Transaction Issue,Medium,Resolved,Branch,2024-08-16,7
TKT002630,CUS000299,INS000004,Technical Issue,Low,Resolved,Branch,2026-02-15,7
TKT002631,CUS004348,INS000005,Technical Issue,High,Resolved,Mobile App,2025-06-12,3
TKT002632,CUS002618,INS000004,Fraud Report,High,Closed,Mobile App,2026-02-19,7
TKT002633,CUS006007,INS000001,Payment Issue,Low,Resolved,Website,2025-09-12,1
TKT002634,CUS002590,INS000001,Technical Issue,Low,Resolved,Mobile App,2025-09-03,1
TKT002635,CUS006038,INS000002,Card Issue,Medium,Resolved,Email,2025-11-12,7
TKT002636,CUS006960,INS000005,Account Issue,High,Resolved,Phone,2025-11-18,6
TKT002637,CUS006783,INS000004,Account Issue,High,Resolved,Phone,2025-09-04,1
TKT002638,CUS001231,INS000003,Account Issue,Medium,Resolved,Phone,2025-08-02,2
TKT002639,CUS002342,INS000001,Transaction Issue,Medium,Closed,Mobile App,2025-08-17,2
TKT002640,CUS002206,INS000005,Transaction Issue,Low,In Progress,Mobile App,2025-01-31,3
TKT002641,CUS004166,INS000001,Account Issue,High,In Progress,Mobile App,2025-08-20,1
TKT002642,CUS009358,INS000005,Payment Issue,Low,Resolved,Email,2024-08-25,6
TKT002643,CUS008576,INS000001,Transaction Issue,Medium,Closed,Phone,2024-12-15,4
TKT002644,CUS007000,INS000004,Fraud Report,High,Open,Website,2025-10-29,5
TKT002645,CUS000339,INS000005,Card Issue,Medium,Closed,Mobile App,2025-11-09,3
TKT002646,CUS006722,INS000005,Payment Issue,High,Resolved,Website,2025-07-20,1
TKT002647,CUS006529,INS000003,Fraud Report,High,Open,Mobile App,2025-07-16,3
TKT002648,CUS000249,INS000004,Card Issue,Low,Closed,Email,2025-02-10,7
TKT002649,CUS006400,INS000001,Transaction Issue,Low,Resolved,Website,2025-04-09,7
TKT002650,CUS004461,INS000003,Payment Issue,Medium,Open,Mobile App,2025-01-08,6
TKT002651,CUS006770,INS000001,Transaction Issue,Medium,Resolved,Phone,2026-07-16,4
TKT002652,CUS002088,INS000004,Payment Issue,Medium,Closed,Email,2025-07-04,2
TKT002653,CUS001294,INS000002,Payment Issue,Medium,In Progress,Mobile App,2024-12-14,2
TKT002654,CUS003695,INS000002,Transaction Issue,High,Resolved,Website,2026-01-05,5
TKT002655,CUS001142,INS000005,Payment Issue,High,Open,Mobile App,2026-02-21,7
TKT002656,CUS003587,INS000005,Payment Issue,Medium,Open,Email,2024-09-14,4
TKT002657,CUS001169,INS000002,Account Issue,Medium,Open,Branch,2025-06-17,6
TKT002658,CUS003854,INS000002,Transaction Issue,High,Resolved,Website,2026-06-24,1
TKT002659,CUS002808,INS000001,Transaction Issue,High,Resolved,Email,2026-02-15,3
TKT002660,CUS003004,INS000005,Card Issue,High,Closed,Mobile App,2024-10-05,3
TKT002661,CUS000437,INS000002,Technical Issue,Medium,Open,Email,2025-04-21,5
TKT002662,CUS004812,INS000005,Account Issue,Low,Resolved,Mobile App,2026-03-10,3
TKT002663,CUS007769,INS000004,Loan Query,Medium,Resolved,Phone,2024-10-26,3
TKT002664,CUS003525,INS000003,Payment Issue,Medium,Resolved,Website,2024-12-13,5
TKT002665,CUS000705,INS000001,Card Issue,High,Resolved,Phone,2024-12-15,1
TKT002666,CUS005613,INS000002,Payment Issue,Critical,Resolved,Branch,2025-12-05,6
TKT002667,CUS005626,INS000003,Transaction Issue,Medium,Resolved,Phone,2025-07-01,4
TKT002668,CUS007524,INS000003,Card Issue,High,Resolved,Website,2024-11-20,1
TKT002669,CUS002179,INS000001,Card Issue,Medium,Resolved,Phone,2026-06-02,7
TKT002670,CUS003827,INS000001,Transaction Issue,Medium,Closed,Email,2025-09-05,3
TKT002671,CUS001533,INS000001,Fraud Report,Low,Closed,Mobile App,2024-08-28,7
TKT002672,CUS008881,INS000002,Card Issue,Critical,Resolved,Website,2025-03-19,4
TKT002673,CUS000405,INS000004,Payment Issue,High,Resolved,Mobile App,2026-02-27,3
TKT002674,CUS003256,INS000005,Account Issue,Medium,Resolved,Website,2025-11-02,4
TKT002675,CUS001184,INS000002,Card Issue,Low,Closed,Mobile App,2025-07-15,5
TKT002676,CUS006797,INS000002,Payment Issue,Medium,Resolved,Mobile App,2026-05-01,5
TKT002677,CUS008323,INS000002,Payment Issue,High,Closed,Mobile App,2025-05-18,5
TKT002678,CUS003802,INS000004,Payment Issue,Medium,Closed,Email,2026-03-13,4
TKT002679,CUS002461,INS000004,Payment Issue,Critical,Closed,Phone,2025-03-31,2
TKT002680,CUS009714,INS000005,Payment Issue,High,Resolved,Branch,2026-01-20,3
TKT002681,CUS007910,INS000004,Account Issue,Medium,Resolved,Phone,2024-11-10,3
TKT002682,CUS007390,INS000002,Loan Query,High,In Progress,Phone,2024-12-24,7
TKT002683,CUS004456,INS000002,Fraud Report,Medium,Open,Website,2026-05-26,7
TKT002684,CUS003025,INS000005,Loan Query,High,Closed,Phone,2024-11-17,3
TKT002685,CUS007292,INS000005,Payment Issue,High,Resolved,Phone,2024-09-10,5
TKT002686,CUS002730,INS000002,Loan Query,Medium,Resolved,Email,2025-06-03,6
TKT002687,CUS001109,INS000003,Transaction Issue,Medium,Closed,Email,2025-07-14,6
TKT002688,CUS001815,INS000002,Payment Issue,Low,Open,Mobile App,2026-04-04,6
TKT002689,CUS002709,INS000002,Payment Issue,Low,Resolved,Phone,2025-08-20,4
TKT002690,CUS000430,INS000004,Transaction Issue,Medium,Resolved,Mobile App,2025-07-26,4
TKT002691,CUS002350,INS000005,Account Issue,High,Resolved,Phone,2025-02-11,1
TKT002692,CUS004924,INS000004,Technical Issue,Medium,Resolved,Branch,2025-10-29,6
TKT002693,CUS009840,INS000001,Account Issue,Medium,Resolved,Branch,2026-04-30,4
TKT002694,CUS001206,INS000005,Transaction Issue,Critical,Resolved,Branch,2025-10-07,5
TKT002695,CUS007044,INS000005,Transaction Issue,Medium,Open,Website,2024-10-02,2
TKT002696,CUS002141,INS000003,Payment Issue,High,Closed,Branch,2025-12-10,3
TKT002697,CUS002766,INS000005,Technical Issue,Medium,Resolved,Phone,2025-08-08,5
TKT002698,CUS009015,INS000005,Loan Query,High,Closed,Mobile App,2026-07-20,4
TKT002699,CUS007673,INS000005,Card Issue,Medium,Closed,Branch,2025-01-23,1
TKT002700,CUS000830,INS000001,Technical Issue,Medium,Resolved,Mobile App,2025-06-29,2
TKT002701,CUS004009,INS000002,Transaction Issue,Low,Closed,Phone,2026-05-27,1
TKT002702,CUS006562,INS000003,Payment Issue,Medium,Closed,Website,2026-01-10,6
TKT002703,CUS003579,INS000002,Transaction Issue,Medium,Closed,Mobile App,2025-12-23,1
TKT002704,CUS000311,INS000001,Payment Issue,Low,Resolved,Website,2024-11-08,5
TKT002705,CUS001294,INS000002,Transaction Issue,Low,Open,Phone,2024-08-14,6
TKT002706,CUS001326,INS000003,Card Issue,Low,Resolved,Email,2025-01-16,2
TKT002707,CUS006011,INS000005,Technical Issue,Medium,Open,Email,2026-04-16,1
TKT002708,CUS008478,INS000001,Transaction Issue,Medium,In Progress,Mobile App,2025-06-01,7
TKT002709,CUS002272,INS000003,Card Issue,Low,Resolved,Mobile App,2025-02-04,2
TKT002710,CUS007959,INS000004,Payment Issue,Critical,Open,Branch,2025-06-16,2
TKT002711,CUS008913,INS000004,Payment Issue,Low,Resolved,Phone,2026-07-27,7
TKT002712,CUS007020,INS000005,Transaction Issue,Low,Resolved,Website,2026-01-10,6
TKT002713,CUS004454,INS000003,Technical Issue,High,Open,Mobile App,2024-09-06,3
TKT002714,CUS003558,INS000004,Payment Issue,High,Closed,Website,2025-06-09,1
TKT002715,CUS006975,INS000003,Payment Issue,Critical,Resolved,Branch,2025-01-22,2
TKT002716,CUS008187,INS000005,Fraud Report,High,Resolved,Email,2026-04-13,7
TKT002717,CUS005286,INS000002,Account Issue,High,Resolved,Mobile App,2025-08-27,7
TKT002718,CUS001227,INS000003,Payment Issue,High,In Progress,Mobile App,2024-12-04,3
TKT002719,CUS006175,INS000003,Technical Issue,Low,Resolved,Website,2026-03-15,2
TKT002720,CUS003558,INS000004,Fraud Report,Medium,Resolved,Branch,2024-11-29,2
TKT002721,CUS003557,INS000002,Technical Issue,Medium,Closed,Website,2025-02-04,7
TKT002722,CUS001466,INS000003,Transaction Issue,Low,Resolved,Email,2025-07-25,5
TKT002723,CUS002480,INS000001,Payment Issue,Low,Resolved,Phone,2026-05-08,3
TKT002724,CUS002314,INS000002,Card Issue,Medium,Closed,Phone,2026-01-01,5
TKT002725,CUS002678,INS000005,Payment Issue,Medium,Closed,Mobile App,2024-11-03,3
TKT002726,CUS005628,INS000001,Loan Query,High,In Progress,Phone,2026-05-27,7
TKT002727,CUS000667,INS000005,Fraud Report,Low,Closed,Branch,2025-01-04,6
TKT002728,CUS007201,INS000003,Loan Query,Low,Resolved,Branch,2024-12-20,4
TKT002729,CUS000138,INS000002,Card Issue,High,Open,Branch,2026-05-02,4
TKT002730,CUS008950,INS000002,Card Issue,Medium,Resolved,Website,2026-07-08,6
TKT002731,CUS001329,INS000005,Loan Query,Low,Resolved,Mobile App,2025-07-21,1
TKT002732,CUS002750,INS000003,Account Issue,Low,Open,Branch,2024-08-23,3
TKT002733,CUS002174,INS000003,Loan Query,Medium,Closed,Phone,2026-02-28,4
TKT002734,CUS004019,INS000002,Account Issue,Medium,Closed,Branch,2025-11-20,6
TKT002735,CUS004161,INS000001,Account Issue,High,Resolved,Email,2026-01-29,3
TKT002736,CUS005200,INS000004,Payment Issue,High,In Progress,Phone,2025-08-15,3
TKT002737,CUS005557,INS000002,Technical Issue,Medium,In Progress,Phone,2024-08-28,7
TKT002738,CUS009395,INS000004,Transaction Issue,Low,In Progress,Mobile App,2026-03-17,2
TKT002739,CUS002368,INS000004,Fraud Report,Medium,Closed,Mobile App,2025-02-13,4
TKT002740,CUS009901,INS000003,Payment Issue,Low,Resolved,Branch,2025-07-05,5
TKT002741,CUS007402,INS000002,Fraud Report,Medium,Closed,Email,2024-12-04,4
TKT002742,CUS001205,INS000003,Transaction Issue,Critical,Resolved,Mobile App,2026-08-07,6
TKT002743,CUS000103,INS000004,Transaction Issue,High,Closed,Website,2025-05-21,4
TKT002744,CUS007322,INS000005,Account Issue,Medium,Open,Phone,2025-09-08,7
TKT002745,CUS003213,INS000005,Card Issue,Medium,Open,Branch,2024-10-02,7
TKT002746,CUS009569,INS000003,Payment Issue,Critical,Resolved,Website,2024-09-07,3
TKT002747,CUS008477,INS000004,Loan Query,High,In Progress,Phone,2026-04-17,3
TKT002748,CUS005920,INS000003,Fraud Report,Medium,Resolved,Email,2025-12-05,7
TKT002749,CUS009025,INS000001,Transaction Issue,Medium,Resolved,Mobile App,2026-07-21,3
TKT002750,CUS002836,INS000001,Card Issue,Critical,Resolved,Phone,2026-02-17,5
TKT002751,CUS004837,INS000003,Loan Query,High,Resolved,Email,2024-11-22,3
TKT002752,CUS002836,INS000001,Loan Query,Low,Resolved,Mobile App,2026-01-05,1
TKT002753,CUS006095,INS000002,Payment Issue,Low,Resolved,Mobile App,2025-04-08,2
TKT002754,CUS000425,INS000003,Technical Issue,Medium,Open,Phone,2026-02-09,1
TKT002755,CUS000041,INS000004,Card Issue,Critical,Open,Phone,2024-09-03,7
TKT002756,CUS001426,INS000002,Card Issue,Low,Resolved,Phone,2026-04-30,5
TKT002757,CUS003857,INS000004,Payment Issue,Low,Closed,Mobile App,2024-08-26,2
TKT002758,CUS008250,INS000003,Transaction Issue,Low,Open,Website,2024-08-23,4
TKT002759,CUS003504,INS000002,Transaction Issue,High,Resolved,Phone,2025-03-21,1
TKT002760,CUS007807,INS000005,Loan Query,Medium,Resolved,Website,2026-06-08,1
TKT002761,CUS000369,INS000004,Transaction Issue,High,Open,Mobile App,2026-04-04,1
TKT002762,CUS006196,INS000001,Account Issue,High,Resolved,Website,2026-02-14,1
TKT002763,CUS007730,INS000003,Fraud Report,Medium,Resolved,Website,2024-08-09,2
TKT002764,CUS008445,INS000001,Transaction Issue,Low,Closed,Mobile App,2024-11-07,3
TKT002765,CUS004643,INS000001,Payment Issue,Medium,Closed,Website,2026-02-14,6
TKT002766,CUS006063,INS000005,Loan Query,Low,Resolved,Branch,2024-12-03,6
TKT002767,CUS009034,INS000003,Account Issue,Medium,Resolved,Email,2025-01-20,5
TKT002768,CUS004446,INS000005,Fraud Report,Low,Closed,Phone,2025-04-01,5
TKT002769,CUS009787,INS000004,Card Issue,Critical,Resolved,Website,2025-10-16,1
TKT002770,CUS004495,INS000005,Fraud Report,Medium,Resolved,Mobile App,2026-02-28,5
TKT002771,CUS009735,INS000003,Technical Issue,Low,Closed,Mobile App,2025-08-21,2
TKT002772,CUS007068,INS000003,Card Issue,Low,Closed,Branch,2025-06-30,4
TKT002773,CUS008468,INS000005,Technical Issue,Medium,Closed,Mobile App,2026-06-13,2
TKT002774,CUS006185,INS000003,Card Issue,Medium,Closed,Mobile App,2026-01-29,5
TKT002775,CUS004374,INS000003,Loan Query,Medium,In Progress,Phone,2025-01-28,1
TKT002776,CUS003579,INS000002,Fraud Report,Medium,Resolved,Website,2025-11-04,5
TKT002777,CUS008658,INS000005,Payment Issue,Medium,Resolved,Phone,2025-01-20,5
TKT002778,CUS006119,INS000001,Card Issue,Low,Resolved,Mobile App,2025-05-22,6
TKT002779,CUS006737,INS000004,Payment Issue,Low,Closed,Website,2024-08-28,6
TKT002780,CUS007753,INS000001,Payment Issue,Low,Closed,Website,2025-06-10,6
TKT002781,CUS002901,INS000001,Payment Issue,Medium,Resolved,Website,2026-05-27,2
TKT002782,CUS008335,INS000004,Account Issue,Medium,Open,Email,2024-09-09,1
TKT002783,CUS003639,INS000004,Payment Issue,Critical,Closed,Website,2024-09-21,2
TKT002784,CUS001541,INS000002,Loan Query,Low,Resolved,Website,2025-12-21,2
TKT002785,CUS001465,INS000005,Payment Issue,Low,Resolved,Website,2025-06-03,3
TKT002786,CUS008416,INS000004,Technical Issue,Critical,Resolved,Phone,2025-11-21,5
TKT002787,CUS009809,INS000001,Technical Issue,Medium,Closed,Website,2025-08-28,7
TKT002788,CUS000443,INS000003,Technical Issue,Medium,Open,Website,2024-08-25,7
TKT002789,CUS009634,INS000003,Payment Issue,High,Closed,Branch,2024-12-10,4
TKT002790,CUS009426,INS000005,Account Issue,Low,Closed,Website,2024-12-26,6
TKT002791,CUS007036,INS000003,Account Issue,Low,Resolved,Phone,2025-02-13,5
TKT002792,CUS008516,INS000005,Account Issue,High,Closed,Mobile App,2024-08-14,4
TKT002793,CUS008289,INS000004,Account Issue,Medium,Open,Website,2025-08-01,4
TKT002794,CUS005709,INS000001,Transaction Issue,Critical,Open,Email,2025-11-15,4
TKT002795,CUS001877,INS000001,Loan Query,Low,Closed,Mobile App,2026-02-04,4
TKT002796,CUS009185,INS000005,Card Issue,High,Closed,Mobile App,2026-06-14,2
TKT002797,CUS006112,INS000001,Payment Issue,Low,Closed,Phone,2025-06-15,4
TKT002798,CUS008870,INS000005,Loan Query,Low,Resolved,Mobile App,2025-02-15,4
TKT002799,CUS009348,INS000005,Fraud Report,Low,Resolved,Mobile App,2025-08-01,1
TKT002800,CUS005822,INS000001,Transaction Issue,Medium,Resolved,Mobile App,2024-09-17,7
TKT002801,CUS006598,INS000004,Payment Issue,Medium,Closed,Email,2026-06-05,4
TKT002802,CUS006574,INS000001,Payment Issue,High,Closed,Email,2026-02-28,7
TKT002803,CUS008985,INS000004,Fraud Report,Medium,Closed,Email,2025-03-20,5
TKT002804,CUS004033,INS000005,Payment Issue,Critical,Closed,Phone,2024-10-02,3
TKT002805,CUS009075,INS000003,Payment Issue,Medium,Resolved,Phone,2026-05-04,4
TKT002806,CUS004616,INS000003,Card Issue,Low,Open,Branch,2026-04-20,3
TKT002807,CUS006328,INS000004,Technical Issue,Medium,Resolved,Website,2025-07-31,7
TKT002808,CUS004194,INS000003,Payment Issue,Medium,Closed,Mobile App,2025-10-30,5
TKT002809,CUS006649,INS000004,Technical Issue,High,Resolved,Mobile App,2026-07-12,4
TKT002810,CUS000410,INS000004,Account Issue,Medium,Closed,Phone,2024-09-23,1
TKT002811,CUS002803,INS000004,Loan Query,Medium,Resolved,Email,2025-03-17,1
TKT002812,CUS001833,INS000002,Fraud Report,High,Resolved,Website,2026-03-31,7
TKT002813,CUS008055,INS000003,Fraud Report,Medium,Resolved,Website,2024-11-27,3
TKT002814,CUS000478,INS000001,Technical Issue,Medium,Closed,Mobile App,2026-06-15,4
TKT002815,CUS003817,INS000001,Card Issue,High,Resolved,Mobile App,2025-03-12,6
TKT002816,CUS004887,INS000003,Transaction Issue,Low,Closed,Branch,2024-10-27,1
TKT002817,CUS001725,INS000005,Account Issue,High,Closed,Website,2026-03-14,7
TKT002818,CUS004146,INS000003,Loan Query,High,Resolved,Email,2025-02-21,4
TKT002819,CUS009851,INS000004,Transaction Issue,Low,Resolved,Mobile App,2025-04-10,3
TKT002820,CUS008978,INS000004,Payment Issue,Low,Resolved,Email,2025-10-05,1
TKT002821,CUS007074,INS000003,Card Issue,Medium,Resolved,Phone,2026-03-24,4
TKT002822,CUS007135,INS000001,Fraud Report,Medium,Resolved,Mobile App,2025-12-01,1
TKT002823,CUS008848,INS000003,Payment Issue,High,Closed,Phone,2025-03-08,5
TKT002824,CUS009948,INS000003,Loan Query,Low,Open,Mobile App,2026-07-03,2
TKT002825,CUS005800,INS000001,Transaction Issue,Medium,Resolved,Website,2024-12-09,7
TKT002826,CUS007981,INS000005,Loan Query,Medium,Resolved,Website,2026-04-05,5
TKT002827,CUS006714,INS000001,Loan Query,Low,Resolved,Mobile App,2025-05-22,2
TKT002828,CUS000019,INS000001,Fraud Report,Medium,Open,Email,2025-01-11,2
TKT002829,CUS002876,INS000001,Technical Issue,Medium,Resolved,Mobile App,2026-07-18,3
TKT002830,CUS009078,INS000004,Payment Issue,Low,Closed,Branch,2026-03-14,5
TKT002831,CUS002573,INS000001,Transaction Issue,High,Closed,Mobile App,2025-10-25,3
TKT002832,CUS003965,INS000001,Payment Issue,Medium,Resolved,Phone,2025-03-10,4
TKT002833,CUS003154,INS000002,Payment Issue,Medium,Closed,Website,2025-04-11,3
TKT002834,CUS008674,INS000001,Transaction Issue,Medium,Closed,Email,2026-06-06,2
TKT002835,CUS009694,INS000003,Card Issue,Low,Resolved,Mobile App,2025-11-10,7
TKT002836,CUS004248,INS000002,Card Issue,High,Closed,Mobile App,2024-08-30,3
TKT002837,CUS003648,INS000003,Payment Issue,Medium,Resolved,Mobile App,2026-02-19,4
TKT002838,CUS007112,INS000003,Fraud Report,Low,Open,Mobile App,2025-09-08,3
TKT002839,CUS001855,INS000001,Transaction Issue,Critical,Closed,Email,2025-03-07,5
TKT002840,CUS007949,INS000002,Account Issue,Low,Resolved,Phone,2026-07-30,3
TKT002841,CUS006006,INS000005,Transaction Issue,Medium,Resolved,Mobile App,2025-02-24,1
TKT002842,CUS004994,INS000005,Payment Issue,Low,Closed,Branch,2025-10-06,7
TKT002843,CUS003225,INS000003,Loan Query,Low,In Progress,Phone,2024-11-22,6
TKT002844,CUS003263,INS000001,Transaction Issue,Low,Closed,Mobile App,2026-01-08,4
TKT002845,CUS001615,INS000001,Payment Issue,Critical,Resolved,Website,2025-08-11,7
TKT002846,CUS005579,INS000004,Account Issue,Critical,Resolved,Mobile App,2024-09-13,7
TKT002847,CUS002169,INS000003,Account Issue,Critical,Resolved,Mobile App,2025-06-01,4
TKT002848,CUS002330,INS000001,Fraud Report,Low,Open,Phone,2025-11-08,6
TKT002849,CUS008074,INS000003,Payment Issue,Low,Closed,Email,2026-07-31,3
TKT002850,CUS005345,INS000002,Account Issue,Medium,Closed,Mobile App,2025-03-07,7
TKT002851,CUS001949,INS000002,Payment Issue,Medium,Resolved,Phone,2026-01-18,6
TKT002852,CUS006502,INS000001,Transaction Issue,High,Resolved,Mobile App,2025-09-08,2
TKT002853,CUS005677,INS000003,Loan Query,Low,Open,Website,2026-06-19,3
TKT002854,CUS002166,INS000003,Transaction Issue,Medium,Resolved,Phone,2025-12-21,3
TKT002855,CUS005880,INS000003,Technical Issue,Medium,Closed,Mobile App,2026-04-28,1
TKT002856,CUS000524,INS000003,Transaction Issue,Medium,Resolved,Mobile App,2026-01-19,6
TKT002857,CUS006758,INS000003,Payment Issue,Medium,Resolved,Email,2024-09-01,6
TKT002858,CUS007199,INS000001,Payment Issue,Low,Closed,Email,2026-03-17,3
TKT002859,CUS008272,INS000004,Payment Issue,Medium,Resolved,Website,2026-05-30,6
TKT002860,CUS007414,INS000003,Technical Issue,High,Resolved,Branch,2025-08-16,1
TKT002861,CUS005575,INS000003,Payment Issue,Medium,Resolved,Mobile App,2024-11-21,1
TKT002862,CUS003546,INS000005,Transaction Issue,Medium,In Progress,Phone,2025-12-08,3
TKT002863,CUS004443,INS000001,Loan Query,Low,Resolved,Mobile App,2025-06-13,3
TKT002864,CUS002296,INS000003,Payment Issue,Medium,Closed,Branch,2024-09-19,2
TKT002865,CUS006973,INS000005,Payment Issue,Low,Resolved,Email,2025-10-28,3
TKT002866,CUS005304,INS000004,Technical Issue,Low,Resolved,Mobile App,2026-05-31,2
TKT002867,CUS006289,INS000002,Transaction Issue,Medium,Closed,Mobile App,2024-11-20,5
TKT002868,CUS002154,INS000004,Transaction Issue,Low,Closed,Phone,2025-12-23,5
TKT002869,CUS003875,INS000004,Loan Query,Medium,Open,Email,2025-07-15,6
TKT002870,CUS000278,INS000003,Technical Issue,Medium,In Progress,Mobile App,2025-01-05,7
TKT002871,CUS004161,INS000001,Transaction Issue,Low,Open,Branch,2026-04-07,5
TKT002872,CUS006346,INS000002,Loan Query,Low,Open,Email,2024-11-06,3
TKT002873,CUS002892,INS000004,Payment Issue,Critical,Closed,Website,2025-01-11,4
TKT002874,CUS003541,INS000002,Payment Issue,High,Resolved,Mobile App,2024-10-15,5
TKT002875,CUS002536,INS000005,Transaction Issue,Low,Resolved,Email,2026-06-21,6
TKT002876,CUS008119,INS000001,Card Issue,Low,Resolved,Website,2025-02-24,6
TKT002877,CUS005666,INS000001,Technical Issue,Medium,Resolved,Branch,2024-10-22,4
TKT002878,CUS009905,INS000002,Loan Query,High,Closed,Email,2024-11-07,5
TKT002879,CUS003497,INS000002,Account Issue,Medium,Resolved,Mobile App,2026-04-23,2
TKT002880,CUS004969,INS000005,Loan Query,Medium,Open,Mobile App,2026-01-11,7
TKT002881,CUS000068,INS000002,Payment Issue,Low,Closed,Phone,2026-04-09,5
TKT002882,CUS009578,INS000003,Transaction Issue,High,Resolved,Mobile App,2025-05-13,1
TKT002883,CUS000355,INS000002,Transaction Issue,High,Closed,Mobile App,2025-09-29,1
TKT002884,CUS004083,INS000005,Account Issue,Medium,In Progress,Mobile App,2025-01-03,4
TKT002885,CUS001362,INS000003,Payment Issue,Low,Open,Email,2024-12-28,6
TKT002886,CUS007541,INS000001,Payment Issue,Medium,Closed,Mobile App,2025-01-10,5
TKT002887,CUS002097,INS000001,Technical Issue,High,Closed,Mobile App,2026-06-14,2
TKT002888,CUS005588,INS000005,Transaction Issue,High,In Progress,Mobile App,2025-03-11,6
TKT002889,CUS005216,INS000001,Loan Query,Low,Closed,Email,2025-04-01,3
TKT002890,CUS009576,INS000001,Transaction Issue,Medium,Resolved,Email,2025-12-25,4
TKT002891,CUS009096,INS000004,Technical Issue,Medium,Resolved,Mobile App,2025-05-16,3
TKT002892,CUS008149,INS000001,Loan Query,Medium,Open,Website,2025-11-12,3
TKT002893,CUS003850,INS000002,Transaction Issue,High,In Progress,Website,2026-06-10,1
TKT002894,CUS004748,INS000005,Payment Issue,High,Closed,Branch,2024-09-19,2
TKT002895,CUS005578,INS000004,Payment Issue,Medium,Closed,Branch,2025-04-29,6
TKT002896,CUS008950,INS000002,Payment Issue,High,Closed,Mobile App,2025-02-07,7
TKT002897,CUS002078,INS000001,Transaction Issue,High,Closed,Mobile App,2025-08-28,7
TKT002898,CUS006591,INS000002,Payment Issue,Low,Closed,Email,2025-10-19,6
TKT002899,CUS000184,INS000002,Transaction Issue,Low,Closed,Email,2026-05-11,3
TKT002900,CUS005125,INS000005,Payment Issue,Medium,Closed,Website,2024-11-23,7
TKT002901,CUS006197,INS000001,Account Issue,Low,Resolved,Mobile App,2025-11-15,4
TKT002902,CUS005259,INS000005,Account Issue,Medium,Resolved,Website,2025-04-17,1
TKT002903,CUS002269,INS000001,Payment Issue,Low,Resolved,Phone,2024-09-04,2
TKT002904,CUS002956,INS000001,Payment Issue,Medium,Resolved,Website,2024-08-22,1
TKT002905,CUS002365,INS000003,Transaction Issue,Medium,Resolved,Mobile App,2025-08-06,2
TKT002906,CUS004866,INS000005,Fraud Report,Medium,Closed,Email,2024-11-25,3
TKT002907,CUS008885,INS000001,Payment Issue,Low,Resolved,Mobile App,2026-06-20,7
TKT002908,CUS008147,INS000002,Transaction Issue,Critical,Resolved,Mobile App,2025-08-29,2
TKT002909,CUS008335,INS000004,Loan Query,Critical,Closed,Email,2025-01-26,4
TKT002910,CUS009819,INS000002,Payment Issue,Low,Open,Email,2025-05-07,2
TKT002911,CUS006996,INS000003,Account Issue,Medium,Resolved,Mobile App,2025-02-20,1
TKT002912,CUS007705,INS000005,Payment Issue,Medium,Resolved,Mobile App,2025-07-02,7
TKT002913,CUS008287,INS000003,Account Issue,Medium,In Progress,Website,2025-11-13,6
TKT002914,CUS003858,INS000001,Transaction Issue,Medium,In Progress,Phone,2024-12-24,4
TKT002915,CUS001673,INS000005,Fraud Report,High,In Progress,Website,2025-09-23,4
TKT002916,CUS007791,INS000004,Payment Issue,Medium,Closed,Website,2026-06-07,2
TKT002917,CUS000924,INS000005,Account Issue,Low,In Progress,Website,2025-08-10,1
TKT002918,CUS008084,INS000003,Payment Issue,Medium,Resolved,Mobile App,2025-08-13,1
TKT002919,CUS001193,INS000005,Transaction Issue,High,Resolved,Email,2025-05-07,6
TKT002920,CUS006365,INS000001,Card Issue,Low,Resolved,Phone,2025-01-03,4
TKT002921,CUS000612,INS000001,Account Issue,Medium,Resolved,Email,2026-05-08,4
TKT002922,CUS002595,INS000005,Transaction Issue,High,Resolved,Phone,2026-04-06,4
TKT002923,CUS005073,INS000002,Payment Issue,Low,Resolved,Mobile App,2025-09-16,6
TKT002924,CUS006604,INS000001,Fraud Report,Low,Resolved,Phone,2024-11-01,7
TKT002925,CUS008299,INS000001,Transaction Issue,Low,In Progress,Mobile App,2024-10-09,4
TKT002926,CUS007900,INS000002,Fraud Report,High,Resolved,Phone,2025-07-15,1
TKT002927,CUS005898,INS000002,Card Issue,High,Closed,Website,2025-11-16,1
TKT002928,CUS001830,INS000002,Card Issue,Low,Open,Mobile App,2026-06-29,6
TKT002929,CUS002343,INS000005,Card Issue,Medium,Resolved,Email,2024-11-26,5
TKT002930,CUS006892,INS000005,Payment Issue,Low,Resolved,Mobile App,2026-03-03,4
TKT002931,CUS005859,INS000003,Payment Issue,Low,Resolved,Mobile App,2024-12-24,6
TKT002932,CUS004748,INS000005,Technical Issue,Low,Resolved,Email,2026-03-24,2
TKT002933,CUS007844,INS000001,Card Issue,Medium,Resolved,Website,2025-01-22,5
TKT002934,CUS002406,INS000004,Transaction Issue,Medium,Closed,Branch,2025-04-30,4
TKT002935,CUS001958,INS000001,Card Issue,High,Resolved,Website,2024-12-03,2
TKT002936,CUS001726,INS000001,Fraud Report,High,Resolved,Branch,2024-09-25,4
TKT002937,CUS007449,INS000001,Card Issue,Medium,Resolved,Phone,2025-04-23,4
TKT002938,CUS006801,INS000002,Account Issue,High,Resolved,Mobile App,2026-03-23,6
TKT002939,CUS005033,INS000004,Transaction Issue,High,Open,Phone,2024-09-20,7
TKT002940,CUS008329,INS000002,Fraud Report,Medium,Resolved,Phone,2025-11-05,2
TKT002941,CUS004229,INS000003,Transaction Issue,Medium,Resolved,Website,2026-06-02,5
TKT002942,CUS001943,INS000005,Transaction Issue,Medium,Resolved,Phone,2025-09-18,2
TKT002943,CUS001599,INS000005,Payment Issue,High,Resolved,Mobile App,2024-11-11,6
TKT002944,CUS000087,INS000001,Transaction Issue,Medium,Closed,Website,2026-06-16,5
TKT002945,CUS007143,INS000002,Card Issue,Medium,Closed,Website,2026-05-26,2
TKT002946,CUS007236,INS000001,Transaction Issue,Low,Resolved,Website,2024-08-10,2
TKT002947,CUS000835,INS000005,Card Issue,Medium,Resolved,Phone,2026-02-26,5
TKT002948,CUS008958,INS000002,Fraud Report,High,Resolved,Email,2026-02-24,5
TKT002949,CUS005603,INS000002,Loan Query,Medium,Closed,Mobile App,2026-06-30,5
TKT002950,CUS009856,INS000005,Payment Issue,Low,Resolved,Mobile App,2025-10-23,2
TKT002951,CUS003291,INS000002,Transaction Issue,Medium,In Progress,Email,2025-08-30,3
TKT002952,CUS002946,INS000002,Fraud Report,Medium,Resolved,Mobile App,2025-11-10,3
TKT002953,CUS009316,INS000004,Payment Issue,Low,Resolved,Mobile App,2025-12-13,2
TKT002954,CUS001142,INS000005,Transaction Issue,Low,Open,Mobile App,2025-08-26,3
TKT002955,CUS005128,INS000004,Transaction Issue,High,Resolved,Email,2025-03-02,3
TKT002956,CUS007916,INS000005,Account Issue,Low,Closed,Phone,2025-12-25,6
TKT002957,CUS007978,INS000001,Account Issue,Medium,In Progress,Website,2026-01-16,5
TKT002958,CUS007251,INS000004,Loan Query,Critical,In Progress,Website,2026-05-16,4
TKT002959,CUS007731,INS000003,Technical Issue,Medium,Resolved,Mobile App,2025-03-14,6
TKT002960,CUS008630,INS000003,Loan Query,Medium,Closed,Branch,2025-06-09,2
TKT002961,CUS006023,INS000001,Card Issue,Medium,Resolved,Mobile App,2024-10-20,2
TKT002962,CUS004434,INS000005,Payment Issue,Medium,Resolved,Phone,2024-09-12,4
TKT002963,CUS001924,INS000003,Account Issue,Medium,Closed,Website,2025-07-21,1
TKT002964,CUS001018,INS000005,Fraud Report,Low,Resolved,Mobile App,2024-09-05,6
TKT002965,CUS004614,INS000004,Card Issue,Medium,Resolved,Branch,2025-06-01,4
TKT002966,CUS008878,INS000004,Transaction Issue,Medium,Open,Phone,2026-03-07,1
TKT002967,CUS008901,INS000004,Technical Issue,Low,Resolved,Mobile App,2025-02-22,4
TKT002968,CUS007678,INS000005,Fraud Report,Medium,Closed,Phone,2024-11-22,1
TKT002969,CUS009877,INS000003,Fraud Report,Low,Resolved,Website,2026-01-01,5
TKT002970,CUS002896,INS000001,Loan Query,High,In Progress,Email,2025-11-02,2
TKT002971,CUS004633,INS000001,Payment Issue,Low,Closed,Email,2025-01-29,4
TKT002972,CUS003682,INS000001,Account Issue,Medium,Closed,Branch,2026-04-05,6
TKT002973,CUS008720,INS000002,Transaction Issue,Medium,In Progress,Mobile App,2025-04-23,1
TKT002974,CUS004975,INS000002,Account Issue,Low,Resolved,Mobile App,2024-10-07,4
TKT002975,CUS003183,INS000001,Account Issue,Low,Open,Email,2025-11-11,3
TKT002976,CUS003673,INS000005,Fraud Report,High,Resolved,Website,2025-04-04,6
TKT002977,CUS002276,INS000005,Technical Issue,High,Open,Mobile App,2026-02-26,7
TKT002978,CUS004806,INS000005,Payment Issue,High,In Progress,Phone,2026-08-06,2
TKT002979,CUS000969,INS000004,Payment Issue,Medium,Resolved,Phone,2025-08-30,7
TKT002980,CUS004640,INS000005,Payment Issue,Low,Resolved,Email,2026-04-28,3
TKT002981,CUS001738,INS000005,Payment Issue,Low,Closed,Email,2025-01-27,1
TKT002982,CUS004935,INS000004,Payment Issue,Critical,Resolved,Phone,2025-01-03,4
TKT002983,CUS000409,INS000005,Transaction Issue,Low,Closed,Phone,2025-01-09,7
TKT002984,CUS009104,INS000003,Fraud Report,Medium,Resolved,Mobile App,2025-02-04,1
TKT002985,CUS002478,INS000002,Card Issue,Medium,Resolved,Phone,2025-04-06,4
TKT002986,CUS007335,INS000002,Card Issue,High,Resolved,Branch,2026-05-30,6
TKT002987,CUS006259,INS000004,Card Issue,Low,Closed,Phone,2024-12-03,1
TKT002988,CUS009763,INS000004,Fraud Report,Medium,Resolved,Mobile App,2026-02-06,3
TKT002989,CUS009032,INS000001,Loan Query,Low,In Progress,Email,2024-09-21,2
TKT002990,CUS005602,INS000005,Technical Issue,High,Closed,Branch,2025-01-30,6
TKT002991,CUS009814,INS000004,Payment Issue,Low,Open,Website,2026-07-01,5
TKT002992,CUS006642,INS000005,Fraud Report,Medium,Resolved,Mobile App,2026-01-10,7
TKT002993,CUS000445,INS000005,Payment Issue,Medium,Resolved,Email,2025-08-30,3
TKT002994,CUS002867,INS000003,Card Issue,Low,Resolved,Branch,2025-09-01,5
TKT002995,CUS008018,INS000002,Fraud Report,Medium,Resolved,Website,2025-04-09,3
TKT002996,CUS002867,INS000003,Fraud Report,Low,Resolved,Website,2025-04-30,1
TKT002997,CUS008344,INS000001,Transaction Issue,Medium,Resolved,Email,2025-04-23,6
TKT002998,CUS002226,INS000001,Account Issue,Medium,Closed,Email,2025-03-30,3
TKT002999,CUS008814,INS000004,Payment Issue,Medium,Closed,Branch,2025-02-14,3
TKT003000,CUS005341,INS000005,Payment Issue,Medium,Resolved,Mobile App,2026-01-21,4
TKT003001,CUS009479,INS000001,Payment Issue,Low,Closed,Phone,2025-02-09,7
TKT003002,CUS007259,INS000003,Transaction Issue,High,Closed,Phone,2024-11-11,4
TKT003003,CUS006449,INS000004,Transaction Issue,Critical,Resolved,Phone,2026-01-06,3
TKT003004,CUS005083,INS000002,Card Issue,High,In Progress,Mobile App,2024-09-29,6
TKT003005,CUS008308,INS000004,Account Issue,High,Resolved,Mobile App,2026-04-24,2
TKT003006,CUS008049,INS000001,Account Issue,Medium,Closed,Branch,2025-10-23,1
TKT003007,CUS003718,INS000005,Fraud Report,High,Resolved,Website,2026-04-14,7
TKT003008,CUS001762,INS000001,Card Issue,Medium,Resolved,Phone,2025-07-31,1
TKT003009,CUS000380,INS000005,Payment Issue,Medium,Closed,Website,2025-03-01,6
TKT003010,CUS009552,INS000001,Payment Issue,Low,Resolved,Website,2026-02-27,7
TKT003011,CUS002623,INS000004,Card Issue,Medium,Resolved,Mobile App,2025-09-03,1
TKT003012,CUS001815,INS000002,Payment Issue,Low,Resolved,Website,2025-08-02,7
TKT003013,CUS007854,INS000003,Account Issue,Low,Resolved,Email,2025-07-06,3
TKT003014,CUS008125,INS000005,Fraud Report,Low,Resolved,Website,2025-04-12,7
TKT003015,CUS004200,INS000003,Account Issue,Medium,Resolved,Email,2026-05-24,3
TKT003016,CUS000569,INS000004,Transaction Issue,Medium,Closed,Email,2025-10-16,6
TKT003017,CUS002841,INS000001,Card Issue,Medium,Resolved,Mobile App,2026-06-13,3
TKT003018,CUS009934,INS000003,Transaction Issue,Low,In Progress,Phone,2024-11-04,5
TKT003019,CUS001455,INS000001,Transaction Issue,Medium,In Progress,Mobile App,2025-05-25,7
TKT003020,CUS003636,INS000005,Transaction Issue,Medium,Resolved,Mobile App,2025-01-10,5
TKT003021,CUS007887,INS000004,Payment Issue,Low,In Progress,Phone,2025-11-10,5
TKT003022,CUS004312,INS000003,Account Issue,High,Resolved,Mobile App,2024-10-11,1
TKT003023,CUS000961,INS000004,Payment Issue,Medium,Closed,Phone,2025-07-27,5
TKT003024,CUS004286,INS000002,Loan Query,Low,Open,Mobile App,2024-11-23,3
TKT003025,CUS003133,INS000005,Card Issue,Medium,Resolved,Mobile App,2025-08-22,2
TKT003026,CUS008702,INS000004,Loan Query,High,Resolved,Website,2026-02-03,1
TKT003027,CUS006775,INS000004,Technical Issue,Medium,Resolved,Branch,2024-09-19,4
TKT003028,CUS005608,INS000003,Loan Query,Low,Resolved,Mobile App,2025-10-16,4
TKT003029,CUS008817,INS000003,Fraud Report,Medium,In Progress,Phone,2025-06-30,5
TKT003030,CUS001952,INS000002,Technical Issue,Medium,Open,Branch,2024-08-14,1
TKT003031,CUS009615,INS000004,Transaction Issue,High,Closed,Mobile App,2026-03-09,7
TKT003032,CUS005097,INS000003,Payment Issue,Medium,Resolved,Email,2025-12-08,3
TKT003033,CUS005683,INS000002,Loan Query,Critical,Resolved,Email,2025-06-12,7
TKT003034,CUS006441,INS000004,Transaction Issue,Medium,Closed,Website,2024-11-28,4
TKT003035,CUS001673,INS000005,Transaction Issue,Low,Closed,Phone,2025-11-16,6
TKT003036,CUS006879,INS000005,Loan Query,Critical,Resolved,Phone,2025-04-24,1
TKT003037,CUS006606,INS000005,Card Issue,Medium,Resolved,Mobile App,2025-07-22,2
TKT003038,CUS006757,INS000002,Payment Issue,Medium,Resolved,Phone,2024-10-14,6
TKT003039,CUS001003,INS000004,Fraud Report,High,Resolved,Mobile App,2025-08-11,3
TKT003040,CUS005962,INS000001,Card Issue,Low,In Progress,Mobile App,2026-01-23,3
TKT003041,CUS006603,INS000004,Account Issue,High,Resolved,Website,2026-06-21,2
TKT003042,CUS001252,INS000003,Account Issue,Medium,Closed,Email,2025-06-19,6
TKT003043,CUS001717,INS000003,Transaction Issue,Low,Closed,Branch,2025-01-03,6
TKT003044,CUS005917,INS000004,Transaction Issue,Critical,Resolved,Mobile App,2025-10-10,1
TKT003045,CUS007296,INS000003,Transaction Issue,High,Resolved,Email,2026-01-05,7
TKT003046,CUS003424,INS000002,Payment Issue,Medium,Resolved,Branch,2025-10-09,1
TKT003047,CUS005725,INS000005,Technical Issue,Medium,Closed,Phone,2025-09-27,1
TKT003048,CUS001223,INS000004,Card Issue,High,Resolved,Mobile App,2026-03-27,6
TKT003049,CUS001138,INS000003,Account Issue,Low,Closed,Website,2026-02-12,5
TKT003050,CUS009921,INS000001,Technical Issue,Medium,Resolved,Mobile App,2026-01-25,2
TKT003051,CUS003420,INS000002,Transaction Issue,Critical,Resolved,Website,2024-11-20,4
TKT003052,CUS000165,INS000003,Card Issue,Medium,Closed,Mobile App,2025-11-27,3
TKT003053,CUS008170,INS000004,Card Issue,Medium,Closed,Phone,2025-04-23,2
TKT003054,CUS000770,INS000001,Transaction Issue,Low,Resolved,Email,2025-03-25,7
TKT003055,CUS003205,INS000002,Transaction Issue,Medium,Closed,Phone,2025-12-29,3
TKT003056,CUS000248,INS000001,Card Issue,High,Resolved,Mobile App,2025-04-28,5
TKT003057,CUS006717,INS000004,Payment Issue,High,Closed,Branch,2025-10-02,7
TKT003058,CUS004514,INS000003,Payment Issue,High,In Progress,Mobile App,2025-11-17,1
TKT003059,CUS008885,INS000001,Fraud Report,Low,Resolved,Phone,2024-10-15,6
TKT003060,CUS001189,INS000002,Account Issue,Low,Resolved,Phone,2024-08-19,6
TKT003061,CUS008751,INS000005,Card Issue,High,Resolved,Phone,2026-01-24,2
TKT003062,CUS008514,INS000004,Technical Issue,High,Open,Mobile App,2025-12-25,1
TKT003063,CUS004774,INS000003,Account Issue,Low,Resolved,Mobile App,2025-04-19,6
TKT003064,CUS009990,INS000002,Loan Query,Low,Open,Mobile App,2024-10-14,4
TKT003065,CUS009186,INS000002,Payment Issue,Low,Resolved,Phone,2026-06-16,5
TKT003066,CUS005349,INS000002,Technical Issue,High,Resolved,Website,2024-10-31,2
TKT003067,CUS005461,INS000001,Card Issue,Low,In Progress,Mobile App,2025-11-27,2
TKT003068,CUS003344,INS000004,Payment Issue,Medium,Resolved,Website,2025-09-29,5
TKT003069,CUS004325,INS000004,Card Issue,Low,Resolved,Branch,2025-05-30,1
TKT003070,CUS008392,INS000002,Payment Issue,High,In Progress,Mobile App,2025-01-24,2
TKT003071,CUS003890,INS000005,Account Issue,Medium,Closed,Phone,2024-12-30,7
TKT003072,CUS006007,INS000001,Payment Issue,Low,Closed,Mobile App,2026-07-07,5
TKT003073,CUS009230,INS000002,Technical Issue,Low,Resolved,Email,2024-11-18,3
TKT003074,CUS009011,INS000005,Loan Query,Critical,Open,Phone,2025-02-24,5
TKT003075,CUS002229,INS000004,Card Issue,Medium,Resolved,Phone,2026-03-31,6
TKT003076,CUS003638,INS000005,Account Issue,Critical,Resolved,Website,2025-09-15,1
TKT003077,CUS006140,INS000002,Card Issue,Low,Closed,Mobile App,2025-11-04,6
TKT003078,CUS004963,INS000003,Account Issue,Low,In Progress,Mobile App,2025-04-18,3
TKT003079,CUS003464,INS000004,Payment Issue,Low,In Progress,Website,2025-11-23,6
TKT003080,CUS006790,INS000002,Transaction Issue,Medium,Resolved,Branch,2024-08-16,7
TKT003081,CUS009060,INS000004,Loan Query,High,In Progress,Email,2025-06-04,7
TKT003082,CUS000178,INS000001,Transaction Issue,High,Closed,Branch,2025-05-01,6
TKT003083,CUS009343,INS000003,Payment Issue,Medium,Resolved,Mobile App,2026-03-26,6
TKT003084,CUS005886,INS000004,Transaction Issue,Low,Resolved,Website,2024-08-07,7
TKT003085,CUS007459,INS000005,Card Issue,Low,In Progress,Mobile App,2024-08-18,3
TKT003086,CUS003273,INS000005,Account Issue,Medium,Closed,Website,2026-02-22,6
TKT003087,CUS006451,INS000001,Card Issue,Medium,Resolved,Email,2026-02-15,7
TKT003088,CUS005950,INS000002,Card Issue,Low,Closed,Website,2025-02-05,1
TKT003089,CUS004894,INS000005,Account Issue,Medium,Resolved,Mobile App,2026-07-16,5
TKT003090,CUS009663,INS000005,Payment Issue,Medium,Resolved,Mobile App,2025-04-27,4
TKT003091,CUS009317,INS000002,Technical Issue,Medium,Resolved,Website,2025-03-28,7
TKT003092,CUS001824,INS000005,Technical Issue,Low,Resolved,Phone,2025-12-01,3
TKT003093,CUS001956,INS000004,Transaction Issue,Low,Resolved,Phone,2025-06-11,7
TKT003094,CUS008004,INS000005,Technical Issue,Critical,Closed,Branch,2024-08-07,2
TKT003095,CUS005851,INS000005,Account Issue,Medium,Open,Branch,2024-08-20,4
TKT003096,CUS004606,INS000004,Card Issue,Low,In Progress,Phone,2025-03-03,3
TKT003097,CUS001272,INS000002,Transaction Issue,Medium,Open,Branch,2025-12-21,5
TKT003098,CUS008507,INS000002,Technical Issue,Low,Resolved,Branch,2024-12-14,6
TKT003099,CUS007164,INS000004,Card Issue,Medium,Closed,Email,2025-11-01,1
TKT003100,CUS004398,INS000004,Card Issue,Medium,In Progress,Email,2025-05-25,6
TKT003101,CUS004013,INS000003,Card Issue,Low,Closed,Phone,2025-07-17,3
TKT003102,CUS001872,INS000005,Card Issue,Medium,Open,Website,2025-08-03,4
TKT003103,CUS002869,INS000002,Payment Issue,Low,Closed,Phone,2025-10-19,4
TKT003104,CUS001671,INS000003,Payment Issue,Medium,Closed,Mobile App,2026-08-04,2
TKT003105,CUS006418,INS000005,Account Issue,High,Resolved,Mobile App,2025-04-12,5
TKT003106,CUS000701,INS000003,Transaction Issue,Medium,Closed,Mobile App,2025-10-27,1
TKT003107,CUS004270,INS000001,Fraud Report,High,Resolved,Mobile App,2024-11-18,6
TKT003108,CUS009442,INS000004,Fraud Report,Medium,Resolved,Email,2025-04-22,2
TKT003109,CUS004594,INS000005,Card Issue,Medium,Resolved,Website,2025-03-08,4
TKT003110,CUS000883,INS000003,Account Issue,Low,Closed,Branch,2025-09-17,5
TKT003111,CUS000481,INS000001,Card Issue,Low,Resolved,Website,2026-04-18,2
TKT003112,CUS005613,INS000002,Loan Query,High,Closed,Website,2026-05-10,1
TKT003113,CUS007259,INS000003,Account Issue,High,Resolved,Phone,2025-09-11,2
TKT003114,CUS000448,INS000001,Payment Issue,Medium,Open,Email,2026-01-20,3
TKT003115,CUS006411,INS000001,Card Issue,Low,Closed,Phone,2025-02-21,3
TKT003116,CUS001545,INS000003,Fraud Report,High,Resolved,Email,2025-09-30,2
TKT003117,CUS002068,INS000004,Technical Issue,Medium,Resolved,Email,2025-03-03,6
TKT003118,CUS003764,INS000004,Payment Issue,Low,Resolved,Phone,2026-01-31,1
TKT003119,CUS008072,INS000001,Transaction Issue,High,Resolved,Mobile App,2026-03-06,4
TKT003120,CUS002740,INS000004,Fraud Report,High,In Progress,Mobile App,2026-01-21,5
TKT003121,CUS002060,INS000005,Payment Issue,Medium,Closed,Branch,2025-07-27,5
TKT003122,CUS007898,INS000001,Account Issue,Low,Closed,Mobile App,2024-10-21,5
TKT003123,CUS004068,INS000005,Payment Issue,Low,Closed,Phone,2025-07-05,2
TKT003124,CUS009584,INS000003,Payment Issue,High,Resolved,Mobile App,2026-06-12,2
TKT003125,CUS005016,INS000003,Transaction Issue,Low,Resolved,Mobile App,2026-04-07,2
TKT003126,CUS007598,INS000003,Account Issue,Low,In Progress,Phone,2026-01-18,2
TKT003127,CUS006444,INS000005,Account Issue,Medium,Resolved,Website,2025-10-30,5
TKT003128,CUS003914,INS000003,Transaction Issue,Critical,Open,Email,2025-07-27,4
TKT003129,CUS006492,INS000002,Fraud Report,Low,Resolved,Branch,2026-02-04,7
TKT003130,CUS008803,INS000002,Card Issue,High,Resolved,Mobile App,2025-08-08,3
TKT003131,CUS003644,INS000003,Transaction Issue,High,Resolved,Branch,2025-01-06,1
TKT003132,CUS005264,INS000001,Card Issue,High,Resolved,Website,2025-01-29,1
TKT003133,CUS001930,INS000005,Transaction Issue,High,Resolved,Email,2025-02-11,3
TKT003134,CUS006275,INS000001,Account Issue,Low,Resolved,Phone,2025-03-16,6
TKT003135,CUS006593,INS000005,Fraud Report,High,In Progress,Phone,2025-01-13,2
TKT003136,CUS007366,INS000005,Payment Issue,Low,Resolved,Phone,2025-10-03,3
TKT003137,CUS009495,INS000003,Transaction Issue,High,Closed,Mobile App,2025-10-28,3
TKT003138,CUS003560,INS000003,Payment Issue,Low,Resolved,Mobile App,2026-01-23,5
TKT003139,CUS002374,INS000003,Transaction Issue,High,In Progress,Website,2025-07-29,4
TKT003140,CUS001374,INS000003,Account Issue,High,Open,Mobile App,2026-06-04,3
TKT003141,CUS001390,INS000004,Account Issue,Low,Resolved,Website,2025-11-04,6
TKT003142,CUS001121,INS000002,Payment Issue,Low,Closed,Mobile App,2026-01-28,5
TKT003143,CUS007963,INS000005,Fraud Report,Medium,Resolved,Website,2025-07-15,3
TKT003144,CUS003332,INS000005,Card Issue,Low,Open,Mobile App,2025-09-04,5
TKT003145,CUS001489,INS000005,Transaction Issue,Low,Closed,Website,2024-11-12,1
TKT003146,CUS003538,INS000001,Account Issue,Medium,Resolved,Phone,2026-06-23,1
TKT003147,CUS002278,INS000001,Payment Issue,Low,Closed,Phone,2025-10-07,5
TKT003148,CUS004610,INS000001,Card Issue,Medium,Resolved,Email,2025-12-10,1
TKT003149,CUS005775,INS000003,Account Issue,High,Closed,Website,2025-09-13,4
TKT003150,CUS002541,INS000002,Payment Issue,Low,Resolved,Website,2026-03-27,4
TKT003151,CUS001727,INS000003,Technical Issue,Low,Resolved,Website,2025-07-05,3
TKT003152,CUS001546,INS000001,Account Issue,Medium,Resolved,Phone,2026-01-22,3
TKT003153,CUS003850,INS000002,Transaction Issue,Low,Resolved,Mobile App,2024-10-03,7
TKT003154,CUS001803,INS000002,Account Issue,Low,Closed,Website,2024-12-26,3
TKT003155,CUS002214,INS000001,Technical Issue,Medium,Closed,Mobile App,2024-09-24,2
TKT003156,CUS007434,INS000002,Fraud Report,Low,Resolved,Mobile App,2025-09-19,5
TKT003157,CUS006177,INS000001,Card Issue,High,Resolved,Phone,2025-06-06,2
TKT003158,CUS005618,INS000005,Fraud Report,Low,In Progress,Mobile App,2026-03-17,6
TKT003159,CUS000672,INS000001,Fraud Report,Low,Closed,Website,2024-09-13,4
TKT003160,CUS006126,INS000001,Account Issue,Low,Closed,Mobile App,2026-04-14,1
TKT003161,CUS008928,INS000005,Transaction Issue,Medium,Closed,Website,2026-01-08,7
TKT003162,CUS002463,INS000003,Technical Issue,Medium,In Progress,Branch,2025-04-18,3
TKT003163,CUS002708,INS000003,Account Issue,Medium,Resolved,Website,2025-09-08,6
TKT003164,CUS004538,INS000005,Fraud Report,Critical,Closed,Mobile App,2026-05-09,7
TKT003165,CUS000029,INS000004,Payment Issue,Medium,Resolved,Phone,2025-12-09,4
TKT003166,CUS009706,INS000005,Transaction Issue,Low,Resolved,Email,2025-01-06,1
TKT003167,CUS004057,INS000004,Technical Issue,Medium,Closed,Phone,2026-04-15,3
TKT003168,CUS009014,INS000004,Card Issue,Medium,Open,Email,2026-05-20,1
TKT003169,CUS006500,INS000004,Payment Issue,Medium,Closed,Phone,2024-08-17,4
TKT003170,CUS005519,INS000001,Account Issue,Critical,Resolved,Website,2025-04-09,4
TKT003171,CUS008094,INS000004,Payment Issue,Medium,Resolved,Website,2026-05-25,5
TKT003172,CUS002050,INS000002,Card Issue,Medium,Open,Phone,2026-01-29,1
TKT003173,CUS001799,INS000001,Account Issue,Critical,Closed,Mobile App,2025-09-02,3
TKT003174,CUS007550,INS000005,Payment Issue,Low,Resolved,Mobile App,2025-06-05,4
TKT003175,CUS008669,INS000003,Payment Issue,Critical,Closed,Email,2025-07-25,3
TKT003176,CUS006990,INS000003,Card Issue,High,Resolved,Branch,2025-05-18,4
TKT003177,CUS000985,INS000003,Card Issue,Medium,Open,Branch,2025-04-06,6
TKT003178,CUS008701,INS000001,Card Issue,Medium,In Progress,Branch,2025-01-01,4
TKT003179,CUS004930,INS000001,Account Issue,Low,Closed,Branch,2026-02-10,2
TKT003180,CUS007329,INS000002,Fraud Report,Low,Resolved,Branch,2024-09-21,6
TKT003181,CUS001014,INS000001,Transaction Issue,High,Resolved,Website,2026-04-05,3
TKT003182,CUS000554,INS000005,Card Issue,Medium,Resolved,Phone,2026-02-10,4
TKT003183,CUS009999,INS000004,Technical Issue,Low,Closed,Phone,2026-06-15,4
TKT003184,CUS009974,INS000005,Technical Issue,Medium,Closed,Email,2025-04-25,6
TKT003185,CUS008425,INS000003,Payment Issue,Medium,Open,Mobile App,2026-03-24,6
TKT003186,CUS003757,INS000005,Transaction Issue,High,Closed,Branch,2025-08-08,1
TKT003187,CUS000952,INS000003,Fraud Report,Low,Resolved,Mobile App,2025-01-23,4
TKT003188,CUS009093,INS000003,Transaction Issue,Medium,Closed,Phone,2025-07-14,6
TKT003189,CUS006163,INS000005,Fraud Report,Low,Resolved,Phone,2025-09-30,3
TKT003190,CUS000415,INS000001,Technical Issue,Medium,Closed,Branch,2024-10-13,6
TKT003191,CUS001270,INS000005,Payment Issue,Medium,Resolved,Phone,2025-08-20,6
TKT003192,CUS005474,INS000002,Fraud Report,Medium,Resolved,Branch,2026-01-02,3
TKT003193,CUS000445,INS000005,Transaction Issue,Medium,Closed,Mobile App,2025-03-18,3
TKT003194,CUS001441,INS000005,Transaction Issue,Low,Closed,Branch,2025-08-12,1
TKT003195,CUS001712,INS000004,Card Issue,Low,Closed,Mobile App,2026-06-08,5
TKT003196,CUS006299,INS000005,Fraud Report,High,Resolved,Phone,2025-04-27,1
TKT003197,CUS001673,INS000005,Transaction Issue,Low,Resolved,Mobile App,2025-02-24,6
TKT003198,CUS000478,INS000001,Payment Issue,Medium,Resolved,Mobile App,2025-11-28,4
TKT003199,CUS006954,INS000005,Card Issue,Low,Closed,Phone,2026-06-14,4
TKT003200,CUS009236,INS000005,Payment Issue,Medium,In Progress,Branch,2025-02-27,3
TKT003201,CUS004467,INS000004,Technical Issue,Low,Closed,Mobile App,2024-10-21,5
TKT003202,CUS001975,INS000002,Payment Issue,Low,Closed,Website,2025-01-21,5
TKT003203,CUS009729,INS000003,Transaction Issue,High,Closed,Email,2025-03-22,3
TKT003204,CUS001358,INS000002,Loan Query,Low,Resolved,Website,2024-09-15,1
TKT003205,CUS002316,INS000002,Card Issue,Medium,Closed,Website,2024-10-19,1
TKT003206,CUS003617,INS000004,Card Issue,Medium,Resolved,Mobile App,2025-09-03,1
TKT003207,CUS005154,INS000001,Card Issue,Low,Resolved,Phone,2025-11-05,7
TKT003208,CUS003604,INS000003,Card Issue,Medium,Resolved,Branch,2024-11-01,3
TKT003209,CUS004885,INS000004,Payment Issue,Low,Resolved,Website,2025-03-26,2
TKT003210,CUS008305,INS000003,Payment Issue,High,Resolved,Branch,2025-07-28,6
TKT003211,CUS009788,INS000004,Payment Issue,High,Closed,Mobile App,2025-02-12,7
TKT003212,CUS005623,INS000002,Transaction Issue,Low,Resolved,Website,2025-09-16,6
TKT003213,CUS009317,INS000002,Fraud Report,Low,Resolved,Website,2026-04-03,1
TKT003214,CUS005292,INS000004,Fraud Report,Medium,Resolved,Phone,2026-01-04,6
TKT003215,CUS003521,INS000001,Fraud Report,Critical,Closed,Branch,2025-10-26,6
TKT003216,CUS002088,INS000004,Card Issue,High,Resolved,Mobile App,2024-10-11,2
TKT003217,CUS004259,INS000004,Transaction Issue,Low,Closed,Mobile App,2024-09-27,4
TKT003218,CUS009937,INS000003,Loan Query,Medium,In Progress,Website,2026-02-07,7
TKT003219,CUS001196,INS000001,Loan Query,High,In Progress,Website,2025-10-26,3
TKT003220,CUS001442,INS000003,Payment Issue,High,Open,Email,2026-03-26,6
TKT003221,CUS001276,INS000002,Account Issue,Medium,Resolved,Mobile App,2025-06-15,5
TKT003222,CUS003885,INS000004,Transaction Issue,High,Resolved,Phone,2026-05-25,6
TKT003223,CUS007712,INS000004,Card Issue,High,Open,Branch,2025-03-11,2
TKT003224,CUS006410,INS000003,Card Issue,Medium,In Progress,Phone,2026-01-29,1
TKT003225,CUS001301,INS000005,Card Issue,High,Closed,Mobile App,2024-12-11,1
TKT003226,CUS009725,INS000002,Payment Issue,Low,Resolved,Website,2025-08-28,4
TKT003227,CUS009774,INS000005,Card Issue,Medium,Resolved,Email,2024-11-18,6
TKT003228,CUS006963,INS000005,Card Issue,Low,Resolved,Branch,2025-06-14,1
TKT003229,CUS008266,INS000001,Card Issue,Medium,Resolved,Mobile App,2025-12-17,7
TKT003230,CUS001226,INS000004,Fraud Report,Medium,Closed,Website,2025-12-12,5
TKT003231,CUS001557,INS000003,Card Issue,High,In Progress,Mobile App,2025-09-09,3
TKT003232,CUS005721,INS000005,Loan Query,Medium,Open,Phone,2026-01-07,4
TKT003233,CUS000215,INS000003,Fraud Report,Medium,Closed,Phone,2025-09-01,1
TKT003234,CUS006311,INS000002,Loan Query,Low,Resolved,Branch,2025-03-25,1
TKT003235,CUS004072,INS000005,Technical Issue,Critical,Open,Website,2025-11-13,7
TKT003236,CUS008413,INS000004,Transaction Issue,Medium,Resolved,Mobile App,2026-02-16,3
TKT003237,CUS002509,INS000002,Payment Issue,Low,Resolved,Mobile App,2025-10-19,2
TKT003238,CUS001999,INS000005,Loan Query,Low,Resolved,Phone,2026-01-31,3
TKT003239,CUS001363,INS000004,Card Issue,Low,In Progress,Email,2026-06-26,2
TKT003240,CUS007358,INS000003,Account Issue,High,Resolved,Email,2025-10-14,1
TKT003241,CUS006374,INS000004,Payment Issue,High,Open,Branch,2025-05-12,1
TKT003242,CUS002143,INS000001,Fraud Report,Medium,In Progress,Email,2024-08-12,6
TKT003243,CUS006498,INS000003,Account Issue,Low,In Progress,Mobile App,2025-08-01,2
TKT003244,CUS003297,INS000001,Card Issue,Medium,Resolved,Phone,2026-07-12,5
TKT003245,CUS008309,INS000004,Technical Issue,Low,Resolved,Mobile App,2025-07-07,5
TKT003246,CUS009041,INS000002,Fraud Report,High,Closed,Mobile App,2025-04-01,4
TKT003247,CUS007594,INS000004,Technical Issue,High,Resolved,Branch,2025-01-04,6
TKT003248,CUS004276,INS000004,Account Issue,Low,Closed,Website,2025-05-10,5
TKT003249,CUS001470,INS000003,Transaction Issue,Medium,Closed,Mobile App,2026-04-02,5
TKT003250,CUS007977,INS000002,Fraud Report,High,Closed,Mobile App,2026-05-26,2
TKT003251,CUS001304,INS000005,Transaction Issue,Low,Closed,Mobile App,2025-06-20,2
TKT003252,CUS008646,INS000003,Card Issue,Medium,Resolved,Phone,2025-01-19,6
TKT003253,CUS003464,INS000004,Transaction Issue,Low,Closed,Email,2026-05-20,2
TKT003254,CUS001300,INS000004,Card Issue,Medium,Resolved,Website,2024-08-29,7
TKT003255,CUS007751,INS000004,Card Issue,Low,Resolved,Mobile App,2024-12-29,5
TKT003256,CUS008035,INS000001,Transaction Issue,Medium,Open,Branch,2025-05-07,7
TKT003257,CUS008328,INS000004,Account Issue,Low,Resolved,Mobile App,2025-09-06,5
TKT003258,CUS002096,INS000003,Transaction Issue,Medium,In Progress,Mobile App,2024-12-18,3
TKT003259,CUS007076,INS000004,Loan Query,Low,Resolved,Mobile App,2024-11-16,7
TKT003260,CUS002979,INS000002,Technical Issue,Medium,In Progress,Website,2025-05-18,2
TKT003261,CUS006044,INS000001,Account Issue,Medium,Open,Mobile App,2025-12-23,5
TKT003262,CUS006094,INS000003,Payment Issue,Medium,Closed,Mobile App,2025-02-06,3
TKT003263,CUS002948,INS000001,Account Issue,Medium,Closed,Mobile App,2024-09-10,7
TKT003264,CUS009615,INS000004,Transaction Issue,Low,Resolved,Email,2025-08-02,3
TKT003265,CUS008646,INS000003,Fraud Report,Medium,Resolved,Email,2025-06-18,3
TKT003266,CUS008667,INS000001,Transaction Issue,Medium,Closed,Email,2026-05-08,1
TKT003267,CUS006619,INS000002,Fraud Report,Medium,In Progress,Phone,2024-09-27,1
TKT003268,CUS000459,INS000002,Account Issue,Medium,Open,Mobile App,2026-04-12,3
TKT003269,CUS006420,INS000005,Account Issue,Low,Closed,Mobile App,2025-09-13,2
TKT003270,CUS002348,INS000001,Payment Issue,Medium,In Progress,Email,2025-06-27,7
TKT003271,CUS002398,INS000001,Card Issue,Medium,Resolved,Phone,2025-01-17,4
TKT003272,CUS005322,INS000003,Technical Issue,High,Closed,Website,2024-09-20,3
TKT003273,CUS008475,INS000002,Fraud Report,Medium,Resolved,Email,2025-06-16,5
TKT003274,CUS000204,INS000001,Loan Query,Low,In Progress,Mobile App,2026-02-01,6
TKT003275,CUS002686,INS000003,Payment Issue,Low,Closed,Mobile App,2026-05-25,2
TKT003276,CUS009767,INS000002,Fraud Report,Medium,Resolved,Email,2025-07-05,6
TKT003277,CUS003011,INS000004,Transaction Issue,Low,Closed,Phone,2025-08-11,3
TKT003278,CUS005505,INS000005,Card Issue,Medium,Resolved,Website,2025-09-27,4
TKT003279,CUS007310,INS000002,Account Issue,Medium,Closed,Mobile App,2025-05-12,6
TKT003280,CUS004556,INS000001,Technical Issue,Low,Resolved,Phone,2025-05-05,5
TKT003281,CUS005223,INS000001,Fraud Report,Low,Resolved,Website,2025-03-24,5
TKT003282,CUS002623,INS000004,Transaction Issue,Medium,Closed,Mobile App,2025-12-15,7
TKT003283,CUS003277,INS000002,Payment Issue,High,Closed,Phone,2026-07-12,1
TKT003284,CUS008649,INS000004,Loan Query,High,Closed,Mobile App,2026-01-12,3
TKT003285,CUS003804,INS000004,Transaction Issue,High,Open,Email,2024-11-25,5
TKT003286,CUS004188,INS000002,Payment Issue,Low,Resolved,Phone,2025-06-08,2
TKT003287,CUS005622,INS000003,Transaction Issue,Medium,Closed,Email,2025-09-13,5
TKT003288,CUS003613,INS000004,Loan Query,Low,Closed,Phone,2024-09-01,5
TKT003289,CUS005801,INS000002,Transaction Issue,Medium,Resolved,Email,2025-01-23,7
TKT003290,CUS005903,INS000001,Payment Issue,Low,Closed,Branch,2025-03-10,2
TKT003291,CUS007889,INS000004,Transaction Issue,Medium,Open,Mobile App,2024-10-19,2
TKT003292,CUS003553,INS000005,Payment Issue,Medium,Closed,Mobile App,2026-06-20,6
TKT003293,CUS001474,INS000005,Loan Query,Medium,Closed,Mobile App,2025-05-03,2
TKT003294,CUS004688,INS000003,Fraud Report,High,Resolved,Branch,2026-04-23,4
TKT003295,CUS003954,INS000003,Technical Issue,Low,Resolved,Phone,2024-10-27,5
TKT003296,CUS008138,INS000004,Account Issue,Low,In Progress,Mobile App,2026-06-23,7
TKT003297,CUS000506,INS000001,Transaction Issue,Medium,Closed,Phone,2025-10-18,4
TKT003298,CUS000237,INS000001,Technical Issue,Low,Resolved,Mobile App,2025-02-14,5
TKT003299,CUS004547,INS000002,Account Issue,Low,Closed,Email,2026-01-03,3
TKT003300,CUS002851,INS000003,Transaction Issue,Medium,Open,Phone,2025-12-17,3
TKT003301,CUS000943,INS000003,Loan Query,Medium,Open,Mobile App,2026-06-03,6
TKT003302,CUS007119,INS000003,Transaction Issue,Low,Closed,Branch,2025-01-29,2
TKT003303,CUS008000,INS000003,Account Issue,Low,Resolved,Mobile App,2025-02-28,4
TKT003304,CUS004079,INS000003,Card Issue,Medium,Resolved,Mobile App,2024-12-06,4
TKT003305,CUS005583,INS000001,Account Issue,Medium,Closed,Branch,2025-06-12,3
TKT003306,CUS000947,INS000002,Transaction Issue,Low,Resolved,Phone,2025-04-20,4
TKT003307,CUS004549,INS000003,Loan Query,Medium,Closed,Phone,2024-09-19,3
TKT003308,CUS001705,INS000001,Loan Query,Medium,Closed,Phone,2024-09-17,7
TKT003309,CUS006067,INS000001,Payment Issue,High,Resolved,Mobile App,2024-09-21,4
TKT003310,CUS005149,INS000003,Technical Issue,Low,Resolved,Mobile App,2024-08-17,4
TKT003311,CUS004964,INS000003,Card Issue,High,Resolved,Website,2026-01-22,5
TKT003312,CUS003866,INS000001,Account Issue,High,Closed,Branch,2025-12-02,6
TKT003313,CUS001260,INS000001,Payment Issue,High,Closed,Mobile App,2026-04-15,3
TKT003314,CUS002472,INS000004,Payment Issue,Low,Resolved,Mobile App,2026-07-26,1
TKT003315,CUS003624,INS000004,Fraud Report,High,Closed,Mobile App,2024-10-22,6
TKT003316,CUS002186,INS000001,Fraud Report,Medium,Open,Mobile App,2025-04-22,2
TKT003317,CUS007694,INS000004,Card Issue,Low,Closed,Mobile App,2026-03-27,1
TKT003318,CUS002410,INS000005,Account Issue,Medium,Resolved,Mobile App,2025-05-10,4
TKT003319,CUS001641,INS000005,Payment Issue,Medium,Resolved,Mobile App,2024-11-07,6
TKT003320,CUS000702,INS000003,Card Issue,Medium,Resolved,Branch,2026-03-31,2
TKT003321,CUS007859,INS000003,Account Issue,Low,In Progress,Website,2025-02-24,5
TKT003322,CUS001096,INS000002,Technical Issue,Medium,Resolved,Branch,2025-10-28,2
TKT003323,CUS006658,INS000004,Payment Issue,Low,Closed,Email,2024-08-08,5
TKT003324,CUS000498,INS000001,Card Issue,Low,Resolved,Phone,2025-05-26,3
TKT003325,CUS007694,INS000004,Account Issue,High,Resolved,Phone,2025-05-23,6
TKT003326,CUS004874,INS000003,Card Issue,Medium,Closed,Branch,2025-11-14,1
TKT003327,CUS002608,INS000003,Account Issue,Low,Closed,Branch,2026-05-28,2
TKT003328,CUS009927,INS000003,Card Issue,Medium,Closed,Website,2025-11-25,5
TKT003329,CUS008305,INS000003,Transaction Issue,Medium,Resolved,Mobile App,2024-11-04,1
TKT003330,CUS001429,INS000005,Payment Issue,Low,In Progress,Mobile App,2025-10-27,5
TKT003331,CUS006795,INS000004,Payment Issue,High,Resolved,Branch,2025-12-11,5
TKT003332,CUS007455,INS000005,Payment Issue,Low,Closed,Mobile App,2026-06-19,6
TKT003333,CUS008984,INS000002,Account Issue,Medium,Resolved,Branch,2026-08-04,3
TKT003334,CUS009470,INS000003,Account Issue,Medium,Resolved,Website,2026-06-28,4
TKT003335,CUS005907,INS000003,Transaction Issue,Medium,Resolved,Website,2025-11-05,5
TKT003336,CUS003878,INS000003,Account Issue,Low,Resolved,Mobile App,2024-09-27,2
TKT003337,CUS006279,INS000001,Card Issue,Critical,Open,Email,2026-05-16,4
TKT003338,CUS005986,INS000005,Payment Issue,Medium,Resolved,Mobile App,2026-04-27,4
TKT003339,CUS003154,INS000002,Transaction Issue,Low,Closed,Mobile App,2025-04-04,4
TKT003340,CUS000857,INS000003,Card Issue,High,Closed,Email,2026-07-15,5
TKT003341,CUS001157,INS000001,Card Issue,Low,Closed,Email,2025-10-09,5
TKT003342,CUS008469,INS000001,Transaction Issue,High,Closed,Branch,2026-01-13,7
TKT003343,CUS003662,INS000003,Loan Query,High,Open,Email,2025-04-27,6
TKT003344,CUS000866,INS000005,Account Issue,Low,Closed,Phone,2025-08-07,1
TKT003345,CUS009180,INS000005,Fraud Report,High,Resolved,Phone,2025-06-12,3
TKT003346,CUS008303,INS000003,Payment Issue,Low,Closed,Branch,2025-02-14,7
TKT003347,CUS005310,INS000005,Fraud Report,Critical,Resolved,Email,2025-06-20,6
TKT003348,CUS005097,INS000003,Card Issue,Low,Resolved,Mobile App,2025-06-14,7
TKT003349,CUS002154,INS000004,Account Issue,High,Resolved,Phone,2026-02-19,7
TKT003350,CUS005035,INS000004,Transaction Issue,High,Resolved,Phone,2025-04-02,3
TKT003351,CUS005591,INS000002,Payment Issue,Low,Open,Branch,2026-05-24,3
TKT003352,CUS005115,INS000004,Account Issue,Low,In Progress,Branch,2024-11-25,7
TKT003353,CUS002054,INS000003,Payment Issue,Critical,Resolved,Mobile App,2024-11-25,1
TKT003354,CUS008950,INS000002,Loan Query,Medium,Resolved,Mobile App,2024-10-27,1
TKT003355,CUS000964,INS000005,Payment Issue,High,Resolved,Mobile App,2025-10-31,7
TKT003356,CUS007781,INS000005,Payment Issue,High,Resolved,Mobile App,2025-11-10,2
TKT003357,CUS005424,INS000002,Fraud Report,Medium,In Progress,Branch,2025-04-30,6
TKT003358,CUS003926,INS000004,Loan Query,Medium,Resolved,Branch,2024-12-30,2
TKT003359,CUS002501,INS000005,Account Issue,Medium,Resolved,Phone,2026-06-19,1
TKT003360,CUS006153,INS000004,Fraud Report,Medium,Resolved,Mobile App,2025-06-19,5
TKT003361,CUS001422,INS000001,Card Issue,Low,Open,Website,2025-05-28,2
TKT003362,CUS002762,INS000001,Payment Issue,Medium,Open,Website,2026-01-08,3
TKT003363,CUS008781,INS000003,Loan Query,Medium,Resolved,Mobile App,2026-03-25,4
TKT003364,CUS002814,INS000001,Payment Issue,High,In Progress,Branch,2026-04-15,2
TKT003365,CUS008104,INS000002,Payment Issue,Medium,Open,Website,2025-02-11,4
TKT003366,CUS005429,INS000005,Transaction Issue,Medium,Resolved,Branch,2026-06-01,6
TKT003367,CUS008747,INS000004,Fraud Report,Low,Resolved,Website,2026-05-17,2
TKT003368,CUS004689,INS000001,Loan Query,Medium,Resolved,Phone,2025-04-20,5
TKT003369,CUS008358,INS000005,Transaction Issue,Medium,Closed,Mobile App,2026-02-18,2
TKT003370,CUS002383,INS000004,Card Issue,Medium,Open,Phone,2024-10-28,2
TKT003371,CUS005638,INS000005,Transaction Issue,Low,Closed,Mobile App,2025-09-13,3
TKT003372,CUS006393,INS000004,Card Issue,Low,Resolved,Mobile App,2026-06-12,6
TKT003373,CUS004717,INS000004,Card Issue,Medium,Resolved,Email,2025-06-22,2
TKT003374,CUS001739,INS000001,Payment Issue,Medium,Closed,Website,2025-09-23,3
TKT003375,CUS004001,INS000003,Fraud Report,Low,Resolved,Mobile App,2025-06-26,6
TKT003376,CUS005467,INS000003,Transaction Issue,Medium,Resolved,Mobile App,2026-04-27,4
TKT003377,CUS008298,INS000002,Card Issue,Medium,Resolved,Mobile App,2025-12-12,4
TKT003378,CUS003698,INS000004,Payment Issue,High,In Progress,Phone,2024-09-03,2
TKT003379,CUS001883,INS000005,Payment Issue,Low,Resolved,Website,2026-07-19,7
TKT003380,CUS009009,INS000004,Fraud Report,Medium,In Progress,Website,2024-09-12,3
TKT003381,CUS000824,INS000003,Fraud Report,Medium,In Progress,Phone,2025-12-22,7
TKT003382,CUS008713,INS000001,Transaction Issue,Medium,Closed,Mobile App,2026-02-13,2
TKT003383,CUS000862,INS000002,Account Issue,Low,Open,Mobile App,2026-06-24,6
TKT003384,CUS004950,INS000002,Card Issue,Low,In Progress,Phone,2025-10-11,4
TKT003385,CUS002662,INS000002,Account Issue,Low,Closed,Mobile App,2025-09-23,2
TKT003386,CUS001709,INS000002,Technical Issue,Medium,Resolved,Email,2026-06-20,5
TKT003387,CUS008933,INS000001,Payment Issue,Medium,Resolved,Mobile App,2026-01-31,2
TKT003388,CUS005803,INS000001,Loan Query,Low,Closed,Phone,2025-03-24,3
TKT003389,CUS009064,INS000003,Card Issue,Low,Resolved,Mobile App,2025-10-04,1
TKT003390,CUS005707,INS000001,Loan Query,Low,Resolved,Branch,2026-01-05,4
TKT003391,CUS008502,INS000004,Card Issue,Low,Resolved,Mobile App,2025-03-15,6
TKT003392,CUS003110,INS000003,Account Issue,Critical,Resolved,Website,2024-10-16,4
TKT003393,CUS007113,INS000001,Payment Issue,Critical,Resolved,Mobile App,2025-09-10,3
TKT003394,CUS006904,INS000002,Technical Issue,Low,Resolved,Email,2024-11-02,2
TKT003395,CUS000798,INS000002,Account Issue,High,Resolved,Mobile App,2025-01-19,7
TKT003396,CUS005310,INS000005,Loan Query,High,In Progress,Mobile App,2024-12-11,3
TKT003397,CUS004804,INS000001,Payment Issue,Medium,In Progress,Mobile App,2025-08-17,7
TKT003398,CUS006692,INS000002,Payment Issue,Medium,Resolved,Phone,2026-05-30,2
TKT003399,CUS000416,INS000005,Card Issue,Medium,Resolved,Website,2025-09-17,3
TKT003400,CUS008160,INS000001,Card Issue,High,Resolved,Mobile App,2024-11-27,1
TKT003401,CUS009020,INS000002,Account Issue,High,Closed,Email,2025-07-13,3
TKT003402,CUS001207,INS000004,Technical Issue,Medium,Resolved,Phone,2024-08-31,4
TKT003403,CUS006519,INS000004,Payment Issue,High,Open,Mobile App,2026-06-03,4
TKT003404,CUS004215,INS000002,Card Issue,High,Closed,Phone,2025-08-31,4
TKT003405,CUS002091,INS000005,Card Issue,Low,Closed,Website,2024-11-18,4
TKT003406,CUS009644,INS000005,Loan Query,High,In Progress,Website,2024-10-12,7
TKT003407,CUS001745,INS000001,Account Issue,Low,Closed,Branch,2025-04-23,4
TKT003408,CUS005156,INS000005,Loan Query,High,Closed,Phone,2026-07-15,2
TKT003409,CUS009444,INS000005,Fraud Report,Medium,In Progress,Website,2024-10-01,7
TKT003410,CUS003026,INS000001,Transaction Issue,Medium,Resolved,Branch,2025-05-12,1
TKT003411,CUS002615,INS000004,Account Issue,Medium,Closed,Branch,2024-08-08,6
TKT003412,CUS009254,INS000002,Technical Issue,High,Open,Phone,2026-03-26,7
TKT003413,CUS006171,INS000004,Transaction Issue,Medium,Closed,Phone,2025-08-11,3
TKT003414,CUS003352,INS000002,Loan Query,Low,Resolved,Phone,2025-09-29,6
TKT003415,CUS001941,INS000002,Technical Issue,Low,Resolved,Mobile App,2025-01-05,4
TKT003416,CUS004433,INS000004,Card Issue,Low,Closed,Website,2025-06-08,5
TKT003417,CUS007515,INS000001,Card Issue,Low,Resolved,Mobile App,2025-11-26,3
TKT003418,CUS002709,INS000002,Transaction Issue,Medium,Closed,Phone,2026-01-09,6
TKT003419,CUS005572,INS000001,Loan Query,Low,Closed,Email,2025-05-17,1
TKT003420,CUS009944,INS000001,Payment Issue,Low,Resolved,Website,2026-04-25,1
TKT003421,CUS008066,INS000004,Transaction Issue,Medium,Closed,Mobile App,2025-11-04,7
TKT003422,CUS009323,INS000004,Technical Issue,Medium,Closed,Website,2025-08-20,1
TKT003423,CUS003471,INS000002,Technical Issue,High,Closed,Phone,2025-04-05,5
TKT003424,CUS000104,INS000002,Payment Issue,Medium,Resolved,Website,2025-02-22,2
TKT003425,CUS009753,INS000001,Transaction Issue,Critical,Closed,Mobile App,2025-12-15,5
TKT003426,CUS003605,INS000001,Fraud Report,High,Open,Branch,2025-03-09,5
TKT003427,CUS001577,INS000002,Fraud Report,Medium,Resolved,Email,2025-03-26,2
TKT003428,CUS003772,INS000002,Payment Issue,Medium,Resolved,Branch,2025-03-06,7
TKT003429,CUS008222,INS000003,Technical Issue,High,Resolved,Email,2024-12-29,4
TKT003430,CUS008521,INS000004,Payment Issue,High,Resolved,Mobile App,2025-02-15,5
TKT003431,CUS008337,INS000002,Account Issue,Low,Resolved,Mobile App,2024-12-09,4
TKT003432,CUS006849,INS000004,Payment Issue,Critical,Open,Website,2025-09-12,6
TKT003433,CUS009975,INS000004,Loan Query,Medium,Closed,Email,2024-08-23,1
TKT003434,CUS007101,INS000002,Card Issue,High,In Progress,Mobile App,2024-08-24,3
TKT003435,CUS000234,INS000004,Payment Issue,High,Resolved,Phone,2025-08-01,2
TKT003436,CUS009955,INS000005,Payment Issue,Medium,Resolved,Mobile App,2025-12-08,4
TKT003437,CUS005310,INS000005,Transaction Issue,Low,Resolved,Email,2025-04-10,1
TKT003438,CUS007021,INS000005,Account Issue,Critical,Resolved,Mobile App,2025-12-27,6
TKT003439,CUS003464,INS000004,Technical Issue,High,Closed,Website,2025-12-02,5
TKT003440,CUS000928,INS000004,Payment Issue,Low,Open,Phone,2025-08-28,3
TKT003441,CUS005539,INS000003,Account Issue,High,Resolved,Branch,2025-06-06,6
TKT003442,CUS001564,INS000003,Payment Issue,Low,Closed,Branch,2024-09-12,3
TKT003443,CUS005709,INS000001,Card Issue,High,Resolved,Mobile App,2026-02-22,4
TKT003444,CUS007676,INS000004,Payment Issue,Medium,Closed,Branch,2024-08-09,7
TKT003445,CUS000736,INS000002,Account Issue,High,Resolved,Phone,2025-07-03,1
TKT003446,CUS000947,INS000002,Transaction Issue,Medium,Open,Email,2026-02-20,7
TKT003447,CUS001798,INS000005,Transaction Issue,Low,Resolved,Phone,2025-03-19,2
TKT003448,CUS001550,INS000005,Card Issue,Medium,Closed,Phone,2024-11-14,6
TKT003449,CUS002927,INS000004,Technical Issue,Low,Closed,Mobile App,2026-03-21,6
TKT003450,CUS003475,INS000002,Technical Issue,Medium,Closed,Email,2025-05-22,3
TKT003451,CUS004696,INS000002,Transaction Issue,Low,Resolved,Email,2026-02-23,2
TKT003452,CUS003677,INS000002,Transaction Issue,Critical,Closed,Phone,2025-03-29,4
TKT003453,CUS008225,INS000004,Transaction Issue,High,Closed,Phone,2025-08-05,6
TKT003454,CUS006889,INS000005,Technical Issue,Critical,Closed,Phone,2025-03-29,2
TKT003455,CUS004697,INS000001,Card Issue,Low,In Progress,Email,2026-01-09,5
TKT003456,CUS001287,INS000003,Fraud Report,Low,Closed,Phone,2026-01-09,6
TKT003457,CUS003384,INS000005,Card Issue,High,Open,Website,2025-04-12,3
TKT003458,CUS009054,INS000004,Loan Query,Low,Closed,Branch,2026-02-22,5
TKT003459,CUS008138,INS000004,Payment Issue,Low,Closed,Mobile App,2024-10-25,7
TKT003460,CUS003259,INS000005,Payment Issue,Medium,Resolved,Website,2024-12-19,4
TKT003461,CUS004605,INS000002,Card Issue,Critical,Resolved,Branch,2026-03-15,5
TKT003462,CUS009364,INS000005,Payment Issue,Medium,In Progress,Website,2024-11-01,7
TKT003463,CUS005900,INS000005,Card Issue,High,Closed,Website,2024-12-07,2
TKT003464,CUS007475,INS000003,Transaction Issue,High,Closed,Mobile App,2024-08-20,2
TKT003465,CUS007811,INS000005,Account Issue,Low,Resolved,Phone,2024-10-28,1
TKT003466,CUS005663,INS000005,Payment Issue,Medium,Resolved,Website,2026-05-03,3
TKT003467,CUS007535,INS000004,Transaction Issue,Medium,Open,Phone,2025-09-08,5
TKT003468,CUS000145,INS000004,Loan Query,Low,Resolved,Website,2025-03-26,7
TKT003469,CUS006033,INS000002,Account Issue,Low,Closed,Mobile App,2025-08-22,1
TKT003470,CUS009988,INS000005,Fraud Report,Low,Resolved,Mobile App,2026-06-27,2
TKT003471,CUS002585,INS000004,Payment Issue,Medium,In Progress,Website,2025-11-19,7
TKT003472,CUS000358,INS000005,Payment Issue,Medium,Open,Phone,2024-08-11,5
TKT003473,CUS004615,INS000003,Payment Issue,High,Resolved,Phone,2025-12-02,6
TKT003474,CUS005727,INS000005,Transaction Issue,Medium,Resolved,Website,2024-12-20,4
TKT003475,CUS000423,INS000002,Transaction Issue,Low,Resolved,Email,2025-05-21,4
TKT003476,CUS006717,INS000004,Loan Query,Medium,Resolved,Phone,2026-05-17,6
TKT003477,CUS007914,INS000003,Transaction Issue,Critical,In Progress,Email,2026-03-27,4
TKT003478,CUS008134,INS000005,Technical Issue,Critical,In Progress,Mobile App,2024-08-14,3
TKT003479,CUS004514,INS000003,Card Issue,High,Resolved,Website,2025-10-20,6
TKT003480,CUS008156,INS000005,Fraud Report,Medium,Resolved,Branch,2025-02-13,5
TKT003481,CUS007301,INS000004,Payment Issue,Medium,Closed,Branch,2026-05-07,1
TKT003482,CUS005479,INS000002,Account Issue,Critical,Resolved,Mobile App,2024-12-25,3
TKT003483,CUS002766,INS000005,Technical Issue,Medium,Resolved,Mobile App,2024-12-16,6
TKT003484,CUS009645,INS000005,Payment Issue,High,Closed,Email,2025-01-21,5
TKT003485,CUS004322,INS000005,Account Issue,High,Resolved,Mobile App,2026-03-06,5
TKT003486,CUS002491,INS000003,Payment Issue,Low,Closed,Branch,2024-10-09,4
TKT003487,CUS009292,INS000005,Payment Issue,High,Open,Website,2026-03-31,2
TKT003488,CUS006111,INS000002,Fraud Report,Low,In Progress,Mobile App,2025-05-27,4
TKT003489,CUS002305,INS000002,Payment Issue,Medium,Closed,Website,2026-01-25,6
TKT003490,CUS003757,INS000005,Payment Issue,Low,Closed,Mobile App,2026-07-31,5
TKT003491,CUS000097,INS000005,Card Issue,High,Closed,Mobile App,2026-02-03,5
TKT003492,CUS002942,INS000001,Transaction Issue,Low,Closed,Email,2025-08-16,2
TKT003493,CUS002580,INS000001,Fraud Report,Medium,In Progress,Website,2025-04-04,1
TKT003494,CUS008694,INS000004,Loan Query,High,Resolved,Branch,2026-07-07,6
TKT003495,CUS006178,INS000002,Payment Issue,Medium,Closed,Email,2026-04-28,1
TKT003496,CUS004373,INS000001,Payment Issue,Low,Resolved,Phone,2024-10-21,6
TKT003497,CUS001772,INS000001,Payment Issue,High,Closed,Mobile App,2024-11-09,3
TKT003498,CUS007697,INS000003,Transaction Issue,Low,Resolved,Email,2024-10-02,5
TKT003499,CUS000871,INS000003,Transaction Issue,Medium,Closed,Mobile App,2026-05-01,7
TKT003500,CUS006988,INS000001,Card Issue,Low,Resolved,Mobile App,2024-10-29,4
TKT003501,CUS003248,INS000003,Payment Issue,Medium,Resolved,Branch,2026-05-01,4
TKT003502,CUS000879,INS000005,Transaction Issue,High,Closed,Branch,2024-10-31,3
TKT003503,CUS000017,INS000004,Payment Issue,Low,In Progress,Phone,2025-01-05,7
TKT003504,CUS000309,INS000005,Payment Issue,Low,Closed,Phone,2025-11-13,7
TKT003505,CUS002724,INS000003,Technical Issue,Medium,Resolved,Website,2025-11-17,3
TKT003506,CUS001397,INS000002,Technical Issue,Low,In Progress,Mobile App,2026-02-05,6
TKT003507,CUS001211,INS000005,Account Issue,Low,Resolved,Branch,2024-10-17,7
TKT003508,CUS008412,INS000001,Account Issue,Medium,Resolved,Mobile App,2025-09-18,7
TKT003509,CUS004060,INS000005,Transaction Issue,Medium,Resolved,Website,2026-05-27,4
TKT003510,CUS006465,INS000005,Technical Issue,Critical,In Progress,Mobile App,2026-07-24,1
TKT003511,CUS005891,INS000005,Loan Query,Low,Resolved,Email,2026-02-28,2
TKT003512,CUS002012,INS000002,Transaction Issue,High,In Progress,Mobile App,2025-03-29,5
TKT003513,CUS000753,INS000001,Fraud Report,Low,Open,Website,2025-10-21,7
TKT003514,CUS005253,INS000004,Account Issue,High,Resolved,Mobile App,2026-01-25,4
TKT003515,CUS008999,INS000003,Account Issue,Low,Resolved,Phone,2026-06-07,5
TKT003516,CUS001644,INS000001,Card Issue,High,In Progress,Branch,2025-02-27,2
TKT003517,CUS009975,INS000004,Technical Issue,Low,Resolved,Website,2026-02-05,7
TKT003518,CUS001088,INS000003,Fraud Report,Medium,Closed,Branch,2025-10-13,7
TKT003519,CUS003062,INS000002,Loan Query,Medium,In Progress,Phone,2024-12-14,2
TKT003520,CUS006152,INS000005,Account Issue,High,Resolved,Phone,2026-01-12,3
TKT003521,CUS001773,INS000003,Card Issue,High,Resolved,Email,2026-05-31,4
TKT003522,CUS007618,INS000001,Card Issue,Medium,Open,Website,2025-09-17,1
TKT003523,CUS006599,INS000004,Payment Issue,Low,Open,Website,2026-01-21,2
TKT003524,CUS003646,INS000002,Fraud Report,Low,Resolved,Branch,2025-03-30,6
TKT003525,CUS005943,INS000005,Loan Query,Low,Resolved,Mobile App,2025-03-09,6
TKT003526,CUS002603,INS000005,Account Issue,Medium,Resolved,Mobile App,2026-02-22,3
TKT003527,CUS007024,INS000004,Fraud Report,High,Resolved,Website,2026-05-10,2
TKT003528,CUS001497,INS000005,Loan Query,Low,Resolved,Mobile App,2025-05-30,2
TKT003529,CUS001172,INS000002,Payment Issue,Low,Open,Branch,2026-02-20,1
TKT003530,CUS004927,INS000001,Account Issue,Low,Closed,Branch,2026-06-09,6
TKT003531,CUS001588,INS000001,Transaction Issue,Critical,Resolved,Mobile App,2025-05-27,1
TKT003532,CUS005669,INS000005,Fraud Report,High,Open,Mobile App,2025-07-09,5
TKT003533,CUS006845,INS000004,Technical Issue,Critical,Closed,Mobile App,2024-09-29,4
TKT003534,CUS002000,INS000003,Transaction Issue,Low,Closed,Email,2025-07-29,1
TKT003535,CUS003943,INS000001,Technical Issue,Medium,Closed,Website,2025-05-30,1
TKT003536,CUS001034,INS000003,Account Issue,Medium,Open,Website,2025-12-29,4
TKT003537,CUS009820,INS000004,Card Issue,Low,Resolved,Branch,2024-11-23,1
TKT003538,CUS002254,INS000001,Card Issue,Medium,Resolved,Email,2026-05-24,3
TKT003539,CUS003049,INS000002,Payment Issue,High,Resolved,Phone,2026-05-29,1
TKT003540,CUS001037,INS000002,Technical Issue,Critical,Closed,Website,2025-04-04,7
TKT003541,CUS007594,INS000004,Card Issue,High,Closed,Branch,2026-01-17,3
TKT003542,CUS006408,INS000003,Card Issue,Low,In Progress,Mobile App,2025-10-01,1
TKT003543,CUS006822,INS000003,Account Issue,Medium,Resolved,Mobile App,2025-02-08,7
TKT003544,CUS007424,INS000004,Account Issue,Low,Closed,Phone,2026-07-30,1
TKT003545,CUS007838,INS000003,Payment Issue,Low,Resolved,Phone,2024-11-22,4
TKT003546,CUS001648,INS000004,Account Issue,High,Open,Mobile App,2024-12-08,2
TKT003547,CUS008146,INS000001,Transaction Issue,Medium,Resolved,Email,2025-10-10,4
TKT003548,CUS001770,INS000004,Transaction Issue,Medium,Resolved,Mobile App,2024-12-09,3
TKT003549,CUS000334,INS000005,Fraud Report,Critical,Resolved,Mobile App,2024-12-28,5
TKT003550,CUS006079,INS000002,Fraud Report,Low,Resolved,Mobile App,2025-01-11,1
TKT003551,CUS000370,INS000005,Transaction Issue,Medium,Closed,Mobile App,2025-09-10,2
TKT003552,CUS003677,INS000002,Technical Issue,Low,Open,Phone,2024-11-03,3
TKT003553,CUS007352,INS000001,Transaction Issue,Low,Open,Email,2025-01-28,4
TKT003554,CUS002933,INS000001,Account Issue,Medium,Resolved,Website,2026-06-07,5
TKT003555,CUS003203,INS000003,Account Issue,Low,In Progress,Mobile App,2025-09-19,6
TKT003556,CUS006777,INS000004,Fraud Report,High,Resolved,Website,2026-02-10,3
TKT003557,CUS001913,INS000004,Transaction Issue,High,In Progress,Mobile App,2025-08-14,5
TKT003558,CUS001412,INS000003,Technical Issue,Low,Closed,Website,2026-03-16,6
TKT003559,CUS003223,INS000002,Account Issue,Low,Resolved,Phone,2026-05-02,6
TKT003560,CUS004140,INS000002,Card Issue,Low,Resolved,Mobile App,2025-08-24,7
TKT003561,CUS001856,INS000005,Transaction Issue,High,Closed,Mobile App,2025-01-20,1
TKT003562,CUS001322,INS000003,Card Issue,Medium,Resolved,Branch,2025-10-27,5
TKT003563,CUS007718,INS000003,Payment Issue,Critical,Closed,Phone,2024-12-28,6
TKT003564,CUS009814,INS000004,Account Issue,Medium,Resolved,Mobile App,2026-02-01,7
TKT003565,CUS000951,INS000004,Card Issue,High,Resolved,Website,2025-01-22,5
TKT003566,CUS004237,INS000002,Card Issue,Critical,Resolved,Mobile App,2025-07-03,4
TKT003567,CUS008710,INS000002,Account Issue,Medium,Closed,Mobile App,2025-01-03,2
TKT003568,CUS006700,INS000001,Transaction Issue,Medium,Resolved,Mobile App,2025-07-19,1
TKT003569,CUS006910,INS000001,Technical Issue,Medium,In Progress,Mobile App,2024-11-11,2
TKT003570,CUS007753,INS000001,Payment Issue,Low,Closed,Email,2025-03-27,2
TKT003571,CUS007539,INS000001,Transaction Issue,Low,Resolved,Email,2026-06-10,5
TKT003572,CUS007816,INS000001,Card Issue,Low,Open,Email,2025-07-29,2
TKT003573,CUS009569,INS000003,Payment Issue,Medium,Closed,Mobile App,2025-08-22,2
TKT003574,CUS001495,INS000004,Technical Issue,Medium,Resolved,Mobile App,2026-06-05,3
TKT003575,CUS001344,INS000005,Account Issue,Medium,In Progress,Email,2025-08-11,5
TKT003576,CUS007958,INS000001,Transaction Issue,High,Open,Branch,2024-08-11,5
TKT003577,CUS005046,INS000005,Loan Query,Low,Resolved,Phone,2025-02-05,5
TKT003578,CUS001358,INS000002,Account Issue,Medium,Closed,Email,2026-04-18,3
TKT003579,CUS004932,INS000003,Fraud Report,Low,Resolved,Phone,2025-04-28,7
TKT003580,CUS005265,INS000004,Transaction Issue,High,Resolved,Email,2026-05-20,4
TKT003581,CUS004525,INS000001,Loan Query,High,Closed,Phone,2025-07-23,1
TKT003582,CUS002366,INS000002,Card Issue,Medium,Resolved,Website,2025-01-28,1
TKT003583,CUS000853,INS000004,Loan Query,Low,In Progress,Website,2026-02-18,6
TKT003584,CUS000473,INS000002,Transaction Issue,Critical,Closed,Mobile App,2024-11-24,6
TKT003585,CUS003598,INS000001,Transaction Issue,Low,Closed,Email,2024-09-23,3
TKT003586,CUS003252,INS000001,Card Issue,High,In Progress,Phone,2025-12-07,3
TKT003587,CUS002910,INS000005,Technical Issue,Medium,In Progress,Branch,2024-11-13,7
TKT003588,CUS003841,INS000004,Fraud Report,Medium,Resolved,Mobile App,2025-06-02,6
TKT003589,CUS007606,INS000005,Transaction Issue,Medium,Closed,Phone,2024-08-10,3
TKT003590,CUS007165,INS000005,Account Issue,Medium,In Progress,Mobile App,2025-01-04,5
TKT003591,CUS004515,INS000004,Technical Issue,Medium,Resolved,Website,2025-08-11,1
TKT003592,CUS006531,INS000002,Account Issue,Low,Resolved,Mobile App,2026-05-31,6
TKT003593,CUS000727,INS000004,Card Issue,Low,Resolved,Mobile App,2025-08-28,5
TKT003594,CUS006253,INS000004,Account Issue,Medium,Resolved,Website,2024-11-18,1
TKT003595,CUS007666,INS000002,Account Issue,Critical,Resolved,Mobile App,2025-02-03,2
TKT003596,CUS004665,INS000004,Card Issue,High,Closed,Website,2024-11-04,6
TKT003597,CUS000751,INS000004,Technical Issue,Medium,Closed,Mobile App,2025-07-10,3
TKT003598,CUS001499,INS000004,Payment Issue,High,Resolved,Phone,2024-10-18,6
TKT003599,CUS002725,INS000004,Transaction Issue,Low,Closed,Website,2026-06-01,2
TKT003600,CUS009265,INS000003,Transaction Issue,High,Open,Phone,2025-04-05,2
TKT003601,CUS002596,INS000005,Transaction Issue,Medium,Resolved,Mobile App,2026-07-27,2
TKT003602,CUS001681,INS000005,Transaction Issue,High,Resolved,Email,2025-12-24,5
TKT003603,CUS007603,INS000001,Payment Issue,Low,Open,Website,2026-03-31,3
TKT003604,CUS005482,INS000003,Account Issue,Medium,Resolved,Phone,2024-10-30,7
TKT003605,CUS007289,INS000003,Payment Issue,Medium,In Progress,Mobile App,2024-12-07,3
TKT003606,CUS001981,INS000004,Transaction Issue,Medium,Closed,Branch,2025-12-02,3
TKT003607,CUS002388,INS000003,Fraud Report,Low,Resolved,Branch,2026-06-20,6
TKT003608,CUS009237,INS000002,Account Issue,Medium,Resolved,Email,2026-03-22,6
TKT003609,CUS004545,INS000001,Account Issue,High,Resolved,Mobile App,2024-11-08,6
TKT003610,CUS003712,INS000001,Transaction Issue,Medium,Open,Website,2026-02-19,3
TKT003611,CUS007691,INS000002,Transaction Issue,Medium,Resolved,Phone,2025-09-19,6
TKT003612,CUS004458,INS000004,Card Issue,Low,In Progress,Website,2024-09-15,4
TKT003613,CUS007561,INS000001,Transaction Issue,Medium,Open,Mobile App,2026-01-14,7
TKT003614,CUS009120,INS000005,Payment Issue,Medium,Closed,Website,2026-04-27,7
TKT003615,CUS001273,INS000001,Fraud Report,High,Resolved,Phone,2025-04-01,5
TKT003616,CUS005625,INS000004,Technical Issue,Medium,Resolved,Website,2025-12-18,1
TKT003617,CUS003188,INS000005,Fraud Report,Medium,Resolved,Website,2025-10-11,2
TKT003618,CUS008826,INS000003,Technical Issue,High,Resolved,Website,2024-09-28,2
TKT003619,CUS009354,INS000002,Card Issue,Low,Resolved,Email,2026-08-03,6
TKT003620,CUS001671,INS000003,Payment Issue,High,Resolved,Mobile App,2025-09-14,7
TKT003621,CUS000151,INS000001,Transaction Issue,Medium,Open,Phone,2026-03-02,6
TKT003622,CUS003821,INS000005,Payment Issue,Medium,Resolved,Email,2025-04-18,4
TKT003623,CUS001777,INS000005,Payment Issue,Critical,Open,Mobile App,2025-04-04,5
TKT003624,CUS004019,INS000002,Card Issue,Low,Resolved,Mobile App,2024-09-08,4
TKT003625,CUS008737,INS000004,Fraud Report,High,Resolved,Mobile App,2025-10-17,6
TKT003626,CUS004424,INS000004,Loan Query,Medium,Open,Mobile App,2026-01-04,5
TKT003627,CUS002484,INS000002,Technical Issue,Low,Open,Mobile App,2024-12-08,4
TKT003628,CUS005718,INS000004,Loan Query,High,Resolved,Email,2026-04-23,4
TKT003629,CUS004216,INS000005,Loan Query,Medium,Closed,Mobile App,2025-12-13,7
TKT003630,CUS009520,INS000001,Transaction Issue,High,Closed,Phone,2025-07-15,5
TKT003631,CUS004180,INS000004,Transaction Issue,High,Resolved,Mobile App,2025-11-04,7
TKT003632,CUS002177,INS000001,Card Issue,Medium,Resolved,Branch,2025-03-27,4
TKT003633,CUS009779,INS000005,Account Issue,High,Closed,Mobile App,2024-08-30,5
TKT003634,CUS009810,INS000005,Transaction Issue,Medium,Resolved,Mobile App,2026-05-09,5
TKT003635,CUS004777,INS000004,Payment Issue,Medium,Resolved,Mobile App,2025-01-17,1
TKT003636,CUS000193,INS000004,Payment Issue,Medium,Closed,Mobile App,2025-12-24,6
TKT003637,CUS006847,INS000005,Fraud Report,Medium,Open,Branch,2024-12-23,3
TKT003638,CUS003553,INS000005,Loan Query,Low,Resolved,Branch,2024-12-01,2
TKT003639,CUS008317,INS000004,Fraud Report,Low,Closed,Phone,2025-02-28,5
TKT003640,CUS002537,INS000004,Payment Issue,Low,Closed,Mobile App,2026-02-28,5
TKT003641,CUS009150,INS000001,Loan Query,Medium,Resolved,Email,2025-04-02,3
TKT003642,CUS008626,INS000002,Technical Issue,Medium,In Progress,Mobile App,2024-08-09,5
TKT003643,CUS002217,INS000002,Transaction Issue,High,In Progress,Website,2025-08-16,2
TKT003644,CUS006309,INS000004,Account Issue,Medium,Closed,Email,2026-06-28,5
TKT003645,CUS003034,INS000004,Account Issue,Medium,Resolved,Email,2025-04-16,3
TKT003646,CUS009373,INS000003,Technical Issue,Medium,Resolved,Website,2025-06-23,1
TKT003647,CUS003074,INS000003,Payment Issue,Low,Closed,Mobile App,2024-10-30,1
TKT003648,CUS005265,INS000004,Transaction Issue,Low,Resolved,Phone,2025-01-30,6
TKT003649,CUS008130,INS000003,Payment Issue,High,Resolved,Mobile App,2026-07-16,4
TKT003650,CUS009855,INS000004,Technical Issue,High,Resolved,Mobile App,2025-10-05,5
TKT003651,CUS004730,INS000005,Transaction Issue,Low,Resolved,Phone,2026-07-25,5
TKT003652,CUS004958,INS000002,Fraud Report,Medium,Resolved,Mobile App,2026-03-16,6
TKT003653,CUS005235,INS000005,Transaction Issue,High,Resolved,Phone,2025-05-18,3
TKT003654,CUS001072,INS000003,Transaction Issue,Medium,In Progress,Mobile App,2026-05-31,7
TKT003655,CUS008559,INS000001,Transaction Issue,High,Resolved,Website,2025-03-30,1
TKT003656,CUS009125,INS000002,Card Issue,High,In Progress,Phone,2024-11-02,6
TKT003657,CUS004255,INS000003,Account Issue,Medium,Open,Mobile App,2024-12-27,2
TKT003658,CUS007883,INS000002,Transaction Issue,Medium,Resolved,Email,2026-01-20,6
TKT003659,CUS003780,INS000002,Technical Issue,Medium,Closed,Mobile App,2024-08-28,6
TKT003660,CUS009660,INS000004,Card Issue,Medium,Closed,Email,2025-02-10,2
TKT003661,CUS009212,INS000001,Account Issue,Medium,Open,Branch,2025-11-28,5
TKT003662,CUS001974,INS000001,Transaction Issue,High,In Progress,Mobile App,2026-03-22,4
TKT003663,CUS007012,INS000004,Transaction Issue,Low,Resolved,Phone,2026-06-01,7
TKT003664,CUS007178,INS000005,Card Issue,High,Resolved,Mobile App,2024-12-06,1
TKT003665,CUS002667,INS000005,Transaction Issue,Low,In Progress,Mobile App,2026-01-01,5
TKT003666,CUS008791,INS000003,Transaction Issue,Low,Closed,Website,2025-06-23,1
TKT003667,CUS002584,INS000002,Payment Issue,Medium,Resolved,Branch,2025-05-07,6
TKT003668,CUS008963,INS000004,Payment Issue,Low,In Progress,Branch,2025-07-30,4
TKT003669,CUS005839,INS000002,Account Issue,Low,Resolved,Phone,2026-04-04,4
TKT003670,CUS006822,INS000003,Loan Query,Low,Open,Phone,2024-12-16,6
TKT003671,CUS006757,INS000002,Account Issue,Medium,Open,Phone,2026-03-24,4
TKT003672,CUS002110,INS000004,Technical Issue,High,Resolved,Email,2024-12-20,6
TKT003673,CUS005357,INS000002,Transaction Issue,Low,Resolved,Website,2025-12-28,6
TKT003674,CUS001823,INS000002,Payment Issue,Medium,Resolved,Mobile App,2024-10-23,3
TKT003675,CUS008928,INS000005,Loan Query,Low,Resolved,Website,2026-07-15,1
TKT003676,CUS006539,INS000002,Account Issue,High,Resolved,Mobile App,2025-08-05,2
TKT003677,CUS005205,INS000003,Card Issue,High,Resolved,Website,2024-09-17,7
TKT003678,CUS007458,INS000005,Card Issue,Low,Open,Mobile App,2025-09-27,7
TKT003679,CUS005761,INS000005,Transaction Issue,Medium,Open,Mobile App,2025-09-23,1
TKT003680,CUS001960,INS000005,Payment Issue,Low,Closed,Email,2024-10-15,3
TKT003681,CUS006996,INS000003,Card Issue,Low,Open,Phone,2025-12-22,2
TKT003682,CUS003516,INS000004,Payment Issue,High,Resolved,Email,2025-05-07,3
TKT003683,CUS006682,INS000005,Transaction Issue,Medium,Resolved,Email,2025-10-18,3
TKT003684,CUS002458,INS000001,Fraud Report,Low,Closed,Website,2026-05-02,1
TKT003685,CUS000050,INS000004,Fraud Report,Medium,Closed,Email,2024-10-31,2
TKT003686,CUS007157,INS000002,Transaction Issue,Low,Closed,Phone,2025-05-15,7
TKT003687,CUS005171,INS000004,Payment Issue,Low,Resolved,Email,2026-01-02,3
TKT003688,CUS007953,INS000001,Transaction Issue,Medium,Open,Branch,2025-05-12,7
TKT003689,CUS004298,INS000004,Payment Issue,Low,Open,Mobile App,2026-07-10,3
TKT003690,CUS005533,INS000004,Technical Issue,Medium,Resolved,Phone,2024-10-12,1
TKT003691,CUS000154,INS000001,Loan Query,Low,Closed,Mobile App,2024-10-01,5
TKT003692,CUS008543,INS000005,Account Issue,High,Closed,Phone,2026-02-01,1
TKT003693,CUS008898,INS000002,Fraud Report,Medium,Resolved,Website,2026-05-03,4
TKT003694,CUS003296,INS000004,Payment Issue,Low,Open,Phone,2026-06-03,4
TKT003695,CUS002904,INS000005,Card Issue,High,Closed,Website,2026-06-11,7
TKT003696,CUS006885,INS000005,Loan Query,Low,Resolved,Mobile App,2025-12-17,7
TKT003697,CUS009969,INS000005,Transaction Issue,High,Closed,Website,2024-11-24,2
TKT003698,CUS006437,INS000002,Fraud Report,Low,Resolved,Email,2026-02-06,2
TKT003699,CUS003542,INS000002,Fraud Report,High,Closed,Mobile App,2025-09-21,5
TKT003700,CUS003459,INS000002,Fraud Report,Medium,Closed,Mobile App,2024-10-09,4
TKT003701,CUS007834,INS000004,Payment Issue,Medium,Resolved,Phone,2025-02-01,5
TKT003702,CUS005353,INS000002,Transaction Issue,Medium,Closed,Email,2025-05-29,1
TKT003703,CUS008369,INS000005,Fraud Report,Low,Resolved,Mobile App,2026-07-25,3
TKT003704,CUS008775,INS000001,Transaction Issue,Low,Resolved,Website,2024-12-25,3
TKT003705,CUS002402,INS000004,Technical Issue,Medium,Open,Website,2025-09-26,5
TKT003706,CUS009655,INS000005,Payment Issue,High,Resolved,Website,2025-01-14,1
TKT003707,CUS005266,INS000004,Account Issue,Medium,Resolved,Mobile App,2025-10-19,4
TKT003708,CUS001447,INS000005,Technical Issue,Low,Resolved,Website,2026-08-05,7
TKT003709,CUS006744,INS000004,Payment Issue,High,Open,Mobile App,2026-07-30,2
TKT003710,CUS002737,INS000003,Transaction Issue,Low,Closed,Phone,2025-08-22,1
TKT003711,CUS003581,INS000005,Transaction Issue,Medium,Closed,Website,2025-02-28,1
TKT003712,CUS005824,INS000004,Transaction Issue,High,Closed,Mobile App,2024-11-24,4
TKT003713,CUS004602,INS000004,Account Issue,Low,Resolved,Phone,2024-10-20,3
TKT003714,CUS004521,INS000001,Transaction Issue,Medium,Closed,Mobile App,2025-08-17,1
TKT003715,CUS009385,INS000001,Account Issue,Low,In Progress,Phone,2025-08-24,7
TKT003716,CUS004673,INS000004,Payment Issue,Medium,Closed,Mobile App,2025-01-24,3
TKT003717,CUS004604,INS000004,Fraud Report,Medium,In Progress,Phone,2025-03-28,7
TKT003718,CUS003011,INS000004,Loan Query,Low,Resolved,Mobile App,2024-10-21,4
TKT003719,CUS008588,INS000005,Transaction Issue,Medium,Open,Website,2024-11-14,7
TKT003720,CUS003866,INS000001,Card Issue,Medium,In Progress,Phone,2025-08-16,4
TKT003721,CUS004116,INS000003,Account Issue,Low,Closed,Email,2026-07-03,5
TKT003722,CUS003207,INS000003,Transaction Issue,High,Closed,Mobile App,2024-12-02,2
TKT003723,CUS006323,INS000005,Account Issue,Medium,Resolved,Mobile App,2026-01-13,3
TKT003724,CUS000954,INS000005,Transaction Issue,Low,Open,Phone,2025-05-21,7
TKT003725,CUS003219,INS000004,Transaction Issue,Medium,Resolved,Mobile App,2025-12-19,1
TKT003726,CUS008075,INS000005,Loan Query,Low,In Progress,Website,2025-04-30,7
TKT003727,CUS003613,INS000004,Card Issue,Low,Closed,Mobile App,2025-03-18,1
TKT003728,CUS002338,INS000004,Transaction Issue,Low,In Progress,Mobile App,2024-11-18,5
TKT003729,CUS009692,INS000004,Fraud Report,Medium,Resolved,Mobile App,2025-09-29,7
TKT003730,CUS008284,INS000002,Card Issue,Medium,In Progress,Branch,2025-12-16,1
TKT003731,CUS004524,INS000001,Card Issue,Low,Resolved,Website,2025-05-17,1
TKT003732,CUS004701,INS000003,Account Issue,Low,Resolved,Mobile App,2026-01-17,1
TKT003733,CUS007317,INS000003,Account Issue,Low,Resolved,Website,2026-04-24,2
TKT003734,CUS000546,INS000005,Loan Query,High,Closed,Phone,2024-09-15,7
TKT003735,CUS002250,INS000001,Payment Issue,Medium,Closed,Phone,2024-09-05,7
TKT003736,CUS009895,INS000002,Loan Query,Low,Resolved,Website,2024-09-25,3
TKT003737,CUS009734,INS000002,Transaction Issue,Low,Resolved,Email,2024-09-06,1
TKT003738,CUS005627,INS000003,Card Issue,Low,Resolved,Website,2026-02-15,5
TKT003739,CUS009753,INS000001,Technical Issue,Low,In Progress,Mobile App,2025-01-20,1
TKT003740,CUS008705,INS000005,Transaction Issue,High,Closed,Branch,2024-11-01,5
TKT003741,CUS008120,INS000004,Fraud Report,Low,Closed,Email,2025-02-25,6
TKT003742,CUS007952,INS000001,Transaction Issue,Low,Closed,Mobile App,2025-07-20,1
TKT003743,CUS001955,INS000004,Payment Issue,Low,Closed,Email,2026-04-20,3
TKT003744,CUS003283,INS000001,Loan Query,Critical,Resolved,Website,2025-12-04,3
TKT003745,CUS006846,INS000001,Fraud Report,High,Closed,Branch,2025-11-25,2
TKT003746,CUS003013,INS000001,Payment Issue,High,In Progress,Website,2025-07-01,2
TKT003747,CUS006728,INS000002,Card Issue,Low,Resolved,Mobile App,2025-07-23,3
TKT003748,CUS004734,INS000002,Account Issue,Medium,In Progress,Phone,2024-10-29,7
TKT003749,CUS000013,INS000005,Loan Query,Medium,Resolved,Mobile App,2025-06-01,1
TKT003750,CUS007750,INS000004,Transaction Issue,Medium,In Progress,Mobile App,2025-03-14,7
TKT003751,CUS007884,INS000002,Fraud Report,Critical,Resolved,Email,2024-11-05,6
TKT003752,CUS008111,INS000004,Technical Issue,Low,Closed,Phone,2026-04-11,6
TKT003753,CUS001532,INS000004,Fraud Report,Low,In Progress,Phone,2026-01-28,4
TKT003754,CUS001882,INS000004,Account Issue,High,Closed,Website,2024-09-30,4
TKT003755,CUS007836,INS000004,Payment Issue,High,Resolved,Mobile App,2025-10-01,4
TKT003756,CUS004393,INS000004,Loan Query,Medium,Resolved,Email,2024-09-21,2
TKT003757,CUS000367,INS000004,Fraud Report,Medium,Resolved,Website,2024-09-28,5
TKT003758,CUS005151,INS000004,Fraud Report,Medium,Closed,Mobile App,2026-05-25,4
TKT003759,CUS000474,INS000005,Transaction Issue,Medium,Open,Phone,2026-02-10,1
TKT003760,CUS006873,INS000003,Card Issue,High,Open,Mobile App,2024-09-28,5
TKT003761,CUS003970,INS000005,Fraud Report,High,Closed,Mobile App,2026-04-01,4
TKT003762,CUS004464,INS000004,Account Issue,Medium,Resolved,Branch,2024-09-03,4
TKT003763,CUS000821,INS000001,Card Issue,High,Resolved,Mobile App,2025-12-25,2
TKT003764,CUS003513,INS000005,Card Issue,Medium,Resolved,Phone,2025-01-13,1
TKT003765,CUS008154,INS000004,Account Issue,High,Resolved,Mobile App,2024-11-02,5
TKT003766,CUS006912,INS000001,Transaction Issue,Medium,Resolved,Mobile App,2024-09-29,5
TKT003767,CUS005614,INS000001,Payment Issue,High,Closed,Mobile App,2026-03-06,5
TKT003768,CUS004480,INS000003,Loan Query,Critical,In Progress,Mobile App,2026-02-11,3
TKT003769,CUS003403,INS000001,Technical Issue,Low,In Progress,Email,2024-08-28,1
TKT003770,CUS003622,INS000002,Transaction Issue,Low,Closed,Mobile App,2025-08-26,1
TKT003771,CUS007218,INS000003,Transaction Issue,Medium,Resolved,Branch,2026-05-16,3
TKT003772,CUS001103,INS000001,Account Issue,Medium,Resolved,Mobile App,2025-02-21,4
TKT003773,CUS009821,INS000003,Account Issue,Medium,Closed,Phone,2024-12-01,5
TKT003774,CUS009650,INS000004,Card Issue,Low,In Progress,Website,2025-06-28,5
TKT003775,CUS000863,INS000003,Payment Issue,High,Closed,Phone,2026-06-26,5
TKT003776,CUS009640,INS000003,Technical Issue,High,Closed,Mobile App,2025-09-07,5
TKT003777,CUS009893,INS000002,Loan Query,High,Open,Website,2025-06-28,7
TKT003778,CUS007408,INS000001,Transaction Issue,Medium,Closed,Email,2025-01-19,7
TKT003779,CUS002191,INS000004,Fraud Report,High,Resolved,Mobile App,2025-04-30,6
TKT003780,CUS008384,INS000001,Account Issue,High,Open,Mobile App,2025-08-14,7
TKT003781,CUS003008,INS000002,Loan Query,Low,Resolved,Website,2026-03-25,7
TKT003782,CUS001974,INS000001,Payment Issue,High,Closed,Phone,2026-06-25,5
TKT003783,CUS001334,INS000001,Transaction Issue,Low,Closed,Phone,2024-09-03,7
TKT003784,CUS007564,INS000005,Transaction Issue,Low,Closed,Phone,2026-03-03,5
TKT003785,CUS003515,INS000005,Payment Issue,Low,Resolved,Email,2024-09-27,1
TKT003786,CUS008898,INS000002,Account Issue,Medium,Resolved,Mobile App,2026-04-08,4
TKT003787,CUS007418,INS000005,Technical Issue,Medium,Resolved,Website,2025-02-03,7
TKT003788,CUS009880,INS000002,Card Issue,Medium,In Progress,Mobile App,2025-10-11,7
TKT003789,CUS001123,INS000005,Transaction Issue,Low,Resolved,Email,2026-04-28,6
TKT003790,CUS002559,INS000005,Technical Issue,Medium,Closed,Phone,2026-06-17,3
TKT003791,CUS006903,INS000005,Payment Issue,Low,Resolved,Email,2025-07-15,4
TKT003792,CUS009653,INS000001,Card Issue,Low,Closed,Mobile App,2026-05-30,6
TKT003793,CUS004640,INS000005,Transaction Issue,High,Closed,Phone,2025-04-21,7
TKT003794,CUS008525,INS000002,Transaction Issue,Low,Resolved,Website,2026-04-01,4
TKT003795,CUS003159,INS000004,Transaction Issue,Low,Resolved,Website,2025-10-26,4
TKT003796,CUS009094,INS000002,Card Issue,Low,Closed,Website,2025-01-30,4
TKT003797,CUS006875,INS000002,Card Issue,Critical,Closed,Mobile App,2026-04-25,6
TKT003798,CUS003209,INS000004,Card Issue,High,Resolved,Mobile App,2025-05-30,2
TKT003799,CUS006257,INS000003,Payment Issue,High,Open,Website,2025-12-13,1
TKT003800,CUS008929,INS000004,Technical Issue,Low,Resolved,Branch,2025-07-10,4
TKT003801,CUS004185,INS000001,Account Issue,Medium,Closed,Mobile App,2025-01-10,5
TKT003802,CUS004267,INS000002,Transaction Issue,Medium,In Progress,Email,2025-01-01,5
TKT003803,CUS009466,INS000001,Technical Issue,High,In Progress,Email,2025-04-28,4
TKT003804,CUS001785,INS000004,Payment Issue,Medium,Resolved,Mobile App,2025-01-03,4
TKT003805,CUS005583,INS000001,Card Issue,High,Resolved,Phone,2025-01-22,2
TKT003806,CUS001360,INS000005,Fraud Report,High,In Progress,Mobile App,2025-11-06,2
TKT003807,CUS007963,INS000005,Account Issue,Medium,Closed,Email,2026-01-16,3
TKT003808,CUS007737,INS000003,Account Issue,Low,In Progress,Phone,2026-01-03,3
TKT003809,CUS002729,INS000002,Technical Issue,Medium,Resolved,Branch,2025-05-08,6
TKT003810,CUS005379,INS000003,Payment Issue,Medium,Resolved,Mobile App,2025-08-26,2
TKT003811,CUS009118,INS000004,Payment Issue,High,Closed,Website,2024-09-03,2
TKT003812,CUS003887,INS000004,Transaction Issue,Medium,Closed,Website,2025-03-17,5
TKT003813,CUS002180,INS000003,Loan Query,Medium,Closed,Website,2025-05-02,7
TKT003814,CUS003157,INS000004,Payment Issue,High,Closed,Branch,2026-02-09,5
TKT003815,CUS008570,INS000002,Loan Query,Critical,Resolved,Phone,2025-09-12,1
TKT003816,CUS002663,INS000003,Payment Issue,Medium,Resolved,Mobile App,2024-12-02,7
TKT003817,CUS006367,INS000002,Account Issue,Medium,Closed,Email,2026-03-23,7
TKT003818,CUS000479,INS000005,Card Issue,High,Resolved,Email,2024-11-30,5
TKT003819,CUS004028,INS000003,Card Issue,Medium,Resolved,Mobile App,2025-04-13,3
TKT003820,CUS002513,INS000001,Transaction Issue,Low,Resolved,Branch,2025-07-15,1
TKT003821,CUS003540,INS000003,Technical Issue,Low,Open,Email,2024-08-16,6
TKT003822,CUS006255,INS000003,Account Issue,Medium,Closed,Phone,2025-12-07,6
TKT003823,CUS005967,INS000003,Technical Issue,High,Resolved,Website,2026-06-19,5
TKT003824,CUS007992,INS000004,Transaction Issue,Medium,Resolved,Mobile App,2025-08-20,2
TKT003825,CUS000059,INS000004,Fraud Report,Medium,Resolved,Mobile App,2026-05-11,2
TKT003826,CUS001345,INS000002,Payment Issue,Low,Resolved,Mobile App,2026-04-16,4
TKT003827,CUS000477,INS000004,Card Issue,Low,Open,Website,2025-11-03,7
TKT003828,CUS007914,INS000003,Technical Issue,Low,Closed,Email,2024-10-31,3
TKT003829,CUS005790,INS000004,Transaction Issue,Low,Closed,Email,2025-11-25,6
TKT003830,CUS006704,INS000003,Loan Query,High,Closed,Email,2025-06-07,2
TKT003831,CUS005551,INS000005,Card Issue,Medium,Resolved,Branch,2026-06-28,3
TKT003832,CUS002601,INS000002,Account Issue,Medium,Closed,Email,2026-07-12,3
TKT003833,CUS000644,INS000003,Account Issue,Critical,In Progress,Mobile App,2026-08-01,1
TKT003834,CUS009405,INS000001,Payment Issue,Low,In Progress,Email,2026-06-08,7
TKT003835,CUS002766,INS000005,Card Issue,Medium,Resolved,Phone,2026-06-12,3
TKT003836,CUS001937,INS000003,Fraud Report,High,In Progress,Phone,2025-04-21,5
TKT003837,CUS001109,INS000003,Card Issue,Medium,Open,Branch,2025-11-21,7
TKT003838,CUS006102,INS000003,Card Issue,Medium,Closed,Mobile App,2026-03-16,3
TKT003839,CUS002439,INS000002,Loan Query,Medium,Closed,Mobile App,2025-03-25,1
TKT003840,CUS005699,INS000001,Payment Issue,Low,Closed,Website,2025-06-24,1
TKT003841,CUS008079,INS000005,Account Issue,Low,Resolved,Mobile App,2026-02-09,7
TKT003842,CUS008157,INS000003,Transaction Issue,High,Resolved,Phone,2026-06-27,3
TKT003843,CUS002465,INS000003,Card Issue,Low,Resolved,Branch,2026-01-19,4
TKT003844,CUS000525,INS000005,Technical Issue,Medium,Resolved,Branch,2025-12-06,2
TKT003845,CUS000042,INS000001,Payment Issue,Critical,Resolved,Website,2026-01-27,4
TKT003846,CUS008362,INS000004,Card Issue,Medium,Closed,Email,2026-05-07,3
TKT003847,CUS001680,INS000003,Fraud Report,Low,Resolved,Mobile App,2025-02-04,1
TKT003848,CUS003417,INS000004,Account Issue,Medium,Resolved,Mobile App,2025-04-24,1
TKT003849,CUS003897,INS000001,Account Issue,Critical,Resolved,Mobile App,2026-05-11,2
TKT003850,CUS007348,INS000005,Loan Query,Low,Resolved,Phone,2025-05-27,2
TKT003851,CUS006836,INS000001,Payment Issue,Low,Resolved,Phone,2025-06-09,3
TKT003852,CUS007572,INS000004,Payment Issue,Medium,In Progress,Email,2026-04-03,4
TKT003853,CUS004520,INS000003,Payment Issue,Low,Resolved,Mobile App,2024-09-02,6
TKT003854,CUS008568,INS000002,Technical Issue,Low,In Progress,Branch,2024-11-29,5
TKT003855,CUS001655,INS000004,Payment Issue,Low,Open,Branch,2025-05-07,6
TKT003856,CUS001481,INS000002,Transaction Issue,Low,Closed,Mobile App,2026-03-31,4
TKT003857,CUS001571,INS000004,Card Issue,Medium,Resolved,Website,2025-11-29,5
TKT003858,CUS008216,INS000004,Card Issue,High,Open,Email,2025-04-03,3
TKT003859,CUS008795,INS000005,Transaction Issue,High,Resolved,Email,2026-01-03,4
TKT003860,CUS000287,INS000004,Loan Query,Medium,Resolved,Phone,2025-08-03,2
TKT003861,CUS001555,INS000001,Technical Issue,High,Resolved,Mobile App,2025-03-11,2
TKT003862,CUS002472,INS000004,Fraud Report,Low,Open,Phone,2024-09-12,6
TKT003863,CUS002027,INS000001,Loan Query,Low,Open,Mobile App,2024-08-31,5
TKT003864,CUS001178,INS000001,Fraud Report,Low,Open,Mobile App,2025-08-23,4
TKT003865,CUS001474,INS000005,Technical Issue,High,Resolved,Phone,2025-10-28,5
TKT003866,CUS003078,INS000001,Fraud Report,Medium,Closed,Email,2025-12-31,3
TKT003867,CUS006688,INS000001,Technical Issue,Low,Closed,Mobile App,2026-03-15,1
TKT003868,CUS009822,INS000003,Card Issue,Low,Resolved,Phone,2025-08-19,2
TKT003869,CUS002057,INS000004,Loan Query,Critical,In Progress,Mobile App,2024-12-20,1
TKT003870,CUS000916,INS000005,Transaction Issue,Medium,Resolved,Email,2025-01-01,5
TKT003871,CUS009887,INS000002,Payment Issue,Low,Closed,Website,2025-02-20,3
TKT003872,CUS003460,INS000004,Transaction Issue,Low,Resolved,Mobile App,2026-02-14,6
TKT003873,CUS009479,INS000001,Account Issue,Low,In Progress,Website,2026-02-14,2
TKT003874,CUS006822,INS000003,Technical Issue,Low,Closed,Phone,2025-09-26,6
TKT003875,CUS007893,INS000001,Account Issue,Medium,Resolved,Mobile App,2025-10-06,5
TKT003876,CUS003298,INS000005,Payment Issue,Low,Open,Phone,2024-10-27,7
TKT003877,CUS007855,INS000003,Payment Issue,Low,Closed,Phone,2025-11-05,4
TKT003878,CUS008333,INS000003,Payment Issue,Medium,Closed,Mobile App,2026-03-11,1
TKT003879,CUS003555,INS000002,Technical Issue,Critical,Resolved,Branch,2025-03-09,5
TKT003880,CUS006604,INS000001,Fraud Report,High,Resolved,Mobile App,2024-11-10,3
TKT003881,CUS006623,INS000005,Payment Issue,Medium,Closed,Mobile App,2025-07-26,1
TKT003882,CUS002781,INS000001,Card Issue,Low,Resolved,Email,2025-04-28,3
TKT003883,CUS009101,INS000002,Technical Issue,Medium,Open,Website,2026-04-28,6
TKT003884,CUS008865,INS000002,Fraud Report,Low,In Progress,Mobile App,2025-03-18,6
TKT003885,CUS004391,INS000004,Payment Issue,High,Closed,Branch,2024-11-22,7
TKT003886,CUS004409,INS000005,Fraud Report,Low,Closed,Branch,2025-04-06,5
TKT003887,CUS006061,INS000003,Technical Issue,Medium,Resolved,Phone,2025-11-17,1
TKT003888,CUS002450,INS000005,Payment Issue,Medium,Resolved,Mobile App,2026-03-17,2
TKT003889,CUS009907,INS000004,Transaction Issue,Low,Resolved,Website,2025-11-15,5
TKT003890,CUS003112,INS000004,Card Issue,High,In Progress,Mobile App,2026-01-07,2
TKT003891,CUS008393,INS000003,Payment Issue,Low,Open,Phone,2024-11-25,5
TKT003892,CUS001517,INS000003,Transaction Issue,Low,Closed,Mobile App,2026-03-22,4
TKT003893,CUS001926,INS000005,Transaction Issue,Low,Resolved,Email,2025-02-03,6
TKT003894,CUS000011,INS000004,Loan Query,Medium,Closed,Phone,2026-06-18,2
TKT003895,CUS001848,INS000002,Payment Issue,High,Open,Mobile App,2024-10-27,2
TKT003896,CUS009659,INS000003,Technical Issue,High,In Progress,Website,2025-09-10,5
TKT003897,CUS004789,INS000004,Payment Issue,Medium,Resolved,Mobile App,2025-11-18,4
TKT003898,CUS001215,INS000001,Technical Issue,Medium,Closed,Mobile App,2025-03-06,7
TKT003899,CUS003835,INS000005,Account Issue,High,Resolved,Email,2025-04-07,5
TKT003900,CUS004122,INS000002,Account Issue,Medium,Resolved,Website,2024-09-12,4
TKT003901,CUS008224,INS000005,Account Issue,High,Resolved,Phone,2025-06-06,6
TKT003902,CUS009466,INS000001,Technical Issue,Medium,Closed,Mobile App,2026-04-05,3
TKT003903,CUS006173,INS000002,Fraud Report,Medium,Closed,Branch,2025-09-17,3
TKT003904,CUS005649,INS000003,Transaction Issue,Low,Resolved,Phone,2025-07-16,5
TKT003905,CUS002525,INS000004,Fraud Report,Medium,Closed,Phone,2025-05-09,2
TKT003906,CUS007776,INS000004,Payment Issue,Medium,Closed,Mobile App,2025-08-30,2
TKT003907,CUS003111,INS000001,Account Issue,Medium,Resolved,Website,2025-08-05,2
TKT003908,CUS008563,INS000001,Loan Query,Low,Resolved,Website,2025-05-07,3
TKT003909,CUS008704,INS000001,Payment Issue,High,In Progress,Website,2026-07-03,2
TKT003910,CUS001233,INS000001,Payment Issue,High,Closed,Email,2025-06-29,7
TKT003911,CUS009998,INS000002,Payment Issue,Low,Resolved,Branch,2024-10-14,1
TKT003912,CUS004641,INS000003,Account Issue,Medium,Closed,Website,2026-07-27,7
TKT003913,CUS000772,INS000001,Transaction Issue,Medium,Closed,Email,2025-01-01,6
TKT003914,CUS000513,INS000001,Fraud Report,High,Closed,Mobile App,2026-01-26,2
TKT003915,CUS002902,INS000002,Card Issue,High,Resolved,Branch,2025-11-30,2
TKT003916,CUS006340,INS000001,Loan Query,Low,Open,Website,2025-07-31,1
TKT003917,CUS005839,INS000002,Technical Issue,Medium,Resolved,Website,2025-07-11,2
TKT003918,CUS009066,INS000005,Technical Issue,Medium,In Progress,Branch,2025-01-10,5
TKT003919,CUS003066,INS000002,Payment Issue,Critical,Resolved,Email,2026-04-26,7
TKT003920,CUS009736,INS000002,Payment Issue,High,Resolved,Website,2025-02-19,1
TKT003921,CUS001946,INS000001,Payment Issue,High,Closed,Mobile App,2025-09-30,3
TKT003922,CUS004318,INS000005,Payment Issue,High,Closed,Website,2026-08-01,7
TKT003923,CUS009524,INS000004,Account Issue,Medium,Open,Phone,2025-03-20,6
TKT003924,CUS002744,INS000003,Fraud Report,Low,In Progress,Email,2024-11-14,5
TKT003925,CUS001476,INS000004,Fraud Report,High,In Progress,Branch,2025-07-16,7
TKT003926,CUS003759,INS000004,Technical Issue,Low,Resolved,Branch,2026-07-30,2
TKT003927,CUS008774,INS000005,Technical Issue,Medium,In Progress,Phone,2025-09-21,4
TKT003928,CUS000414,INS000004,Transaction Issue,Medium,Closed,Mobile App,2024-11-05,6
TKT003929,CUS006750,INS000002,Fraud Report,Medium,Resolved,Phone,2026-01-22,3
TKT003930,CUS001802,INS000004,Loan Query,Low,Open,Phone,2025-10-04,6
TKT003931,CUS008846,INS000002,Fraud Report,Low,Closed,Mobile App,2025-03-03,4
TKT003932,CUS002099,INS000001,Transaction Issue,Medium,Resolved,Phone,2024-08-29,1
TKT003933,CUS007051,INS000005,Payment Issue,Low,Resolved,Email,2026-07-11,6
TKT003934,CUS003712,INS000001,Technical Issue,Medium,Closed,Phone,2025-04-27,6
TKT003935,CUS005397,INS000005,Transaction Issue,Medium,Open,Website,2025-01-06,5
TKT003936,CUS002984,INS000001,Transaction Issue,High,Open,Mobile App,2024-09-26,2
TKT003937,CUS006080,INS000003,Payment Issue,Medium,Closed,Mobile App,2025-05-09,2
TKT003938,CUS004325,INS000004,Payment Issue,Medium,In Progress,Phone,2025-10-04,3
TKT003939,CUS008324,INS000001,Payment Issue,Low,Resolved,Email,2024-08-29,5
TKT003940,CUS002126,INS000002,Technical Issue,High,Resolved,Email,2026-05-16,1
TKT003941,CUS006835,INS000002,Card Issue,Low,Resolved,Mobile App,2026-05-31,6
TKT003942,CUS009219,INS000003,Card Issue,Low,Closed,Branch,2024-11-20,6
TKT003943,CUS007436,INS000001,Fraud Report,High,Resolved,Website,2025-12-23,6
TKT003944,CUS000372,INS000004,Transaction Issue,Low,Resolved,Phone,2025-09-15,2
TKT003945,CUS001748,INS000003,Card Issue,Medium,Resolved,Mobile App,2024-08-23,6
TKT003946,CUS000961,INS000004,Transaction Issue,Medium,Closed,Website,2025-10-30,7
TKT003947,CUS006787,INS000001,Account Issue,Medium,Resolved,Mobile App,2025-11-08,5
TKT003948,CUS000598,INS000005,Account Issue,High,In Progress,Phone,2025-11-03,2
TKT003949,CUS003441,INS000003,Card Issue,Low,Closed,Mobile App,2025-12-08,5
TKT003950,CUS007961,INS000004,Technical Issue,Medium,Resolved,Mobile App,2024-10-25,5
TKT003951,CUS002796,INS000004,Loan Query,Low,Resolved,Website,2026-01-01,2
TKT003952,CUS004232,INS000003,Payment Issue,Critical,Closed,Mobile App,2024-08-22,2
TKT003953,CUS008462,INS000003,Transaction Issue,Medium,Resolved,Mobile App,2026-01-08,1
TKT003954,CUS004397,INS000002,Payment Issue,Medium,Closed,Website,2026-01-05,3
TKT003955,CUS009344,INS000005,Loan Query,High,In Progress,Mobile App,2026-06-09,6
TKT003956,CUS002802,INS000005,Fraud Report,Medium,Resolved,Website,2025-10-14,6
TKT003957,CUS000944,INS000003,Loan Query,Low,Resolved,Branch,2024-09-15,7
TKT003958,CUS006747,INS000001,Transaction Issue,Medium,Resolved,Phone,2025-03-17,6
TKT003959,CUS002936,INS000004,Account Issue,Critical,Resolved,Email,2025-06-10,3
TKT003960,CUS000617,INS000004,Card Issue,Low,Closed,Mobile App,2026-04-17,4
TKT003961,CUS000441,INS000001,Technical Issue,High,Closed,Email,2024-12-01,4
TKT003962,CUS000558,INS000005,Fraud Report,Medium,In Progress,Phone,2026-02-12,5
TKT003963,CUS008564,INS000003,Fraud Report,Medium,Resolved,Website,2026-04-07,1
TKT003964,CUS006945,INS000003,Transaction Issue,High,Open,Phone,2025-06-19,3
TKT003965,CUS000623,INS000004,Payment Issue,Medium,Closed,Website,2024-10-29,1
TKT003966,CUS007828,INS000004,Card Issue,High,Resolved,Phone,2025-04-28,4
TKT003967,CUS005225,INS000004,Payment Issue,Low,Closed,Website,2025-05-23,6
TKT003968,CUS005560,INS000002,Payment Issue,Medium,Resolved,Mobile App,2025-11-17,6
TKT003969,CUS009181,INS000002,Account Issue,Medium,Resolved,Mobile App,2025-04-18,6
TKT003970,CUS002827,INS000003,Card Issue,Medium,Resolved,Email,2025-07-28,2
TKT003971,CUS008578,INS000002,Card Issue,Low,Resolved,Mobile App,2026-03-04,7
TKT003972,CUS000150,INS000004,Technical Issue,Critical,Resolved,Mobile App,2025-10-31,7
TKT003973,CUS003878,INS000003,Loan Query,Medium,Resolved,Branch,2026-04-20,6
TKT003974,CUS008736,INS000005,Account Issue,Low,Closed,Phone,2026-06-19,4
TKT003975,CUS008693,INS000005,Account Issue,High,Resolved,Phone,2026-03-11,1
TKT003976,CUS002073,INS000003,Loan Query,Medium,Resolved,Website,2026-02-09,3
TKT003977,CUS000639,INS000004,Payment Issue,Critical,Resolved,Branch,2026-01-29,7
TKT003978,CUS002284,INS000001,Transaction Issue,Low,Resolved,Branch,2025-07-12,7
TKT003979,CUS005979,INS000001,Account Issue,Medium,Resolved,Website,2026-02-20,1
TKT003980,CUS008555,INS000004,Card Issue,Medium,Resolved,Mobile App,2025-03-14,7
TKT003981,CUS006332,INS000005,Card Issue,Low,Resolved,Phone,2025-07-14,6
TKT003982,CUS006390,INS000004,Transaction Issue,Low,Resolved,Website,2026-07-03,7
TKT003983,CUS005179,INS000002,Account Issue,Low,Resolved,Branch,2024-12-04,5
TKT003984,CUS000683,INS000002,Transaction Issue,Low,Resolved,Phone,2026-03-13,7
TKT003985,CUS006343,INS000004,Payment Issue,Medium,Resolved,Phone,2024-09-26,6
TKT003986,CUS005172,INS000005,Payment Issue,Critical,Resolved,Phone,2026-01-02,5
TKT003987,CUS004366,INS000005,Transaction Issue,High,Resolved,Branch,2024-09-28,1
TKT003988,CUS004098,INS000002,Payment Issue,Medium,In Progress,Mobile App,2025-12-13,3
TKT003989,CUS009780,INS000003,Loan Query,Low,Open,Mobile App,2025-10-31,5
TKT003990,CUS002307,INS000003,Payment Issue,Medium,In Progress,Website,2024-09-17,2
TKT003991,CUS000476,INS000005,Payment Issue,Medium,Resolved,Phone,2026-03-18,2
TKT003992,CUS003224,INS000004,Loan Query,Medium,Closed,Mobile App,2025-05-31,3
TKT003993,CUS001421,INS000001,Loan Query,Medium,In Progress,Mobile App,2024-11-13,7
TKT003994,CUS000928,INS000004,Transaction Issue,Critical,Closed,Website,2025-10-11,1
TKT003995,CUS001875,INS000001,Payment Issue,High,In Progress,Phone,2025-07-08,1
TKT003996,CUS000775,INS000002,Technical Issue,Critical,Resolved,Mobile App,2026-06-19,5
TKT003997,CUS002291,INS000004,Fraud Report,High,In Progress,Website,2025-03-13,6
TKT003998,CUS006136,INS000005,Card Issue,Medium,Closed,Mobile App,2025-03-17,3
TKT003999,CUS009080,INS000001,Loan Query,Medium,Resolved,Branch,2025-09-22,5
TKT004000,CUS002576,INS000005,Card Issue,Low,Resolved,Mobile App,2025-12-13,2
TKT004001,CUS000436,INS000004,Account Issue,Medium,Closed,Website,2025-11-30,4
TKT004002,CUS000416,INS000005,Loan Query,Low,Closed,Email,2026-01-14,7
TKT004003,CUS008929,INS000004,Loan Query,Medium,Resolved,Website,2026-01-25,7
TKT004004,CUS008706,INS000002,Payment Issue,Low,Resolved,Branch,2026-08-03,1
TKT004005,CUS004804,INS000001,Transaction Issue,High,Open,Mobile App,2026-06-26,4
TKT004006,CUS006932,INS000003,Account Issue,Low,Resolved,Website,2025-07-24,4
TKT004007,CUS004676,INS000004,Payment Issue,Low,Resolved,Phone,2026-02-17,7
TKT004008,CUS003495,INS000002,Payment Issue,Medium,In Progress,Mobile App,2025-10-11,5
TKT004009,CUS008897,INS000003,Account Issue,Medium,Resolved,Mobile App,2025-08-25,5
TKT004010,CUS006049,INS000003,Transaction Issue,Medium,Closed,Phone,2025-05-14,2
TKT004011,CUS008732,INS000001,Payment Issue,Low,Resolved,Website,2026-01-24,3
TKT004012,CUS009714,INS000005,Transaction Issue,High,Open,Website,2026-01-26,7
TKT004013,CUS002032,INS000003,Transaction Issue,High,Closed,Mobile App,2025-06-05,7
TKT004014,CUS001945,INS000002,Loan Query,Medium,Resolved,Phone,2025-05-29,2
TKT004015,CUS007302,INS000003,Card Issue,High,Closed,Mobile App,2026-05-06,5
TKT004016,CUS008806,INS000005,Card Issue,Low,Resolved,Email,2026-01-29,7
TKT004017,CUS000432,INS000001,Fraud Report,Low,Resolved,Phone,2025-12-08,4
TKT004018,CUS000353,INS000001,Transaction Issue,Medium,Resolved,Phone,2026-01-23,1
TKT004019,CUS001284,INS000002,Technical Issue,Medium,Closed,Phone,2025-02-11,6
TKT004020,CUS002659,INS000005,Loan Query,Low,Closed,Branch,2026-05-01,7
TKT004021,CUS008075,INS000005,Payment Issue,Low,Closed,Branch,2024-12-10,7
TKT004022,CUS006530,INS000001,Account Issue,Low,Closed,Mobile App,2025-07-29,1
TKT004023,CUS008129,INS000004,Payment Issue,Medium,Closed,Phone,2025-01-21,2
TKT004024,CUS001357,INS000003,Transaction Issue,High,Resolved,Mobile App,2024-08-26,6
TKT004025,CUS000964,INS000005,Transaction Issue,Medium,Resolved,Mobile App,2024-11-27,6
TKT004026,CUS005326,INS000002,Transaction Issue,Medium,Resolved,Mobile App,2024-09-19,2
TKT004027,CUS000335,INS000004,Card Issue,Critical,Resolved,Phone,2026-07-04,3
TKT004028,CUS003104,INS000005,Technical Issue,Medium,Resolved,Phone,2025-02-18,5
TKT004029,CUS002127,INS000003,Card Issue,Low,Closed,Mobile App,2024-10-09,7
TKT004030,CUS004611,INS000004,Transaction Issue,Medium,Resolved,Mobile App,2024-09-17,3
TKT004031,CUS000844,INS000001,Transaction Issue,High,Resolved,Phone,2025-08-22,2
TKT004032,CUS007336,INS000003,Loan Query,Medium,Resolved,Mobile App,2026-01-25,6
TKT004033,CUS004028,INS000003,Payment Issue,High,Resolved,Mobile App,2024-09-24,3
TKT004034,CUS002122,INS000005,Transaction Issue,High,Resolved,Branch,2026-03-06,3
TKT004035,CUS006605,INS000004,Payment Issue,Low,Closed,Mobile App,2025-11-13,5
TKT004036,CUS008090,INS000001,Transaction Issue,Medium,Resolved,Website,2025-05-16,3
TKT004037,CUS001986,INS000003,Payment Issue,Low,Closed,Email,2024-09-08,2
TKT004038,CUS007963,INS000005,Loan Query,Low,Closed,Website,2025-06-12,6
TKT004039,CUS003209,INS000004,Transaction Issue,Low,Resolved,Website,2024-09-30,4
TKT004040,CUS000768,INS000005,Transaction Issue,Medium,Closed,Mobile App,2025-08-04,1
TKT004041,CUS006758,INS000003,Card Issue,Medium,Resolved,Mobile App,2025-11-08,3
TKT004042,CUS000576,INS000005,Technical Issue,Low,Open,Email,2025-11-08,4
TKT004043,CUS004316,INS000002,Account Issue,Medium,Closed,Phone,2025-05-10,3
TKT004044,CUS006991,INS000004,Fraud Report,Low,Closed,Phone,2025-01-11,7
TKT004045,CUS001376,INS000002,Transaction Issue,High,Closed,Mobile App,2025-09-21,1
TKT004046,CUS005312,INS000001,Technical Issue,High,Resolved,Phone,2026-03-10,6
TKT004047,CUS006507,INS000003,Payment Issue,Critical,Resolved,Phone,2025-06-10,7
TKT004048,CUS005974,INS000002,Account Issue,Low,In Progress,Email,2025-06-04,3
TKT004049,CUS008486,INS000001,Payment Issue,Low,Closed,Phone,2024-11-02,3
TKT004050,CUS006626,INS000001,Payment Issue,Low,Closed,Website,2025-10-15,6
TKT004051,CUS008623,INS000005,Transaction Issue,High,In Progress,Mobile App,2026-04-03,6
TKT004052,CUS003702,INS000004,Payment Issue,Medium,In Progress,Branch,2025-04-06,1
TKT004053,CUS007475,INS000003,Fraud Report,Low,Closed,Website,2025-11-06,6
TKT004054,CUS005489,INS000005,Payment Issue,Medium,Closed,Email,2025-04-27,6
TKT004055,CUS002409,INS000002,Transaction Issue,Low,In Progress,Mobile App,2026-07-16,1
TKT004056,CUS001749,INS000005,Technical Issue,Medium,Closed,Email,2025-06-13,3
TKT004057,CUS000668,INS000001,Payment Issue,Low,Resolved,Mobile App,2025-01-18,6
TKT004058,CUS004841,INS000003,Loan Query,High,Resolved,Email,2025-07-04,6
TKT004059,CUS005941,INS000002,Payment Issue,Medium,Resolved,Website,2026-03-25,2
TKT004060,CUS008541,INS000002,Card Issue,Low,Closed,Website,2025-11-15,5
TKT004061,CUS009140,INS000005,Payment Issue,Low,Resolved,Email,2025-05-07,7
TKT004062,CUS008339,INS000002,Technical Issue,Low,Resolved,Website,2025-04-20,2
TKT004063,CUS006414,INS000005,Loan Query,Low,Resolved,Mobile App,2026-07-12,6
TKT004064,CUS009951,INS000001,Account Issue,Low,Resolved,Mobile App,2025-07-29,1
TKT004065,CUS001004,INS000004,Account Issue,Low,Resolved,Website,2026-05-07,3
TKT004066,CUS005360,INS000002,Transaction Issue,Low,Closed,Website,2025-03-17,6
TKT004067,CUS009272,INS000002,Technical Issue,Low,Closed,Mobile App,2026-04-18,5
TKT004068,CUS004133,INS000002,Technical Issue,High,Resolved,Website,2026-07-10,2
TKT004069,CUS004769,INS000003,Payment Issue,Medium,Resolved,Mobile App,2025-04-13,5
TKT004070,CUS000826,INS000005,Account Issue,Low,Resolved,Website,2025-09-14,2
TKT004071,CUS002253,INS000001,Payment Issue,Medium,In Progress,Mobile App,2026-05-20,1
TKT004072,CUS007004,INS000001,Transaction Issue,Low,Resolved,Website,2024-11-29,3
TKT004073,CUS002666,INS000001,Card Issue,Medium,Resolved,Website,2026-01-28,3
TKT004074,CUS000321,INS000002,Payment Issue,Medium,Closed,Mobile App,2025-09-06,3
TKT004075,CUS006476,INS000005,Technical Issue,Medium,Open,Mobile App,2026-07-02,3
TKT004076,CUS009818,INS000004,Account Issue,Medium,Resolved,Email,2025-09-05,7
TKT004077,CUS001078,INS000005,Payment Issue,Medium,Closed,Phone,2025-06-24,7
TKT004078,CUS009813,INS000005,Account Issue,Medium,Resolved,Branch,2025-10-04,5
TKT004079,CUS007529,INS000002,Payment Issue,Medium,Resolved,Mobile App,2024-10-31,6
TKT004080,CUS005333,INS000003,Transaction Issue,High,Resolved,Email,2025-03-14,7
TKT004081,CUS009727,INS000005,Account Issue,Medium,Closed,Mobile App,2025-09-19,6
TKT004082,CUS008850,INS000001,Technical Issue,Low,Resolved,Email,2025-07-06,7
TKT004083,CUS003366,INS000003,Loan Query,Low,Closed,Website,2026-06-21,3
TKT004084,CUS000646,INS000002,Technical Issue,Low,In Progress,Mobile App,2025-02-08,2
TKT004085,CUS001392,INS000001,Transaction Issue,Low,In Progress,Phone,2024-12-05,1
TKT004086,CUS004467,INS000004,Account Issue,Low,In Progress,Mobile App,2025-05-27,4
TKT004087,CUS001724,INS000002,Card Issue,High,Closed,Phone,2026-08-07,5
TKT004088,CUS005794,INS000005,Card Issue,Low,Closed,Website,2026-02-16,4
TKT004089,CUS006701,INS000003,Fraud Report,Medium,Resolved,Website,2024-12-29,5
TKT004090,CUS004195,INS000002,Loan Query,Medium,Resolved,Email,2024-10-09,4
TKT004091,CUS003509,INS000005,Fraud Report,High,In Progress,Email,2024-12-07,7
TKT004092,CUS008575,INS000004,Payment Issue,Low,Closed,Email,2026-02-28,6
TKT004093,CUS004887,INS000003,Transaction Issue,Low,Resolved,Phone,2025-01-09,5
TKT004094,CUS007888,INS000001,Payment Issue,High,Resolved,Email,2024-11-26,2
TKT004095,CUS001669,INS000003,Payment Issue,Low,Closed,Mobile App,2026-05-25,2
TKT004096,CUS008023,INS000001,Transaction Issue,Low,Resolved,Branch,2024-10-26,1
TKT004097,CUS008147,INS000002,Technical Issue,Medium,Resolved,Mobile App,2024-09-03,7
TKT004098,CUS004259,INS000004,Payment Issue,Low,Closed,Website,2025-10-23,4
TKT004099,CUS005366,INS000005,Account Issue,Low,Closed,Email,2025-03-22,7
TKT004100,CUS000852,INS000005,Fraud Report,Low,Closed,Website,2024-10-29,3
TKT004101,CUS004607,INS000005,Card Issue,Medium,In Progress,Mobile App,2024-11-06,7
TKT004102,CUS008293,INS000002,Transaction Issue,High,Closed,Email,2025-08-29,7
TKT004103,CUS000347,INS000003,Transaction Issue,Low,In Progress,Mobile App,2025-02-20,6
TKT004104,CUS009787,INS000004,Fraud Report,Medium,Closed,Phone,2025-09-06,6
TKT004105,CUS007156,INS000005,Account Issue,Medium,Open,Website,2026-03-22,3
TKT004106,CUS002398,INS000001,Payment Issue,High,Closed,Mobile App,2026-07-26,2
TKT004107,CUS004195,INS000002,Loan Query,Low,Resolved,Website,2024-10-22,7
TKT004108,CUS004601,INS000003,Card Issue,Medium,Closed,Mobile App,2025-08-17,7
TKT004109,CUS001543,INS000003,Payment Issue,Medium,Resolved,Branch,2025-08-28,2
TKT004110,CUS002590,INS000001,Transaction Issue,Medium,Resolved,Email,2026-01-06,5
TKT004111,CUS009667,INS000001,Fraud Report,Medium,Open,Website,2026-07-11,2
TKT004112,CUS006362,INS000002,Transaction Issue,High,Resolved,Website,2025-08-05,1
TKT004113,CUS005620,INS000002,Fraud Report,Medium,Resolved,Email,2025-09-08,6
TKT004114,CUS002057,INS000004,Fraud Report,Medium,Resolved,Branch,2026-08-02,3
TKT004115,CUS009457,INS000001,Fraud Report,Low,Resolved,Branch,2026-04-16,4
TKT004116,CUS004121,INS000002,Loan Query,High,Resolved,Mobile App,2025-09-11,7
TKT004117,CUS009159,INS000005,Transaction Issue,Low,Resolved,Mobile App,2025-03-09,3
TKT004118,CUS003662,INS000003,Card Issue,High,Resolved,Mobile App,2025-10-20,1
TKT004119,CUS002628,INS000003,Payment Issue,Low,Open,Website,2025-10-02,2
TKT004120,CUS008448,INS000005,Fraud Report,Low,Resolved,Mobile App,2026-03-02,5
TKT004121,CUS004377,INS000002,Payment Issue,High,In Progress,Email,2025-11-12,3
TKT004122,CUS002575,INS000002,Card Issue,Medium,Resolved,Mobile App,2025-06-10,7
TKT004123,CUS003492,INS000001,Account Issue,High,Closed,Mobile App,2025-03-14,5
TKT004124,CUS004868,INS000003,Card Issue,High,Closed,Email,2025-04-24,4
TKT004125,CUS005076,INS000005,Payment Issue,High,Open,Email,2025-04-11,3
TKT004126,CUS000718,INS000002,Transaction Issue,Medium,Resolved,Website,2026-07-24,3
TKT004127,CUS009425,INS000004,Fraud Report,Medium,Resolved,Email,2024-10-19,7
TKT004128,CUS008392,INS000002,Card Issue,High,Closed,Phone,2024-12-09,3
TKT004129,CUS006644,INS000005,Fraud Report,Medium,Resolved,Branch,2026-06-09,3
TKT004130,CUS001696,INS000005,Card Issue,Low,Resolved,Email,2024-08-13,7
TKT004131,CUS002645,INS000004,Payment Issue,Low,Resolved,Branch,2025-08-02,3
TKT004132,CUS006854,INS000003,Loan Query,High,Resolved,Email,2024-12-25,4
TKT004133,CUS004513,INS000004,Card Issue,Medium,Closed,Mobile App,2025-08-09,7
TKT004134,CUS001446,INS000003,Payment Issue,Medium,Resolved,Mobile App,2025-08-07,1
TKT004135,CUS004738,INS000005,Transaction Issue,Medium,Resolved,Website,2024-09-18,2
TKT004136,CUS003331,INS000005,Card Issue,Low,Resolved,Mobile App,2026-06-29,2
TKT004137,CUS008526,INS000004,Technical Issue,High,Resolved,Phone,2025-07-12,1
TKT004138,CUS002017,INS000001,Technical Issue,Critical,Closed,Email,2026-07-05,2
TKT004139,CUS003169,INS000005,Payment Issue,Low,Resolved,Mobile App,2025-02-09,4
TKT004140,CUS002539,INS000004,Loan Query,Medium,Resolved,Website,2025-04-11,1
TKT004141,CUS007059,INS000005,Loan Query,High,Resolved,Mobile App,2026-03-25,2
TKT004142,CUS006288,INS000001,Account Issue,Low,In Progress,Mobile App,2025-07-04,4
TKT004143,CUS009124,INS000002,Transaction Issue,Low,Resolved,Email,2026-05-16,1
TKT004144,CUS001964,INS000005,Payment Issue,Critical,Resolved,Branch,2026-06-10,4
TKT004145,CUS005352,INS000001,Card Issue,High,Resolved,Website,2025-02-07,6
TKT004146,CUS009022,INS000003,Transaction Issue,Medium,Resolved,Phone,2024-08-13,5
TKT004147,CUS000619,INS000004,Payment Issue,Low,Closed,Phone,2025-03-01,7
TKT004148,CUS002744,INS000003,Card Issue,Medium,Resolved,Website,2024-10-21,1
TKT004149,CUS008090,INS000001,Fraud Report,Low,Resolved,Mobile App,2025-07-04,3
TKT004150,CUS000400,INS000002,Loan Query,Medium,Resolved,Website,2025-08-13,2
TKT004151,CUS000638,INS000005,Payment Issue,Low,Open,Email,2026-02-10,1
TKT004152,CUS000085,INS000001,Card Issue,Low,Closed,Mobile App,2025-05-18,5
TKT004153,CUS009798,INS000001,Card Issue,Medium,Open,Mobile App,2025-03-16,6
TKT004154,CUS003074,INS000003,Loan Query,Critical,Closed,Mobile App,2026-06-30,7
TKT004155,CUS009502,INS000001,Transaction Issue,Medium,Open,Branch,2024-08-27,5
TKT004156,CUS009736,INS000002,Fraud Report,Low,Closed,Mobile App,2025-03-26,7
TKT004157,CUS005587,INS000004,Fraud Report,Medium,Resolved,Phone,2026-05-24,3
TKT004158,CUS002814,INS000001,Fraud Report,Medium,Open,Email,2025-11-12,5
TKT004159,CUS001084,INS000002,Payment Issue,Low,Resolved,Branch,2026-07-06,7
TKT004160,CUS007928,INS000001,Account Issue,Medium,Open,Website,2024-09-24,3
TKT004161,CUS009529,INS000001,Payment Issue,Medium,Open,Phone,2026-02-06,2
TKT004162,CUS005828,INS000005,Loan Query,High,Resolved,Website,2024-09-21,2
TKT004163,CUS007259,INS000003,Loan Query,Medium,Resolved,Mobile App,2025-01-24,7
TKT004164,CUS008914,INS000005,Card Issue,Critical,Resolved,Branch,2025-08-09,3
TKT004165,CUS000478,INS000001,Loan Query,Medium,Open,Branch,2025-09-25,7
TKT004166,CUS004887,INS000003,Loan Query,Low,Closed,Branch,2026-07-28,2
TKT004167,CUS008637,INS000002,Technical Issue,Medium,Resolved,Website,2025-02-24,4
TKT004168,CUS007120,INS000004,Card Issue,Critical,Resolved,Website,2025-12-09,2
TKT004169,CUS006015,INS000003,Fraud Report,Low,Open,Mobile App,2026-03-15,3
TKT004170,CUS007552,INS000004,Technical Issue,Low,Resolved,Phone,2026-07-01,4
TKT004171,CUS004678,INS000003,Payment Issue,High,Resolved,Mobile App,2025-05-17,5
TKT004172,CUS001300,INS000004,Technical Issue,Medium,In Progress,Website,2025-01-06,2
TKT004173,CUS004858,INS000005,Technical Issue,Low,Open,Mobile App,2025-02-02,2
TKT004174,CUS000369,INS000004,Transaction Issue,Medium,Resolved,Mobile App,2024-08-14,7
TKT004175,CUS004283,INS000005,Loan Query,Medium,Resolved,Mobile App,2026-08-02,2
TKT004176,CUS003529,INS000004,Payment Issue,Low,Resolved,Mobile App,2025-10-31,1
TKT004177,CUS006033,INS000002,Card Issue,Low,Closed,Phone,2024-11-24,5
TKT004178,CUS005899,INS000004,Transaction Issue,Medium,In Progress,Mobile App,2026-02-19,2
TKT004179,CUS006929,INS000002,Payment Issue,Medium,Resolved,Mobile App,2026-01-15,3
TKT004180,CUS006894,INS000003,Fraud Report,Medium,Resolved,Phone,2026-07-17,3
TKT004181,CUS008143,INS000002,Technical Issue,High,Resolved,Branch,2025-06-16,6
TKT004182,CUS008834,INS000003,Card Issue,Medium,Closed,Website,2024-09-02,7
TKT004183,CUS007439,INS000002,Technical Issue,Low,Resolved,Email,2024-12-31,7
TKT004184,CUS009965,INS000003,Fraud Report,High,Closed,Email,2025-06-26,1
TKT004185,CUS009946,INS000003,Payment Issue,High,In Progress,Mobile App,2026-07-14,3
TKT004186,CUS009074,INS000002,Technical Issue,Critical,Resolved,Mobile App,2025-12-29,2
TKT004187,CUS007411,INS000002,Payment Issue,High,In Progress,Website,2025-11-27,5
TKT004188,CUS000022,INS000005,Account Issue,Low,Closed,Website,2026-02-10,1
TKT004189,CUS004742,INS000001,Loan Query,Medium,Open,Website,2025-04-16,4
TKT004190,CUS001839,INS000003,Account Issue,Low,Resolved,Branch,2025-06-30,4
TKT004191,CUS006059,INS000004,Fraud Report,Medium,Resolved,Phone,2026-05-04,2
TKT004192,CUS004974,INS000003,Account Issue,Low,In Progress,Mobile App,2025-03-28,7
TKT004193,CUS003084,INS000001,Transaction Issue,Medium,In Progress,Mobile App,2025-01-06,6
TKT004194,CUS009798,INS000001,Account Issue,Medium,Open,Mobile App,2025-04-07,2
TKT004195,CUS006461,INS000003,Technical Issue,Medium,Closed,Mobile App,2025-12-16,3
TKT004196,CUS001657,INS000002,Transaction Issue,High,In Progress,Mobile App,2025-01-09,3
TKT004197,CUS001249,INS000005,Payment Issue,Low,Closed,Phone,2025-05-17,3
TKT004198,CUS006520,INS000002,Loan Query,Low,Resolved,Phone,2024-10-16,6
TKT004199,CUS009669,INS000001,Transaction Issue,Medium,Resolved,Phone,2026-07-30,5
TKT004200,CUS000020,INS000004,Transaction Issue,Medium,Resolved,Mobile App,2025-02-08,3
TKT004201,CUS008829,INS000004,Account Issue,Medium,Resolved,Mobile App,2024-08-09,7
TKT004202,CUS002475,INS000004,Account Issue,Low,Resolved,Mobile App,2025-08-23,5
TKT004203,CUS002845,INS000002,Payment Issue,Medium,Resolved,Phone,2025-09-17,3
TKT004204,CUS001891,INS000003,Fraud Report,Low,Resolved,Phone,2025-08-25,4
TKT004205,CUS002603,INS000005,Technical Issue,Medium,Resolved,Website,2025-11-14,3
TKT004206,CUS002304,INS000001,Card Issue,Medium,Resolved,Website,2026-04-01,3
TKT004207,CUS003996,INS000004,Card Issue,Critical,Closed,Email,2025-11-01,2
TKT004208,CUS005849,INS000003,Fraud Report,High,In Progress,Website,2026-05-23,2
TKT004209,CUS003574,INS000002,Technical Issue,Medium,Resolved,Phone,2025-01-17,4
TKT004210,CUS007081,INS000004,Payment Issue,Medium,Resolved,Mobile App,2026-04-30,1
TKT004211,CUS005890,INS000003,Fraud Report,Low,In Progress,Mobile App,2025-10-15,6
TKT004212,CUS000160,INS000003,Card Issue,Medium,Resolved,Mobile App,2026-04-01,7
TKT004213,CUS009706,INS000005,Transaction Issue,Medium,Closed,Mobile App,2025-05-11,1
TKT004214,CUS007121,INS000005,Transaction Issue,Medium,Resolved,Phone,2024-10-07,7
TKT004215,CUS009264,INS000005,Payment Issue,Low,Closed,Website,2026-05-31,2
TKT004216,CUS002395,INS000003,Fraud Report,High,In Progress,Phone,2024-08-31,1
TKT004217,CUS003641,INS000003,Account Issue,High,Resolved,Mobile App,2024-11-19,2
TKT004218,CUS004667,INS000005,Fraud Report,Medium,Closed,Phone,2025-04-18,3
TKT004219,CUS004389,INS000003,Account Issue,High,Resolved,Mobile App,2025-04-16,1
TKT004220,CUS004225,INS000004,Loan Query,Medium,Resolved,Mobile App,2024-09-12,5
TKT004221,CUS009102,INS000003,Card Issue,Medium,Resolved,Mobile App,2025-07-15,2
TKT004222,CUS007923,INS000004,Transaction Issue,Medium,Closed,Website,2026-03-13,1
TKT004223,CUS009279,INS000004,Account Issue,Medium,In Progress,Website,2024-11-01,5
TKT004224,CUS007302,INS000003,Payment Issue,Medium,Closed,Mobile App,2026-03-24,6
TKT004225,CUS008999,INS000003,Account Issue,Low,Closed,Phone,2025-08-15,4
TKT004226,CUS003531,INS000004,Payment Issue,Low,Closed,Mobile App,2026-06-21,1
TKT004227,CUS004370,INS000001,Card Issue,Low,Closed,Mobile App,2025-05-31,3
TKT004228,CUS008360,INS000005,Transaction Issue,Medium,Closed,Email,2025-05-22,1
TKT004229,CUS007173,INS000003,Account Issue,Medium,Resolved,Mobile App,2025-08-23,5
TKT004230,CUS008428,INS000005,Transaction Issue,Low,Closed,Branch,2026-01-24,3
TKT004231,CUS006567,INS000001,Technical Issue,Critical,Closed,Mobile App,2026-07-13,6
TKT004232,CUS008174,INS000005,Payment Issue,Medium,Resolved,Mobile App,2026-02-10,7
TKT004233,CUS001529,INS000002,Transaction Issue,Medium,Resolved,Phone,2025-07-16,4
TKT004234,CUS000499,INS000001,Transaction Issue,Low,Closed,Mobile App,2026-03-06,5
TKT004235,CUS005312,INS000001,Account Issue,Medium,In Progress,Mobile App,2026-01-08,6
TKT004236,CUS000009,INS000003,Fraud Report,Low,Resolved,Website,2025-01-27,1
TKT004237,CUS006585,INS000005,Transaction Issue,Low,Resolved,Branch,2025-12-31,5
TKT004238,CUS008380,INS000003,Transaction Issue,Low,Resolved,Mobile App,2026-02-03,4
TKT004239,CUS003594,INS000003,Loan Query,Low,Resolved,Email,2025-07-02,5
TKT004240,CUS006909,INS000002,Transaction Issue,Medium,Resolved,Phone,2025-07-28,4
TKT004241,CUS008584,INS000002,Card Issue,Low,Closed,Website,2025-03-25,5
TKT004242,CUS000151,INS000001,Card Issue,Low,Resolved,Mobile App,2026-05-17,1
TKT004243,CUS002829,INS000005,Card Issue,Low,Open,Mobile App,2026-05-25,5
TKT004244,CUS009219,INS000003,Payment Issue,High,Resolved,Email,2026-06-10,5
TKT004245,CUS004859,INS000004,Transaction Issue,Low,Closed,Mobile App,2025-09-16,5
TKT004246,CUS009422,INS000001,Technical Issue,Low,Resolved,Mobile App,2025-05-21,1
TKT004247,CUS008188,INS000002,Loan Query,High,Closed,Phone,2025-11-03,4
TKT004248,CUS003683,INS000005,Technical Issue,Medium,Resolved,Phone,2025-02-06,3
TKT004249,CUS008693,INS000005,Technical Issue,Low,In Progress,Email,2025-11-29,3
TKT004250,CUS005817,INS000003,Loan Query,Low,Closed,Mobile App,2025-07-06,2
TKT004251,CUS003100,INS000005,Payment Issue,High,Closed,Branch,2026-04-24,7
TKT004252,CUS003279,INS000002,Payment Issue,High,Resolved,Email,2024-10-25,3
TKT004253,CUS003169,INS000005,Technical Issue,High,Open,Mobile App,2026-04-04,6
TKT004254,CUS007848,INS000005,Transaction Issue,Low,Closed,Mobile App,2026-05-17,6
TKT004255,CUS007863,INS000001,Fraud Report,Critical,In Progress,Mobile App,2025-06-13,5
TKT004256,CUS000180,INS000001,Payment Issue,Low,Resolved,Mobile App,2024-10-24,7
TKT004257,CUS007843,INS000002,Loan Query,Medium,Resolved,Mobile App,2025-10-01,7
TKT004258,CUS000391,INS000001,Card Issue,High,Closed,Phone,2024-12-30,7
TKT004259,CUS009109,INS000005,Transaction Issue,Low,In Progress,Phone,2025-01-25,4
TKT004260,CUS009517,INS000003,Loan Query,Medium,Open,Email,2025-10-21,6
TKT004261,CUS001345,INS000002,Fraud Report,Medium,Resolved,Website,2024-12-11,6
TKT004262,CUS002999,INS000002,Loan Query,Low,Resolved,Branch,2025-05-22,7
TKT004263,CUS001908,INS000005,Loan Query,Medium,In Progress,Email,2025-08-05,6
TKT004264,CUS005806,INS000002,Transaction Issue,Low,Closed,Branch,2025-06-10,1
TKT004265,CUS006313,INS000005,Account Issue,Medium,Closed,Mobile App,2025-11-26,2
TKT004266,CUS005063,INS000001,Fraud Report,Medium,Closed,Mobile App,2025-02-02,6
TKT004267,CUS003654,INS000004,Payment Issue,High,Resolved,Email,2024-08-07,5
TKT004268,CUS004128,INS000005,Card Issue,Low,Open,Email,2025-07-24,4
TKT004269,CUS000192,INS000005,Payment Issue,High,Closed,Email,2024-08-08,5
TKT004270,CUS001464,INS000004,Payment Issue,High,Closed,Branch,2025-04-09,7
TKT004271,CUS009053,INS000001,Transaction Issue,Low,Resolved,Website,2025-04-15,3
TKT004272,CUS004722,INS000003,Fraud Report,High,Resolved,Mobile App,2024-12-26,5
TKT004273,CUS004588,INS000005,Account Issue,Medium,Closed,Website,2026-02-14,1
TKT004274,CUS003845,INS000005,Payment Issue,Medium,Closed,Phone,2025-04-25,5
TKT004275,CUS003296,INS000004,Transaction Issue,Medium,Closed,Mobile App,2025-06-24,5
TKT004276,CUS005678,INS000003,Card Issue,Medium,Resolved,Mobile App,2025-11-23,1
TKT004277,CUS001129,INS000004,Account Issue,Low,Resolved,Branch,2025-01-14,7
TKT004278,CUS003181,INS000001,Payment Issue,Medium,Closed,Mobile App,2026-06-19,3
TKT004279,CUS008324,INS000001,Fraud Report,Low,Resolved,Website,2025-10-17,4
TKT004280,CUS007293,INS000001,Transaction Issue,Low,Resolved,Website,2026-03-25,6
TKT004281,CUS001223,INS000004,Account Issue,Low,Resolved,Mobile App,2025-08-07,1
TKT004282,CUS008511,INS000001,Payment Issue,Medium,Closed,Mobile App,2026-02-16,1
TKT004283,CUS005444,INS000005,Payment Issue,Low,In Progress,Mobile App,2025-04-10,3
TKT004284,CUS007832,INS000002,Loan Query,High,Resolved,Website,2026-01-19,5
TKT004285,CUS004565,INS000002,Technical Issue,High,Resolved,Phone,2024-09-04,5
TKT004286,CUS006903,INS000005,Payment Issue,Low,In Progress,Mobile App,2025-10-27,6
TKT004287,CUS006650,INS000002,Technical Issue,Medium,In Progress,Website,2025-05-17,1
TKT004288,CUS003441,INS000003,Account Issue,High,Closed,Website,2024-10-16,3
TKT004289,CUS004536,INS000003,Loan Query,Medium,In Progress,Website,2025-11-14,3
TKT004290,CUS005788,INS000002,Loan Query,Medium,Resolved,Phone,2025-05-26,6
TKT004291,CUS007427,INS000005,Payment Issue,Low,Closed,Website,2026-04-21,7
TKT004292,CUS000035,INS000003,Loan Query,Low,Open,Email,2026-06-28,4
TKT004293,CUS008510,INS000002,Account Issue,High,Resolved,Branch,2025-02-07,6
TKT004294,CUS006374,INS000004,Fraud Report,Medium,Closed,Phone,2025-03-05,3
TKT004295,CUS004942,INS000002,Card Issue,High,Resolved,Website,2024-11-10,7
TKT004296,CUS002089,INS000001,Technical Issue,Medium,Open,Mobile App,2026-02-15,4
TKT004297,CUS009820,INS000004,Fraud Report,Medium,In Progress,Mobile App,2025-03-27,2
TKT004298,CUS005425,INS000005,Loan Query,Medium,In Progress,Branch,2026-07-26,5
TKT004299,CUS006954,INS000005,Technical Issue,Medium,Resolved,Branch,2026-04-22,6
TKT004300,CUS008449,INS000004,Technical Issue,Low,Closed,Email,2025-06-22,6
TKT004301,CUS000191,INS000002,Card Issue,Medium,In Progress,Mobile App,2024-08-08,7
TKT004302,CUS003424,INS000002,Payment Issue,High,Open,Branch,2025-02-09,4
TKT004303,CUS001272,INS000002,Transaction Issue,High,Closed,Mobile App,2026-04-03,4
TKT004304,CUS009340,INS000003,Loan Query,High,Resolved,Website,2025-01-26,4
TKT004305,CUS008729,INS000005,Transaction Issue,High,Resolved,Phone,2026-07-24,5
TKT004306,CUS007537,INS000004,Transaction Issue,High,Closed,Branch,2025-05-24,4
TKT004307,CUS002499,INS000003,Card Issue,High,Closed,Mobile App,2025-04-27,6
TKT004308,CUS006948,INS000005,Payment Issue,High,Resolved,Phone,2025-08-19,2
TKT004309,CUS007231,INS000003,Card Issue,Medium,Open,Website,2026-06-16,1
TKT004310,CUS008447,INS000004,Transaction Issue,High,Resolved,Mobile App,2026-03-16,7
TKT004311,CUS007493,INS000003,Transaction Issue,Low,Resolved,Branch,2025-05-31,6
TKT004312,CUS003363,INS000002,Account Issue,Low,Open,Phone,2025-09-01,1
TKT004313,CUS009849,INS000004,Payment Issue,Medium,Resolved,Phone,2025-08-05,7
TKT004314,CUS001851,INS000002,Fraud Report,Medium,Closed,Website,2026-01-12,4
TKT004315,CUS009749,INS000001,Payment Issue,Low,Resolved,Branch,2025-03-20,6
TKT004316,CUS004380,INS000003,Payment Issue,High,Closed,Email,2025-12-30,3
TKT004317,CUS006587,INS000004,Transaction Issue,Low,Resolved,Website,2025-03-03,2
TKT004318,CUS009605,INS000005,Card Issue,Low,Closed,Email,2025-12-11,7
TKT004319,CUS000557,INS000003,Transaction Issue,Medium,Resolved,Mobile App,2025-06-21,3
TKT004320,CUS009711,INS000004,Transaction Issue,Low,Resolved,Mobile App,2025-04-05,6
TKT004321,CUS001566,INS000001,Loan Query,Medium,Open,Mobile App,2025-03-20,6
TKT004322,CUS003258,INS000003,Transaction Issue,Low,Open,Website,2025-09-21,1
TKT004323,CUS007927,INS000004,Transaction Issue,High,Closed,Mobile App,2026-01-08,3
TKT004324,CUS005759,INS000002,Card Issue,High,In Progress,Phone,2024-10-05,5
TKT004325,CUS002694,INS000002,Payment Issue,Low,Closed,Website,2025-05-26,1
TKT004326,CUS003585,INS000003,Payment Issue,Low,Resolved,Phone,2025-06-01,2
TKT004327,CUS001972,INS000005,Transaction Issue,Medium,Closed,Mobile App,2024-09-25,7
TKT004328,CUS001281,INS000001,Fraud Report,Medium,Resolved,Website,2026-07-11,6
TKT004329,CUS008402,INS000002,Transaction Issue,Medium,Open,Email,2026-04-28,4
TKT004330,CUS002636,INS000003,Card Issue,Medium,Resolved,Mobile App,2024-08-31,5
TKT004331,CUS002916,INS000003,Payment Issue,Medium,Closed,Phone,2025-07-24,5
TKT004332,CUS008144,INS000001,Payment Issue,Low,Open,Mobile App,2025-10-29,2
TKT004333,CUS000056,INS000001,Fraud Report,Low,Closed,Website,2026-07-20,4
TKT004334,CUS000965,INS000003,Account Issue,High,Resolved,Email,2024-12-13,3
TKT004335,CUS007600,INS000002,Card Issue,Low,Closed,Website,2026-07-27,6
TKT004336,CUS002413,INS000003,Fraud Report,High,Closed,Mobile App,2024-11-15,3
TKT004337,CUS004399,INS000002,Payment Issue,Low,In Progress,Website,2026-06-20,1
TKT004338,CUS005339,INS000003,Fraud Report,Critical,Resolved,Phone,2025-03-13,2
TKT004339,CUS007488,INS000001,Technical Issue,Medium,Resolved,Mobile App,2026-03-11,7
TKT004340,CUS005938,INS000004,Loan Query,High,In Progress,Website,2024-09-06,3
TKT004341,CUS008891,INS000004,Loan Query,Low,Resolved,Website,2025-12-06,3
TKT004342,CUS008516,INS000005,Fraud Report,Medium,In Progress,Branch,2025-06-19,1
TKT004343,CUS003355,INS000001,Card Issue,Medium,In Progress,Mobile App,2025-09-27,3
TKT004344,CUS004308,INS000005,Account Issue,Medium,Resolved,Phone,2025-02-24,3
TKT004345,CUS007492,INS000002,Account Issue,Medium,Open,Phone,2025-07-10,1
TKT004346,CUS003017,INS000001,Card Issue,High,Resolved,Phone,2026-05-01,1
TKT004347,CUS000130,INS000005,Transaction Issue,Low,Closed,Mobile App,2025-07-01,7
TKT004348,CUS000688,INS000001,Fraud Report,Low,Closed,Mobile App,2026-07-06,2
TKT004349,CUS000809,INS000001,Loan Query,High,In Progress,Mobile App,2025-08-21,4
TKT004350,CUS000528,INS000001,Account Issue,Medium,In Progress,Phone,2025-09-02,1
TKT004351,CUS004624,INS000003,Fraud Report,Medium,In Progress,Phone,2024-10-04,2
TKT004352,CUS005962,INS000001,Transaction Issue,Medium,Closed,Phone,2026-03-07,7
TKT004353,CUS003084,INS000001,Fraud Report,Low,Resolved,Mobile App,2025-05-09,4
TKT004354,CUS007747,INS000002,Card Issue,Medium,Closed,Mobile App,2026-02-02,2
TKT004355,CUS004273,INS000005,Loan Query,Low,In Progress,Mobile App,2025-01-19,7
TKT004356,CUS008601,INS000002,Payment Issue,Low,Resolved,Phone,2025-06-18,6
TKT004357,CUS001431,INS000002,Payment Issue,Low,Closed,Mobile App,2024-12-03,2
TKT004358,CUS003451,INS000001,Card Issue,Critical,Resolved,Email,2025-06-09,5
TKT004359,CUS005474,INS000002,Fraud Report,High,Resolved,Website,2025-01-13,3
TKT004360,CUS004728,INS000004,Account Issue,Low,Resolved,Phone,2026-07-22,4
TKT004361,CUS001425,INS000003,Card Issue,High,Resolved,Email,2025-09-04,6
TKT004362,CUS008871,INS000003,Loan Query,Medium,Resolved,Branch,2025-09-02,2
TKT004363,CUS005672,INS000003,Transaction Issue,Low,Open,Branch,2025-01-21,2
TKT004364,CUS003470,INS000003,Payment Issue,Medium,Resolved,Branch,2025-10-01,4
TKT004365,CUS004000,INS000002,Loan Query,Medium,Resolved,Mobile App,2025-06-22,7
TKT004366,CUS000342,INS000004,Payment Issue,High,Open,Website,2025-09-10,5
TKT004367,CUS007470,INS000002,Payment Issue,Low,In Progress,Website,2025-06-12,7
TKT004368,CUS009689,INS000005,Payment Issue,Low,In Progress,Email,2025-07-27,4
TKT004369,CUS005992,INS000002,Card Issue,Critical,Resolved,Mobile App,2025-05-19,5
TKT004370,CUS006669,INS000005,Payment Issue,Medium,Open,Phone,2024-11-02,1
TKT004371,CUS001924,INS000003,Loan Query,Low,Closed,Mobile App,2025-07-17,7
TKT004372,CUS005024,INS000005,Card Issue,High,Resolved,Website,2026-04-05,2
TKT004373,CUS002782,INS000001,Transaction Issue,Medium,In Progress,Website,2025-05-24,6
TKT004374,CUS001821,INS000002,Loan Query,Low,Closed,Mobile App,2024-11-25,5
TKT004375,CUS000763,INS000005,Card Issue,High,Resolved,Mobile App,2025-01-15,7
TKT004376,CUS007317,INS000003,Account Issue,Medium,Resolved,Phone,2025-09-28,5
TKT004377,CUS005238,INS000002,Transaction Issue,Medium,Closed,Mobile App,2024-11-01,7
TKT004378,CUS008217,INS000001,Transaction Issue,Medium,Closed,Website,2026-02-11,2
TKT004379,CUS009933,INS000004,Fraud Report,Medium,Resolved,Website,2024-11-24,1
TKT004380,CUS006847,INS000005,Payment Issue,Low,Resolved,Mobile App,2025-06-11,4
TKT004381,CUS003051,INS000003,Transaction Issue,Low,Resolved,Phone,2025-05-14,7
TKT004382,CUS001357,INS000003,Fraud Report,Medium,Resolved,Website,2026-03-23,1
TKT004383,CUS002910,INS000005,Loan Query,Critical,Resolved,Mobile App,2025-03-30,7
TKT004384,CUS008941,INS000002,Payment Issue,Low,In Progress,Phone,2025-03-10,7
TKT004385,CUS005556,INS000002,Fraud Report,Low,Resolved,Phone,2025-11-14,3
TKT004386,CUS002079,INS000005,Payment Issue,Low,Closed,Email,2025-02-27,2
TKT004387,CUS000869,INS000002,Card Issue,Low,Closed,Phone,2025-05-02,4
TKT004388,CUS005691,INS000005,Transaction Issue,High,Resolved,Mobile App,2026-01-10,7
TKT004389,CUS001380,INS000002,Payment Issue,Medium,Open,Mobile App,2025-11-04,3
TKT004390,CUS007000,INS000004,Payment Issue,High,Closed,Email,2024-11-28,5
TKT004391,CUS003251,INS000005,Payment Issue,High,Closed,Phone,2025-04-30,6
TKT004392,CUS007500,INS000002,Account Issue,Medium,Resolved,Branch,2024-12-10,6
TKT004393,CUS006237,INS000004,Card Issue,Medium,Closed,Mobile App,2026-07-19,2
TKT004394,CUS009174,INS000003,Card Issue,Low,Closed,Mobile App,2024-12-08,1
TKT004395,CUS009686,INS000004,Technical Issue,Medium,Resolved,Mobile App,2024-08-18,5
TKT004396,CUS002741,INS000005,Technical Issue,Medium,Closed,Mobile App,2025-08-08,1
TKT004397,CUS009249,INS000001,Fraud Report,Critical,Closed,Branch,2025-10-24,1
TKT004398,CUS006964,INS000002,Transaction Issue,Low,Closed,Website,2026-03-09,1
TKT004399,CUS004674,INS000003,Technical Issue,Low,In Progress,Website,2024-08-31,5
TKT004400,CUS001572,INS000001,Technical Issue,Low,Resolved,Website,2025-05-13,6
TKT004401,CUS001900,INS000004,Transaction Issue,Low,Closed,Website,2024-10-12,1
TKT004402,CUS003254,INS000001,Transaction Issue,Low,Resolved,Email,2026-02-10,7
TKT004403,CUS001240,INS000001,Payment Issue,Medium,Resolved,Mobile App,2025-06-28,5
TKT004404,CUS005592,INS000003,Payment Issue,Low,Open,Branch,2024-12-25,5
TKT004405,CUS009743,INS000002,Payment Issue,Low,Resolved,Email,2026-06-09,5
TKT004406,CUS008582,INS000002,Payment Issue,Low,Closed,Mobile App,2025-11-30,2
TKT004407,CUS006147,INS000005,Payment Issue,Low,Resolved,Phone,2025-11-01,4
TKT004408,CUS001393,INS000005,Account Issue,Medium,Resolved,Phone,2025-05-26,1
TKT004409,CUS001392,INS000001,Transaction Issue,Medium,Resolved,Phone,2025-03-23,1
TKT004410,CUS007317,INS000003,Payment Issue,Medium,Resolved,Phone,2025-10-19,2
TKT004411,CUS009534,INS000001,Loan Query,Medium,Resolved,Email,2024-09-06,3
TKT004412,CUS006134,INS000002,Payment Issue,Medium,In Progress,Phone,2026-07-18,1
TKT004413,CUS003953,INS000001,Payment Issue,High,Resolved,Mobile App,2025-05-12,3
TKT004414,CUS003976,INS000002,Account Issue,Medium,Closed,Mobile App,2025-04-17,5
TKT004415,CUS003539,INS000002,Transaction Issue,Low,In Progress,Phone,2026-05-23,5
TKT004416,CUS007741,INS000003,Transaction Issue,Low,Resolved,Branch,2026-03-28,2
TKT004417,CUS000367,INS000004,Fraud Report,Medium,Closed,Phone,2025-08-13,2
TKT004418,CUS007603,INS000001,Transaction Issue,Low,Resolved,Mobile App,2025-01-19,4
TKT004419,CUS009453,INS000003,Fraud Report,Low,Resolved,Website,2024-10-10,7
TKT004420,CUS004471,INS000004,Account Issue,Low,Closed,Mobile App,2026-02-02,5
TKT004421,CUS002788,INS000002,Card Issue,High,Closed,Email,2024-12-05,5
TKT004422,CUS005672,INS000003,Account Issue,Medium,Closed,Phone,2025-01-07,7
TKT004423,CUS000172,INS000001,Account Issue,Medium,Closed,Phone,2025-11-27,1
TKT004424,CUS008601,INS000002,Transaction Issue,Medium,Resolved,Mobile App,2025-06-28,4
TKT004425,CUS007420,INS000002,Loan Query,Medium,Closed,Phone,2025-05-02,4
TKT004426,CUS005776,INS000001,Transaction Issue,Low,Closed,Website,2025-01-12,4
TKT004427,CUS002898,INS000003,Account Issue,Low,In Progress,Website,2025-08-20,6
TKT004428,CUS000844,INS000001,Transaction Issue,Low,Resolved,Phone,2025-10-08,7
TKT004429,CUS003272,INS000004,Transaction Issue,Medium,Resolved,Website,2026-04-03,5
TKT004430,CUS006064,INS000005,Transaction Issue,High,In Progress,Website,2025-10-29,2
TKT004431,CUS000927,INS000002,Account Issue,Medium,Resolved,Email,2024-11-20,4
TKT004432,CUS003398,INS000002,Payment Issue,High,Resolved,Website,2025-12-30,5
TKT004433,CUS008280,INS000004,Fraud Report,Low,Closed,Mobile App,2025-10-13,3
TKT004434,CUS006914,INS000003,Transaction Issue,High,In Progress,Website,2025-04-20,3
TKT004435,CUS001527,INS000002,Fraud Report,Medium,Closed,Phone,2026-03-23,2
TKT004436,CUS002044,INS000002,Transaction Issue,Low,Closed,Mobile App,2026-03-25,7
TKT004437,CUS005544,INS000001,Payment Issue,Low,Closed,Branch,2025-06-04,5
TKT004438,CUS000446,INS000004,Fraud Report,High,Closed,Phone,2025-09-22,7
TKT004439,CUS001619,INS000002,Card Issue,High,Resolved,Phone,2025-12-06,2
TKT004440,CUS006734,INS000004,Payment Issue,Low,Resolved,Website,2024-12-30,2
TKT004441,CUS001346,INS000004,Fraud Report,Medium,In Progress,Website,2026-03-31,2
TKT004442,CUS000680,INS000005,Fraud Report,Medium,Open,Mobile App,2026-07-03,3
TKT004443,CUS001207,INS000004,Payment Issue,Medium,Resolved,Phone,2026-04-26,1
TKT004444,CUS006964,INS000002,Transaction Issue,Medium,Resolved,Phone,2026-03-22,5
TKT004445,CUS009407,INS000003,Card Issue,Medium,Resolved,Website,2024-12-27,1
TKT004446,CUS002473,INS000004,Transaction Issue,Low,Resolved,Website,2024-10-30,6
TKT004447,CUS006430,INS000003,Technical Issue,Low,Resolved,Mobile App,2025-12-19,4
TKT004448,CUS004452,INS000002,Transaction Issue,High,Closed,Branch,2026-07-04,4
TKT004449,CUS008625,INS000002,Transaction Issue,Medium,Resolved,Mobile App,2026-02-14,6
TKT004450,CUS003213,INS000005,Fraud Report,Medium,Resolved,Website,2025-03-26,2
TKT004451,CUS003195,INS000002,Technical Issue,Low,Resolved,Mobile App,2025-11-10,5
TKT004452,CUS002776,INS000005,Payment Issue,High,Closed,Mobile App,2025-01-01,7
TKT004453,CUS008658,INS000005,Account Issue,Low,Resolved,Email,2024-11-21,1
TKT004454,CUS006476,INS000005,Account Issue,Medium,Open,Mobile App,2025-10-06,6
TKT004455,CUS008164,INS000005,Transaction Issue,Low,Resolved,Email,2025-12-15,2
TKT004456,CUS000019,INS000001,Payment Issue,Medium,Closed,Branch,2026-06-26,1
TKT004457,CUS000458,INS000003,Account Issue,Medium,Closed,Mobile App,2025-11-04,5
TKT004458,CUS003201,INS000001,Technical Issue,High,Resolved,Email,2026-03-30,3
TKT004459,CUS002900,INS000004,Account Issue,High,Open,Website,2025-03-24,1
TKT004460,CUS000457,INS000005,Payment Issue,High,Closed,Mobile App,2025-03-04,5
TKT004461,CUS009708,INS000005,Fraud Report,Low,Resolved,Email,2026-01-31,4
TKT004462,CUS009898,INS000002,Transaction Issue,High,In Progress,Email,2025-02-22,7
TKT004463,CUS004740,INS000002,Payment Issue,Medium,Open,Phone,2025-10-15,1
TKT004464,CUS000173,INS000002,Card Issue,Low,Closed,Mobile App,2025-12-17,2
TKT004465,CUS006451,INS000001,Account Issue,Medium,Open,Mobile App,2024-08-29,1
TKT004466,CUS002550,INS000003,Payment Issue,Medium,Closed,Mobile App,2025-06-17,7
TKT004467,CUS002281,INS000005,Technical Issue,Medium,Resolved,Mobile App,2025-04-11,5
TKT004468,CUS007964,INS000004,Card Issue,Medium,Closed,Website,2024-10-07,6
TKT004469,CUS000781,INS000002,Fraud Report,Medium,Closed,Email,2024-10-26,3
TKT004470,CUS004696,INS000002,Payment Issue,Low,In Progress,Mobile App,2024-09-07,7
TKT004471,CUS006800,INS000004,Transaction Issue,Medium,Resolved,Branch,2025-10-09,1
TKT004472,CUS003195,INS000002,Loan Query,Low,Resolved,Branch,2025-08-30,3
TKT004473,CUS003225,INS000003,Transaction Issue,High,Resolved,Branch,2026-05-03,4
TKT004474,CUS006176,INS000002,Account Issue,Low,Resolved,Phone,2026-04-21,6
TKT004475,CUS008822,INS000004,Card Issue,Medium,Resolved,Website,2026-02-08,3
TKT004476,CUS000120,INS000002,Payment Issue,Low,Closed,Website,2025-07-31,4
TKT004477,CUS006734,INS000004,Account Issue,Medium,Resolved,Website,2026-02-25,5
TKT004478,CUS004982,INS000003,Card Issue,Low,In Progress,Mobile App,2024-11-01,7
TKT004479,CUS006073,INS000002,Payment Issue,Medium,Closed,Mobile App,2026-03-05,1
TKT004480,CUS001914,INS000003,Account Issue,Medium,Closed,Mobile App,2025-08-14,2
TKT004481,CUS004549,INS000003,Transaction Issue,High,Resolved,Phone,2025-07-14,4
TKT004482,CUS005839,INS000002,Transaction Issue,Medium,Closed,Website,2025-08-07,3
TKT004483,CUS006631,INS000001,Loan Query,High,Resolved,Phone,2026-06-28,3
TKT004484,CUS001268,INS000005,Payment Issue,Low,Resolved,Email,2026-07-03,5
TKT004485,CUS007635,INS000003,Card Issue,Medium,Resolved,Phone,2025-07-16,4
TKT004486,CUS000295,INS000004,Technical Issue,Low,Resolved,Mobile App,2024-08-21,4
TKT004487,CUS003004,INS000005,Payment Issue,Medium,Resolved,Mobile App,2024-10-08,5
TKT004488,CUS008303,INS000003,Loan Query,Low,Closed,Mobile App,2025-05-27,3
TKT004489,CUS006229,INS000005,Technical Issue,Medium,Resolved,Email,2025-04-24,2
TKT004490,CUS008138,INS000004,Loan Query,Medium,Closed,Email,2026-02-23,3
TKT004491,CUS003615,INS000003,Card Issue,Medium,Closed,Mobile App,2026-01-23,4
TKT004492,CUS007153,INS000001,Payment Issue,High,Resolved,Website,2026-05-15,4
TKT004493,CUS009818,INS000004,Fraud Report,Low,Closed,Website,2026-01-17,2
TKT004494,CUS000034,INS000001,Payment Issue,High,Resolved,Phone,2026-02-20,3
TKT004495,CUS000177,INS000003,Payment Issue,Low,Resolved,Email,2025-09-10,2
TKT004496,CUS000102,INS000001,Loan Query,High,Resolved,Mobile App,2026-07-30,3
TKT004497,CUS002027,INS000001,Payment Issue,Medium,Closed,Website,2024-10-15,1
TKT004498,CUS000319,INS000002,Fraud Report,Low,Closed,Website,2025-12-05,7
TKT004499,CUS002023,INS000002,Account Issue,High,Closed,Mobile App,2025-09-19,6
TKT004500,CUS001849,INS000004,Transaction Issue,Low,In Progress,Phone,2024-09-28,4
TKT004501,CUS004655,INS000003,Transaction Issue,Low,Resolved,Email,2025-04-24,6
TKT004502,CUS004831,INS000004,Fraud Report,Low,Closed,Phone,2025-12-18,1
TKT004503,CUS009700,INS000004,Payment Issue,Low,Closed,Email,2025-12-06,5
TKT004504,CUS008974,INS000005,Payment Issue,Critical,Closed,Mobile App,2025-11-01,1
TKT004505,CUS001023,INS000003,Technical Issue,Medium,In Progress,Website,2025-07-11,3
TKT004506,CUS005976,INS000003,Transaction Issue,Medium,Open,Email,2025-11-17,5
TKT004507,CUS005542,INS000004,Fraud Report,Low,Closed,Phone,2025-01-20,4
TKT004508,CUS007040,INS000001,Account Issue,Medium,Resolved,Mobile App,2025-12-08,2
TKT004509,CUS006594,INS000003,Card Issue,Low,Open,Mobile App,2026-04-12,3
TKT004510,CUS000875,INS000001,Transaction Issue,Medium,Resolved,Phone,2026-04-26,7
TKT004511,CUS000932,INS000001,Fraud Report,Medium,Resolved,Mobile App,2026-04-25,7
TKT004512,CUS006152,INS000005,Account Issue,Medium,In Progress,Branch,2026-06-12,5
TKT004513,CUS005495,INS000004,Fraud Report,Medium,Open,Branch,2026-07-27,6
TKT004514,CUS009347,INS000004,Card Issue,High,Resolved,Email,2026-05-11,1
TKT004515,CUS009449,INS000004,Payment Issue,Low,Closed,Mobile App,2024-09-02,4
TKT004516,CUS000820,INS000004,Account Issue,Low,Closed,Website,2026-05-03,2
TKT004517,CUS004311,INS000004,Payment Issue,Low,Closed,Mobile App,2024-11-17,4
TKT004518,CUS003034,INS000004,Card Issue,Low,Open,Mobile App,2026-03-22,6
TKT004519,CUS001831,INS000003,Transaction Issue,High,Closed,Mobile App,2025-12-14,2
TKT004520,CUS000768,INS000005,Account Issue,Low,Closed,Website,2025-07-12,7
TKT004521,CUS005970,INS000002,Fraud Report,Low,Closed,Mobile App,2026-01-02,4
TKT004522,CUS001221,INS000002,Account Issue,Medium,Resolved,Phone,2025-08-13,4
TKT004523,CUS002453,INS000005,Fraud Report,Low,Resolved,Website,2026-05-31,3
TKT004524,CUS000962,INS000002,Fraud Report,Medium,Resolved,Mobile App,2024-11-11,5
TKT004525,CUS005366,INS000005,Transaction Issue,Low,Closed,Phone,2026-05-06,6
TKT004526,CUS000536,INS000005,Card Issue,Medium,Resolved,Mobile App,2025-06-22,4
TKT004527,CUS003651,INS000002,Technical Issue,Low,Closed,Mobile App,2026-01-26,1
TKT004528,CUS005271,INS000004,Fraud Report,Low,Open,Website,2025-09-12,4
TKT004529,CUS009986,INS000001,Transaction Issue,Low,Resolved,Branch,2025-08-07,2
TKT004530,CUS009665,INS000003,Fraud Report,Medium,Closed,Email,2025-01-12,4
TKT004531,CUS002572,INS000005,Fraud Report,Low,In Progress,Phone,2024-12-18,7
TKT004532,CUS009221,INS000005,Payment Issue,Medium,Resolved,Mobile App,2026-01-05,1
TKT004533,CUS005668,INS000001,Transaction Issue,High,Resolved,Mobile App,2025-01-19,6
TKT004534,CUS008310,INS000002,Fraud Report,Medium,Resolved,Branch,2026-06-05,7
TKT004535,CUS002112,INS000004,Account Issue,Medium,Resolved,Website,2024-12-13,5
TKT004536,CUS001731,INS000004,Transaction Issue,Low,Closed,Website,2026-01-08,2
TKT004537,CUS007438,INS000003,Payment Issue,High,Closed,Branch,2025-02-12,6
TKT004538,CUS004032,INS000005,Fraud Report,High,Resolved,Website,2025-10-07,1
TKT004539,CUS003516,INS000004,Account Issue,High,In Progress,Mobile App,2025-09-13,3
TKT004540,CUS000941,INS000002,Card Issue,Low,Closed,Website,2025-05-19,2
TKT004541,CUS002009,INS000002,Transaction Issue,Medium,Closed,Phone,2025-03-13,6
TKT004542,CUS004889,INS000005,Card Issue,High,Resolved,Mobile App,2026-07-31,4
TKT004543,CUS009058,INS000001,Loan Query,Critical,Resolved,Branch,2025-04-30,1
TKT004544,CUS000819,INS000005,Card Issue,Low,Resolved,Website,2024-11-11,2
TKT004545,CUS006683,INS000002,Technical Issue,Medium,Resolved,Email,2025-05-05,5
TKT004546,CUS007467,INS000002,Loan Query,Low,Resolved,Phone,2025-05-07,5
TKT004547,CUS008811,INS000003,Payment Issue,Low,Open,Mobile App,2026-01-03,2
TKT004548,CUS003254,INS000001,Loan Query,Low,Open,Website,2025-07-16,7
TKT004549,CUS005643,INS000001,Payment Issue,Low,Resolved,Email,2025-02-04,5
TKT004550,CUS001567,INS000004,Fraud Report,Medium,Resolved,Email,2025-07-10,6
TKT004551,CUS006124,INS000001,Fraud Report,Critical,Resolved,Phone,2026-03-17,7
TKT004552,CUS006948,INS000005,Payment Issue,High,Resolved,Email,2026-04-18,1
TKT004553,CUS001276,INS000002,Payment Issue,Low,Resolved,Website,2026-03-03,6
TKT004554,CUS001786,INS000002,Loan Query,Low,Resolved,Mobile App,2026-04-10,4
TKT004555,CUS006500,INS000004,Fraud Report,Low,Resolved,Website,2025-12-24,7
TKT004556,CUS007298,INS000001,Payment Issue,Low,Resolved,Website,2024-10-19,7
TKT004557,CUS009697,INS000001,Payment Issue,Low,Open,Mobile App,2026-02-04,7
TKT004558,CUS002806,INS000001,Technical Issue,Critical,Closed,Website,2024-10-09,3
TKT004559,CUS006108,INS000005,Transaction Issue,Medium,Resolved,Mobile App,2026-04-09,3
TKT004560,CUS002738,INS000003,Card Issue,Low,Resolved,Mobile App,2025-05-07,1
TKT004561,CUS005352,INS000001,Account Issue,High,Resolved,Phone,2025-01-15,1
TKT004562,CUS008466,INS000001,Fraud Report,Medium,Closed,Mobile App,2026-01-27,4
TKT004563,CUS005214,INS000001,Payment Issue,High,Resolved,Phone,2024-09-11,3
TKT004564,CUS008027,INS000004,Card Issue,Low,Resolved,Website,2026-04-16,4
TKT004565,CUS002516,INS000001,Fraud Report,Medium,Open,Branch,2024-12-14,5
TKT004566,CUS003750,INS000001,Payment Issue,High,In Progress,Phone,2026-02-19,2
TKT004567,CUS000938,INS000001,Fraud Report,Low,Closed,Mobile App,2025-12-17,1
TKT004568,CUS000176,INS000002,Payment Issue,High,In Progress,Branch,2025-01-07,3
TKT004569,CUS009363,INS000003,Account Issue,High,Resolved,Mobile App,2026-03-18,7
TKT004570,CUS008338,INS000001,Technical Issue,Low,Resolved,Mobile App,2024-11-29,1
TKT004571,CUS000970,INS000005,Fraud Report,Medium,Open,Mobile App,2025-06-04,5
TKT004572,CUS000460,INS000003,Account Issue,Low,Closed,Mobile App,2024-08-26,1
TKT004573,CUS000805,INS000002,Loan Query,Critical,Closed,Email,2026-02-19,1
TKT004574,CUS003647,INS000003,Payment Issue,High,Closed,Phone,2024-12-12,3
TKT004575,CUS000321,INS000002,Payment Issue,Medium,In Progress,Mobile App,2026-05-27,5
TKT004576,CUS006041,INS000001,Technical Issue,Medium,Resolved,Mobile App,2025-02-23,7
TKT004577,CUS001118,INS000005,Payment Issue,Critical,Closed,Phone,2025-09-07,6
TKT004578,CUS005603,INS000002,Account Issue,Medium,Closed,Branch,2026-02-28,6
TKT004579,CUS006369,INS000002,Account Issue,Medium,Open,Website,2026-03-03,5
TKT004580,CUS005433,INS000003,Transaction Issue,Low,In Progress,Phone,2026-02-07,2
TKT004581,CUS004695,INS000002,Transaction Issue,Low,Resolved,Website,2025-11-24,2
TKT004582,CUS009449,INS000004,Fraud Report,Low,Resolved,Email,2026-04-08,5
TKT004583,CUS001181,INS000002,Payment Issue,Low,Open,Website,2025-03-30,3
TKT004584,CUS006943,INS000005,Card Issue,Low,Resolved,Mobile App,2024-11-30,1
TKT004585,CUS008387,INS000004,Card Issue,Medium,Resolved,Mobile App,2026-04-28,3
TKT004586,CUS002394,INS000005,Card Issue,High,Open,Email,2025-01-22,6
TKT004587,CUS005944,INS000002,Account Issue,High,Closed,Email,2025-09-16,1
TKT004588,CUS006115,INS000001,Card Issue,Medium,Closed,Phone,2024-11-13,4
TKT004589,CUS003691,INS000001,Technical Issue,Medium,Closed,Phone,2024-08-16,2
TKT004590,CUS001899,INS000002,Payment Issue,Low,Closed,Mobile App,2025-06-13,1
TKT004591,CUS000193,INS000004,Payment Issue,Low,Resolved,Mobile App,2025-04-13,3
TKT004592,CUS006553,INS000001,Payment Issue,Low,In Progress,Mobile App,2024-09-23,4
TKT004593,CUS000520,INS000003,Payment Issue,Medium,Resolved,Email,2024-12-25,4
TKT004594,CUS002371,INS000005,Card Issue,Medium,Resolved,Mobile App,2025-07-14,6
TKT004595,CUS006432,INS000004,Transaction Issue,Low,Resolved,Email,2026-06-07,4
TKT004596,CUS004696,INS000002,Transaction Issue,Medium,Resolved,Branch,2026-04-01,6
TKT004597,CUS002027,INS000001,Account Issue,High,Resolved,Phone,2026-01-02,3
TKT004598,CUS006070,INS000003,Transaction Issue,Medium,Resolved,Branch,2026-07-09,4
TKT004599,CUS001672,INS000004,Account Issue,Medium,Resolved,Branch,2025-05-09,5
TKT004600,CUS009575,INS000004,Payment Issue,Low,Closed,Mobile App,2025-09-28,7
TKT004601,CUS002722,INS000001,Technical Issue,Medium,Resolved,Email,2025-05-09,2
TKT004602,CUS006138,INS000002,Loan Query,High,Resolved,Phone,2024-10-17,2
TKT004603,CUS006815,INS000002,Transaction Issue,Low,In Progress,Mobile App,2025-06-07,3
TKT004604,CUS003199,INS000001,Card Issue,High,Closed,Phone,2026-07-22,7
TKT004605,CUS003358,INS000005,Transaction Issue,High,In Progress,Website,2025-03-01,3
TKT004606,CUS007765,INS000002,Fraud Report,Medium,Closed,Mobile App,2025-06-25,7
TKT004607,CUS008508,INS000002,Account Issue,Low,In Progress,Email,2026-01-26,4
TKT004608,CUS000901,INS000003,Fraud Report,Medium,In Progress,Email,2026-01-13,6
TKT004609,CUS009229,INS000005,Card Issue,Medium,Resolved,Email,2024-12-21,4
TKT004610,CUS005041,INS000004,Loan Query,High,Resolved,Mobile App,2025-06-25,3
TKT004611,CUS000259,INS000002,Transaction Issue,High,Resolved,Phone,2025-01-03,6
TKT004612,CUS004914,INS000003,Payment Issue,Medium,Open,Phone,2024-09-11,1
TKT004613,CUS006188,INS000002,Payment Issue,Medium,Resolved,Email,2026-02-12,4
TKT004614,CUS000013,INS000005,Card Issue,High,Resolved,Mobile App,2026-02-07,7
TKT004615,CUS003027,INS000001,Fraud Report,High,Resolved,Phone,2024-12-29,2
TKT004616,CUS006541,INS000004,Payment Issue,Low,In Progress,Phone,2026-01-30,5
TKT004617,CUS009770,INS000005,Account Issue,Low,Closed,Website,2026-04-20,1
TKT004618,CUS001334,INS000001,Payment Issue,Low,Resolved,Branch,2025-11-03,5
TKT004619,CUS005921,INS000001,Account Issue,Medium,In Progress,Mobile App,2025-04-01,6
TKT004620,CUS009411,INS000002,Transaction Issue,Low,Closed,Branch,2025-09-18,7
TKT004621,CUS002600,INS000002,Loan Query,Medium,In Progress,Mobile App,2025-09-24,6
TKT004622,CUS000189,INS000001,Transaction Issue,Medium,Open,Branch,2024-12-26,3
TKT004623,CUS009404,INS000002,Payment Issue,Medium,Closed,Email,2026-03-13,4
TKT004624,CUS006861,INS000002,Transaction Issue,Medium,Open,Website,2026-04-26,6
TKT004625,CUS007142,INS000005,Transaction Issue,Low,Closed,Website,2025-09-23,3
TKT004626,CUS001223,INS000004,Card Issue,High,Resolved,Phone,2025-10-30,1
TKT004627,CUS000427,INS000001,Transaction Issue,High,Closed,Phone,2025-12-27,4
TKT004628,CUS008374,INS000002,Payment Issue,High,Resolved,Mobile App,2025-11-22,3
TKT004629,CUS005016,INS000003,Technical Issue,Critical,Resolved,Website,2025-03-18,3
TKT004630,CUS005697,INS000002,Transaction Issue,Low,Resolved,Mobile App,2025-07-05,6
TKT004631,CUS005501,INS000003,Fraud Report,Low,Open,Mobile App,2024-11-28,3
TKT004632,CUS008615,INS000003,Payment Issue,Low,Resolved,Branch,2026-08-07,6
TKT004633,CUS005421,INS000001,Account Issue,Medium,Resolved,Phone,2025-08-24,1
TKT004634,CUS002114,INS000002,Loan Query,Medium,Resolved,Mobile App,2026-04-16,2
TKT004635,CUS008588,INS000005,Transaction Issue,Medium,Closed,Mobile App,2025-02-15,7
TKT004636,CUS005936,INS000001,Transaction Issue,Medium,Closed,Phone,2024-10-13,7
TKT004637,CUS007691,INS000002,Account Issue,High,Open,Website,2025-05-18,4
TKT004638,CUS005105,INS000004,Account Issue,Medium,Resolved,Mobile App,2026-06-26,4
TKT004639,CUS006417,INS000001,Account Issue,Low,Resolved,Email,2025-12-12,4
TKT004640,CUS007664,INS000005,Fraud Report,Low,Resolved,Phone,2025-01-28,3
TKT004641,CUS009993,INS000002,Card Issue,High,Closed,Website,2025-12-23,4
TKT004642,CUS000924,INS000005,Transaction Issue,High,Resolved,Mobile App,2024-09-03,6
TKT004643,CUS004510,INS000005,Card Issue,Low,Resolved,Mobile App,2025-09-28,6
TKT004644,CUS001202,INS000004,Technical Issue,Medium,Resolved,Branch,2024-12-29,1
TKT004645,CUS001998,INS000001,Payment Issue,Medium,Resolved,Mobile App,2025-03-05,3
TKT004646,CUS001561,INS000004,Loan Query,Low,Resolved,Phone,2026-03-28,4
TKT004647,CUS008389,INS000003,Card Issue,High,Open,Phone,2025-05-05,4
TKT004648,CUS005098,INS000002,Account Issue,High,Closed,Phone,2025-04-01,4
TKT004649,CUS009749,INS000001,Technical Issue,Medium,Resolved,Mobile App,2024-11-27,6
TKT004650,CUS001754,INS000005,Payment Issue,High,Resolved,Mobile App,2025-11-30,2
TKT004651,CUS005096,INS000004,Transaction Issue,Critical,Open,Branch,2025-02-02,6
TKT004652,CUS005143,INS000001,Card Issue,Medium,Closed,Mobile App,2025-09-13,7
TKT004653,CUS005348,INS000004,Account Issue,Medium,Open,Mobile App,2025-04-29,1
TKT004654,CUS006440,INS000002,Payment Issue,Medium,Resolved,Website,2024-08-25,1
TKT004655,CUS002581,INS000001,Card Issue,Medium,Resolved,Branch,2026-03-09,3
TKT004656,CUS000805,INS000002,Payment Issue,Medium,Open,Branch,2024-10-13,5
TKT004657,CUS000010,INS000005,Payment Issue,High,Resolved,Website,2025-10-14,3
TKT004658,CUS005554,INS000004,Technical Issue,High,Resolved,Email,2025-03-06,2
TKT004659,CUS008064,INS000002,Card Issue,Medium,Closed,Branch,2026-02-17,5
TKT004660,CUS000874,INS000004,Transaction Issue,Low,Closed,Website,2025-03-15,4
TKT004661,CUS006757,INS000002,Loan Query,Medium,Resolved,Website,2024-10-23,1
TKT004662,CUS008178,INS000005,Payment Issue,Medium,Closed,Email,2025-10-29,1
TKT004663,CUS008373,INS000005,Loan Query,Medium,Resolved,Mobile App,2025-01-05,7
TKT004664,CUS004854,INS000003,Card Issue,Low,Closed,Branch,2024-11-25,3
TKT004665,CUS000217,INS000004,Transaction Issue,Medium,Open,Mobile App,2026-04-26,2
TKT004666,CUS003587,INS000005,Transaction Issue,High,Closed,Phone,2024-11-30,4
TKT004667,CUS003967,INS000003,Card Issue,High,Open,Phone,2024-11-23,2
TKT004668,CUS004126,INS000002,Transaction Issue,Low,Resolved,Phone,2025-12-17,1
TKT004669,CUS006592,INS000005,Card Issue,Medium,Resolved,Mobile App,2025-08-04,5
TKT004670,CUS002838,INS000005,Card Issue,Low,Resolved,Mobile App,2025-02-03,4
TKT004671,CUS007822,INS000002,Card Issue,Medium,Resolved,Website,2025-02-25,6
TKT004672,CUS007682,INS000004,Card Issue,Low,Closed,Branch,2025-07-15,4
TKT004673,CUS009532,INS000001,Transaction Issue,High,Resolved,Branch,2026-05-18,4
TKT004674,CUS003225,INS000003,Loan Query,Critical,Resolved,Mobile App,2025-06-21,2
TKT004675,CUS001663,INS000002,Payment Issue,Critical,Resolved,Mobile App,2026-08-05,3
TKT004676,CUS008444,INS000003,Payment Issue,Medium,Open,Phone,2025-03-09,3
TKT004677,CUS001456,INS000005,Payment Issue,Low,Resolved,Email,2025-03-25,4
TKT004678,CUS002473,INS000004,Payment Issue,Low,In Progress,Email,2025-07-12,1
TKT004679,CUS006782,INS000003,Fraud Report,Medium,Closed,Website,2026-08-01,6
TKT004680,CUS009644,INS000005,Transaction Issue,High,Resolved,Mobile App,2024-10-30,3
TKT004681,CUS001878,INS000004,Card Issue,Low,Resolved,Mobile App,2025-09-12,5
TKT004682,CUS002286,INS000004,Transaction Issue,Low,Resolved,Mobile App,2024-09-15,1
TKT004683,CUS001064,INS000001,Card Issue,High,Resolved,Mobile App,2024-10-31,5
TKT004684,CUS004316,INS000002,Account Issue,Low,In Progress,Phone,2026-07-18,4
TKT004685,CUS003020,INS000001,Loan Query,Critical,Open,Mobile App,2026-06-13,1
TKT004686,CUS007575,INS000005,Technical Issue,High,In Progress,Mobile App,2024-12-28,7
TKT004687,CUS006735,INS000001,Payment Issue,Low,Resolved,Phone,2025-08-03,3
TKT004688,CUS005347,INS000005,Technical Issue,High,Resolved,Mobile App,2025-12-31,1
TKT004689,CUS009839,INS000002,Loan Query,High,Resolved,Mobile App,2025-04-26,5
TKT004690,CUS001768,INS000001,Transaction Issue,Medium,Resolved,Email,2025-08-03,6
TKT004691,CUS001349,INS000001,Transaction Issue,Medium,Resolved,Mobile App,2025-08-26,1
TKT004692,CUS007217,INS000003,Transaction Issue,Low,Resolved,Phone,2025-10-30,6
TKT004693,CUS004039,INS000002,Card Issue,Low,Resolved,Branch,2025-08-03,5
TKT004694,CUS004461,INS000003,Payment Issue,Medium,Closed,Website,2026-02-17,2
TKT004695,CUS004109,INS000004,Fraud Report,High,Resolved,Mobile App,2026-04-28,1
TKT004696,CUS001657,INS000002,Technical Issue,Medium,Closed,Mobile App,2026-06-28,4
TKT004697,CUS009034,INS000003,Account Issue,Medium,Open,Mobile App,2026-06-19,2
TKT004698,CUS008038,INS000005,Transaction Issue,Low,In Progress,Mobile App,2026-05-02,7
TKT004699,CUS009507,INS000002,Technical Issue,High,Resolved,Branch,2024-11-13,5
TKT004700,CUS008977,INS000003,Payment Issue,Medium,Closed,Mobile App,2026-06-18,7
TKT004701,CUS002270,INS000004,Card Issue,Medium,Resolved,Mobile App,2024-09-30,4
TKT004702,CUS005579,INS000004,Card Issue,Medium,Resolved,Mobile App,2025-10-06,6
TKT004703,CUS006627,INS000005,Fraud Report,Low,Resolved,Mobile App,2025-08-21,6
TKT004704,CUS007843,INS000002,Card Issue,High,Open,Phone,2024-08-31,3
TKT004705,CUS004030,INS000001,Transaction Issue,Medium,Closed,Mobile App,2024-08-10,4
TKT004706,CUS003384,INS000005,Card Issue,Medium,Resolved,Mobile App,2026-03-17,1
TKT004707,CUS000078,INS000004,Fraud Report,Low,Closed,Email,2025-11-29,1
TKT004708,CUS002084,INS000004,Payment Issue,Medium,Closed,Mobile App,2026-04-06,6
TKT004709,CUS000239,INS000005,Card Issue,Critical,Closed,Mobile App,2025-06-19,6
TKT004710,CUS005831,INS000003,Transaction Issue,Medium,Resolved,Branch,2025-02-09,4
TKT004711,CUS006095,INS000002,Payment Issue,Critical,Resolved,Phone,2024-09-29,2
TKT004712,CUS005161,INS000005,Payment Issue,Medium,Closed,Website,2025-05-31,2
TKT004713,CUS004364,INS000005,Payment Issue,High,Closed,Phone,2025-01-22,6
TKT004714,CUS001719,INS000002,Payment Issue,Low,Resolved,Website,2024-10-08,2
TKT004715,CUS009342,INS000005,Technical Issue,Low,Resolved,Email,2025-04-14,4
TKT004716,CUS006846,INS000001,Transaction Issue,Medium,Resolved,Website,2026-06-12,2
TKT004717,CUS009967,INS000002,Transaction Issue,Low,Resolved,Mobile App,2025-09-22,6
TKT004718,CUS004000,INS000002,Payment Issue,Medium,Resolved,Email,2025-08-02,3
TKT004719,CUS003742,INS000004,Transaction Issue,Medium,Resolved,Mobile App,2025-07-14,1
TKT004720,CUS000751,INS000004,Payment Issue,Low,Resolved,Phone,2024-10-07,3
TKT004721,CUS005944,INS000002,Technical Issue,High,Resolved,Mobile App,2026-06-21,1
TKT004722,CUS002922,INS000005,Loan Query,Low,In Progress,Mobile App,2026-02-28,3
TKT004723,CUS007987,INS000002,Loan Query,Medium,Closed,Mobile App,2025-03-03,3
TKT004724,CUS008224,INS000005,Account Issue,High,Closed,Branch,2024-12-30,3
TKT004725,CUS006126,INS000001,Account Issue,Medium,In Progress,Mobile App,2024-10-24,3
TKT004726,CUS003686,INS000005,Fraud Report,Medium,In Progress,Phone,2026-07-12,3
TKT004727,CUS009345,INS000001,Transaction Issue,High,Closed,Phone,2025-12-04,3
TKT004728,CUS005343,INS000001,Transaction Issue,Medium,Resolved,Mobile App,2025-12-15,2
TKT004729,CUS008845,INS000001,Payment Issue,Medium,Resolved,Phone,2024-08-19,3
TKT004730,CUS004909,INS000004,Account Issue,Medium,Resolved,Mobile App,2025-05-05,6
TKT004731,CUS008965,INS000001,Card Issue,Low,Closed,Website,2025-12-17,1
TKT004732,CUS004494,INS000001,Loan Query,Low,Resolved,Phone,2026-03-26,2
TKT004733,CUS009889,INS000004,Loan Query,High,Resolved,Mobile App,2026-03-06,4
TKT004734,CUS008886,INS000001,Card Issue,Medium,Resolved,Email,2024-12-05,1
TKT004735,CUS007438,INS000003,Card Issue,Medium,Resolved,Website,2026-04-18,5
TKT004736,CUS004593,INS000002,Account Issue,Medium,Resolved,Mobile App,2025-06-01,2
TKT004737,CUS003035,INS000003,Payment Issue,Medium,Resolved,Website,2025-05-28,3
TKT004738,CUS005253,INS000004,Loan Query,Medium,Resolved,Phone,2025-02-24,4
TKT004739,CUS004820,INS000002,Technical Issue,Medium,In Progress,Mobile App,2025-10-07,2
TKT004740,CUS006764,INS000004,Loan Query,Critical,Resolved,Phone,2026-02-13,7
TKT004741,CUS002912,INS000001,Transaction Issue,Medium,Closed,Phone,2024-10-08,3
TKT004742,CUS000128,INS000004,Loan Query,High,Closed,Mobile App,2025-10-17,6
TKT004743,CUS007615,INS000005,Loan Query,Medium,Open,Website,2025-07-07,7
TKT004744,CUS004203,INS000004,Fraud Report,Low,Resolved,Website,2025-06-02,6
TKT004745,CUS002140,INS000004,Payment Issue,Medium,Closed,Website,2026-06-03,3
TKT004746,CUS007343,INS000004,Card Issue,Low,Resolved,Website,2025-12-31,5
TKT004747,CUS000325,INS000001,Payment Issue,Medium,Resolved,Mobile App,2024-10-14,7
TKT004748,CUS007510,INS000005,Fraud Report,High,Resolved,Phone,2026-02-03,3
TKT004749,CUS004558,INS000005,Transaction Issue,Low,In Progress,Email,2025-05-26,6
TKT004750,CUS008491,INS000001,Technical Issue,High,In Progress,Website,2025-06-21,7
TKT004751,CUS005420,INS000005,Fraud Report,Medium,Closed,Mobile App,2026-03-04,6
TKT004752,CUS008178,INS000005,Loan Query,Medium,Resolved,Mobile App,2024-09-21,3
TKT004753,CUS007562,INS000003,Payment Issue,Low,Resolved,Phone,2025-05-09,1
TKT004754,CUS001254,INS000004,Transaction Issue,Medium,In Progress,Phone,2024-12-04,1
TKT004755,CUS006514,INS000004,Loan Query,Low,Resolved,Email,2025-08-17,1
TKT004756,CUS008195,INS000003,Transaction Issue,Medium,Closed,Mobile App,2025-12-05,7
TKT004757,CUS006953,INS000002,Card Issue,Medium,In Progress,Mobile App,2026-06-18,7
TKT004758,CUS004273,INS000005,Account Issue,High,Closed,Mobile App,2025-11-18,4
TKT004759,CUS000599,INS000005,Account Issue,Low,Closed,Email,2025-11-05,3
TKT004760,CUS005605,INS000001,Payment Issue,High,Closed,Mobile App,2025-07-20,7
TKT004761,CUS007980,INS000002,Transaction Issue,Low,Closed,Mobile App,2026-07-15,1
TKT004762,CUS000955,INS000001,Technical Issue,High,Resolved,Email,2024-10-31,7
TKT004763,CUS005648,INS000001,Account Issue,Medium,Resolved,Website,2025-12-23,2
TKT004764,CUS003277,INS000002,Fraud Report,Low,Closed,Branch,2026-02-14,4
TKT004765,CUS008187,INS000005,Payment Issue,Low,Resolved,Phone,2026-03-01,7
TKT004766,CUS009362,INS000005,Account Issue,Medium,Resolved,Mobile App,2024-08-27,1
TKT004767,CUS008793,INS000005,Card Issue,High,Resolved,Email,2026-03-21,7
TKT004768,CUS009599,INS000002,Account Issue,Medium,Closed,Phone,2025-12-24,2
TKT004769,CUS004925,INS000001,Loan Query,Low,Resolved,Website,2024-09-12,7
TKT004770,CUS006935,INS000003,Technical Issue,Medium,Resolved,Email,2025-07-12,4
TKT004771,CUS007784,INS000001,Transaction Issue,High,Closed,Email,2024-09-08,1
TKT004772,CUS005593,INS000002,Technical Issue,High,Resolved,Mobile App,2026-08-02,4
TKT004773,CUS000444,INS000003,Account Issue,Low,In Progress,Phone,2025-05-09,1
TKT004774,CUS001606,INS000001,Card Issue,Medium,Resolved,Mobile App,2026-05-31,5
TKT004775,CUS000834,INS000001,Account Issue,Low,In Progress,Email,2024-09-21,1
TKT004776,CUS000845,INS000005,Transaction Issue,Medium,Resolved,Mobile App,2025-10-10,3
TKT004777,CUS007226,INS000005,Fraud Report,High,Closed,Email,2025-07-26,5
TKT004778,CUS008926,INS000002,Account Issue,Medium,Closed,Mobile App,2025-04-29,4
TKT004779,CUS007878,INS000002,Technical Issue,Critical,Closed,Mobile App,2025-02-27,1
TKT004780,CUS007497,INS000005,Account Issue,Medium,Resolved,Mobile App,2025-10-12,1
TKT004781,CUS008144,INS000001,Card Issue,Medium,Resolved,Phone,2025-10-06,3
TKT004782,CUS007370,INS000003,Fraud Report,High,In Progress,Mobile App,2026-05-26,7
TKT004783,CUS000936,INS000001,Account Issue,High,Open,Mobile App,2025-12-07,6
TKT004784,CUS000389,INS000001,Payment Issue,High,Closed,Phone,2024-12-12,6
TKT004785,CUS007012,INS000004,Card Issue,Low,Open,Mobile App,2024-09-27,6
TKT004786,CUS004380,INS000003,Fraud Report,High,Resolved,Mobile App,2026-02-12,5
TKT004787,CUS004172,INS000005,Fraud Report,Medium,Open,Branch,2026-04-02,4
TKT004788,CUS007512,INS000003,Payment Issue,Medium,Resolved,Branch,2025-07-07,2
TKT004789,CUS005399,INS000002,Loan Query,Medium,In Progress,Email,2026-01-29,3
TKT004790,CUS006042,INS000005,Fraud Report,Medium,Resolved,Mobile App,2025-05-28,3
TKT004791,CUS000511,INS000003,Transaction Issue,Medium,Closed,Email,2024-11-26,3
TKT004792,CUS008624,INS000001,Card Issue,Medium,Resolved,Phone,2026-02-22,7
TKT004793,CUS002296,INS000003,Payment Issue,High,Resolved,Website,2024-09-23,4
TKT004794,CUS001261,INS000005,Card Issue,Medium,Resolved,Mobile App,2025-03-11,7
TKT004795,CUS000988,INS000004,Account Issue,Low,Resolved,Mobile App,2026-03-07,6
TKT004796,CUS004147,INS000001,Account Issue,Medium,Open,Phone,2025-04-30,7
TKT004797,CUS003179,INS000005,Transaction Issue,Low,Closed,Mobile App,2025-07-09,1
TKT004798,CUS003781,INS000005,Transaction Issue,High,Resolved,Mobile App,2026-07-05,1
TKT004799,CUS004147,INS000001,Transaction Issue,Low,Resolved,Phone,2024-10-06,7
TKT004800,CUS000037,INS000003,Transaction Issue,Low,Closed,Branch,2025-09-20,4
TKT004801,CUS008072,INS000001,Payment Issue,Low,Resolved,Branch,2025-08-15,1
TKT004802,CUS002192,INS000004,Account Issue,Medium,Closed,Mobile App,2026-07-17,7
TKT004803,CUS009864,INS000005,Payment Issue,High,Resolved,Mobile App,2025-05-29,6
TKT004804,CUS007647,INS000002,Card Issue,Low,Resolved,Mobile App,2024-09-25,7
TKT004805,CUS009025,INS000001,Technical Issue,Low,Resolved,Website,2025-12-13,2
TKT004806,CUS004362,INS000005,Technical Issue,Low,Closed,Email,2025-04-09,7
TKT004807,CUS004290,INS000001,Transaction Issue,Low,Resolved,Mobile App,2026-05-17,3
TKT004808,CUS007318,INS000001,Loan Query,Low,Resolved,Phone,2025-02-06,3
TKT004809,CUS007045,INS000003,Transaction Issue,Medium,Resolved,Phone,2025-09-15,4
TKT004810,CUS008908,INS000002,Card Issue,Medium,Closed,Website,2026-07-26,2
TKT004811,CUS006712,INS000005,Fraud Report,Low,Open,Email,2026-05-17,1
TKT004812,CUS002644,INS000002,Payment Issue,Medium,Resolved,Phone,2026-08-06,5
TKT004813,CUS007134,INS000003,Loan Query,Medium,Open,Mobile App,2025-02-28,5
TKT004814,CUS006366,INS000004,Transaction Issue,Low,Closed,Branch,2025-12-15,3
TKT004815,CUS009306,INS000005,Payment Issue,Low,Resolved,Website,2026-07-15,2
TKT004816,CUS005521,INS000004,Fraud Report,Critical,Resolved,Branch,2025-04-27,3
TKT004817,CUS004458,INS000004,Card Issue,Low,Closed,Phone,2024-11-26,4
TKT004818,CUS003391,INS000002,Card Issue,Low,Resolved,Phone,2025-06-13,7
TKT004819,CUS002389,INS000002,Loan Query,Low,Resolved,Phone,2025-04-22,2
TKT004820,CUS008662,INS000001,Technical Issue,Medium,In Progress,Phone,2025-08-17,3
TKT004821,CUS000300,INS000001,Account Issue,Low,Resolved,Website,2026-07-15,7
TKT004822,CUS002200,INS000005,Loan Query,Low,Open,Phone,2025-10-22,6
TKT004823,CUS009187,INS000001,Fraud Report,Medium,Resolved,Email,2025-02-24,3
TKT004824,CUS009473,INS000001,Payment Issue,Low,Open,Email,2026-05-27,3
TKT004825,CUS006129,INS000004,Card Issue,Low,Resolved,Mobile App,2025-02-13,5
TKT004826,CUS003027,INS000001,Transaction Issue,Low,Resolved,Website,2025-07-19,6
TKT004827,CUS001615,INS000001,Account Issue,Low,Resolved,Mobile App,2026-07-25,6
TKT004828,CUS007538,INS000002,Card Issue,Critical,Resolved,Phone,2025-05-04,7
TKT004829,CUS001547,INS000004,Payment Issue,Medium,Open,Mobile App,2025-05-22,2
TKT004830,CUS007912,INS000003,Card Issue,Critical,In Progress,Phone,2025-08-12,7
TKT004831,CUS002353,INS000004,Payment Issue,Critical,Resolved,Mobile App,2026-05-18,1
TKT004832,CUS009364,INS000005,Account Issue,Medium,Resolved,Phone,2026-01-07,2
TKT004833,CUS008571,INS000002,Card Issue,High,Closed,Website,2026-02-14,4
TKT004834,CUS004655,INS000003,Card Issue,Medium,Resolved,Mobile App,2024-10-10,4
TKT004835,CUS009348,INS000005,Payment Issue,Low,In Progress,Website,2025-03-09,4
TKT004836,CUS004300,INS000001,Account Issue,Low,Closed,Mobile App,2025-11-01,5
TKT004837,CUS007309,INS000002,Card Issue,Critical,Resolved,Phone,2025-10-29,2
TKT004838,CUS005722,INS000005,Payment Issue,Medium,Resolved,Website,2026-07-13,6
TKT004839,CUS005074,INS000004,Loan Query,Low,In Progress,Email,2024-08-18,7
TKT004840,CUS002459,INS000001,Payment Issue,Medium,Resolved,Email,2024-09-14,3
TKT004841,CUS007581,INS000002,Payment Issue,Low,Closed,Email,2024-08-23,7
TKT004842,CUS000328,INS000005,Card Issue,Low,Closed,Website,2026-08-04,6
TKT004843,CUS004418,INS000003,Transaction Issue,Critical,Open,Mobile App,2026-05-04,5
TKT004844,CUS002155,INS000004,Payment Issue,Low,Closed,Email,2025-09-18,6
TKT004845,CUS008002,INS000005,Technical Issue,Low,Resolved,Mobile App,2025-02-24,7
TKT004846,CUS005032,INS000004,Technical Issue,Medium,Resolved,Phone,2025-02-27,7
TKT004847,CUS005069,INS000003,Payment Issue,Medium,Closed,Branch,2026-06-10,7
TKT004848,CUS007728,INS000003,Loan Query,Low,In Progress,Phone,2025-03-20,1
TKT004849,CUS002376,INS000005,Payment Issue,Low,In Progress,Phone,2025-11-07,3
TKT004850,CUS000640,INS000005,Transaction Issue,Low,Resolved,Website,2026-01-20,1
TKT004851,CUS002210,INS000005,Technical Issue,Low,Closed,Mobile App,2025-07-13,7
TKT004852,CUS003579,INS000002,Card Issue,Medium,Resolved,Website,2025-04-06,7
TKT004853,CUS001786,INS000002,Payment Issue,Critical,Closed,Phone,2026-02-08,3
TKT004854,CUS001638,INS000004,Fraud Report,Low,Closed,Email,2025-07-08,2
TKT004855,CUS004717,INS000004,Card Issue,Low,Closed,Website,2025-11-15,6
TKT004856,CUS005238,INS000002,Transaction Issue,High,In Progress,Mobile App,2026-01-05,5
TKT004857,CUS002142,INS000003,Transaction Issue,High,In Progress,Phone,2026-03-07,7
TKT004858,CUS002557,INS000005,Payment Issue,Low,Closed,Phone,2025-09-14,5
TKT004859,CUS009540,INS000002,Payment Issue,Low,Closed,Mobile App,2025-05-09,1
TKT004860,CUS009700,INS000004,Fraud Report,Low,Resolved,Phone,2025-01-30,7
TKT004861,CUS007725,INS000002,Technical Issue,Low,Closed,Mobile App,2024-09-28,4
TKT004862,CUS008401,INS000005,Card Issue,High,Resolved,Email,2026-07-12,3
TKT004863,CUS006456,INS000003,Transaction Issue,Medium,Closed,Phone,2024-08-17,1
TKT004864,CUS001279,INS000002,Payment Issue,Low,Open,Branch,2024-11-25,4
TKT004865,CUS001893,INS000002,Fraud Report,Low,Closed,Email,2025-08-01,4
TKT004866,CUS008220,INS000002,Technical Issue,High,Resolved,Phone,2025-05-19,3
TKT004867,CUS009698,INS000005,Transaction Issue,High,In Progress,Mobile App,2025-02-16,6
TKT004868,CUS009020,INS000002,Transaction Issue,Low,Resolved,Phone,2025-08-06,7
TKT004869,CUS001112,INS000004,Technical Issue,High,Resolved,Mobile App,2024-10-02,7
TKT004870,CUS002525,INS000004,Account Issue,Medium,Closed,Mobile App,2024-10-09,4
TKT004871,CUS006853,INS000005,Loan Query,Critical,Resolved,Website,2025-07-25,2
TKT004872,CUS009185,INS000005,Technical Issue,Low,Resolved,Phone,2026-02-12,3
TKT004873,CUS007741,INS000003,Technical Issue,Low,Resolved,Branch,2026-01-20,3
TKT004874,CUS007539,INS000001,Technical Issue,Medium,Resolved,Mobile App,2026-05-19,2
TKT004875,CUS002128,INS000002,Technical Issue,Low,Closed,Email,2026-04-11,4
TKT004876,CUS009353,INS000001,Payment Issue,Low,Open,Website,2026-02-21,3
TKT004877,CUS008235,INS000004,Technical Issue,Medium,Resolved,Mobile App,2025-10-18,2
TKT004878,CUS007224,INS000004,Transaction Issue,Medium,Closed,Phone,2025-01-12,3
TKT004879,CUS003718,INS000005,Loan Query,High,Closed,Website,2025-07-19,2
TKT004880,CUS009797,INS000004,Card Issue,Low,Closed,Phone,2025-05-24,4
TKT004881,CUS009167,INS000001,Fraud Report,Low,Resolved,Mobile App,2025-11-23,4
TKT004882,CUS009564,INS000001,Account Issue,Medium,Resolved,Mobile App,2025-03-07,4
TKT004883,CUS007893,INS000001,Loan Query,High,Resolved,Mobile App,2025-04-17,5
TKT004884,CUS007789,INS000003,Card Issue,Medium,Resolved,Website,2026-06-24,5
TKT004885,CUS008171,INS000003,Loan Query,Medium,Resolved,Mobile App,2025-09-18,7
TKT004886,CUS007463,INS000002,Card Issue,High,Resolved,Mobile App,2025-03-09,3
TKT004887,CUS009323,INS000004,Transaction Issue,Medium,Resolved,Mobile App,2024-12-24,7
TKT004888,CUS008695,INS000004,Payment Issue,Medium,Resolved,Branch,2026-03-26,1
TKT004889,CUS007818,INS000002,Card Issue,Low,In Progress,Branch,2025-03-13,6
TKT004890,CUS002577,INS000004,Fraud Report,Low,Open,Phone,2026-06-30,4
TKT004891,CUS002381,INS000002,Payment Issue,Medium,Resolved,Phone,2026-06-07,2
TKT004892,CUS002348,INS000001,Transaction Issue,High,Resolved,Email,2026-07-26,3
TKT004893,CUS005240,INS000004,Loan Query,High,Resolved,Email,2025-04-27,3
TKT004894,CUS009112,INS000003,Fraud Report,Low,Resolved,Phone,2024-11-24,3
TKT004895,CUS000634,INS000003,Payment Issue,Low,Closed,Email,2026-04-24,6
TKT004896,CUS005489,INS000005,Fraud Report,Medium,In Progress,Phone,2026-06-28,4
TKT004897,CUS001899,INS000002,Payment Issue,Low,Resolved,Mobile App,2024-10-03,2
TKT004898,CUS002473,INS000004,Payment Issue,Low,Closed,Branch,2026-03-05,7
TKT004899,CUS009029,INS000003,Card Issue,Low,Resolved,Website,2025-04-16,2
TKT004900,CUS003527,INS000004,Technical Issue,Medium,Resolved,Email,2026-04-11,7
TKT004901,CUS001601,INS000005,Transaction Issue,Critical,Resolved,Phone,2026-02-14,4
TKT004902,CUS003682,INS000001,Payment Issue,Low,Resolved,Mobile App,2026-04-23,7
TKT004903,CUS003710,INS000002,Transaction Issue,Low,Open,Email,2025-07-29,4
TKT004904,CUS001911,INS000003,Transaction Issue,Low,Closed,Mobile App,2026-05-25,6
TKT004905,CUS004390,INS000001,Transaction Issue,Medium,Resolved,Mobile App,2025-01-01,2
TKT004906,CUS005714,INS000001,Card Issue,Low,Resolved,Website,2025-05-21,6
TKT004907,CUS005365,INS000004,Transaction Issue,High,Open,Website,2024-10-23,6
TKT004908,CUS003989,INS000001,Loan Query,Low,Open,Email,2026-02-05,1
TKT004909,CUS005180,INS000003,Fraud Report,Low,Closed,Mobile App,2025-02-12,5
TKT004910,CUS003698,INS000004,Transaction Issue,Low,In Progress,Email,2024-10-05,5
TKT004911,CUS006985,INS000003,Card Issue,Low,Resolved,Email,2025-04-05,5
TKT004912,CUS003766,INS000001,Loan Query,High,Resolved,Mobile App,2026-01-24,5
TKT004913,CUS003316,INS000004,Payment Issue,Medium,Resolved,Website,2026-05-25,4
TKT004914,CUS003382,INS000001,Payment Issue,Medium,Closed,Mobile App,2025-09-17,6
TKT004915,CUS009450,INS000001,Loan Query,Medium,Closed,Branch,2025-06-19,5
TKT004916,CUS005680,INS000003,Account Issue,Medium,Resolved,Mobile App,2026-06-23,1
TKT004917,CUS001399,INS000001,Card Issue,High,Resolved,Mobile App,2025-01-16,1
TKT004918,CUS003585,INS000003,Fraud Report,High,Resolved,Website,2025-12-15,3
TKT004919,CUS002096,INS000003,Loan Query,High,Resolved,Website,2024-09-21,1
TKT004920,CUS000573,INS000003,Payment Issue,Low,Resolved,Mobile App,2026-07-03,5
TKT004921,CUS001316,INS000002,Loan Query,Low,Closed,Website,2025-01-12,1
TKT004922,CUS005074,INS000004,Technical Issue,Medium,Resolved,Phone,2024-08-14,3
TKT004923,CUS001766,INS000003,Transaction Issue,Medium,Closed,Phone,2025-10-13,6
TKT004924,CUS000904,INS000004,Account Issue,Low,Resolved,Mobile App,2026-01-11,4
TKT004925,CUS002802,INS000005,Fraud Report,Low,Resolved,Email,2026-03-01,5
TKT004926,CUS007174,INS000001,Payment Issue,Medium,Resolved,Mobile App,2024-10-26,3
TKT004927,CUS005661,INS000001,Card Issue,Medium,Resolved,Mobile App,2024-10-09,4
TKT004928,CUS008266,INS000001,Transaction Issue,Medium,Resolved,Email,2025-03-11,7
TKT004929,CUS006513,INS000002,Loan Query,Medium,Closed,Email,2025-03-30,2
TKT004930,CUS009675,INS000003,Account Issue,High,Resolved,Email,2025-11-22,2
TKT004931,CUS001746,INS000004,Payment Issue,Medium,Resolved,Mobile App,2025-03-22,6
TKT004932,CUS007963,INS000005,Transaction Issue,Medium,In Progress,Mobile App,2024-09-24,4
TKT004933,CUS009841,INS000002,Card Issue,High,Closed,Website,2026-07-26,3
TKT004934,CUS000870,INS000004,Payment Issue,Medium,In Progress,Mobile App,2025-05-21,1
TKT004935,CUS004361,INS000004,Loan Query,Low,Resolved,Email,2026-06-25,5
TKT004936,CUS007563,INS000004,Transaction Issue,High,Closed,Mobile App,2024-10-18,3
TKT004937,CUS001471,INS000002,Account Issue,Medium,Resolved,Phone,2024-11-29,1
TKT004938,CUS004219,INS000001,Technical Issue,Critical,Closed,Mobile App,2024-11-18,1
TKT004939,CUS008121,INS000005,Card Issue,Low,Resolved,Website,2026-04-24,6
TKT004940,CUS008001,INS000001,Loan Query,Medium,Resolved,Email,2025-01-26,5
TKT004941,CUS009019,INS000004,Payment Issue,High,Resolved,Mobile App,2025-02-02,7
TKT004942,CUS003477,INS000002,Loan Query,Medium,Resolved,Branch,2025-02-03,5
TKT004943,CUS007249,INS000005,Card Issue,High,Resolved,Phone,2025-10-28,4
TKT004944,CUS006916,INS000003,Account Issue,Medium,Resolved,Branch,2025-10-17,5
TKT004945,CUS001918,INS000003,Payment Issue,Medium,In Progress,Phone,2025-06-03,6
TKT004946,CUS009690,INS000005,Transaction Issue,High,Resolved,Website,2026-07-18,6
TKT004947,CUS000459,INS000002,Card Issue,Medium,Resolved,Phone,2025-08-21,1
TKT004948,CUS004371,INS000002,Transaction Issue,Medium,Closed,Mobile App,2025-04-11,1
TKT004949,CUS007367,INS000004,Fraud Report,Medium,Open,Phone,2025-03-09,1
TKT004950,CUS002121,INS000001,Account Issue,High,Closed,Email,2025-03-26,5
TKT004951,CUS004707,INS000001,Payment Issue,High,In Progress,Email,2024-12-11,6
TKT004952,CUS000048,INS000005,Loan Query,High,Resolved,Phone,2026-06-26,3
TKT004953,CUS001336,INS000001,Payment Issue,Low,Resolved,Mobile App,2024-10-23,5
TKT004954,CUS000598,INS000005,Technical Issue,Low,Open,Phone,2026-04-01,2
TKT004955,CUS003308,INS000004,Payment Issue,Medium,Closed,Email,2025-04-10,5
TKT004956,CUS007856,INS000002,Payment Issue,Medium,Closed,Phone,2024-10-11,1
TKT004957,CUS001426,INS000002,Account Issue,High,Resolved,Website,2025-05-19,7
TKT004958,CUS002949,INS000004,Technical Issue,Medium,Resolved,Mobile App,2025-12-27,6
TKT004959,CUS005840,INS000004,Payment Issue,Medium,Closed,Mobile App,2026-05-16,3
TKT004960,CUS009360,INS000004,Fraud Report,Medium,In Progress,Website,2025-07-06,1
TKT004961,CUS006645,INS000003,Technical Issue,Low,Closed,Branch,2025-07-05,4
TKT004962,CUS002835,INS000004,Account Issue,Medium,Closed,Mobile App,2025-03-03,7
TKT004963,CUS002842,INS000004,Card Issue,Low,Closed,Website,2026-07-22,6
TKT004964,CUS002836,INS000001,Payment Issue,Critical,Resolved,Branch,2025-07-19,7
TKT004965,CUS007438,INS000003,Technical Issue,Critical,Resolved,Website,2024-09-21,5
TKT004966,CUS005270,INS000003,Card Issue,Low,Closed,Website,2025-10-05,4
TKT004967,CUS009172,INS000002,Technical Issue,Medium,Resolved,Mobile App,2026-03-24,6
TKT004968,CUS004131,INS000005,Transaction Issue,Medium,In Progress,Mobile App,2026-02-07,7
TKT004969,CUS005746,INS000002,Account Issue,Low,Resolved,Mobile App,2026-03-05,7
TKT004970,CUS006641,INS000001,Card Issue,Low,Resolved,Website,2025-06-10,3
TKT004971,CUS008377,INS000001,Account Issue,Low,Closed,Phone,2024-12-16,4
TKT004972,CUS009233,INS000003,Loan Query,Medium,Closed,Phone,2025-04-10,1
TKT004973,CUS001656,INS000002,Loan Query,Medium,Open,Phone,2024-09-03,7
TKT004974,CUS004214,INS000004,Transaction Issue,Medium,In Progress,Website,2026-03-02,3
TKT004975,CUS009529,INS000001,Payment Issue,Low,Closed,Email,2026-07-25,4
TKT004976,CUS004636,INS000005,Payment Issue,Low,Resolved,Email,2025-05-09,7
TKT004977,CUS009859,INS000005,Transaction Issue,High,Closed,Website,2025-08-23,1
TKT004978,CUS008562,INS000002,Account Issue,Medium,Resolved,Email,2025-12-27,7
TKT004979,CUS009484,INS000004,Fraud Report,Medium,Resolved,Phone,2026-06-15,3
TKT004980,CUS007098,INS000002,Account Issue,High,Resolved,Website,2026-06-28,4
TKT004981,CUS007306,INS000001,Account Issue,Low,Resolved,Email,2025-11-15,6
TKT004982,CUS002817,INS000004,Loan Query,Low,Resolved,Mobile App,2026-03-31,6
TKT004983,CUS000403,INS000001,Loan Query,High,Closed,Branch,2024-08-20,4
TKT004984,CUS003785,INS000003,Fraud Report,Low,In Progress,Website,2025-09-25,5
TKT004985,CUS001858,INS000005,Technical Issue,Low,Open,Website,2025-12-31,1
TKT004986,CUS002888,INS000001,Loan Query,Low,Closed,Phone,2026-07-17,7
TKT004987,CUS002995,INS000001,Payment Issue,Low,Closed,Mobile App,2025-06-11,1
TKT004988,CUS003287,INS000001,Transaction Issue,Medium,Resolved,Mobile App,2026-07-29,3
TKT004989,CUS002664,INS000001,Payment Issue,Medium,Closed,Website,2024-12-22,5
TKT004990,CUS003464,INS000004,Transaction Issue,Low,Resolved,Mobile App,2025-06-29,3
TKT004991,CUS008105,INS000005,Account Issue,Low,Resolved,Website,2025-06-18,2
TKT004992,CUS003610,INS000005,Card Issue,High,Resolved,Mobile App,2024-11-18,4
TKT004993,CUS007202,INS000001,Account Issue,Low,Closed,Phone,2025-08-05,2
TKT004994,CUS004111,INS000005,Payment Issue,High,Closed,Website,2025-09-12,1
TKT004995,CUS005273,INS000002,Transaction Issue,Medium,Resolved,Phone,2025-06-22,1
TKT004996,CUS001061,INS000001,Account Issue,Medium,Closed,Mobile App,2025-06-15,3
TKT004997,CUS005641,INS000001,Account Issue,Medium,Resolved,Phone,2024-09-15,4
TKT004998,CUS008909,INS000005,Payment Issue,Medium,Resolved,Website,2026-05-11,5
TKT004999,CUS006848,INS000003,Transaction Issue,Medium,Closed,Mobile App,2024-10-25,5
TKT005000,CUS006179,INS000003,Fraud Report,Medium,In Progress,Phone,2024-11-24,5
